affected_flow_count,affected_flow_ids,affected_flow_ratio,baseline_algorithm,baseline_scheduled_ratio,baseline_status,baseline_total_ms,endpoint_a,endpoint_b,fault_id,healthy_route_use_count,internal_switch_link,p0_used,p0_used_direction_count,physical_link_id,quantile_bin,sampling_bin,scenario_id,selected_for_campaign,selection_reason
262,"['TT0007', 'TT0008', 'TT0009', 'TT0010', 'TT0012', 'TT0013', 'TT0014', 'TT0015', 'TT0017', 'TT0018', 'TT0019', 'TT0020', 'TT0022', 'TT0023', 'TT0024', 'TT0025', 'TT0027', 'TT0028', 'TT0029', 'TT0030', 'TT0057', 'TT0058', 'TT0059', 'TT0060', 'TT0062', 'TT0063', 'TT0064', 'TT0065', 'TT0067', 'TT0068', 'TT0069', 'TT0070', 'TT0072', 'TT0073', 'TT0074', 'TT0075', 'TT0077', 'TT0078', 'TT0079', 'TT0107', 'TT0108', 'TT0109', 'TT0110', 'TT0112', 'TT0113', 'TT0114', 'TT0115', 'TT0117', 'TT0118', 'TT0119', 'TT0120', 'TT0123', 'TT0124', 'TT0125', 'TT0127', 'TT0128', 'TT0157', 'TT0158', 'TT0159', 'TT0160', 'TT0162', 'TT0163', 'TT0164', 'TT0165', 'TT0167', 'TT0168', 'TT0169', 'TT0170', 'TT0172', 'TT0173', 'TT0174', 'TT0175', 'TT0177', 'TT0207', 'TT0208', 'TT0209', 'TT0210', 'TT0212', 'TT0213', 'TT0214', 'TT0215', 'TT0217', 'TT0218', 'TT0219', 'TT0220', 'TT0222', 'TT0223', 'TT0224', 'TT0225', 'TT0257', 'TT0258', 'TT0259', 'TT0260', 'TT0262', 'TT0263', 'TT0264', 'TT0265', 'TT0267', 'TT0268', 'TT0269', 'TT0270', 'TT0272', 'TT0273', 'TT0274', 'TT0275', 'TT0307', 'TT0308', 'TT0309', 'TT0310', 'TT0312', 'TT0313', 'TT0314', 'TT0315', 'TT0317', 'TT0318', 'TT0319', 'TT0320', 'TT0322', 'TT0323', 'TT0324', 'TT0357', 'TT0358', 'TT0359', 'TT0360', 'TT0362', 'TT0363', 'TT0364', 'TT0365', 'TT0366', 'TT0367', 'TT0368', 'TT0369', 'TT0370', 'TT0371', 'TT0372', 'TT0373', 'TT0407', 'TT0408', 'TT0409', 'TT0410', 'TT0411', 'TT0412', 'TT0413', 'TT0414', 'TT0415', 'TT0416', 'TT0417', 'TT0418', 'TT0419', 'TT0420', 'TT0421', 'TT0422', 'TT0457', 'TT0458', 'TT0459', 'TT0460', 'TT0461', 'TT0462', 'TT0463', 'TT0464', 'TT0465', 'TT0466', 'TT0467', 'TT0468', 'TT0469', 'TT0470', 'TT0471', 'TT0507', 'TT0508', 'TT0509', 'TT0510', 'TT0511', 'TT0512', 'TT0513', 'TT0514', 'TT0515', 'TT0516', 'TT0517', 'TT0518', 'TT0519', 'TT0520', 'TT0557', 'TT0558', 'TT0559', 'TT0560', 'TT0561', 'TT0562', 'TT0563', 'TT0564', 'TT0565', 'TT0566', 'TT0567', 'TT0568', 'TT0569', 'TT0607', 'TT0608', 'TT0609', 'TT0610', 'TT0611', 'TT0612', 'TT0613', 'TT0614', 'TT0615', 'TT0616', 'TT0617', 'TT0618', 'TT0657', 'TT0658', 'TT0659', 'TT0660', 'TT0661', 'TT0662', 'TT0663', 'TT0664', 'TT0665', 'TT0666', 'TT0667', 'TT0707', 'TT0708', 'TT0709', 'TT0710', 'TT0711', 'TT0712', 'TT0713', 'TT0714', 'TT0715', 'TT0716', 'TT0757', 'TT0758', 'TT0759', 'TT0760', 'TT0761', 'TT0762', 'TT0763', 'TT0764', 'TT0765', 'TT0807', 'TT0808', 'TT0809', 'TT0810', 'TT0811', 'TT0812', 'TT0813', 'TT0814', 'TT0857', 'TT0858', 'TT0859', 'TT0860', 'TT0861', 'TT0862', 'TT0863', 'TT0907', 'TT0908', 'TT0909', 'TT0910', 'TT0911', 'TT0912', 'TT0957', 'TT0958', 'TT0959', 'TT0960', 'TT0961']",0.262,,0.99,HEURISTIC_NOT_FOUND,405.995609,sw0011,sw0013,l_sw0011_sw0013,262,True,True,262,l_sw0011_sw0013,4,Q5,F150_TT1000,True,deterministic evenly spaced within affected-count quantile
259,"['TT0009', 'TT0010', 'TT0012', 'TT0013', 'TT0014', 'TT0015', 'TT0017', 'TT0018', 'TT0019', 'TT0020', 'TT0022', 'TT0023', 'TT0024', 'TT0025', 'TT0027', 'TT0028', 'TT0029', 'TT0030', 'TT0032', 'TT0059', 'TT0060', 'TT0062', 'TT0063', 'TT0064', 'TT0065', 'TT0067', 'TT0068', 'TT0069', 'TT0070', 'TT0072', 'TT0073', 'TT0074', 'TT0075', 'TT0077', 'TT0078', 'TT0079', 'TT0080', 'TT0109', 'TT0110', 'TT0112', 'TT0113', 'TT0114', 'TT0115', 'TT0117', 'TT0118', 'TT0119', 'TT0120', 'TT0123', 'TT0124', 'TT0125', 'TT0127', 'TT0128', 'TT0129', 'TT0130', 'TT0159', 'TT0160', 'TT0162', 'TT0163', 'TT0164', 'TT0165', 'TT0167', 'TT0168', 'TT0169', 'TT0170', 'TT0172', 'TT0173', 'TT0174', 'TT0175', 'TT0177', 'TT0178', 'TT0179', 'TT0209', 'TT0210', 'TT0212', 'TT0213', 'TT0214', 'TT0215', 'TT0217', 'TT0218', 'TT0219', 'TT0220', 'TT0222', 'TT0223', 'TT0224', 'TT0225', 'TT0227', 'TT0228', 'TT0259', 'TT0260', 'TT0262', 'TT0263', 'TT0264', 'TT0265', 'TT0267', 'TT0268', 'TT0269', 'TT0270', 'TT0272', 'TT0273', 'TT0274', 'TT0275', 'TT0277', 'TT0309', 'TT0310', 'TT0312', 'TT0313', 'TT0314', 'TT0315', 'TT0317', 'TT0318', 'TT0319', 'TT0320', 'TT0322', 'TT0323', 'TT0324', 'TT0325', 'TT0326', 'TT0359', 'TT0360', 'TT0362', 'TT0363', 'TT0364', 'TT0365', 'TT0366', 'TT0367', 'TT0368', 'TT0369', 'TT0370', 'TT0371', 'TT0372', 'TT0373', 'TT0374', 'TT0375', 'TT0409', 'TT0410', 'TT0411', 'TT0412', 'TT0413', 'TT0414', 'TT0415', 'TT0416', 'TT0417', 'TT0418', 'TT0419', 'TT0420', 'TT0421', 'TT0422', 'TT0423', 'TT0424', 'TT0459', 'TT0460', 'TT0461', 'TT0462', 'TT0463', 'TT0464', 'TT0465', 'TT0466', 'TT0467', 'TT0468', 'TT0469', 'TT0470', 'TT0471', 'TT0472', 'TT0473', 'TT0509', 'TT0510', 'TT0511', 'TT0512', 'TT0513', 'TT0514', 'TT0515', 'TT0516', 'TT0517', 'TT0518', 'TT0519', 'TT0520', 'TT0521', 'TT0522', 'TT0559', 'TT0560', 'TT0561', 'TT0562', 'TT0563', 'TT0564', 'TT0565', 'TT0566', 'TT0567', 'TT0568', 'TT0569', 'TT0570', 'TT0571', 'TT0609', 'TT0610', 'TT0611', 'TT0612', 'TT0613', 'TT0614', 'TT0615', 'TT0616', 'TT0617', 'TT0618', 'TT0619', 'TT0620', 'TT0659', 'TT0660', 'TT0661', 'TT0662', 'TT0663', 'TT0664', 'TT0665', 'TT0666', 'TT0667', 'TT0668', 'TT0669', 'TT0709', 'TT0710', 'TT0711', 'TT0712', 'TT0713', 'TT0714', 'TT0715', 'TT0716', 'TT0717', 'TT0718', 'TT0759', 'TT0760', 'TT0761', 'TT0762', 'TT0763', 'TT0764', 'TT0765', 'TT0766', 'TT0767', 'TT0809', 'TT0810', 'TT0811', 'TT0812', 'TT0813', 'TT0814', 'TT0815', 'TT0816', 'TT0859', 'TT0860', 'TT0861', 'TT0862', 'TT0863', 'TT0864', 'TT0865', 'TT0909', 'TT0910', 'TT0911', 'TT0912', 'TT0913', 'TT0914', 'TT0959', 'TT0960', 'TT0961', 'TT0962', 'TT0963']",0.259,,0.995,HEURISTIC_NOT_FOUND,393.378145,sw0015,sw0017,l_sw0015_sw0017,259,True,True,259,l_sw0015_sw0017,4,Q5,F150_TT1000,True,deterministic evenly spaced within affected-count quantile
254,"['TT0012', 'TT0013', 'TT0014', 'TT0015', 'TT0017', 'TT0018', 'TT0019', 'TT0020', 'TT0022', 'TT0023', 'TT0024', 'TT0025', 'TT0027', 'TT0028', 'TT0029', 'TT0030', 'TT0032', 'TT0033', 'TT0034', 'TT0062', 'TT0063', 'TT0064', 'TT0065', 'TT0067', 'TT0068', 'TT0069', 'TT0070', 'TT0072', 'TT0073', 'TT0074', 'TT0075', 'TT0077', 'TT0078', 'TT0079', 'TT0080', 'TT0083', 'TT0112', 'TT0113', 'TT0114', 'TT0115', 'TT0117', 'TT0118', 'TT0119', 'TT0120', 'TT0123', 'TT0124', 'TT0125', 'TT0127', 'TT0128', 'TT0129', 'TT0130', 'TT0162', 'TT0163', 'TT0164', 'TT0165', 'TT0167', 'TT0168', 'TT0169', 'TT0170', 'TT0172', 'TT0173', 'TT0174', 'TT0175', 'TT0177', 'TT0178', 'TT0179', 'TT0180', 'TT0212', 'TT0213', 'TT0214', 'TT0215', 'TT0217', 'TT0218', 'TT0219', 'TT0220', 'TT0222', 'TT0223', 'TT0224', 'TT0225', 'TT0227', 'TT0228', 'TT0229', 'TT0230', 'TT0262', 'TT0263', 'TT0264', 'TT0265', 'TT0267', 'TT0268', 'TT0269', 'TT0270', 'TT0272', 'TT0273', 'TT0274', 'TT0275', 'TT0277', 'TT0278', 'TT0279', 'TT0312', 'TT0313', 'TT0314', 'TT0315', 'TT0317', 'TT0318', 'TT0319', 'TT0320', 'TT0322', 'TT0323', 'TT0324', 'TT0325', 'TT0326', 'TT0327', 'TT0328', 'TT0362', 'TT0363', 'TT0364', 'TT0365', 'TT0366', 'TT0367', 'TT0368', 'TT0369', 'TT0370', 'TT0371', 'TT0372', 'TT0373', 'TT0374', 'TT0375', 'TT0377', 'TT0411', 'TT0412', 'TT0413', 'TT0414', 'TT0415', 'TT0416', 'TT0417', 'TT0418', 'TT0419', 'TT0420', 'TT0421', 'TT0422', 'TT0423', 'TT0424', 'TT0425', 'TT0426', 'TT0461', 'TT0462', 'TT0463', 'TT0464', 'TT0465', 'TT0466', 'TT0467', 'TT0468', 'TT0469', 'TT0470', 'TT0471', 'TT0472', 'TT0473', 'TT0474', 'TT0475', 'TT0511', 'TT0512', 'TT0513', 'TT0514', 'TT0515', 'TT0516', 'TT0517', 'TT0518', 'TT0519', 'TT0520', 'TT0521', 'TT0522', 'TT0523', 'TT0524', 'TT0561', 'TT0562', 'TT0563', 'TT0564', 'TT0565', 'TT0566', 'TT0567', 'TT0568', 'TT0569', 'TT0570', 'TT0571', 'TT0572', 'TT0573', 'TT0611', 'TT0612', 'TT0613', 'TT0614', 'TT0615', 'TT0616', 'TT0617', 'TT0618', 'TT0619', 'TT0620', 'TT0621', 'TT0622', 'TT0661', 'TT0662', 'TT0663', 'TT0664', 'TT0665', 'TT0666', 'TT0667', 'TT0668', 'TT0669', 'TT0670', 'TT0671', 'TT0711', 'TT0712', 'TT0713', 'TT0714', 'TT0715', 'TT0716', 'TT0717', 'TT0718', 'TT0719', 'TT0720', 'TT0761', 'TT0762', 'TT0763', 'TT0764', 'TT0765', 'TT0766', 'TT0767', 'TT0768', 'TT0769', 'TT0811', 'TT0812', 'TT0813', 'TT0814', 'TT0815', 'TT0816', 'TT0817', 'TT0818', 'TT0861', 'TT0862', 'TT0863', 'TT0864', 'TT0865', 'TT0866', 'TT0867', 'TT0911', 'TT0912', 'TT0913', 'TT0914', 'TT0915', 'TT0916', 'TT0961', 'TT0962', 'TT0963', 'TT0964', 'TT0965']",0.254,,0.992,HEURISTIC_NOT_FOUND,389.174759,sw0019,sw0021,l_sw0019_sw0021,254,True,True,254,l_sw0019_sw0021,3,Q4,F150_TT1000,True,deterministic evenly spaced within affected-count quantile
255,"['TT0015', 'TT0017', 'TT0018', 'TT0019', 'TT0020', 'TT0022', 'TT0023', 'TT0024', 'TT0025', 'TT0027', 'TT0028', 'TT0029', 'TT0030', 'TT0032', 'TT0033', 'TT0034', 'TT0035', 'TT0036', 'TT0037', 'TT0038', 'TT0065', 'TT0067', 'TT0068', 'TT0069', 'TT0070', 'TT0072', 'TT0073', 'TT0074', 'TT0075', 'TT0077', 'TT0078', 'TT0079', 'TT0080', 'TT0083', 'TT0084', 'TT0085', 'TT0115', 'TT0117', 'TT0118', 'TT0119', 'TT0120', 'TT0123', 'TT0124', 'TT0125', 'TT0127', 'TT0128', 'TT0129', 'TT0130', 'TT0133', 'TT0134', 'TT0135', 'TT0165', 'TT0167', 'TT0168', 'TT0169', 'TT0170', 'TT0172', 'TT0173', 'TT0174', 'TT0175', 'TT0177', 'TT0178', 'TT0179', 'TT0180', 'TT0182', 'TT0183', 'TT0184', 'TT0185', 'TT0215', 'TT0217', 'TT0218', 'TT0219', 'TT0220', 'TT0222', 'TT0223', 'TT0224', 'TT0225', 'TT0227', 'TT0228', 'TT0229', 'TT0230', 'TT0232', 'TT0233', 'TT0234', 'TT0265', 'TT0267', 'TT0268', 'TT0269', 'TT0270', 'TT0272', 'TT0273', 'TT0274', 'TT0275', 'TT0277', 'TT0278', 'TT0279', 'TT0280', 'TT0282', 'TT0283', 'TT0315', 'TT0317', 'TT0318', 'TT0319', 'TT0320', 'TT0322', 'TT0323', 'TT0324', 'TT0325', 'TT0326', 'TT0327', 'TT0328', 'TT0329', 'TT0330', 'TT0332', 'TT0365', 'TT0366', 'TT0367', 'TT0368', 'TT0369', 'TT0370', 'TT0371', 'TT0372', 'TT0373', 'TT0374', 'TT0375', 'TT0377', 'TT0378', 'TT0379', 'TT0380', 'TT0415', 'TT0416', 'TT0417', 'TT0418', 'TT0419', 'TT0420', 'TT0421', 'TT0422', 'TT0423', 'TT0424', 'TT0425', 'TT0426', 'TT0427', 'TT0428', 'TT0429', 'TT0430', 'TT0465', 'TT0466', 'TT0467', 'TT0468', 'TT0469', 'TT0470', 'TT0471', 'TT0472', 'TT0473', 'TT0474', 'TT0475', 'TT0476', 'TT0477', 'TT0478', 'TT0479', 'TT0515', 'TT0516', 'TT0517', 'TT0518', 'TT0519', 'TT0520', 'TT0521', 'TT0522', 'TT0523', 'TT0524', 'TT0525', 'TT0526', 'TT0527', 'TT0528', 'TT0565', 'TT0566', 'TT0567', 'TT0568', 'TT0569', 'TT0570', 'TT0571', 'TT0572', 'TT0573', 'TT0574', 'TT0575', 'TT0576', 'TT0577', 'TT0615', 'TT0616', 'TT0617', 'TT0618', 'TT0619', 'TT0620', 'TT0621', 'TT0622', 'TT0623', 'TT0624', 'TT0625', 'TT0626', 'TT0665', 'TT0666', 'TT0667', 'TT0668', 'TT0669', 'TT0670', 'TT0671', 'TT0672', 'TT0673', 'TT0674', 'TT0675', 'TT0715', 'TT0716', 'TT0717', 'TT0718', 'TT0719', 'TT0720', 'TT0721', 'TT0722', 'TT0723', 'TT0724', 'TT0765', 'TT0766', 'TT0767', 'TT0768', 'TT0769', 'TT0770', 'TT0771', 'TT0772', 'TT0773', 'TT0815', 'TT0816', 'TT0817', 'TT0818', 'TT0819', 'TT0820', 'TT0821', 'TT0822', 'TT0865', 'TT0866', 'TT0867', 'TT0868', 'TT0869', 'TT0870', 'TT0871', 'TT0915', 'TT0916', 'TT0917', 'TT0918', 'TT0919', 'TT0920', 'TT0965', 'TT0966', 'TT0967', 'TT0968', 'TT0969']",0.255,,0.99,HEURISTIC_NOT_FOUND,407.063826,sw0027,sw0029,l_sw0027_sw0029,255,True,True,255,l_sw0027_sw0029,3,Q4,F150_TT1000,True,deterministic evenly spaced within affected-count quantile
260,"['TT0017', 'TT0018', 'TT0019', 'TT0020', 'TT0022', 'TT0023', 'TT0024', 'TT0025', 'TT0027', 'TT0028', 'TT0029', 'TT0030', 'TT0032', 'TT0033', 'TT0034', 'TT0035', 'TT0036', 'TT0037', 'TT0038', 'TT0039', 'TT0040', 'TT0067', 'TT0068', 'TT0069', 'TT0070', 'TT0072', 'TT0073', 'TT0074', 'TT0075', 'TT0077', 'TT0078', 'TT0079', 'TT0080', 'TT0083', 'TT0084', 'TT0085', 'TT0088', 'TT0089', 'TT0117', 'TT0118', 'TT0119', 'TT0120', 'TT0123', 'TT0124', 'TT0125', 'TT0127', 'TT0128', 'TT0129', 'TT0130', 'TT0133', 'TT0134', 'TT0135', 'TT0137', 'TT0138', 'TT0167', 'TT0168', 'TT0169', 'TT0170', 'TT0172', 'TT0173', 'TT0174', 'TT0175', 'TT0177', 'TT0178', 'TT0179', 'TT0180', 'TT0182', 'TT0183', 'TT0184', 'TT0185', 'TT0187', 'TT0217', 'TT0218', 'TT0219', 'TT0220', 'TT0222', 'TT0223', 'TT0224', 'TT0225', 'TT0227', 'TT0228', 'TT0229', 'TT0230', 'TT0232', 'TT0233', 'TT0234', 'TT0235', 'TT0267', 'TT0268', 'TT0269', 'TT0270', 'TT0272', 'TT0273', 'TT0274', 'TT0275', 'TT0277', 'TT0278', 'TT0279', 'TT0280', 'TT0282', 'TT0283', 'TT0284', 'TT0285', 'TT0317', 'TT0318', 'TT0319', 'TT0320', 'TT0322', 'TT0323', 'TT0324', 'TT0325', 'TT0326', 'TT0327', 'TT0328', 'TT0329', 'TT0330', 'TT0332', 'TT0333', 'TT0334', 'TT0367', 'TT0368', 'TT0369', 'TT0370', 'TT0371', 'TT0372', 'TT0373', 'TT0374', 'TT0375', 'TT0377', 'TT0378', 'TT0379', 'TT0380', 'TT0382', 'TT0383', 'TT0417', 'TT0418', 'TT0419', 'TT0420', 'TT0421', 'TT0422', 'TT0423', 'TT0424', 'TT0425', 'TT0426', 'TT0427', 'TT0428', 'TT0429', 'TT0430', 'TT0431', 'TT0432', 'TT0467', 'TT0468', 'TT0469', 'TT0470', 'TT0471', 'TT0472', 'TT0473', 'TT0474', 'TT0475', 'TT0476', 'TT0477', 'TT0478', 'TT0479', 'TT0480', 'TT0481', 'TT0517', 'TT0518', 'TT0519', 'TT0520', 'TT0521', 'TT0522', 'TT0523', 'TT0524', 'TT0525', 'TT0526', 'TT0527', 'TT0528', 'TT0529', 'TT0530', 'TT0567', 'TT0568', 'TT0569', 'TT0570', 'TT0571', 'TT0572', 'TT0573', 'TT0574', 'TT0575', 'TT0576', 'TT0577', 'TT0578', 'TT0579', 'TT0617', 'TT0618', 'TT0619', 'TT0620', 'TT0621', 'TT0622', 'TT0623', 'TT0624', 'TT0625', 'TT0626', 'TT0627', 'TT0628', 'TT0667', 'TT0668', 'TT0669', 'TT0670', 'TT0671', 'TT0672', 'TT0673', 'TT0674', 'TT0675', 'TT0676', 'TT0677', 'TT0717', 'TT0718', 'TT0719', 'TT0720', 'TT0721', 'TT0722', 'TT0723', 'TT0724', 'TT0725', 'TT0726', 'TT0767', 'TT0768', 'TT0769', 'TT0770', 'TT0771', 'TT0772', 'TT0773', 'TT0774', 'TT0775', 'TT0817', 'TT0818', 'TT0819', 'TT0820', 'TT0821', 'TT0822', 'TT0823', 'TT0824', 'TT0867', 'TT0868', 'TT0869', 'TT0870', 'TT0871', 'TT0872', 'TT0873', 'TT0917', 'TT0918', 'TT0919', 'TT0920', 'TT0921', 'TT0922', 'TT0967', 'TT0968', 'TT0969', 'TT0970', 'TT0971']",0.26,,0.995,HEURISTIC_NOT_FOUND,393.93789,sw0031,sw0033,l_sw0031_sw0033,260,True,True,260,l_sw0031_sw0033,4,Q5,F150_TT1000,True,deterministic evenly spaced within affected-count quantile
261,"['TT0022', 'TT0023', 'TT0024', 'TT0025', 'TT0027', 'TT0028', 'TT0029', 'TT0030', 'TT0032', 'TT0033', 'TT0034', 'TT0035', 'TT0036', 'TT0037', 'TT0038', 'TT0039', 'TT0040', 'TT0041', 'TT0042', 'TT0043', 'TT0044', 'TT0045', 'TT0072', 'TT0073', 'TT0074', 'TT0075', 'TT0077', 'TT0078', 'TT0079', 'TT0080', 'TT0083', 'TT0084', 'TT0085', 'TT0088', 'TT0089', 'TT0090', 'TT0093', 'TT0094', 'TT0123', 'TT0124', 'TT0125', 'TT0127', 'TT0128', 'TT0129', 'TT0130', 'TT0133', 'TT0134', 'TT0135', 'TT0137', 'TT0138', 'TT0139', 'TT0140', 'TT0142', 'TT0143', 'TT0172', 'TT0173', 'TT0174', 'TT0175', 'TT0177', 'TT0178', 'TT0179', 'TT0180', 'TT0182', 'TT0183', 'TT0184', 'TT0185', 'TT0187', 'TT0188', 'TT0189', 'TT0190', 'TT0191', 'TT0192', 'TT0222', 'TT0223', 'TT0224', 'TT0225', 'TT0227', 'TT0228', 'TT0229', 'TT0230', 'TT0232', 'TT0233', 'TT0234', 'TT0235', 'TT0237', 'TT0238', 'TT0239', 'TT0240', 'TT0272', 'TT0273', 'TT0274', 'TT0275', 'TT0277', 'TT0278', 'TT0279', 'TT0280', 'TT0282', 'TT0283', 'TT0284', 'TT0285', 'TT0287', 'TT0288', 'TT0289', 'TT0290', 'TT0322', 'TT0323', 'TT0324', 'TT0325', 'TT0326', 'TT0327', 'TT0328', 'TT0329', 'TT0330', 'TT0332', 'TT0333', 'TT0334', 'TT0335', 'TT0336', 'TT0337', 'TT0338', 'TT0339', 'TT0372', 'TT0373', 'TT0374', 'TT0375', 'TT0377', 'TT0378', 'TT0379', 'TT0380', 'TT0382', 'TT0383', 'TT0384', 'TT0385', 'TT0387', 'TT0388', 'TT0422', 'TT0423', 'TT0424', 'TT0425', 'TT0426', 'TT0427', 'TT0428', 'TT0429', 'TT0430', 'TT0431', 'TT0432', 'TT0433', 'TT0434', 'TT0435', 'TT0436', 'TT0437', 'TT0472', 'TT0473', 'TT0474', 'TT0475', 'TT0476', 'TT0477', 'TT0478', 'TT0479', 'TT0480', 'TT0481', 'TT0482', 'TT0483', 'TT0484', 'TT0485', 'TT0486', 'TT0522', 'TT0523', 'TT0524', 'TT0525', 'TT0526', 'TT0527', 'TT0528', 'TT0529', 'TT0530', 'TT0531', 'TT0532', 'TT0533', 'TT0534', 'TT0535', 'TT0572', 'TT0573', 'TT0574', 'TT0575', 'TT0576', 'TT0577', 'TT0578', 'TT0579', 'TT0580', 'TT0581', 'TT0582', 'TT0583', 'TT0584', 'TT0622', 'TT0623', 'TT0624', 'TT0625', 'TT0626', 'TT0627', 'TT0628', 'TT0629', 'TT0630', 'TT0631', 'TT0632', 'TT0633', 'TT0672', 'TT0673', 'TT0674', 'TT0675', 'TT0676', 'TT0677', 'TT0678', 'TT0679', 'TT0680', 'TT0681', 'TT0682', 'TT0722', 'TT0723', 'TT0724', 'TT0725', 'TT0726', 'TT0727', 'TT0728', 'TT0729', 'TT0730', 'TT0731', 'TT0772', 'TT0773', 'TT0774', 'TT0775', 'TT0776', 'TT0777', 'TT0778', 'TT0779', 'TT0780', 'TT0822', 'TT0823', 'TT0824', 'TT0825', 'TT0826', 'TT0827', 'TT0828', 'TT0829', 'TT0872', 'TT0873', 'TT0874', 'TT0875', 'TT0876', 'TT0877', 'TT0878', 'TT0922', 'TT0923', 'TT0924', 'TT0925', 'TT0926', 'TT0927', 'TT0972', 'TT0973', 'TT0974', 'TT0975', 'TT0976']",0.261,,0.994,HEURISTIC_NOT_FOUND,390.024136,sw0041,sw0043,l_sw0041_sw0043,261,True,True,261,l_sw0041_sw0043,4,Q5,F150_TT1000,True,deterministic evenly spaced within affected-count quantile
256,"['TT0002', 'TT0003', 'TT0030', 'TT0032', 'TT0033', 'TT0034', 'TT0035', 'TT0036', 'TT0037', 'TT0038', 'TT0039', 'TT0040', 'TT0041', 'TT0042', 'TT0043', 'TT0044', 'TT0045', 'TT0047', 'TT0048', 'TT0049', 'TT0050', 'TT0052', 'TT0080', 'TT0083', 'TT0084', 'TT0085', 'TT0088', 'TT0089', 'TT0090', 'TT0093', 'TT0094', 'TT0095', 'TT0098', 'TT0099', 'TT0100', 'TT0130', 'TT0133', 'TT0134', 'TT0135', 'TT0137', 'TT0138', 'TT0139', 'TT0140', 'TT0142', 'TT0143', 'TT0144', 'TT0145', 'TT0147', 'TT0148', 'TT0149', 'TT0150', 'TT0180', 'TT0182', 'TT0183', 'TT0184', 'TT0185', 'TT0187', 'TT0188', 'TT0189', 'TT0190', 'TT0191', 'TT0192', 'TT0193', 'TT0194', 'TT0195', 'TT0197', 'TT0198', 'TT0199', 'TT0200', 'TT0230', 'TT0232', 'TT0233', 'TT0234', 'TT0235', 'TT0237', 'TT0238', 'TT0239', 'TT0240', 'TT0242', 'TT0243', 'TT0244', 'TT0245', 'TT0247', 'TT0248', 'TT0249', 'TT0280', 'TT0282', 'TT0283', 'TT0284', 'TT0285', 'TT0287', 'TT0288', 'TT0289', 'TT0290', 'TT0292', 'TT0293', 'TT0294', 'TT0295', 'TT0297', 'TT0298', 'TT0330', 'TT0332', 'TT0333', 'TT0334', 'TT0335', 'TT0336', 'TT0337', 'TT0338', 'TT0339', 'TT0340', 'TT0342', 'TT0343', 'TT0344', 'TT0345', 'TT0347', 'TT0380', 'TT0382', 'TT0383', 'TT0384', 'TT0385', 'TT0387', 'TT0388', 'TT0389', 'TT0390', 'TT0391', 'TT0392', 'TT0393', 'TT0394', 'TT0395', 'TT0396', 'TT0430', 'TT0431', 'TT0432', 'TT0433', 'TT0434', 'TT0435', 'TT0436', 'TT0437', 'TT0438', 'TT0439', 'TT0440', 'TT0441', 'TT0442', 'TT0443', 'TT0444', 'TT0445', 'TT0480', 'TT0481', 'TT0482', 'TT0483', 'TT0484', 'TT0485', 'TT0486', 'TT0487', 'TT0488', 'TT0489', 'TT0490', 'TT0491', 'TT0492', 'TT0493', 'TT0494', 'TT0530', 'TT0531', 'TT0532', 'TT0533', 'TT0534', 'TT0535', 'TT0536', 'TT0537', 'TT0538', 'TT0539', 'TT0540', 'TT0541', 'TT0542', 'TT0543', 'TT0580', 'TT0581', 'TT0582', 'TT0583', 'TT0584', 'TT0585', 'TT0586', 'TT0587', 'TT0588', 'TT0589', 'TT0590', 'TT0591', 'TT0592', 'TT0630', 'TT0631', 'TT0632', 'TT0633', 'TT0634', 'TT0635', 'TT0636', 'TT0637', 'TT0638', 'TT0639', 'TT0640', 'TT0641', 'TT0680', 'TT0681', 'TT0682', 'TT0683', 'TT0684', 'TT0685', 'TT0686', 'TT0687', 'TT0688', 'TT0689', 'TT0690', 'TT0730', 'TT0731', 'TT0732', 'TT0733', 'TT0734', 'TT0735', 'TT0736', 'TT0737', 'TT0738', 'TT0739', 'TT0780', 'TT0781', 'TT0782', 'TT0783', 'TT0784', 'TT0785', 'TT0786', 'TT0787', 'TT0788', 'TT0830', 'TT0831', 'TT0832', 'TT0833', 'TT0834', 'TT0835', 'TT0836', 'TT0837', 'TT0880', 'TT0881', 'TT0882', 'TT0883', 'TT0884', 'TT0885', 'TT0886', 'TT0930', 'TT0931', 'TT0932', 'TT0933', 'TT0934', 'TT0935', 'TT0980', 'TT0981', 'TT0982', 'TT0983', 'TT0984']",0.256,,0.996,HEURISTIC_NOT_FOUND,407.998517,sw0057,sw0059,l_sw0057_sw0059,256,True,True,256,l_sw0057_sw0059,3,Q4,F150_TT1000,True,deterministic evenly spaced within affected-count quantile
256,"['TT0002', 'TT0003', 'TT0004', 'TT0005', 'TT0007', 'TT0008', 'TT0009', 'TT0036', 'TT0037', 'TT0038', 'TT0039', 'TT0040', 'TT0041', 'TT0042', 'TT0043', 'TT0044', 'TT0045', 'TT0047', 'TT0048', 'TT0049', 'TT0050', 'TT0052', 'TT0053', 'TT0054', 'TT0055', 'TT0057', 'TT0058', 'TT0088', 'TT0089', 'TT0090', 'TT0093', 'TT0094', 'TT0095', 'TT0098', 'TT0099', 'TT0100', 'TT0103', 'TT0104', 'TT0105', 'TT0107', 'TT0137', 'TT0138', 'TT0139', 'TT0140', 'TT0142', 'TT0143', 'TT0144', 'TT0145', 'TT0147', 'TT0148', 'TT0149', 'TT0150', 'TT0152', 'TT0153', 'TT0154', 'TT0155', 'TT0187', 'TT0188', 'TT0189', 'TT0190', 'TT0191', 'TT0192', 'TT0193', 'TT0194', 'TT0195', 'TT0197', 'TT0198', 'TT0199', 'TT0200', 'TT0202', 'TT0203', 'TT0204', 'TT0205', 'TT0237', 'TT0238', 'TT0239', 'TT0240', 'TT0242', 'TT0243', 'TT0244', 'TT0245', 'TT0247', 'TT0248', 'TT0249', 'TT0250', 'TT0252', 'TT0253', 'TT0254', 'TT0287', 'TT0288', 'TT0289', 'TT0290', 'TT0292', 'TT0293', 'TT0294', 'TT0295', 'TT0297', 'TT0298', 'TT0299', 'TT0300', 'TT0302', 'TT0303', 'TT0336', 'TT0337', 'TT0338', 'TT0339', 'TT0340', 'TT0342', 'TT0343', 'TT0344', 'TT0345', 'TT0347', 'TT0348', 'TT0349', 'TT0350', 'TT0352', 'TT0387', 'TT0388', 'TT0389', 'TT0390', 'TT0391', 'TT0392', 'TT0393', 'TT0394', 'TT0395', 'TT0396', 'TT0397', 'TT0398', 'TT0399', 'TT0400', 'TT0401', 'TT0436', 'TT0437', 'TT0438', 'TT0439', 'TT0440', 'TT0441', 'TT0442', 'TT0443', 'TT0444', 'TT0445', 'TT0446', 'TT0447', 'TT0448', 'TT0449', 'TT0450', 'TT0486', 'TT0487', 'TT0488', 'TT0489', 'TT0490', 'TT0491', 'TT0492', 'TT0493', 'TT0494', 'TT0495', 'TT0496', 'TT0497', 'TT0498', 'TT0499', 'TT0500', 'TT0536', 'TT0537', 'TT0538', 'TT0539', 'TT0540', 'TT0541', 'TT0542', 'TT0543', 'TT0544', 'TT0545', 'TT0546', 'TT0547', 'TT0548', 'TT0549', 'TT0586', 'TT0587', 'TT0588', 'TT0589', 'TT0590', 'TT0591', 'TT0592', 'TT0593', 'TT0594', 'TT0595', 'TT0596', 'TT0597', 'TT0598', 'TT0636', 'TT0637', 'TT0638', 'TT0639', 'TT0640', 'TT0641', 'TT0642', 'TT0643', 'TT0644', 'TT0645', 'TT0646', 'TT0647', 'TT0686', 'TT0687', 'TT0688', 'TT0689', 'TT0690', 'TT0691', 'TT0692', 'TT0693', 'TT0694', 'TT0695', 'TT0696', 'TT0736', 'TT0737', 'TT0738', 'TT0739', 'TT0740', 'TT0741', 'TT0742', 'TT0743', 'TT0744', 'TT0745', 'TT0786', 'TT0787', 'TT0788', 'TT0789', 'TT0790', 'TT0791', 'TT0792', 'TT0793', 'TT0794', 'TT0836', 'TT0837', 'TT0838', 'TT0839', 'TT0840', 'TT0841', 'TT0842', 'TT0843', 'TT0886', 'TT0887', 'TT0888', 'TT0889', 'TT0890', 'TT0891', 'TT0892', 'TT0936', 'TT0937', 'TT0938', 'TT0939', 'TT0940', 'TT0941', 'TT0986', 'TT0987', 'TT0988', 'TT0989', 'TT0990']",0.256,,0.996,HEURISTIC_NOT_FOUND,411.76793,sw0069,sw0071,l_sw0069_sw0071,256,True,True,256,l_sw0069_sw0071,4,Q5,F150_TT1000,True,deterministic evenly spaced within affected-count quantile
255,"['TT0002', 'TT0003', 'TT0004', 'TT0005', 'TT0007', 'TT0008', 'TT0009', 'TT0010', 'TT0012', 'TT0013', 'TT0014', 'TT0041', 'TT0042', 'TT0043', 'TT0044', 'TT0045', 'TT0047', 'TT0048', 'TT0049', 'TT0050', 'TT0052', 'TT0053', 'TT0054', 'TT0055', 'TT0057', 'TT0058', 'TT0059', 'TT0060', 'TT0062', 'TT0063', 'TT0093', 'TT0094', 'TT0095', 'TT0098', 'TT0099', 'TT0100', 'TT0103', 'TT0104', 'TT0105', 'TT0107', 'TT0108', 'TT0109', 'TT0110', 'TT0112', 'TT0142', 'TT0143', 'TT0144', 'TT0145', 'TT0147', 'TT0148', 'TT0149', 'TT0150', 'TT0152', 'TT0153', 'TT0154', 'TT0155', 'TT0157', 'TT0158', 'TT0159', 'TT0160', 'TT0191', 'TT0192', 'TT0193', 'TT0194', 'TT0195', 'TT0197', 'TT0198', 'TT0199', 'TT0200', 'TT0202', 'TT0203', 'TT0204', 'TT0205', 'TT0207', 'TT0208', 'TT0209', 'TT0210', 'TT0242', 'TT0243', 'TT0244', 'TT0245', 'TT0247', 'TT0248', 'TT0249', 'TT0250', 'TT0252', 'TT0253', 'TT0254', 'TT0255', 'TT0257', 'TT0258', 'TT0259', 'TT0292', 'TT0293', 'TT0294', 'TT0295', 'TT0297', 'TT0298', 'TT0299', 'TT0300', 'TT0302', 'TT0303', 'TT0304', 'TT0305', 'TT0307', 'TT0308', 'TT0342', 'TT0343', 'TT0344', 'TT0345', 'TT0347', 'TT0348', 'TT0349', 'TT0350', 'TT0352', 'TT0353', 'TT0354', 'TT0355', 'TT0357', 'TT0391', 'TT0392', 'TT0393', 'TT0394', 'TT0395', 'TT0396', 'TT0397', 'TT0398', 'TT0399', 'TT0400', 'TT0401', 'TT0402', 'TT0403', 'TT0404', 'TT0405', 'TT0406', 'TT0441', 'TT0442', 'TT0443', 'TT0444', 'TT0445', 'TT0446', 'TT0447', 'TT0448', 'TT0449', 'TT0450', 'TT0451', 'TT0452', 'TT0453', 'TT0454', 'TT0455', 'TT0491', 'TT0492', 'TT0493', 'TT0494', 'TT0495', 'TT0496', 'TT0497', 'TT0498', 'TT0499', 'TT0500', 'TT0501', 'TT0502', 'TT0503', 'TT0504', 'TT0541', 'TT0542', 'TT0543', 'TT0544', 'TT0545', 'TT0546', 'TT0547', 'TT0548', 'TT0549', 'TT0550', 'TT0551', 'TT0552', 'TT0553', 'TT0591', 'TT0592', 'TT0593', 'TT0594', 'TT0595', 'TT0596', 'TT0597', 'TT0598', 'TT0599', 'TT0600', 'TT0601', 'TT0602', 'TT0641', 'TT0642', 'TT0643', 'TT0644', 'TT0645', 'TT0646', 'TT0647', 'TT0648', 'TT0649', 'TT0650', 'TT0651', 'TT0691', 'TT0692', 'TT0693', 'TT0694', 'TT0695', 'TT0696', 'TT0697', 'TT0698', 'TT0699', 'TT0700', 'TT0741', 'TT0742', 'TT0743', 'TT0744', 'TT0745', 'TT0746', 'TT0747', 'TT0748', 'TT0749', 'TT0750', 'TT0791', 'TT0792', 'TT0793', 'TT0794', 'TT0795', 'TT0796', 'TT0797', 'TT0798', 'TT0799', 'TT0841', 'TT0842', 'TT0843', 'TT0844', 'TT0845', 'TT0846', 'TT0847', 'TT0848', 'TT0891', 'TT0892', 'TT0893', 'TT0894', 'TT0895', 'TT0896', 'TT0897', 'TT0941', 'TT0942', 'TT0943', 'TT0944', 'TT0945', 'TT0946', 'TT0991', 'TT0992', 'TT0993', 'TT0994', 'TT0995']",0.255,,0.989,HEURISTIC_NOT_FOUND,413.69052,sw0079,sw0081,l_sw0079_sw0081,255,True,True,255,l_sw0079_sw0081,3,Q4,F150_TT1000,True,deterministic evenly spaced within affected-count quantile
259,"['TT0002', 'TT0003', 'TT0004', 'TT0005', 'TT0007', 'TT0008', 'TT0009', 'TT0010', 'TT0012', 'TT0013', 'TT0014', 'TT0015', 'TT0042', 'TT0043', 'TT0044', 'TT0045', 'TT0047', 'TT0048', 'TT0049', 'TT0050', 'TT0052', 'TT0053', 'TT0054', 'TT0055', 'TT0057', 'TT0058', 'TT0059', 'TT0060', 'TT0062', 'TT0063', 'TT0064', 'TT0093', 'TT0094', 'TT0095', 'TT0098', 'TT0099', 'TT0100', 'TT0103', 'TT0104', 'TT0105', 'TT0107', 'TT0108', 'TT0109', 'TT0110', 'TT0112', 'TT0113', 'TT0142', 'TT0143', 'TT0144', 'TT0145', 'TT0147', 'TT0148', 'TT0149', 'TT0150', 'TT0152', 'TT0153', 'TT0154', 'TT0155', 'TT0157', 'TT0158', 'TT0159', 'TT0160', 'TT0162', 'TT0192', 'TT0193', 'TT0194', 'TT0195', 'TT0197', 'TT0198', 'TT0199', 'TT0200', 'TT0202', 'TT0203', 'TT0204', 'TT0205', 'TT0207', 'TT0208', 'TT0209', 'TT0210', 'TT0242', 'TT0243', 'TT0244', 'TT0245', 'TT0247', 'TT0248', 'TT0249', 'TT0250', 'TT0252', 'TT0253', 'TT0254', 'TT0255', 'TT0257', 'TT0258', 'TT0259', 'TT0260', 'TT0292', 'TT0293', 'TT0294', 'TT0295', 'TT0297', 'TT0298', 'TT0299', 'TT0300', 'TT0302', 'TT0303', 'TT0304', 'TT0305', 'TT0307', 'TT0308', 'TT0309', 'TT0342', 'TT0343', 'TT0344', 'TT0345', 'TT0347', 'TT0348', 'TT0349', 'TT0350', 'TT0352', 'TT0353', 'TT0354', 'TT0355', 'TT0357', 'TT0358', 'TT0392', 'TT0393', 'TT0394', 'TT0395', 'TT0396', 'TT0397', 'TT0398', 'TT0399', 'TT0400', 'TT0401', 'TT0402', 'TT0403', 'TT0404', 'TT0405', 'TT0406', 'TT0407', 'TT0442', 'TT0443', 'TT0444', 'TT0445', 'TT0446', 'TT0447', 'TT0448', 'TT0449', 'TT0450', 'TT0451', 'TT0452', 'TT0453', 'TT0454', 'TT0455', 'TT0456', 'TT0492', 'TT0493', 'TT0494', 'TT0495', 'TT0496', 'TT0497', 'TT0498', 'TT0499', 'TT0500', 'TT0501', 'TT0502', 'TT0503', 'TT0504', 'TT0505', 'TT0542', 'TT0543', 'TT0544', 'TT0545', 'TT0546', 'TT0547', 'TT0548', 'TT0549', 'TT0550', 'TT0551', 'TT0552', 'TT0553', 'TT0554', 'TT0592', 'TT0593', 'TT0594', 'TT0595', 'TT0596', 'TT0597', 'TT0598', 'TT0599', 'TT0600', 'TT0601', 'TT0602', 'TT0603', 'TT0642', 'TT0643', 'TT0644', 'TT0645', 'TT0646', 'TT0647', 'TT0648', 'TT0649', 'TT0650', 'TT0651', 'TT0652', 'TT0692', 'TT0693', 'TT0694', 'TT0695', 'TT0696', 'TT0697', 'TT0698', 'TT0699', 'TT0700', 'TT0701', 'TT0742', 'TT0743', 'TT0744', 'TT0745', 'TT0746', 'TT0747', 'TT0748', 'TT0749', 'TT0750', 'TT0792', 'TT0793', 'TT0794', 'TT0795', 'TT0796', 'TT0797', 'TT0798', 'TT0799', 'TT0800', 'TT0842', 'TT0843', 'TT0844', 'TT0845', 'TT0846', 'TT0847', 'TT0848', 'TT0849', 'TT0892', 'TT0893', 'TT0894', 'TT0895', 'TT0896', 'TT0897', 'TT0898', 'TT0942', 'TT0943', 'TT0944', 'TT0945', 'TT0946', 'TT0947', 'TT0992', 'TT0993', 'TT0994', 'TT0995', 'TT0996']",0.259,,0.988,HEURISTIC_NOT_FOUND,412.120287,sw0081,sw0083,l_sw0081_sw0083,259,True,True,259,l_sw0081_sw0083,4,Q5,F150_TT1000,True,deterministic evenly spaced within affected-count quantile
243,"['TT0020', 'TT0021', 'TT0022', 'TT0023', 'TT0024', 'TT0025', 'TT0026', 'TT0027', 'TT0028', 'TT0029', 'TT0030', 'TT0032', 'TT0033', 'TT0034', 'TT0035', 'TT0036', 'TT0037', 'TT0038', 'TT0039', 'TT0040', 'TT0042', 'TT0043', 'TT0070', 'TT0072', 'TT0073', 'TT0074', 'TT0075', 'TT0077', 'TT0078', 'TT0079', 'TT0080', 'TT0082', 'TT0083', 'TT0084', 'TT0085', 'TT0087', 'TT0088', 'TT0089', 'TT0090', 'TT0092', 'TT0120', 'TT0122', 'TT0123', 'TT0124', 'TT0125', 'TT0127', 'TT0128', 'TT0129', 'TT0130', 'TT0132', 'TT0133', 'TT0134', 'TT0135', 'TT0137', 'TT0138', 'TT0139', 'TT0140', 'TT0170', 'TT0171', 'TT0172', 'TT0173', 'TT0174', 'TT0175', 'TT0176', 'TT0177', 'TT0178', 'TT0179', 'TT0180', 'TT0181', 'TT0182', 'TT0183', 'TT0184', 'TT0185', 'TT0186', 'TT0187', 'TT0188', 'TT0189', 'TT0190', 'TT0220', 'TT0221', 'TT0222', 'TT0223', 'TT0224', 'TT0225', 'TT0226', 'TT0227', 'TT0228', 'TT0229', 'TT0230', 'TT0231', 'TT0232', 'TT0233', 'TT0234', 'TT0235', 'TT0236', 'TT0237', 'TT0238', 'TT0239', 'TT0270', 'TT0271', 'TT0272', 'TT0273', 'TT0274', 'TT0275', 'TT0276', 'TT0277', 'TT0278', 'TT0279', 'TT0280', 'TT0281', 'TT0282', 'TT0283', 'TT0284', 'TT0285', 'TT0286', 'TT0287', 'TT0288', 'TT0320', 'TT0321', 'TT0322', 'TT0323', 'TT0324', 'TT0325', 'TT0326', 'TT0327', 'TT0328', 'TT0329', 'TT0330', 'TT0331', 'TT0332', 'TT0333', 'TT0334', 'TT0335', 'TT0336', 'TT0337', 'TT0370', 'TT0371', 'TT0372', 'TT0373', 'TT0374', 'TT0375', 'TT0376', 'TT0377', 'TT0378', 'TT0379', 'TT0380', 'TT0381', 'TT0382', 'TT0383', 'TT0384', 'TT0385', 'TT0386', 'TT0420', 'TT0421', 'TT0422', 'TT0423', 'TT0424', 'TT0425', 'TT0426', 'TT0427', 'TT0428', 'TT0429', 'TT0430', 'TT0431', 'TT0432', 'TT0433', 'TT0434', 'TT0435', 'TT0470', 'TT0471', 'TT0472', 'TT0473', 'TT0474', 'TT0475', 'TT0476', 'TT0477', 'TT0478', 'TT0479', 'TT0480', 'TT0481', 'TT0482', 'TT0483', 'TT0484', 'TT0520', 'TT0521', 'TT0522', 'TT0523', 'TT0524', 'TT0525', 'TT0526', 'TT0527', 'TT0528', 'TT0529', 'TT0530', 'TT0531', 'TT0532', 'TT0533', 'TT0570', 'TT0571', 'TT0572', 'TT0573', 'TT0574', 'TT0575', 'TT0576', 'TT0577', 'TT0578', 'TT0579', 'TT0580', 'TT0581', 'TT0582', 'TT0620', 'TT0621', 'TT0622', 'TT0623', 'TT0624', 'TT0625', 'TT0626', 'TT0627', 'TT0628', 'TT0629', 'TT0630', 'TT0631', 'TT0670', 'TT0671', 'TT0672', 'TT0673', 'TT0674', 'TT0675', 'TT0676', 'TT0677', 'TT0678', 'TT0679', 'TT0680', 'TT0720', 'TT0721', 'TT0722', 'TT0723', 'TT0724', 'TT0725', 'TT0726', 'TT0727', 'TT0728', 'TT0729']",0.324,,0.9986666666666667,HEURISTIC_NOT_FOUND,361.165849,sw0037,sw0039,l_sw0037_sw0039,243,True,True,243,l_sw0037_sw0039,3,Q4,F150_TT750,True,deterministic evenly spaced within affected-count quantile
118,"['TT0009', 'TT0010', 'TT0011', 'TT0012', 'TT0013', 'TT0014', 'TT0015', 'TT0016', 'TT0021', 'TT0025', 'TT0026', 'TT0027', 'TT0028', 'TT0030', 'TT0031', 'TT0032', 'TT0036', 'TT0037', 'TT0041', 'TT0089', 'TT0090', 'TT0091', 'TT0092', 'TT0093', 'TT0094', 'TT0095', 'TT0096', 'TT0101', 'TT0105', 'TT0106', 'TT0107', 'TT0108', 'TT0110', 'TT0111', 'TT0112', 'TT0116', 'TT0117', 'TT0121', 'TT0169', 'TT0170', 'TT0171', 'TT0172', 'TT0173', 'TT0174', 'TT0175', 'TT0176', 'TT0181', 'TT0185', 'TT0186', 'TT0187', 'TT0188', 'TT0190', 'TT0191', 'TT0192', 'TT0195', 'TT0196', 'TT0197', 'TT0201', 'TT0249', 'TT0250', 'TT0251', 'TT0252', 'TT0253', 'TT0254', 'TT0255', 'TT0256', 'TT0265', 'TT0266', 'TT0267', 'TT0268', 'TT0269', 'TT0270', 'TT0271', 'TT0272', 'TT0275', 'TT0276', 'TT0329', 'TT0330', 'TT0331', 'TT0332', 'TT0333', 'TT0334', 'TT0335', 'TT0336', 'TT0345', 'TT0346', 'TT0347', 'TT0348', 'TT0349', 'TT0350', 'TT0351', 'TT0352', 'TT0355', 'TT0409', 'TT0410', 'TT0411', 'TT0412', 'TT0413', 'TT0414', 'TT0415', 'TT0416', 'TT0425', 'TT0426', 'TT0427', 'TT0428', 'TT0429', 'TT0430', 'TT0431', 'TT0432', 'TT0433', 'TT0489', 'TT0490', 'TT0491', 'TT0492', 'TT0493', 'TT0494', 'TT0495', 'TT0496']",0.236,,0.998,HEURISTIC_NOT_FOUND,617.654029,sw0008,sw0010,l_sw0008_sw0010,118,True,True,118,l_sw0008_sw0010,4,Q5,S4,True,deterministic evenly spaced within affected-count quantile
108,"['TT0004', 'TT0005', 'TT0009', 'TT0011', 'TT0057', 'TT0058', 'TT0059', 'TT0060', 'TT0061', 'TT0062', 'TT0063', 'TT0064', 'TT0069', 'TT0073', 'TT0074', 'TT0075', 'TT0076', 'TT0078', 'TT0079', 'TT0080', 'TT0084', 'TT0085', 'TT0091', 'TT0137', 'TT0138', 'TT0139', 'TT0140', 'TT0141', 'TT0142', 'TT0143', 'TT0144', 'TT0149', 'TT0153', 'TT0154', 'TT0155', 'TT0156', 'TT0158', 'TT0159', 'TT0160', 'TT0164', 'TT0165', 'TT0217', 'TT0218', 'TT0219', 'TT0220', 'TT0221', 'TT0222', 'TT0223', 'TT0224', 'TT0229', 'TT0233', 'TT0234', 'TT0235', 'TT0236', 'TT0238', 'TT0239', 'TT0240', 'TT0244', 'TT0297', 'TT0298', 'TT0299', 'TT0300', 'TT0301', 'TT0302', 'TT0303', 'TT0304', 'TT0313', 'TT0314', 'TT0315', 'TT0316', 'TT0317', 'TT0318', 'TT0319', 'TT0320', 'TT0377', 'TT0378', 'TT0379', 'TT0380', 'TT0381', 'TT0382', 'TT0383', 'TT0384', 'TT0393', 'TT0394', 'TT0395', 'TT0396', 'TT0397', 'TT0398', 'TT0399', 'TT0400', 'TT0401', 'TT0457', 'TT0458', 'TT0459', 'TT0460', 'TT0461', 'TT0462', 'TT0463', 'TT0464', 'TT0473', 'TT0474', 'TT0475', 'TT0476', 'TT0477', 'TT0478', 'TT0479', 'TT0480', 'TT0481']",0.216,,0.998,HEURISTIC_NOT_FOUND,615.126735,sw0114,sw0116,l_sw0114_sw0116,108,True,True,108,l_sw0114_sw0116,2,Q3,S4,True,deterministic evenly spaced within affected-count quantile
118,"['TT0001', 'TT0002', 'TT0003', 'TT0004', 'TT0006', 'TT0007', 'TT0008', 'TT0013', 'TT0015', 'TT0017', 'TT0018', 'TT0019', 'TT0022', 'TT0023', 'TT0024', 'TT0026', 'TT0028', 'TT0029', 'TT0072', 'TT0081', 'TT0082', 'TT0083', 'TT0084', 'TT0086', 'TT0087', 'TT0088', 'TT0093', 'TT0097', 'TT0098', 'TT0099', 'TT0102', 'TT0103', 'TT0104', 'TT0106', 'TT0108', 'TT0109', 'TT0152', 'TT0161', 'TT0162', 'TT0163', 'TT0164', 'TT0166', 'TT0167', 'TT0168', 'TT0173', 'TT0177', 'TT0178', 'TT0179', 'TT0182', 'TT0183', 'TT0184', 'TT0186', 'TT0187', 'TT0188', 'TT0232', 'TT0241', 'TT0242', 'TT0243', 'TT0244', 'TT0245', 'TT0246', 'TT0247', 'TT0248', 'TT0257', 'TT0258', 'TT0259', 'TT0261', 'TT0262', 'TT0263', 'TT0264', 'TT0266', 'TT0267', 'TT0312', 'TT0321', 'TT0322', 'TT0323', 'TT0324', 'TT0325', 'TT0326', 'TT0327', 'TT0328', 'TT0337', 'TT0338', 'TT0339', 'TT0340', 'TT0341', 'TT0342', 'TT0343', 'TT0344', 'TT0346', 'TT0392', 'TT0401', 'TT0402', 'TT0403', 'TT0404', 'TT0405', 'TT0406', 'TT0407', 'TT0408', 'TT0418', 'TT0419', 'TT0420', 'TT0421', 'TT0422', 'TT0423', 'TT0424', 'TT0472', 'TT0481', 'TT0482', 'TT0483', 'TT0484', 'TT0485', 'TT0486', 'TT0487', 'TT0488', 'TT0498', 'TT0499', 'TT0500']",0.236,,0.996,HEURISTIC_NOT_FOUND,605.196897,sw0149,sw0151,l_sw0149_sw0151,118,True,True,118,l_sw0149_sw0151,4,Q5,S4,True,deterministic evenly spaced within affected-count quantile
116,"['TT0001', 'TT0002', 'TT0003', 'TT0004', 'TT0006', 'TT0007', 'TT0008', 'TT0013', 'TT0015', 'TT0017', 'TT0018', 'TT0019', 'TT0022', 'TT0023', 'TT0024', 'TT0026', 'TT0028', 'TT0029', 'TT0081', 'TT0082', 'TT0083', 'TT0084', 'TT0086', 'TT0087', 'TT0088', 'TT0093', 'TT0097', 'TT0098', 'TT0099', 'TT0102', 'TT0103', 'TT0104', 'TT0106', 'TT0108', 'TT0109', 'TT0161', 'TT0162', 'TT0163', 'TT0164', 'TT0166', 'TT0167', 'TT0168', 'TT0173', 'TT0177', 'TT0178', 'TT0179', 'TT0182', 'TT0183', 'TT0184', 'TT0186', 'TT0187', 'TT0188', 'TT0189', 'TT0241', 'TT0242', 'TT0243', 'TT0244', 'TT0245', 'TT0246', 'TT0247', 'TT0248', 'TT0257', 'TT0258', 'TT0259', 'TT0261', 'TT0262', 'TT0263', 'TT0264', 'TT0266', 'TT0267', 'TT0268', 'TT0321', 'TT0322', 'TT0323', 'TT0324', 'TT0325', 'TT0326', 'TT0327', 'TT0328', 'TT0337', 'TT0338', 'TT0339', 'TT0340', 'TT0341', 'TT0342', 'TT0343', 'TT0344', 'TT0346', 'TT0347', 'TT0401', 'TT0402', 'TT0403', 'TT0404', 'TT0405', 'TT0406', 'TT0407', 'TT0408', 'TT0418', 'TT0419', 'TT0420', 'TT0421', 'TT0422', 'TT0423', 'TT0424', 'TT0426', 'TT0481', 'TT0482', 'TT0483', 'TT0484', 'TT0485', 'TT0486', 'TT0487', 'TT0488', 'TT0498', 'TT0499', 'TT0500']",0.232,,0.998,HEURISTIC_NOT_FOUND,590.432179,sw0151,sw0153,l_sw0151_sw0153,116,True,True,116,l_sw0151_sw0153,4,Q5,S4,True,deterministic evenly spaced within affected-count quantile
125,"['TT0001', 'TT0002', 'TT0003', 'TT0004', 'TT0005', 'TT0006', 'TT0007', 'TT0008', 'TT0013', 'TT0017', 'TT0018', 'TT0019', 'TT0020', 'TT0022', 'TT0023', 'TT0024', 'TT0026', 'TT0028', 'TT0029', 'TT0033', 'TT0081', 'TT0082', 'TT0083', 'TT0084', 'TT0085', 'TT0086', 'TT0087', 'TT0088', 'TT0093', 'TT0097', 'TT0098', 'TT0099', 'TT0100', 'TT0102', 'TT0103', 'TT0104', 'TT0106', 'TT0108', 'TT0109', 'TT0161', 'TT0162', 'TT0163', 'TT0164', 'TT0165', 'TT0166', 'TT0167', 'TT0168', 'TT0173', 'TT0177', 'TT0178', 'TT0179', 'TT0180', 'TT0182', 'TT0183', 'TT0184', 'TT0186', 'TT0187', 'TT0188', 'TT0189', 'TT0241', 'TT0242', 'TT0243', 'TT0244', 'TT0245', 'TT0246', 'TT0247', 'TT0248', 'TT0257', 'TT0258', 'TT0259', 'TT0260', 'TT0261', 'TT0262', 'TT0263', 'TT0264', 'TT0266', 'TT0267', 'TT0268', 'TT0321', 'TT0322', 'TT0323', 'TT0324', 'TT0325', 'TT0326', 'TT0327', 'TT0328', 'TT0337', 'TT0338', 'TT0339', 'TT0340', 'TT0341', 'TT0342', 'TT0343', 'TT0344', 'TT0346', 'TT0347', 'TT0401', 'TT0402', 'TT0403', 'TT0404', 'TT0405', 'TT0406', 'TT0407', 'TT0408', 'TT0417', 'TT0418', 'TT0419', 'TT0420', 'TT0421', 'TT0422', 'TT0423', 'TT0424', 'TT0426', 'TT0481', 'TT0482', 'TT0483', 'TT0484', 'TT0485', 'TT0486', 'TT0487', 'TT0488', 'TT0497', 'TT0498', 'TT0499', 'TT0500']",0.25,,0.994,HEURISTIC_NOT_FOUND,605.839235,sw0159,sw0161,l_sw0159_sw0161,125,True,True,125,l_sw0159_sw0161,4,Q5,S4,True,deterministic evenly spaced within affected-count quantile
121,"['TT0001', 'TT0002', 'TT0003', 'TT0004', 'TT0005', 'TT0006', 'TT0007', 'TT0008', 'TT0013', 'TT0017', 'TT0018', 'TT0019', 'TT0020', 'TT0022', 'TT0023', 'TT0024', 'TT0028', 'TT0029', 'TT0033', 'TT0081', 'TT0082', 'TT0083', 'TT0084', 'TT0085', 'TT0086', 'TT0087', 'TT0088', 'TT0093', 'TT0097', 'TT0098', 'TT0099', 'TT0100', 'TT0102', 'TT0103', 'TT0104', 'TT0108', 'TT0109', 'TT0113', 'TT0161', 'TT0162', 'TT0163', 'TT0164', 'TT0165', 'TT0166', 'TT0167', 'TT0168', 'TT0173', 'TT0177', 'TT0178', 'TT0179', 'TT0180', 'TT0182', 'TT0183', 'TT0184', 'TT0187', 'TT0188', 'TT0189', 'TT0193', 'TT0241', 'TT0242', 'TT0243', 'TT0244', 'TT0245', 'TT0246', 'TT0247', 'TT0248', 'TT0257', 'TT0258', 'TT0259', 'TT0260', 'TT0261', 'TT0262', 'TT0263', 'TT0264', 'TT0267', 'TT0268', 'TT0321', 'TT0322', 'TT0323', 'TT0324', 'TT0325', 'TT0326', 'TT0327', 'TT0328', 'TT0337', 'TT0338', 'TT0339', 'TT0340', 'TT0341', 'TT0342', 'TT0343', 'TT0344', 'TT0347', 'TT0401', 'TT0402', 'TT0403', 'TT0404', 'TT0405', 'TT0406', 'TT0407', 'TT0408', 'TT0417', 'TT0418', 'TT0419', 'TT0420', 'TT0421', 'TT0422', 'TT0423', 'TT0424', 'TT0481', 'TT0482', 'TT0483', 'TT0484', 'TT0485', 'TT0486', 'TT0487', 'TT0488', 'TT0497', 'TT0498', 'TT0499', 'TT0500']",0.242,,0.992,HEURISTIC_NOT_FOUND,598.035497,sw0161,sw0163,l_sw0161_sw0163,121,True,True,121,l_sw0161_sw0163,4,Q5,S4,True,deterministic evenly spaced within affected-count quantile
114,"['TT0009', 'TT0010', 'TT0011', 'TT0012', 'TT0014', 'TT0015', 'TT0016', 'TT0021', 'TT0025', 'TT0026', 'TT0027', 'TT0030', 'TT0031', 'TT0032', 'TT0034', 'TT0036', 'TT0037', 'TT0079', 'TT0080', 'TT0089', 'TT0090', 'TT0091', 'TT0092', 'TT0094', 'TT0095', 'TT0096', 'TT0101', 'TT0105', 'TT0106', 'TT0107', 'TT0110', 'TT0111', 'TT0112', 'TT0114', 'TT0116', 'TT0159', 'TT0160', 'TT0169', 'TT0170', 'TT0171', 'TT0172', 'TT0174', 'TT0175', 'TT0176', 'TT0181', 'TT0185', 'TT0186', 'TT0190', 'TT0191', 'TT0192', 'TT0194', 'TT0195', 'TT0239', 'TT0240', 'TT0249', 'TT0250', 'TT0251', 'TT0252', 'TT0253', 'TT0254', 'TT0255', 'TT0256', 'TT0265', 'TT0266', 'TT0269', 'TT0270', 'TT0271', 'TT0272', 'TT0274', 'TT0319', 'TT0320', 'TT0329', 'TT0330', 'TT0331', 'TT0332', 'TT0333', 'TT0334', 'TT0335', 'TT0336', 'TT0345', 'TT0346', 'TT0348', 'TT0349', 'TT0350', 'TT0351', 'TT0352', 'TT0399', 'TT0400', 'TT0409', 'TT0410', 'TT0411', 'TT0412', 'TT0413', 'TT0414', 'TT0415', 'TT0416', 'TT0425', 'TT0426', 'TT0427', 'TT0428', 'TT0429', 'TT0430', 'TT0431', 'TT0432', 'TT0479', 'TT0480', 'TT0489', 'TT0490', 'TT0491', 'TT0492', 'TT0493', 'TT0494', 'TT0495', 'TT0496']",0.228,,0.998,HEURISTIC_NOT_FOUND,608.539532,sw0164,sw0166,l_sw0164_sw0166,114,True,True,114,l_sw0164_sw0166,3,Q4,S4,True,deterministic evenly spaced within affected-count quantile
122,"['TT0001', 'TT0002', 'TT0003', 'TT0004', 'TT0005', 'TT0006', 'TT0007', 'TT0008', 'TT0013', 'TT0017', 'TT0018', 'TT0019', 'TT0020', 'TT0022', 'TT0023', 'TT0024', 'TT0028', 'TT0029', 'TT0033', 'TT0035', 'TT0081', 'TT0082', 'TT0083', 'TT0084', 'TT0085', 'TT0086', 'TT0087', 'TT0088', 'TT0093', 'TT0097', 'TT0098', 'TT0099', 'TT0100', 'TT0102', 'TT0103', 'TT0104', 'TT0108', 'TT0109', 'TT0113', 'TT0115', 'TT0161', 'TT0162', 'TT0163', 'TT0164', 'TT0165', 'TT0166', 'TT0167', 'TT0168', 'TT0173', 'TT0177', 'TT0178', 'TT0179', 'TT0180', 'TT0182', 'TT0183', 'TT0184', 'TT0188', 'TT0189', 'TT0193', 'TT0241', 'TT0242', 'TT0243', 'TT0244', 'TT0245', 'TT0246', 'TT0247', 'TT0248', 'TT0257', 'TT0258', 'TT0259', 'TT0260', 'TT0261', 'TT0262', 'TT0263', 'TT0264', 'TT0268', 'TT0273', 'TT0321', 'TT0322', 'TT0323', 'TT0324', 'TT0325', 'TT0326', 'TT0327', 'TT0328', 'TT0337', 'TT0338', 'TT0339', 'TT0340', 'TT0341', 'TT0342', 'TT0343', 'TT0344', 'TT0353', 'TT0401', 'TT0402', 'TT0403', 'TT0404', 'TT0405', 'TT0406', 'TT0407', 'TT0408', 'TT0417', 'TT0418', 'TT0419', 'TT0420', 'TT0421', 'TT0422', 'TT0423', 'TT0424', 'TT0481', 'TT0482', 'TT0483', 'TT0484', 'TT0485', 'TT0486', 'TT0487', 'TT0488', 'TT0497', 'TT0498', 'TT0499', 'TT0500']",0.244,,0.996,HEURISTIC_NOT_FOUND,625.484402,sw0165,sw0167,l_sw0165_sw0167,122,True,True,122,l_sw0165_sw0167,4,Q5,S4,True,deterministic evenly spaced within affected-count quantile
220,"['TT0002', 'TT0003', 'TT0004', 'TT0005', 'TT0006', 'TT0007', 'TT0008', 'TT0011', 'TT0013', 'TT0017', 'TT0018', 'TT0019', 'TT0020', 'TT0022', 'TT0023', 'TT0024', 'TT0029', 'TT0033', 'TT0035', 'TT0038', 'TT0039', 'TT0040', 'TT0082', 'TT0083', 'TT0084', 'TT0085', 'TT0086', 'TT0087', 'TT0088', 'TT0093', 'TT0097', 'TT0098', 'TT0099', 'TT0100', 'TT0102', 'TT0103', 'TT0104', 'TT0109', 'TT0113', 'TT0115', 'TT0118', 'TT0119', 'TT0162', 'TT0163', 'TT0164', 'TT0165', 'TT0166', 'TT0167', 'TT0168', 'TT0173', 'TT0177', 'TT0178', 'TT0179', 'TT0180', 'TT0181', 'TT0182', 'TT0183', 'TT0184', 'TT0189', 'TT0193', 'TT0196', 'TT0198', 'TT0242', 'TT0243', 'TT0244', 'TT0245', 'TT0246', 'TT0247', 'TT0248', 'TT0257', 'TT0258', 'TT0259', 'TT0260', 'TT0262', 'TT0263', 'TT0264', 'TT0273', 'TT0277', 'TT0322', 'TT0323', 'TT0324', 'TT0325', 'TT0326', 'TT0327', 'TT0328', 'TT0337', 'TT0338', 'TT0339', 'TT0340', 'TT0341', 'TT0342', 'TT0343', 'TT0344', 'TT0353', 'TT0356', 'TT0402', 'TT0403', 'TT0404', 'TT0405', 'TT0406', 'TT0407', 'TT0408', 'TT0417', 'TT0418', 'TT0419', 'TT0420', 'TT0421', 'TT0422', 'TT0423', 'TT0424', 'TT0435', 'TT0482', 'TT0483', 'TT0484', 'TT0485', 'TT0486', 'TT0487', 'TT0488', 'TT0497', 'TT0498', 'TT0499', 'TT0500', 'TT0501', 'TT0502', 'TT0503', 'TT0504', 'TT0514', 'TT0562', 'TT0563', 'TT0564', 'TT0565', 'TT0566', 'TT0567', 'TT0568', 'TT0577', 'TT0578', 'TT0579', 'TT0580', 'TT0581', 'TT0582', 'TT0583', 'TT0584', 'TT0593', 'TT0642', 'TT0643', 'TT0644', 'TT0645', 'TT0646', 'TT0647', 'TT0648', 'TT0657', 'TT0658', 'TT0659', 'TT0660', 'TT0661', 'TT0662', 'TT0663', 'TT0664', 'TT0722', 'TT0723', 'TT0724', 'TT0725', 'TT0726', 'TT0727', 'TT0728', 'TT0737', 'TT0738', 'TT0739', 'TT0740', 'TT0741', 'TT0742', 'TT0743', 'TT0744', 'TT0802', 'TT0803', 'TT0804', 'TT0805', 'TT0806', 'TT0807', 'TT0808', 'TT0817', 'TT0818', 'TT0819', 'TT0820', 'TT0821', 'TT0822', 'TT0823', 'TT0824', 'TT0882', 'TT0883', 'TT0884', 'TT0885', 'TT0886', 'TT0887', 'TT0888', 'TT0893', 'TT0897', 'TT0898', 'TT0899', 'TT0900', 'TT0902', 'TT0903', 'TT0904', 'TT0909', 'TT0962', 'TT0963', 'TT0964', 'TT0965', 'TT0966', 'TT0967', 'TT0968', 'TT0973', 'TT0977', 'TT0978', 'TT0979', 'TT0980', 'TT0982', 'TT0983', 'TT0984', 'TT0988']",0.22,,0.924,HEURISTIC_NOT_FOUND,1049.592244,sw0001,sw0003,l_sw0001_sw0003,220,True,True,220,l_sw0001_sw0003,4,Q5,S5,True,deterministic evenly spaced within affected-count quantile
212,"['TT0003', 'TT0004', 'TT0005', 'TT0006', 'TT0007', 'TT0008', 'TT0011', 'TT0017', 'TT0018', 'TT0019', 'TT0020', 'TT0022', 'TT0023', 'TT0024', 'TT0029', 'TT0033', 'TT0035', 'TT0038', 'TT0039', 'TT0040', 'TT0083', 'TT0084', 'TT0085', 'TT0086', 'TT0087', 'TT0088', 'TT0097', 'TT0098', 'TT0099', 'TT0100', 'TT0102', 'TT0103', 'TT0104', 'TT0109', 'TT0113', 'TT0115', 'TT0118', 'TT0119', 'TT0120', 'TT0163', 'TT0164', 'TT0165', 'TT0166', 'TT0167', 'TT0168', 'TT0177', 'TT0178', 'TT0179', 'TT0180', 'TT0181', 'TT0182', 'TT0183', 'TT0184', 'TT0189', 'TT0193', 'TT0196', 'TT0198', 'TT0199', 'TT0243', 'TT0244', 'TT0245', 'TT0246', 'TT0247', 'TT0248', 'TT0257', 'TT0258', 'TT0259', 'TT0260', 'TT0262', 'TT0263', 'TT0264', 'TT0273', 'TT0277', 'TT0278', 'TT0323', 'TT0324', 'TT0325', 'TT0326', 'TT0327', 'TT0328', 'TT0337', 'TT0338', 'TT0339', 'TT0340', 'TT0341', 'TT0342', 'TT0343', 'TT0344', 'TT0353', 'TT0356', 'TT0357', 'TT0403', 'TT0404', 'TT0405', 'TT0406', 'TT0407', 'TT0408', 'TT0417', 'TT0418', 'TT0419', 'TT0420', 'TT0421', 'TT0422', 'TT0423', 'TT0424', 'TT0435', 'TT0436', 'TT0483', 'TT0484', 'TT0485', 'TT0486', 'TT0487', 'TT0488', 'TT0497', 'TT0498', 'TT0499', 'TT0500', 'TT0501', 'TT0502', 'TT0503', 'TT0504', 'TT0514', 'TT0515', 'TT0563', 'TT0564', 'TT0565', 'TT0566', 'TT0567', 'TT0568', 'TT0577', 'TT0578', 'TT0579', 'TT0580', 'TT0581', 'TT0582', 'TT0583', 'TT0584', 'TT0593', 'TT0594', 'TT0643', 'TT0644', 'TT0645', 'TT0646', 'TT0647', 'TT0648', 'TT0657', 'TT0658', 'TT0659', 'TT0660', 'TT0661', 'TT0662', 'TT0663', 'TT0664', 'TT0673', 'TT0723', 'TT0724', 'TT0725', 'TT0726', 'TT0727', 'TT0728', 'TT0737', 'TT0738', 'TT0739', 'TT0740', 'TT0741', 'TT0742', 'TT0743', 'TT0744', 'TT0752', 'TT0803', 'TT0804', 'TT0805', 'TT0806', 'TT0807', 'TT0808', 'TT0817', 'TT0818', 'TT0819', 'TT0820', 'TT0821', 'TT0822', 'TT0823', 'TT0824', 'TT0883', 'TT0884', 'TT0885', 'TT0886', 'TT0887', 'TT0888', 'TT0897', 'TT0898', 'TT0899', 'TT0900', 'TT0902', 'TT0903', 'TT0904', 'TT0909', 'TT0910', 'TT0963', 'TT0964', 'TT0965', 'TT0966', 'TT0967', 'TT0968', 'TT0977', 'TT0978', 'TT0979', 'TT0980', 'TT0982', 'TT0983', 'TT0984', 'TT0989']",0.212,,0.93,HEURISTIC_NOT_FOUND,1047.197632,sw0003,sw0005,l_sw0003_sw0005,212,True,True,212,l_sw0003_sw0005,4,Q5,S5,True,deterministic evenly spaced within affected-count quantile
221,"['TT0009', 'TT0010', 'TT0012', 'TT0013', 'TT0014', 'TT0015', 'TT0016', 'TT0021', 'TT0025', 'TT0026', 'TT0027', 'TT0028', 'TT0030', 'TT0031', 'TT0032', 'TT0036', 'TT0037', 'TT0041', 'TT0043', 'TT0089', 'TT0090', 'TT0091', 'TT0092', 'TT0093', 'TT0094', 'TT0095', 'TT0096', 'TT0101', 'TT0105', 'TT0106', 'TT0107', 'TT0108', 'TT0110', 'TT0111', 'TT0112', 'TT0116', 'TT0117', 'TT0121', 'TT0123', 'TT0169', 'TT0170', 'TT0171', 'TT0172', 'TT0173', 'TT0174', 'TT0175', 'TT0176', 'TT0185', 'TT0186', 'TT0187', 'TT0188', 'TT0190', 'TT0191', 'TT0192', 'TT0195', 'TT0197', 'TT0201', 'TT0249', 'TT0250', 'TT0251', 'TT0252', 'TT0253', 'TT0254', 'TT0255', 'TT0256', 'TT0261', 'TT0265', 'TT0266', 'TT0267', 'TT0268', 'TT0269', 'TT0270', 'TT0271', 'TT0272', 'TT0275', 'TT0276', 'TT0329', 'TT0330', 'TT0331', 'TT0332', 'TT0333', 'TT0334', 'TT0335', 'TT0336', 'TT0345', 'TT0346', 'TT0347', 'TT0348', 'TT0349', 'TT0350', 'TT0351', 'TT0352', 'TT0355', 'TT0409', 'TT0410', 'TT0411', 'TT0412', 'TT0413', 'TT0414', 'TT0415', 'TT0416', 'TT0425', 'TT0426', 'TT0427', 'TT0428', 'TT0429', 'TT0430', 'TT0431', 'TT0432', 'TT0433', 'TT0489', 'TT0490', 'TT0491', 'TT0492', 'TT0493', 'TT0494', 'TT0495', 'TT0496', 'TT0505', 'TT0506', 'TT0507', 'TT0508', 'TT0509', 'TT0510', 'TT0511', 'TT0512', 'TT0513', 'TT0569', 'TT0570', 'TT0571', 'TT0572', 'TT0573', 'TT0574', 'TT0575', 'TT0576', 'TT0585', 'TT0586', 'TT0587', 'TT0588', 'TT0589', 'TT0590', 'TT0591', 'TT0592', 'TT0649', 'TT0650', 'TT0651', 'TT0652', 'TT0653', 'TT0654', 'TT0655', 'TT0656', 'TT0665', 'TT0666', 'TT0667', 'TT0668', 'TT0669', 'TT0670', 'TT0671', 'TT0672', 'TT0729', 'TT0730', 'TT0731', 'TT0732', 'TT0733', 'TT0734', 'TT0735', 'TT0736', 'TT0745', 'TT0746', 'TT0747', 'TT0748', 'TT0749', 'TT0750', 'TT0751', 'TT0752', 'TT0809', 'TT0810', 'TT0811', 'TT0812', 'TT0813', 'TT0814', 'TT0815', 'TT0816', 'TT0825', 'TT0826', 'TT0827', 'TT0828', 'TT0829', 'TT0830', 'TT0831', 'TT0832', 'TT0889', 'TT0890', 'TT0891', 'TT0892', 'TT0893', 'TT0894', 'TT0895', 'TT0896', 'TT0901', 'TT0905', 'TT0906', 'TT0907', 'TT0908', 'TT0910', 'TT0912', 'TT0969', 'TT0970', 'TT0971', 'TT0972', 'TT0973', 'TT0974', 'TT0975', 'TT0976', 'TT0981', 'TT0985', 'TT0986', 'TT0987', 'TT0988', 'TT0990', 'TT0992']",0.221,,0.94,HEURISTIC_NOT_FOUND,1025.288439,sw0010,sw0012,l_sw0010_sw0012,221,True,True,221,l_sw0010_sw0012,4,Q5,S5,True,deterministic evenly spaced within affected-count quantile
211,"['TT0011', 'TT0017', 'TT0018', 'TT0019', 'TT0020', 'TT0022', 'TT0023', 'TT0024', 'TT0029', 'TT0033', 'TT0034', 'TT0035', 'TT0036', 'TT0038', 'TT0039', 'TT0040', 'TT0042', 'TT0044', 'TT0045', 'TT0097', 'TT0098', 'TT0099', 'TT0100', 'TT0102', 'TT0103', 'TT0104', 'TT0109', 'TT0113', 'TT0114', 'TT0115', 'TT0116', 'TT0118', 'TT0119', 'TT0120', 'TT0122', 'TT0124', 'TT0125', 'TT0177', 'TT0178', 'TT0179', 'TT0180', 'TT0181', 'TT0182', 'TT0183', 'TT0184', 'TT0189', 'TT0193', 'TT0194', 'TT0195', 'TT0198', 'TT0199', 'TT0200', 'TT0202', 'TT0203', 'TT0204', 'TT0205', 'TT0257', 'TT0258', 'TT0259', 'TT0260', 'TT0262', 'TT0263', 'TT0264', 'TT0273', 'TT0274', 'TT0275', 'TT0276', 'TT0277', 'TT0278', 'TT0279', 'TT0280', 'TT0282', 'TT0283', 'TT0284', 'TT0337', 'TT0338', 'TT0339', 'TT0340', 'TT0341', 'TT0342', 'TT0343', 'TT0344', 'TT0353', 'TT0354', 'TT0355', 'TT0356', 'TT0357', 'TT0358', 'TT0359', 'TT0360', 'TT0362', 'TT0363', 'TT0417', 'TT0418', 'TT0419', 'TT0420', 'TT0421', 'TT0422', 'TT0423', 'TT0424', 'TT0433', 'TT0434', 'TT0435', 'TT0436', 'TT0437', 'TT0438', 'TT0439', 'TT0440', 'TT0441', 'TT0442', 'TT0497', 'TT0498', 'TT0499', 'TT0500', 'TT0501', 'TT0502', 'TT0503', 'TT0504', 'TT0513', 'TT0514', 'TT0515', 'TT0516', 'TT0517', 'TT0518', 'TT0519', 'TT0520', 'TT0521', 'TT0577', 'TT0578', 'TT0579', 'TT0580', 'TT0581', 'TT0582', 'TT0583', 'TT0584', 'TT0593', 'TT0594', 'TT0595', 'TT0596', 'TT0597', 'TT0598', 'TT0599', 'TT0600', 'TT0657', 'TT0658', 'TT0659', 'TT0660', 'TT0661', 'TT0662', 'TT0663', 'TT0664', 'TT0673', 'TT0674', 'TT0675', 'TT0676', 'TT0677', 'TT0678', 'TT0679', 'TT0680', 'TT0737', 'TT0738', 'TT0739', 'TT0740', 'TT0741', 'TT0742', 'TT0743', 'TT0744', 'TT0753', 'TT0754', 'TT0755', 'TT0756', 'TT0757', 'TT0758', 'TT0759', 'TT0817', 'TT0818', 'TT0819', 'TT0820', 'TT0821', 'TT0822', 'TT0823', 'TT0824', 'TT0833', 'TT0834', 'TT0835', 'TT0836', 'TT0837', 'TT0838', 'TT0897', 'TT0898', 'TT0899', 'TT0900', 'TT0902', 'TT0903', 'TT0904', 'TT0909', 'TT0913', 'TT0914', 'TT0915', 'TT0916', 'TT0977', 'TT0978', 'TT0979', 'TT0980', 'TT0982', 'TT0983', 'TT0984', 'TT0989', 'TT0993', 'TT0994', 'TT0995']",0.211,,0.92,HEURISTIC_NOT_FOUND,1019.828869,sw0019,sw0021,l_sw0019_sw0021,211,True,True,211,l_sw0019_sw0021,4,Q5,S5,True,deterministic evenly spaced within affected-count quantile
216,"['TT0017', 'TT0018', 'TT0019', 'TT0020', 'TT0021', 'TT0022', 'TT0023', 'TT0024', 'TT0029', 'TT0033', 'TT0034', 'TT0035', 'TT0036', 'TT0038', 'TT0039', 'TT0040', 'TT0042', 'TT0044', 'TT0045', 'TT0049', 'TT0097', 'TT0098', 'TT0099', 'TT0100', 'TT0101', 'TT0102', 'TT0103', 'TT0104', 'TT0109', 'TT0113', 'TT0114', 'TT0115', 'TT0116', 'TT0118', 'TT0119', 'TT0120', 'TT0122', 'TT0124', 'TT0125', 'TT0177', 'TT0178', 'TT0179', 'TT0180', 'TT0182', 'TT0183', 'TT0184', 'TT0189', 'TT0193', 'TT0194', 'TT0195', 'TT0198', 'TT0199', 'TT0200', 'TT0202', 'TT0203', 'TT0204', 'TT0205', 'TT0257', 'TT0258', 'TT0259', 'TT0260', 'TT0262', 'TT0263', 'TT0264', 'TT0273', 'TT0274', 'TT0275', 'TT0276', 'TT0277', 'TT0278', 'TT0279', 'TT0280', 'TT0282', 'TT0283', 'TT0284', 'TT0337', 'TT0338', 'TT0339', 'TT0340', 'TT0341', 'TT0342', 'TT0343', 'TT0344', 'TT0353', 'TT0354', 'TT0355', 'TT0356', 'TT0357', 'TT0358', 'TT0359', 'TT0360', 'TT0362', 'TT0363', 'TT0417', 'TT0418', 'TT0419', 'TT0420', 'TT0421', 'TT0422', 'TT0423', 'TT0424', 'TT0433', 'TT0434', 'TT0435', 'TT0436', 'TT0437', 'TT0438', 'TT0439', 'TT0440', 'TT0441', 'TT0442', 'TT0497', 'TT0498', 'TT0499', 'TT0500', 'TT0501', 'TT0502', 'TT0503', 'TT0504', 'TT0513', 'TT0514', 'TT0515', 'TT0516', 'TT0517', 'TT0518', 'TT0519', 'TT0520', 'TT0521', 'TT0577', 'TT0578', 'TT0579', 'TT0580', 'TT0581', 'TT0582', 'TT0583', 'TT0584', 'TT0593', 'TT0594', 'TT0595', 'TT0596', 'TT0597', 'TT0598', 'TT0599', 'TT0600', 'TT0657', 'TT0658', 'TT0659', 'TT0660', 'TT0661', 'TT0662', 'TT0663', 'TT0664', 'TT0673', 'TT0674', 'TT0675', 'TT0676', 'TT0677', 'TT0678', 'TT0679', 'TT0680', 'TT0737', 'TT0738', 'TT0739', 'TT0740', 'TT0741', 'TT0742', 'TT0743', 'TT0744', 'TT0753', 'TT0754', 'TT0755', 'TT0756', 'TT0757', 'TT0758', 'TT0759', 'TT0817', 'TT0818', 'TT0819', 'TT0820', 'TT0821', 'TT0822', 'TT0823', 'TT0824', 'TT0833', 'TT0834', 'TT0835', 'TT0836', 'TT0837', 'TT0838', 'TT0839', 'TT0897', 'TT0898', 'TT0899', 'TT0900', 'TT0901', 'TT0902', 'TT0903', 'TT0904', 'TT0909', 'TT0913', 'TT0914', 'TT0915', 'TT0916', 'TT0977', 'TT0978', 'TT0979', 'TT0980', 'TT0981', 'TT0982', 'TT0983', 'TT0984', 'TT0989', 'TT0993', 'TT0994', 'TT0995', 'TT0996']",0.216,,0.92,HEURISTIC_NOT_FOUND,994.398788,sw0021,sw0023,l_sw0021_sw0023,216,True,True,216,l_sw0021_sw0023,4,Q5,S5,True,deterministic evenly spaced within affected-count quantile
196,"['TT0021', 'TT0022', 'TT0023', 'TT0024', 'TT0033', 'TT0034', 'TT0035', 'TT0036', 'TT0038', 'TT0039', 'TT0040', 'TT0045', 'TT0049', 'TT0055', 'TT0056', 'TT0058', 'TT0059', 'TT0101', 'TT0102', 'TT0103', 'TT0104', 'TT0113', 'TT0114', 'TT0115', 'TT0116', 'TT0118', 'TT0119', 'TT0120', 'TT0125', 'TT0129', 'TT0131', 'TT0135', 'TT0136', 'TT0138', 'TT0182', 'TT0183', 'TT0184', 'TT0193', 'TT0194', 'TT0195', 'TT0198', 'TT0199', 'TT0200', 'TT0205', 'TT0209', 'TT0214', 'TT0215', 'TT0216', 'TT0262', 'TT0263', 'TT0264', 'TT0273', 'TT0274', 'TT0275', 'TT0276', 'TT0277', 'TT0278', 'TT0279', 'TT0280', 'TT0289', 'TT0293', 'TT0294', 'TT0295', 'TT0296', 'TT0341', 'TT0342', 'TT0343', 'TT0344', 'TT0353', 'TT0354', 'TT0355', 'TT0356', 'TT0357', 'TT0358', 'TT0359', 'TT0360', 'TT0369', 'TT0372', 'TT0373', 'TT0374', 'TT0375', 'TT0421', 'TT0422', 'TT0423', 'TT0424', 'TT0433', 'TT0434', 'TT0435', 'TT0436', 'TT0437', 'TT0438', 'TT0439', 'TT0440', 'TT0451', 'TT0452', 'TT0453', 'TT0454', 'TT0501', 'TT0502', 'TT0503', 'TT0504', 'TT0513', 'TT0514', 'TT0515', 'TT0516', 'TT0517', 'TT0518', 'TT0519', 'TT0520', 'TT0530', 'TT0531', 'TT0532', 'TT0533', 'TT0581', 'TT0582', 'TT0583', 'TT0584', 'TT0593', 'TT0594', 'TT0595', 'TT0596', 'TT0597', 'TT0598', 'TT0599', 'TT0600', 'TT0609', 'TT0610', 'TT0611', 'TT0612', 'TT0661', 'TT0662', 'TT0663', 'TT0664', 'TT0673', 'TT0674', 'TT0675', 'TT0676', 'TT0677', 'TT0678', 'TT0679', 'TT0680', 'TT0689', 'TT0690', 'TT0691', 'TT0741', 'TT0742', 'TT0743', 'TT0744', 'TT0753', 'TT0754', 'TT0755', 'TT0756', 'TT0757', 'TT0758', 'TT0759', 'TT0760', 'TT0769', 'TT0770', 'TT0821', 'TT0822', 'TT0823', 'TT0824', 'TT0833', 'TT0834', 'TT0835', 'TT0836', 'TT0837', 'TT0838', 'TT0839', 'TT0840', 'TT0849', 'TT0901', 'TT0902', 'TT0903', 'TT0904', 'TT0913', 'TT0914', 'TT0915', 'TT0916', 'TT0918', 'TT0919', 'TT0920', 'TT0925', 'TT0926', 'TT0927', 'TT0981', 'TT0982', 'TT0983', 'TT0984', 'TT0993', 'TT0994', 'TT0995', 'TT0996', 'TT0998', 'TT0999', 'TT1000']",0.196,,0.925,HEURISTIC_NOT_FOUND,998.709135,sw0041,sw0043,l_sw0041_sw0043,196,True,True,196,l_sw0041_sw0043,2,Q3,S5,True,deterministic evenly spaced within affected-count quantile
197,"['TT0024', 'TT0033', 'TT0034', 'TT0035', 'TT0036', 'TT0038', 'TT0039', 'TT0040', 'TT0045', 'TT0049', 'TT0050', 'TT0055', 'TT0056', 'TT0058', 'TT0060', 'TT0061', 'TT0062', 'TT0104', 'TT0113', 'TT0114', 'TT0115', 'TT0116', 'TT0118', 'TT0119', 'TT0120', 'TT0125', 'TT0129', 'TT0130', 'TT0131', 'TT0135', 'TT0136', 'TT0138', 'TT0140', 'TT0184', 'TT0193', 'TT0194', 'TT0195', 'TT0198', 'TT0199', 'TT0200', 'TT0205', 'TT0209', 'TT0210', 'TT0211', 'TT0214', 'TT0215', 'TT0216', 'TT0218', 'TT0219', 'TT0220', 'TT0264', 'TT0273', 'TT0274', 'TT0275', 'TT0276', 'TT0277', 'TT0278', 'TT0279', 'TT0280', 'TT0289', 'TT0290', 'TT0291', 'TT0293', 'TT0294', 'TT0295', 'TT0296', 'TT0298', 'TT0299', 'TT0344', 'TT0353', 'TT0354', 'TT0355', 'TT0356', 'TT0357', 'TT0358', 'TT0359', 'TT0360', 'TT0369', 'TT0370', 'TT0371', 'TT0372', 'TT0373', 'TT0374', 'TT0375', 'TT0376', 'TT0378', 'TT0424', 'TT0433', 'TT0434', 'TT0435', 'TT0436', 'TT0437', 'TT0438', 'TT0439', 'TT0440', 'TT0450', 'TT0451', 'TT0452', 'TT0453', 'TT0454', 'TT0455', 'TT0456', 'TT0457', 'TT0504', 'TT0513', 'TT0514', 'TT0515', 'TT0516', 'TT0517', 'TT0518', 'TT0519', 'TT0520', 'TT0530', 'TT0531', 'TT0532', 'TT0533', 'TT0534', 'TT0535', 'TT0536', 'TT0584', 'TT0593', 'TT0594', 'TT0595', 'TT0596', 'TT0597', 'TT0598', 'TT0599', 'TT0600', 'TT0609', 'TT0610', 'TT0611', 'TT0612', 'TT0613', 'TT0614', 'TT0615', 'TT0664', 'TT0673', 'TT0674', 'TT0675', 'TT0676', 'TT0677', 'TT0678', 'TT0679', 'TT0680', 'TT0689', 'TT0690', 'TT0691', 'TT0692', 'TT0693', 'TT0694', 'TT0744', 'TT0753', 'TT0754', 'TT0755', 'TT0756', 'TT0757', 'TT0758', 'TT0759', 'TT0760', 'TT0769', 'TT0770', 'TT0771', 'TT0772', 'TT0773', 'TT0824', 'TT0833', 'TT0834', 'TT0835', 'TT0836', 'TT0837', 'TT0838', 'TT0839', 'TT0840', 'TT0849', 'TT0850', 'TT0851', 'TT0852', 'TT0904', 'TT0913', 'TT0914', 'TT0915', 'TT0916', 'TT0918', 'TT0919', 'TT0920', 'TT0925', 'TT0929', 'TT0930', 'TT0931', 'TT0984', 'TT0993', 'TT0994', 'TT0995', 'TT0996', 'TT0998', 'TT0999', 'TT1000']",0.197,,0.922,HEURISTIC_NOT_FOUND,1012.614798,sw0047,sw0049,l_sw0047_sw0049,197,True,True,197,l_sw0047_sw0049,2,Q3,S5,True,deterministic evenly spaced within affected-count quantile
208,"['TT0033', 'TT0034', 'TT0035', 'TT0036', 'TT0037', 'TT0038', 'TT0039', 'TT0040', 'TT0045', 'TT0049', 'TT0050', 'TT0052', 'TT0055', 'TT0056', 'TT0060', 'TT0061', 'TT0065', 'TT0066', 'TT0113', 'TT0114', 'TT0115', 'TT0116', 'TT0117', 'TT0118', 'TT0119', 'TT0120', 'TT0125', 'TT0129', 'TT0130', 'TT0131', 'TT0132', 'TT0135', 'TT0136', 'TT0140', 'TT0145', 'TT0193', 'TT0194', 'TT0195', 'TT0197', 'TT0198', 'TT0199', 'TT0200', 'TT0205', 'TT0209', 'TT0210', 'TT0211', 'TT0212', 'TT0214', 'TT0215', 'TT0216', 'TT0219', 'TT0220', 'TT0221', 'TT0225', 'TT0273', 'TT0274', 'TT0275', 'TT0276', 'TT0277', 'TT0278', 'TT0279', 'TT0280', 'TT0289', 'TT0290', 'TT0291', 'TT0292', 'TT0293', 'TT0294', 'TT0295', 'TT0296', 'TT0299', 'TT0300', 'TT0353', 'TT0354', 'TT0355', 'TT0356', 'TT0357', 'TT0358', 'TT0359', 'TT0360', 'TT0369', 'TT0370', 'TT0371', 'TT0372', 'TT0373', 'TT0374', 'TT0375', 'TT0376', 'TT0379', 'TT0433', 'TT0434', 'TT0435', 'TT0436', 'TT0437', 'TT0438', 'TT0439', 'TT0440', 'TT0449', 'TT0450', 'TT0451', 'TT0452', 'TT0453', 'TT0454', 'TT0455', 'TT0456', 'TT0457', 'TT0513', 'TT0514', 'TT0515', 'TT0516', 'TT0517', 'TT0518', 'TT0519', 'TT0520', 'TT0529', 'TT0530', 'TT0531', 'TT0532', 'TT0533', 'TT0534', 'TT0535', 'TT0536', 'TT0537', 'TT0593', 'TT0594', 'TT0595', 'TT0596', 'TT0597', 'TT0598', 'TT0599', 'TT0600', 'TT0609', 'TT0610', 'TT0611', 'TT0612', 'TT0613', 'TT0614', 'TT0615', 'TT0616', 'TT0673', 'TT0674', 'TT0675', 'TT0676', 'TT0677', 'TT0678', 'TT0679', 'TT0680', 'TT0689', 'TT0690', 'TT0691', 'TT0692', 'TT0693', 'TT0694', 'TT0695', 'TT0696', 'TT0753', 'TT0754', 'TT0755', 'TT0756', 'TT0757', 'TT0758', 'TT0759', 'TT0760', 'TT0769', 'TT0770', 'TT0771', 'TT0772', 'TT0773', 'TT0774', 'TT0775', 'TT0776', 'TT0833', 'TT0834', 'TT0835', 'TT0836', 'TT0837', 'TT0838', 'TT0839', 'TT0840', 'TT0849', 'TT0850', 'TT0851', 'TT0852', 'TT0853', 'TT0855', 'TT0856', 'TT0913', 'TT0914', 'TT0915', 'TT0916', 'TT0917', 'TT0918', 'TT0919', 'TT0920', 'TT0925', 'TT0929', 'TT0930', 'TT0931', 'TT0932', 'TT0936', 'TT0993', 'TT0994', 'TT0995', 'TT0996', 'TT0997', 'TT0998', 'TT0999', 'TT1000']",0.208,,0.924,HEURISTIC_NOT_FOUND,1013.071263,sw0059,sw0061,l_sw0059_sw0061,208,True,True,208,l_sw0059_sw0061,3,Q4,S5,True,deterministic evenly spaced within affected-count quantile
194,"['TT0031', 'TT0032', 'TT0041', 'TT0042', 'TT0043', 'TT0044', 'TT0046', 'TT0047', 'TT0048', 'TT0051', 'TT0053', 'TT0057', 'TT0058', 'TT0059', 'TT0062', 'TT0063', 'TT0064', 'TT0068', 'TT0069', 'TT0111', 'TT0112', 'TT0121', 'TT0122', 'TT0123', 'TT0124', 'TT0126', 'TT0127', 'TT0128', 'TT0133', 'TT0137', 'TT0138', 'TT0139', 'TT0141', 'TT0142', 'TT0143', 'TT0144', 'TT0148', 'TT0191', 'TT0192', 'TT0196', 'TT0201', 'TT0202', 'TT0203', 'TT0204', 'TT0206', 'TT0207', 'TT0208', 'TT0213', 'TT0217', 'TT0218', 'TT0222', 'TT0223', 'TT0224', 'TT0227', 'TT0271', 'TT0272', 'TT0281', 'TT0282', 'TT0283', 'TT0284', 'TT0285', 'TT0286', 'TT0287', 'TT0288', 'TT0297', 'TT0298', 'TT0301', 'TT0302', 'TT0303', 'TT0304', 'TT0306', 'TT0351', 'TT0352', 'TT0361', 'TT0362', 'TT0363', 'TT0364', 'TT0365', 'TT0366', 'TT0367', 'TT0368', 'TT0377', 'TT0378', 'TT0380', 'TT0381', 'TT0382', 'TT0383', 'TT0384', 'TT0431', 'TT0432', 'TT0441', 'TT0442', 'TT0443', 'TT0444', 'TT0445', 'TT0446', 'TT0447', 'TT0448', 'TT0458', 'TT0459', 'TT0460', 'TT0461', 'TT0462', 'TT0463', 'TT0464', 'TT0511', 'TT0512', 'TT0521', 'TT0522', 'TT0523', 'TT0524', 'TT0525', 'TT0526', 'TT0527', 'TT0528', 'TT0538', 'TT0539', 'TT0540', 'TT0541', 'TT0542', 'TT0543', 'TT0591', 'TT0592', 'TT0601', 'TT0602', 'TT0603', 'TT0604', 'TT0605', 'TT0606', 'TT0607', 'TT0608', 'TT0617', 'TT0618', 'TT0619', 'TT0620', 'TT0621', 'TT0622', 'TT0671', 'TT0672', 'TT0681', 'TT0682', 'TT0683', 'TT0684', 'TT0685', 'TT0686', 'TT0687', 'TT0688', 'TT0697', 'TT0698', 'TT0699', 'TT0700', 'TT0701', 'TT0751', 'TT0752', 'TT0761', 'TT0762', 'TT0763', 'TT0764', 'TT0765', 'TT0766', 'TT0767', 'TT0768', 'TT0777', 'TT0778', 'TT0779', 'TT0780', 'TT0831', 'TT0832', 'TT0841', 'TT0842', 'TT0843', 'TT0844', 'TT0845', 'TT0846', 'TT0847', 'TT0848', 'TT0857', 'TT0858', 'TT0859', 'TT0911', 'TT0912', 'TT0921', 'TT0922', 'TT0923', 'TT0924', 'TT0926', 'TT0927', 'TT0928', 'TT0933', 'TT0935', 'TT0937', 'TT0938', 'TT0991', 'TT0992']",0.194,,0.962,HEURISTIC_NOT_FOUND,1049.005628,sw0062,sw0064,l_sw0062_sw0064,194,True,True,194,l_sw0062_sw0064,2,Q3,S5,True,deterministic evenly spaced within affected-count quantile
207,"['TT0041', 'TT0042', 'TT0043', 'TT0044', 'TT0045', 'TT0046', 'TT0047', 'TT0048', 'TT0051', 'TT0053', 'TT0057', 'TT0058', 'TT0059', 'TT0060', 'TT0062', 'TT0063', 'TT0064', 'TT0068', 'TT0069', 'TT0073', 'TT0121', 'TT0122', 'TT0123', 'TT0124', 'TT0125', 'TT0126', 'TT0127', 'TT0128', 'TT0133', 'TT0137', 'TT0138', 'TT0139', 'TT0140', 'TT0141', 'TT0142', 'TT0143', 'TT0144', 'TT0148', 'TT0149', 'TT0201', 'TT0202', 'TT0203', 'TT0204', 'TT0205', 'TT0206', 'TT0207', 'TT0208', 'TT0213', 'TT0217', 'TT0218', 'TT0219', 'TT0220', 'TT0222', 'TT0223', 'TT0224', 'TT0227', 'TT0228', 'TT0229', 'TT0281', 'TT0282', 'TT0283', 'TT0284', 'TT0285', 'TT0286', 'TT0287', 'TT0288', 'TT0297', 'TT0298', 'TT0299', 'TT0300', 'TT0301', 'TT0302', 'TT0303', 'TT0304', 'TT0306', 'TT0307', 'TT0308', 'TT0361', 'TT0362', 'TT0363', 'TT0364', 'TT0365', 'TT0366', 'TT0367', 'TT0368', 'TT0377', 'TT0378', 'TT0379', 'TT0380', 'TT0381', 'TT0382', 'TT0383', 'TT0384', 'TT0386', 'TT0387', 'TT0441', 'TT0442', 'TT0443', 'TT0444', 'TT0445', 'TT0446', 'TT0447', 'TT0448', 'TT0457', 'TT0458', 'TT0459', 'TT0460', 'TT0461', 'TT0462', 'TT0463', 'TT0464', 'TT0465', 'TT0466', 'TT0521', 'TT0522', 'TT0523', 'TT0524', 'TT0525', 'TT0526', 'TT0527', 'TT0528', 'TT0537', 'TT0538', 'TT0539', 'TT0540', 'TT0541', 'TT0542', 'TT0543', 'TT0544', 'TT0545', 'TT0601', 'TT0602', 'TT0603', 'TT0604', 'TT0605', 'TT0606', 'TT0607', 'TT0608', 'TT0617', 'TT0618', 'TT0619', 'TT0620', 'TT0621', 'TT0622', 'TT0623', 'TT0624', 'TT0681', 'TT0682', 'TT0683', 'TT0684', 'TT0685', 'TT0686', 'TT0687', 'TT0688', 'TT0697', 'TT0698', 'TT0699', 'TT0700', 'TT0701', 'TT0702', 'TT0703', 'TT0704', 'TT0761', 'TT0762', 'TT0763', 'TT0764', 'TT0765', 'TT0766', 'TT0767', 'TT0768', 'TT0777', 'TT0778', 'TT0779', 'TT0780', 'TT0781', 'TT0782', 'TT0783', 'TT0784', 'TT0841', 'TT0842', 'TT0843', 'TT0844', 'TT0845', 'TT0846', 'TT0847', 'TT0848', 'TT0857', 'TT0858', 'TT0859', 'TT0860', 'TT0861', 'TT0862', 'TT0863', 'TT0864', 'TT0921', 'TT0922', 'TT0923', 'TT0924', 'TT0925', 'TT0926', 'TT0927', 'TT0928', 'TT0933', 'TT0937', 'TT0938', 'TT0939', 'TT0940']",0.207,,0.939,HEURISTIC_NOT_FOUND,1050.588306,sw0074,sw0076,l_sw0074_sw0076,207,True,True,207,l_sw0074_sw0076,3,Q4,S5,True,deterministic evenly spaced within affected-count quantile
187,"['TT0039', 'TT0040', 'TT0049', 'TT0050', 'TT0052', 'TT0054', 'TT0055', 'TT0056', 'TT0061', 'TT0065', 'TT0066', 'TT0067', 'TT0070', 'TT0071', 'TT0072', 'TT0074', 'TT0077', 'TT0119', 'TT0120', 'TT0129', 'TT0130', 'TT0131', 'TT0132', 'TT0134', 'TT0135', 'TT0136', 'TT0145', 'TT0146', 'TT0147', 'TT0150', 'TT0151', 'TT0152', 'TT0154', 'TT0199', 'TT0200', 'TT0209', 'TT0210', 'TT0211', 'TT0212', 'TT0214', 'TT0215', 'TT0216', 'TT0221', 'TT0225', 'TT0226', 'TT0230', 'TT0231', 'TT0232', 'TT0234', 'TT0235', 'TT0279', 'TT0280', 'TT0289', 'TT0290', 'TT0291', 'TT0292', 'TT0293', 'TT0294', 'TT0295', 'TT0296', 'TT0305', 'TT0309', 'TT0310', 'TT0311', 'TT0312', 'TT0314', 'TT0359', 'TT0360', 'TT0369', 'TT0370', 'TT0371', 'TT0372', 'TT0373', 'TT0374', 'TT0375', 'TT0376', 'TT0385', 'TT0388', 'TT0389', 'TT0390', 'TT0391', 'TT0392', 'TT0439', 'TT0440', 'TT0449', 'TT0450', 'TT0451', 'TT0452', 'TT0453', 'TT0454', 'TT0455', 'TT0456', 'TT0467', 'TT0468', 'TT0469', 'TT0470', 'TT0471', 'TT0472', 'TT0519', 'TT0520', 'TT0529', 'TT0530', 'TT0531', 'TT0532', 'TT0533', 'TT0534', 'TT0535', 'TT0536', 'TT0546', 'TT0547', 'TT0548', 'TT0549', 'TT0550', 'TT0551', 'TT0599', 'TT0600', 'TT0609', 'TT0610', 'TT0611', 'TT0612', 'TT0613', 'TT0614', 'TT0615', 'TT0616', 'TT0625', 'TT0626', 'TT0627', 'TT0628', 'TT0629', 'TT0630', 'TT0679', 'TT0680', 'TT0689', 'TT0690', 'TT0691', 'TT0692', 'TT0693', 'TT0694', 'TT0695', 'TT0696', 'TT0705', 'TT0706', 'TT0707', 'TT0708', 'TT0709', 'TT0759', 'TT0760', 'TT0769', 'TT0770', 'TT0771', 'TT0772', 'TT0773', 'TT0774', 'TT0775', 'TT0776', 'TT0785', 'TT0786', 'TT0787', 'TT0788', 'TT0839', 'TT0840', 'TT0849', 'TT0850', 'TT0851', 'TT0852', 'TT0853', 'TT0854', 'TT0855', 'TT0856', 'TT0865', 'TT0866', 'TT0867', 'TT0919', 'TT0920', 'TT0929', 'TT0930', 'TT0931', 'TT0932', 'TT0934', 'TT0935', 'TT0936', 'TT0941', 'TT0943', 'TT0945', 'TT0946', 'TT0999', 'TT1000']",0.187,,0.944,HEURISTIC_NOT_FOUND,1022.682125,sw0079,sw0081,l_sw0079_sw0081,187,True,True,187,l_sw0079_sw0081,2,Q3,S5,True,deterministic evenly spaced within affected-count quantile
214,"['TT0041', 'TT0042', 'TT0043', 'TT0044', 'TT0045', 'TT0046', 'TT0047', 'TT0048', 'TT0051', 'TT0053', 'TT0057', 'TT0058', 'TT0059', 'TT0060', 'TT0062', 'TT0063', 'TT0064', 'TT0068', 'TT0069', 'TT0073', 'TT0075', 'TT0076', 'TT0121', 'TT0122', 'TT0123', 'TT0124', 'TT0125', 'TT0126', 'TT0127', 'TT0128', 'TT0133', 'TT0137', 'TT0138', 'TT0139', 'TT0140', 'TT0141', 'TT0142', 'TT0143', 'TT0144', 'TT0148', 'TT0149', 'TT0153', 'TT0155', 'TT0156', 'TT0201', 'TT0202', 'TT0203', 'TT0204', 'TT0205', 'TT0206', 'TT0207', 'TT0208', 'TT0213', 'TT0217', 'TT0218', 'TT0219', 'TT0220', 'TT0222', 'TT0223', 'TT0224', 'TT0228', 'TT0229', 'TT0233', 'TT0281', 'TT0282', 'TT0283', 'TT0284', 'TT0285', 'TT0286', 'TT0287', 'TT0288', 'TT0297', 'TT0298', 'TT0299', 'TT0300', 'TT0301', 'TT0302', 'TT0303', 'TT0304', 'TT0306', 'TT0308', 'TT0313', 'TT0361', 'TT0362', 'TT0363', 'TT0364', 'TT0365', 'TT0366', 'TT0367', 'TT0368', 'TT0377', 'TT0378', 'TT0379', 'TT0380', 'TT0381', 'TT0382', 'TT0383', 'TT0384', 'TT0386', 'TT0393', 'TT0441', 'TT0442', 'TT0443', 'TT0444', 'TT0445', 'TT0446', 'TT0447', 'TT0448', 'TT0457', 'TT0458', 'TT0459', 'TT0460', 'TT0461', 'TT0462', 'TT0463', 'TT0464', 'TT0465', 'TT0466', 'TT0521', 'TT0522', 'TT0523', 'TT0524', 'TT0525', 'TT0526', 'TT0527', 'TT0528', 'TT0537', 'TT0538', 'TT0539', 'TT0540', 'TT0541', 'TT0542', 'TT0543', 'TT0544', 'TT0545', 'TT0601', 'TT0602', 'TT0603', 'TT0604', 'TT0605', 'TT0606', 'TT0607', 'TT0608', 'TT0617', 'TT0618', 'TT0619', 'TT0620', 'TT0621', 'TT0622', 'TT0623', 'TT0624', 'TT0681', 'TT0682', 'TT0683', 'TT0684', 'TT0685', 'TT0686', 'TT0687', 'TT0688', 'TT0697', 'TT0698', 'TT0699', 'TT0700', 'TT0701', 'TT0702', 'TT0703', 'TT0704', 'TT0761', 'TT0762', 'TT0763', 'TT0764', 'TT0765', 'TT0766', 'TT0767', 'TT0768', 'TT0777', 'TT0778', 'TT0779', 'TT0780', 'TT0781', 'TT0782', 'TT0783', 'TT0784', 'TT0841', 'TT0842', 'TT0843', 'TT0844', 'TT0845', 'TT0846', 'TT0847', 'TT0848', 'TT0857', 'TT0858', 'TT0859', 'TT0860', 'TT0861', 'TT0862', 'TT0863', 'TT0864', 'TT0921', 'TT0922', 'TT0923', 'TT0924', 'TT0925', 'TT0926', 'TT0927', 'TT0928', 'TT0933', 'TT0937', 'TT0938', 'TT0939', 'TT0940', 'TT0942', 'TT0944']",0.214,,0.936,HEURISTIC_NOT_FOUND,1024.957607,sw0080,sw0082,l_sw0080_sw0082,214,True,True,214,l_sw0080_sw0082,4,Q5,S5,True,deterministic evenly spaced within affected-count quantile
3,"['TT0003', 'TT0083', 'TT0950']",0.003,,0.998,HEURISTIC_NOT_FOUND,1039.736985,sw0094,sw0095,l_sw0094_sw0095,3,True,True,3,l_sw0094_sw0095,0,Q1,S5,True,deterministic evenly spaced within affected-count quantile
202,"['TT0002', 'TT0004', 'TT0046', 'TT0047', 'TT0048', 'TT0051', 'TT0057', 'TT0058', 'TT0059', 'TT0060', 'TT0062', 'TT0063', 'TT0064', 'TT0069', 'TT0073', 'TT0074', 'TT0075', 'TT0076', 'TT0078', 'TT0079', 'TT0080', 'TT0082', 'TT0126', 'TT0127', 'TT0128', 'TT0137', 'TT0138', 'TT0139', 'TT0140', 'TT0141', 'TT0142', 'TT0143', 'TT0144', 'TT0149', 'TT0153', 'TT0154', 'TT0155', 'TT0156', 'TT0158', 'TT0159', 'TT0160', 'TT0162', 'TT0206', 'TT0207', 'TT0208', 'TT0217', 'TT0218', 'TT0219', 'TT0220', 'TT0222', 'TT0223', 'TT0224', 'TT0229', 'TT0233', 'TT0234', 'TT0238', 'TT0239', 'TT0240', 'TT0241', 'TT0286', 'TT0287', 'TT0288', 'TT0297', 'TT0298', 'TT0299', 'TT0300', 'TT0301', 'TT0302', 'TT0303', 'TT0304', 'TT0313', 'TT0314', 'TT0317', 'TT0318', 'TT0319', 'TT0320', 'TT0366', 'TT0367', 'TT0368', 'TT0377', 'TT0378', 'TT0379', 'TT0380', 'TT0381', 'TT0382', 'TT0383', 'TT0384', 'TT0393', 'TT0394', 'TT0396', 'TT0397', 'TT0398', 'TT0399', 'TT0400', 'TT0446', 'TT0447', 'TT0448', 'TT0457', 'TT0458', 'TT0459', 'TT0460', 'TT0461', 'TT0462', 'TT0463', 'TT0464', 'TT0474', 'TT0475', 'TT0476', 'TT0477', 'TT0478', 'TT0479', 'TT0526', 'TT0527', 'TT0528', 'TT0537', 'TT0538', 'TT0539', 'TT0540', 'TT0541', 'TT0542', 'TT0543', 'TT0544', 'TT0554', 'TT0555', 'TT0556', 'TT0557', 'TT0558', 'TT0606', 'TT0607', 'TT0608', 'TT0617', 'TT0618', 'TT0619', 'TT0620', 'TT0621', 'TT0622', 'TT0623', 'TT0624', 'TT0633', 'TT0634', 'TT0635', 'TT0636', 'TT0637', 'TT0686', 'TT0687', 'TT0688', 'TT0697', 'TT0698', 'TT0699', 'TT0700', 'TT0701', 'TT0702', 'TT0703', 'TT0704', 'TT0712', 'TT0713', 'TT0714', 'TT0715', 'TT0716', 'TT0766', 'TT0767', 'TT0768', 'TT0777', 'TT0778', 'TT0779', 'TT0780', 'TT0781', 'TT0782', 'TT0783', 'TT0784', 'TT0792', 'TT0793', 'TT0794', 'TT0795', 'TT0846', 'TT0847', 'TT0848', 'TT0857', 'TT0858', 'TT0859', 'TT0860', 'TT0861', 'TT0862', 'TT0863', 'TT0864', 'TT0872', 'TT0873', 'TT0874', 'TT0926', 'TT0927', 'TT0928', 'TT0937', 'TT0938', 'TT0939', 'TT0940', 'TT0942', 'TT0943', 'TT0944', 'TT0949', 'TT0951', 'TT0952', 'TT0953']",0.202,,0.944,HEURISTIC_NOT_FOUND,1031.880123,sw0094,sw0096,l_sw0094_sw0096,202,True,True,202,l_sw0094_sw0096,3,Q4,S5,True,deterministic evenly spaced within affected-count quantile
200,"['TT0002', 'TT0004', 'TT0005', 'TT0006', 'TT0007', 'TT0051', 'TT0057', 'TT0058', 'TT0059', 'TT0060', 'TT0062', 'TT0063', 'TT0064', 'TT0069', 'TT0073', 'TT0074', 'TT0075', 'TT0078', 'TT0079', 'TT0080', 'TT0082', 'TT0084', 'TT0085', 'TT0086', 'TT0137', 'TT0138', 'TT0139', 'TT0140', 'TT0141', 'TT0142', 'TT0143', 'TT0144', 'TT0149', 'TT0153', 'TT0154', 'TT0155', 'TT0158', 'TT0159', 'TT0160', 'TT0162', 'TT0163', 'TT0164', 'TT0165', 'TT0217', 'TT0218', 'TT0219', 'TT0220', 'TT0222', 'TT0223', 'TT0224', 'TT0229', 'TT0233', 'TT0234', 'TT0235', 'TT0238', 'TT0239', 'TT0240', 'TT0242', 'TT0243', 'TT0244', 'TT0297', 'TT0298', 'TT0299', 'TT0300', 'TT0301', 'TT0302', 'TT0303', 'TT0304', 'TT0313', 'TT0314', 'TT0315', 'TT0317', 'TT0318', 'TT0319', 'TT0320', 'TT0322', 'TT0323', 'TT0377', 'TT0378', 'TT0379', 'TT0380', 'TT0381', 'TT0382', 'TT0383', 'TT0384', 'TT0393', 'TT0394', 'TT0395', 'TT0396', 'TT0397', 'TT0398', 'TT0399', 'TT0400', 'TT0401', 'TT0402', 'TT0457', 'TT0458', 'TT0459', 'TT0460', 'TT0461', 'TT0462', 'TT0463', 'TT0464', 'TT0474', 'TT0475', 'TT0476', 'TT0477', 'TT0478', 'TT0479', 'TT0480', 'TT0481', 'TT0537', 'TT0538', 'TT0539', 'TT0540', 'TT0541', 'TT0542', 'TT0543', 'TT0544', 'TT0554', 'TT0555', 'TT0556', 'TT0557', 'TT0558', 'TT0559', 'TT0560', 'TT0617', 'TT0618', 'TT0619', 'TT0620', 'TT0621', 'TT0622', 'TT0623', 'TT0624', 'TT0633', 'TT0634', 'TT0635', 'TT0636', 'TT0637', 'TT0638', 'TT0639', 'TT0640', 'TT0697', 'TT0698', 'TT0699', 'TT0700', 'TT0701', 'TT0702', 'TT0703', 'TT0704', 'TT0712', 'TT0713', 'TT0714', 'TT0715', 'TT0716', 'TT0717', 'TT0718', 'TT0719', 'TT0777', 'TT0778', 'TT0779', 'TT0780', 'TT0781', 'TT0782', 'TT0783', 'TT0784', 'TT0792', 'TT0793', 'TT0794', 'TT0795', 'TT0796', 'TT0797', 'TT0798', 'TT0857', 'TT0858', 'TT0859', 'TT0860', 'TT0861', 'TT0862', 'TT0863', 'TT0864', 'TT0872', 'TT0873', 'TT0874', 'TT0875', 'TT0876', 'TT0877', 'TT0937', 'TT0938', 'TT0939', 'TT0940', 'TT0942', 'TT0943', 'TT0944', 'TT0949', 'TT0952', 'TT0953', 'TT0954', 'TT0955', 'TT0956']",0.2,,0.933,HEURISTIC_NOT_FOUND,1002.962907,sw0100,sw0102,l_sw0100_sw0102,200,True,True,200,l_sw0100_sw0102,2,Q3,S5,True,deterministic evenly spaced within affected-count quantile
198,"['TT0001', 'TT0003', 'TT0006', 'TT0007', 'TT0008', 'TT0050', 'TT0052', 'TT0053', 'TT0054', 'TT0055', 'TT0056', 'TT0061', 'TT0065', 'TT0066', 'TT0067', 'TT0068', 'TT0070', 'TT0071', 'TT0072', 'TT0076', 'TT0077', 'TT0081', 'TT0083', 'TT0086', 'TT0087', 'TT0130', 'TT0131', 'TT0132', 'TT0133', 'TT0134', 'TT0135', 'TT0136', 'TT0145', 'TT0146', 'TT0147', 'TT0148', 'TT0150', 'TT0151', 'TT0152', 'TT0156', 'TT0157', 'TT0161', 'TT0166', 'TT0210', 'TT0211', 'TT0212', 'TT0213', 'TT0214', 'TT0215', 'TT0216', 'TT0221', 'TT0225', 'TT0226', 'TT0227', 'TT0228', 'TT0230', 'TT0231', 'TT0232', 'TT0237', 'TT0241', 'TT0245', 'TT0290', 'TT0291', 'TT0292', 'TT0293', 'TT0294', 'TT0295', 'TT0296', 'TT0305', 'TT0306', 'TT0307', 'TT0308', 'TT0309', 'TT0310', 'TT0311', 'TT0312', 'TT0321', 'TT0324', 'TT0370', 'TT0371', 'TT0372', 'TT0373', 'TT0374', 'TT0375', 'TT0376', 'TT0385', 'TT0386', 'TT0387', 'TT0388', 'TT0389', 'TT0390', 'TT0391', 'TT0392', 'TT0403', 'TT0450', 'TT0451', 'TT0452', 'TT0453', 'TT0454', 'TT0455', 'TT0456', 'TT0465', 'TT0466', 'TT0467', 'TT0468', 'TT0469', 'TT0470', 'TT0471', 'TT0472', 'TT0482', 'TT0530', 'TT0531', 'TT0532', 'TT0533', 'TT0534', 'TT0535', 'TT0536', 'TT0545', 'TT0546', 'TT0547', 'TT0548', 'TT0549', 'TT0550', 'TT0551', 'TT0552', 'TT0561', 'TT0610', 'TT0611', 'TT0612', 'TT0613', 'TT0614', 'TT0615', 'TT0616', 'TT0625', 'TT0626', 'TT0627', 'TT0628', 'TT0629', 'TT0630', 'TT0631', 'TT0632', 'TT0690', 'TT0691', 'TT0692', 'TT0693', 'TT0694', 'TT0695', 'TT0696', 'TT0705', 'TT0706', 'TT0707', 'TT0708', 'TT0709', 'TT0710', 'TT0711', 'TT0770', 'TT0771', 'TT0772', 'TT0773', 'TT0774', 'TT0775', 'TT0776', 'TT0785', 'TT0786', 'TT0787', 'TT0788', 'TT0789', 'TT0790', 'TT0791', 'TT0850', 'TT0851', 'TT0852', 'TT0853', 'TT0854', 'TT0855', 'TT0856', 'TT0865', 'TT0866', 'TT0867', 'TT0868', 'TT0869', 'TT0870', 'TT0871', 'TT0930', 'TT0931', 'TT0932', 'TT0933', 'TT0934', 'TT0935', 'TT0936', 'TT0941', 'TT0945', 'TT0946', 'TT0947', 'TT0948', 'TT0950', 'TT0951', 'TT0957']",0.198,,0.961,HEURISTIC_NOT_FOUND,1060.612845,sw0103,sw0105,l_sw0103_sw0105,198,True,True,198,l_sw0103_sw0105,2,Q3,S5,True,deterministic evenly spaced within affected-count quantile
197,"['TT0001', 'TT0002', 'TT0003', 'TT0006', 'TT0007', 'TT0008', 'TT0010', 'TT0011', 'TT0012', 'TT0013', 'TT0055', 'TT0056', 'TT0065', 'TT0066', 'TT0067', 'TT0068', 'TT0070', 'TT0071', 'TT0072', 'TT0076', 'TT0077', 'TT0081', 'TT0082', 'TT0083', 'TT0086', 'TT0087', 'TT0088', 'TT0089', 'TT0090', 'TT0092', 'TT0135', 'TT0136', 'TT0141', 'TT0145', 'TT0146', 'TT0147', 'TT0148', 'TT0150', 'TT0151', 'TT0152', 'TT0156', 'TT0157', 'TT0161', 'TT0162', 'TT0166', 'TT0167', 'TT0168', 'TT0169', 'TT0170', 'TT0171', 'TT0215', 'TT0216', 'TT0225', 'TT0226', 'TT0227', 'TT0228', 'TT0230', 'TT0231', 'TT0232', 'TT0237', 'TT0241', 'TT0242', 'TT0245', 'TT0246', 'TT0247', 'TT0248', 'TT0249', 'TT0250', 'TT0295', 'TT0296', 'TT0305', 'TT0306', 'TT0307', 'TT0308', 'TT0309', 'TT0310', 'TT0311', 'TT0312', 'TT0321', 'TT0322', 'TT0324', 'TT0325', 'TT0326', 'TT0327', 'TT0328', 'TT0329', 'TT0375', 'TT0376', 'TT0385', 'TT0386', 'TT0387', 'TT0388', 'TT0389', 'TT0390', 'TT0391', 'TT0392', 'TT0402', 'TT0403', 'TT0404', 'TT0405', 'TT0406', 'TT0407', 'TT0408', 'TT0455', 'TT0456', 'TT0465', 'TT0466', 'TT0467', 'TT0468', 'TT0469', 'TT0470', 'TT0471', 'TT0472', 'TT0482', 'TT0483', 'TT0484', 'TT0485', 'TT0486', 'TT0487', 'TT0535', 'TT0536', 'TT0545', 'TT0546', 'TT0547', 'TT0548', 'TT0549', 'TT0550', 'TT0551', 'TT0552', 'TT0561', 'TT0562', 'TT0563', 'TT0564', 'TT0565', 'TT0566', 'TT0615', 'TT0616', 'TT0625', 'TT0626', 'TT0627', 'TT0628', 'TT0629', 'TT0630', 'TT0631', 'TT0632', 'TT0641', 'TT0642', 'TT0643', 'TT0644', 'TT0645', 'TT0695', 'TT0696', 'TT0705', 'TT0706', 'TT0707', 'TT0708', 'TT0709', 'TT0710', 'TT0711', 'TT0721', 'TT0722', 'TT0723', 'TT0724', 'TT0775', 'TT0776', 'TT0785', 'TT0786', 'TT0787', 'TT0788', 'TT0789', 'TT0790', 'TT0791', 'TT0801', 'TT0802', 'TT0803', 'TT0855', 'TT0856', 'TT0865', 'TT0866', 'TT0867', 'TT0868', 'TT0869', 'TT0870', 'TT0871', 'TT0881', 'TT0882', 'TT0935', 'TT0936', 'TT0945', 'TT0946', 'TT0947', 'TT0948', 'TT0950', 'TT0951', 'TT0957', 'TT0959', 'TT0961']",0.197,,0.967,HEURISTIC_NOT_FOUND,1049.407389,sw0113,sw0115,l_sw0113_sw0115,197,True,True,197,l_sw0113_sw0115,2,Q3,S5,True,deterministic evenly spaced within affected-count quantile
206,"['TT0005', 'TT0009', 'TT0057', 'TT0058', 'TT0059', 'TT0060', 'TT0061', 'TT0062', 'TT0063', 'TT0064', 'TT0069', 'TT0073', 'TT0074', 'TT0075', 'TT0078', 'TT0079', 'TT0080', 'TT0085', 'TT0089', 'TT0091', 'TT0137', 'TT0138', 'TT0139', 'TT0140', 'TT0142', 'TT0143', 'TT0144', 'TT0149', 'TT0153', 'TT0154', 'TT0155', 'TT0158', 'TT0159', 'TT0160', 'TT0165', 'TT0169', 'TT0217', 'TT0218', 'TT0219', 'TT0220', 'TT0221', 'TT0222', 'TT0223', 'TT0224', 'TT0229', 'TT0233', 'TT0234', 'TT0235', 'TT0236', 'TT0238', 'TT0239', 'TT0240', 'TT0249', 'TT0297', 'TT0298', 'TT0299', 'TT0300', 'TT0301', 'TT0302', 'TT0303', 'TT0304', 'TT0313', 'TT0314', 'TT0315', 'TT0316', 'TT0317', 'TT0318', 'TT0319', 'TT0320', 'TT0329', 'TT0377', 'TT0378', 'TT0379', 'TT0380', 'TT0381', 'TT0382', 'TT0383', 'TT0384', 'TT0393', 'TT0394', 'TT0395', 'TT0396', 'TT0397', 'TT0398', 'TT0399', 'TT0400', 'TT0401', 'TT0409', 'TT0457', 'TT0458', 'TT0459', 'TT0460', 'TT0461', 'TT0462', 'TT0463', 'TT0464', 'TT0473', 'TT0474', 'TT0475', 'TT0476', 'TT0477', 'TT0478', 'TT0479', 'TT0480', 'TT0481', 'TT0489', 'TT0537', 'TT0538', 'TT0539', 'TT0540', 'TT0541', 'TT0542', 'TT0543', 'TT0544', 'TT0553', 'TT0554', 'TT0555', 'TT0556', 'TT0557', 'TT0558', 'TT0559', 'TT0560', 'TT0617', 'TT0618', 'TT0619', 'TT0620', 'TT0621', 'TT0622', 'TT0623', 'TT0624', 'TT0633', 'TT0634', 'TT0635', 'TT0636', 'TT0637', 'TT0638', 'TT0639', 'TT0640', 'TT0697', 'TT0698', 'TT0699', 'TT0700', 'TT0701', 'TT0702', 'TT0703', 'TT0704', 'TT0712', 'TT0713', 'TT0714', 'TT0715', 'TT0716', 'TT0717', 'TT0718', 'TT0719', 'TT0720', 'TT0777', 'TT0778', 'TT0779', 'TT0780', 'TT0781', 'TT0782', 'TT0783', 'TT0784', 'TT0792', 'TT0793', 'TT0794', 'TT0795', 'TT0796', 'TT0797', 'TT0798', 'TT0799', 'TT0800', 'TT0857', 'TT0858', 'TT0859', 'TT0860', 'TT0861', 'TT0862', 'TT0863', 'TT0864', 'TT0872', 'TT0873', 'TT0874', 'TT0875', 'TT0876', 'TT0877', 'TT0878', 'TT0879', 'TT0880', 'TT0937', 'TT0938', 'TT0939', 'TT0940', 'TT0941', 'TT0942', 'TT0943', 'TT0944', 'TT0949', 'TT0952', 'TT0953', 'TT0954', 'TT0955', 'TT0956', 'TT0958', 'TT0959', 'TT0960']",0.206,,0.93,HEURISTIC_NOT_FOUND,1023.887212,sw0118,sw0120,l_sw0118_sw0120,206,True,True,206,l_sw0118_sw0120,3,Q4,S5,True,deterministic evenly spaced within affected-count quantile
199,"['TT0005', 'TT0009', 'TT0010', 'TT0014', 'TT0016', 'TT0020', 'TT0021', 'TT0025', 'TT0027', 'TT0073', 'TT0074', 'TT0075', 'TT0077', 'TT0078', 'TT0079', 'TT0080', 'TT0085', 'TT0089', 'TT0090', 'TT0091', 'TT0094', 'TT0095', 'TT0096', 'TT0100', 'TT0101', 'TT0107', 'TT0153', 'TT0154', 'TT0155', 'TT0157', 'TT0158', 'TT0159', 'TT0160', 'TT0165', 'TT0169', 'TT0170', 'TT0171', 'TT0174', 'TT0175', 'TT0176', 'TT0180', 'TT0233', 'TT0234', 'TT0235', 'TT0236', 'TT0237', 'TT0238', 'TT0239', 'TT0240', 'TT0249', 'TT0250', 'TT0251', 'TT0253', 'TT0254', 'TT0255', 'TT0256', 'TT0260', 'TT0261', 'TT0313', 'TT0314', 'TT0315', 'TT0316', 'TT0317', 'TT0318', 'TT0319', 'TT0320', 'TT0329', 'TT0330', 'TT0331', 'TT0332', 'TT0333', 'TT0334', 'TT0335', 'TT0336', 'TT0393', 'TT0394', 'TT0395', 'TT0396', 'TT0397', 'TT0398', 'TT0399', 'TT0400', 'TT0409', 'TT0410', 'TT0411', 'TT0412', 'TT0413', 'TT0414', 'TT0415', 'TT0416', 'TT0417', 'TT0473', 'TT0474', 'TT0475', 'TT0476', 'TT0477', 'TT0478', 'TT0479', 'TT0480', 'TT0489', 'TT0490', 'TT0491', 'TT0492', 'TT0493', 'TT0494', 'TT0495', 'TT0496', 'TT0497', 'TT0553', 'TT0554', 'TT0555', 'TT0556', 'TT0557', 'TT0558', 'TT0559', 'TT0560', 'TT0569', 'TT0570', 'TT0571', 'TT0572', 'TT0573', 'TT0574', 'TT0575', 'TT0576', 'TT0633', 'TT0634', 'TT0635', 'TT0636', 'TT0637', 'TT0638', 'TT0639', 'TT0640', 'TT0649', 'TT0650', 'TT0651', 'TT0652', 'TT0653', 'TT0654', 'TT0655', 'TT0656', 'TT0713', 'TT0714', 'TT0715', 'TT0716', 'TT0717', 'TT0718', 'TT0719', 'TT0720', 'TT0729', 'TT0730', 'TT0731', 'TT0732', 'TT0733', 'TT0734', 'TT0736', 'TT0793', 'TT0794', 'TT0795', 'TT0796', 'TT0797', 'TT0798', 'TT0799', 'TT0800', 'TT0809', 'TT0810', 'TT0811', 'TT0812', 'TT0813', 'TT0814', 'TT0816', 'TT0873', 'TT0874', 'TT0875', 'TT0876', 'TT0877', 'TT0878', 'TT0879', 'TT0880', 'TT0885', 'TT0889', 'TT0890', 'TT0891', 'TT0892', 'TT0894', 'TT0896', 'TT0953', 'TT0954', 'TT0955', 'TT0956', 'TT0957', 'TT0958', 'TT0959', 'TT0960', 'TT0965', 'TT0969', 'TT0970', 'TT0971', 'TT0974', 'TT0976']",0.199,,0.915,HEURISTIC_NOT_FOUND,1005.146525,sw0148,sw0150,l_sw0148_sw0150,199,True,True,199,l_sw0148_sw0150,2,Q3,S5,True,deterministic evenly spaced within affected-count quantile
209,"['TT0005', 'TT0009', 'TT0010', 'TT0012', 'TT0014', 'TT0016', 'TT0021', 'TT0025', 'TT0027', 'TT0030', 'TT0031', 'TT0073', 'TT0074', 'TT0075', 'TT0077', 'TT0078', 'TT0079', 'TT0080', 'TT0085', 'TT0089', 'TT0090', 'TT0091', 'TT0092', 'TT0094', 'TT0095', 'TT0096', 'TT0101', 'TT0105', 'TT0107', 'TT0110', 'TT0153', 'TT0154', 'TT0155', 'TT0157', 'TT0158', 'TT0159', 'TT0160', 'TT0165', 'TT0169', 'TT0170', 'TT0171', 'TT0172', 'TT0174', 'TT0175', 'TT0176', 'TT0185', 'TT0233', 'TT0234', 'TT0235', 'TT0236', 'TT0237', 'TT0238', 'TT0239', 'TT0240', 'TT0249', 'TT0250', 'TT0251', 'TT0252', 'TT0253', 'TT0254', 'TT0255', 'TT0256', 'TT0261', 'TT0265', 'TT0313', 'TT0314', 'TT0315', 'TT0316', 'TT0317', 'TT0318', 'TT0319', 'TT0320', 'TT0329', 'TT0330', 'TT0331', 'TT0332', 'TT0333', 'TT0334', 'TT0335', 'TT0336', 'TT0345', 'TT0393', 'TT0394', 'TT0395', 'TT0396', 'TT0397', 'TT0398', 'TT0399', 'TT0400', 'TT0409', 'TT0410', 'TT0411', 'TT0412', 'TT0413', 'TT0414', 'TT0415', 'TT0416', 'TT0417', 'TT0425', 'TT0473', 'TT0474', 'TT0475', 'TT0476', 'TT0477', 'TT0478', 'TT0479', 'TT0480', 'TT0489', 'TT0490', 'TT0491', 'TT0492', 'TT0493', 'TT0494', 'TT0495', 'TT0496', 'TT0497', 'TT0505', 'TT0553', 'TT0554', 'TT0555', 'TT0556', 'TT0557', 'TT0558', 'TT0559', 'TT0560', 'TT0569', 'TT0570', 'TT0571', 'TT0572', 'TT0573', 'TT0574', 'TT0575', 'TT0576', 'TT0633', 'TT0634', 'TT0635', 'TT0636', 'TT0637', 'TT0638', 'TT0639', 'TT0640', 'TT0649', 'TT0650', 'TT0651', 'TT0652', 'TT0653', 'TT0654', 'TT0655', 'TT0656', 'TT0713', 'TT0714', 'TT0715', 'TT0716', 'TT0717', 'TT0718', 'TT0719', 'TT0720', 'TT0729', 'TT0730', 'TT0731', 'TT0732', 'TT0733', 'TT0734', 'TT0736', 'TT0793', 'TT0794', 'TT0795', 'TT0796', 'TT0797', 'TT0798', 'TT0799', 'TT0800', 'TT0809', 'TT0810', 'TT0811', 'TT0812', 'TT0813', 'TT0814', 'TT0816', 'TT0873', 'TT0874', 'TT0875', 'TT0876', 'TT0877', 'TT0878', 'TT0879', 'TT0880', 'TT0885', 'TT0889', 'TT0890', 'TT0891', 'TT0892', 'TT0894', 'TT0896', 'TT0953', 'TT0954', 'TT0955', 'TT0956', 'TT0957', 'TT0958', 'TT0959', 'TT0960', 'TT0965', 'TT0969', 'TT0970', 'TT0971', 'TT0972', 'TT0974', 'TT0976']",0.209,,0.922,HEURISTIC_NOT_FOUND,1004.766333,sw0152,sw0154,l_sw0152_sw0154,209,True,True,209,l_sw0152_sw0154,3,Q4,S5,True,deterministic evenly spaced within affected-count quantile
210,"['TT0005', 'TT0009', 'TT0010', 'TT0012', 'TT0014', 'TT0015', 'TT0016', 'TT0021', 'TT0025', 'TT0027', 'TT0030', 'TT0031', 'TT0032', 'TT0074', 'TT0075', 'TT0077', 'TT0078', 'TT0079', 'TT0080', 'TT0085', 'TT0089', 'TT0090', 'TT0091', 'TT0092', 'TT0094', 'TT0095', 'TT0096', 'TT0101', 'TT0105', 'TT0107', 'TT0110', 'TT0111', 'TT0154', 'TT0155', 'TT0157', 'TT0158', 'TT0159', 'TT0160', 'TT0165', 'TT0169', 'TT0170', 'TT0171', 'TT0172', 'TT0174', 'TT0175', 'TT0176', 'TT0185', 'TT0190', 'TT0234', 'TT0235', 'TT0236', 'TT0237', 'TT0238', 'TT0239', 'TT0240', 'TT0249', 'TT0250', 'TT0251', 'TT0252', 'TT0253', 'TT0254', 'TT0255', 'TT0256', 'TT0261', 'TT0265', 'TT0269', 'TT0314', 'TT0315', 'TT0316', 'TT0317', 'TT0318', 'TT0319', 'TT0320', 'TT0329', 'TT0330', 'TT0331', 'TT0332', 'TT0333', 'TT0334', 'TT0335', 'TT0336', 'TT0345', 'TT0348', 'TT0394', 'TT0395', 'TT0396', 'TT0397', 'TT0398', 'TT0399', 'TT0400', 'TT0409', 'TT0410', 'TT0411', 'TT0412', 'TT0413', 'TT0414', 'TT0415', 'TT0416', 'TT0425', 'TT0427', 'TT0474', 'TT0475', 'TT0476', 'TT0477', 'TT0478', 'TT0479', 'TT0480', 'TT0489', 'TT0490', 'TT0491', 'TT0492', 'TT0493', 'TT0494', 'TT0495', 'TT0496', 'TT0505', 'TT0506', 'TT0554', 'TT0555', 'TT0556', 'TT0557', 'TT0558', 'TT0559', 'TT0560', 'TT0569', 'TT0570', 'TT0571', 'TT0572', 'TT0573', 'TT0574', 'TT0575', 'TT0576', 'TT0585', 'TT0634', 'TT0635', 'TT0636', 'TT0637', 'TT0638', 'TT0639', 'TT0640', 'TT0649', 'TT0650', 'TT0651', 'TT0652', 'TT0653', 'TT0654', 'TT0655', 'TT0656', 'TT0714', 'TT0715', 'TT0716', 'TT0717', 'TT0718', 'TT0719', 'TT0720', 'TT0729', 'TT0730', 'TT0731', 'TT0732', 'TT0733', 'TT0734', 'TT0735', 'TT0736', 'TT0794', 'TT0795', 'TT0796', 'TT0797', 'TT0798', 'TT0799', 'TT0800', 'TT0809', 'TT0810', 'TT0811', 'TT0812', 'TT0813', 'TT0814', 'TT0815', 'TT0816', 'TT0874', 'TT0875', 'TT0876', 'TT0877', 'TT0878', 'TT0879', 'TT0880', 'TT0885', 'TT0889', 'TT0890', 'TT0891', 'TT0892', 'TT0894', 'TT0895', 'TT0896', 'TT0901', 'TT0954', 'TT0955', 'TT0956', 'TT0957', 'TT0958', 'TT0959', 'TT0960', 'TT0965', 'TT0969', 'TT0970', 'TT0971', 'TT0972', 'TT0974', 'TT0975', 'TT0976', 'TT0980']",0.21,,0.93,HEURISTIC_NOT_FOUND,996.282246,sw0154,sw0156,l_sw0154_sw0156,210,True,True,210,l_sw0154_sw0156,3,Q4,S5,True,deterministic evenly spaced within affected-count quantile
217,"['TT0001', 'TT0002', 'TT0003', 'TT0004', 'TT0005', 'TT0006', 'TT0007', 'TT0008', 'TT0011', 'TT0013', 'TT0017', 'TT0018', 'TT0019', 'TT0020', 'TT0022', 'TT0023', 'TT0024', 'TT0028', 'TT0029', 'TT0033', 'TT0081', 'TT0082', 'TT0083', 'TT0084', 'TT0085', 'TT0086', 'TT0087', 'TT0088', 'TT0093', 'TT0097', 'TT0098', 'TT0099', 'TT0100', 'TT0102', 'TT0103', 'TT0104', 'TT0108', 'TT0109', 'TT0113', 'TT0161', 'TT0162', 'TT0163', 'TT0164', 'TT0165', 'TT0166', 'TT0167', 'TT0168', 'TT0173', 'TT0177', 'TT0178', 'TT0179', 'TT0180', 'TT0181', 'TT0182', 'TT0183', 'TT0184', 'TT0187', 'TT0188', 'TT0189', 'TT0193', 'TT0241', 'TT0242', 'TT0243', 'TT0244', 'TT0245', 'TT0246', 'TT0247', 'TT0248', 'TT0257', 'TT0258', 'TT0259', 'TT0260', 'TT0262', 'TT0263', 'TT0264', 'TT0267', 'TT0268', 'TT0321', 'TT0322', 'TT0323', 'TT0324', 'TT0325', 'TT0326', 'TT0327', 'TT0328', 'TT0337', 'TT0338', 'TT0339', 'TT0340', 'TT0341', 'TT0342', 'TT0343', 'TT0344', 'TT0347', 'TT0401', 'TT0402', 'TT0403', 'TT0404', 'TT0405', 'TT0406', 'TT0407', 'TT0408', 'TT0417', 'TT0418', 'TT0419', 'TT0420', 'TT0421', 'TT0422', 'TT0423', 'TT0424', 'TT0481', 'TT0482', 'TT0483', 'TT0484', 'TT0485', 'TT0486', 'TT0487', 'TT0488', 'TT0497', 'TT0498', 'TT0499', 'TT0500', 'TT0501', 'TT0502', 'TT0503', 'TT0504', 'TT0561', 'TT0562', 'TT0563', 'TT0564', 'TT0565', 'TT0566', 'TT0567', 'TT0568', 'TT0577', 'TT0578', 'TT0579', 'TT0580', 'TT0581', 'TT0582', 'TT0583', 'TT0584', 'TT0641', 'TT0642', 'TT0643', 'TT0644', 'TT0645', 'TT0646', 'TT0647', 'TT0648', 'TT0657', 'TT0658', 'TT0659', 'TT0660', 'TT0661', 'TT0662', 'TT0663', 'TT0664', 'TT0721', 'TT0722', 'TT0723', 'TT0724', 'TT0725', 'TT0726', 'TT0727', 'TT0728', 'TT0737', 'TT0738', 'TT0739', 'TT0740', 'TT0741', 'TT0742', 'TT0743', 'TT0744', 'TT0801', 'TT0802', 'TT0803', 'TT0804', 'TT0805', 'TT0806', 'TT0807', 'TT0808', 'TT0817', 'TT0818', 'TT0819', 'TT0820', 'TT0821', 'TT0822', 'TT0823', 'TT0824', 'TT0881', 'TT0882', 'TT0883', 'TT0884', 'TT0885', 'TT0886', 'TT0887', 'TT0888', 'TT0893', 'TT0897', 'TT0898', 'TT0899', 'TT0900', 'TT0904', 'TT0961', 'TT0962', 'TT0963', 'TT0964', 'TT0965', 'TT0966', 'TT0967', 'TT0968', 'TT0973', 'TT0977', 'TT0978', 'TT0979', 'TT0980']",0.217,,0.934,HEURISTIC_NOT_FOUND,1047.673007,sw0161,sw0163,l_sw0161_sw0163,217,True,True,217,l_sw0161_sw0163,4,Q5,S5,True,deterministic evenly spaced within affected-count quantile
203,"['TT0009', 'TT0010', 'TT0012', 'TT0014', 'TT0015', 'TT0016', 'TT0021', 'TT0025', 'TT0026', 'TT0027', 'TT0030', 'TT0031', 'TT0032', 'TT0034', 'TT0036', 'TT0037', 'TT0079', 'TT0080', 'TT0089', 'TT0090', 'TT0091', 'TT0092', 'TT0094', 'TT0095', 'TT0096', 'TT0101', 'TT0105', 'TT0106', 'TT0107', 'TT0110', 'TT0111', 'TT0112', 'TT0114', 'TT0116', 'TT0159', 'TT0160', 'TT0169', 'TT0170', 'TT0171', 'TT0172', 'TT0174', 'TT0175', 'TT0176', 'TT0185', 'TT0186', 'TT0190', 'TT0191', 'TT0192', 'TT0194', 'TT0195', 'TT0239', 'TT0240', 'TT0249', 'TT0250', 'TT0251', 'TT0252', 'TT0253', 'TT0254', 'TT0255', 'TT0256', 'TT0261', 'TT0265', 'TT0266', 'TT0269', 'TT0270', 'TT0271', 'TT0272', 'TT0274', 'TT0319', 'TT0320', 'TT0329', 'TT0330', 'TT0331', 'TT0332', 'TT0333', 'TT0334', 'TT0335', 'TT0336', 'TT0345', 'TT0346', 'TT0348', 'TT0349', 'TT0350', 'TT0351', 'TT0352', 'TT0399', 'TT0400', 'TT0409', 'TT0410', 'TT0411', 'TT0412', 'TT0413', 'TT0414', 'TT0415', 'TT0416', 'TT0425', 'TT0426', 'TT0427', 'TT0428', 'TT0429', 'TT0430', 'TT0431', 'TT0432', 'TT0479', 'TT0480', 'TT0489', 'TT0490', 'TT0491', 'TT0492', 'TT0493', 'TT0494', 'TT0495', 'TT0496', 'TT0505', 'TT0506', 'TT0507', 'TT0508', 'TT0509', 'TT0510', 'TT0511', 'TT0559', 'TT0560', 'TT0569', 'TT0570', 'TT0571', 'TT0572', 'TT0573', 'TT0574', 'TT0575', 'TT0576', 'TT0585', 'TT0586', 'TT0587', 'TT0588', 'TT0589', 'TT0590', 'TT0639', 'TT0640', 'TT0649', 'TT0650', 'TT0651', 'TT0652', 'TT0653', 'TT0654', 'TT0655', 'TT0656', 'TT0665', 'TT0666', 'TT0667', 'TT0668', 'TT0669', 'TT0719', 'TT0720', 'TT0729', 'TT0730', 'TT0731', 'TT0732', 'TT0733', 'TT0734', 'TT0735', 'TT0736', 'TT0745', 'TT0746', 'TT0747', 'TT0748', 'TT0799', 'TT0800', 'TT0809', 'TT0810', 'TT0811', 'TT0812', 'TT0813', 'TT0814', 'TT0815', 'TT0816', 'TT0825', 'TT0826', 'TT0827', 'TT0879', 'TT0880', 'TT0889', 'TT0890', 'TT0891', 'TT0892', 'TT0894', 'TT0895', 'TT0896', 'TT0901', 'TT0903', 'TT0905', 'TT0906', 'TT0959', 'TT0960', 'TT0969', 'TT0970', 'TT0971', 'TT0972', 'TT0974', 'TT0975', 'TT0976', 'TT0981', 'TT0983', 'TT0985']",0.203,,0.942,HEURISTIC_NOT_FOUND,1032.869826,sw0164,sw0166,l_sw0164_sw0166,203,True,True,203,l_sw0164_sw0166,3,Q4,S5,True,deterministic evenly spaced within affected-count quantile
224,"['TT0001', 'TT0002', 'TT0003', 'TT0004', 'TT0005', 'TT0006', 'TT0007', 'TT0008', 'TT0011', 'TT0013', 'TT0017', 'TT0018', 'TT0019', 'TT0020', 'TT0022', 'TT0023', 'TT0024', 'TT0028', 'TT0029', 'TT0033', 'TT0035', 'TT0081', 'TT0082', 'TT0083', 'TT0084', 'TT0085', 'TT0086', 'TT0087', 'TT0088', 'TT0093', 'TT0097', 'TT0098', 'TT0099', 'TT0100', 'TT0102', 'TT0103', 'TT0104', 'TT0108', 'TT0109', 'TT0113', 'TT0115', 'TT0161', 'TT0162', 'TT0163', 'TT0164', 'TT0165', 'TT0166', 'TT0167', 'TT0168', 'TT0173', 'TT0177', 'TT0178', 'TT0179', 'TT0180', 'TT0181', 'TT0182', 'TT0183', 'TT0184', 'TT0188', 'TT0189', 'TT0193', 'TT0196', 'TT0241', 'TT0242', 'TT0243', 'TT0244', 'TT0245', 'TT0246', 'TT0247', 'TT0248', 'TT0257', 'TT0258', 'TT0259', 'TT0260', 'TT0262', 'TT0263', 'TT0264', 'TT0268', 'TT0273', 'TT0321', 'TT0322', 'TT0323', 'TT0324', 'TT0325', 'TT0326', 'TT0327', 'TT0328', 'TT0337', 'TT0338', 'TT0339', 'TT0340', 'TT0341', 'TT0342', 'TT0343', 'TT0344', 'TT0353', 'TT0401', 'TT0402', 'TT0403', 'TT0404', 'TT0405', 'TT0406', 'TT0407', 'TT0408', 'TT0417', 'TT0418', 'TT0419', 'TT0420', 'TT0421', 'TT0422', 'TT0423', 'TT0424', 'TT0481', 'TT0482', 'TT0483', 'TT0484', 'TT0485', 'TT0486', 'TT0487', 'TT0488', 'TT0497', 'TT0498', 'TT0499', 'TT0500', 'TT0501', 'TT0502', 'TT0503', 'TT0504', 'TT0561', 'TT0562', 'TT0563', 'TT0564', 'TT0565', 'TT0566', 'TT0567', 'TT0568', 'TT0577', 'TT0578', 'TT0579', 'TT0580', 'TT0581', 'TT0582', 'TT0583', 'TT0584', 'TT0641', 'TT0642', 'TT0643', 'TT0644', 'TT0645', 'TT0646', 'TT0647', 'TT0648', 'TT0657', 'TT0658', 'TT0659', 'TT0660', 'TT0661', 'TT0662', 'TT0663', 'TT0664', 'TT0721', 'TT0722', 'TT0723', 'TT0724', 'TT0725', 'TT0726', 'TT0727', 'TT0728', 'TT0737', 'TT0738', 'TT0739', 'TT0740', 'TT0741', 'TT0742', 'TT0743', 'TT0744', 'TT0801', 'TT0802', 'TT0803', 'TT0804', 'TT0805', 'TT0806', 'TT0807', 'TT0808', 'TT0817', 'TT0818', 'TT0819', 'TT0820', 'TT0821', 'TT0822', 'TT0823', 'TT0824', 'TT0881', 'TT0882', 'TT0883', 'TT0884', 'TT0885', 'TT0886', 'TT0887', 'TT0888', 'TT0893', 'TT0897', 'TT0898', 'TT0899', 'TT0900', 'TT0902', 'TT0903', 'TT0904', 'TT0961', 'TT0962', 'TT0963', 'TT0964', 'TT0965', 'TT0966', 'TT0967', 'TT0968', 'TT0973', 'TT0977', 'TT0978', 'TT0979', 'TT0980', 'TT0982', 'TT0983', 'TT0984']",0.224,,0.931,HEURISTIC_NOT_FOUND,1013.01118,sw0167,sw0169,l_sw0167_sw0169,224,True,True,224,l_sw0167_sw0169,4,Q5,S5,True,deterministic evenly spaced within affected-count quantile
205,"['TT0009', 'TT0010', 'TT0012', 'TT0014', 'TT0015', 'TT0016', 'TT0021', 'TT0025', 'TT0026', 'TT0027', 'TT0030', 'TT0031', 'TT0032', 'TT0034', 'TT0036', 'TT0037', 'TT0038', 'TT0039', 'TT0089', 'TT0090', 'TT0091', 'TT0092', 'TT0094', 'TT0095', 'TT0096', 'TT0101', 'TT0105', 'TT0106', 'TT0107', 'TT0110', 'TT0111', 'TT0112', 'TT0114', 'TT0116', 'TT0117', 'TT0118', 'TT0169', 'TT0170', 'TT0171', 'TT0172', 'TT0174', 'TT0175', 'TT0176', 'TT0185', 'TT0186', 'TT0187', 'TT0190', 'TT0191', 'TT0192', 'TT0194', 'TT0195', 'TT0197', 'TT0249', 'TT0250', 'TT0251', 'TT0252', 'TT0253', 'TT0254', 'TT0255', 'TT0256', 'TT0261', 'TT0265', 'TT0266', 'TT0267', 'TT0269', 'TT0270', 'TT0271', 'TT0272', 'TT0274', 'TT0275', 'TT0276', 'TT0329', 'TT0330', 'TT0331', 'TT0332', 'TT0333', 'TT0334', 'TT0335', 'TT0336', 'TT0345', 'TT0346', 'TT0347', 'TT0348', 'TT0349', 'TT0350', 'TT0351', 'TT0352', 'TT0354', 'TT0355', 'TT0409', 'TT0410', 'TT0411', 'TT0412', 'TT0413', 'TT0414', 'TT0415', 'TT0416', 'TT0425', 'TT0426', 'TT0427', 'TT0428', 'TT0429', 'TT0430', 'TT0431', 'TT0432', 'TT0433', 'TT0434', 'TT0489', 'TT0490', 'TT0491', 'TT0492', 'TT0493', 'TT0494', 'TT0495', 'TT0496', 'TT0505', 'TT0506', 'TT0507', 'TT0508', 'TT0509', 'TT0510', 'TT0511', 'TT0512', 'TT0513', 'TT0569', 'TT0570', 'TT0571', 'TT0572', 'TT0573', 'TT0574', 'TT0575', 'TT0576', 'TT0585', 'TT0586', 'TT0587', 'TT0588', 'TT0589', 'TT0590', 'TT0591', 'TT0592', 'TT0649', 'TT0650', 'TT0651', 'TT0652', 'TT0653', 'TT0654', 'TT0655', 'TT0656', 'TT0665', 'TT0666', 'TT0667', 'TT0668', 'TT0669', 'TT0670', 'TT0671', 'TT0729', 'TT0730', 'TT0731', 'TT0732', 'TT0733', 'TT0734', 'TT0735', 'TT0736', 'TT0745', 'TT0746', 'TT0747', 'TT0748', 'TT0749', 'TT0750', 'TT0809', 'TT0810', 'TT0811', 'TT0812', 'TT0813', 'TT0814', 'TT0815', 'TT0816', 'TT0825', 'TT0826', 'TT0827', 'TT0828', 'TT0829', 'TT0889', 'TT0890', 'TT0891', 'TT0892', 'TT0894', 'TT0895', 'TT0896', 'TT0901', 'TT0905', 'TT0906', 'TT0907', 'TT0908', 'TT0969', 'TT0970', 'TT0971', 'TT0972', 'TT0974', 'TT0975', 'TT0976', 'TT0981', 'TT0985', 'TT0986', 'TT0987']",0.205,,0.95,HEURISTIC_NOT_FOUND,1058.614657,sw0168,sw0170,l_sw0168_sw0170,205,True,True,205,l_sw0168_sw0170,3,Q4,S5,True,deterministic evenly spaced within affected-count quantile
2,"['TT0001', 'TT0999']",0.002,,0.999,HEURISTIC_NOT_FOUND,3376.382059,sw0001,sw0340,l_sw0001_sw0340,2,True,True,2,l_sw0001_sw0340,0,Q1,S6,True,deterministic evenly spaced within affected-count quantile
234,"['TT0009', 'TT0010', 'TT0011', 'TT0012', 'TT0013', 'TT0014', 'TT0015', 'TT0025', 'TT0026', 'TT0027', 'TT0028', 'TT0029', 'TT0030', 'TT0032', 'TT0043', 'TT0044', 'TT0045', 'TT0046', 'TT0057', 'TT0058', 'TT0059', 'TT0060', 'TT0062', 'TT0063', 'TT0071', 'TT0072', 'TT0073', 'TT0074', 'TT0075', 'TT0077', 'TT0078', 'TT0079', 'TT0081', 'TT0121', 'TT0126', 'TT0156', 'TT0169', 'TT0170', 'TT0173', 'TT0174', 'TT0175', 'TT0185', 'TT0188', 'TT0189', 'TT0190', 'TT0191', 'TT0192', 'TT0202', 'TT0203', 'TT0204', 'TT0205', 'TT0207', 'TT0212', 'TT0217', 'TT0218', 'TT0219', 'TT0220', 'TT0222', 'TT0223', 'TT0232', 'TT0233', 'TT0234', 'TT0235', 'TT0237', 'TT0238', 'TT0239', 'TT0266', 'TT0271', 'TT0286', 'TT0301', 'TT0316', 'TT0329', 'TT0330', 'TT0333', 'TT0334', 'TT0335', 'TT0345', 'TT0347', 'TT0348', 'TT0349', 'TT0350', 'TT0352', 'TT0357', 'TT0362', 'TT0363', 'TT0364', 'TT0365', 'TT0367', 'TT0377', 'TT0378', 'TT0379', 'TT0380', 'TT0382', 'TT0383', 'TT0392', 'TT0393', 'TT0394', 'TT0395', 'TT0397', 'TT0398', 'TT0399', 'TT0416', 'TT0446', 'TT0476', 'TT0489', 'TT0490', 'TT0492', 'TT0493', 'TT0494', 'TT0495', 'TT0501', 'TT0505', 'TT0506', 'TT0507', 'TT0508', 'TT0509', 'TT0510', 'TT0512', 'TT0522', 'TT0523', 'TT0524', 'TT0525', 'TT0526', 'TT0527', 'TT0536', 'TT0537', 'TT0538', 'TT0539', 'TT0540', 'TT0541', 'TT0542', 'TT0543', 'TT0549', 'TT0551', 'TT0552', 'TT0553', 'TT0554', 'TT0555', 'TT0556', 'TT0558', 'TT0559', 'TT0636', 'TT0649', 'TT0650', 'TT0651', 'TT0652', 'TT0653', 'TT0654', 'TT0655', 'TT0656', 'TT0665', 'TT0666', 'TT0667', 'TT0668', 'TT0669', 'TT0670', 'TT0671', 'TT0672', 'TT0681', 'TT0682', 'TT0683', 'TT0684', 'TT0685', 'TT0686', 'TT0687', 'TT0696', 'TT0697', 'TT0698', 'TT0699', 'TT0700', 'TT0702', 'TT0703', 'TT0709', 'TT0712', 'TT0713', 'TT0714', 'TT0715', 'TT0716', 'TT0718', 'TT0719', 'TT0809', 'TT0810', 'TT0811', 'TT0812', 'TT0813', 'TT0814', 'TT0815', 'TT0816', 'TT0825', 'TT0826', 'TT0827', 'TT0828', 'TT0829', 'TT0830', 'TT0831', 'TT0832', 'TT0841', 'TT0842', 'TT0843', 'TT0844', 'TT0845', 'TT0846', 'TT0847', 'TT0856', 'TT0857', 'TT0858', 'TT0859', 'TT0860', 'TT0862', 'TT0863', 'TT0869', 'TT0872', 'TT0873', 'TT0874', 'TT0875', 'TT0876', 'TT0878', 'TT0879', 'TT0969', 'TT0970', 'TT0971', 'TT0972', 'TT0973', 'TT0974', 'TT0975', 'TT0976', 'TT0985', 'TT0986', 'TT0987', 'TT0988', 'TT0989', 'TT0990', 'TT0991', 'TT0992']",0.234,,0.89,HEURISTIC_NOT_FOUND,3261.644522,sw0012,sw0014,l_sw0012_sw0014,234,True,True,234,l_sw0012_sw0014,2,Q3,S6,True,deterministic evenly spaced within affected-count quantile
236,"['TT0009', 'TT0010', 'TT0011', 'TT0012', 'TT0013', 'TT0014', 'TT0015', 'TT0025', 'TT0026', 'TT0027', 'TT0028', 'TT0029', 'TT0030', 'TT0032', 'TT0043', 'TT0044', 'TT0045', 'TT0046', 'TT0057', 'TT0058', 'TT0059', 'TT0060', 'TT0062', 'TT0063', 'TT0071', 'TT0072', 'TT0073', 'TT0074', 'TT0075', 'TT0077', 'TT0078', 'TT0079', 'TT0081', 'TT0121', 'TT0126', 'TT0156', 'TT0169', 'TT0170', 'TT0173', 'TT0174', 'TT0175', 'TT0185', 'TT0188', 'TT0189', 'TT0190', 'TT0191', 'TT0192', 'TT0202', 'TT0203', 'TT0204', 'TT0205', 'TT0207', 'TT0212', 'TT0217', 'TT0218', 'TT0219', 'TT0220', 'TT0222', 'TT0223', 'TT0232', 'TT0233', 'TT0234', 'TT0235', 'TT0237', 'TT0238', 'TT0239', 'TT0266', 'TT0271', 'TT0286', 'TT0301', 'TT0316', 'TT0329', 'TT0330', 'TT0333', 'TT0334', 'TT0335', 'TT0345', 'TT0347', 'TT0348', 'TT0349', 'TT0350', 'TT0352', 'TT0357', 'TT0362', 'TT0363', 'TT0364', 'TT0365', 'TT0367', 'TT0377', 'TT0378', 'TT0379', 'TT0380', 'TT0382', 'TT0383', 'TT0392', 'TT0393', 'TT0394', 'TT0395', 'TT0397', 'TT0398', 'TT0399', 'TT0406', 'TT0416', 'TT0446', 'TT0476', 'TT0489', 'TT0490', 'TT0492', 'TT0493', 'TT0494', 'TT0495', 'TT0501', 'TT0505', 'TT0506', 'TT0507', 'TT0508', 'TT0509', 'TT0510', 'TT0512', 'TT0522', 'TT0523', 'TT0524', 'TT0525', 'TT0526', 'TT0527', 'TT0536', 'TT0537', 'TT0538', 'TT0539', 'TT0540', 'TT0542', 'TT0543', 'TT0549', 'TT0551', 'TT0552', 'TT0553', 'TT0554', 'TT0555', 'TT0556', 'TT0558', 'TT0559', 'TT0636', 'TT0649', 'TT0650', 'TT0651', 'TT0652', 'TT0653', 'TT0654', 'TT0655', 'TT0656', 'TT0665', 'TT0666', 'TT0667', 'TT0668', 'TT0669', 'TT0670', 'TT0671', 'TT0672', 'TT0681', 'TT0682', 'TT0683', 'TT0684', 'TT0685', 'TT0686', 'TT0687', 'TT0696', 'TT0697', 'TT0698', 'TT0699', 'TT0700', 'TT0701', 'TT0702', 'TT0703', 'TT0709', 'TT0712', 'TT0713', 'TT0714', 'TT0715', 'TT0716', 'TT0718', 'TT0719', 'TT0809', 'TT0810', 'TT0811', 'TT0812', 'TT0813', 'TT0814', 'TT0815', 'TT0816', 'TT0825', 'TT0826', 'TT0827', 'TT0828', 'TT0829', 'TT0830', 'TT0831', 'TT0832', 'TT0841', 'TT0842', 'TT0843', 'TT0844', 'TT0845', 'TT0846', 'TT0847', 'TT0856', 'TT0857', 'TT0858', 'TT0859', 'TT0860', 'TT0861', 'TT0862', 'TT0863', 'TT0869', 'TT0872', 'TT0873', 'TT0874', 'TT0875', 'TT0876', 'TT0878', 'TT0879', 'TT0969', 'TT0970', 'TT0971', 'TT0972', 'TT0973', 'TT0974', 'TT0975', 'TT0976', 'TT0985', 'TT0986', 'TT0987', 'TT0988', 'TT0989', 'TT0990', 'TT0991', 'TT0992']",0.236,,0.895,HEURISTIC_NOT_FOUND,3234.182805,sw0016,sw0018,l_sw0016_sw0018,236,True,True,236,l_sw0016_sw0018,2,Q3,S6,True,deterministic evenly spaced within affected-count quantile
240,"['TT0013', 'TT0014', 'TT0015', 'TT0025', 'TT0026', 'TT0027', 'TT0028', 'TT0029', 'TT0030', 'TT0032', 'TT0043', 'TT0044', 'TT0045', 'TT0046', 'TT0048', 'TT0057', 'TT0058', 'TT0059', 'TT0060', 'TT0062', 'TT0063', 'TT0071', 'TT0072', 'TT0073', 'TT0074', 'TT0075', 'TT0077', 'TT0078', 'TT0079', 'TT0081', 'TT0088', 'TT0089', 'TT0090', 'TT0121', 'TT0126', 'TT0156', 'TT0171', 'TT0173', 'TT0174', 'TT0175', 'TT0185', 'TT0188', 'TT0189', 'TT0190', 'TT0191', 'TT0192', 'TT0202', 'TT0203', 'TT0204', 'TT0205', 'TT0207', 'TT0208', 'TT0212', 'TT0217', 'TT0218', 'TT0219', 'TT0220', 'TT0222', 'TT0223', 'TT0232', 'TT0233', 'TT0234', 'TT0235', 'TT0237', 'TT0238', 'TT0239', 'TT0247', 'TT0248', 'TT0249', 'TT0250', 'TT0266', 'TT0271', 'TT0286', 'TT0301', 'TT0316', 'TT0331', 'TT0332', 'TT0333', 'TT0334', 'TT0335', 'TT0345', 'TT0347', 'TT0348', 'TT0349', 'TT0350', 'TT0352', 'TT0357', 'TT0362', 'TT0363', 'TT0364', 'TT0365', 'TT0367', 'TT0368', 'TT0377', 'TT0378', 'TT0379', 'TT0380', 'TT0382', 'TT0383', 'TT0392', 'TT0393', 'TT0394', 'TT0395', 'TT0397', 'TT0398', 'TT0399', 'TT0407', 'TT0408', 'TT0409', 'TT0416', 'TT0446', 'TT0476', 'TT0491', 'TT0493', 'TT0494', 'TT0495', 'TT0501', 'TT0505', 'TT0506', 'TT0507', 'TT0508', 'TT0509', 'TT0510', 'TT0512', 'TT0522', 'TT0523', 'TT0524', 'TT0525', 'TT0526', 'TT0527', 'TT0528', 'TT0536', 'TT0537', 'TT0538', 'TT0539', 'TT0540', 'TT0542', 'TT0543', 'TT0549', 'TT0551', 'TT0552', 'TT0553', 'TT0554', 'TT0555', 'TT0556', 'TT0558', 'TT0559', 'TT0565', 'TT0567', 'TT0568', 'TT0636', 'TT0653', 'TT0654', 'TT0655', 'TT0656', 'TT0665', 'TT0666', 'TT0667', 'TT0668', 'TT0669', 'TT0670', 'TT0671', 'TT0672', 'TT0681', 'TT0682', 'TT0683', 'TT0684', 'TT0685', 'TT0686', 'TT0687', 'TT0688', 'TT0696', 'TT0697', 'TT0698', 'TT0699', 'TT0700', 'TT0701', 'TT0702', 'TT0703', 'TT0709', 'TT0712', 'TT0713', 'TT0714', 'TT0715', 'TT0716', 'TT0718', 'TT0719', 'TT0725', 'TT0727', 'TT0813', 'TT0814', 'TT0815', 'TT0816', 'TT0825', 'TT0826', 'TT0827', 'TT0828', 'TT0829', 'TT0830', 'TT0831', 'TT0832', 'TT0841', 'TT0842', 'TT0843', 'TT0844', 'TT0845', 'TT0846', 'TT0847', 'TT0848', 'TT0856', 'TT0857', 'TT0858', 'TT0859', 'TT0860', 'TT0861', 'TT0862', 'TT0863', 'TT0869', 'TT0872', 'TT0873', 'TT0874', 'TT0875', 'TT0876', 'TT0878', 'TT0879', 'TT0883', 'TT0885', 'TT0886', 'TT0973', 'TT0974', 'TT0975', 'TT0976', 'TT0985', 'TT0986', 'TT0987', 'TT0988', 'TT0989', 'TT0990', 'TT0991', 'TT0992']",0.24,,0.903,HEURISTIC_NOT_FOUND,3303.816722,sw0024,sw0026,l_sw0024_sw0026,240,True,True,240,l_sw0024_sw0026,3,Q4,S6,True,deterministic evenly spaced within affected-count quantile
231,"['TT0025', 'TT0026', 'TT0027', 'TT0028', 'TT0029', 'TT0030', 'TT0032', 'TT0043', 'TT0044', 'TT0045', 'TT0046', 'TT0048', 'TT0057', 'TT0058', 'TT0059', 'TT0060', 'TT0062', 'TT0063', 'TT0071', 'TT0072', 'TT0073', 'TT0074', 'TT0075', 'TT0077', 'TT0078', 'TT0079', 'TT0081', 'TT0088', 'TT0089', 'TT0090', 'TT0092', 'TT0093', 'TT0094', 'TT0095', 'TT0121', 'TT0126', 'TT0156', 'TT0171', 'TT0176', 'TT0185', 'TT0188', 'TT0189', 'TT0190', 'TT0191', 'TT0192', 'TT0202', 'TT0203', 'TT0204', 'TT0205', 'TT0207', 'TT0208', 'TT0212', 'TT0217', 'TT0218', 'TT0219', 'TT0220', 'TT0222', 'TT0223', 'TT0232', 'TT0233', 'TT0234', 'TT0235', 'TT0237', 'TT0238', 'TT0239', 'TT0248', 'TT0249', 'TT0250', 'TT0252', 'TT0253', 'TT0254', 'TT0266', 'TT0271', 'TT0286', 'TT0301', 'TT0316', 'TT0331', 'TT0332', 'TT0336', 'TT0345', 'TT0347', 'TT0348', 'TT0349', 'TT0350', 'TT0352', 'TT0357', 'TT0362', 'TT0363', 'TT0364', 'TT0365', 'TT0367', 'TT0368', 'TT0377', 'TT0378', 'TT0379', 'TT0380', 'TT0382', 'TT0383', 'TT0392', 'TT0393', 'TT0394', 'TT0395', 'TT0397', 'TT0398', 'TT0399', 'TT0408', 'TT0409', 'TT0410', 'TT0411', 'TT0412', 'TT0413', 'TT0446', 'TT0476', 'TT0491', 'TT0496', 'TT0501', 'TT0505', 'TT0506', 'TT0507', 'TT0508', 'TT0509', 'TT0510', 'TT0512', 'TT0522', 'TT0523', 'TT0524', 'TT0525', 'TT0526', 'TT0527', 'TT0528', 'TT0536', 'TT0537', 'TT0538', 'TT0539', 'TT0540', 'TT0542', 'TT0543', 'TT0551', 'TT0552', 'TT0553', 'TT0554', 'TT0555', 'TT0556', 'TT0558', 'TT0559', 'TT0565', 'TT0568', 'TT0569', 'TT0570', 'TT0571', 'TT0572', 'TT0636', 'TT0665', 'TT0666', 'TT0667', 'TT0668', 'TT0669', 'TT0670', 'TT0671', 'TT0672', 'TT0681', 'TT0682', 'TT0683', 'TT0684', 'TT0685', 'TT0686', 'TT0687', 'TT0688', 'TT0696', 'TT0697', 'TT0698', 'TT0699', 'TT0700', 'TT0701', 'TT0702', 'TT0703', 'TT0712', 'TT0713', 'TT0714', 'TT0715', 'TT0716', 'TT0718', 'TT0719', 'TT0725', 'TT0728', 'TT0729', 'TT0730', 'TT0731', 'TT0825', 'TT0826', 'TT0827', 'TT0828', 'TT0829', 'TT0830', 'TT0831', 'TT0832', 'TT0841', 'TT0842', 'TT0843', 'TT0844', 'TT0845', 'TT0846', 'TT0847', 'TT0848', 'TT0856', 'TT0857', 'TT0858', 'TT0859', 'TT0860', 'TT0861', 'TT0862', 'TT0863', 'TT0872', 'TT0873', 'TT0874', 'TT0875', 'TT0876', 'TT0878', 'TT0879', 'TT0885', 'TT0888', 'TT0889', 'TT0890', 'TT0985', 'TT0986', 'TT0987', 'TT0988', 'TT0989', 'TT0990', 'TT0991', 'TT0992']",0.231,,0.904,HEURISTIC_NOT_FOUND,3320.550189,sw0032,sw0034,l_sw0032_sw0034,231,True,True,231,l_sw0032_sw0034,2,Q3,S6,True,deterministic evenly spaced within affected-count quantile
243,"['TT0020', 'TT0022', 'TT0023', 'TT0024', 'TT0031', 'TT0033', 'TT0034', 'TT0035', 'TT0036', 'TT0037', 'TT0038', 'TT0039', 'TT0040', 'TT0042', 'TT0047', 'TT0049', 'TT0050', 'TT0051', 'TT0052', 'TT0053', 'TT0054', 'TT0055', 'TT0064', 'TT0065', 'TT0067', 'TT0068', 'TT0069', 'TT0070', 'TT0080', 'TT0082', 'TT0083', 'TT0084', 'TT0085', 'TT0086', 'TT0087', 'TT0091', 'TT0097', 'TT0098', 'TT0161', 'TT0166', 'TT0180', 'TT0182', 'TT0183', 'TT0184', 'TT0187', 'TT0193', 'TT0194', 'TT0195', 'TT0198', 'TT0199', 'TT0200', 'TT0209', 'TT0210', 'TT0213', 'TT0214', 'TT0215', 'TT0224', 'TT0225', 'TT0227', 'TT0228', 'TT0229', 'TT0230', 'TT0240', 'TT0242', 'TT0243', 'TT0244', 'TT0245', 'TT0246', 'TT0247', 'TT0251', 'TT0256', 'TT0257', 'TT0261', 'TT0296', 'TT0306', 'TT0311', 'TT0326', 'TT0327', 'TT0340', 'TT0342', 'TT0343', 'TT0344', 'TT0353', 'TT0354', 'TT0355', 'TT0358', 'TT0359', 'TT0360', 'TT0369', 'TT0370', 'TT0372', 'TT0373', 'TT0374', 'TT0375', 'TT0384', 'TT0385', 'TT0386', 'TT0387', 'TT0388', 'TT0389', 'TT0390', 'TT0391', 'TT0396', 'TT0400', 'TT0402', 'TT0403', 'TT0404', 'TT0405', 'TT0407', 'TT0451', 'TT0456', 'TT0481', 'TT0486', 'TT0500', 'TT0502', 'TT0503', 'TT0504', 'TT0513', 'TT0514', 'TT0515', 'TT0517', 'TT0518', 'TT0519', 'TT0520', 'TT0521', 'TT0529', 'TT0530', 'TT0531', 'TT0532', 'TT0533', 'TT0534', 'TT0535', 'TT0536', 'TT0541', 'TT0544', 'TT0545', 'TT0546', 'TT0547', 'TT0548', 'TT0549', 'TT0550', 'TT0557', 'TT0560', 'TT0561', 'TT0562', 'TT0563', 'TT0564', 'TT0566', 'TT0567', 'TT0573', 'TT0631', 'TT0660', 'TT0661', 'TT0662', 'TT0663', 'TT0664', 'TT0673', 'TT0674', 'TT0675', 'TT0676', 'TT0677', 'TT0678', 'TT0679', 'TT0680', 'TT0689', 'TT0690', 'TT0691', 'TT0692', 'TT0693', 'TT0694', 'TT0695', 'TT0696', 'TT0704', 'TT0705', 'TT0706', 'TT0707', 'TT0708', 'TT0709', 'TT0710', 'TT0711', 'TT0717', 'TT0720', 'TT0721', 'TT0722', 'TT0723', 'TT0724', 'TT0726', 'TT0727', 'TT0732', 'TT0733', 'TT0820', 'TT0821', 'TT0822', 'TT0823', 'TT0824', 'TT0833', 'TT0834', 'TT0835', 'TT0836', 'TT0837', 'TT0838', 'TT0839', 'TT0840', 'TT0849', 'TT0850', 'TT0851', 'TT0852', 'TT0853', 'TT0854', 'TT0855', 'TT0856', 'TT0864', 'TT0865', 'TT0866', 'TT0867', 'TT0868', 'TT0869', 'TT0870', 'TT0871', 'TT0877', 'TT0880', 'TT0881', 'TT0882', 'TT0883', 'TT0884', 'TT0886', 'TT0887', 'TT0891', 'TT0892', 'TT0893', 'TT0980', 'TT0981', 'TT0982', 'TT0983', 'TT0984', 'TT0993', 'TT0994', 'TT0995', 'TT0996', 'TT0997', 'TT0998', 'TT0999', 'TT1000']",0.243,,0.907,HEURISTIC_NOT_FOUND,3231.687982,sw0039,sw0041,l_sw0039_sw0041,243,True,True,243,l_sw0039_sw0041,4,Q5,S6,True,deterministic evenly spaced within affected-count quantile
229,"['TT0021', 'TT0031', 'TT0033', 'TT0034', 'TT0035', 'TT0036', 'TT0037', 'TT0038', 'TT0039', 'TT0040', 'TT0042', 'TT0047', 'TT0049', 'TT0050', 'TT0051', 'TT0052', 'TT0053', 'TT0054', 'TT0055', 'TT0065', 'TT0067', 'TT0068', 'TT0069', 'TT0070', 'TT0080', 'TT0082', 'TT0083', 'TT0084', 'TT0085', 'TT0086', 'TT0087', 'TT0091', 'TT0097', 'TT0098', 'TT0099', 'TT0100', 'TT0101', 'TT0102', 'TT0103', 'TT0161', 'TT0166', 'TT0181', 'TT0193', 'TT0194', 'TT0195', 'TT0198', 'TT0199', 'TT0200', 'TT0209', 'TT0210', 'TT0213', 'TT0214', 'TT0215', 'TT0225', 'TT0227', 'TT0228', 'TT0229', 'TT0230', 'TT0240', 'TT0242', 'TT0243', 'TT0244', 'TT0245', 'TT0246', 'TT0247', 'TT0251', 'TT0256', 'TT0257', 'TT0258', 'TT0259', 'TT0260', 'TT0262', 'TT0263', 'TT0296', 'TT0306', 'TT0311', 'TT0326', 'TT0327', 'TT0341', 'TT0353', 'TT0354', 'TT0355', 'TT0358', 'TT0359', 'TT0360', 'TT0369', 'TT0370', 'TT0372', 'TT0373', 'TT0374', 'TT0375', 'TT0385', 'TT0386', 'TT0387', 'TT0388', 'TT0389', 'TT0390', 'TT0391', 'TT0396', 'TT0400', 'TT0402', 'TT0403', 'TT0404', 'TT0405', 'TT0407', 'TT0417', 'TT0418', 'TT0419', 'TT0420', 'TT0422', 'TT0423', 'TT0451', 'TT0456', 'TT0481', 'TT0486', 'TT0513', 'TT0514', 'TT0515', 'TT0517', 'TT0518', 'TT0519', 'TT0520', 'TT0521', 'TT0529', 'TT0530', 'TT0531', 'TT0532', 'TT0533', 'TT0534', 'TT0535', 'TT0536', 'TT0541', 'TT0545', 'TT0546', 'TT0547', 'TT0548', 'TT0549', 'TT0550', 'TT0560', 'TT0561', 'TT0562', 'TT0563', 'TT0564', 'TT0566', 'TT0567', 'TT0573', 'TT0576', 'TT0577', 'TT0578', 'TT0579', 'TT0580', 'TT0631', 'TT0673', 'TT0674', 'TT0675', 'TT0676', 'TT0677', 'TT0678', 'TT0679', 'TT0680', 'TT0689', 'TT0690', 'TT0691', 'TT0692', 'TT0693', 'TT0694', 'TT0695', 'TT0696', 'TT0705', 'TT0706', 'TT0707', 'TT0708', 'TT0709', 'TT0710', 'TT0711', 'TT0720', 'TT0721', 'TT0722', 'TT0723', 'TT0724', 'TT0726', 'TT0727', 'TT0733', 'TT0736', 'TT0737', 'TT0738', 'TT0739', 'TT0833', 'TT0834', 'TT0835', 'TT0836', 'TT0837', 'TT0838', 'TT0839', 'TT0840', 'TT0849', 'TT0850', 'TT0851', 'TT0852', 'TT0853', 'TT0854', 'TT0855', 'TT0856', 'TT0865', 'TT0866', 'TT0867', 'TT0868', 'TT0869', 'TT0870', 'TT0871', 'TT0880', 'TT0881', 'TT0882', 'TT0883', 'TT0884', 'TT0886', 'TT0887', 'TT0893', 'TT0896', 'TT0897', 'TT0898', 'TT0993', 'TT0994', 'TT0995', 'TT0996', 'TT0997', 'TT0998', 'TT0999', 'TT1000']",0.229,,0.914,HEURISTIC_NOT_FOUND,3292.067184,sw0055,sw0057,l_sw0055_sw0057,229,True,True,229,l_sw0055_sw0057,1,Q2,S6,True,deterministic evenly spaced within affected-count quantile
5,"['TT0111', 'TT0271', 'TT0565', 'TT0725', 'TT0885']",0.005,,0.995,HEURISTIC_NOT_FOUND,3336.087867,sw0066,sw0067,l_sw0066_sw0067,5,True,True,5,l_sw0066_sw0067,1,Q2,S6,True,deterministic evenly spaced within affected-count quantile
242,"['TT0021', 'TT0033', 'TT0034', 'TT0035', 'TT0036', 'TT0037', 'TT0038', 'TT0039', 'TT0040', 'TT0042', 'TT0047', 'TT0049', 'TT0050', 'TT0051', 'TT0052', 'TT0053', 'TT0054', 'TT0055', 'TT0065', 'TT0067', 'TT0068', 'TT0069', 'TT0070', 'TT0080', 'TT0082', 'TT0083', 'TT0084', 'TT0085', 'TT0086', 'TT0087', 'TT0091', 'TT0097', 'TT0098', 'TT0099', 'TT0100', 'TT0101', 'TT0102', 'TT0103', 'TT0106', 'TT0111', 'TT0161', 'TT0166', 'TT0181', 'TT0193', 'TT0194', 'TT0195', 'TT0198', 'TT0199', 'TT0200', 'TT0209', 'TT0210', 'TT0213', 'TT0214', 'TT0215', 'TT0225', 'TT0227', 'TT0228', 'TT0229', 'TT0230', 'TT0240', 'TT0242', 'TT0243', 'TT0244', 'TT0245', 'TT0246', 'TT0247', 'TT0251', 'TT0256', 'TT0257', 'TT0258', 'TT0259', 'TT0260', 'TT0262', 'TT0263', 'TT0271', 'TT0296', 'TT0306', 'TT0311', 'TT0326', 'TT0327', 'TT0341', 'TT0353', 'TT0354', 'TT0355', 'TT0358', 'TT0359', 'TT0360', 'TT0369', 'TT0370', 'TT0372', 'TT0373', 'TT0374', 'TT0375', 'TT0385', 'TT0386', 'TT0387', 'TT0388', 'TT0389', 'TT0390', 'TT0391', 'TT0396', 'TT0400', 'TT0402', 'TT0403', 'TT0404', 'TT0405', 'TT0407', 'TT0417', 'TT0418', 'TT0419', 'TT0420', 'TT0422', 'TT0423', 'TT0451', 'TT0456', 'TT0481', 'TT0486', 'TT0513', 'TT0514', 'TT0515', 'TT0517', 'TT0518', 'TT0519', 'TT0520', 'TT0521', 'TT0529', 'TT0530', 'TT0531', 'TT0532', 'TT0533', 'TT0534', 'TT0535', 'TT0536', 'TT0541', 'TT0545', 'TT0546', 'TT0547', 'TT0548', 'TT0549', 'TT0550', 'TT0560', 'TT0561', 'TT0562', 'TT0563', 'TT0564', 'TT0565', 'TT0566', 'TT0567', 'TT0573', 'TT0576', 'TT0577', 'TT0578', 'TT0579', 'TT0580', 'TT0582', 'TT0583', 'TT0631', 'TT0673', 'TT0674', 'TT0675', 'TT0676', 'TT0677', 'TT0678', 'TT0679', 'TT0680', 'TT0689', 'TT0690', 'TT0691', 'TT0692', 'TT0693', 'TT0694', 'TT0695', 'TT0696', 'TT0705', 'TT0706', 'TT0707', 'TT0708', 'TT0709', 'TT0710', 'TT0711', 'TT0720', 'TT0721', 'TT0722', 'TT0723', 'TT0724', 'TT0725', 'TT0726', 'TT0727', 'TT0733', 'TT0736', 'TT0737', 'TT0738', 'TT0739', 'TT0740', 'TT0742', 'TT0743', 'TT0833', 'TT0834', 'TT0835', 'TT0836', 'TT0837', 'TT0838', 'TT0839', 'TT0840', 'TT0849', 'TT0850', 'TT0851', 'TT0852', 'TT0853', 'TT0854', 'TT0855', 'TT0856', 'TT0865', 'TT0866', 'TT0867', 'TT0868', 'TT0869', 'TT0870', 'TT0871', 'TT0880', 'TT0881', 'TT0882', 'TT0883', 'TT0884', 'TT0885', 'TT0886', 'TT0887', 'TT0893', 'TT0896', 'TT0897', 'TT0898', 'TT0899', 'TT0900', 'TT0903', 'TT0993', 'TT0994', 'TT0995', 'TT0996', 'TT0997', 'TT0998', 'TT0999', 'TT1000']",0.242,,0.906,HEURISTIC_NOT_FOUND,3275.132405,sw0067,sw0069,l_sw0067_sw0069,242,True,True,242,l_sw0067_sw0069,3,Q4,S6,True,deterministic evenly spaced within affected-count quantile
234,"['TT0043', 'TT0044', 'TT0045', 'TT0046', 'TT0048', 'TT0056', 'TT0057', 'TT0058', 'TT0059', 'TT0060', 'TT0062', 'TT0063', 'TT0064', 'TT0071', 'TT0073', 'TT0074', 'TT0075', 'TT0077', 'TT0078', 'TT0079', 'TT0081', 'TT0088', 'TT0089', 'TT0090', 'TT0092', 'TT0093', 'TT0094', 'TT0095', 'TT0096', 'TT0104', 'TT0105', 'TT0107', 'TT0108', 'TT0109', 'TT0110', 'TT0121', 'TT0126', 'TT0156', 'TT0171', 'TT0176', 'TT0186', 'TT0202', 'TT0203', 'TT0204', 'TT0205', 'TT0207', 'TT0208', 'TT0212', 'TT0217', 'TT0218', 'TT0219', 'TT0220', 'TT0222', 'TT0223', 'TT0224', 'TT0233', 'TT0234', 'TT0235', 'TT0237', 'TT0238', 'TT0239', 'TT0248', 'TT0249', 'TT0250', 'TT0252', 'TT0253', 'TT0254', 'TT0255', 'TT0264', 'TT0265', 'TT0267', 'TT0268', 'TT0269', 'TT0270', 'TT0286', 'TT0301', 'TT0316', 'TT0331', 'TT0332', 'TT0336', 'TT0346', 'TT0351', 'TT0362', 'TT0363', 'TT0364', 'TT0365', 'TT0367', 'TT0368', 'TT0377', 'TT0378', 'TT0379', 'TT0380', 'TT0382', 'TT0383', 'TT0384', 'TT0393', 'TT0394', 'TT0395', 'TT0397', 'TT0398', 'TT0399', 'TT0408', 'TT0409', 'TT0410', 'TT0411', 'TT0412', 'TT0413', 'TT0414', 'TT0415', 'TT0421', 'TT0424', 'TT0425', 'TT0426', 'TT0427', 'TT0428', 'TT0429', 'TT0430', 'TT0431', 'TT0446', 'TT0476', 'TT0491', 'TT0496', 'TT0511', 'TT0522', 'TT0523', 'TT0524', 'TT0525', 'TT0526', 'TT0527', 'TT0528', 'TT0537', 'TT0538', 'TT0539', 'TT0540', 'TT0542', 'TT0543', 'TT0544', 'TT0551', 'TT0553', 'TT0554', 'TT0555', 'TT0556', 'TT0557', 'TT0558', 'TT0559', 'TT0568', 'TT0569', 'TT0570', 'TT0571', 'TT0572', 'TT0574', 'TT0575', 'TT0581', 'TT0584', 'TT0585', 'TT0586', 'TT0587', 'TT0588', 'TT0590', 'TT0591', 'TT0636', 'TT0681', 'TT0682', 'TT0683', 'TT0684', 'TT0685', 'TT0686', 'TT0687', 'TT0688', 'TT0697', 'TT0698', 'TT0699', 'TT0700', 'TT0701', 'TT0702', 'TT0703', 'TT0704', 'TT0713', 'TT0714', 'TT0715', 'TT0716', 'TT0717', 'TT0718', 'TT0719', 'TT0728', 'TT0729', 'TT0730', 'TT0731', 'TT0732', 'TT0734', 'TT0735', 'TT0741', 'TT0744', 'TT0745', 'TT0746', 'TT0747', 'TT0748', 'TT0750', 'TT0841', 'TT0842', 'TT0843', 'TT0844', 'TT0845', 'TT0846', 'TT0847', 'TT0848', 'TT0857', 'TT0858', 'TT0859', 'TT0860', 'TT0861', 'TT0862', 'TT0863', 'TT0864', 'TT0873', 'TT0874', 'TT0875', 'TT0876', 'TT0877', 'TT0878', 'TT0879', 'TT0888', 'TT0889', 'TT0890', 'TT0891', 'TT0892', 'TT0894', 'TT0895', 'TT0901', 'TT0902', 'TT0904', 'TT0905', 'TT0906', 'TT0908']",0.234,,0.907,HEURISTIC_NOT_FOUND,3264.501226,sw0076,sw0078,l_sw0076_sw0078,234,True,True,234,l_sw0076_sw0078,2,Q3,S6,True,deterministic evenly spaced within affected-count quantile
239,"['TT0043', 'TT0044', 'TT0045', 'TT0046', 'TT0048', 'TT0056', 'TT0057', 'TT0058', 'TT0059', 'TT0060', 'TT0062', 'TT0063', 'TT0064', 'TT0071', 'TT0073', 'TT0074', 'TT0075', 'TT0077', 'TT0078', 'TT0079', 'TT0081', 'TT0088', 'TT0089', 'TT0090', 'TT0092', 'TT0093', 'TT0094', 'TT0095', 'TT0096', 'TT0104', 'TT0105', 'TT0107', 'TT0108', 'TT0109', 'TT0110', 'TT0121', 'TT0126', 'TT0156', 'TT0171', 'TT0176', 'TT0186', 'TT0202', 'TT0203', 'TT0204', 'TT0205', 'TT0207', 'TT0208', 'TT0212', 'TT0217', 'TT0218', 'TT0219', 'TT0220', 'TT0222', 'TT0223', 'TT0224', 'TT0233', 'TT0234', 'TT0235', 'TT0237', 'TT0238', 'TT0239', 'TT0248', 'TT0249', 'TT0250', 'TT0252', 'TT0253', 'TT0254', 'TT0255', 'TT0264', 'TT0265', 'TT0267', 'TT0268', 'TT0269', 'TT0270', 'TT0276', 'TT0286', 'TT0301', 'TT0316', 'TT0331', 'TT0332', 'TT0336', 'TT0346', 'TT0351', 'TT0362', 'TT0363', 'TT0364', 'TT0365', 'TT0367', 'TT0368', 'TT0377', 'TT0378', 'TT0379', 'TT0380', 'TT0382', 'TT0383', 'TT0384', 'TT0393', 'TT0394', 'TT0395', 'TT0397', 'TT0398', 'TT0399', 'TT0408', 'TT0409', 'TT0410', 'TT0411', 'TT0412', 'TT0413', 'TT0414', 'TT0415', 'TT0421', 'TT0424', 'TT0425', 'TT0426', 'TT0427', 'TT0428', 'TT0429', 'TT0430', 'TT0431', 'TT0446', 'TT0476', 'TT0491', 'TT0496', 'TT0511', 'TT0522', 'TT0523', 'TT0524', 'TT0525', 'TT0526', 'TT0527', 'TT0528', 'TT0537', 'TT0538', 'TT0539', 'TT0540', 'TT0542', 'TT0543', 'TT0544', 'TT0551', 'TT0553', 'TT0554', 'TT0555', 'TT0556', 'TT0557', 'TT0558', 'TT0559', 'TT0568', 'TT0569', 'TT0570', 'TT0571', 'TT0572', 'TT0574', 'TT0575', 'TT0581', 'TT0584', 'TT0585', 'TT0586', 'TT0587', 'TT0588', 'TT0590', 'TT0591', 'TT0636', 'TT0681', 'TT0682', 'TT0683', 'TT0684', 'TT0685', 'TT0686', 'TT0687', 'TT0688', 'TT0697', 'TT0698', 'TT0699', 'TT0700', 'TT0701', 'TT0702', 'TT0703', 'TT0704', 'TT0713', 'TT0714', 'TT0715', 'TT0716', 'TT0717', 'TT0718', 'TT0719', 'TT0728', 'TT0729', 'TT0730', 'TT0731', 'TT0732', 'TT0734', 'TT0735', 'TT0741', 'TT0744', 'TT0745', 'TT0746', 'TT0747', 'TT0748', 'TT0750', 'TT0751', 'TT0841', 'TT0842', 'TT0843', 'TT0844', 'TT0845', 'TT0846', 'TT0847', 'TT0848', 'TT0857', 'TT0858', 'TT0859', 'TT0860', 'TT0861', 'TT0862', 'TT0863', 'TT0864', 'TT0873', 'TT0874', 'TT0875', 'TT0876', 'TT0877', 'TT0878', 'TT0879', 'TT0888', 'TT0889', 'TT0890', 'TT0891', 'TT0892', 'TT0894', 'TT0895', 'TT0901', 'TT0902', 'TT0904', 'TT0905', 'TT0906', 'TT0907', 'TT0908', 'TT0910', 'TT0911']",0.239,,0.901,HEURISTIC_NOT_FOUND,3290.705747,sw0080,sw0082,l_sw0080_sw0082,239,True,True,239,l_sw0080_sw0082,3,Q4,S6,True,deterministic evenly spaced within affected-count quantile
235,"['TT0021', 'TT0040', 'TT0042', 'TT0047', 'TT0049', 'TT0050', 'TT0051', 'TT0052', 'TT0053', 'TT0054', 'TT0055', 'TT0065', 'TT0067', 'TT0068', 'TT0069', 'TT0070', 'TT0072', 'TT0080', 'TT0082', 'TT0083', 'TT0084', 'TT0085', 'TT0086', 'TT0087', 'TT0091', 'TT0097', 'TT0098', 'TT0099', 'TT0100', 'TT0101', 'TT0102', 'TT0103', 'TT0106', 'TT0111', 'TT0112', 'TT0113', 'TT0114', 'TT0115', 'TT0116', 'TT0117', 'TT0118', 'TT0161', 'TT0166', 'TT0181', 'TT0196', 'TT0197', 'TT0200', 'TT0209', 'TT0210', 'TT0213', 'TT0214', 'TT0215', 'TT0225', 'TT0227', 'TT0228', 'TT0229', 'TT0230', 'TT0232', 'TT0240', 'TT0242', 'TT0243', 'TT0244', 'TT0245', 'TT0246', 'TT0247', 'TT0251', 'TT0256', 'TT0257', 'TT0258', 'TT0259', 'TT0260', 'TT0262', 'TT0263', 'TT0272', 'TT0273', 'TT0274', 'TT0275', 'TT0277', 'TT0296', 'TT0306', 'TT0311', 'TT0326', 'TT0327', 'TT0341', 'TT0356', 'TT0360', 'TT0369', 'TT0370', 'TT0372', 'TT0373', 'TT0374', 'TT0375', 'TT0385', 'TT0386', 'TT0387', 'TT0388', 'TT0389', 'TT0390', 'TT0391', 'TT0392', 'TT0396', 'TT0400', 'TT0402', 'TT0403', 'TT0404', 'TT0405', 'TT0407', 'TT0417', 'TT0418', 'TT0419', 'TT0420', 'TT0422', 'TT0423', 'TT0432', 'TT0433', 'TT0434', 'TT0435', 'TT0451', 'TT0456', 'TT0481', 'TT0486', 'TT0516', 'TT0520', 'TT0521', 'TT0529', 'TT0530', 'TT0531', 'TT0532', 'TT0533', 'TT0534', 'TT0535', 'TT0536', 'TT0541', 'TT0545', 'TT0546', 'TT0547', 'TT0548', 'TT0549', 'TT0550', 'TT0552', 'TT0560', 'TT0561', 'TT0562', 'TT0563', 'TT0564', 'TT0565', 'TT0566', 'TT0567', 'TT0573', 'TT0576', 'TT0577', 'TT0578', 'TT0579', 'TT0580', 'TT0582', 'TT0583', 'TT0589', 'TT0592', 'TT0593', 'TT0594', 'TT0595', 'TT0631', 'TT0680', 'TT0689', 'TT0690', 'TT0691', 'TT0692', 'TT0693', 'TT0694', 'TT0695', 'TT0696', 'TT0705', 'TT0706', 'TT0707', 'TT0708', 'TT0709', 'TT0710', 'TT0711', 'TT0712', 'TT0720', 'TT0721', 'TT0722', 'TT0723', 'TT0724', 'TT0725', 'TT0726', 'TT0727', 'TT0733', 'TT0736', 'TT0737', 'TT0738', 'TT0739', 'TT0740', 'TT0742', 'TT0743', 'TT0749', 'TT0752', 'TT0753', 'TT0754', 'TT0840', 'TT0849', 'TT0850', 'TT0851', 'TT0852', 'TT0853', 'TT0854', 'TT0855', 'TT0856', 'TT0865', 'TT0866', 'TT0867', 'TT0868', 'TT0869', 'TT0870', 'TT0871', 'TT0872', 'TT0880', 'TT0881', 'TT0882', 'TT0883', 'TT0884', 'TT0885', 'TT0886', 'TT0887', 'TT0893', 'TT0896', 'TT0897', 'TT0898', 'TT0899', 'TT0900', 'TT0903', 'TT0909', 'TT0912', 'TT0913', 'TT1000']",0.235,,0.908,HEURISTIC_NOT_FOUND,3283.318577,sw0081,sw0083,l_sw0081_sw0083,235,True,True,235,l_sw0081_sw0083,2,Q3,S6,True,deterministic evenly spaced within affected-count quantile
229,"['TT0021', 'TT0047', 'TT0049', 'TT0050', 'TT0051', 'TT0052', 'TT0053', 'TT0054', 'TT0055', 'TT0065', 'TT0067', 'TT0068', 'TT0069', 'TT0070', 'TT0072', 'TT0080', 'TT0082', 'TT0083', 'TT0084', 'TT0085', 'TT0086', 'TT0087', 'TT0091', 'TT0097', 'TT0098', 'TT0099', 'TT0100', 'TT0101', 'TT0102', 'TT0103', 'TT0106', 'TT0111', 'TT0112', 'TT0113', 'TT0114', 'TT0115', 'TT0116', 'TT0117', 'TT0118', 'TT0119', 'TT0161', 'TT0166', 'TT0181', 'TT0196', 'TT0197', 'TT0209', 'TT0210', 'TT0213', 'TT0214', 'TT0215', 'TT0225', 'TT0227', 'TT0228', 'TT0229', 'TT0230', 'TT0232', 'TT0240', 'TT0242', 'TT0243', 'TT0244', 'TT0245', 'TT0246', 'TT0247', 'TT0251', 'TT0256', 'TT0257', 'TT0258', 'TT0259', 'TT0260', 'TT0262', 'TT0263', 'TT0272', 'TT0273', 'TT0274', 'TT0275', 'TT0277', 'TT0278', 'TT0296', 'TT0306', 'TT0311', 'TT0326', 'TT0327', 'TT0341', 'TT0356', 'TT0369', 'TT0370', 'TT0372', 'TT0373', 'TT0374', 'TT0375', 'TT0385', 'TT0386', 'TT0387', 'TT0388', 'TT0389', 'TT0390', 'TT0391', 'TT0392', 'TT0396', 'TT0400', 'TT0402', 'TT0403', 'TT0404', 'TT0405', 'TT0407', 'TT0417', 'TT0418', 'TT0419', 'TT0420', 'TT0422', 'TT0423', 'TT0432', 'TT0433', 'TT0434', 'TT0435', 'TT0437', 'TT0451', 'TT0456', 'TT0481', 'TT0486', 'TT0516', 'TT0529', 'TT0530', 'TT0531', 'TT0532', 'TT0533', 'TT0534', 'TT0535', 'TT0536', 'TT0541', 'TT0545', 'TT0546', 'TT0547', 'TT0548', 'TT0549', 'TT0550', 'TT0552', 'TT0560', 'TT0561', 'TT0562', 'TT0563', 'TT0564', 'TT0565', 'TT0566', 'TT0567', 'TT0576', 'TT0577', 'TT0578', 'TT0579', 'TT0580', 'TT0582', 'TT0583', 'TT0589', 'TT0592', 'TT0593', 'TT0594', 'TT0595', 'TT0596', 'TT0631', 'TT0689', 'TT0690', 'TT0691', 'TT0692', 'TT0693', 'TT0694', 'TT0695', 'TT0696', 'TT0705', 'TT0706', 'TT0707', 'TT0708', 'TT0709', 'TT0710', 'TT0711', 'TT0712', 'TT0720', 'TT0721', 'TT0722', 'TT0723', 'TT0724', 'TT0725', 'TT0726', 'TT0727', 'TT0736', 'TT0737', 'TT0738', 'TT0739', 'TT0740', 'TT0742', 'TT0743', 'TT0749', 'TT0752', 'TT0753', 'TT0754', 'TT0755', 'TT0849', 'TT0850', 'TT0851', 'TT0852', 'TT0853', 'TT0854', 'TT0855', 'TT0856', 'TT0865', 'TT0866', 'TT0867', 'TT0868', 'TT0869', 'TT0870', 'TT0871', 'TT0872', 'TT0880', 'TT0881', 'TT0882', 'TT0883', 'TT0884', 'TT0885', 'TT0886', 'TT0887', 'TT0896', 'TT0897', 'TT0898', 'TT0899', 'TT0900', 'TT0903', 'TT0909', 'TT0912', 'TT0913', 'TT0914']",0.229,,0.904,HEURISTIC_NOT_FOUND,3228.539378,sw0087,sw0089,l_sw0087_sw0089,229,True,True,229,l_sw0087_sw0089,2,Q3,S6,True,deterministic evenly spaced within affected-count quantile
6,"['TT0080', 'TT0240', 'TT0400', 'TT0560', 'TT0720', 'TT0880']",0.006,,0.988,HEURISTIC_NOT_FOUND,3313.703188,sw0089,sw0090,l_sw0089_sw0090,6,True,True,6,l_sw0089_sw0090,1,Q2,S6,True,deterministic evenly spaced within affected-count quantile
249,"['TT0041', 'TT0044', 'TT0045', 'TT0046', 'TT0048', 'TT0056', 'TT0057', 'TT0058', 'TT0059', 'TT0060', 'TT0062', 'TT0063', 'TT0064', 'TT0071', 'TT0073', 'TT0074', 'TT0075', 'TT0077', 'TT0078', 'TT0079', 'TT0080', 'TT0081', 'TT0088', 'TT0089', 'TT0090', 'TT0092', 'TT0093', 'TT0094', 'TT0095', 'TT0096', 'TT0104', 'TT0105', 'TT0107', 'TT0108', 'TT0109', 'TT0110', 'TT0120', 'TT0122', 'TT0126', 'TT0156', 'TT0171', 'TT0176', 'TT0186', 'TT0201', 'TT0204', 'TT0205', 'TT0207', 'TT0208', 'TT0212', 'TT0217', 'TT0218', 'TT0219', 'TT0220', 'TT0222', 'TT0223', 'TT0224', 'TT0233', 'TT0234', 'TT0235', 'TT0237', 'TT0238', 'TT0239', 'TT0240', 'TT0248', 'TT0249', 'TT0250', 'TT0252', 'TT0253', 'TT0254', 'TT0255', 'TT0264', 'TT0265', 'TT0267', 'TT0268', 'TT0269', 'TT0270', 'TT0276', 'TT0280', 'TT0281', 'TT0286', 'TT0301', 'TT0316', 'TT0331', 'TT0332', 'TT0336', 'TT0346', 'TT0351', 'TT0361', 'TT0364', 'TT0365', 'TT0367', 'TT0368', 'TT0377', 'TT0378', 'TT0379', 'TT0380', 'TT0382', 'TT0383', 'TT0384', 'TT0393', 'TT0394', 'TT0395', 'TT0397', 'TT0398', 'TT0399', 'TT0400', 'TT0408', 'TT0409', 'TT0410', 'TT0411', 'TT0412', 'TT0413', 'TT0414', 'TT0415', 'TT0421', 'TT0424', 'TT0425', 'TT0426', 'TT0427', 'TT0428', 'TT0429', 'TT0430', 'TT0431', 'TT0436', 'TT0440', 'TT0446', 'TT0476', 'TT0491', 'TT0496', 'TT0511', 'TT0524', 'TT0525', 'TT0526', 'TT0527', 'TT0528', 'TT0537', 'TT0538', 'TT0539', 'TT0540', 'TT0542', 'TT0543', 'TT0544', 'TT0551', 'TT0553', 'TT0554', 'TT0555', 'TT0556', 'TT0557', 'TT0558', 'TT0559', 'TT0560', 'TT0568', 'TT0569', 'TT0570', 'TT0571', 'TT0572', 'TT0573', 'TT0574', 'TT0575', 'TT0581', 'TT0584', 'TT0585', 'TT0586', 'TT0587', 'TT0588', 'TT0590', 'TT0591', 'TT0597', 'TT0636', 'TT0684', 'TT0685', 'TT0686', 'TT0687', 'TT0688', 'TT0697', 'TT0698', 'TT0699', 'TT0700', 'TT0701', 'TT0702', 'TT0703', 'TT0704', 'TT0713', 'TT0714', 'TT0715', 'TT0716', 'TT0717', 'TT0718', 'TT0719', 'TT0720', 'TT0728', 'TT0729', 'TT0730', 'TT0731', 'TT0732', 'TT0733', 'TT0734', 'TT0735', 'TT0741', 'TT0744', 'TT0745', 'TT0746', 'TT0747', 'TT0748', 'TT0750', 'TT0751', 'TT0756', 'TT0757', 'TT0844', 'TT0845', 'TT0846', 'TT0847', 'TT0848', 'TT0857', 'TT0858', 'TT0859', 'TT0860', 'TT0861', 'TT0862', 'TT0863', 'TT0864', 'TT0873', 'TT0874', 'TT0875', 'TT0876', 'TT0877', 'TT0878', 'TT0879', 'TT0880', 'TT0888', 'TT0889', 'TT0890', 'TT0891', 'TT0892', 'TT0893', 'TT0894', 'TT0895', 'TT0901', 'TT0902', 'TT0904', 'TT0905', 'TT0906', 'TT0907', 'TT0908', 'TT0910', 'TT0911', 'TT0915', 'TT0916', 'TT0917']",0.249,,0.904,HEURISTIC_NOT_FOUND,3261.325857,sw0090,sw0092,l_sw0090_sw0092,249,True,True,249,l_sw0090_sw0092,4,Q5,S6,True,deterministic evenly spaced within affected-count quantile
246,"['TT0041', 'TT0048', 'TT0056', 'TT0057', 'TT0058', 'TT0059', 'TT0060', 'TT0062', 'TT0063', 'TT0064', 'TT0071', 'TT0073', 'TT0074', 'TT0075', 'TT0077', 'TT0078', 'TT0079', 'TT0080', 'TT0081', 'TT0088', 'TT0089', 'TT0090', 'TT0092', 'TT0093', 'TT0094', 'TT0095', 'TT0096', 'TT0104', 'TT0105', 'TT0107', 'TT0108', 'TT0109', 'TT0110', 'TT0120', 'TT0122', 'TT0123', 'TT0124', 'TT0125', 'TT0126', 'TT0156', 'TT0171', 'TT0176', 'TT0186', 'TT0201', 'TT0206', 'TT0207', 'TT0208', 'TT0212', 'TT0217', 'TT0218', 'TT0219', 'TT0220', 'TT0222', 'TT0223', 'TT0224', 'TT0233', 'TT0234', 'TT0235', 'TT0237', 'TT0238', 'TT0239', 'TT0240', 'TT0248', 'TT0249', 'TT0250', 'TT0252', 'TT0253', 'TT0254', 'TT0255', 'TT0264', 'TT0265', 'TT0267', 'TT0268', 'TT0269', 'TT0270', 'TT0276', 'TT0280', 'TT0281', 'TT0282', 'TT0283', 'TT0284', 'TT0286', 'TT0301', 'TT0316', 'TT0331', 'TT0332', 'TT0336', 'TT0346', 'TT0351', 'TT0361', 'TT0366', 'TT0367', 'TT0368', 'TT0377', 'TT0378', 'TT0379', 'TT0380', 'TT0382', 'TT0383', 'TT0384', 'TT0393', 'TT0394', 'TT0395', 'TT0397', 'TT0398', 'TT0399', 'TT0400', 'TT0408', 'TT0409', 'TT0410', 'TT0411', 'TT0412', 'TT0413', 'TT0414', 'TT0415', 'TT0421', 'TT0424', 'TT0425', 'TT0426', 'TT0427', 'TT0428', 'TT0429', 'TT0430', 'TT0431', 'TT0436', 'TT0440', 'TT0441', 'TT0442', 'TT0443', 'TT0446', 'TT0476', 'TT0491', 'TT0496', 'TT0511', 'TT0527', 'TT0528', 'TT0537', 'TT0538', 'TT0539', 'TT0540', 'TT0542', 'TT0543', 'TT0544', 'TT0551', 'TT0553', 'TT0554', 'TT0555', 'TT0556', 'TT0557', 'TT0558', 'TT0559', 'TT0560', 'TT0568', 'TT0569', 'TT0570', 'TT0571', 'TT0572', 'TT0573', 'TT0574', 'TT0575', 'TT0581', 'TT0584', 'TT0585', 'TT0586', 'TT0587', 'TT0588', 'TT0590', 'TT0591', 'TT0597', 'TT0600', 'TT0601', 'TT0602', 'TT0636', 'TT0687', 'TT0688', 'TT0697', 'TT0698', 'TT0699', 'TT0700', 'TT0701', 'TT0702', 'TT0703', 'TT0704', 'TT0713', 'TT0714', 'TT0715', 'TT0716', 'TT0717', 'TT0718', 'TT0719', 'TT0720', 'TT0728', 'TT0729', 'TT0730', 'TT0731', 'TT0732', 'TT0733', 'TT0734', 'TT0735', 'TT0741', 'TT0744', 'TT0745', 'TT0746', 'TT0747', 'TT0748', 'TT0750', 'TT0751', 'TT0757', 'TT0760', 'TT0761', 'TT0847', 'TT0848', 'TT0857', 'TT0858', 'TT0859', 'TT0860', 'TT0861', 'TT0862', 'TT0863', 'TT0864', 'TT0873', 'TT0874', 'TT0875', 'TT0876', 'TT0877', 'TT0878', 'TT0879', 'TT0880', 'TT0888', 'TT0889', 'TT0890', 'TT0891', 'TT0892', 'TT0893', 'TT0894', 'TT0895', 'TT0901', 'TT0904', 'TT0905', 'TT0906', 'TT0907', 'TT0908', 'TT0910', 'TT0911', 'TT0917', 'TT0920']",0.246,,0.914,HEURISTIC_NOT_FOUND,3302.636906,sw0096,sw0098,l_sw0096_sw0098,246,True,True,246,l_sw0096_sw0098,4,Q5,S6,True,deterministic evenly spaced within affected-count quantile
237,"['TT0041', 'TT0061', 'TT0063', 'TT0064', 'TT0071', 'TT0073', 'TT0074', 'TT0075', 'TT0077', 'TT0078', 'TT0079', 'TT0080', 'TT0081', 'TT0089', 'TT0090', 'TT0092', 'TT0093', 'TT0094', 'TT0095', 'TT0104', 'TT0105', 'TT0107', 'TT0108', 'TT0109', 'TT0110', 'TT0122', 'TT0123', 'TT0124', 'TT0125', 'TT0127', 'TT0131', 'TT0136', 'TT0137', 'TT0138', 'TT0139', 'TT0140', 'TT0141', 'TT0156', 'TT0171', 'TT0176', 'TT0186', 'TT0201', 'TT0206', 'TT0221', 'TT0223', 'TT0224', 'TT0233', 'TT0234', 'TT0235', 'TT0237', 'TT0238', 'TT0239', 'TT0240', 'TT0249', 'TT0250', 'TT0252', 'TT0253', 'TT0254', 'TT0255', 'TT0256', 'TT0264', 'TT0265', 'TT0267', 'TT0268', 'TT0269', 'TT0270', 'TT0276', 'TT0281', 'TT0282', 'TT0283', 'TT0284', 'TT0285', 'TT0287', 'TT0291', 'TT0292', 'TT0298', 'TT0299', 'TT0300', 'TT0301', 'TT0316', 'TT0331', 'TT0332', 'TT0336', 'TT0346', 'TT0351', 'TT0361', 'TT0366', 'TT0381', 'TT0383', 'TT0384', 'TT0393', 'TT0394', 'TT0395', 'TT0397', 'TT0398', 'TT0399', 'TT0400', 'TT0409', 'TT0410', 'TT0411', 'TT0412', 'TT0413', 'TT0414', 'TT0415', 'TT0421', 'TT0424', 'TT0425', 'TT0426', 'TT0427', 'TT0428', 'TT0429', 'TT0430', 'TT0431', 'TT0436', 'TT0441', 'TT0442', 'TT0443', 'TT0444', 'TT0445', 'TT0447', 'TT0454', 'TT0457', 'TT0458', 'TT0459', 'TT0476', 'TT0491', 'TT0496', 'TT0511', 'TT0543', 'TT0544', 'TT0551', 'TT0553', 'TT0554', 'TT0555', 'TT0556', 'TT0557', 'TT0558', 'TT0559', 'TT0560', 'TT0569', 'TT0570', 'TT0571', 'TT0572', 'TT0573', 'TT0574', 'TT0575', 'TT0576', 'TT0584', 'TT0585', 'TT0586', 'TT0587', 'TT0588', 'TT0589', 'TT0590', 'TT0591', 'TT0601', 'TT0602', 'TT0603', 'TT0604', 'TT0607', 'TT0613', 'TT0614', 'TT0616', 'TT0617', 'TT0618', 'TT0636', 'TT0703', 'TT0704', 'TT0713', 'TT0714', 'TT0715', 'TT0716', 'TT0717', 'TT0718', 'TT0719', 'TT0720', 'TT0729', 'TT0730', 'TT0731', 'TT0732', 'TT0733', 'TT0734', 'TT0735', 'TT0736', 'TT0744', 'TT0745', 'TT0746', 'TT0747', 'TT0748', 'TT0749', 'TT0750', 'TT0751', 'TT0761', 'TT0762', 'TT0763', 'TT0764', 'TT0766', 'TT0767', 'TT0773', 'TT0774', 'TT0776', 'TT0777', 'TT0863', 'TT0864', 'TT0873', 'TT0874', 'TT0875', 'TT0876', 'TT0877', 'TT0878', 'TT0879', 'TT0880', 'TT0889', 'TT0890', 'TT0891', 'TT0892', 'TT0893', 'TT0894', 'TT0895', 'TT0896', 'TT0904', 'TT0905', 'TT0906', 'TT0907', 'TT0908', 'TT0909', 'TT0910', 'TT0911', 'TT0921', 'TT0922', 'TT0923', 'TT0924', 'TT0926', 'TT0927', 'TT0933', 'TT0934', 'TT0936']",0.237,,0.905,HEURISTIC_NOT_FOUND,3269.645692,sw0130,sw0132,l_sw0130_sw0132,237,True,True,237,l_sw0130_sw0132,3,Q4,S6,True,deterministic evenly spaced within affected-count quantile
238,"['TT0041', 'TT0061', 'TT0073', 'TT0074', 'TT0075', 'TT0077', 'TT0078', 'TT0079', 'TT0080', 'TT0081', 'TT0089', 'TT0090', 'TT0092', 'TT0093', 'TT0094', 'TT0095', 'TT0105', 'TT0107', 'TT0108', 'TT0109', 'TT0110', 'TT0122', 'TT0123', 'TT0124', 'TT0125', 'TT0127', 'TT0131', 'TT0136', 'TT0137', 'TT0138', 'TT0139', 'TT0140', 'TT0141', 'TT0142', 'TT0143', 'TT0146', 'TT0156', 'TT0171', 'TT0176', 'TT0186', 'TT0201', 'TT0206', 'TT0221', 'TT0233', 'TT0234', 'TT0235', 'TT0237', 'TT0238', 'TT0239', 'TT0240', 'TT0249', 'TT0250', 'TT0252', 'TT0253', 'TT0254', 'TT0255', 'TT0256', 'TT0265', 'TT0267', 'TT0268', 'TT0269', 'TT0270', 'TT0276', 'TT0281', 'TT0282', 'TT0283', 'TT0284', 'TT0285', 'TT0287', 'TT0291', 'TT0292', 'TT0298', 'TT0299', 'TT0300', 'TT0302', 'TT0303', 'TT0316', 'TT0331', 'TT0332', 'TT0336', 'TT0346', 'TT0351', 'TT0361', 'TT0366', 'TT0381', 'TT0393', 'TT0394', 'TT0395', 'TT0397', 'TT0398', 'TT0399', 'TT0400', 'TT0409', 'TT0410', 'TT0411', 'TT0412', 'TT0413', 'TT0414', 'TT0415', 'TT0421', 'TT0425', 'TT0426', 'TT0427', 'TT0428', 'TT0429', 'TT0430', 'TT0431', 'TT0436', 'TT0441', 'TT0442', 'TT0443', 'TT0444', 'TT0445', 'TT0447', 'TT0454', 'TT0457', 'TT0458', 'TT0459', 'TT0460', 'TT0463', 'TT0476', 'TT0491', 'TT0496', 'TT0511', 'TT0553', 'TT0554', 'TT0555', 'TT0556', 'TT0557', 'TT0558', 'TT0559', 'TT0560', 'TT0569', 'TT0570', 'TT0571', 'TT0572', 'TT0573', 'TT0574', 'TT0575', 'TT0576', 'TT0585', 'TT0586', 'TT0587', 'TT0588', 'TT0589', 'TT0590', 'TT0591', 'TT0601', 'TT0602', 'TT0603', 'TT0604', 'TT0607', 'TT0613', 'TT0614', 'TT0616', 'TT0617', 'TT0618', 'TT0619', 'TT0620', 'TT0622', 'TT0623', 'TT0636', 'TT0713', 'TT0714', 'TT0715', 'TT0716', 'TT0717', 'TT0718', 'TT0719', 'TT0720', 'TT0729', 'TT0730', 'TT0731', 'TT0732', 'TT0733', 'TT0734', 'TT0735', 'TT0736', 'TT0745', 'TT0746', 'TT0747', 'TT0748', 'TT0749', 'TT0750', 'TT0751', 'TT0761', 'TT0762', 'TT0763', 'TT0764', 'TT0766', 'TT0767', 'TT0773', 'TT0774', 'TT0776', 'TT0777', 'TT0778', 'TT0779', 'TT0780', 'TT0782', 'TT0783', 'TT0873', 'TT0874', 'TT0875', 'TT0876', 'TT0877', 'TT0878', 'TT0879', 'TT0880', 'TT0889', 'TT0890', 'TT0891', 'TT0892', 'TT0893', 'TT0894', 'TT0895', 'TT0896', 'TT0905', 'TT0906', 'TT0907', 'TT0908', 'TT0909', 'TT0910', 'TT0911', 'TT0921', 'TT0922', 'TT0923', 'TT0924', 'TT0926', 'TT0927', 'TT0933', 'TT0934', 'TT0936', 'TT0937', 'TT0938', 'TT0939', 'TT0940', 'TT0942', 'TT0943']",0.238,,0.897,HEURISTIC_NOT_FOUND,3255.351948,sw0148,sw0150,l_sw0148_sw0150,238,True,True,238,l_sw0148_sw0150,3,Q4,S6,True,deterministic evenly spaced within affected-count quantile
244,"['TT0041', 'TT0061', 'TT0073', 'TT0074', 'TT0075', 'TT0077', 'TT0078', 'TT0079', 'TT0080', 'TT0081', 'TT0089', 'TT0090', 'TT0092', 'TT0093', 'TT0094', 'TT0095', 'TT0105', 'TT0107', 'TT0108', 'TT0109', 'TT0110', 'TT0122', 'TT0123', 'TT0124', 'TT0125', 'TT0127', 'TT0131', 'TT0136', 'TT0137', 'TT0138', 'TT0139', 'TT0140', 'TT0141', 'TT0142', 'TT0143', 'TT0146', 'TT0151', 'TT0156', 'TT0171', 'TT0176', 'TT0186', 'TT0201', 'TT0206', 'TT0221', 'TT0233', 'TT0234', 'TT0235', 'TT0237', 'TT0238', 'TT0239', 'TT0240', 'TT0249', 'TT0250', 'TT0252', 'TT0253', 'TT0254', 'TT0255', 'TT0256', 'TT0265', 'TT0267', 'TT0268', 'TT0269', 'TT0270', 'TT0276', 'TT0281', 'TT0282', 'TT0283', 'TT0284', 'TT0285', 'TT0287', 'TT0291', 'TT0292', 'TT0298', 'TT0299', 'TT0300', 'TT0302', 'TT0303', 'TT0311', 'TT0316', 'TT0331', 'TT0332', 'TT0336', 'TT0346', 'TT0351', 'TT0361', 'TT0366', 'TT0381', 'TT0393', 'TT0394', 'TT0395', 'TT0397', 'TT0398', 'TT0399', 'TT0400', 'TT0409', 'TT0410', 'TT0411', 'TT0412', 'TT0413', 'TT0414', 'TT0415', 'TT0421', 'TT0425', 'TT0426', 'TT0427', 'TT0428', 'TT0429', 'TT0430', 'TT0431', 'TT0436', 'TT0441', 'TT0442', 'TT0443', 'TT0444', 'TT0445', 'TT0447', 'TT0454', 'TT0457', 'TT0458', 'TT0459', 'TT0460', 'TT0463', 'TT0476', 'TT0491', 'TT0496', 'TT0511', 'TT0553', 'TT0554', 'TT0555', 'TT0556', 'TT0557', 'TT0558', 'TT0559', 'TT0560', 'TT0569', 'TT0570', 'TT0571', 'TT0572', 'TT0573', 'TT0574', 'TT0575', 'TT0576', 'TT0585', 'TT0586', 'TT0587', 'TT0588', 'TT0589', 'TT0590', 'TT0591', 'TT0601', 'TT0602', 'TT0603', 'TT0604', 'TT0605', 'TT0607', 'TT0613', 'TT0614', 'TT0616', 'TT0617', 'TT0618', 'TT0619', 'TT0620', 'TT0622', 'TT0623', 'TT0631', 'TT0636', 'TT0713', 'TT0714', 'TT0715', 'TT0716', 'TT0717', 'TT0718', 'TT0719', 'TT0720', 'TT0729', 'TT0730', 'TT0731', 'TT0732', 'TT0733', 'TT0734', 'TT0735', 'TT0736', 'TT0745', 'TT0746', 'TT0747', 'TT0748', 'TT0749', 'TT0750', 'TT0751', 'TT0761', 'TT0762', 'TT0763', 'TT0764', 'TT0765', 'TT0766', 'TT0767', 'TT0773', 'TT0774', 'TT0776', 'TT0777', 'TT0778', 'TT0779', 'TT0780', 'TT0782', 'TT0783', 'TT0873', 'TT0874', 'TT0875', 'TT0876', 'TT0877', 'TT0878', 'TT0879', 'TT0880', 'TT0889', 'TT0890', 'TT0891', 'TT0892', 'TT0893', 'TT0894', 'TT0895', 'TT0896', 'TT0905', 'TT0906', 'TT0907', 'TT0908', 'TT0909', 'TT0910', 'TT0911', 'TT0921', 'TT0922', 'TT0923', 'TT0924', 'TT0925', 'TT0926', 'TT0927', 'TT0933', 'TT0934', 'TT0936', 'TT0937', 'TT0938', 'TT0939', 'TT0940', 'TT0942', 'TT0943']",0.244,,0.901,HEURISTIC_NOT_FOUND,3281.130948,sw0152,sw0154,l_sw0152_sw0154,244,True,True,244,l_sw0152_sw0154,4,Q5,S6,True,deterministic evenly spaced within affected-count quantile
261,"['TT0021', 'TT0066', 'TT0082', 'TT0083', 'TT0084', 'TT0085', 'TT0086', 'TT0087', 'TT0088', 'TT0091', 'TT0096', 'TT0097', 'TT0098', 'TT0099', 'TT0100', 'TT0101', 'TT0102', 'TT0103', 'TT0104', 'TT0106', 'TT0111', 'TT0113', 'TT0114', 'TT0115', 'TT0116', 'TT0117', 'TT0118', 'TT0119', 'TT0120', 'TT0128', 'TT0129', 'TT0130', 'TT0132', 'TT0133', 'TT0134', 'TT0135', 'TT0144', 'TT0145', 'TT0147', 'TT0148', 'TT0149', 'TT0150', 'TT0157', 'TT0160', 'TT0161', 'TT0166', 'TT0181', 'TT0196', 'TT0197', 'TT0211', 'TT0216', 'TT0226', 'TT0231', 'TT0241', 'TT0242', 'TT0243', 'TT0244', 'TT0245', 'TT0246', 'TT0247', 'TT0248', 'TT0251', 'TT0257', 'TT0258', 'TT0259', 'TT0260', 'TT0262', 'TT0263', 'TT0264', 'TT0273', 'TT0274', 'TT0275', 'TT0277', 'TT0278', 'TT0279', 'TT0280', 'TT0288', 'TT0289', 'TT0290', 'TT0293', 'TT0294', 'TT0295', 'TT0297', 'TT0304', 'TT0305', 'TT0307', 'TT0308', 'TT0309', 'TT0310', 'TT0312', 'TT0317', 'TT0319', 'TT0326', 'TT0327', 'TT0341', 'TT0356', 'TT0371', 'TT0376', 'TT0401', 'TT0402', 'TT0403', 'TT0404', 'TT0405', 'TT0407', 'TT0408', 'TT0417', 'TT0418', 'TT0419', 'TT0420', 'TT0422', 'TT0423', 'TT0424', 'TT0433', 'TT0434', 'TT0435', 'TT0437', 'TT0438', 'TT0439', 'TT0440', 'TT0448', 'TT0449', 'TT0450', 'TT0452', 'TT0453', 'TT0454', 'TT0455', 'TT0461', 'TT0462', 'TT0464', 'TT0465', 'TT0466', 'TT0467', 'TT0468', 'TT0469', 'TT0470', 'TT0471', 'TT0472', 'TT0478', 'TT0481', 'TT0486', 'TT0516', 'TT0562', 'TT0563', 'TT0564', 'TT0565', 'TT0566', 'TT0567', 'TT0568', 'TT0577', 'TT0578', 'TT0579', 'TT0580', 'TT0581', 'TT0582', 'TT0583', 'TT0584', 'TT0593', 'TT0594', 'TT0595', 'TT0596', 'TT0597', 'TT0598', 'TT0599', 'TT0600', 'TT0606', 'TT0608', 'TT0609', 'TT0610', 'TT0611', 'TT0612', 'TT0613', 'TT0614', 'TT0615', 'TT0621', 'TT0624', 'TT0625', 'TT0626', 'TT0627', 'TT0628', 'TT0630', 'TT0637', 'TT0722', 'TT0723', 'TT0724', 'TT0725', 'TT0726', 'TT0727', 'TT0728', 'TT0737', 'TT0738', 'TT0739', 'TT0740', 'TT0741', 'TT0742', 'TT0743', 'TT0744', 'TT0753', 'TT0754', 'TT0755', 'TT0756', 'TT0757', 'TT0758', 'TT0759', 'TT0760', 'TT0768', 'TT0769', 'TT0770', 'TT0771', 'TT0772', 'TT0773', 'TT0774', 'TT0775', 'TT0781', 'TT0784', 'TT0785', 'TT0786', 'TT0787', 'TT0788', 'TT0790', 'TT0791', 'TT0796', 'TT0882', 'TT0883', 'TT0884', 'TT0885', 'TT0886', 'TT0887', 'TT0888', 'TT0897', 'TT0898', 'TT0899', 'TT0900', 'TT0901', 'TT0902', 'TT0903', 'TT0904', 'TT0913', 'TT0914', 'TT0915', 'TT0916', 'TT0917', 'TT0918', 'TT0919', 'TT0920', 'TT0928', 'TT0929', 'TT0930', 'TT0931', 'TT0932', 'TT0933', 'TT0934', 'TT0935', 'TT0941', 'TT0944', 'TT0945', 'TT0946', 'TT0947', 'TT0948', 'TT0950', 'TT0951', 'TT0955']",0.261,,0.909,HEURISTIC_NOT_FOUND,3306.461349,sw0171,sw0173,l_sw0171_sw0173,261,True,True,261,l_sw0171_sw0173,4,Q5,S6,True,deterministic evenly spaced within affected-count quantile
221,"['TT0041', 'TT0061', 'TT0076', 'TT0089', 'TT0090', 'TT0092', 'TT0093', 'TT0094', 'TT0095', 'TT0105', 'TT0107', 'TT0108', 'TT0109', 'TT0110', 'TT0112', 'TT0122', 'TT0123', 'TT0124', 'TT0125', 'TT0127', 'TT0131', 'TT0136', 'TT0137', 'TT0138', 'TT0139', 'TT0140', 'TT0141', 'TT0142', 'TT0143', 'TT0146', 'TT0151', 'TT0152', 'TT0153', 'TT0154', 'TT0155', 'TT0158', 'TT0159', 'TT0171', 'TT0176', 'TT0186', 'TT0201', 'TT0206', 'TT0221', 'TT0236', 'TT0249', 'TT0250', 'TT0252', 'TT0253', 'TT0254', 'TT0255', 'TT0256', 'TT0265', 'TT0267', 'TT0268', 'TT0269', 'TT0270', 'TT0272', 'TT0276', 'TT0281', 'TT0282', 'TT0283', 'TT0284', 'TT0285', 'TT0287', 'TT0291', 'TT0292', 'TT0298', 'TT0299', 'TT0300', 'TT0302', 'TT0303', 'TT0313', 'TT0314', 'TT0315', 'TT0318', 'TT0331', 'TT0332', 'TT0336', 'TT0346', 'TT0351', 'TT0361', 'TT0366', 'TT0381', 'TT0409', 'TT0410', 'TT0411', 'TT0412', 'TT0413', 'TT0414', 'TT0415', 'TT0421', 'TT0425', 'TT0426', 'TT0427', 'TT0428', 'TT0429', 'TT0430', 'TT0431', 'TT0432', 'TT0436', 'TT0441', 'TT0442', 'TT0443', 'TT0444', 'TT0445', 'TT0447', 'TT0457', 'TT0458', 'TT0459', 'TT0460', 'TT0463', 'TT0473', 'TT0474', 'TT0475', 'TT0477', 'TT0491', 'TT0496', 'TT0511', 'TT0569', 'TT0570', 'TT0571', 'TT0572', 'TT0573', 'TT0574', 'TT0575', 'TT0576', 'TT0585', 'TT0586', 'TT0587', 'TT0588', 'TT0589', 'TT0590', 'TT0591', 'TT0592', 'TT0601', 'TT0602', 'TT0603', 'TT0604', 'TT0605', 'TT0607', 'TT0616', 'TT0617', 'TT0618', 'TT0619', 'TT0620', 'TT0622', 'TT0623', 'TT0629', 'TT0632', 'TT0633', 'TT0634', 'TT0635', 'TT0729', 'TT0730', 'TT0731', 'TT0732', 'TT0733', 'TT0734', 'TT0735', 'TT0736', 'TT0745', 'TT0746', 'TT0747', 'TT0748', 'TT0749', 'TT0750', 'TT0751', 'TT0752', 'TT0761', 'TT0762', 'TT0763', 'TT0764', 'TT0765', 'TT0766', 'TT0767', 'TT0776', 'TT0777', 'TT0778', 'TT0779', 'TT0780', 'TT0782', 'TT0783', 'TT0789', 'TT0792', 'TT0793', 'TT0794', 'TT0795', 'TT0889', 'TT0890', 'TT0891', 'TT0892', 'TT0893', 'TT0894', 'TT0895', 'TT0896', 'TT0905', 'TT0906', 'TT0907', 'TT0908', 'TT0909', 'TT0910', 'TT0911', 'TT0912', 'TT0921', 'TT0922', 'TT0923', 'TT0924', 'TT0925', 'TT0926', 'TT0927', 'TT0936', 'TT0937', 'TT0938', 'TT0939', 'TT0940', 'TT0942', 'TT0943', 'TT0949', 'TT0952', 'TT0953', 'TT0954']",0.221,,0.904,HEURISTIC_NOT_FOUND,3277.583112,sw0172,sw0174,l_sw0172_sw0174,221,True,True,221,l_sw0172_sw0174,1,Q2,S6,True,deterministic evenly spaced within affected-count quantile
245,"['TT0002', 'TT0003', 'TT0004', 'TT0021', 'TT0066', 'TT0086', 'TT0087', 'TT0088', 'TT0091', 'TT0096', 'TT0097', 'TT0098', 'TT0099', 'TT0100', 'TT0101', 'TT0102', 'TT0103', 'TT0104', 'TT0106', 'TT0111', 'TT0113', 'TT0114', 'TT0115', 'TT0116', 'TT0117', 'TT0118', 'TT0119', 'TT0120', 'TT0128', 'TT0129', 'TT0130', 'TT0132', 'TT0133', 'TT0134', 'TT0135', 'TT0144', 'TT0145', 'TT0147', 'TT0148', 'TT0149', 'TT0150', 'TT0157', 'TT0160', 'TT0162', 'TT0163', 'TT0166', 'TT0181', 'TT0196', 'TT0197', 'TT0211', 'TT0216', 'TT0226', 'TT0231', 'TT0241', 'TT0246', 'TT0247', 'TT0248', 'TT0251', 'TT0257', 'TT0258', 'TT0259', 'TT0260', 'TT0262', 'TT0263', 'TT0264', 'TT0273', 'TT0274', 'TT0275', 'TT0277', 'TT0278', 'TT0279', 'TT0280', 'TT0288', 'TT0289', 'TT0290', 'TT0293', 'TT0294', 'TT0295', 'TT0297', 'TT0304', 'TT0305', 'TT0307', 'TT0308', 'TT0309', 'TT0310', 'TT0312', 'TT0317', 'TT0320', 'TT0321', 'TT0322', 'TT0326', 'TT0327', 'TT0341', 'TT0356', 'TT0371', 'TT0376', 'TT0401', 'TT0407', 'TT0408', 'TT0417', 'TT0418', 'TT0419', 'TT0420', 'TT0422', 'TT0423', 'TT0424', 'TT0433', 'TT0434', 'TT0435', 'TT0437', 'TT0438', 'TT0439', 'TT0440', 'TT0448', 'TT0449', 'TT0450', 'TT0452', 'TT0453', 'TT0454', 'TT0455', 'TT0461', 'TT0462', 'TT0464', 'TT0465', 'TT0466', 'TT0467', 'TT0468', 'TT0469', 'TT0470', 'TT0471', 'TT0472', 'TT0480', 'TT0486', 'TT0516', 'TT0566', 'TT0567', 'TT0568', 'TT0577', 'TT0578', 'TT0579', 'TT0580', 'TT0581', 'TT0582', 'TT0583', 'TT0584', 'TT0593', 'TT0594', 'TT0595', 'TT0596', 'TT0597', 'TT0598', 'TT0599', 'TT0600', 'TT0606', 'TT0608', 'TT0609', 'TT0610', 'TT0611', 'TT0612', 'TT0613', 'TT0614', 'TT0615', 'TT0621', 'TT0624', 'TT0625', 'TT0626', 'TT0627', 'TT0628', 'TT0630', 'TT0637', 'TT0640', 'TT0726', 'TT0727', 'TT0728', 'TT0737', 'TT0738', 'TT0739', 'TT0740', 'TT0741', 'TT0742', 'TT0743', 'TT0744', 'TT0753', 'TT0754', 'TT0755', 'TT0756', 'TT0757', 'TT0758', 'TT0759', 'TT0760', 'TT0768', 'TT0769', 'TT0770', 'TT0771', 'TT0772', 'TT0773', 'TT0774', 'TT0775', 'TT0781', 'TT0784', 'TT0785', 'TT0786', 'TT0787', 'TT0788', 'TT0790', 'TT0791', 'TT0797', 'TT0800', 'TT0886', 'TT0887', 'TT0888', 'TT0897', 'TT0898', 'TT0899', 'TT0900', 'TT0901', 'TT0902', 'TT0903', 'TT0904', 'TT0913', 'TT0914', 'TT0915', 'TT0916', 'TT0917', 'TT0918', 'TT0919', 'TT0920', 'TT0928', 'TT0929', 'TT0930', 'TT0931', 'TT0932', 'TT0933', 'TT0934', 'TT0935', 'TT0941', 'TT0944', 'TT0945', 'TT0946', 'TT0947', 'TT0948', 'TT0950', 'TT0951', 'TT0957', 'TT0958']",0.245,,0.917,HEURISTIC_NOT_FOUND,3457.660473,sw0179,sw0181,l_sw0179_sw0181,245,True,True,245,l_sw0179_sw0181,4,Q5,S6,True,deterministic evenly spaced within affected-count quantile
227,"['TT0001', 'TT0008', 'TT0009', 'TT0010', 'TT0011', 'TT0012', 'TT0013', 'TT0014', 'TT0015', 'TT0016', 'TT0041', 'TT0061', 'TT0076', 'TT0105', 'TT0107', 'TT0108', 'TT0109', 'TT0110', 'TT0112', 'TT0122', 'TT0123', 'TT0124', 'TT0125', 'TT0127', 'TT0128', 'TT0131', 'TT0136', 'TT0137', 'TT0138', 'TT0139', 'TT0140', 'TT0141', 'TT0142', 'TT0143', 'TT0146', 'TT0151', 'TT0152', 'TT0153', 'TT0154', 'TT0155', 'TT0158', 'TT0159', 'TT0168', 'TT0169', 'TT0170', 'TT0173', 'TT0174', 'TT0186', 'TT0201', 'TT0206', 'TT0221', 'TT0236', 'TT0265', 'TT0267', 'TT0268', 'TT0269', 'TT0270', 'TT0272', 'TT0276', 'TT0281', 'TT0282', 'TT0283', 'TT0284', 'TT0285', 'TT0287', 'TT0288', 'TT0291', 'TT0292', 'TT0298', 'TT0299', 'TT0300', 'TT0302', 'TT0303', 'TT0313', 'TT0314', 'TT0315', 'TT0318', 'TT0319', 'TT0328', 'TT0329', 'TT0330', 'TT0333', 'TT0346', 'TT0351', 'TT0361', 'TT0366', 'TT0381', 'TT0416', 'TT0421', 'TT0425', 'TT0426', 'TT0427', 'TT0428', 'TT0429', 'TT0430', 'TT0431', 'TT0432', 'TT0436', 'TT0441', 'TT0442', 'TT0443', 'TT0444', 'TT0445', 'TT0447', 'TT0448', 'TT0457', 'TT0458', 'TT0459', 'TT0460', 'TT0463', 'TT0473', 'TT0474', 'TT0475', 'TT0477', 'TT0478', 'TT0479', 'TT0485', 'TT0488', 'TT0489', 'TT0490', 'TT0492', 'TT0511', 'TT0585', 'TT0586', 'TT0587', 'TT0588', 'TT0589', 'TT0590', 'TT0591', 'TT0592', 'TT0601', 'TT0602', 'TT0603', 'TT0604', 'TT0605', 'TT0607', 'TT0608', 'TT0616', 'TT0617', 'TT0618', 'TT0619', 'TT0620', 'TT0621', 'TT0622', 'TT0623', 'TT0632', 'TT0633', 'TT0634', 'TT0635', 'TT0638', 'TT0639', 'TT0645', 'TT0648', 'TT0649', 'TT0650', 'TT0651', 'TT0745', 'TT0746', 'TT0747', 'TT0748', 'TT0749', 'TT0750', 'TT0751', 'TT0752', 'TT0761', 'TT0762', 'TT0763', 'TT0764', 'TT0765', 'TT0766', 'TT0767', 'TT0768', 'TT0776', 'TT0777', 'TT0778', 'TT0779', 'TT0780', 'TT0781', 'TT0782', 'TT0783', 'TT0792', 'TT0793', 'TT0794', 'TT0795', 'TT0796', 'TT0798', 'TT0799', 'TT0805', 'TT0808', 'TT0809', 'TT0810', 'TT0905', 'TT0906', 'TT0907', 'TT0908', 'TT0909', 'TT0910', 'TT0911', 'TT0912', 'TT0921', 'TT0922', 'TT0923', 'TT0924', 'TT0925', 'TT0926', 'TT0927', 'TT0928', 'TT0936', 'TT0937', 'TT0938', 'TT0939', 'TT0940', 'TT0941', 'TT0942', 'TT0943', 'TT0952', 'TT0953', 'TT0954', 'TT0955', 'TT0956', 'TT0958', 'TT0959', 'TT0962', 'TT0965', 'TT0967', 'TT0968', 'TT0969']",0.227,,0.911,HEURISTIC_NOT_FOUND,3224.213301,sw0206,sw0208,l_sw0206_sw0208,227,True,True,227,l_sw0206_sw0208,1,Q2,S6,True,deterministic evenly spaced within affected-count quantile
240,"['TT0001', 'TT0008', 'TT0009', 'TT0010', 'TT0011', 'TT0012', 'TT0013', 'TT0014', 'TT0015', 'TT0016', 'TT0041', 'TT0061', 'TT0076', 'TT0105', 'TT0107', 'TT0108', 'TT0109', 'TT0110', 'TT0112', 'TT0122', 'TT0123', 'TT0124', 'TT0125', 'TT0127', 'TT0128', 'TT0131', 'TT0137', 'TT0138', 'TT0139', 'TT0140', 'TT0141', 'TT0142', 'TT0143', 'TT0146', 'TT0151', 'TT0152', 'TT0153', 'TT0154', 'TT0155', 'TT0158', 'TT0159', 'TT0168', 'TT0169', 'TT0170', 'TT0173', 'TT0174', 'TT0175', 'TT0186', 'TT0201', 'TT0206', 'TT0221', 'TT0236', 'TT0265', 'TT0267', 'TT0268', 'TT0269', 'TT0270', 'TT0272', 'TT0276', 'TT0281', 'TT0282', 'TT0283', 'TT0284', 'TT0285', 'TT0287', 'TT0288', 'TT0291', 'TT0292', 'TT0298', 'TT0299', 'TT0300', 'TT0302', 'TT0303', 'TT0313', 'TT0314', 'TT0315', 'TT0318', 'TT0319', 'TT0328', 'TT0329', 'TT0330', 'TT0333', 'TT0334', 'TT0335', 'TT0346', 'TT0351', 'TT0361', 'TT0366', 'TT0381', 'TT0416', 'TT0425', 'TT0426', 'TT0427', 'TT0428', 'TT0429', 'TT0430', 'TT0431', 'TT0432', 'TT0436', 'TT0441', 'TT0442', 'TT0443', 'TT0444', 'TT0445', 'TT0447', 'TT0448', 'TT0457', 'TT0458', 'TT0459', 'TT0460', 'TT0463', 'TT0473', 'TT0474', 'TT0475', 'TT0477', 'TT0478', 'TT0479', 'TT0485', 'TT0488', 'TT0489', 'TT0490', 'TT0492', 'TT0494', 'TT0495', 'TT0511', 'TT0585', 'TT0586', 'TT0587', 'TT0588', 'TT0589', 'TT0590', 'TT0591', 'TT0592', 'TT0601', 'TT0602', 'TT0603', 'TT0604', 'TT0605', 'TT0607', 'TT0608', 'TT0617', 'TT0618', 'TT0619', 'TT0620', 'TT0621', 'TT0622', 'TT0623', 'TT0632', 'TT0633', 'TT0634', 'TT0635', 'TT0637', 'TT0638', 'TT0639', 'TT0645', 'TT0648', 'TT0649', 'TT0650', 'TT0651', 'TT0652', 'TT0654', 'TT0655', 'TT0745', 'TT0746', 'TT0747', 'TT0748', 'TT0749', 'TT0750', 'TT0751', 'TT0752', 'TT0761', 'TT0762', 'TT0763', 'TT0764', 'TT0765', 'TT0766', 'TT0767', 'TT0768', 'TT0777', 'TT0778', 'TT0779', 'TT0780', 'TT0781', 'TT0782', 'TT0783', 'TT0792', 'TT0793', 'TT0794', 'TT0795', 'TT0796', 'TT0797', 'TT0798', 'TT0799', 'TT0805', 'TT0808', 'TT0809', 'TT0810', 'TT0811', 'TT0812', 'TT0814', 'TT0815', 'TT0905', 'TT0906', 'TT0907', 'TT0908', 'TT0909', 'TT0910', 'TT0911', 'TT0912', 'TT0921', 'TT0922', 'TT0923', 'TT0924', 'TT0925', 'TT0926', 'TT0927', 'TT0928', 'TT0937', 'TT0938', 'TT0939', 'TT0940', 'TT0941', 'TT0942', 'TT0943', 'TT0952', 'TT0953', 'TT0954', 'TT0955', 'TT0956', 'TT0957', 'TT0958', 'TT0959', 'TT0965', 'TT0967', 'TT0968', 'TT0969', 'TT0971', 'TT0972', 'TT0974', 'TT0975']",0.24,,0.914,HEURISTIC_NOT_FOUND,3278.621441,sw0220,sw0222,l_sw0220_sw0222,240,True,True,240,l_sw0220_sw0222,3,Q4,S6,True,deterministic evenly spaced within affected-count quantile
241,"['TT0001', 'TT0008', 'TT0009', 'TT0010', 'TT0011', 'TT0012', 'TT0013', 'TT0014', 'TT0015', 'TT0016', 'TT0024', 'TT0025', 'TT0026', 'TT0027', 'TT0041', 'TT0061', 'TT0076', 'TT0109', 'TT0110', 'TT0112', 'TT0122', 'TT0123', 'TT0124', 'TT0125', 'TT0127', 'TT0128', 'TT0131', 'TT0137', 'TT0138', 'TT0139', 'TT0140', 'TT0141', 'TT0142', 'TT0143', 'TT0144', 'TT0146', 'TT0151', 'TT0152', 'TT0153', 'TT0154', 'TT0155', 'TT0158', 'TT0159', 'TT0168', 'TT0169', 'TT0170', 'TT0173', 'TT0174', 'TT0175', 'TT0184', 'TT0185', 'TT0201', 'TT0206', 'TT0221', 'TT0236', 'TT0266', 'TT0269', 'TT0270', 'TT0272', 'TT0276', 'TT0281', 'TT0282', 'TT0283', 'TT0284', 'TT0285', 'TT0287', 'TT0288', 'TT0291', 'TT0292', 'TT0298', 'TT0299', 'TT0300', 'TT0302', 'TT0303', 'TT0304', 'TT0313', 'TT0314', 'TT0315', 'TT0318', 'TT0319', 'TT0328', 'TT0329', 'TT0330', 'TT0333', 'TT0334', 'TT0335', 'TT0344', 'TT0345', 'TT0346', 'TT0351', 'TT0361', 'TT0366', 'TT0381', 'TT0416', 'TT0429', 'TT0430', 'TT0431', 'TT0432', 'TT0436', 'TT0441', 'TT0442', 'TT0443', 'TT0444', 'TT0445', 'TT0447', 'TT0448', 'TT0457', 'TT0458', 'TT0459', 'TT0460', 'TT0463', 'TT0464', 'TT0473', 'TT0474', 'TT0475', 'TT0477', 'TT0478', 'TT0479', 'TT0485', 'TT0488', 'TT0489', 'TT0490', 'TT0492', 'TT0494', 'TT0495', 'TT0504', 'TT0511', 'TT0589', 'TT0590', 'TT0591', 'TT0592', 'TT0601', 'TT0602', 'TT0603', 'TT0604', 'TT0605', 'TT0607', 'TT0608', 'TT0617', 'TT0618', 'TT0619', 'TT0620', 'TT0621', 'TT0622', 'TT0623', 'TT0624', 'TT0632', 'TT0633', 'TT0634', 'TT0635', 'TT0637', 'TT0638', 'TT0639', 'TT0645', 'TT0648', 'TT0649', 'TT0650', 'TT0651', 'TT0652', 'TT0654', 'TT0655', 'TT0661', 'TT0663', 'TT0749', 'TT0750', 'TT0751', 'TT0752', 'TT0761', 'TT0762', 'TT0763', 'TT0764', 'TT0765', 'TT0766', 'TT0767', 'TT0768', 'TT0777', 'TT0778', 'TT0779', 'TT0780', 'TT0781', 'TT0782', 'TT0783', 'TT0784', 'TT0792', 'TT0793', 'TT0794', 'TT0795', 'TT0796', 'TT0797', 'TT0798', 'TT0799', 'TT0805', 'TT0808', 'TT0809', 'TT0810', 'TT0811', 'TT0812', 'TT0814', 'TT0815', 'TT0819', 'TT0821', 'TT0822', 'TT0909', 'TT0910', 'TT0911', 'TT0912', 'TT0921', 'TT0922', 'TT0923', 'TT0924', 'TT0925', 'TT0926', 'TT0927', 'TT0928', 'TT0937', 'TT0938', 'TT0939', 'TT0940', 'TT0941', 'TT0942', 'TT0943', 'TT0944', 'TT0952', 'TT0953', 'TT0954', 'TT0955', 'TT0956', 'TT0957', 'TT0958', 'TT0959', 'TT0965', 'TT0967', 'TT0968', 'TT0969', 'TT0971', 'TT0972', 'TT0974', 'TT0975', 'TT0978', 'TT0979', 'TT0981']",0.241,,0.911,HEURISTIC_NOT_FOUND,3293.05776,sw0228,sw0230,l_sw0228_sw0230,241,True,True,241,l_sw0228_sw0230,3,Q4,S6,True,deterministic evenly spaced within affected-count quantile
233,"['TT0001', 'TT0008', 'TT0009', 'TT0010', 'TT0011', 'TT0012', 'TT0013', 'TT0014', 'TT0015', 'TT0016', 'TT0024', 'TT0025', 'TT0026', 'TT0027', 'TT0028', 'TT0029', 'TT0030', 'TT0041', 'TT0061', 'TT0076', 'TT0122', 'TT0123', 'TT0124', 'TT0125', 'TT0127', 'TT0128', 'TT0131', 'TT0137', 'TT0138', 'TT0139', 'TT0140', 'TT0141', 'TT0142', 'TT0143', 'TT0144', 'TT0146', 'TT0151', 'TT0152', 'TT0153', 'TT0154', 'TT0155', 'TT0158', 'TT0159', 'TT0168', 'TT0169', 'TT0170', 'TT0173', 'TT0174', 'TT0175', 'TT0184', 'TT0185', 'TT0188', 'TT0189', 'TT0190', 'TT0201', 'TT0206', 'TT0221', 'TT0236', 'TT0266', 'TT0271', 'TT0276', 'TT0281', 'TT0282', 'TT0283', 'TT0284', 'TT0285', 'TT0287', 'TT0288', 'TT0291', 'TT0292', 'TT0298', 'TT0299', 'TT0300', 'TT0302', 'TT0303', 'TT0304', 'TT0313', 'TT0314', 'TT0315', 'TT0318', 'TT0319', 'TT0328', 'TT0329', 'TT0330', 'TT0333', 'TT0334', 'TT0335', 'TT0344', 'TT0345', 'TT0347', 'TT0348', 'TT0349', 'TT0361', 'TT0366', 'TT0381', 'TT0416', 'TT0436', 'TT0441', 'TT0442', 'TT0443', 'TT0444', 'TT0445', 'TT0447', 'TT0448', 'TT0457', 'TT0458', 'TT0459', 'TT0460', 'TT0463', 'TT0464', 'TT0473', 'TT0474', 'TT0475', 'TT0477', 'TT0478', 'TT0479', 'TT0488', 'TT0489', 'TT0490', 'TT0492', 'TT0494', 'TT0495', 'TT0504', 'TT0505', 'TT0506', 'TT0507', 'TT0508', 'TT0601', 'TT0602', 'TT0603', 'TT0604', 'TT0605', 'TT0607', 'TT0608', 'TT0617', 'TT0618', 'TT0619', 'TT0620', 'TT0621', 'TT0622', 'TT0623', 'TT0624', 'TT0632', 'TT0633', 'TT0634', 'TT0635', 'TT0637', 'TT0638', 'TT0639', 'TT0648', 'TT0649', 'TT0650', 'TT0651', 'TT0652', 'TT0654', 'TT0655', 'TT0661', 'TT0664', 'TT0665', 'TT0666', 'TT0667', 'TT0761', 'TT0762', 'TT0763', 'TT0764', 'TT0765', 'TT0766', 'TT0767', 'TT0768', 'TT0777', 'TT0778', 'TT0779', 'TT0780', 'TT0781', 'TT0782', 'TT0783', 'TT0784', 'TT0792', 'TT0793', 'TT0794', 'TT0795', 'TT0796', 'TT0797', 'TT0798', 'TT0799', 'TT0808', 'TT0809', 'TT0810', 'TT0811', 'TT0812', 'TT0814', 'TT0815', 'TT0821', 'TT0824', 'TT0825', 'TT0826', 'TT0921', 'TT0922', 'TT0923', 'TT0924', 'TT0925', 'TT0926', 'TT0927', 'TT0928', 'TT0937', 'TT0938', 'TT0939', 'TT0940', 'TT0941', 'TT0942', 'TT0943', 'TT0944', 'TT0952', 'TT0953', 'TT0954', 'TT0955', 'TT0956', 'TT0957', 'TT0958', 'TT0959', 'TT0967', 'TT0968', 'TT0969', 'TT0970', 'TT0971', 'TT0972', 'TT0974', 'TT0975', 'TT0978', 'TT0981', 'TT0983', 'TT0984', 'TT0985']",0.233,,0.905,HEURISTIC_NOT_FOUND,3338.75478,sw0240,sw0242,l_sw0240_sw0242,233,True,True,233,l_sw0240_sw0242,2,Q3,S6,True,deterministic evenly spaced within affected-count quantile
232,"['TT0002', 'TT0003', 'TT0004', 'TT0005', 'TT0006', 'TT0007', 'TT0017', 'TT0018', 'TT0019', 'TT0020', 'TT0022', 'TT0023', 'TT0031', 'TT0032', 'TT0033', 'TT0034', 'TT0035', 'TT0036', 'TT0037', 'TT0038', 'TT0039', 'TT0066', 'TT0129', 'TT0130', 'TT0132', 'TT0133', 'TT0134', 'TT0135', 'TT0136', 'TT0145', 'TT0147', 'TT0148', 'TT0149', 'TT0150', 'TT0157', 'TT0160', 'TT0162', 'TT0163', 'TT0164', 'TT0165', 'TT0167', 'TT0172', 'TT0177', 'TT0178', 'TT0179', 'TT0180', 'TT0182', 'TT0183', 'TT0187', 'TT0191', 'TT0192', 'TT0193', 'TT0194', 'TT0195', 'TT0198', 'TT0211', 'TT0216', 'TT0226', 'TT0231', 'TT0241', 'TT0261', 'TT0289', 'TT0290', 'TT0293', 'TT0294', 'TT0295', 'TT0297', 'TT0305', 'TT0307', 'TT0308', 'TT0309', 'TT0310', 'TT0312', 'TT0317', 'TT0320', 'TT0321', 'TT0322', 'TT0323', 'TT0324', 'TT0325', 'TT0337', 'TT0338', 'TT0339', 'TT0340', 'TT0342', 'TT0343', 'TT0352', 'TT0353', 'TT0354', 'TT0355', 'TT0371', 'TT0376', 'TT0401', 'TT0406', 'TT0449', 'TT0450', 'TT0452', 'TT0453', 'TT0454', 'TT0455', 'TT0461', 'TT0462', 'TT0465', 'TT0466', 'TT0467', 'TT0468', 'TT0469', 'TT0470', 'TT0471', 'TT0472', 'TT0480', 'TT0482', 'TT0483', 'TT0484', 'TT0485', 'TT0487', 'TT0497', 'TT0498', 'TT0499', 'TT0500', 'TT0501', 'TT0502', 'TT0503', 'TT0509', 'TT0512', 'TT0513', 'TT0514', 'TT0515', 'TT0606', 'TT0609', 'TT0610', 'TT0611', 'TT0612', 'TT0613', 'TT0614', 'TT0615', 'TT0616', 'TT0625', 'TT0626', 'TT0627', 'TT0628', 'TT0629', 'TT0630', 'TT0640', 'TT0641', 'TT0642', 'TT0643', 'TT0644', 'TT0645', 'TT0646', 'TT0647', 'TT0656', 'TT0657', 'TT0658', 'TT0659', 'TT0660', 'TT0662', 'TT0663', 'TT0669', 'TT0671', 'TT0672', 'TT0673', 'TT0674', 'TT0675', 'TT0769', 'TT0770', 'TT0771', 'TT0772', 'TT0773', 'TT0774', 'TT0775', 'TT0776', 'TT0785', 'TT0786', 'TT0787', 'TT0788', 'TT0789', 'TT0790', 'TT0791', 'TT0800', 'TT0801', 'TT0802', 'TT0803', 'TT0804', 'TT0805', 'TT0806', 'TT0807', 'TT0816', 'TT0817', 'TT0818', 'TT0819', 'TT0820', 'TT0822', 'TT0823', 'TT0829', 'TT0831', 'TT0832', 'TT0833', 'TT0834', 'TT0929', 'TT0930', 'TT0931', 'TT0932', 'TT0933', 'TT0934', 'TT0935', 'TT0936', 'TT0945', 'TT0946', 'TT0947', 'TT0948', 'TT0949', 'TT0950', 'TT0951', 'TT0960', 'TT0961', 'TT0962', 'TT0963', 'TT0964', 'TT0965', 'TT0966', 'TT0976', 'TT0977', 'TT0978', 'TT0979', 'TT0980', 'TT0982', 'TT0986', 'TT0989', 'TT0991', 'TT0992', 'TT0993']",0.232,,0.901,HEURISTIC_NOT_FOUND,3208.169922,sw0257,sw0259,l_sw0257_sw0259,232,True,True,232,l_sw0257_sw0259,2,Q3,S6,True,deterministic evenly spaced within affected-count quantile
250,"['TT0002', 'TT0003', 'TT0004', 'TT0005', 'TT0006', 'TT0007', 'TT0008', 'TT0017', 'TT0018', 'TT0019', 'TT0020', 'TT0022', 'TT0023', 'TT0031', 'TT0032', 'TT0033', 'TT0034', 'TT0035', 'TT0036', 'TT0037', 'TT0038', 'TT0039', 'TT0042', 'TT0047', 'TT0048', 'TT0049', 'TT0050', 'TT0066', 'TT0132', 'TT0133', 'TT0134', 'TT0135', 'TT0136', 'TT0145', 'TT0147', 'TT0148', 'TT0149', 'TT0150', 'TT0157', 'TT0162', 'TT0163', 'TT0164', 'TT0165', 'TT0167', 'TT0168', 'TT0172', 'TT0177', 'TT0178', 'TT0179', 'TT0180', 'TT0182', 'TT0183', 'TT0187', 'TT0191', 'TT0192', 'TT0193', 'TT0194', 'TT0195', 'TT0198', 'TT0199', 'TT0208', 'TT0209', 'TT0211', 'TT0216', 'TT0226', 'TT0231', 'TT0241', 'TT0261', 'TT0293', 'TT0294', 'TT0295', 'TT0297', 'TT0305', 'TT0307', 'TT0308', 'TT0309', 'TT0310', 'TT0312', 'TT0317', 'TT0321', 'TT0322', 'TT0323', 'TT0324', 'TT0325', 'TT0328', 'TT0337', 'TT0338', 'TT0339', 'TT0340', 'TT0342', 'TT0343', 'TT0352', 'TT0353', 'TT0354', 'TT0355', 'TT0358', 'TT0359', 'TT0368', 'TT0371', 'TT0376', 'TT0401', 'TT0406', 'TT0451', 'TT0452', 'TT0453', 'TT0454', 'TT0455', 'TT0461', 'TT0462', 'TT0465', 'TT0466', 'TT0467', 'TT0468', 'TT0469', 'TT0470', 'TT0471', 'TT0472', 'TT0482', 'TT0483', 'TT0484', 'TT0485', 'TT0487', 'TT0488', 'TT0497', 'TT0498', 'TT0499', 'TT0500', 'TT0502', 'TT0503', 'TT0509', 'TT0512', 'TT0513', 'TT0514', 'TT0515', 'TT0518', 'TT0519', 'TT0521', 'TT0525', 'TT0612', 'TT0613', 'TT0614', 'TT0615', 'TT0616', 'TT0625', 'TT0626', 'TT0627', 'TT0628', 'TT0629', 'TT0630', 'TT0641', 'TT0642', 'TT0643', 'TT0644', 'TT0645', 'TT0646', 'TT0647', 'TT0648', 'TT0656', 'TT0657', 'TT0658', 'TT0659', 'TT0660', 'TT0661', 'TT0662', 'TT0663', 'TT0669', 'TT0671', 'TT0672', 'TT0673', 'TT0674', 'TT0675', 'TT0676', 'TT0678', 'TT0679', 'TT0684', 'TT0685', 'TT0772', 'TT0773', 'TT0774', 'TT0775', 'TT0776', 'TT0785', 'TT0786', 'TT0787', 'TT0788', 'TT0789', 'TT0790', 'TT0791', 'TT0801', 'TT0802', 'TT0803', 'TT0804', 'TT0805', 'TT0806', 'TT0807', 'TT0808', 'TT0816', 'TT0817', 'TT0818', 'TT0819', 'TT0820', 'TT0821', 'TT0822', 'TT0823', 'TT0829', 'TT0831', 'TT0832', 'TT0833', 'TT0834', 'TT0835', 'TT0836', 'TT0838', 'TT0839', 'TT0843', 'TT0844', 'TT0845', 'TT0932', 'TT0933', 'TT0934', 'TT0935', 'TT0936', 'TT0945', 'TT0946', 'TT0947', 'TT0948', 'TT0949', 'TT0950', 'TT0951', 'TT0961', 'TT0962', 'TT0963', 'TT0964', 'TT0965', 'TT0966', 'TT0967', 'TT0968', 'TT0976', 'TT0977', 'TT0978', 'TT0979', 'TT0980', 'TT0981', 'TT0982', 'TT0989', 'TT0991', 'TT0992', 'TT0993', 'TT0995', 'TT0996', 'TT0998']",0.25,,0.915,HEURISTIC_NOT_FOUND,3355.402594,sw0277,sw0279,l_sw0277_sw0279,250,True,True,250,l_sw0277_sw0279,4,Q5,S6,True,deterministic evenly spaced within affected-count quantile
247,"['TT0002', 'TT0003', 'TT0004', 'TT0005', 'TT0006', 'TT0007', 'TT0008', 'TT0016', 'TT0017', 'TT0018', 'TT0019', 'TT0020', 'TT0022', 'TT0023', 'TT0031', 'TT0032', 'TT0033', 'TT0034', 'TT0035', 'TT0036', 'TT0037', 'TT0038', 'TT0039', 'TT0042', 'TT0047', 'TT0048', 'TT0049', 'TT0050', 'TT0051', 'TT0052', 'TT0053', 'TT0054', 'TT0055', 'TT0056', 'TT0066', 'TT0145', 'TT0147', 'TT0148', 'TT0149', 'TT0150', 'TT0157', 'TT0162', 'TT0163', 'TT0164', 'TT0165', 'TT0167', 'TT0168', 'TT0172', 'TT0177', 'TT0178', 'TT0179', 'TT0180', 'TT0182', 'TT0183', 'TT0187', 'TT0192', 'TT0193', 'TT0194', 'TT0195', 'TT0198', 'TT0199', 'TT0208', 'TT0209', 'TT0210', 'TT0213', 'TT0214', 'TT0215', 'TT0226', 'TT0231', 'TT0241', 'TT0261', 'TT0296', 'TT0305', 'TT0307', 'TT0308', 'TT0309', 'TT0310', 'TT0312', 'TT0317', 'TT0321', 'TT0322', 'TT0323', 'TT0324', 'TT0325', 'TT0328', 'TT0337', 'TT0338', 'TT0339', 'TT0340', 'TT0342', 'TT0343', 'TT0352', 'TT0353', 'TT0354', 'TT0355', 'TT0358', 'TT0359', 'TT0368', 'TT0369', 'TT0370', 'TT0372', 'TT0373', 'TT0374', 'TT0375', 'TT0401', 'TT0406', 'TT0451', 'TT0456', 'TT0465', 'TT0466', 'TT0467', 'TT0468', 'TT0469', 'TT0470', 'TT0471', 'TT0472', 'TT0482', 'TT0483', 'TT0484', 'TT0485', 'TT0487', 'TT0488', 'TT0497', 'TT0498', 'TT0499', 'TT0500', 'TT0502', 'TT0503', 'TT0512', 'TT0513', 'TT0514', 'TT0515', 'TT0517', 'TT0518', 'TT0519', 'TT0521', 'TT0525', 'TT0528', 'TT0529', 'TT0530', 'TT0531', 'TT0532', 'TT0534', 'TT0535', 'TT0625', 'TT0626', 'TT0627', 'TT0628', 'TT0629', 'TT0630', 'TT0641', 'TT0642', 'TT0643', 'TT0644', 'TT0645', 'TT0646', 'TT0647', 'TT0648', 'TT0657', 'TT0658', 'TT0659', 'TT0660', 'TT0661', 'TT0662', 'TT0663', 'TT0672', 'TT0673', 'TT0674', 'TT0675', 'TT0676', 'TT0677', 'TT0678', 'TT0679', 'TT0685', 'TT0688', 'TT0689', 'TT0690', 'TT0691', 'TT0692', 'TT0694', 'TT0695', 'TT0785', 'TT0786', 'TT0787', 'TT0788', 'TT0789', 'TT0790', 'TT0791', 'TT0801', 'TT0802', 'TT0803', 'TT0804', 'TT0805', 'TT0806', 'TT0807', 'TT0808', 'TT0817', 'TT0818', 'TT0819', 'TT0820', 'TT0821', 'TT0822', 'TT0823', 'TT0832', 'TT0833', 'TT0834', 'TT0835', 'TT0836', 'TT0837', 'TT0838', 'TT0839', 'TT0845', 'TT0848', 'TT0849', 'TT0850', 'TT0851', 'TT0852', 'TT0854', 'TT0855', 'TT0945', 'TT0946', 'TT0947', 'TT0948', 'TT0949', 'TT0950', 'TT0951', 'TT0961', 'TT0962', 'TT0963', 'TT0964', 'TT0965', 'TT0966', 'TT0967', 'TT0968', 'TT0977', 'TT0978', 'TT0979', 'TT0980', 'TT0981', 'TT0982', 'TT0992', 'TT0993', 'TT0994', 'TT0995', 'TT0996', 'TT0997', 'TT0998']",0.247,,0.914,HEURISTIC_NOT_FOUND,3319.319706,sw0305,sw0307,l_sw0305_sw0307,247,True,True,247,l_sw0305_sw0307,4,Q5,S6,True,deterministic evenly spaced within affected-count quantile
242,"['TT0002', 'TT0003', 'TT0004', 'TT0005', 'TT0006', 'TT0007', 'TT0008', 'TT0016', 'TT0017', 'TT0018', 'TT0019', 'TT0020', 'TT0022', 'TT0023', 'TT0024', 'TT0031', 'TT0033', 'TT0034', 'TT0035', 'TT0036', 'TT0037', 'TT0038', 'TT0039', 'TT0042', 'TT0047', 'TT0048', 'TT0049', 'TT0050', 'TT0051', 'TT0052', 'TT0053', 'TT0054', 'TT0055', 'TT0056', 'TT0064', 'TT0065', 'TT0067', 'TT0068', 'TT0069', 'TT0070', 'TT0162', 'TT0163', 'TT0164', 'TT0165', 'TT0167', 'TT0168', 'TT0172', 'TT0177', 'TT0178', 'TT0179', 'TT0180', 'TT0182', 'TT0183', 'TT0184', 'TT0187', 'TT0193', 'TT0194', 'TT0195', 'TT0198', 'TT0199', 'TT0208', 'TT0209', 'TT0210', 'TT0213', 'TT0214', 'TT0215', 'TT0224', 'TT0225', 'TT0227', 'TT0228', 'TT0229', 'TT0230', 'TT0241', 'TT0261', 'TT0296', 'TT0306', 'TT0311', 'TT0321', 'TT0322', 'TT0323', 'TT0324', 'TT0325', 'TT0328', 'TT0337', 'TT0338', 'TT0339', 'TT0340', 'TT0342', 'TT0343', 'TT0344', 'TT0353', 'TT0354', 'TT0355', 'TT0358', 'TT0359', 'TT0368', 'TT0369', 'TT0370', 'TT0372', 'TT0373', 'TT0374', 'TT0375', 'TT0384', 'TT0385', 'TT0386', 'TT0387', 'TT0388', 'TT0389', 'TT0390', 'TT0391', 'TT0401', 'TT0406', 'TT0451', 'TT0456', 'TT0482', 'TT0483', 'TT0484', 'TT0485', 'TT0487', 'TT0488', 'TT0497', 'TT0498', 'TT0499', 'TT0500', 'TT0502', 'TT0503', 'TT0504', 'TT0513', 'TT0514', 'TT0515', 'TT0517', 'TT0518', 'TT0519', 'TT0521', 'TT0528', 'TT0529', 'TT0530', 'TT0531', 'TT0532', 'TT0534', 'TT0535', 'TT0544', 'TT0545', 'TT0546', 'TT0547', 'TT0548', 'TT0550', 'TT0631', 'TT0641', 'TT0642', 'TT0643', 'TT0644', 'TT0645', 'TT0646', 'TT0647', 'TT0648', 'TT0657', 'TT0658', 'TT0659', 'TT0660', 'TT0661', 'TT0662', 'TT0663', 'TT0664', 'TT0673', 'TT0674', 'TT0675', 'TT0676', 'TT0677', 'TT0678', 'TT0679', 'TT0688', 'TT0689', 'TT0690', 'TT0691', 'TT0692', 'TT0694', 'TT0695', 'TT0701', 'TT0704', 'TT0705', 'TT0706', 'TT0707', 'TT0708', 'TT0710', 'TT0801', 'TT0802', 'TT0803', 'TT0804', 'TT0805', 'TT0806', 'TT0807', 'TT0808', 'TT0817', 'TT0818', 'TT0819', 'TT0820', 'TT0821', 'TT0822', 'TT0823', 'TT0824', 'TT0833', 'TT0834', 'TT0835', 'TT0836', 'TT0837', 'TT0838', 'TT0839', 'TT0848', 'TT0849', 'TT0850', 'TT0851', 'TT0852', 'TT0854', 'TT0855', 'TT0861', 'TT0864', 'TT0865', 'TT0866', 'TT0868', 'TT0961', 'TT0962', 'TT0963', 'TT0964', 'TT0965', 'TT0966', 'TT0967', 'TT0968', 'TT0977', 'TT0978', 'TT0979', 'TT0980', 'TT0981', 'TT0982', 'TT0983', 'TT0984', 'TT0993', 'TT0994', 'TT0995', 'TT0996', 'TT0997', 'TT0998']",0.242,,0.905,HEURISTIC_NOT_FOUND,3286.752948,sw0331,sw0333,l_sw0331_sw0333,242,True,True,242,l_sw0331_sw0333,3,Q4,S6,True,deterministic evenly spaced within affected-count quantile
492,"['TT0002', 'TT0005', 'TT0008', 'TT0019', 'TT0020', 'TT0024', 'TT0032', 'TT0034', 'TT0035', 'TT0039', 'TT0040', 'TT0042', 'TT0043', 'TT0048', 'TT0049', 'TT0050', 'TT0053', 'TT0054', 'TT0055', 'TT0064', 'TT0065', 'TT0067', 'TT0069', 'TT0070', 'TT0072', 'TT0077', 'TT0080', 'TT0083', 'TT0086', 'TT0098', 'TT0101', 'TT0102', 'TT0103', 'TT0113', 'TT0117', 'TT0118', 'TT0132', 'TT0133', 'TT0136', 'TT0146', 'TT0148', 'TT0151', 'TT0152', 'TT0161', 'TT0162', 'TT0163', 'TT0165', 'TT0179', 'TT0180', 'TT0184', 'TT0194', 'TT0195', 'TT0199', 'TT0200', 'TT0209', 'TT0210', 'TT0214', 'TT0215', 'TT0224', 'TT0225', 'TT0229', 'TT0230', 'TT0240', 'TT0243', 'TT0246', 'TT0247', 'TT0257', 'TT0258', 'TT0261', 'TT0262', 'TT0263', 'TT0273', 'TT0276', 'TT0277', 'TT0278', 'TT0291', 'TT0292', 'TT0293', 'TT0296', 'TT0306', 'TT0307', 'TT0308', 'TT0311', 'TT0312', 'TT0321', 'TT0322', 'TT0323', 'TT0325', 'TT0339', 'TT0340', 'TT0344', 'TT0354', 'TT0355', 'TT0359', 'TT0360', 'TT0370', 'TT0375', 'TT0384', 'TT0385', 'TT0389', 'TT0390', 'TT0400', 'TT0402', 'TT0403', 'TT0406', 'TT0407', 'TT0408', 'TT0417', 'TT0418', 'TT0421', 'TT0422', 'TT0423', 'TT0433', 'TT0436', 'TT0437', 'TT0438', 'TT0451', 'TT0452', 'TT0453', 'TT0456', 'TT0466', 'TT0467', 'TT0468', 'TT0471', 'TT0472', 'TT0481', 'TT0482', 'TT0483', 'TT0485', 'TT0489', 'TT0499', 'TT0500', 'TT0504', 'TT0514', 'TT0515', 'TT0519', 'TT0520', 'TT0529', 'TT0530', 'TT0534', 'TT0535', 'TT0539', 'TT0544', 'TT0545', 'TT0550', 'TT0560', 'TT0562', 'TT0563', 'TT0566', 'TT0567', 'TT0568', 'TT0571', 'TT0577', 'TT0578', 'TT0581', 'TT0582', 'TT0583', 'TT0593', 'TT0596', 'TT0597', 'TT0598', 'TT0611', 'TT0612', 'TT0613', 'TT0616', 'TT0626', 'TT0627', 'TT0628', 'TT0631', 'TT0632', 'TT0641', 'TT0642', 'TT0643', 'TT0645', 'TT0659', 'TT0660', 'TT0674', 'TT0675', 'TT0680', 'TT0689', 'TT0690', 'TT0694', 'TT0695', 'TT0699', 'TT0705', 'TT0710', 'TT0719', 'TT0721', 'TT0722', 'TT0723', 'TT0726', 'TT0727', 'TT0728', 'TT0737', 'TT0738', 'TT0741', 'TT0742', 'TT0743', 'TT0753', 'TT0756', 'TT0757', 'TT0758', 'TT0771', 'TT0772', 'TT0773', 'TT0776', 'TT0786', 'TT0787', 'TT0788', 'TT0791', 'TT0792', 'TT0801', 'TT0802', 'TT0803', 'TT0805', 'TT0820', 'TT0824', 'TT0835', 'TT0840', 'TT0844', 'TT0849', 'TT0850', 'TT0854', 'TT0855', 'TT0864', 'TT0865', 'TT0870', 'TT0875', 'TT0881', 'TT0882', 'TT0886', 'TT0887', 'TT0888', 'TT0897', 'TT0898', 'TT0901', 'TT0902', 'TT0903', 'TT0906', 'TT0913', 'TT0916', 'TT0917', 'TT0918', 'TT0931', 'TT0932', 'TT0936', 'TT0946', 'TT0947', 'TT0948', 'TT0951', 'TT0952', 'TT0961', 'TT0962', 'TT0963', 'TT0965', 'TT0979', 'TT0980', 'TT0984', 'TT0995', 'TT0999', 'TT1000', 'TT1009', 'TT1010', 'TT1014', 'TT1024', 'TT1025', 'TT1030', 'TT1034', 'TT1035', 'TT1041', 'TT1042', 'TT1043', 'TT1047', 'TT1048', 'TT1057', 'TT1058', 'TT1061', 'TT1062', 'TT1073', 'TT1076', 'TT1077', 'TT1091', 'TT1092', 'TT1093', 'TT1096', 'TT1106', 'TT1107', 'TT1108', 'TT1111', 'TT1112', 'TT1121', 'TT1122', 'TT1125', 'TT1139', 'TT1140', 'TT1144', 'TT1154', 'TT1155', 'TT1159', 'TT1160', 'TT1169', 'TT1170', 'TT1174', 'TT1184', 'TT1185', 'TT1190', 'TT1194', 'TT1195', 'TT1197', 'TT1202', 'TT1207', 'TT1208', 'TT1217', 'TT1221', 'TT1222', 'TT1223', 'TT1236', 'TT1246', 'TT1251', 'TT1252', 'TT1253', 'TT1256', 'TT1266', 'TT1267', 'TT1271', 'TT1272', 'TT1281', 'TT1282', 'TT1285', 'TT1288', 'TT1293', 'TT1298', 'TT1299', 'TT1300', 'TT1304', 'TT1314', 'TT1315', 'TT1319', 'TT1320', 'TT1329', 'TT1330', 'TT1334', 'TT1345', 'TT1350', 'TT1353', 'TT1354', 'TT1355', 'TT1356', 'TT1361', 'TT1362', 'TT1367', 'TT1381', 'TT1382', 'TT1396', 'TT1397', 'TT1406', 'TT1411', 'TT1412', 'TT1416', 'TT1426', 'TT1427', 'TT1431', 'TT1432', 'TT1441', 'TT1442', 'TT1445', 'TT1448', 'TT1453', 'TT1458', 'TT1459', 'TT1460', 'TT1467', 'TT1472', 'TT1474', 'TT1475', 'TT1479', 'TT1480', 'TT1489', 'TT1490', 'TT1494', 'TT1495', 'TT1505', 'TT1510', 'TT1513', 'TT1514', 'TT1521', 'TT1522', 'TT1526', 'TT1527', 'TT1537', 'TT1541', 'TT1542', 'TT1556', 'TT1557', 'TT1571', 'TT1572', 'TT1576', 'TT1586', 'TT1587', 'TT1591', 'TT1592', 'TT1601', 'TT1602', 'TT1605', 'TT1608', 'TT1613', 'TT1618', 'TT1620', 'TT1624', 'TT1634', 'TT1635', 'TT1637', 'TT1639', 'TT1640', 'TT1649', 'TT1650', 'TT1653', 'TT1654', 'TT1655', 'TT1663', 'TT1665', 'TT1670', 'TT1673', 'TT1681', 'TT1682', 'TT1687', 'TT1702', 'TT1716', 'TT1731', 'TT1732', 'TT1736', 'TT1746', 'TT1747', 'TT1751', 'TT1752', 'TT1761', 'TT1765', 'TT1767', 'TT1768', 'TT1779', 'TT1780', 'TT1784', 'TT1794', 'TT1795', 'TT1799', 'TT1800', 'TT1809', 'TT1810', 'TT1813', 'TT1814', 'TT1815', 'TT1818', 'TT1822', 'TT1823', 'TT1825', 'TT1829', 'TT1830', 'TT1832', 'TT1841', 'TT1846', 'TT1861', 'TT1862', 'TT1876', 'TT1891', 'TT1892', 'TT1896', 'TT1906', 'TT1907', 'TT1911', 'TT1925', 'TT1928', 'TT1940', 'TT1944', 'TT1946', 'TT1951', 'TT1954', 'TT1955', 'TT1956', 'TT1959', 'TT1960', 'TT1967', 'TT1968', 'TT1969', 'TT1970', 'TT1973', 'TT1974', 'TT1975', 'TT1983', 'TT1985', 'TT1988', 'TT1989', 'TT1990']",0.246,,0.8865,HEURISTIC_NOT_FOUND,6534.524698,sw0007,sw0009,l_sw0007_sw0009,492,True,True,492,l_sw0007_sw0009,3,Q4,S7,True,deterministic evenly spaced within affected-count quantile
501,"['TT0002', 'TT0006', 'TT0007', 'TT0019', 'TT0020', 'TT0024', 'TT0032', 'TT0034', 'TT0035', 'TT0039', 'TT0040', 'TT0042', 'TT0043', 'TT0048', 'TT0049', 'TT0050', 'TT0053', 'TT0054', 'TT0055', 'TT0064', 'TT0065', 'TT0067', 'TT0069', 'TT0070', 'TT0072', 'TT0077', 'TT0080', 'TT0083', 'TT0084', 'TT0085', 'TT0087', 'TT0098', 'TT0101', 'TT0102', 'TT0103', 'TT0113', 'TT0117', 'TT0118', 'TT0132', 'TT0133', 'TT0136', 'TT0146', 'TT0148', 'TT0151', 'TT0152', 'TT0161', 'TT0162', 'TT0163', 'TT0166', 'TT0167', 'TT0168', 'TT0179', 'TT0180', 'TT0184', 'TT0194', 'TT0195', 'TT0199', 'TT0200', 'TT0209', 'TT0210', 'TT0214', 'TT0215', 'TT0224', 'TT0225', 'TT0229', 'TT0230', 'TT0240', 'TT0244', 'TT0245', 'TT0257', 'TT0258', 'TT0261', 'TT0262', 'TT0263', 'TT0273', 'TT0276', 'TT0277', 'TT0278', 'TT0291', 'TT0292', 'TT0293', 'TT0296', 'TT0306', 'TT0307', 'TT0308', 'TT0311', 'TT0312', 'TT0321', 'TT0322', 'TT0323', 'TT0326', 'TT0327', 'TT0328', 'TT0339', 'TT0340', 'TT0344', 'TT0354', 'TT0355', 'TT0359', 'TT0360', 'TT0370', 'TT0375', 'TT0384', 'TT0385', 'TT0389', 'TT0390', 'TT0400', 'TT0404', 'TT0405', 'TT0417', 'TT0418', 'TT0421', 'TT0422', 'TT0423', 'TT0433', 'TT0436', 'TT0437', 'TT0438', 'TT0451', 'TT0452', 'TT0453', 'TT0456', 'TT0466', 'TT0467', 'TT0468', 'TT0471', 'TT0472', 'TT0481', 'TT0482', 'TT0483', 'TT0486', 'TT0487', 'TT0488', 'TT0499', 'TT0500', 'TT0504', 'TT0514', 'TT0515', 'TT0519', 'TT0520', 'TT0529', 'TT0530', 'TT0534', 'TT0535', 'TT0539', 'TT0544', 'TT0545', 'TT0550', 'TT0560', 'TT0564', 'TT0567', 'TT0571', 'TT0577', 'TT0578', 'TT0581', 'TT0582', 'TT0583', 'TT0593', 'TT0596', 'TT0597', 'TT0598', 'TT0611', 'TT0612', 'TT0613', 'TT0616', 'TT0626', 'TT0627', 'TT0628', 'TT0631', 'TT0632', 'TT0641', 'TT0642', 'TT0643', 'TT0646', 'TT0647', 'TT0648', 'TT0659', 'TT0660', 'TT0674', 'TT0675', 'TT0680', 'TT0689', 'TT0690', 'TT0694', 'TT0695', 'TT0699', 'TT0705', 'TT0710', 'TT0720', 'TT0727', 'TT0728', 'TT0737', 'TT0738', 'TT0741', 'TT0742', 'TT0743', 'TT0753', 'TT0756', 'TT0757', 'TT0758', 'TT0771', 'TT0772', 'TT0773', 'TT0776', 'TT0786', 'TT0787', 'TT0788', 'TT0791', 'TT0792', 'TT0801', 'TT0802', 'TT0803', 'TT0806', 'TT0807', 'TT0808', 'TT0820', 'TT0824', 'TT0835', 'TT0840', 'TT0844', 'TT0849', 'TT0850', 'TT0854', 'TT0855', 'TT0864', 'TT0865', 'TT0870', 'TT0880', 'TT0887', 'TT0888', 'TT0897', 'TT0898', 'TT0901', 'TT0902', 'TT0903', 'TT0906', 'TT0913', 'TT0916', 'TT0917', 'TT0918', 'TT0931', 'TT0932', 'TT0936', 'TT0946', 'TT0947', 'TT0948', 'TT0951', 'TT0952', 'TT0961', 'TT0962', 'TT0963', 'TT0966', 'TT0967', 'TT0968', 'TT0979', 'TT0980', 'TT0984', 'TT0995', 'TT0999', 'TT1000', 'TT1009', 'TT1010', 'TT1014', 'TT1024', 'TT1025', 'TT1030', 'TT1034', 'TT1039', 'TT1040', 'TT1047', 'TT1048', 'TT1057', 'TT1058', 'TT1061', 'TT1062', 'TT1073', 'TT1076', 'TT1077', 'TT1091', 'TT1092', 'TT1093', 'TT1096', 'TT1106', 'TT1107', 'TT1108', 'TT1111', 'TT1112', 'TT1121', 'TT1122', 'TT1126', 'TT1127', 'TT1128', 'TT1139', 'TT1140', 'TT1144', 'TT1154', 'TT1155', 'TT1159', 'TT1160', 'TT1169', 'TT1170', 'TT1174', 'TT1184', 'TT1185', 'TT1190', 'TT1194', 'TT1199', 'TT1200', 'TT1207', 'TT1208', 'TT1217', 'TT1221', 'TT1222', 'TT1223', 'TT1236', 'TT1246', 'TT1251', 'TT1252', 'TT1253', 'TT1256', 'TT1266', 'TT1267', 'TT1271', 'TT1272', 'TT1281', 'TT1282', 'TT1286', 'TT1287', 'TT1293', 'TT1298', 'TT1299', 'TT1300', 'TT1304', 'TT1314', 'TT1315', 'TT1319', 'TT1320', 'TT1329', 'TT1330', 'TT1334', 'TT1345', 'TT1348', 'TT1350', 'TT1353', 'TT1354', 'TT1358', 'TT1359', 'TT1362', 'TT1367', 'TT1381', 'TT1382', 'TT1396', 'TT1397', 'TT1406', 'TT1411', 'TT1412', 'TT1416', 'TT1426', 'TT1427', 'TT1431', 'TT1432', 'TT1441', 'TT1442', 'TT1446', 'TT1447', 'TT1453', 'TT1458', 'TT1459', 'TT1460', 'TT1467', 'TT1472', 'TT1474', 'TT1475', 'TT1479', 'TT1480', 'TT1489', 'TT1490', 'TT1494', 'TT1495', 'TT1505', 'TT1508', 'TT1510', 'TT1513', 'TT1514', 'TT1518', 'TT1522', 'TT1526', 'TT1527', 'TT1537', 'TT1541', 'TT1542', 'TT1556', 'TT1557', 'TT1571', 'TT1572', 'TT1576', 'TT1586', 'TT1587', 'TT1591', 'TT1592', 'TT1601', 'TT1602', 'TT1606', 'TT1607', 'TT1613', 'TT1618', 'TT1620', 'TT1624', 'TT1634', 'TT1635', 'TT1637', 'TT1639', 'TT1640', 'TT1649', 'TT1650', 'TT1653', 'TT1654', 'TT1655', 'TT1663', 'TT1665', 'TT1668', 'TT1670', 'TT1673', 'TT1674', 'TT1675', 'TT1678', 'TT1681', 'TT1682', 'TT1687', 'TT1702', 'TT1716', 'TT1731', 'TT1732', 'TT1736', 'TT1746', 'TT1747', 'TT1751', 'TT1752', 'TT1761', 'TT1779', 'TT1780', 'TT1784', 'TT1794', 'TT1795', 'TT1799', 'TT1800', 'TT1809', 'TT1810', 'TT1813', 'TT1814', 'TT1815', 'TT1818', 'TT1822', 'TT1823', 'TT1825', 'TT1828', 'TT1829', 'TT1830', 'TT1832', 'TT1833', 'TT1834', 'TT1835', 'TT1841', 'TT1846', 'TT1861', 'TT1862', 'TT1876', 'TT1891', 'TT1892', 'TT1896', 'TT1906', 'TT1907', 'TT1911', 'TT1926', 'TT1927', 'TT1940', 'TT1944', 'TT1946', 'TT1951', 'TT1954', 'TT1955', 'TT1956', 'TT1959', 'TT1960', 'TT1967', 'TT1968', 'TT1969', 'TT1970', 'TT1973', 'TT1974', 'TT1975', 'TT1983', 'TT1985', 'TT1987', 'TT1988', 'TT1989', 'TT1990', 'TT1992', 'TT1993', 'TT1994', 'TT1995']",0.2505,,0.8795,HEURISTIC_NOT_FOUND,6603.025652,sw0019,sw0021,l_sw0019_sw0021,501,True,True,501,l_sw0019_sw0021,4,Q5,S7,True,deterministic evenly spaced within affected-count quantile
499,"['TT0002', 'TT0006', 'TT0007', 'TT0019', 'TT0020', 'TT0024', 'TT0032', 'TT0034', 'TT0035', 'TT0039', 'TT0040', 'TT0042', 'TT0043', 'TT0049', 'TT0050', 'TT0053', 'TT0054', 'TT0055', 'TT0064', 'TT0065', 'TT0067', 'TT0069', 'TT0070', 'TT0072', 'TT0077', 'TT0080', 'TT0083', 'TT0084', 'TT0085', 'TT0087', 'TT0098', 'TT0101', 'TT0102', 'TT0103', 'TT0113', 'TT0117', 'TT0118', 'TT0132', 'TT0133', 'TT0136', 'TT0146', 'TT0148', 'TT0151', 'TT0152', 'TT0161', 'TT0162', 'TT0163', 'TT0166', 'TT0167', 'TT0168', 'TT0179', 'TT0180', 'TT0184', 'TT0194', 'TT0195', 'TT0199', 'TT0200', 'TT0209', 'TT0210', 'TT0214', 'TT0215', 'TT0224', 'TT0225', 'TT0229', 'TT0230', 'TT0240', 'TT0244', 'TT0245', 'TT0257', 'TT0258', 'TT0261', 'TT0262', 'TT0263', 'TT0273', 'TT0276', 'TT0277', 'TT0278', 'TT0291', 'TT0292', 'TT0293', 'TT0296', 'TT0306', 'TT0307', 'TT0308', 'TT0311', 'TT0312', 'TT0321', 'TT0322', 'TT0323', 'TT0326', 'TT0327', 'TT0328', 'TT0339', 'TT0340', 'TT0344', 'TT0354', 'TT0355', 'TT0359', 'TT0360', 'TT0370', 'TT0375', 'TT0384', 'TT0385', 'TT0389', 'TT0390', 'TT0400', 'TT0404', 'TT0405', 'TT0417', 'TT0418', 'TT0421', 'TT0422', 'TT0423', 'TT0433', 'TT0436', 'TT0437', 'TT0438', 'TT0451', 'TT0452', 'TT0453', 'TT0456', 'TT0466', 'TT0467', 'TT0468', 'TT0471', 'TT0472', 'TT0481', 'TT0482', 'TT0483', 'TT0486', 'TT0487', 'TT0488', 'TT0499', 'TT0500', 'TT0504', 'TT0514', 'TT0515', 'TT0519', 'TT0520', 'TT0529', 'TT0530', 'TT0534', 'TT0535', 'TT0539', 'TT0544', 'TT0545', 'TT0550', 'TT0560', 'TT0564', 'TT0571', 'TT0577', 'TT0578', 'TT0581', 'TT0582', 'TT0583', 'TT0593', 'TT0596', 'TT0597', 'TT0598', 'TT0611', 'TT0612', 'TT0613', 'TT0616', 'TT0626', 'TT0627', 'TT0628', 'TT0631', 'TT0632', 'TT0641', 'TT0642', 'TT0643', 'TT0646', 'TT0647', 'TT0648', 'TT0659', 'TT0660', 'TT0674', 'TT0675', 'TT0680', 'TT0689', 'TT0690', 'TT0694', 'TT0695', 'TT0699', 'TT0705', 'TT0710', 'TT0720', 'TT0728', 'TT0737', 'TT0738', 'TT0741', 'TT0742', 'TT0743', 'TT0753', 'TT0756', 'TT0757', 'TT0758', 'TT0771', 'TT0772', 'TT0773', 'TT0776', 'TT0786', 'TT0787', 'TT0788', 'TT0791', 'TT0792', 'TT0801', 'TT0802', 'TT0803', 'TT0806', 'TT0807', 'TT0808', 'TT0820', 'TT0824', 'TT0835', 'TT0840', 'TT0844', 'TT0849', 'TT0850', 'TT0854', 'TT0855', 'TT0864', 'TT0865', 'TT0870', 'TT0880', 'TT0887', 'TT0888', 'TT0891', 'TT0897', 'TT0898', 'TT0901', 'TT0902', 'TT0903', 'TT0906', 'TT0913', 'TT0916', 'TT0917', 'TT0918', 'TT0931', 'TT0932', 'TT0936', 'TT0946', 'TT0947', 'TT0948', 'TT0951', 'TT0952', 'TT0961', 'TT0962', 'TT0963', 'TT0966', 'TT0967', 'TT0968', 'TT0979', 'TT0980', 'TT0984', 'TT0995', 'TT0999', 'TT1000', 'TT1009', 'TT1010', 'TT1014', 'TT1024', 'TT1025', 'TT1030', 'TT1034', 'TT1039', 'TT1040', 'TT1047', 'TT1048', 'TT1057', 'TT1058', 'TT1061', 'TT1062', 'TT1073', 'TT1076', 'TT1077', 'TT1091', 'TT1092', 'TT1093', 'TT1096', 'TT1106', 'TT1107', 'TT1108', 'TT1111', 'TT1112', 'TT1121', 'TT1122', 'TT1126', 'TT1127', 'TT1128', 'TT1139', 'TT1140', 'TT1144', 'TT1154', 'TT1155', 'TT1159', 'TT1160', 'TT1169', 'TT1170', 'TT1174', 'TT1184', 'TT1185', 'TT1190', 'TT1194', 'TT1199', 'TT1200', 'TT1207', 'TT1208', 'TT1217', 'TT1221', 'TT1222', 'TT1223', 'TT1236', 'TT1246', 'TT1251', 'TT1252', 'TT1253', 'TT1256', 'TT1266', 'TT1267', 'TT1271', 'TT1272', 'TT1281', 'TT1282', 'TT1286', 'TT1287', 'TT1293', 'TT1298', 'TT1299', 'TT1300', 'TT1304', 'TT1314', 'TT1315', 'TT1319', 'TT1320', 'TT1329', 'TT1330', 'TT1334', 'TT1345', 'TT1348', 'TT1350', 'TT1353', 'TT1354', 'TT1358', 'TT1359', 'TT1367', 'TT1381', 'TT1382', 'TT1396', 'TT1397', 'TT1406', 'TT1411', 'TT1412', 'TT1416', 'TT1426', 'TT1427', 'TT1431', 'TT1432', 'TT1441', 'TT1442', 'TT1446', 'TT1447', 'TT1453', 'TT1458', 'TT1459', 'TT1460', 'TT1467', 'TT1472', 'TT1474', 'TT1475', 'TT1479', 'TT1480', 'TT1489', 'TT1490', 'TT1494', 'TT1495', 'TT1505', 'TT1508', 'TT1510', 'TT1513', 'TT1514', 'TT1518', 'TT1526', 'TT1527', 'TT1537', 'TT1541', 'TT1542', 'TT1556', 'TT1557', 'TT1571', 'TT1572', 'TT1576', 'TT1586', 'TT1587', 'TT1591', 'TT1592', 'TT1601', 'TT1602', 'TT1606', 'TT1607', 'TT1613', 'TT1618', 'TT1620', 'TT1624', 'TT1634', 'TT1635', 'TT1637', 'TT1639', 'TT1640', 'TT1649', 'TT1650', 'TT1653', 'TT1654', 'TT1655', 'TT1663', 'TT1665', 'TT1668', 'TT1670', 'TT1673', 'TT1674', 'TT1675', 'TT1678', 'TT1682', 'TT1687', 'TT1702', 'TT1716', 'TT1731', 'TT1732', 'TT1736', 'TT1746', 'TT1747', 'TT1751', 'TT1752', 'TT1761', 'TT1779', 'TT1780', 'TT1784', 'TT1794', 'TT1795', 'TT1799', 'TT1800', 'TT1809', 'TT1810', 'TT1813', 'TT1814', 'TT1815', 'TT1818', 'TT1822', 'TT1823', 'TT1825', 'TT1828', 'TT1829', 'TT1830', 'TT1832', 'TT1833', 'TT1834', 'TT1835', 'TT1838', 'TT1841', 'TT1846', 'TT1861', 'TT1862', 'TT1876', 'TT1891', 'TT1892', 'TT1896', 'TT1906', 'TT1907', 'TT1911', 'TT1926', 'TT1927', 'TT1940', 'TT1944', 'TT1946', 'TT1951', 'TT1954', 'TT1955', 'TT1956', 'TT1959', 'TT1960', 'TT1967', 'TT1968', 'TT1969', 'TT1970', 'TT1973', 'TT1974', 'TT1975', 'TT1983', 'TT1985', 'TT1987', 'TT1988', 'TT1989', 'TT1990', 'TT1992', 'TT1993', 'TT1994', 'TT1995', 'TT1997', 'TT1998']",0.2495,,0.886,HEURISTIC_NOT_FOUND,6645.034589,sw0023,sw0025,l_sw0023_sw0025,499,True,True,499,l_sw0023_sw0025,4,Q5,S7,True,deterministic evenly spaced within affected-count quantile
9,"['TT0531', 'TT0536', 'TT0541', 'TT0696', 'TT0701', 'TT0724', 'TT0884', 'TT1044', 'TT1204']",0.0045,,0.997,HEURISTIC_NOT_FOUND,6811.342538,sw0024,sw0025,l_sw0024_sw0025,9,True,True,9,l_sw0024_sw0025,1,Q2,S7,True,deterministic evenly spaced within affected-count quantile
488,"['TT0002', 'TT0006', 'TT0007', 'TT0019', 'TT0020', 'TT0024', 'TT0032', 'TT0034', 'TT0035', 'TT0039', 'TT0040', 'TT0042', 'TT0043', 'TT0049', 'TT0050', 'TT0053', 'TT0054', 'TT0055', 'TT0064', 'TT0065', 'TT0067', 'TT0069', 'TT0070', 'TT0072', 'TT0077', 'TT0080', 'TT0083', 'TT0084', 'TT0085', 'TT0087', 'TT0098', 'TT0101', 'TT0102', 'TT0103', 'TT0113', 'TT0117', 'TT0118', 'TT0132', 'TT0133', 'TT0136', 'TT0146', 'TT0148', 'TT0151', 'TT0152', 'TT0161', 'TT0162', 'TT0163', 'TT0166', 'TT0167', 'TT0168', 'TT0179', 'TT0180', 'TT0184', 'TT0194', 'TT0195', 'TT0199', 'TT0200', 'TT0209', 'TT0210', 'TT0214', 'TT0215', 'TT0224', 'TT0225', 'TT0229', 'TT0230', 'TT0240', 'TT0244', 'TT0245', 'TT0257', 'TT0258', 'TT0261', 'TT0262', 'TT0263', 'TT0273', 'TT0276', 'TT0277', 'TT0278', 'TT0291', 'TT0292', 'TT0293', 'TT0296', 'TT0306', 'TT0307', 'TT0308', 'TT0311', 'TT0312', 'TT0321', 'TT0322', 'TT0323', 'TT0326', 'TT0327', 'TT0328', 'TT0339', 'TT0340', 'TT0344', 'TT0354', 'TT0355', 'TT0359', 'TT0360', 'TT0370', 'TT0375', 'TT0384', 'TT0385', 'TT0389', 'TT0390', 'TT0400', 'TT0404', 'TT0405', 'TT0417', 'TT0418', 'TT0421', 'TT0422', 'TT0423', 'TT0433', 'TT0436', 'TT0437', 'TT0438', 'TT0451', 'TT0452', 'TT0453', 'TT0456', 'TT0466', 'TT0467', 'TT0468', 'TT0471', 'TT0472', 'TT0481', 'TT0482', 'TT0483', 'TT0486', 'TT0487', 'TT0488', 'TT0499', 'TT0500', 'TT0504', 'TT0514', 'TT0515', 'TT0519', 'TT0520', 'TT0529', 'TT0530', 'TT0534', 'TT0535', 'TT0539', 'TT0544', 'TT0545', 'TT0550', 'TT0560', 'TT0564', 'TT0571', 'TT0577', 'TT0578', 'TT0581', 'TT0582', 'TT0583', 'TT0593', 'TT0596', 'TT0597', 'TT0598', 'TT0611', 'TT0612', 'TT0613', 'TT0616', 'TT0626', 'TT0627', 'TT0628', 'TT0631', 'TT0632', 'TT0641', 'TT0642', 'TT0643', 'TT0646', 'TT0647', 'TT0648', 'TT0659', 'TT0660', 'TT0674', 'TT0675', 'TT0680', 'TT0689', 'TT0690', 'TT0694', 'TT0695', 'TT0699', 'TT0705', 'TT0710', 'TT0720', 'TT0724', 'TT0737', 'TT0738', 'TT0741', 'TT0742', 'TT0743', 'TT0753', 'TT0756', 'TT0757', 'TT0758', 'TT0771', 'TT0772', 'TT0773', 'TT0776', 'TT0786', 'TT0787', 'TT0788', 'TT0791', 'TT0792', 'TT0801', 'TT0802', 'TT0803', 'TT0806', 'TT0807', 'TT0808', 'TT0820', 'TT0824', 'TT0835', 'TT0840', 'TT0844', 'TT0849', 'TT0850', 'TT0854', 'TT0855', 'TT0864', 'TT0865', 'TT0870', 'TT0880', 'TT0884', 'TT0891', 'TT0897', 'TT0898', 'TT0901', 'TT0902', 'TT0903', 'TT0906', 'TT0913', 'TT0916', 'TT0917', 'TT0918', 'TT0931', 'TT0932', 'TT0936', 'TT0946', 'TT0947', 'TT0948', 'TT0951', 'TT0952', 'TT0961', 'TT0962', 'TT0963', 'TT0966', 'TT0967', 'TT0968', 'TT0979', 'TT0980', 'TT0984', 'TT0995', 'TT0999', 'TT1000', 'TT1009', 'TT1010', 'TT1014', 'TT1024', 'TT1025', 'TT1030', 'TT1039', 'TT1040', 'TT1044', 'TT1047', 'TT1048', 'TT1057', 'TT1058', 'TT1061', 'TT1062', 'TT1073', 'TT1076', 'TT1077', 'TT1091', 'TT1092', 'TT1093', 'TT1096', 'TT1106', 'TT1107', 'TT1108', 'TT1111', 'TT1112', 'TT1121', 'TT1122', 'TT1126', 'TT1127', 'TT1128', 'TT1139', 'TT1140', 'TT1144', 'TT1154', 'TT1155', 'TT1159', 'TT1160', 'TT1169', 'TT1170', 'TT1174', 'TT1184', 'TT1185', 'TT1190', 'TT1199', 'TT1200', 'TT1204', 'TT1207', 'TT1208', 'TT1217', 'TT1221', 'TT1222', 'TT1223', 'TT1236', 'TT1246', 'TT1251', 'TT1252', 'TT1253', 'TT1256', 'TT1266', 'TT1267', 'TT1271', 'TT1272', 'TT1281', 'TT1282', 'TT1286', 'TT1287', 'TT1298', 'TT1299', 'TT1300', 'TT1304', 'TT1314', 'TT1315', 'TT1319', 'TT1320', 'TT1329', 'TT1330', 'TT1334', 'TT1345', 'TT1348', 'TT1350', 'TT1353', 'TT1358', 'TT1359', 'TT1367', 'TT1381', 'TT1382', 'TT1396', 'TT1397', 'TT1406', 'TT1411', 'TT1412', 'TT1416', 'TT1426', 'TT1427', 'TT1431', 'TT1432', 'TT1441', 'TT1442', 'TT1446', 'TT1447', 'TT1458', 'TT1459', 'TT1460', 'TT1467', 'TT1472', 'TT1474', 'TT1475', 'TT1479', 'TT1480', 'TT1489', 'TT1490', 'TT1494', 'TT1495', 'TT1505', 'TT1508', 'TT1510', 'TT1513', 'TT1518', 'TT1526', 'TT1527', 'TT1537', 'TT1541', 'TT1542', 'TT1556', 'TT1557', 'TT1571', 'TT1572', 'TT1576', 'TT1586', 'TT1587', 'TT1591', 'TT1592', 'TT1601', 'TT1602', 'TT1606', 'TT1607', 'TT1618', 'TT1620', 'TT1624', 'TT1634', 'TT1635', 'TT1637', 'TT1639', 'TT1640', 'TT1649', 'TT1650', 'TT1653', 'TT1654', 'TT1655', 'TT1663', 'TT1665', 'TT1668', 'TT1670', 'TT1673', 'TT1675', 'TT1678', 'TT1687', 'TT1702', 'TT1716', 'TT1731', 'TT1732', 'TT1736', 'TT1746', 'TT1747', 'TT1751', 'TT1752', 'TT1761', 'TT1779', 'TT1780', 'TT1784', 'TT1794', 'TT1795', 'TT1799', 'TT1800', 'TT1809', 'TT1810', 'TT1813', 'TT1814', 'TT1815', 'TT1818', 'TT1822', 'TT1823', 'TT1825', 'TT1828', 'TT1829', 'TT1830', 'TT1832', 'TT1833', 'TT1835', 'TT1838', 'TT1846', 'TT1861', 'TT1862', 'TT1876', 'TT1891', 'TT1892', 'TT1896', 'TT1906', 'TT1907', 'TT1911', 'TT1926', 'TT1927', 'TT1940', 'TT1944', 'TT1946', 'TT1951', 'TT1954', 'TT1955', 'TT1956', 'TT1959', 'TT1960', 'TT1967', 'TT1968', 'TT1969', 'TT1970', 'TT1973', 'TT1974', 'TT1975', 'TT1983', 'TT1985', 'TT1987', 'TT1988', 'TT1989', 'TT1990', 'TT1992', 'TT1993', 'TT1995', 'TT1997', 'TT1998']",0.244,,0.882,HEURISTIC_NOT_FOUND,6604.598525,sw0025,sw0027,l_sw0025_sw0027,488,True,True,488,l_sw0025_sw0027,3,Q4,S7,True,deterministic evenly spaced within affected-count quantile
14,"['TT0531', 'TT0536', 'TT0541', 'TT0696', 'TT0701', 'TT1056', 'TT1216', 'TT1303', 'TT1463', 'TT1623', 'TT1683', 'TT1783', 'TT1843', 'TT1943']",0.007,,0.9975,HEURISTIC_NOT_FOUND,6855.982399,sw0046,sw0047,l_sw0046_sw0047,14,True,True,14,l_sw0046_sw0047,2,Q3,S7,True,deterministic evenly spaced within affected-count quantile
528,"['TT0002', 'TT0006', 'TT0007', 'TT0017', 'TT0018', 'TT0021', 'TT0022', 'TT0023', 'TT0024', 'TT0032', 'TT0034', 'TT0035', 'TT0039', 'TT0040', 'TT0042', 'TT0043', 'TT0049', 'TT0050', 'TT0053', 'TT0054', 'TT0055', 'TT0056', 'TT0064', 'TT0065', 'TT0067', 'TT0069', 'TT0070', 'TT0072', 'TT0077', 'TT0080', 'TT0083', 'TT0084', 'TT0085', 'TT0087', 'TT0093', 'TT0099', 'TT0100', 'TT0103', 'TT0113', 'TT0117', 'TT0118', 'TT0132', 'TT0133', 'TT0136', 'TT0146', 'TT0148', 'TT0151', 'TT0152', 'TT0161', 'TT0162', 'TT0163', 'TT0166', 'TT0167', 'TT0168', 'TT0177', 'TT0178', 'TT0181', 'TT0182', 'TT0183', 'TT0184', 'TT0194', 'TT0195', 'TT0199', 'TT0200', 'TT0209', 'TT0210', 'TT0214', 'TT0215', 'TT0224', 'TT0225', 'TT0229', 'TT0230', 'TT0240', 'TT0244', 'TT0245', 'TT0259', 'TT0260', 'TT0262', 'TT0273', 'TT0276', 'TT0277', 'TT0278', 'TT0291', 'TT0292', 'TT0293', 'TT0296', 'TT0306', 'TT0307', 'TT0308', 'TT0311', 'TT0312', 'TT0321', 'TT0322', 'TT0323', 'TT0326', 'TT0327', 'TT0328', 'TT0337', 'TT0338', 'TT0341', 'TT0342', 'TT0343', 'TT0344', 'TT0354', 'TT0355', 'TT0359', 'TT0360', 'TT0370', 'TT0375', 'TT0384', 'TT0385', 'TT0389', 'TT0390', 'TT0400', 'TT0404', 'TT0405', 'TT0419', 'TT0420', 'TT0421', 'TT0423', 'TT0433', 'TT0436', 'TT0437', 'TT0438', 'TT0451', 'TT0452', 'TT0453', 'TT0456', 'TT0466', 'TT0467', 'TT0468', 'TT0471', 'TT0472', 'TT0481', 'TT0482', 'TT0483', 'TT0486', 'TT0487', 'TT0488', 'TT0497', 'TT0498', 'TT0501', 'TT0502', 'TT0503', 'TT0504', 'TT0514', 'TT0515', 'TT0519', 'TT0520', 'TT0529', 'TT0530', 'TT0534', 'TT0535', 'TT0539', 'TT0544', 'TT0545', 'TT0549', 'TT0550', 'TT0560', 'TT0564', 'TT0579', 'TT0582', 'TT0583', 'TT0593', 'TT0596', 'TT0597', 'TT0598', 'TT0611', 'TT0612', 'TT0613', 'TT0616', 'TT0626', 'TT0627', 'TT0628', 'TT0631', 'TT0632', 'TT0641', 'TT0642', 'TT0643', 'TT0646', 'TT0647', 'TT0648', 'TT0657', 'TT0658', 'TT0661', 'TT0662', 'TT0663', 'TT0674', 'TT0675', 'TT0680', 'TT0689', 'TT0690', 'TT0694', 'TT0695', 'TT0699', 'TT0705', 'TT0709', 'TT0710', 'TT0720', 'TT0724', 'TT0742', 'TT0743', 'TT0753', 'TT0756', 'TT0757', 'TT0758', 'TT0771', 'TT0772', 'TT0773', 'TT0776', 'TT0786', 'TT0787', 'TT0788', 'TT0791', 'TT0792', 'TT0801', 'TT0802', 'TT0803', 'TT0806', 'TT0807', 'TT0808', 'TT0817', 'TT0818', 'TT0821', 'TT0822', 'TT0823', 'TT0824', 'TT0835', 'TT0840', 'TT0844', 'TT0849', 'TT0850', 'TT0854', 'TT0855', 'TT0864', 'TT0865', 'TT0869', 'TT0870', 'TT0880', 'TT0884', 'TT0898', 'TT0901', 'TT0902', 'TT0903', 'TT0906', 'TT0913', 'TT0916', 'TT0917', 'TT0918', 'TT0931', 'TT0932', 'TT0936', 'TT0946', 'TT0947', 'TT0948', 'TT0951', 'TT0952', 'TT0961', 'TT0962', 'TT0963', 'TT0966', 'TT0967', 'TT0968', 'TT0977', 'TT0978', 'TT0981', 'TT0982', 'TT0983', 'TT0984', 'TT0995', 'TT0999', 'TT1000', 'TT1009', 'TT1010', 'TT1014', 'TT1015', 'TT1024', 'TT1025', 'TT1029', 'TT1030', 'TT1039', 'TT1040', 'TT1044', 'TT1050', 'TT1055', 'TT1057', 'TT1058', 'TT1061', 'TT1062', 'TT1073', 'TT1076', 'TT1077', 'TT1091', 'TT1092', 'TT1093', 'TT1096', 'TT1106', 'TT1107', 'TT1108', 'TT1111', 'TT1112', 'TT1121', 'TT1122', 'TT1126', 'TT1127', 'TT1128', 'TT1137', 'TT1138', 'TT1141', 'TT1142', 'TT1143', 'TT1144', 'TT1154', 'TT1155', 'TT1159', 'TT1160', 'TT1169', 'TT1170', 'TT1174', 'TT1175', 'TT1184', 'TT1185', 'TT1189', 'TT1190', 'TT1199', 'TT1200', 'TT1203', 'TT1204', 'TT1210', 'TT1215', 'TT1216', 'TT1217', 'TT1221', 'TT1222', 'TT1223', 'TT1236', 'TT1246', 'TT1251', 'TT1252', 'TT1253', 'TT1256', 'TT1266', 'TT1267', 'TT1271', 'TT1272', 'TT1281', 'TT1282', 'TT1286', 'TT1287', 'TT1297', 'TT1301', 'TT1302', 'TT1304', 'TT1314', 'TT1315', 'TT1319', 'TT1320', 'TT1329', 'TT1330', 'TT1334', 'TT1335', 'TT1345', 'TT1348', 'TT1349', 'TT1350', 'TT1353', 'TT1358', 'TT1359', 'TT1363', 'TT1368', 'TT1370', 'TT1374', 'TT1381', 'TT1382', 'TT1396', 'TT1397', 'TT1406', 'TT1411', 'TT1412', 'TT1416', 'TT1426', 'TT1427', 'TT1431', 'TT1432', 'TT1441', 'TT1442', 'TT1446', 'TT1447', 'TT1457', 'TT1461', 'TT1462', 'TT1467', 'TT1472', 'TT1474', 'TT1475', 'TT1479', 'TT1480', 'TT1489', 'TT1490', 'TT1494', 'TT1495', 'TT1505', 'TT1508', 'TT1509', 'TT1510', 'TT1513', 'TT1518', 'TT1523', 'TT1528', 'TT1530', 'TT1533', 'TT1537', 'TT1541', 'TT1542', 'TT1556', 'TT1557', 'TT1571', 'TT1572', 'TT1576', 'TT1586', 'TT1587', 'TT1591', 'TT1592', 'TT1601', 'TT1602', 'TT1606', 'TT1607', 'TT1617', 'TT1621', 'TT1622', 'TT1624', 'TT1634', 'TT1635', 'TT1637', 'TT1639', 'TT1640', 'TT1649', 'TT1650', 'TT1653', 'TT1654', 'TT1655', 'TT1663', 'TT1665', 'TT1668', 'TT1669', 'TT1670', 'TT1673', 'TT1678', 'TT1683', 'TT1686', 'TT1688', 'TT1690', 'TT1702', 'TT1716', 'TT1731', 'TT1732', 'TT1736', 'TT1746', 'TT1747', 'TT1751', 'TT1752', 'TT1761', 'TT1777', 'TT1781', 'TT1784', 'TT1794', 'TT1795', 'TT1799', 'TT1800', 'TT1809', 'TT1810', 'TT1813', 'TT1814', 'TT1815', 'TT1818', 'TT1822', 'TT1823', 'TT1825', 'TT1828', 'TT1829', 'TT1830', 'TT1832', 'TT1833', 'TT1838', 'TT1842', 'TT1843', 'TT1845', 'TT1847', 'TT1848', 'TT1850', 'TT1861', 'TT1862', 'TT1876', 'TT1891', 'TT1892', 'TT1896', 'TT1906', 'TT1907', 'TT1911', 'TT1926', 'TT1927', 'TT1937', 'TT1941', 'TT1944', 'TT1946', 'TT1951', 'TT1954', 'TT1955', 'TT1956', 'TT1959', 'TT1960', 'TT1967', 'TT1968', 'TT1969', 'TT1970', 'TT1973', 'TT1974', 'TT1975', 'TT1983', 'TT1985', 'TT1987', 'TT1988', 'TT1989', 'TT1990', 'TT1992', 'TT1993', 'TT1997', 'TT1998']",0.264,,0.882,HEURISTIC_NOT_FOUND,6567.712384,sw0047,sw0049,l_sw0047_sw0049,528,True,True,528,l_sw0047_sw0049,4,Q5,S7,True,deterministic evenly spaced within affected-count quantile
497,"['TT0002', 'TT0006', 'TT0007', 'TT0017', 'TT0018', 'TT0021', 'TT0022', 'TT0023', 'TT0034', 'TT0035', 'TT0039', 'TT0040', 'TT0042', 'TT0043', 'TT0049', 'TT0050', 'TT0053', 'TT0054', 'TT0055', 'TT0056', 'TT0065', 'TT0067', 'TT0069', 'TT0070', 'TT0072', 'TT0077', 'TT0080', 'TT0083', 'TT0084', 'TT0085', 'TT0087', 'TT0093', 'TT0099', 'TT0100', 'TT0108', 'TT0113', 'TT0117', 'TT0118', 'TT0132', 'TT0133', 'TT0136', 'TT0146', 'TT0148', 'TT0151', 'TT0152', 'TT0161', 'TT0162', 'TT0163', 'TT0166', 'TT0167', 'TT0168', 'TT0177', 'TT0178', 'TT0181', 'TT0182', 'TT0183', 'TT0194', 'TT0195', 'TT0199', 'TT0200', 'TT0209', 'TT0210', 'TT0214', 'TT0215', 'TT0225', 'TT0229', 'TT0230', 'TT0240', 'TT0244', 'TT0245', 'TT0259', 'TT0260', 'TT0273', 'TT0276', 'TT0277', 'TT0278', 'TT0291', 'TT0292', 'TT0293', 'TT0296', 'TT0306', 'TT0307', 'TT0308', 'TT0311', 'TT0312', 'TT0321', 'TT0322', 'TT0323', 'TT0326', 'TT0327', 'TT0328', 'TT0337', 'TT0338', 'TT0341', 'TT0342', 'TT0343', 'TT0354', 'TT0355', 'TT0359', 'TT0360', 'TT0370', 'TT0375', 'TT0385', 'TT0389', 'TT0390', 'TT0400', 'TT0404', 'TT0405', 'TT0419', 'TT0420', 'TT0433', 'TT0436', 'TT0437', 'TT0438', 'TT0451', 'TT0452', 'TT0453', 'TT0456', 'TT0466', 'TT0467', 'TT0468', 'TT0471', 'TT0472', 'TT0481', 'TT0482', 'TT0483', 'TT0486', 'TT0487', 'TT0488', 'TT0497', 'TT0498', 'TT0501', 'TT0502', 'TT0503', 'TT0514', 'TT0515', 'TT0519', 'TT0520', 'TT0529', 'TT0530', 'TT0534', 'TT0535', 'TT0539', 'TT0545', 'TT0549', 'TT0550', 'TT0560', 'TT0564', 'TT0579', 'TT0580', 'TT0593', 'TT0596', 'TT0597', 'TT0598', 'TT0611', 'TT0612', 'TT0613', 'TT0616', 'TT0626', 'TT0627', 'TT0628', 'TT0631', 'TT0632', 'TT0641', 'TT0642', 'TT0643', 'TT0646', 'TT0647', 'TT0648', 'TT0657', 'TT0658', 'TT0661', 'TT0662', 'TT0663', 'TT0674', 'TT0675', 'TT0680', 'TT0689', 'TT0690', 'TT0694', 'TT0695', 'TT0699', 'TT0704', 'TT0705', 'TT0709', 'TT0710', 'TT0720', 'TT0724', 'TT0739', 'TT0740', 'TT0753', 'TT0756', 'TT0757', 'TT0758', 'TT0771', 'TT0772', 'TT0773', 'TT0776', 'TT0786', 'TT0787', 'TT0788', 'TT0791', 'TT0792', 'TT0801', 'TT0802', 'TT0803', 'TT0806', 'TT0807', 'TT0808', 'TT0817', 'TT0818', 'TT0821', 'TT0822', 'TT0823', 'TT0835', 'TT0840', 'TT0844', 'TT0849', 'TT0850', 'TT0854', 'TT0855', 'TT0865', 'TT0869', 'TT0870', 'TT0880', 'TT0884', 'TT0899', 'TT0900', 'TT0907', 'TT0913', 'TT0916', 'TT0917', 'TT0918', 'TT0931', 'TT0932', 'TT0936', 'TT0946', 'TT0947', 'TT0948', 'TT0951', 'TT0952', 'TT0961', 'TT0962', 'TT0963', 'TT0966', 'TT0967', 'TT0968', 'TT0977', 'TT0978', 'TT0981', 'TT0982', 'TT0983', 'TT0995', 'TT0999', 'TT1000', 'TT1009', 'TT1010', 'TT1014', 'TT1015', 'TT1025', 'TT1029', 'TT1030', 'TT1039', 'TT1040', 'TT1044', 'TT1055', 'TT1059', 'TT1060', 'TT1063', 'TT1073', 'TT1076', 'TT1077', 'TT1091', 'TT1092', 'TT1093', 'TT1096', 'TT1106', 'TT1107', 'TT1108', 'TT1111', 'TT1112', 'TT1121', 'TT1122', 'TT1126', 'TT1127', 'TT1128', 'TT1137', 'TT1138', 'TT1141', 'TT1142', 'TT1143', 'TT1154', 'TT1155', 'TT1159', 'TT1160', 'TT1169', 'TT1170', 'TT1174', 'TT1175', 'TT1185', 'TT1189', 'TT1190', 'TT1199', 'TT1200', 'TT1203', 'TT1204', 'TT1215', 'TT1219', 'TT1220', 'TT1236', 'TT1246', 'TT1251', 'TT1252', 'TT1253', 'TT1256', 'TT1266', 'TT1267', 'TT1271', 'TT1272', 'TT1281', 'TT1282', 'TT1286', 'TT1287', 'TT1297', 'TT1301', 'TT1302', 'TT1314', 'TT1315', 'TT1319', 'TT1320', 'TT1329', 'TT1330', 'TT1334', 'TT1335', 'TT1345', 'TT1348', 'TT1349', 'TT1350', 'TT1353', 'TT1358', 'TT1359', 'TT1363', 'TT1364', 'TT1368', 'TT1375', 'TT1377', 'TT1379', 'TT1396', 'TT1397', 'TT1406', 'TT1411', 'TT1412', 'TT1416', 'TT1426', 'TT1427', 'TT1431', 'TT1432', 'TT1441', 'TT1442', 'TT1446', 'TT1447', 'TT1457', 'TT1461', 'TT1462', 'TT1474', 'TT1475', 'TT1479', 'TT1480', 'TT1489', 'TT1490', 'TT1494', 'TT1495', 'TT1505', 'TT1508', 'TT1509', 'TT1510', 'TT1513', 'TT1518', 'TT1523', 'TT1524', 'TT1528', 'TT1533', 'TT1539', 'TT1556', 'TT1557', 'TT1571', 'TT1572', 'TT1576', 'TT1586', 'TT1587', 'TT1591', 'TT1592', 'TT1601', 'TT1602', 'TT1606', 'TT1607', 'TT1617', 'TT1621', 'TT1622', 'TT1634', 'TT1635', 'TT1637', 'TT1639', 'TT1640', 'TT1649', 'TT1650', 'TT1653', 'TT1654', 'TT1655', 'TT1663', 'TT1665', 'TT1668', 'TT1669', 'TT1670', 'TT1673', 'TT1678', 'TT1683', 'TT1684', 'TT1686', 'TT1688', 'TT1693', 'TT1697', 'TT1702', 'TT1716', 'TT1731', 'TT1732', 'TT1736', 'TT1746', 'TT1747', 'TT1751', 'TT1752', 'TT1761', 'TT1777', 'TT1781', 'TT1794', 'TT1795', 'TT1799', 'TT1800', 'TT1809', 'TT1810', 'TT1813', 'TT1814', 'TT1815', 'TT1818', 'TT1822', 'TT1823', 'TT1825', 'TT1828', 'TT1829', 'TT1830', 'TT1832', 'TT1833', 'TT1838', 'TT1842', 'TT1843', 'TT1844', 'TT1845', 'TT1847', 'TT1848', 'TT1857', 'TT1858', 'TT1859', 'TT1861', 'TT1862', 'TT1876', 'TT1891', 'TT1892', 'TT1896', 'TT1906', 'TT1907', 'TT1911', 'TT1926', 'TT1927', 'TT1937', 'TT1941', 'TT1954', 'TT1955', 'TT1956', 'TT1959', 'TT1960', 'TT1967', 'TT1968', 'TT1969', 'TT1970', 'TT1973', 'TT1974', 'TT1975', 'TT1983', 'TT1985', 'TT1987', 'TT1988', 'TT1989', 'TT1990', 'TT1992', 'TT1993', 'TT1997', 'TT1998']",0.2485,,0.881,HEURISTIC_NOT_FOUND,6496.67885,sw0065,sw0067,l_sw0065_sw0067,497,True,True,497,l_sw0065_sw0067,4,Q5,S7,True,deterministic evenly spaced within affected-count quantile
23,"['TT0112', 'TT0271', 'TT0272', 'TT0431', 'TT0432', 'TT0531', 'TT0536', 'TT0541', 'TT0565', 'TT0591', 'TT0592', 'TT0696', 'TT0701', 'TT0725', 'TT0751', 'TT0885', 'TT1045', 'TT1205', 'TT1365', 'TT1525', 'TT1685', 'TT1692', 'TT1852']",0.0115,,0.99,HEURISTIC_NOT_FOUND,7110.164236,sw0066,sw0067,l_sw0066_sw0067,23,True,True,23,l_sw0066_sw0067,2,Q3,S7,True,deterministic evenly spaced within affected-count quantile
490,"['TT0002', 'TT0006', 'TT0007', 'TT0017', 'TT0018', 'TT0021', 'TT0022', 'TT0023', 'TT0033', 'TT0036', 'TT0038', 'TT0049', 'TT0050', 'TT0053', 'TT0054', 'TT0055', 'TT0056', 'TT0065', 'TT0067', 'TT0069', 'TT0070', 'TT0077', 'TT0083', 'TT0084', 'TT0085', 'TT0087', 'TT0093', 'TT0099', 'TT0100', 'TT0108', 'TT0114', 'TT0115', 'TT0119', 'TT0132', 'TT0133', 'TT0136', 'TT0146', 'TT0148', 'TT0151', 'TT0152', 'TT0161', 'TT0162', 'TT0163', 'TT0166', 'TT0167', 'TT0168', 'TT0177', 'TT0178', 'TT0181', 'TT0182', 'TT0183', 'TT0193', 'TT0196', 'TT0197', 'TT0198', 'TT0209', 'TT0210', 'TT0214', 'TT0215', 'TT0225', 'TT0229', 'TT0230', 'TT0244', 'TT0245', 'TT0259', 'TT0260', 'TT0274', 'TT0275', 'TT0279', 'TT0291', 'TT0292', 'TT0293', 'TT0296', 'TT0306', 'TT0307', 'TT0308', 'TT0311', 'TT0312', 'TT0321', 'TT0322', 'TT0323', 'TT0326', 'TT0327', 'TT0328', 'TT0337', 'TT0338', 'TT0341', 'TT0342', 'TT0343', 'TT0353', 'TT0356', 'TT0357', 'TT0358', 'TT0370', 'TT0375', 'TT0385', 'TT0389', 'TT0390', 'TT0404', 'TT0405', 'TT0419', 'TT0420', 'TT0434', 'TT0435', 'TT0439', 'TT0451', 'TT0452', 'TT0453', 'TT0456', 'TT0466', 'TT0467', 'TT0468', 'TT0471', 'TT0472', 'TT0481', 'TT0482', 'TT0483', 'TT0486', 'TT0487', 'TT0488', 'TT0497', 'TT0498', 'TT0501', 'TT0502', 'TT0503', 'TT0513', 'TT0516', 'TT0517', 'TT0518', 'TT0521', 'TT0529', 'TT0530', 'TT0534', 'TT0535', 'TT0539', 'TT0545', 'TT0549', 'TT0550', 'TT0564', 'TT0565', 'TT0579', 'TT0580', 'TT0589', 'TT0594', 'TT0595', 'TT0599', 'TT0611', 'TT0612', 'TT0613', 'TT0616', 'TT0626', 'TT0627', 'TT0628', 'TT0631', 'TT0632', 'TT0641', 'TT0642', 'TT0643', 'TT0646', 'TT0647', 'TT0648', 'TT0657', 'TT0658', 'TT0661', 'TT0662', 'TT0663', 'TT0673', 'TT0676', 'TT0677', 'TT0678', 'TT0689', 'TT0690', 'TT0694', 'TT0695', 'TT0699', 'TT0704', 'TT0705', 'TT0709', 'TT0710', 'TT0724', 'TT0725', 'TT0739', 'TT0740', 'TT0749', 'TT0754', 'TT0755', 'TT0759', 'TT0771', 'TT0772', 'TT0773', 'TT0776', 'TT0786', 'TT0787', 'TT0788', 'TT0791', 'TT0792', 'TT0801', 'TT0802', 'TT0803', 'TT0806', 'TT0807', 'TT0808', 'TT0817', 'TT0818', 'TT0821', 'TT0822', 'TT0823', 'TT0833', 'TT0836', 'TT0837', 'TT0838', 'TT0849', 'TT0850', 'TT0854', 'TT0855', 'TT0865', 'TT0869', 'TT0870', 'TT0884', 'TT0885', 'TT0899', 'TT0900', 'TT0909', 'TT0914', 'TT0915', 'TT0931', 'TT0932', 'TT0936', 'TT0946', 'TT0947', 'TT0948', 'TT0951', 'TT0952', 'TT0961', 'TT0962', 'TT0963', 'TT0966', 'TT0967', 'TT0968', 'TT0977', 'TT0978', 'TT0981', 'TT0982', 'TT0983', 'TT0993', 'TT0996', 'TT0997', 'TT0998', 'TT1009', 'TT1010', 'TT1014', 'TT1015', 'TT1025', 'TT1029', 'TT1030', 'TT1044', 'TT1045', 'TT1055', 'TT1059', 'TT1060', 'TT1063', 'TT1069', 'TT1074', 'TT1075', 'TT1078', 'TT1091', 'TT1092', 'TT1093', 'TT1096', 'TT1106', 'TT1107', 'TT1108', 'TT1111', 'TT1112', 'TT1121', 'TT1122', 'TT1126', 'TT1127', 'TT1128', 'TT1137', 'TT1138', 'TT1141', 'TT1142', 'TT1143', 'TT1153', 'TT1156', 'TT1157', 'TT1169', 'TT1170', 'TT1174', 'TT1175', 'TT1185', 'TT1189', 'TT1190', 'TT1203', 'TT1204', 'TT1205', 'TT1215', 'TT1218', 'TT1219', 'TT1220', 'TT1229', 'TT1235', 'TT1241', 'TT1246', 'TT1251', 'TT1252', 'TT1253', 'TT1256', 'TT1266', 'TT1267', 'TT1271', 'TT1272', 'TT1281', 'TT1282', 'TT1286', 'TT1287', 'TT1297', 'TT1301', 'TT1302', 'TT1316', 'TT1317', 'TT1329', 'TT1330', 'TT1334', 'TT1335', 'TT1345', 'TT1348', 'TT1349', 'TT1350', 'TT1353', 'TT1358', 'TT1363', 'TT1364', 'TT1365', 'TT1368', 'TT1375', 'TT1377', 'TT1378', 'TT1379', 'TT1380', 'TT1384', 'TT1388', 'TT1389', 'TT1395', 'TT1406', 'TT1411', 'TT1412', 'TT1416', 'TT1426', 'TT1427', 'TT1431', 'TT1432', 'TT1441', 'TT1442', 'TT1446', 'TT1447', 'TT1457', 'TT1461', 'TT1462', 'TT1476', 'TT1477', 'TT1489', 'TT1490', 'TT1494', 'TT1495', 'TT1505', 'TT1508', 'TT1509', 'TT1510', 'TT1513', 'TT1518', 'TT1523', 'TT1524', 'TT1525', 'TT1528', 'TT1538', 'TT1539', 'TT1540', 'TT1544', 'TT1548', 'TT1549', 'TT1555', 'TT1571', 'TT1572', 'TT1576', 'TT1586', 'TT1587', 'TT1591', 'TT1592', 'TT1601', 'TT1602', 'TT1606', 'TT1607', 'TT1617', 'TT1621', 'TT1622', 'TT1636', 'TT1649', 'TT1650', 'TT1653', 'TT1654', 'TT1655', 'TT1663', 'TT1665', 'TT1668', 'TT1669', 'TT1670', 'TT1673', 'TT1678', 'TT1683', 'TT1684', 'TT1685', 'TT1686', 'TT1688', 'TT1692', 'TT1697', 'TT1698', 'TT1699', 'TT1700', 'TT1704', 'TT1708', 'TT1709', 'TT1731', 'TT1732', 'TT1736', 'TT1746', 'TT1747', 'TT1751', 'TT1752', 'TT1761', 'TT1777', 'TT1781', 'TT1796', 'TT1809', 'TT1810', 'TT1813', 'TT1814', 'TT1815', 'TT1818', 'TT1822', 'TT1823', 'TT1825', 'TT1828', 'TT1829', 'TT1830', 'TT1832', 'TT1833', 'TT1838', 'TT1842', 'TT1843', 'TT1844', 'TT1845', 'TT1847', 'TT1848', 'TT1852', 'TT1857', 'TT1860', 'TT1864', 'TT1866', 'TT1867', 'TT1868', 'TT1876', 'TT1891', 'TT1892', 'TT1896', 'TT1906', 'TT1907', 'TT1911', 'TT1926', 'TT1927', 'TT1937', 'TT1941', 'TT1967', 'TT1968', 'TT1969', 'TT1970', 'TT1973', 'TT1974', 'TT1975', 'TT1983', 'TT1985', 'TT1987', 'TT1988', 'TT1989', 'TT1990', 'TT1992', 'TT1993', 'TT1997', 'TT1998']",0.245,,0.8695,HEURISTIC_NOT_FOUND,6417.407743,sw0095,sw0097,l_sw0095_sw0097,490,True,True,490,l_sw0095_sw0097,3,Q4,S7,True,deterministic evenly spaced within affected-count quantile
8,"['TT0366', 'TT0526', 'TT0531', 'TT0536', 'TT0541', 'TT0686', 'TT0696', 'TT0701']",0.004,,0.999,HEURISTIC_NOT_FOUND,6817.144938,sw0096,sw0097,l_sw0096_sw0097,8,True,True,8,l_sw0096_sw0097,1,Q2,S7,True,deterministic evenly spaced within affected-count quantile
494,"['TT0002', 'TT0006', 'TT0007', 'TT0017', 'TT0018', 'TT0021', 'TT0022', 'TT0023', 'TT0033', 'TT0036', 'TT0038', 'TT0051', 'TT0052', 'TT0065', 'TT0067', 'TT0069', 'TT0070', 'TT0077', 'TT0083', 'TT0084', 'TT0085', 'TT0087', 'TT0088', 'TT0093', 'TT0099', 'TT0100', 'TT0108', 'TT0114', 'TT0115', 'TT0119', 'TT0120', 'TT0126', 'TT0129', 'TT0130', 'TT0134', 'TT0135', 'TT0146', 'TT0148', 'TT0151', 'TT0152', 'TT0161', 'TT0162', 'TT0163', 'TT0166', 'TT0167', 'TT0168', 'TT0177', 'TT0178', 'TT0181', 'TT0182', 'TT0183', 'TT0193', 'TT0196', 'TT0197', 'TT0198', 'TT0211', 'TT0212', 'TT0213', 'TT0216', 'TT0225', 'TT0229', 'TT0230', 'TT0244', 'TT0245', 'TT0248', 'TT0259', 'TT0260', 'TT0274', 'TT0275', 'TT0279', 'TT0280', 'TT0288', 'TT0289', 'TT0290', 'TT0294', 'TT0306', 'TT0307', 'TT0308', 'TT0311', 'TT0312', 'TT0321', 'TT0322', 'TT0323', 'TT0326', 'TT0327', 'TT0328', 'TT0337', 'TT0338', 'TT0341', 'TT0342', 'TT0343', 'TT0353', 'TT0356', 'TT0357', 'TT0358', 'TT0366', 'TT0371', 'TT0372', 'TT0373', 'TT0376', 'TT0385', 'TT0389', 'TT0390', 'TT0404', 'TT0405', 'TT0419', 'TT0420', 'TT0434', 'TT0435', 'TT0439', 'TT0440', 'TT0449', 'TT0450', 'TT0466', 'TT0467', 'TT0468', 'TT0471', 'TT0472', 'TT0481', 'TT0482', 'TT0483', 'TT0486', 'TT0487', 'TT0488', 'TT0497', 'TT0498', 'TT0501', 'TT0502', 'TT0503', 'TT0513', 'TT0516', 'TT0517', 'TT0518', 'TT0521', 'TT0526', 'TT0532', 'TT0533', 'TT0539', 'TT0545', 'TT0549', 'TT0550', 'TT0564', 'TT0565', 'TT0579', 'TT0580', 'TT0594', 'TT0595', 'TT0599', 'TT0600', 'TT0605', 'TT0608', 'TT0609', 'TT0610', 'TT0626', 'TT0627', 'TT0628', 'TT0631', 'TT0632', 'TT0641', 'TT0642', 'TT0643', 'TT0646', 'TT0647', 'TT0648', 'TT0657', 'TT0658', 'TT0661', 'TT0662', 'TT0663', 'TT0673', 'TT0676', 'TT0677', 'TT0678', 'TT0686', 'TT0691', 'TT0692', 'TT0693', 'TT0699', 'TT0704', 'TT0705', 'TT0709', 'TT0710', 'TT0724', 'TT0725', 'TT0739', 'TT0740', 'TT0754', 'TT0755', 'TT0759', 'TT0760', 'TT0765', 'TT0769', 'TT0770', 'TT0776', 'TT0786', 'TT0787', 'TT0788', 'TT0791', 'TT0792', 'TT0801', 'TT0802', 'TT0803', 'TT0806', 'TT0807', 'TT0808', 'TT0817', 'TT0818', 'TT0821', 'TT0822', 'TT0823', 'TT0833', 'TT0836', 'TT0837', 'TT0838', 'TT0851', 'TT0852', 'TT0853', 'TT0856', 'TT0865', 'TT0869', 'TT0870', 'TT0884', 'TT0885', 'TT0899', 'TT0900', 'TT0914', 'TT0915', 'TT0920', 'TT0925', 'TT0929', 'TT0930', 'TT0936', 'TT0946', 'TT0947', 'TT0948', 'TT0951', 'TT0952', 'TT0961', 'TT0962', 'TT0963', 'TT0966', 'TT0967', 'TT0968', 'TT0977', 'TT0978', 'TT0981', 'TT0982', 'TT0983', 'TT0993', 'TT0996', 'TT0997', 'TT0998', 'TT1011', 'TT1012', 'TT1013', 'TT1016', 'TT1025', 'TT1029', 'TT1030', 'TT1044', 'TT1045', 'TT1059', 'TT1060', 'TT1063', 'TT1075', 'TT1080', 'TT1085', 'TT1089', 'TT1093', 'TT1096', 'TT1106', 'TT1107', 'TT1108', 'TT1111', 'TT1112', 'TT1121', 'TT1122', 'TT1126', 'TT1127', 'TT1128', 'TT1137', 'TT1138', 'TT1141', 'TT1142', 'TT1143', 'TT1153', 'TT1156', 'TT1157', 'TT1171', 'TT1172', 'TT1173', 'TT1176', 'TT1185', 'TT1189', 'TT1190', 'TT1203', 'TT1204', 'TT1205', 'TT1218', 'TT1219', 'TT1220', 'TT1234', 'TT1235', 'TT1237', 'TT1240', 'TT1245', 'TT1249', 'TT1252', 'TT1253', 'TT1256', 'TT1266', 'TT1267', 'TT1271', 'TT1272', 'TT1281', 'TT1282', 'TT1286', 'TT1287', 'TT1297', 'TT1301', 'TT1302', 'TT1316', 'TT1317', 'TT1331', 'TT1332', 'TT1336', 'TT1345', 'TT1348', 'TT1349', 'TT1350', 'TT1353', 'TT1358', 'TT1363', 'TT1364', 'TT1365', 'TT1368', 'TT1377', 'TT1378', 'TT1379', 'TT1380', 'TT1384', 'TT1394', 'TT1395', 'TT1400', 'TT1404', 'TT1405', 'TT1411', 'TT1412', 'TT1416', 'TT1426', 'TT1427', 'TT1431', 'TT1432', 'TT1441', 'TT1442', 'TT1446', 'TT1447', 'TT1457', 'TT1461', 'TT1462', 'TT1476', 'TT1477', 'TT1491', 'TT1492', 'TT1496', 'TT1505', 'TT1508', 'TT1509', 'TT1510', 'TT1513', 'TT1518', 'TT1523', 'TT1524', 'TT1525', 'TT1528', 'TT1538', 'TT1539', 'TT1540', 'TT1544', 'TT1554', 'TT1555', 'TT1559', 'TT1560', 'TT1564', 'TT1565', 'TT1571', 'TT1572', 'TT1576', 'TT1586', 'TT1587', 'TT1591', 'TT1592', 'TT1601', 'TT1602', 'TT1606', 'TT1607', 'TT1617', 'TT1621', 'TT1622', 'TT1636', 'TT1651', 'TT1652', 'TT1656', 'TT1663', 'TT1665', 'TT1668', 'TT1669', 'TT1670', 'TT1673', 'TT1678', 'TT1683', 'TT1684', 'TT1685', 'TT1686', 'TT1688', 'TT1692', 'TT1697', 'TT1698', 'TT1699', 'TT1700', 'TT1701', 'TT1704', 'TT1714', 'TT1715', 'TT1719', 'TT1720', 'TT1722', 'TT1723', 'TT1724', 'TT1725', 'TT1731', 'TT1732', 'TT1736', 'TT1746', 'TT1747', 'TT1751', 'TT1752', 'TT1761', 'TT1777', 'TT1781', 'TT1796', 'TT1811', 'TT1812', 'TT1816', 'TT1822', 'TT1823', 'TT1825', 'TT1828', 'TT1829', 'TT1830', 'TT1832', 'TT1833', 'TT1838', 'TT1842', 'TT1843', 'TT1844', 'TT1845', 'TT1847', 'TT1848', 'TT1852', 'TT1857', 'TT1860', 'TT1864', 'TT1866', 'TT1874', 'TT1875', 'TT1879', 'TT1880', 'TT1882', 'TT1883', 'TT1884', 'TT1891', 'TT1892', 'TT1896', 'TT1906', 'TT1907', 'TT1911', 'TT1926', 'TT1927', 'TT1937', 'TT1941', 'TT1971', 'TT1972', 'TT1976', 'TT1983', 'TT1985', 'TT1987', 'TT1988', 'TT1989', 'TT1990', 'TT1992', 'TT1993', 'TT1997', 'TT1998']",0.247,,0.87,HEURISTIC_NOT_FOUND,6513.651232,sw0121,sw0123,l_sw0121_sw0123,494,True,True,494,l_sw0121_sw0123,3,Q4,S7,True,deterministic evenly spaced within affected-count quantile
2,"['TT0704', 'TT1892']",0.001,,0.9985,HEURISTIC_NOT_FOUND,6792.094597,sw0133,sw0134,l_sw0133_sw0134,2,True,True,2,l_sw0133_sw0134,0,Q1,S7,True,deterministic evenly spaced within affected-count quantile
494,"['TT0002', 'TT0006', 'TT0007', 'TT0017', 'TT0018', 'TT0021', 'TT0022', 'TT0023', 'TT0033', 'TT0036', 'TT0038', 'TT0051', 'TT0052', 'TT0066', 'TT0068', 'TT0071', 'TT0077', 'TT0083', 'TT0084', 'TT0085', 'TT0087', 'TT0088', 'TT0093', 'TT0099', 'TT0100', 'TT0104', 'TT0108', 'TT0114', 'TT0115', 'TT0119', 'TT0120', 'TT0126', 'TT0129', 'TT0130', 'TT0134', 'TT0135', 'TT0142', 'TT0144', 'TT0145', 'TT0147', 'TT0149', 'TT0150', 'TT0161', 'TT0162', 'TT0163', 'TT0166', 'TT0167', 'TT0168', 'TT0177', 'TT0178', 'TT0181', 'TT0182', 'TT0183', 'TT0193', 'TT0196', 'TT0197', 'TT0198', 'TT0211', 'TT0212', 'TT0213', 'TT0216', 'TT0226', 'TT0227', 'TT0228', 'TT0231', 'TT0232', 'TT0244', 'TT0245', 'TT0248', 'TT0259', 'TT0260', 'TT0264', 'TT0274', 'TT0275', 'TT0279', 'TT0280', 'TT0288', 'TT0289', 'TT0290', 'TT0294', 'TT0295', 'TT0304', 'TT0305', 'TT0309', 'TT0310', 'TT0321', 'TT0322', 'TT0323', 'TT0326', 'TT0327', 'TT0328', 'TT0337', 'TT0338', 'TT0341', 'TT0342', 'TT0343', 'TT0353', 'TT0356', 'TT0357', 'TT0358', 'TT0366', 'TT0371', 'TT0372', 'TT0373', 'TT0376', 'TT0386', 'TT0387', 'TT0388', 'TT0391', 'TT0392', 'TT0404', 'TT0405', 'TT0419', 'TT0420', 'TT0424', 'TT0434', 'TT0435', 'TT0439', 'TT0440', 'TT0449', 'TT0450', 'TT0455', 'TT0465', 'TT0469', 'TT0472', 'TT0481', 'TT0482', 'TT0483', 'TT0486', 'TT0487', 'TT0488', 'TT0497', 'TT0498', 'TT0501', 'TT0502', 'TT0503', 'TT0513', 'TT0516', 'TT0517', 'TT0518', 'TT0521', 'TT0526', 'TT0532', 'TT0533', 'TT0547', 'TT0548', 'TT0551', 'TT0552', 'TT0564', 'TT0565', 'TT0579', 'TT0580', 'TT0584', 'TT0594', 'TT0595', 'TT0599', 'TT0600', 'TT0608', 'TT0609', 'TT0610', 'TT0615', 'TT0625', 'TT0632', 'TT0641', 'TT0642', 'TT0643', 'TT0646', 'TT0647', 'TT0648', 'TT0657', 'TT0658', 'TT0661', 'TT0662', 'TT0663', 'TT0673', 'TT0676', 'TT0677', 'TT0678', 'TT0686', 'TT0691', 'TT0692', 'TT0693', 'TT0707', 'TT0708', 'TT0711', 'TT0712', 'TT0724', 'TT0725', 'TT0739', 'TT0740', 'TT0744', 'TT0754', 'TT0755', 'TT0759', 'TT0760', 'TT0769', 'TT0770', 'TT0775', 'TT0779', 'TT0785', 'TT0788', 'TT0791', 'TT0792', 'TT0801', 'TT0802', 'TT0803', 'TT0806', 'TT0807', 'TT0808', 'TT0817', 'TT0818', 'TT0821', 'TT0822', 'TT0823', 'TT0833', 'TT0836', 'TT0837', 'TT0838', 'TT0851', 'TT0852', 'TT0853', 'TT0856', 'TT0861', 'TT0867', 'TT0868', 'TT0871', 'TT0872', 'TT0884', 'TT0885', 'TT0899', 'TT0900', 'TT0904', 'TT0914', 'TT0915', 'TT0920', 'TT0929', 'TT0930', 'TT0935', 'TT0944', 'TT0945', 'TT0948', 'TT0951', 'TT0952', 'TT0961', 'TT0962', 'TT0963', 'TT0966', 'TT0967', 'TT0968', 'TT0977', 'TT0978', 'TT0981', 'TT0982', 'TT0983', 'TT0993', 'TT0996', 'TT0997', 'TT0998', 'TT1011', 'TT1012', 'TT1013', 'TT1016', 'TT1026', 'TT1027', 'TT1028', 'TT1031', 'TT1032', 'TT1044', 'TT1045', 'TT1059', 'TT1060', 'TT1063', 'TT1064', 'TT1075', 'TT1080', 'TT1089', 'TT1090', 'TT1104', 'TT1105', 'TT1106', 'TT1108', 'TT1111', 'TT1112', 'TT1121', 'TT1122', 'TT1126', 'TT1127', 'TT1128', 'TT1137', 'TT1138', 'TT1141', 'TT1142', 'TT1143', 'TT1153', 'TT1156', 'TT1157', 'TT1171', 'TT1172', 'TT1173', 'TT1176', 'TT1186', 'TT1187', 'TT1188', 'TT1191', 'TT1192', 'TT1203', 'TT1204', 'TT1205', 'TT1218', 'TT1219', 'TT1220', 'TT1224', 'TT1234', 'TT1235', 'TT1237', 'TT1240', 'TT1249', 'TT1250', 'TT1261', 'TT1264', 'TT1266', 'TT1271', 'TT1272', 'TT1281', 'TT1282', 'TT1286', 'TT1287', 'TT1297', 'TT1301', 'TT1302', 'TT1316', 'TT1317', 'TT1331', 'TT1332', 'TT1336', 'TT1346', 'TT1347', 'TT1351', 'TT1352', 'TT1353', 'TT1358', 'TT1363', 'TT1364', 'TT1365', 'TT1368', 'TT1377', 'TT1378', 'TT1379', 'TT1380', 'TT1384', 'TT1394', 'TT1395', 'TT1400', 'TT1409', 'TT1410', 'TT1413', 'TT1418', 'TT1420', 'TT1426', 'TT1427', 'TT1431', 'TT1432', 'TT1441', 'TT1442', 'TT1446', 'TT1447', 'TT1457', 'TT1461', 'TT1462', 'TT1476', 'TT1477', 'TT1491', 'TT1492', 'TT1496', 'TT1506', 'TT1507', 'TT1512', 'TT1513', 'TT1518', 'TT1523', 'TT1524', 'TT1525', 'TT1528', 'TT1538', 'TT1539', 'TT1540', 'TT1544', 'TT1554', 'TT1555', 'TT1559', 'TT1560', 'TT1569', 'TT1570', 'TT1573', 'TT1575', 'TT1578', 'TT1580', 'TT1586', 'TT1587', 'TT1591', 'TT1592', 'TT1601', 'TT1602', 'TT1606', 'TT1607', 'TT1617', 'TT1621', 'TT1622', 'TT1636', 'TT1651', 'TT1652', 'TT1656', 'TT1666', 'TT1667', 'TT1671', 'TT1672', 'TT1673', 'TT1678', 'TT1683', 'TT1684', 'TT1685', 'TT1686', 'TT1688', 'TT1692', 'TT1697', 'TT1698', 'TT1699', 'TT1700', 'TT1701', 'TT1704', 'TT1714', 'TT1715', 'TT1719', 'TT1720', 'TT1729', 'TT1730', 'TT1734', 'TT1735', 'TT1738', 'TT1739', 'TT1740', 'TT1746', 'TT1747', 'TT1751', 'TT1752', 'TT1761', 'TT1777', 'TT1781', 'TT1796', 'TT1811', 'TT1812', 'TT1816', 'TT1826', 'TT1827', 'TT1831', 'TT1833', 'TT1838', 'TT1842', 'TT1843', 'TT1844', 'TT1845', 'TT1847', 'TT1848', 'TT1852', 'TT1857', 'TT1860', 'TT1864', 'TT1866', 'TT1874', 'TT1875', 'TT1879', 'TT1880', 'TT1889', 'TT1890', 'TT1893', 'TT1894', 'TT1895', 'TT1898', 'TT1899', 'TT1900', 'TT1906', 'TT1907', 'TT1911', 'TT1926', 'TT1927', 'TT1937', 'TT1941', 'TT1971', 'TT1972', 'TT1976', 'TT1991', 'TT1993', 'TT1997', 'TT1998']",0.247,,0.8765,HEURISTIC_NOT_FOUND,6589.223643,sw0151,sw0153,l_sw0151_sw0153,494,True,True,494,l_sw0151_sw0153,4,Q5,S7,True,deterministic evenly spaced within affected-count quantile
10,"['TT0788', 'TT0948', 'TT1106', 'TT1108', 'TT1266', 'TT1353', 'TT1513', 'TT1673', 'TT1833', 'TT1993']",0.005,,0.999,HEURISTIC_NOT_FOUND,6830.764906,sw0153,sw0154,l_sw0153_sw0154,10,True,True,10,l_sw0153_sw0154,1,Q2,S7,True,deterministic evenly spaced within affected-count quantile
485,"['TT0011', 'TT0012', 'TT0016', 'TT0026', 'TT0028', 'TT0031', 'TT0041', 'TT0047', 'TT0057', 'TT0058', 'TT0061', 'TT0062', 'TT0063', 'TT0073', 'TT0079', 'TT0080', 'TT0089', 'TT0090', 'TT0094', 'TT0095', 'TT0097', 'TT0105', 'TT0107', 'TT0109', 'TT0110', 'TT0111', 'TT0116', 'TT0124', 'TT0125', 'TT0131', 'TT0139', 'TT0140', 'TT0153', 'TT0154', 'TT0156', 'TT0157', 'TT0158', 'TT0171', 'TT0172', 'TT0173', 'TT0176', 'TT0186', 'TT0187', 'TT0188', 'TT0191', 'TT0192', 'TT0201', 'TT0202', 'TT0203', 'TT0206', 'TT0207', 'TT0208', 'TT0217', 'TT0218', 'TT0221', 'TT0222', 'TT0223', 'TT0233', 'TT0238', 'TT0239', 'TT0240', 'TT0249', 'TT0250', 'TT0254', 'TT0255', 'TT0265', 'TT0269', 'TT0270', 'TT0284', 'TT0285', 'TT0299', 'TT0300', 'TT0316', 'TT0317', 'TT0318', 'TT0331', 'TT0332', 'TT0333', 'TT0336', 'TT0346', 'TT0347', 'TT0348', 'TT0351', 'TT0352', 'TT0361', 'TT0362', 'TT0363', 'TT0367', 'TT0368', 'TT0377', 'TT0378', 'TT0381', 'TT0382', 'TT0383', 'TT0393', 'TT0399', 'TT0400', 'TT0409', 'TT0410', 'TT0414', 'TT0415', 'TT0425', 'TT0429', 'TT0430', 'TT0444', 'TT0445', 'TT0454', 'TT0459', 'TT0460', 'TT0464', 'TT0473', 'TT0476', 'TT0477', 'TT0478', 'TT0491', 'TT0492', 'TT0493', 'TT0496', 'TT0506', 'TT0507', 'TT0508', 'TT0511', 'TT0512', 'TT0522', 'TT0523', 'TT0527', 'TT0528', 'TT0537', 'TT0538', 'TT0542', 'TT0543', 'TT0546', 'TT0553', 'TT0559', 'TT0560', 'TT0569', 'TT0570', 'TT0574', 'TT0575', 'TT0585', 'TT0589', 'TT0590', 'TT0604', 'TT0605', 'TT0614', 'TT0619', 'TT0620', 'TT0624', 'TT0629', 'TT0633', 'TT0636', 'TT0637', 'TT0638', 'TT0651', 'TT0652', 'TT0653', 'TT0656', 'TT0666', 'TT0667', 'TT0668', 'TT0671', 'TT0672', 'TT0681', 'TT0682', 'TT0683', 'TT0687', 'TT0688', 'TT0697', 'TT0698', 'TT0702', 'TT0703', 'TT0706', 'TT0713', 'TT0719', 'TT0720', 'TT0729', 'TT0730', 'TT0734', 'TT0735', 'TT0745', 'TT0749', 'TT0750', 'TT0764', 'TT0765', 'TT0774', 'TT0780', 'TT0784', 'TT0789', 'TT0793', 'TT0796', 'TT0797', 'TT0798', 'TT0811', 'TT0812', 'TT0813', 'TT0816', 'TT0826', 'TT0827', 'TT0828', 'TT0831', 'TT0832', 'TT0841', 'TT0842', 'TT0843', 'TT0846', 'TT0847', 'TT0848', 'TT0857', 'TT0858', 'TT0862', 'TT0863', 'TT0866', 'TT0873', 'TT0879', 'TT0880', 'TT0889', 'TT0890', 'TT0894', 'TT0895', 'TT0905', 'TT0909', 'TT0910', 'TT0919', 'TT0923', 'TT0924', 'TT0925', 'TT0933', 'TT0934', 'TT0939', 'TT0940', 'TT0949', 'TT0953', 'TT0956', 'TT0957', 'TT0958', 'TT0971', 'TT0972', 'TT0973', 'TT0976', 'TT0986', 'TT0987', 'TT0988', 'TT0991', 'TT0992', 'TT1001', 'TT1002', 'TT1003', 'TT1006', 'TT1007', 'TT1008', 'TT1017', 'TT1018', 'TT1021', 'TT1022', 'TT1023', 'TT1033', 'TT1039', 'TT1040', 'TT1049', 'TT1050', 'TT1054', 'TT1055', 'TT1065', 'TT1069', 'TT1070', 'TT1074', 'TT1078', 'TT1079', 'TT1083', 'TT1084', 'TT1085', 'TT1094', 'TT1095', 'TT1099', 'TT1100', 'TT1113', 'TT1116', 'TT1117', 'TT1131', 'TT1132', 'TT1133', 'TT1136', 'TT1146', 'TT1147', 'TT1148', 'TT1151', 'TT1152', 'TT1161', 'TT1162', 'TT1166', 'TT1167', 'TT1168', 'TT1177', 'TT1178', 'TT1181', 'TT1182', 'TT1183', 'TT1193', 'TT1199', 'TT1200', 'TT1209', 'TT1210', 'TT1214', 'TT1215', 'TT1225', 'TT1228', 'TT1229', 'TT1230', 'TT1233', 'TT1238', 'TT1239', 'TT1243', 'TT1244', 'TT1245', 'TT1254', 'TT1255', 'TT1259', 'TT1260', 'TT1276', 'TT1277', 'TT1291', 'TT1292', 'TT1296', 'TT1306', 'TT1307', 'TT1311', 'TT1312', 'TT1321', 'TT1322', 'TT1326', 'TT1327', 'TT1328', 'TT1337', 'TT1341', 'TT1342', 'TT1343', 'TT1359', 'TT1360', 'TT1369', 'TT1370', 'TT1374', 'TT1375', 'TT1383', 'TT1385', 'TT1388', 'TT1389', 'TT1390', 'TT1393', 'TT1398', 'TT1399', 'TT1403', 'TT1404', 'TT1405', 'TT1408', 'TT1414', 'TT1415', 'TT1419', 'TT1423', 'TT1424', 'TT1436', 'TT1437', 'TT1451', 'TT1452', 'TT1456', 'TT1466', 'TT1471', 'TT1481', 'TT1482', 'TT1486', 'TT1487', 'TT1497', 'TT1501', 'TT1502', 'TT1519', 'TT1520', 'TT1529', 'TT1530', 'TT1533', 'TT1534', 'TT1535', 'TT1543', 'TT1545', 'TT1548', 'TT1549', 'TT1550', 'TT1553', 'TT1558', 'TT1563', 'TT1564', 'TT1565', 'TT1568', 'TT1574', 'TT1577', 'TT1579', 'TT1584', 'TT1585', 'TT1586', 'TT1596', 'TT1597', 'TT1611', 'TT1612', 'TT1616', 'TT1626', 'TT1627', 'TT1631', 'TT1632', 'TT1641', 'TT1646', 'TT1648', 'TT1657', 'TT1661', 'TT1662', 'TT1679', 'TT1680', 'TT1689', 'TT1690', 'TT1693', 'TT1694', 'TT1695', 'TT1703', 'TT1705', 'TT1708', 'TT1709', 'TT1710', 'TT1713', 'TT1717', 'TT1718', 'TT1722', 'TT1723', 'TT1724', 'TT1725', 'TT1728', 'TT1733', 'TT1737', 'TT1744', 'TT1756', 'TT1771', 'TT1772', 'TT1776', 'TT1786', 'TT1787', 'TT1791', 'TT1801', 'TT1806', 'TT1807', 'TT1817', 'TT1821', 'TT1837', 'TT1839', 'TT1840', 'TT1849', 'TT1850', 'TT1853', 'TT1854', 'TT1855', 'TT1858', 'TT1859', 'TT1863', 'TT1865', 'TT1867', 'TT1868', 'TT1869', 'TT1870', 'TT1872', 'TT1873', 'TT1877', 'TT1878', 'TT1881', 'TT1882', 'TT1883', 'TT1884', 'TT1885', 'TT1888', 'TT1931', 'TT1932', 'TT1936', 'TT1947', 'TT1952', 'TT1961', 'TT1966', 'TT1977', 'TT1981', 'TT1996', 'TT1999', 'TT2000']",0.2425,,0.88,HEURISTIC_NOT_FOUND,6518.103498,sw0158,sw0160,l_sw0158_sw0160,485,True,True,485,l_sw0158_sw0160,3,Q4,S7,True,deterministic evenly spaced within affected-count quantile
10,"['TT0454', 'TT0614', 'TT0774', 'TT0934', 'TT1094', 'TT1254', 'TT1414', 'TT1574', 'TT1585', 'TT1745']",0.005,,0.9995,HEURISTIC_NOT_FOUND,6871.879661,sw0160,sw0161,l_sw0160_sw0161,10,True,True,10,l_sw0160_sw0161,2,Q3,S7,True,deterministic evenly spaced within affected-count quantile
477,"['TT0002', 'TT0006', 'TT0007', 'TT0017', 'TT0018', 'TT0021', 'TT0022', 'TT0023', 'TT0033', 'TT0036', 'TT0038', 'TT0051', 'TT0052', 'TT0066', 'TT0068', 'TT0071', 'TT0083', 'TT0084', 'TT0085', 'TT0087', 'TT0088', 'TT0093', 'TT0099', 'TT0100', 'TT0104', 'TT0108', 'TT0114', 'TT0115', 'TT0119', 'TT0120', 'TT0126', 'TT0129', 'TT0130', 'TT0134', 'TT0135', 'TT0142', 'TT0144', 'TT0145', 'TT0147', 'TT0149', 'TT0150', 'TT0161', 'TT0162', 'TT0163', 'TT0166', 'TT0167', 'TT0168', 'TT0177', 'TT0178', 'TT0181', 'TT0182', 'TT0183', 'TT0193', 'TT0196', 'TT0197', 'TT0198', 'TT0211', 'TT0212', 'TT0213', 'TT0216', 'TT0226', 'TT0227', 'TT0228', 'TT0231', 'TT0232', 'TT0244', 'TT0245', 'TT0248', 'TT0259', 'TT0260', 'TT0264', 'TT0274', 'TT0275', 'TT0279', 'TT0280', 'TT0288', 'TT0289', 'TT0290', 'TT0294', 'TT0295', 'TT0304', 'TT0305', 'TT0309', 'TT0310', 'TT0321', 'TT0322', 'TT0323', 'TT0326', 'TT0327', 'TT0328', 'TT0337', 'TT0338', 'TT0341', 'TT0342', 'TT0343', 'TT0353', 'TT0356', 'TT0357', 'TT0358', 'TT0366', 'TT0371', 'TT0372', 'TT0373', 'TT0376', 'TT0386', 'TT0387', 'TT0388', 'TT0391', 'TT0392', 'TT0404', 'TT0405', 'TT0419', 'TT0420', 'TT0424', 'TT0434', 'TT0435', 'TT0439', 'TT0440', 'TT0449', 'TT0450', 'TT0454', 'TT0455', 'TT0465', 'TT0469', 'TT0470', 'TT0478', 'TT0481', 'TT0482', 'TT0483', 'TT0486', 'TT0487', 'TT0488', 'TT0497', 'TT0498', 'TT0501', 'TT0502', 'TT0503', 'TT0513', 'TT0516', 'TT0517', 'TT0518', 'TT0521', 'TT0526', 'TT0532', 'TT0533', 'TT0547', 'TT0548', 'TT0551', 'TT0552', 'TT0564', 'TT0565', 'TT0579', 'TT0580', 'TT0584', 'TT0594', 'TT0595', 'TT0599', 'TT0600', 'TT0608', 'TT0609', 'TT0610', 'TT0614', 'TT0615', 'TT0625', 'TT0630', 'TT0637', 'TT0641', 'TT0642', 'TT0643', 'TT0646', 'TT0647', 'TT0648', 'TT0657', 'TT0658', 'TT0661', 'TT0662', 'TT0663', 'TT0673', 'TT0676', 'TT0677', 'TT0678', 'TT0686', 'TT0691', 'TT0692', 'TT0693', 'TT0707', 'TT0708', 'TT0711', 'TT0712', 'TT0724', 'TT0725', 'TT0739', 'TT0740', 'TT0744', 'TT0754', 'TT0755', 'TT0759', 'TT0760', 'TT0769', 'TT0770', 'TT0774', 'TT0775', 'TT0779', 'TT0785', 'TT0790', 'TT0794', 'TT0797', 'TT0801', 'TT0802', 'TT0803', 'TT0806', 'TT0807', 'TT0808', 'TT0817', 'TT0818', 'TT0821', 'TT0822', 'TT0823', 'TT0833', 'TT0836', 'TT0837', 'TT0838', 'TT0851', 'TT0852', 'TT0853', 'TT0856', 'TT0861', 'TT0867', 'TT0868', 'TT0871', 'TT0872', 'TT0884', 'TT0885', 'TT0899', 'TT0900', 'TT0904', 'TT0914', 'TT0915', 'TT0920', 'TT0929', 'TT0930', 'TT0934', 'TT0935', 'TT0944', 'TT0945', 'TT0950', 'TT0961', 'TT0962', 'TT0963', 'TT0966', 'TT0967', 'TT0968', 'TT0977', 'TT0978', 'TT0981', 'TT0982', 'TT0983', 'TT0993', 'TT0996', 'TT0997', 'TT0998', 'TT1011', 'TT1012', 'TT1013', 'TT1016', 'TT1026', 'TT1027', 'TT1028', 'TT1031', 'TT1032', 'TT1044', 'TT1045', 'TT1059', 'TT1060', 'TT1063', 'TT1064', 'TT1075', 'TT1080', 'TT1089', 'TT1090', 'TT1094', 'TT1104', 'TT1105', 'TT1110', 'TT1121', 'TT1122', 'TT1126', 'TT1127', 'TT1128', 'TT1137', 'TT1138', 'TT1141', 'TT1142', 'TT1143', 'TT1153', 'TT1156', 'TT1157', 'TT1171', 'TT1172', 'TT1173', 'TT1176', 'TT1186', 'TT1187', 'TT1188', 'TT1191', 'TT1192', 'TT1203', 'TT1204', 'TT1205', 'TT1218', 'TT1219', 'TT1220', 'TT1224', 'TT1234', 'TT1235', 'TT1237', 'TT1240', 'TT1249', 'TT1250', 'TT1254', 'TT1261', 'TT1264', 'TT1265', 'TT1270', 'TT1281', 'TT1282', 'TT1286', 'TT1287', 'TT1297', 'TT1301', 'TT1302', 'TT1316', 'TT1317', 'TT1331', 'TT1332', 'TT1336', 'TT1346', 'TT1347', 'TT1351', 'TT1352', 'TT1363', 'TT1364', 'TT1365', 'TT1368', 'TT1377', 'TT1378', 'TT1379', 'TT1380', 'TT1384', 'TT1394', 'TT1395', 'TT1400', 'TT1409', 'TT1410', 'TT1414', 'TT1420', 'TT1425', 'TT1432', 'TT1441', 'TT1442', 'TT1446', 'TT1447', 'TT1457', 'TT1461', 'TT1462', 'TT1476', 'TT1477', 'TT1491', 'TT1492', 'TT1496', 'TT1506', 'TT1507', 'TT1512', 'TT1523', 'TT1524', 'TT1525', 'TT1528', 'TT1538', 'TT1539', 'TT1540', 'TT1544', 'TT1554', 'TT1555', 'TT1559', 'TT1560', 'TT1569', 'TT1570', 'TT1574', 'TT1575', 'TT1580', 'TT1583', 'TT1585', 'TT1591', 'TT1592', 'TT1601', 'TT1602', 'TT1606', 'TT1607', 'TT1617', 'TT1621', 'TT1622', 'TT1636', 'TT1651', 'TT1652', 'TT1656', 'TT1666', 'TT1667', 'TT1671', 'TT1672', 'TT1683', 'TT1684', 'TT1685', 'TT1686', 'TT1688', 'TT1692', 'TT1697', 'TT1698', 'TT1699', 'TT1700', 'TT1701', 'TT1704', 'TT1714', 'TT1715', 'TT1719', 'TT1720', 'TT1729', 'TT1730', 'TT1734', 'TT1735', 'TT1740', 'TT1742', 'TT1743', 'TT1745', 'TT1751', 'TT1752', 'TT1761', 'TT1777', 'TT1781', 'TT1796', 'TT1811', 'TT1812', 'TT1816', 'TT1826', 'TT1827', 'TT1831', 'TT1842', 'TT1843', 'TT1844', 'TT1845', 'TT1847', 'TT1848', 'TT1852', 'TT1857', 'TT1860', 'TT1864', 'TT1866', 'TT1874', 'TT1875', 'TT1879', 'TT1880', 'TT1889', 'TT1890', 'TT1893', 'TT1894', 'TT1895', 'TT1900', 'TT1903', 'TT1905', 'TT1911', 'TT1926', 'TT1927', 'TT1937', 'TT1941', 'TT1971', 'TT1972', 'TT1976', 'TT1991']",0.2385,,0.874,HEURISTIC_NOT_FOUND,6421.475515,sw0167,sw0169,l_sw0167_sw0169,477,True,True,477,l_sw0167_sw0169,2,Q3,S7,True,deterministic evenly spaced within affected-count quantile
4,"['TT1420', 'TT1580', 'TT1740', 'TT1900']",0.002,,0.995,HEURISTIC_NOT_FOUND,6813.75914,sw0169,sw0170,l_sw0169_sw0170,4,True,True,4,l_sw0169_sw0170,0,Q1,S7,True,deterministic evenly spaced within affected-count quantile
512,"['TT0001', 'TT0003', 'TT0004', 'TT0005', 'TT0018', 'TT0021', 'TT0022', 'TT0023', 'TT0033', 'TT0036', 'TT0038', 'TT0051', 'TT0052', 'TT0066', 'TT0068', 'TT0071', 'TT0081', 'TT0082', 'TT0086', 'TT0098', 'TT0099', 'TT0100', 'TT0104', 'TT0108', 'TT0114', 'TT0115', 'TT0119', 'TT0120', 'TT0126', 'TT0129', 'TT0130', 'TT0134', 'TT0135', 'TT0142', 'TT0144', 'TT0145', 'TT0147', 'TT0149', 'TT0150', 'TT0160', 'TT0164', 'TT0165', 'TT0175', 'TT0177', 'TT0178', 'TT0181', 'TT0182', 'TT0183', 'TT0193', 'TT0196', 'TT0197', 'TT0198', 'TT0211', 'TT0212', 'TT0213', 'TT0216', 'TT0226', 'TT0227', 'TT0228', 'TT0231', 'TT0232', 'TT0241', 'TT0242', 'TT0243', 'TT0246', 'TT0247', 'TT0257', 'TT0258', 'TT0259', 'TT0260', 'TT0264', 'TT0274', 'TT0275', 'TT0279', 'TT0280', 'TT0289', 'TT0290', 'TT0294', 'TT0295', 'TT0304', 'TT0305', 'TT0309', 'TT0310', 'TT0320', 'TT0324', 'TT0325', 'TT0334', 'TT0335', 'TT0336', 'TT0337', 'TT0338', 'TT0341', 'TT0342', 'TT0343', 'TT0353', 'TT0356', 'TT0357', 'TT0358', 'TT0366', 'TT0371', 'TT0372', 'TT0373', 'TT0376', 'TT0386', 'TT0387', 'TT0388', 'TT0391', 'TT0392', 'TT0401', 'TT0402', 'TT0403', 'TT0406', 'TT0407', 'TT0408', 'TT0417', 'TT0418', 'TT0419', 'TT0420', 'TT0424', 'TT0434', 'TT0435', 'TT0439', 'TT0440', 'TT0449', 'TT0450', 'TT0454', 'TT0455', 'TT0465', 'TT0469', 'TT0470', 'TT0480', 'TT0484', 'TT0489', 'TT0494', 'TT0496', 'TT0497', 'TT0498', 'TT0501', 'TT0502', 'TT0503', 'TT0513', 'TT0516', 'TT0517', 'TT0518', 'TT0521', 'TT0526', 'TT0532', 'TT0533', 'TT0547', 'TT0548', 'TT0551', 'TT0552', 'TT0562', 'TT0563', 'TT0566', 'TT0567', 'TT0568', 'TT0571', 'TT0577', 'TT0578', 'TT0579', 'TT0580', 'TT0584', 'TT0594', 'TT0595', 'TT0599', 'TT0600', 'TT0609', 'TT0610', 'TT0614', 'TT0615', 'TT0625', 'TT0629', 'TT0630', 'TT0639', 'TT0640', 'TT0644', 'TT0657', 'TT0658', 'TT0661', 'TT0662', 'TT0663', 'TT0673', 'TT0676', 'TT0677', 'TT0678', 'TT0686', 'TT0691', 'TT0692', 'TT0693', 'TT0707', 'TT0708', 'TT0711', 'TT0712', 'TT0721', 'TT0722', 'TT0723', 'TT0726', 'TT0727', 'TT0728', 'TT0737', 'TT0738', 'TT0739', 'TT0740', 'TT0744', 'TT0754', 'TT0755', 'TT0759', 'TT0760', 'TT0769', 'TT0770', 'TT0774', 'TT0775', 'TT0779', 'TT0785', 'TT0789', 'TT0790', 'TT0794', 'TT0799', 'TT0800', 'TT0804', 'TT0817', 'TT0818', 'TT0821', 'TT0822', 'TT0823', 'TT0833', 'TT0836', 'TT0837', 'TT0838', 'TT0851', 'TT0852', 'TT0853', 'TT0856', 'TT0861', 'TT0867', 'TT0868', 'TT0871', 'TT0872', 'TT0881', 'TT0882', 'TT0883', 'TT0886', 'TT0887', 'TT0888', 'TT0897', 'TT0898', 'TT0899', 'TT0900', 'TT0904', 'TT0914', 'TT0915', 'TT0920', 'TT0929', 'TT0930', 'TT0933', 'TT0934', 'TT0935', 'TT0944', 'TT0945', 'TT0949', 'TT0950', 'TT0954', 'TT0959', 'TT0960', 'TT0964', 'TT0970', 'TT0972', 'TT0977', 'TT0978', 'TT0981', 'TT0982', 'TT0983', 'TT0993', 'TT0996', 'TT0997', 'TT0998', 'TT1011', 'TT1012', 'TT1013', 'TT1016', 'TT1026', 'TT1027', 'TT1028', 'TT1031', 'TT1032', 'TT1041', 'TT1042', 'TT1043', 'TT1047', 'TT1048', 'TT1057', 'TT1058', 'TT1059', 'TT1060', 'TT1063', 'TT1064', 'TT1075', 'TT1079', 'TT1080', 'TT1089', 'TT1090', 'TT1094', 'TT1095', 'TT1104', 'TT1105', 'TT1109', 'TT1110', 'TT1114', 'TT1118', 'TT1119', 'TT1120', 'TT1123', 'TT1124', 'TT1130', 'TT1131', 'TT1137', 'TT1138', 'TT1141', 'TT1142', 'TT1143', 'TT1153', 'TT1156', 'TT1157', 'TT1171', 'TT1172', 'TT1173', 'TT1176', 'TT1186', 'TT1187', 'TT1188', 'TT1191', 'TT1192', 'TT1201', 'TT1202', 'TT1207', 'TT1208', 'TT1217', 'TT1219', 'TT1220', 'TT1224', 'TT1234', 'TT1235', 'TT1237', 'TT1239', 'TT1240', 'TT1249', 'TT1250', 'TT1254', 'TT1255', 'TT1264', 'TT1265', 'TT1269', 'TT1270', 'TT1273', 'TT1278', 'TT1279', 'TT1280', 'TT1283', 'TT1288', 'TT1291', 'TT1297', 'TT1301', 'TT1302', 'TT1316', 'TT1317', 'TT1331', 'TT1332', 'TT1336', 'TT1346', 'TT1347', 'TT1351', 'TT1352', 'TT1361', 'TT1362', 'TT1367', 'TT1379', 'TT1380', 'TT1384', 'TT1394', 'TT1395', 'TT1399', 'TT1400', 'TT1409', 'TT1410', 'TT1414', 'TT1415', 'TT1425', 'TT1428', 'TT1429', 'TT1430', 'TT1433', 'TT1438', 'TT1439', 'TT1443', 'TT1448', 'TT1451', 'TT1457', 'TT1461', 'TT1462', 'TT1476', 'TT1477', 'TT1491', 'TT1492', 'TT1496', 'TT1506', 'TT1507', 'TT1512', 'TT1521', 'TT1522', 'TT1526', 'TT1527', 'TT1537', 'TT1539', 'TT1540', 'TT1544', 'TT1554', 'TT1555', 'TT1559', 'TT1560', 'TT1569', 'TT1570', 'TT1574', 'TT1575', 'TT1583', 'TT1585', 'TT1588', 'TT1589', 'TT1590', 'TT1593', 'TT1598', 'TT1611', 'TT1617', 'TT1621', 'TT1622', 'TT1636', 'TT1651', 'TT1652', 'TT1656', 'TT1666', 'TT1667', 'TT1671', 'TT1672', 'TT1681', 'TT1682', 'TT1687', 'TT1699', 'TT1700', 'TT1701', 'TT1704', 'TT1714', 'TT1715', 'TT1719', 'TT1720', 'TT1729', 'TT1730', 'TT1733', 'TT1734', 'TT1735', 'TT1742', 'TT1743', 'TT1745', 'TT1748', 'TT1749', 'TT1750', 'TT1753', 'TT1758', 'TT1765', 'TT1771', 'TT1777', 'TT1781', 'TT1796', 'TT1811', 'TT1812', 'TT1816', 'TT1826', 'TT1827', 'TT1831', 'TT1841', 'TT1846', 'TT1860', 'TT1864', 'TT1866', 'TT1874', 'TT1875', 'TT1879', 'TT1880', 'TT1889', 'TT1890', 'TT1893', 'TT1894', 'TT1895', 'TT1903', 'TT1905', 'TT1908', 'TT1909', 'TT1910', 'TT1912', 'TT1913', 'TT1917', 'TT1918', 'TT1921', 'TT1924', 'TT1925', 'TT1926', 'TT1927', 'TT1937', 'TT1941', 'TT1971', 'TT1972', 'TT1976', 'TT1991']",0.256,,0.8835,HEURISTIC_NOT_FOUND,6551.927379,sw0207,sw0209,l_sw0207_sw0209,512,True,True,512,l_sw0207_sw0209,4,Q5,S7,True,deterministic evenly spaced within affected-count quantile
481,"['TT0008', 'TT0009', 'TT0010', 'TT0013', 'TT0014', 'TT0015', 'TT0026', 'TT0028', 'TT0031', 'TT0041', 'TT0047', 'TT0057', 'TT0058', 'TT0061', 'TT0062', 'TT0063', 'TT0073', 'TT0076', 'TT0078', 'TT0091', 'TT0092', 'TT0096', 'TT0105', 'TT0107', 'TT0109', 'TT0110', 'TT0111', 'TT0116', 'TT0124', 'TT0125', 'TT0131', 'TT0139', 'TT0140', 'TT0153', 'TT0154', 'TT0155', 'TT0159', 'TT0169', 'TT0170', 'TT0174', 'TT0186', 'TT0187', 'TT0188', 'TT0191', 'TT0192', 'TT0201', 'TT0202', 'TT0203', 'TT0206', 'TT0207', 'TT0208', 'TT0217', 'TT0218', 'TT0221', 'TT0222', 'TT0223', 'TT0233', 'TT0236', 'TT0237', 'TT0251', 'TT0252', 'TT0253', 'TT0256', 'TT0265', 'TT0269', 'TT0270', 'TT0284', 'TT0285', 'TT0288', 'TT0299', 'TT0300', 'TT0314', 'TT0315', 'TT0319', 'TT0329', 'TT0330', 'TT0334', 'TT0346', 'TT0347', 'TT0348', 'TT0351', 'TT0352', 'TT0361', 'TT0362', 'TT0363', 'TT0367', 'TT0368', 'TT0377', 'TT0378', 'TT0381', 'TT0382', 'TT0383', 'TT0393', 'TT0396', 'TT0397', 'TT0398', 'TT0411', 'TT0412', 'TT0413', 'TT0416', 'TT0425', 'TT0429', 'TT0430', 'TT0444', 'TT0445', 'TT0459', 'TT0460', 'TT0464', 'TT0474', 'TT0475', 'TT0479', 'TT0485', 'TT0490', 'TT0494', 'TT0506', 'TT0507', 'TT0508', 'TT0511', 'TT0512', 'TT0522', 'TT0523', 'TT0527', 'TT0528', 'TT0537', 'TT0538', 'TT0542', 'TT0543', 'TT0546', 'TT0553', 'TT0556', 'TT0557', 'TT0558', 'TT0561', 'TT0572', 'TT0573', 'TT0576', 'TT0585', 'TT0589', 'TT0590', 'TT0604', 'TT0605', 'TT0608', 'TT0619', 'TT0620', 'TT0624', 'TT0634', 'TT0635', 'TT0645', 'TT0649', 'TT0650', 'TT0654', 'TT0656', 'TT0666', 'TT0667', 'TT0668', 'TT0671', 'TT0672', 'TT0681', 'TT0682', 'TT0683', 'TT0687', 'TT0688', 'TT0697', 'TT0698', 'TT0702', 'TT0703', 'TT0706', 'TT0713', 'TT0716', 'TT0717', 'TT0718', 'TT0731', 'TT0732', 'TT0733', 'TT0736', 'TT0745', 'TT0749', 'TT0750', 'TT0764', 'TT0765', 'TT0780', 'TT0784', 'TT0795', 'TT0805', 'TT0809', 'TT0810', 'TT0816', 'TT0826', 'TT0827', 'TT0828', 'TT0831', 'TT0832', 'TT0841', 'TT0842', 'TT0843', 'TT0846', 'TT0847', 'TT0848', 'TT0857', 'TT0858', 'TT0862', 'TT0863', 'TT0866', 'TT0873', 'TT0876', 'TT0877', 'TT0878', 'TT0891', 'TT0892', 'TT0893', 'TT0896', 'TT0905', 'TT0909', 'TT0910', 'TT0919', 'TT0923', 'TT0924', 'TT0925', 'TT0939', 'TT0940', 'TT0955', 'TT0965', 'TT0969', 'TT0976', 'TT0986', 'TT0987', 'TT0988', 'TT0991', 'TT0992', 'TT1001', 'TT1002', 'TT1003', 'TT1006', 'TT1007', 'TT1008', 'TT1017', 'TT1018', 'TT1021', 'TT1022', 'TT1023', 'TT1033', 'TT1036', 'TT1037', 'TT1038', 'TT1046', 'TT1051', 'TT1052', 'TT1053', 'TT1056', 'TT1065', 'TT1069', 'TT1070', 'TT1074', 'TT1078', 'TT1083', 'TT1084', 'TT1085', 'TT1099', 'TT1100', 'TT1115', 'TT1125', 'TT1129', 'TT1136', 'TT1137', 'TT1146', 'TT1147', 'TT1148', 'TT1151', 'TT1152', 'TT1161', 'TT1162', 'TT1166', 'TT1167', 'TT1168', 'TT1177', 'TT1178', 'TT1181', 'TT1182', 'TT1183', 'TT1193', 'TT1196', 'TT1197', 'TT1198', 'TT1206', 'TT1211', 'TT1212', 'TT1213', 'TT1216', 'TT1225', 'TT1228', 'TT1229', 'TT1230', 'TT1233', 'TT1238', 'TT1243', 'TT1244', 'TT1245', 'TT1259', 'TT1260', 'TT1261', 'TT1268', 'TT1274', 'TT1275', 'TT1284', 'TT1285', 'TT1289', 'TT1296', 'TT1306', 'TT1307', 'TT1311', 'TT1312', 'TT1321', 'TT1322', 'TT1326', 'TT1327', 'TT1328', 'TT1337', 'TT1341', 'TT1342', 'TT1343', 'TT1356', 'TT1357', 'TT1366', 'TT1371', 'TT1372', 'TT1373', 'TT1376', 'TT1383', 'TT1385', 'TT1388', 'TT1389', 'TT1390', 'TT1393', 'TT1398', 'TT1403', 'TT1404', 'TT1405', 'TT1408', 'TT1413', 'TT1418', 'TT1419', 'TT1420', 'TT1423', 'TT1424', 'TT1434', 'TT1435', 'TT1440', 'TT1444', 'TT1445', 'TT1452', 'TT1456', 'TT1466', 'TT1471', 'TT1481', 'TT1482', 'TT1486', 'TT1487', 'TT1497', 'TT1501', 'TT1502', 'TT1516', 'TT1517', 'TT1531', 'TT1532', 'TT1536', 'TT1543', 'TT1545', 'TT1548', 'TT1549', 'TT1550', 'TT1553', 'TT1558', 'TT1563', 'TT1564', 'TT1565', 'TT1568', 'TT1573', 'TT1577', 'TT1578', 'TT1579', 'TT1580', 'TT1584', 'TT1594', 'TT1595', 'TT1599', 'TT1600', 'TT1603', 'TT1604', 'TT1605', 'TT1612', 'TT1616', 'TT1626', 'TT1627', 'TT1631', 'TT1632', 'TT1641', 'TT1646', 'TT1648', 'TT1657', 'TT1661', 'TT1662', 'TT1676', 'TT1677', 'TT1691', 'TT1696', 'TT1703', 'TT1705', 'TT1708', 'TT1709', 'TT1710', 'TT1713', 'TT1717', 'TT1718', 'TT1722', 'TT1723', 'TT1724', 'TT1725', 'TT1728', 'TT1737', 'TT1738', 'TT1739', 'TT1740', 'TT1744', 'TT1754', 'TT1755', 'TT1757', 'TT1759', 'TT1760', 'TT1762', 'TT1763', 'TT1764', 'TT1766', 'TT1772', 'TT1776', 'TT1786', 'TT1787', 'TT1791', 'TT1801', 'TT1806', 'TT1807', 'TT1817', 'TT1821', 'TT1836', 'TT1851', 'TT1856', 'TT1863', 'TT1865', 'TT1867', 'TT1868', 'TT1869', 'TT1870', 'TT1872', 'TT1873', 'TT1877', 'TT1878', 'TT1881', 'TT1882', 'TT1883', 'TT1884', 'TT1885', 'TT1888', 'TT1898', 'TT1899', 'TT1900', 'TT1904', 'TT1914', 'TT1915', 'TT1916', 'TT1919', 'TT1920', 'TT1922', 'TT1923', 'TT1931', 'TT1932', 'TT1936', 'TT1947', 'TT1952', 'TT1961', 'TT1966', 'TT1977', 'TT1981']",0.2405,,0.8765,HEURISTIC_NOT_FOUND,6513.093471,sw0210,sw0212,l_sw0210_sw0212,481,True,True,481,l_sw0210_sw0212,3,Q4,S7,True,deterministic evenly spaced within affected-count quantile
9,"['TT0976', 'TT1136', 'TT1383', 'TT1543', 'TT1603', 'TT1703', 'TT1763', 'TT1863', 'TT1923']",0.0045,,0.9995,HEURISTIC_NOT_FOUND,6803.34897,sw0216,sw0217,l_sw0216_sw0217,9,True,True,9,l_sw0216_sw0217,1,Q2,S7,True,deterministic evenly spaced within affected-count quantile
507,"['TT0008', 'TT0009', 'TT0010', 'TT0013', 'TT0014', 'TT0015', 'TT0024', 'TT0025', 'TT0027', 'TT0028', 'TT0031', 'TT0041', 'TT0047', 'TT0057', 'TT0058', 'TT0061', 'TT0062', 'TT0063', 'TT0073', 'TT0076', 'TT0078', 'TT0091', 'TT0092', 'TT0096', 'TT0106', 'TT0109', 'TT0110', 'TT0111', 'TT0116', 'TT0124', 'TT0125', 'TT0131', 'TT0139', 'TT0140', 'TT0144', 'TT0153', 'TT0154', 'TT0155', 'TT0159', 'TT0169', 'TT0170', 'TT0174', 'TT0175', 'TT0184', 'TT0185', 'TT0187', 'TT0188', 'TT0191', 'TT0192', 'TT0201', 'TT0202', 'TT0203', 'TT0206', 'TT0207', 'TT0208', 'TT0217', 'TT0218', 'TT0221', 'TT0222', 'TT0223', 'TT0233', 'TT0236', 'TT0237', 'TT0251', 'TT0252', 'TT0253', 'TT0256', 'TT0266', 'TT0267', 'TT0268', 'TT0269', 'TT0270', 'TT0284', 'TT0285', 'TT0288', 'TT0299', 'TT0300', 'TT0304', 'TT0314', 'TT0315', 'TT0319', 'TT0329', 'TT0330', 'TT0334', 'TT0335', 'TT0344', 'TT0345', 'TT0346', 'TT0347', 'TT0348', 'TT0351', 'TT0352', 'TT0361', 'TT0362', 'TT0363', 'TT0367', 'TT0368', 'TT0377', 'TT0378', 'TT0381', 'TT0382', 'TT0383', 'TT0393', 'TT0396', 'TT0397', 'TT0398', 'TT0411', 'TT0412', 'TT0413', 'TT0416', 'TT0426', 'TT0427', 'TT0428', 'TT0429', 'TT0430', 'TT0444', 'TT0445', 'TT0459', 'TT0460', 'TT0474', 'TT0475', 'TT0479', 'TT0485', 'TT0490', 'TT0494', 'TT0495', 'TT0504', 'TT0506', 'TT0507', 'TT0508', 'TT0511', 'TT0512', 'TT0522', 'TT0523', 'TT0527', 'TT0528', 'TT0537', 'TT0538', 'TT0542', 'TT0543', 'TT0546', 'TT0553', 'TT0556', 'TT0557', 'TT0558', 'TT0561', 'TT0572', 'TT0573', 'TT0576', 'TT0586', 'TT0587', 'TT0588', 'TT0589', 'TT0590', 'TT0604', 'TT0605', 'TT0608', 'TT0619', 'TT0620', 'TT0634', 'TT0635', 'TT0645', 'TT0649', 'TT0650', 'TT0654', 'TT0655', 'TT0666', 'TT0667', 'TT0668', 'TT0671', 'TT0672', 'TT0681', 'TT0682', 'TT0683', 'TT0687', 'TT0688', 'TT0697', 'TT0698', 'TT0702', 'TT0703', 'TT0706', 'TT0713', 'TT0716', 'TT0717', 'TT0718', 'TT0731', 'TT0732', 'TT0733', 'TT0736', 'TT0746', 'TT0747', 'TT0748', 'TT0749', 'TT0750', 'TT0764', 'TT0765', 'TT0780', 'TT0795', 'TT0805', 'TT0809', 'TT0810', 'TT0814', 'TT0815', 'TT0826', 'TT0828', 'TT0831', 'TT0832', 'TT0841', 'TT0842', 'TT0843', 'TT0846', 'TT0847', 'TT0848', 'TT0857', 'TT0858', 'TT0862', 'TT0863', 'TT0866', 'TT0873', 'TT0876', 'TT0877', 'TT0878', 'TT0891', 'TT0892', 'TT0893', 'TT0896', 'TT0907', 'TT0908', 'TT0909', 'TT0910', 'TT0919', 'TT0923', 'TT0924', 'TT0925', 'TT0939', 'TT0940', 'TT0944', 'TT0955', 'TT0965', 'TT0969', 'TT0974', 'TT0975', 'TT0979', 'TT0982', 'TT0983', 'TT0986', 'TT0987', 'TT0988', 'TT0991', 'TT0992', 'TT1001', 'TT1002', 'TT1003', 'TT1006', 'TT1007', 'TT1008', 'TT1017', 'TT1018', 'TT1021', 'TT1022', 'TT1023', 'TT1033', 'TT1036', 'TT1037', 'TT1038', 'TT1046', 'TT1051', 'TT1052', 'TT1053', 'TT1056', 'TT1066', 'TT1067', 'TT1068', 'TT1069', 'TT1070', 'TT1074', 'TT1078', 'TT1083', 'TT1084', 'TT1085', 'TT1099', 'TT1100', 'TT1104', 'TT1115', 'TT1125', 'TT1129', 'TT1134', 'TT1135', 'TT1139', 'TT1141', 'TT1142', 'TT1146', 'TT1147', 'TT1148', 'TT1151', 'TT1152', 'TT1161', 'TT1162', 'TT1166', 'TT1167', 'TT1168', 'TT1177', 'TT1178', 'TT1181', 'TT1182', 'TT1183', 'TT1193', 'TT1196', 'TT1197', 'TT1198', 'TT1206', 'TT1211', 'TT1212', 'TT1213', 'TT1216', 'TT1226', 'TT1227', 'TT1229', 'TT1230', 'TT1233', 'TT1238', 'TT1243', 'TT1244', 'TT1245', 'TT1259', 'TT1260', 'TT1261', 'TT1264', 'TT1268', 'TT1274', 'TT1275', 'TT1285', 'TT1289', 'TT1293', 'TT1294', 'TT1295', 'TT1298', 'TT1299', 'TT1302', 'TT1306', 'TT1307', 'TT1311', 'TT1312', 'TT1321', 'TT1322', 'TT1326', 'TT1327', 'TT1328', 'TT1337', 'TT1341', 'TT1342', 'TT1343', 'TT1356', 'TT1357', 'TT1366', 'TT1371', 'TT1372', 'TT1373', 'TT1376', 'TT1386', 'TT1387', 'TT1389', 'TT1390', 'TT1393', 'TT1398', 'TT1403', 'TT1404', 'TT1405', 'TT1408', 'TT1413', 'TT1418', 'TT1419', 'TT1420', 'TT1424', 'TT1434', 'TT1435', 'TT1440', 'TT1445', 'TT1449', 'TT1453', 'TT1454', 'TT1455', 'TT1458', 'TT1466', 'TT1471', 'TT1481', 'TT1482', 'TT1486', 'TT1487', 'TT1497', 'TT1501', 'TT1502', 'TT1516', 'TT1517', 'TT1531', 'TT1532', 'TT1536', 'TT1546', 'TT1547', 'TT1549', 'TT1550', 'TT1553', 'TT1558', 'TT1563', 'TT1564', 'TT1565', 'TT1568', 'TT1573', 'TT1577', 'TT1578', 'TT1579', 'TT1580', 'TT1584', 'TT1594', 'TT1595', 'TT1599', 'TT1600', 'TT1605', 'TT1609', 'TT1613', 'TT1614', 'TT1615', 'TT1626', 'TT1627', 'TT1631', 'TT1632', 'TT1641', 'TT1646', 'TT1648', 'TT1657', 'TT1661', 'TT1662', 'TT1676', 'TT1677', 'TT1691', 'TT1696', 'TT1706', 'TT1707', 'TT1709', 'TT1710', 'TT1713', 'TT1717', 'TT1718', 'TT1722', 'TT1723', 'TT1724', 'TT1725', 'TT1728', 'TT1737', 'TT1738', 'TT1739', 'TT1740', 'TT1744', 'TT1754', 'TT1755', 'TT1759', 'TT1760', 'TT1766', 'TT1769', 'TT1773', 'TT1774', 'TT1775', 'TT1777', 'TT1786', 'TT1787', 'TT1791', 'TT1801', 'TT1806', 'TT1807', 'TT1817', 'TT1821', 'TT1836', 'TT1851', 'TT1856', 'TT1869', 'TT1870', 'TT1872', 'TT1873', 'TT1877', 'TT1878', 'TT1881', 'TT1882', 'TT1883', 'TT1884', 'TT1885', 'TT1888', 'TT1898', 'TT1899', 'TT1900', 'TT1904', 'TT1914', 'TT1915', 'TT1916', 'TT1919', 'TT1920', 'TT1929', 'TT1933', 'TT1934', 'TT1935', 'TT1936', 'TT1937', 'TT1947', 'TT1952', 'TT1961', 'TT1966', 'TT1977', 'TT1981']",0.2535,,0.8875,HEURISTIC_NOT_FOUND,6646.422031,sw0228,sw0230,l_sw0228_sw0230,507,True,True,507,l_sw0228_sw0230,4,Q5,S7,True,deterministic evenly spaced within affected-count quantile
474,"['TT0001', 'TT0003', 'TT0004', 'TT0005', 'TT0019', 'TT0020', 'TT0033', 'TT0036', 'TT0038', 'TT0051', 'TT0052', 'TT0066', 'TT0068', 'TT0071', 'TT0081', 'TT0082', 'TT0086', 'TT0098', 'TT0101', 'TT0102', 'TT0103', 'TT0114', 'TT0115', 'TT0119', 'TT0120', 'TT0126', 'TT0129', 'TT0130', 'TT0134', 'TT0135', 'TT0142', 'TT0145', 'TT0147', 'TT0149', 'TT0150', 'TT0160', 'TT0164', 'TT0165', 'TT0179', 'TT0180', 'TT0193', 'TT0196', 'TT0197', 'TT0198', 'TT0211', 'TT0212', 'TT0213', 'TT0216', 'TT0226', 'TT0227', 'TT0228', 'TT0231', 'TT0232', 'TT0241', 'TT0242', 'TT0243', 'TT0246', 'TT0247', 'TT0257', 'TT0258', 'TT0261', 'TT0262', 'TT0263', 'TT0274', 'TT0275', 'TT0279', 'TT0280', 'TT0289', 'TT0290', 'TT0294', 'TT0295', 'TT0305', 'TT0309', 'TT0310', 'TT0320', 'TT0324', 'TT0325', 'TT0339', 'TT0340', 'TT0353', 'TT0356', 'TT0357', 'TT0358', 'TT0366', 'TT0371', 'TT0372', 'TT0373', 'TT0376', 'TT0386', 'TT0387', 'TT0388', 'TT0391', 'TT0392', 'TT0401', 'TT0402', 'TT0403', 'TT0406', 'TT0407', 'TT0408', 'TT0417', 'TT0418', 'TT0421', 'TT0422', 'TT0423', 'TT0434', 'TT0435', 'TT0439', 'TT0440', 'TT0449', 'TT0450', 'TT0454', 'TT0455', 'TT0464', 'TT0465', 'TT0469', 'TT0470', 'TT0480', 'TT0484', 'TT0489', 'TT0499', 'TT0500', 'TT0513', 'TT0516', 'TT0517', 'TT0518', 'TT0521', 'TT0526', 'TT0532', 'TT0533', 'TT0547', 'TT0548', 'TT0551', 'TT0552', 'TT0562', 'TT0563', 'TT0566', 'TT0567', 'TT0568', 'TT0571', 'TT0577', 'TT0578', 'TT0581', 'TT0582', 'TT0583', 'TT0594', 'TT0595', 'TT0599', 'TT0600', 'TT0609', 'TT0610', 'TT0614', 'TT0615', 'TT0624', 'TT0625', 'TT0629', 'TT0630', 'TT0639', 'TT0640', 'TT0644', 'TT0659', 'TT0660', 'TT0664', 'TT0673', 'TT0676', 'TT0677', 'TT0678', 'TT0686', 'TT0691', 'TT0692', 'TT0693', 'TT0707', 'TT0708', 'TT0711', 'TT0712', 'TT0721', 'TT0722', 'TT0723', 'TT0726', 'TT0727', 'TT0728', 'TT0737', 'TT0738', 'TT0741', 'TT0742', 'TT0743', 'TT0754', 'TT0755', 'TT0759', 'TT0760', 'TT0769', 'TT0770', 'TT0774', 'TT0775', 'TT0779', 'TT0784', 'TT0785', 'TT0789', 'TT0790', 'TT0794', 'TT0799', 'TT0800', 'TT0804', 'TT0820', 'TT0827', 'TT0833', 'TT0836', 'TT0837', 'TT0838', 'TT0851', 'TT0852', 'TT0853', 'TT0856', 'TT0861', 'TT0867', 'TT0868', 'TT0871', 'TT0872', 'TT0881', 'TT0882', 'TT0883', 'TT0886', 'TT0887', 'TT0888', 'TT0897', 'TT0898', 'TT0901', 'TT0902', 'TT0903', 'TT0906', 'TT0914', 'TT0915', 'TT0920', 'TT0929', 'TT0930', 'TT0933', 'TT0934', 'TT0935', 'TT0945', 'TT0949', 'TT0950', 'TT0954', 'TT0959', 'TT0960', 'TT0964', 'TT0979', 'TT0980', 'TT0993', 'TT0996', 'TT0997', 'TT0998', 'TT1011', 'TT1012', 'TT1013', 'TT1016', 'TT1026', 'TT1027', 'TT1028', 'TT1031', 'TT1032', 'TT1041', 'TT1042', 'TT1043', 'TT1047', 'TT1048', 'TT1057', 'TT1058', 'TT1061', 'TT1062', 'TT1075', 'TT1079', 'TT1080', 'TT1089', 'TT1090', 'TT1094', 'TT1095', 'TT1105', 'TT1109', 'TT1110', 'TT1114', 'TT1118', 'TT1119', 'TT1120', 'TT1123', 'TT1124', 'TT1139', 'TT1140', 'TT1143', 'TT1153', 'TT1156', 'TT1157', 'TT1171', 'TT1172', 'TT1173', 'TT1176', 'TT1186', 'TT1187', 'TT1188', 'TT1191', 'TT1192', 'TT1201', 'TT1202', 'TT1207', 'TT1208', 'TT1217', 'TT1221', 'TT1222', 'TT1223', 'TT1234', 'TT1235', 'TT1237', 'TT1239', 'TT1240', 'TT1249', 'TT1250', 'TT1254', 'TT1255', 'TT1265', 'TT1269', 'TT1270', 'TT1273', 'TT1278', 'TT1279', 'TT1280', 'TT1283', 'TT1284', 'TT1288', 'TT1299', 'TT1316', 'TT1317', 'TT1331', 'TT1332', 'TT1336', 'TT1346', 'TT1347', 'TT1351', 'TT1352', 'TT1361', 'TT1362', 'TT1367', 'TT1381', 'TT1382', 'TT1394', 'TT1395', 'TT1399', 'TT1400', 'TT1409', 'TT1410', 'TT1414', 'TT1415', 'TT1423', 'TT1425', 'TT1428', 'TT1429', 'TT1430', 'TT1433', 'TT1438', 'TT1439', 'TT1443', 'TT1444', 'TT1448', 'TT1459', 'TT1462', 'TT1476', 'TT1477', 'TT1491', 'TT1492', 'TT1496', 'TT1506', 'TT1507', 'TT1512', 'TT1521', 'TT1522', 'TT1526', 'TT1527', 'TT1537', 'TT1541', 'TT1542', 'TT1554', 'TT1555', 'TT1559', 'TT1560', 'TT1569', 'TT1570', 'TT1574', 'TT1575', 'TT1583', 'TT1585', 'TT1588', 'TT1589', 'TT1590', 'TT1593', 'TT1598', 'TT1603', 'TT1604', 'TT1608', 'TT1621', 'TT1622', 'TT1636', 'TT1651', 'TT1652', 'TT1656', 'TT1666', 'TT1667', 'TT1671', 'TT1672', 'TT1681', 'TT1682', 'TT1687', 'TT1702', 'TT1714', 'TT1715', 'TT1719', 'TT1720', 'TT1729', 'TT1730', 'TT1733', 'TT1734', 'TT1735', 'TT1742', 'TT1743', 'TT1745', 'TT1748', 'TT1749', 'TT1750', 'TT1753', 'TT1757', 'TT1758', 'TT1762', 'TT1763', 'TT1764', 'TT1765', 'TT1767', 'TT1768', 'TT1781', 'TT1796', 'TT1811', 'TT1812', 'TT1816', 'TT1826', 'TT1827', 'TT1831', 'TT1841', 'TT1846', 'TT1861', 'TT1862', 'TT1874', 'TT1875', 'TT1879', 'TT1880', 'TT1889', 'TT1890', 'TT1893', 'TT1894', 'TT1895', 'TT1903', 'TT1905', 'TT1908', 'TT1909', 'TT1910', 'TT1912', 'TT1913', 'TT1917', 'TT1918', 'TT1921', 'TT1922', 'TT1923', 'TT1924', 'TT1925', 'TT1928', 'TT1941', 'TT1971', 'TT1972', 'TT1976', 'TT1991']",0.237,,0.8785,HEURISTIC_NOT_FOUND,6870.507164,sw0231,sw0233,l_sw0231_sw0233,474,True,True,474,l_sw0231_sw0233,2,Q3,S7,True,deterministic evenly spaced within affected-count quantile
467,"['TT0001', 'TT0003', 'TT0004', 'TT0005', 'TT0019', 'TT0020', 'TT0034', 'TT0035', 'TT0039', 'TT0051', 'TT0052', 'TT0066', 'TT0068', 'TT0071', 'TT0081', 'TT0082', 'TT0086', 'TT0098', 'TT0101', 'TT0102', 'TT0103', 'TT0113', 'TT0117', 'TT0118', 'TT0126', 'TT0129', 'TT0130', 'TT0134', 'TT0135', 'TT0142', 'TT0145', 'TT0147', 'TT0149', 'TT0150', 'TT0164', 'TT0165', 'TT0179', 'TT0180', 'TT0194', 'TT0195', 'TT0211', 'TT0212', 'TT0213', 'TT0216', 'TT0226', 'TT0227', 'TT0228', 'TT0231', 'TT0232', 'TT0241', 'TT0242', 'TT0243', 'TT0246', 'TT0247', 'TT0257', 'TT0258', 'TT0261', 'TT0262', 'TT0263', 'TT0273', 'TT0276', 'TT0277', 'TT0278', 'TT0289', 'TT0290', 'TT0294', 'TT0295', 'TT0305', 'TT0309', 'TT0310', 'TT0324', 'TT0325', 'TT0339', 'TT0340', 'TT0354', 'TT0355', 'TT0366', 'TT0371', 'TT0372', 'TT0373', 'TT0376', 'TT0386', 'TT0387', 'TT0388', 'TT0391', 'TT0392', 'TT0401', 'TT0402', 'TT0403', 'TT0406', 'TT0407', 'TT0408', 'TT0417', 'TT0418', 'TT0421', 'TT0422', 'TT0423', 'TT0433', 'TT0436', 'TT0437', 'TT0438', 'TT0449', 'TT0450', 'TT0454', 'TT0455', 'TT0464', 'TT0465', 'TT0469', 'TT0470', 'TT0484', 'TT0485', 'TT0489', 'TT0499', 'TT0500', 'TT0509', 'TT0514', 'TT0515', 'TT0521', 'TT0526', 'TT0532', 'TT0533', 'TT0547', 'TT0548', 'TT0551', 'TT0552', 'TT0562', 'TT0563', 'TT0566', 'TT0567', 'TT0568', 'TT0571', 'TT0577', 'TT0578', 'TT0581', 'TT0582', 'TT0583', 'TT0593', 'TT0596', 'TT0597', 'TT0598', 'TT0609', 'TT0610', 'TT0614', 'TT0615', 'TT0624', 'TT0625', 'TT0629', 'TT0630', 'TT0639', 'TT0644', 'TT0645', 'TT0659', 'TT0660', 'TT0664', 'TT0669', 'TT0674', 'TT0675', 'TT0686', 'TT0691', 'TT0692', 'TT0693', 'TT0707', 'TT0708', 'TT0711', 'TT0712', 'TT0721', 'TT0722', 'TT0723', 'TT0726', 'TT0727', 'TT0728', 'TT0737', 'TT0738', 'TT0741', 'TT0742', 'TT0743', 'TT0753', 'TT0756', 'TT0757', 'TT0758', 'TT0769', 'TT0770', 'TT0774', 'TT0775', 'TT0779', 'TT0784', 'TT0785', 'TT0789', 'TT0790', 'TT0794', 'TT0799', 'TT0804', 'TT0805', 'TT0820', 'TT0829', 'TT0851', 'TT0852', 'TT0853', 'TT0856', 'TT0861', 'TT0867', 'TT0868', 'TT0871', 'TT0872', 'TT0881', 'TT0882', 'TT0883', 'TT0886', 'TT0887', 'TT0888', 'TT0897', 'TT0898', 'TT0901', 'TT0902', 'TT0903', 'TT0906', 'TT0913', 'TT0916', 'TT0917', 'TT0918', 'TT0929', 'TT0930', 'TT0933', 'TT0934', 'TT0935', 'TT0945', 'TT0949', 'TT0950', 'TT0954', 'TT0959', 'TT0964', 'TT0965', 'TT0979', 'TT0980', 'TT0989', 'TT0994', 'TT0997', 'TT0998', 'TT1011', 'TT1012', 'TT1013', 'TT1016', 'TT1026', 'TT1027', 'TT1028', 'TT1031', 'TT1032', 'TT1041', 'TT1042', 'TT1043', 'TT1047', 'TT1048', 'TT1057', 'TT1058', 'TT1061', 'TT1062', 'TT1073', 'TT1076', 'TT1077', 'TT1089', 'TT1090', 'TT1094', 'TT1095', 'TT1105', 'TT1109', 'TT1110', 'TT1114', 'TT1118', 'TT1123', 'TT1124', 'TT1125', 'TT1139', 'TT1140', 'TT1149', 'TT1156', 'TT1157', 'TT1171', 'TT1172', 'TT1173', 'TT1176', 'TT1186', 'TT1187', 'TT1188', 'TT1191', 'TT1192', 'TT1201', 'TT1202', 'TT1207', 'TT1208', 'TT1217', 'TT1221', 'TT1222', 'TT1223', 'TT1236', 'TT1249', 'TT1250', 'TT1254', 'TT1255', 'TT1265', 'TT1269', 'TT1270', 'TT1273', 'TT1278', 'TT1283', 'TT1284', 'TT1285', 'TT1288', 'TT1293', 'TT1298', 'TT1299', 'TT1300', 'TT1303', 'TT1304', 'TT1308', 'TT1309', 'TT1316', 'TT1317', 'TT1331', 'TT1332', 'TT1336', 'TT1346', 'TT1347', 'TT1351', 'TT1352', 'TT1361', 'TT1362', 'TT1367', 'TT1381', 'TT1382', 'TT1396', 'TT1397', 'TT1409', 'TT1410', 'TT1414', 'TT1415', 'TT1423', 'TT1425', 'TT1428', 'TT1429', 'TT1430', 'TT1433', 'TT1438', 'TT1443', 'TT1444', 'TT1445', 'TT1448', 'TT1453', 'TT1458', 'TT1459', 'TT1460', 'TT1467', 'TT1468', 'TT1469', 'TT1472', 'TT1476', 'TT1477', 'TT1491', 'TT1492', 'TT1496', 'TT1506', 'TT1507', 'TT1512', 'TT1521', 'TT1522', 'TT1526', 'TT1527', 'TT1537', 'TT1541', 'TT1542', 'TT1556', 'TT1557', 'TT1569', 'TT1570', 'TT1574', 'TT1575', 'TT1583', 'TT1585', 'TT1588', 'TT1589', 'TT1590', 'TT1593', 'TT1598', 'TT1603', 'TT1604', 'TT1605', 'TT1608', 'TT1613', 'TT1618', 'TT1620', 'TT1624', 'TT1628', 'TT1629', 'TT1636', 'TT1651', 'TT1652', 'TT1656', 'TT1666', 'TT1667', 'TT1671', 'TT1672', 'TT1681', 'TT1682', 'TT1687', 'TT1702', 'TT1716', 'TT1729', 'TT1730', 'TT1733', 'TT1734', 'TT1735', 'TT1742', 'TT1743', 'TT1745', 'TT1748', 'TT1749', 'TT1750', 'TT1753', 'TT1757', 'TT1758', 'TT1762', 'TT1763', 'TT1764', 'TT1765', 'TT1767', 'TT1768', 'TT1779', 'TT1780', 'TT1784', 'TT1788', 'TT1796', 'TT1811', 'TT1812', 'TT1816', 'TT1826', 'TT1827', 'TT1831', 'TT1841', 'TT1846', 'TT1861', 'TT1862', 'TT1876', 'TT1889', 'TT1890', 'TT1893', 'TT1894', 'TT1895', 'TT1903', 'TT1905', 'TT1908', 'TT1909', 'TT1910', 'TT1912', 'TT1913', 'TT1917', 'TT1918', 'TT1921', 'TT1922', 'TT1923', 'TT1924', 'TT1925', 'TT1928', 'TT1940', 'TT1944', 'TT1971', 'TT1972', 'TT1976', 'TT1991']",0.2335,,0.8795,HEURISTIC_NOT_FOUND,6612.914754,sw0259,sw0261,l_sw0259_sw0261,467,True,True,467,l_sw0259_sw0261,2,Q3,S7,True,deterministic evenly spaced within affected-count quantile
6,"['TT0042', 'TT0199', 'TT0359', 'TT0519', 'TT1161', 'TT1473']",0.003,,0.999,HEURISTIC_NOT_FOUND,6777.651055,sw0260,sw0261,l_sw0260_sw0261,6,True,True,6,l_sw0260_sw0261,1,Q2,S7,True,deterministic evenly spaced within affected-count quantile
470,"['TT0001', 'TT0003', 'TT0004', 'TT0005', 'TT0019', 'TT0020', 'TT0034', 'TT0035', 'TT0039', 'TT0042', 'TT0043', 'TT0051', 'TT0052', 'TT0066', 'TT0068', 'TT0071', 'TT0081', 'TT0082', 'TT0086', 'TT0098', 'TT0101', 'TT0102', 'TT0103', 'TT0113', 'TT0117', 'TT0118', 'TT0126', 'TT0129', 'TT0130', 'TT0134', 'TT0135', 'TT0142', 'TT0145', 'TT0147', 'TT0149', 'TT0150', 'TT0164', 'TT0165', 'TT0179', 'TT0180', 'TT0194', 'TT0195', 'TT0199', 'TT0211', 'TT0212', 'TT0213', 'TT0216', 'TT0226', 'TT0227', 'TT0228', 'TT0231', 'TT0232', 'TT0241', 'TT0242', 'TT0243', 'TT0246', 'TT0247', 'TT0257', 'TT0258', 'TT0261', 'TT0262', 'TT0263', 'TT0273', 'TT0276', 'TT0277', 'TT0278', 'TT0289', 'TT0290', 'TT0294', 'TT0295', 'TT0305', 'TT0309', 'TT0310', 'TT0324', 'TT0325', 'TT0339', 'TT0340', 'TT0354', 'TT0355', 'TT0359', 'TT0366', 'TT0371', 'TT0372', 'TT0373', 'TT0376', 'TT0386', 'TT0387', 'TT0388', 'TT0391', 'TT0392', 'TT0401', 'TT0402', 'TT0403', 'TT0406', 'TT0407', 'TT0408', 'TT0417', 'TT0418', 'TT0421', 'TT0422', 'TT0423', 'TT0433', 'TT0436', 'TT0437', 'TT0438', 'TT0449', 'TT0450', 'TT0454', 'TT0455', 'TT0464', 'TT0465', 'TT0469', 'TT0470', 'TT0484', 'TT0485', 'TT0489', 'TT0499', 'TT0500', 'TT0509', 'TT0514', 'TT0515', 'TT0519', 'TT0526', 'TT0532', 'TT0533', 'TT0547', 'TT0548', 'TT0551', 'TT0552', 'TT0562', 'TT0563', 'TT0566', 'TT0567', 'TT0568', 'TT0571', 'TT0577', 'TT0578', 'TT0581', 'TT0582', 'TT0583', 'TT0593', 'TT0596', 'TT0597', 'TT0598', 'TT0609', 'TT0610', 'TT0614', 'TT0615', 'TT0624', 'TT0625', 'TT0629', 'TT0630', 'TT0639', 'TT0644', 'TT0645', 'TT0659', 'TT0660', 'TT0664', 'TT0669', 'TT0674', 'TT0675', 'TT0679', 'TT0686', 'TT0691', 'TT0692', 'TT0693', 'TT0707', 'TT0708', 'TT0711', 'TT0712', 'TT0721', 'TT0722', 'TT0723', 'TT0726', 'TT0727', 'TT0728', 'TT0737', 'TT0738', 'TT0741', 'TT0742', 'TT0743', 'TT0753', 'TT0756', 'TT0757', 'TT0758', 'TT0769', 'TT0770', 'TT0774', 'TT0775', 'TT0779', 'TT0784', 'TT0785', 'TT0789', 'TT0790', 'TT0794', 'TT0799', 'TT0804', 'TT0805', 'TT0820', 'TT0829', 'TT0851', 'TT0852', 'TT0853', 'TT0856', 'TT0861', 'TT0867', 'TT0868', 'TT0871', 'TT0872', 'TT0881', 'TT0882', 'TT0883', 'TT0886', 'TT0887', 'TT0888', 'TT0897', 'TT0898', 'TT0901', 'TT0902', 'TT0903', 'TT0906', 'TT0913', 'TT0916', 'TT0917', 'TT0918', 'TT0929', 'TT0930', 'TT0933', 'TT0934', 'TT0935', 'TT0945', 'TT0949', 'TT0950', 'TT0954', 'TT0959', 'TT0964', 'TT0965', 'TT0979', 'TT0980', 'TT0989', 'TT0994', 'TT1011', 'TT1012', 'TT1013', 'TT1016', 'TT1026', 'TT1027', 'TT1028', 'TT1031', 'TT1032', 'TT1041', 'TT1042', 'TT1043', 'TT1047', 'TT1048', 'TT1057', 'TT1058', 'TT1061', 'TT1062', 'TT1073', 'TT1076', 'TT1077', 'TT1089', 'TT1090', 'TT1094', 'TT1095', 'TT1105', 'TT1109', 'TT1110', 'TT1114', 'TT1118', 'TT1123', 'TT1124', 'TT1125', 'TT1139', 'TT1140', 'TT1149', 'TT1161', 'TT1171', 'TT1172', 'TT1173', 'TT1176', 'TT1186', 'TT1187', 'TT1188', 'TT1191', 'TT1192', 'TT1201', 'TT1202', 'TT1207', 'TT1208', 'TT1217', 'TT1221', 'TT1222', 'TT1223', 'TT1236', 'TT1249', 'TT1250', 'TT1254', 'TT1255', 'TT1265', 'TT1269', 'TT1270', 'TT1273', 'TT1278', 'TT1283', 'TT1284', 'TT1285', 'TT1288', 'TT1293', 'TT1298', 'TT1299', 'TT1300', 'TT1303', 'TT1304', 'TT1308', 'TT1309', 'TT1317', 'TT1331', 'TT1332', 'TT1336', 'TT1346', 'TT1347', 'TT1351', 'TT1352', 'TT1361', 'TT1362', 'TT1367', 'TT1381', 'TT1382', 'TT1396', 'TT1397', 'TT1409', 'TT1410', 'TT1414', 'TT1415', 'TT1423', 'TT1425', 'TT1428', 'TT1429', 'TT1430', 'TT1433', 'TT1438', 'TT1443', 'TT1444', 'TT1445', 'TT1448', 'TT1453', 'TT1458', 'TT1459', 'TT1460', 'TT1467', 'TT1468', 'TT1469', 'TT1472', 'TT1476', 'TT1477', 'TT1491', 'TT1492', 'TT1496', 'TT1506', 'TT1507', 'TT1512', 'TT1521', 'TT1522', 'TT1526', 'TT1527', 'TT1537', 'TT1541', 'TT1542', 'TT1556', 'TT1557', 'TT1569', 'TT1570', 'TT1574', 'TT1575', 'TT1583', 'TT1585', 'TT1588', 'TT1589', 'TT1590', 'TT1593', 'TT1598', 'TT1603', 'TT1604', 'TT1605', 'TT1608', 'TT1613', 'TT1618', 'TT1620', 'TT1624', 'TT1628', 'TT1629', 'TT1636', 'TT1651', 'TT1652', 'TT1656', 'TT1666', 'TT1667', 'TT1671', 'TT1672', 'TT1681', 'TT1682', 'TT1687', 'TT1702', 'TT1716', 'TT1729', 'TT1730', 'TT1733', 'TT1734', 'TT1735', 'TT1742', 'TT1743', 'TT1745', 'TT1748', 'TT1749', 'TT1750', 'TT1753', 'TT1757', 'TT1758', 'TT1762', 'TT1763', 'TT1764', 'TT1765', 'TT1767', 'TT1768', 'TT1779', 'TT1780', 'TT1784', 'TT1788', 'TT1796', 'TT1811', 'TT1812', 'TT1816', 'TT1826', 'TT1827', 'TT1831', 'TT1841', 'TT1846', 'TT1861', 'TT1862', 'TT1876', 'TT1889', 'TT1890', 'TT1893', 'TT1894', 'TT1895', 'TT1903', 'TT1905', 'TT1908', 'TT1909', 'TT1910', 'TT1912', 'TT1913', 'TT1917', 'TT1918', 'TT1921', 'TT1922', 'TT1923', 'TT1924', 'TT1925', 'TT1928', 'TT1940', 'TT1944', 'TT1946', 'TT1951', 'TT1971', 'TT1972', 'TT1976', 'TT1991']",0.235,,0.8885,HEURISTIC_NOT_FOUND,6598.258796,sw0263,sw0265,l_sw0263_sw0265,470,True,True,470,l_sw0263_sw0265,2,Q3,S7,True,deterministic evenly spaced within affected-count quantile
483,"['TT0001', 'TT0003', 'TT0004', 'TT0005', 'TT0008', 'TT0019', 'TT0020', 'TT0034', 'TT0035', 'TT0039', 'TT0042', 'TT0043', 'TT0048', 'TT0049', 'TT0050', 'TT0053', 'TT0054', 'TT0066', 'TT0068', 'TT0071', 'TT0081', 'TT0082', 'TT0086', 'TT0098', 'TT0101', 'TT0102', 'TT0103', 'TT0113', 'TT0117', 'TT0118', 'TT0132', 'TT0133', 'TT0142', 'TT0145', 'TT0147', 'TT0149', 'TT0150', 'TT0164', 'TT0165', 'TT0179', 'TT0180', 'TT0194', 'TT0195', 'TT0199', 'TT0209', 'TT0210', 'TT0216', 'TT0226', 'TT0227', 'TT0228', 'TT0231', 'TT0232', 'TT0241', 'TT0242', 'TT0243', 'TT0246', 'TT0247', 'TT0257', 'TT0258', 'TT0261', 'TT0262', 'TT0263', 'TT0273', 'TT0276', 'TT0277', 'TT0278', 'TT0291', 'TT0292', 'TT0293', 'TT0305', 'TT0309', 'TT0310', 'TT0324', 'TT0325', 'TT0339', 'TT0340', 'TT0354', 'TT0355', 'TT0359', 'TT0370', 'TT0373', 'TT0376', 'TT0386', 'TT0387', 'TT0388', 'TT0391', 'TT0392', 'TT0401', 'TT0402', 'TT0403', 'TT0406', 'TT0407', 'TT0408', 'TT0417', 'TT0418', 'TT0421', 'TT0422', 'TT0423', 'TT0433', 'TT0436', 'TT0437', 'TT0438', 'TT0451', 'TT0452', 'TT0453', 'TT0464', 'TT0465', 'TT0469', 'TT0470', 'TT0484', 'TT0485', 'TT0489', 'TT0499', 'TT0500', 'TT0509', 'TT0514', 'TT0515', 'TT0519', 'TT0525', 'TT0529', 'TT0530', 'TT0531', 'TT0532', 'TT0547', 'TT0548', 'TT0551', 'TT0552', 'TT0562', 'TT0563', 'TT0566', 'TT0567', 'TT0568', 'TT0571', 'TT0577', 'TT0578', 'TT0581', 'TT0582', 'TT0583', 'TT0593', 'TT0596', 'TT0597', 'TT0598', 'TT0611', 'TT0612', 'TT0613', 'TT0624', 'TT0625', 'TT0629', 'TT0630', 'TT0639', 'TT0644', 'TT0645', 'TT0659', 'TT0660', 'TT0664', 'TT0669', 'TT0674', 'TT0675', 'TT0685', 'TT0689', 'TT0690', 'TT0691', 'TT0692', 'TT0707', 'TT0708', 'TT0711', 'TT0712', 'TT0721', 'TT0722', 'TT0723', 'TT0726', 'TT0727', 'TT0728', 'TT0737', 'TT0738', 'TT0741', 'TT0742', 'TT0743', 'TT0753', 'TT0756', 'TT0757', 'TT0758', 'TT0771', 'TT0772', 'TT0773', 'TT0779', 'TT0784', 'TT0785', 'TT0789', 'TT0790', 'TT0794', 'TT0799', 'TT0804', 'TT0805', 'TT0820', 'TT0829', 'TT0835', 'TT0844', 'TT0845', 'TT0849', 'TT0852', 'TT0853', 'TT0856', 'TT0861', 'TT0867', 'TT0868', 'TT0871', 'TT0872', 'TT0881', 'TT0882', 'TT0883', 'TT0886', 'TT0887', 'TT0888', 'TT0897', 'TT0898', 'TT0901', 'TT0902', 'TT0903', 'TT0906', 'TT0913', 'TT0916', 'TT0917', 'TT0918', 'TT0931', 'TT0932', 'TT0945', 'TT0949', 'TT0950', 'TT0954', 'TT0959', 'TT0964', 'TT0965', 'TT0979', 'TT0980', 'TT0989', 'TT0995', 'TT1005', 'TT1011', 'TT1012', 'TT1013', 'TT1016', 'TT1026', 'TT1027', 'TT1028', 'TT1031', 'TT1032', 'TT1041', 'TT1042', 'TT1043', 'TT1047', 'TT1048', 'TT1057', 'TT1058', 'TT1061', 'TT1062', 'TT1073', 'TT1076', 'TT1077', 'TT1091', 'TT1092', 'TT1093', 'TT1105', 'TT1109', 'TT1110', 'TT1114', 'TT1118', 'TT1123', 'TT1124', 'TT1125', 'TT1139', 'TT1140', 'TT1149', 'TT1154', 'TT1155', 'TT1165', 'TT1168', 'TT1171', 'TT1172', 'TT1173', 'TT1176', 'TT1186', 'TT1187', 'TT1188', 'TT1191', 'TT1192', 'TT1201', 'TT1202', 'TT1207', 'TT1208', 'TT1217', 'TT1221', 'TT1222', 'TT1223', 'TT1236', 'TT1246', 'TT1251', 'TT1252', 'TT1253', 'TT1265', 'TT1269', 'TT1270', 'TT1273', 'TT1278', 'TT1283', 'TT1284', 'TT1285', 'TT1288', 'TT1293', 'TT1298', 'TT1299', 'TT1300', 'TT1303', 'TT1304', 'TT1309', 'TT1314', 'TT1315', 'TT1320', 'TT1324', 'TT1325', 'TT1327', 'TT1331', 'TT1332', 'TT1336', 'TT1346', 'TT1347', 'TT1351', 'TT1352', 'TT1361', 'TT1362', 'TT1367', 'TT1381', 'TT1382', 'TT1396', 'TT1397', 'TT1406', 'TT1411', 'TT1412', 'TT1423', 'TT1425', 'TT1428', 'TT1429', 'TT1430', 'TT1433', 'TT1438', 'TT1443', 'TT1444', 'TT1445', 'TT1448', 'TT1453', 'TT1458', 'TT1459', 'TT1460', 'TT1467', 'TT1469', 'TT1472', 'TT1474', 'TT1475', 'TT1479', 'TT1480', 'TT1484', 'TT1485', 'TT1486', 'TT1491', 'TT1492', 'TT1496', 'TT1506', 'TT1507', 'TT1512', 'TT1521', 'TT1522', 'TT1526', 'TT1527', 'TT1537', 'TT1541', 'TT1542', 'TT1556', 'TT1557', 'TT1571', 'TT1572', 'TT1583', 'TT1585', 'TT1588', 'TT1589', 'TT1590', 'TT1593', 'TT1598', 'TT1603', 'TT1604', 'TT1605', 'TT1608', 'TT1613', 'TT1618', 'TT1620', 'TT1624', 'TT1629', 'TT1634', 'TT1635', 'TT1639', 'TT1640', 'TT1642', 'TT1643', 'TT1644', 'TT1651', 'TT1652', 'TT1656', 'TT1666', 'TT1667', 'TT1671', 'TT1672', 'TT1681', 'TT1682', 'TT1687', 'TT1702', 'TT1716', 'TT1731', 'TT1732', 'TT1742', 'TT1743', 'TT1745', 'TT1748', 'TT1749', 'TT1750', 'TT1753', 'TT1757', 'TT1758', 'TT1762', 'TT1763', 'TT1764', 'TT1765', 'TT1767', 'TT1768', 'TT1779', 'TT1780', 'TT1784', 'TT1794', 'TT1795', 'TT1799', 'TT1800', 'TT1802', 'TT1803', 'TT1811', 'TT1812', 'TT1816', 'TT1826', 'TT1827', 'TT1831', 'TT1841', 'TT1846', 'TT1861', 'TT1862', 'TT1876', 'TT1891', 'TT1892', 'TT1903', 'TT1905', 'TT1908', 'TT1909', 'TT1910', 'TT1912', 'TT1913', 'TT1917', 'TT1918', 'TT1921', 'TT1922', 'TT1923', 'TT1924', 'TT1925', 'TT1928', 'TT1940', 'TT1944', 'TT1946', 'TT1951', 'TT1954', 'TT1955', 'TT1956', 'TT1959', 'TT1960', 'TT1962', 'TT1971', 'TT1972', 'TT1976', 'TT1991']",0.2415,,0.875,HEURISTIC_NOT_FOUND,6543.480567,sw0285,sw0287,l_sw0285_sw0287,483,True,True,483,l_sw0285_sw0287,3,Q4,S7,True,deterministic evenly spaced within affected-count quantile
4,"['TT0374', 'TT0531', 'TT0779', 'TT0853']",0.002,,0.999,HEURISTIC_NOT_FOUND,6780.003361,sw0293,sw0294,l_sw0293_sw0294,4,True,True,4,l_sw0293_sw0294,0,Q1,S7,True,deterministic evenly spaced within affected-count quantile
479,"['TT0001', 'TT0003', 'TT0004', 'TT0005', 'TT0008', 'TT0019', 'TT0020', 'TT0024', 'TT0032', 'TT0034', 'TT0035', 'TT0039', 'TT0042', 'TT0043', 'TT0048', 'TT0049', 'TT0050', 'TT0053', 'TT0054', 'TT0055', 'TT0064', 'TT0065', 'TT0067', 'TT0069', 'TT0070', 'TT0072', 'TT0081', 'TT0082', 'TT0086', 'TT0098', 'TT0101', 'TT0102', 'TT0103', 'TT0113', 'TT0117', 'TT0118', 'TT0132', 'TT0133', 'TT0136', 'TT0146', 'TT0148', 'TT0151', 'TT0152', 'TT0164', 'TT0165', 'TT0179', 'TT0180', 'TT0184', 'TT0194', 'TT0195', 'TT0199', 'TT0209', 'TT0210', 'TT0214', 'TT0215', 'TT0224', 'TT0225', 'TT0229', 'TT0230', 'TT0241', 'TT0242', 'TT0243', 'TT0246', 'TT0247', 'TT0257', 'TT0258', 'TT0261', 'TT0262', 'TT0263', 'TT0273', 'TT0276', 'TT0277', 'TT0278', 'TT0291', 'TT0292', 'TT0293', 'TT0296', 'TT0306', 'TT0307', 'TT0308', 'TT0311', 'TT0312', 'TT0324', 'TT0325', 'TT0339', 'TT0340', 'TT0344', 'TT0354', 'TT0355', 'TT0359', 'TT0370', 'TT0375', 'TT0384', 'TT0385', 'TT0389', 'TT0390', 'TT0401', 'TT0402', 'TT0403', 'TT0406', 'TT0407', 'TT0408', 'TT0417', 'TT0418', 'TT0421', 'TT0422', 'TT0423', 'TT0433', 'TT0436', 'TT0437', 'TT0438', 'TT0451', 'TT0452', 'TT0453', 'TT0456', 'TT0466', 'TT0467', 'TT0468', 'TT0471', 'TT0472', 'TT0484', 'TT0485', 'TT0489', 'TT0499', 'TT0500', 'TT0504', 'TT0514', 'TT0515', 'TT0519', 'TT0529', 'TT0530', 'TT0534', 'TT0535', 'TT0539', 'TT0544', 'TT0545', 'TT0550', 'TT0562', 'TT0563', 'TT0566', 'TT0567', 'TT0568', 'TT0571', 'TT0577', 'TT0578', 'TT0581', 'TT0582', 'TT0583', 'TT0593', 'TT0596', 'TT0597', 'TT0598', 'TT0611', 'TT0612', 'TT0613', 'TT0616', 'TT0626', 'TT0627', 'TT0628', 'TT0631', 'TT0632', 'TT0639', 'TT0644', 'TT0645', 'TT0659', 'TT0660', 'TT0674', 'TT0675', 'TT0689', 'TT0690', 'TT0694', 'TT0695', 'TT0699', 'TT0705', 'TT0710', 'TT0721', 'TT0722', 'TT0723', 'TT0726', 'TT0727', 'TT0728', 'TT0737', 'TT0738', 'TT0741', 'TT0742', 'TT0743', 'TT0753', 'TT0756', 'TT0757', 'TT0758', 'TT0771', 'TT0772', 'TT0773', 'TT0776', 'TT0786', 'TT0787', 'TT0788', 'TT0791', 'TT0792', 'TT0799', 'TT0804', 'TT0805', 'TT0820', 'TT0824', 'TT0835', 'TT0844', 'TT0849', 'TT0850', 'TT0854', 'TT0855', 'TT0864', 'TT0865', 'TT0881', 'TT0882', 'TT0883', 'TT0886', 'TT0887', 'TT0888', 'TT0897', 'TT0898', 'TT0901', 'TT0902', 'TT0903', 'TT0906', 'TT0913', 'TT0916', 'TT0917', 'TT0918', 'TT0931', 'TT0932', 'TT0936', 'TT0946', 'TT0947', 'TT0948', 'TT0951', 'TT0952', 'TT0959', 'TT0964', 'TT0965', 'TT0979', 'TT0980', 'TT0984', 'TT0995', 'TT1009', 'TT1010', 'TT1014', 'TT1024', 'TT1025', 'TT1032', 'TT1041', 'TT1042', 'TT1043', 'TT1047', 'TT1048', 'TT1057', 'TT1058', 'TT1061', 'TT1062', 'TT1073', 'TT1076', 'TT1077', 'TT1091', 'TT1092', 'TT1093', 'TT1096', 'TT1106', 'TT1107', 'TT1108', 'TT1111', 'TT1112', 'TT1118', 'TT1123', 'TT1124', 'TT1125', 'TT1139', 'TT1140', 'TT1144', 'TT1154', 'TT1155', 'TT1169', 'TT1170', 'TT1174', 'TT1184', 'TT1185', 'TT1191', 'TT1192', 'TT1193', 'TT1201', 'TT1202', 'TT1207', 'TT1208', 'TT1217', 'TT1221', 'TT1222', 'TT1223', 'TT1236', 'TT1246', 'TT1251', 'TT1252', 'TT1253', 'TT1256', 'TT1266', 'TT1267', 'TT1271', 'TT1272', 'TT1278', 'TT1283', 'TT1284', 'TT1285', 'TT1288', 'TT1293', 'TT1298', 'TT1299', 'TT1300', 'TT1304', 'TT1314', 'TT1315', 'TT1320', 'TT1329', 'TT1330', 'TT1333', 'TT1334', 'TT1340', 'TT1345', 'TT1351', 'TT1352', 'TT1361', 'TT1362', 'TT1367', 'TT1381', 'TT1382', 'TT1396', 'TT1397', 'TT1406', 'TT1411', 'TT1412', 'TT1416', 'TT1426', 'TT1427', 'TT1431', 'TT1432', 'TT1438', 'TT1443', 'TT1444', 'TT1445', 'TT1448', 'TT1453', 'TT1458', 'TT1459', 'TT1460', 'TT1467', 'TT1472', 'TT1474', 'TT1475', 'TT1479', 'TT1480', 'TT1489', 'TT1490', 'TT1493', 'TT1494', 'TT1495', 'TT1500', 'TT1505', 'TT1512', 'TT1521', 'TT1522', 'TT1526', 'TT1527', 'TT1537', 'TT1541', 'TT1542', 'TT1556', 'TT1557', 'TT1571', 'TT1572', 'TT1576', 'TT1586', 'TT1587', 'TT1591', 'TT1592', 'TT1598', 'TT1603', 'TT1604', 'TT1605', 'TT1608', 'TT1613', 'TT1618', 'TT1620', 'TT1624', 'TT1634', 'TT1635', 'TT1637', 'TT1639', 'TT1640', 'TT1649', 'TT1650', 'TT1654', 'TT1655', 'TT1659', 'TT1660', 'TT1663', 'TT1665', 'TT1671', 'TT1672', 'TT1681', 'TT1682', 'TT1687', 'TT1702', 'TT1716', 'TT1731', 'TT1732', 'TT1736', 'TT1746', 'TT1747', 'TT1751', 'TT1752', 'TT1758', 'TT1762', 'TT1763', 'TT1764', 'TT1765', 'TT1767', 'TT1768', 'TT1779', 'TT1780', 'TT1784', 'TT1794', 'TT1795', 'TT1799', 'TT1800', 'TT1809', 'TT1810', 'TT1813', 'TT1814', 'TT1815', 'TT1818', 'TT1819', 'TT1820', 'TT1822', 'TT1823', 'TT1826', 'TT1831', 'TT1841', 'TT1846', 'TT1861', 'TT1862', 'TT1876', 'TT1891', 'TT1892', 'TT1896', 'TT1906', 'TT1907', 'TT1911', 'TT1918', 'TT1921', 'TT1922', 'TT1923', 'TT1924', 'TT1925', 'TT1928', 'TT1940', 'TT1944', 'TT1946', 'TT1951', 'TT1954', 'TT1955', 'TT1956', 'TT1959', 'TT1960', 'TT1967', 'TT1968', 'TT1969', 'TT1970', 'TT1973', 'TT1974', 'TT1975', 'TT1979', 'TT1983', 'TT1991']",0.2395,,0.8845,HEURISTIC_NOT_FOUND,6582.7868,sw0331,sw0333,l_sw0331_sw0333,479,True,True,479,l_sw0331_sw0333,3,Q4,S7,True,deterministic evenly spaced within affected-count quantile
11,"['TT0077', 'TT0531', 'TT0536', 'TT0541', 'TT0696', 'TT0701', 'TT0870', 'TT1030', 'TT1190', 'TT1825', 'TT1985']",0.0055,,0.9915,HEURISTIC_NOT_FOUND,6919.941061,sw0334,sw0335,l_sw0334_sw0335,11,True,True,11,l_sw0334_sw0335,2,Q3,S7,True,deterministic evenly spaced within affected-count quantile
503,"['TT0009', 'TT0010', 'TT0013', 'TT0014', 'TT0015', 'TT0025', 'TT0027', 'TT0029', 'TT0030', 'TT0037', 'TT0040', 'TT0044', 'TT0045', 'TT0046', 'TT0056', 'TT0059', 'TT0060', 'TT0074', 'TT0075', 'TT0091', 'TT0092', 'TT0096', 'TT0106', 'TT0112', 'TT0121', 'TT0122', 'TT0123', 'TT0127', 'TT0128', 'TT0137', 'TT0138', 'TT0141', 'TT0143', 'TT0156', 'TT0157', 'TT0158', 'TT0160', 'TT0169', 'TT0170', 'TT0174', 'TT0175', 'TT0185', 'TT0189', 'TT0190', 'TT0200', 'TT0204', 'TT0205', 'TT0219', 'TT0220', 'TT0234', 'TT0235', 'TT0251', 'TT0252', 'TT0253', 'TT0256', 'TT0266', 'TT0267', 'TT0268', 'TT0271', 'TT0272', 'TT0281', 'TT0282', 'TT0283', 'TT0286', 'TT0287', 'TT0297', 'TT0298', 'TT0301', 'TT0302', 'TT0303', 'TT0313', 'TT0316', 'TT0317', 'TT0318', 'TT0320', 'TT0329', 'TT0330', 'TT0334', 'TT0335', 'TT0345', 'TT0349', 'TT0350', 'TT0360', 'TT0364', 'TT0365', 'TT0369', 'TT0374', 'TT0379', 'TT0380', 'TT0394', 'TT0395', 'TT0397', 'TT0411', 'TT0412', 'TT0413', 'TT0416', 'TT0426', 'TT0427', 'TT0428', 'TT0431', 'TT0432', 'TT0441', 'TT0442', 'TT0443', 'TT0446', 'TT0447', 'TT0448', 'TT0457', 'TT0458', 'TT0461', 'TT0462', 'TT0463', 'TT0473', 'TT0476', 'TT0477', 'TT0478', 'TT0480', 'TT0490', 'TT0494', 'TT0495', 'TT0505', 'TT0509', 'TT0510', 'TT0520', 'TT0524', 'TT0525', 'TT0540', 'TT0549', 'TT0554', 'TT0555', 'TT0556', 'TT0558', 'TT0561', 'TT0572', 'TT0573', 'TT0576', 'TT0586', 'TT0587', 'TT0588', 'TT0591', 'TT0592', 'TT0601', 'TT0602', 'TT0603', 'TT0606', 'TT0607', 'TT0617', 'TT0618', 'TT0621', 'TT0622', 'TT0623', 'TT0633', 'TT0636', 'TT0637', 'TT0638', 'TT0640', 'TT0649', 'TT0650', 'TT0654', 'TT0655', 'TT0664', 'TT0665', 'TT0669', 'TT0670', 'TT0679', 'TT0680', 'TT0684', 'TT0685', 'TT0700', 'TT0704', 'TT0709', 'TT0714', 'TT0716', 'TT0718', 'TT0731', 'TT0732', 'TT0733', 'TT0736', 'TT0746', 'TT0747', 'TT0748', 'TT0751', 'TT0752', 'TT0761', 'TT0762', 'TT0763', 'TT0766', 'TT0767', 'TT0768', 'TT0777', 'TT0778', 'TT0781', 'TT0782', 'TT0783', 'TT0793', 'TT0796', 'TT0797', 'TT0798', 'TT0800', 'TT0809', 'TT0810', 'TT0814', 'TT0815', 'TT0819', 'TT0825', 'TT0829', 'TT0830', 'TT0834', 'TT0839', 'TT0840', 'TT0845', 'TT0859', 'TT0860', 'TT0869', 'TT0876', 'TT0877', 'TT0878', 'TT0891', 'TT0892', 'TT0893', 'TT0896', 'TT0907', 'TT0908', 'TT0911', 'TT0912', 'TT0921', 'TT0922', 'TT0926', 'TT0927', 'TT0928', 'TT0937', 'TT0938', 'TT0941', 'TT0942', 'TT0943', 'TT0953', 'TT0956', 'TT0957', 'TT0958', 'TT0960', 'TT0969', 'TT0970', 'TT0974', 'TT0975', 'TT0985', 'TT0989', 'TT0990', 'TT0994', 'TT0999', 'TT1000', 'TT1004', 'TT1005', 'TT1015', 'TT1019', 'TT1020', 'TT1029', 'TT1033', 'TT1036', 'TT1037', 'TT1038', 'TT1046', 'TT1051', 'TT1052', 'TT1053', 'TT1056', 'TT1066', 'TT1067', 'TT1068', 'TT1071', 'TT1072', 'TT1081', 'TT1082', 'TT1086', 'TT1087', 'TT1088', 'TT1097', 'TT1098', 'TT1101', 'TT1102', 'TT1103', 'TT1113', 'TT1116', 'TT1117', 'TT1120', 'TT1129', 'TT1130', 'TT1134', 'TT1135', 'TT1145', 'TT1149', 'TT1150', 'TT1158', 'TT1159', 'TT1160', 'TT1163', 'TT1164', 'TT1165', 'TT1175', 'TT1179', 'TT1180', 'TT1189', 'TT1192', 'TT1196', 'TT1197', 'TT1198', 'TT1206', 'TT1211', 'TT1212', 'TT1213', 'TT1216', 'TT1226', 'TT1227', 'TT1231', 'TT1232', 'TT1241', 'TT1242', 'TT1247', 'TT1248', 'TT1257', 'TT1258', 'TT1262', 'TT1263', 'TT1276', 'TT1277', 'TT1280', 'TT1289', 'TT1290', 'TT1294', 'TT1295', 'TT1303', 'TT1305', 'TT1308', 'TT1309', 'TT1310', 'TT1313', 'TT1318', 'TT1319', 'TT1323', 'TT1324', 'TT1325', 'TT1335', 'TT1338', 'TT1339', 'TT1344', 'TT1348', 'TT1349', 'TT1350', 'TT1351', 'TT1356', 'TT1357', 'TT1366', 'TT1371', 'TT1372', 'TT1373', 'TT1376', 'TT1386', 'TT1387', 'TT1391', 'TT1392', 'TT1401', 'TT1402', 'TT1407', 'TT1417', 'TT1421', 'TT1422', 'TT1436', 'TT1437', 'TT1440', 'TT1449', 'TT1450', 'TT1454', 'TT1455', 'TT1463', 'TT1464', 'TT1465', 'TT1468', 'TT1469', 'TT1470', 'TT1473', 'TT1478', 'TT1483', 'TT1484', 'TT1485', 'TT1488', 'TT1498', 'TT1499', 'TT1503', 'TT1504', 'TT1508', 'TT1509', 'TT1516', 'TT1517', 'TT1531', 'TT1532', 'TT1536', 'TT1546', 'TT1547', 'TT1551', 'TT1552', 'TT1561', 'TT1562', 'TT1566', 'TT1567', 'TT1581', 'TT1582', 'TT1596', 'TT1597', 'TT1600', 'TT1609', 'TT1610', 'TT1614', 'TT1615', 'TT1619', 'TT1623', 'TT1625', 'TT1628', 'TT1629', 'TT1630', 'TT1633', 'TT1638', 'TT1642', 'TT1643', 'TT1644', 'TT1645', 'TT1647', 'TT1653', 'TT1658', 'TT1659', 'TT1664', 'TT1668', 'TT1676', 'TT1677', 'TT1691', 'TT1696', 'TT1706', 'TT1707', 'TT1711', 'TT1712', 'TT1721', 'TT1726', 'TT1727', 'TT1741', 'TT1756', 'TT1760', 'TT1766', 'TT1769', 'TT1770', 'TT1773', 'TT1774', 'TT1775', 'TT1778', 'TT1782', 'TT1783', 'TT1785', 'TT1788', 'TT1789', 'TT1790', 'TT1792', 'TT1793', 'TT1797', 'TT1798', 'TT1802', 'TT1803', 'TT1804', 'TT1805', 'TT1808', 'TT1819', 'TT1824', 'TT1836', 'TT1851', 'TT1856', 'TT1871', 'TT1886', 'TT1887', 'TT1897', 'TT1901', 'TT1902', 'TT1920', 'TT1929', 'TT1930', 'TT1933', 'TT1934', 'TT1935', 'TT1938', 'TT1939', 'TT1942', 'TT1943', 'TT1945', 'TT1948', 'TT1949', 'TT1950', 'TT1953', 'TT1957', 'TT1958', 'TT1962', 'TT1963', 'TT1964', 'TT1965', 'TT1978', 'TT1979', 'TT1980', 'TT1982', 'TT1984']",0.2515,,0.884,HEURISTIC_NOT_FOUND,6585.377952,sw0336,sw0338,l_sw0336_sw0338,503,True,True,503,l_sw0336_sw0338,4,Q5,S7,True,deterministic evenly spaced within affected-count quantile
