backend,flow_completion_class,flow_id,flow_kind,input_rank,input_rank_percentile,rank_interpretation,scenario
H2S,FULLY_SCHEDULED,CMD_PLC_C01_M01_A1_C01_M01,ControlCommand,0,0.0,CANONICAL_INPUT_ID_NOT_PROVEN_ADMISSION_ORDER,M_RING
H2S,FULLY_SCHEDULED,CMD_PLC_C01_M01_A2_C01_M01,ControlCommand,1,0.002849002849002849,CANONICAL_INPUT_ID_NOT_PROVEN_ADMISSION_ORDER,M_RING
H2S,FULLY_SCHEDULED,CMD_PLC_C01_M01_A3_C01_M01,ControlCommand,2,0.005698005698005698,CANONICAL_INPUT_ID_NOT_PROVEN_ADMISSION_ORDER,M_RING
H2S,FULLY_SCHEDULED,CMD_PLC_C01_M01_A4_C01_M01,ControlCommand,3,0.008547008547008548,CANONICAL_INPUT_ID_NOT_PROVEN_ADMISSION_ORDER,M_RING
H2S,FULLY_SCHEDULED,CMD_PLC_C01_M02_A1_C01_M02,ControlCommand,4,0.011396011396011397,CANONICAL_INPUT_ID_NOT_PROVEN_ADMISSION_ORDER,M_RING
H2S,FULLY_SCHEDULED,CMD_PLC_C01_M02_A2_C01_M02,ControlCommand,5,0.014245014245014245,CANONICAL_INPUT_ID_NOT_PROVEN_ADMISSION_ORDER,M_RING
H2S,FULLY_SCHEDULED,CMD_PLC_C01_M02_A3_C01_M02,ControlCommand,6,0.017094017094017096,CANONICAL_INPUT_ID_NOT_PROVEN_ADMISSION_ORDER,M_RING
H2S,FULLY_SCHEDULED,CMD_PLC_C01_M02_A4_C01_M02,ControlCommand,7,0.019943019943019943,CANONICAL_INPUT_ID_NOT_PROVEN_ADMISSION_ORDER,M_RING
H2S,FULLY_SCHEDULED,CMD_PLC_C01_M03_A1_C01_M03,ControlCommand,8,0.022792022792022793,CANONICAL_INPUT_ID_NOT_PROVEN_ADMISSION_ORDER,M_RING
H2S,FULLY_SCHEDULED,CMD_PLC_C01_M03_A2_C01_M03,ControlCommand,9,0.02564102564102564,CANONICAL_INPUT_ID_NOT_PROVEN_ADMISSION_ORDER,M_RING
H2S,FULLY_SCHEDULED,CMD_PLC_C01_M03_A3_C01_M03,ControlCommand,10,0.02849002849002849,CANONICAL_INPUT_ID_NOT_PROVEN_ADMISSION_ORDER,M_RING
H2S,FULLY_SCHEDULED,CMD_PLC_C01_M03_A4_C01_M03,ControlCommand,11,0.03133903133903134,CANONICAL_INPUT_ID_NOT_PROVEN_ADMISSION_ORDER,M_RING
H2S,FULLY_SCHEDULED,CMD_PLC_C02_M01_A1_C02_M01,ControlCommand,12,0.03418803418803419,CANONICAL_INPUT_ID_NOT_PROVEN_ADMISSION_ORDER,M_RING
H2S,FULLY_SCHEDULED,CMD_PLC_C02_M01_A2_C02_M01,ControlCommand,13,0.037037037037037035,CANONICAL_INPUT_ID_NOT_PROVEN_ADMISSION_ORDER,M_RING
H2S,FULLY_SCHEDULED,CMD_PLC_C02_M01_A3_C02_M01,ControlCommand,14,0.039886039886039885,CANONICAL_INPUT_ID_NOT_PROVEN_ADMISSION_ORDER,M_RING
H2S,FULLY_SCHEDULED,CMD_PLC_C02_M01_A4_C02_M01,ControlCommand,15,0.042735042735042736,CANONICAL_INPUT_ID_NOT_PROVEN_ADMISSION_ORDER,M_RING
H2S,FULLY_SCHEDULED,CMD_PLC_C02_M02_A1_C02_M02,ControlCommand,16,0.045584045584045586,CANONICAL_INPUT_ID_NOT_PROVEN_ADMISSION_ORDER,M_RING
H2S,FULLY_SCHEDULED,CMD_PLC_C02_M02_A2_C02_M02,ControlCommand,17,0.04843304843304843,CANONICAL_INPUT_ID_NOT_PROVEN_ADMISSION_ORDER,M_RING
H2S,FULLY_SCHEDULED,CMD_PLC_C02_M02_A3_C02_M02,ControlCommand,18,0.05128205128205128,CANONICAL_INPUT_ID_NOT_PROVEN_ADMISSION_ORDER,M_RING
H2S,FULLY_SCHEDULED,CMD_PLC_C02_M02_A4_C02_M02,ControlCommand,19,0.05413105413105413,CANONICAL_INPUT_ID_NOT_PROVEN_ADMISSION_ORDER,M_RING
H2S,FULLY_SCHEDULED,CMD_PLC_C02_M03_A1_C02_M03,ControlCommand,20,0.05698005698005698,CANONICAL_INPUT_ID_NOT_PROVEN_ADMISSION_ORDER,M_RING
H2S,FULLY_SCHEDULED,CMD_PLC_C02_M03_A2_C02_M03,ControlCommand,21,0.05982905982905983,CANONICAL_INPUT_ID_NOT_PROVEN_ADMISSION_ORDER,M_RING
H2S,FULLY_SCHEDULED,CMD_PLC_C02_M03_A3_C02_M03,ControlCommand,22,0.06267806267806268,CANONICAL_INPUT_ID_NOT_PROVEN_ADMISSION_ORDER,M_RING
H2S,FULLY_SCHEDULED,CMD_PLC_C02_M03_A4_C02_M03,ControlCommand,23,0.06552706552706553,CANONICAL_INPUT_ID_NOT_PROVEN_ADMISSION_ORDER,M_RING
H2S,FULLY_SCHEDULED,CMD_PLC_C03_M01_A1_C03_M01,ControlCommand,24,0.06837606837606838,CANONICAL_INPUT_ID_NOT_PROVEN_ADMISSION_ORDER,M_RING
H2S,FULLY_SCHEDULED,CMD_PLC_C03_M01_A2_C03_M01,ControlCommand,25,0.07122507122507123,CANONICAL_INPUT_ID_NOT_PROVEN_ADMISSION_ORDER,M_RING
H2S,FULLY_SCHEDULED,CMD_PLC_C03_M01_A3_C03_M01,ControlCommand,26,0.07407407407407407,CANONICAL_INPUT_ID_NOT_PROVEN_ADMISSION_ORDER,M_RING
H2S,FULLY_SCHEDULED,CMD_PLC_C03_M01_A4_C03_M01,ControlCommand,27,0.07692307692307693,CANONICAL_INPUT_ID_NOT_PROVEN_ADMISSION_ORDER,M_RING
H2S,FULLY_SCHEDULED,CMD_PLC_C03_M02_A1_C03_M02,ControlCommand,28,0.07977207977207977,CANONICAL_INPUT_ID_NOT_PROVEN_ADMISSION_ORDER,M_RING
H2S,FULLY_SCHEDULED,CMD_PLC_C03_M02_A2_C03_M02,ControlCommand,29,0.08262108262108261,CANONICAL_INPUT_ID_NOT_PROVEN_ADMISSION_ORDER,M_RING
H2S,FULLY_SCHEDULED,CMD_PLC_C03_M02_A3_C03_M02,ControlCommand,30,0.08547008547008547,CANONICAL_INPUT_ID_NOT_PROVEN_ADMISSION_ORDER,M_RING
H2S,FULLY_SCHEDULED,CMD_PLC_C03_M02_A4_C03_M02,ControlCommand,31,0.08831908831908832,CANONICAL_INPUT_ID_NOT_PROVEN_ADMISSION_ORDER,M_RING
H2S,FULLY_SCHEDULED,CMD_PLC_C03_M03_A1_C03_M03,ControlCommand,32,0.09116809116809117,CANONICAL_INPUT_ID_NOT_PROVEN_ADMISSION_ORDER,M_RING
H2S,FULLY_SCHEDULED,CMD_PLC_C03_M03_A2_C03_M03,ControlCommand,33,0.09401709401709402,CANONICAL_INPUT_ID_NOT_PROVEN_ADMISSION_ORDER,M_RING
H2S,FULLY_SCHEDULED,CMD_PLC_C03_M03_A3_C03_M03,ControlCommand,34,0.09686609686609686,CANONICAL_INPUT_ID_NOT_PROVEN_ADMISSION_ORDER,M_RING
H2S,FULLY_SCHEDULED,CMD_PLC_C03_M03_A4_C03_M03,ControlCommand,35,0.09971509971509972,CANONICAL_INPUT_ID_NOT_PROVEN_ADMISSION_ORDER,M_RING
H2S,FULLY_SCHEDULED,CMD_PLC_C04_M01_A1_C04_M01,ControlCommand,36,0.10256410256410256,CANONICAL_INPUT_ID_NOT_PROVEN_ADMISSION_ORDER,M_RING
H2S,FULLY_SCHEDULED,CMD_PLC_C04_M01_A2_C04_M01,ControlCommand,37,0.10541310541310542,CANONICAL_INPUT_ID_NOT_PROVEN_ADMISSION_ORDER,M_RING
H2S,FULLY_SCHEDULED,CMD_PLC_C04_M01_A3_C04_M01,ControlCommand,38,0.10826210826210826,CANONICAL_INPUT_ID_NOT_PROVEN_ADMISSION_ORDER,M_RING
H2S,FULLY_SCHEDULED,CMD_PLC_C04_M01_A4_C04_M01,ControlCommand,39,0.1111111111111111,CANONICAL_INPUT_ID_NOT_PROVEN_ADMISSION_ORDER,M_RING
H2S,FULLY_SCHEDULED,CMD_PLC_C04_M02_A1_C04_M02,ControlCommand,40,0.11396011396011396,CANONICAL_INPUT_ID_NOT_PROVEN_ADMISSION_ORDER,M_RING
H2S,FULLY_SCHEDULED,CMD_PLC_C04_M02_A2_C04_M02,ControlCommand,41,0.1168091168091168,CANONICAL_INPUT_ID_NOT_PROVEN_ADMISSION_ORDER,M_RING
H2S,FULLY_SCHEDULED,CMD_PLC_C04_M02_A3_C04_M02,ControlCommand,42,0.11965811965811966,CANONICAL_INPUT_ID_NOT_PROVEN_ADMISSION_ORDER,M_RING
H2S,FULLY_SCHEDULED,CMD_PLC_C04_M02_A4_C04_M02,ControlCommand,43,0.1225071225071225,CANONICAL_INPUT_ID_NOT_PROVEN_ADMISSION_ORDER,M_RING
H2S,FULLY_SCHEDULED,CMD_PLC_C04_M03_A1_C04_M03,ControlCommand,44,0.12535612535612536,CANONICAL_INPUT_ID_NOT_PROVEN_ADMISSION_ORDER,M_RING
H2S,FULLY_SCHEDULED,CMD_PLC_C04_M03_A2_C04_M03,ControlCommand,45,0.1282051282051282,CANONICAL_INPUT_ID_NOT_PROVEN_ADMISSION_ORDER,M_RING
H2S,FULLY_SCHEDULED,CMD_PLC_C04_M03_A3_C04_M03,ControlCommand,46,0.13105413105413105,CANONICAL_INPUT_ID_NOT_PROVEN_ADMISSION_ORDER,M_RING
H2S,FULLY_SCHEDULED,CMD_PLC_C04_M03_A4_C04_M03,ControlCommand,47,0.1339031339031339,CANONICAL_INPUT_ID_NOT_PROVEN_ADMISSION_ORDER,M_RING
H2S,FULLY_SCHEDULED,CMD_PLC_C05_M01_A1_C05_M01,ControlCommand,48,0.13675213675213677,CANONICAL_INPUT_ID_NOT_PROVEN_ADMISSION_ORDER,M_RING
H2S,FULLY_SCHEDULED,CMD_PLC_C05_M01_A2_C05_M01,ControlCommand,49,0.1396011396011396,CANONICAL_INPUT_ID_NOT_PROVEN_ADMISSION_ORDER,M_RING
H2S,FULLY_SCHEDULED,CMD_PLC_C05_M01_A3_C05_M01,ControlCommand,50,0.14245014245014245,CANONICAL_INPUT_ID_NOT_PROVEN_ADMISSION_ORDER,M_RING
H2S,FULLY_SCHEDULED,CMD_PLC_C05_M01_A4_C05_M01,ControlCommand,51,0.1452991452991453,CANONICAL_INPUT_ID_NOT_PROVEN_ADMISSION_ORDER,M_RING
H2S,FULLY_SCHEDULED,CMD_PLC_C05_M02_A1_C05_M02,ControlCommand,52,0.14814814814814814,CANONICAL_INPUT_ID_NOT_PROVEN_ADMISSION_ORDER,M_RING
H2S,FULLY_SCHEDULED,CMD_PLC_C05_M02_A2_C05_M02,ControlCommand,53,0.150997150997151,CANONICAL_INPUT_ID_NOT_PROVEN_ADMISSION_ORDER,M_RING
H2S,FULLY_SCHEDULED,CMD_PLC_C05_M02_A3_C05_M02,ControlCommand,54,0.15384615384615385,CANONICAL_INPUT_ID_NOT_PROVEN_ADMISSION_ORDER,M_RING
H2S,FULLY_SCHEDULED,CMD_PLC_C05_M02_A4_C05_M02,ControlCommand,55,0.15669515669515668,CANONICAL_INPUT_ID_NOT_PROVEN_ADMISSION_ORDER,M_RING
H2S,FULLY_SCHEDULED,CMD_PLC_C05_M03_A1_C05_M03,ControlCommand,56,0.15954415954415954,CANONICAL_INPUT_ID_NOT_PROVEN_ADMISSION_ORDER,M_RING
H2S,FULLY_SCHEDULED,CMD_PLC_C05_M03_A2_C05_M03,ControlCommand,57,0.1623931623931624,CANONICAL_INPUT_ID_NOT_PROVEN_ADMISSION_ORDER,M_RING
H2S,FULLY_SCHEDULED,CMD_PLC_C05_M03_A3_C05_M03,ControlCommand,58,0.16524216524216523,CANONICAL_INPUT_ID_NOT_PROVEN_ADMISSION_ORDER,M_RING
H2S,FULLY_SCHEDULED,CMD_PLC_C05_M03_A4_C05_M03,ControlCommand,59,0.16809116809116809,CANONICAL_INPUT_ID_NOT_PROVEN_ADMISSION_ORDER,M_RING
H2S,FULLY_SCHEDULED,CMD_PLC_C06_M01_A1_C06_M01,ControlCommand,60,0.17094017094017094,CANONICAL_INPUT_ID_NOT_PROVEN_ADMISSION_ORDER,M_RING
H2S,FULLY_SCHEDULED,CMD_PLC_C06_M01_A2_C06_M01,ControlCommand,61,0.1737891737891738,CANONICAL_INPUT_ID_NOT_PROVEN_ADMISSION_ORDER,M_RING
H2S,FULLY_SCHEDULED,CMD_PLC_C06_M01_A3_C06_M01,ControlCommand,62,0.17663817663817663,CANONICAL_INPUT_ID_NOT_PROVEN_ADMISSION_ORDER,M_RING
H2S,FULLY_SCHEDULED,CMD_PLC_C06_M01_A4_C06_M01,ControlCommand,63,0.1794871794871795,CANONICAL_INPUT_ID_NOT_PROVEN_ADMISSION_ORDER,M_RING
H2S,FULLY_SCHEDULED,CMD_PLC_C06_M02_A1_C06_M02,ControlCommand,64,0.18233618233618235,CANONICAL_INPUT_ID_NOT_PROVEN_ADMISSION_ORDER,M_RING
H2S,ZERO_SCHEDULED,CMD_PLC_C06_M02_A2_C06_M02,ControlCommand,65,0.18518518518518517,CANONICAL_INPUT_ID_NOT_PROVEN_ADMISSION_ORDER,M_RING
H2S,FULLY_SCHEDULED,CMD_PLC_C06_M02_A3_C06_M02,ControlCommand,66,0.18803418803418803,CANONICAL_INPUT_ID_NOT_PROVEN_ADMISSION_ORDER,M_RING
H2S,ZERO_SCHEDULED,CMD_PLC_C06_M02_A4_C06_M02,ControlCommand,67,0.1908831908831909,CANONICAL_INPUT_ID_NOT_PROVEN_ADMISSION_ORDER,M_RING
H2S,FULLY_SCHEDULED,CMD_PLC_C06_M03_A1_C06_M03,ControlCommand,68,0.19373219373219372,CANONICAL_INPUT_ID_NOT_PROVEN_ADMISSION_ORDER,M_RING
H2S,FULLY_SCHEDULED,CMD_PLC_C06_M03_A2_C06_M03,ControlCommand,69,0.19658119658119658,CANONICAL_INPUT_ID_NOT_PROVEN_ADMISSION_ORDER,M_RING
H2S,FULLY_SCHEDULED,CMD_PLC_C06_M03_A3_C06_M03,ControlCommand,70,0.19943019943019943,CANONICAL_INPUT_ID_NOT_PROVEN_ADMISSION_ORDER,M_RING
H2S,FULLY_SCHEDULED,CMD_PLC_C06_M03_A4_C06_M03,ControlCommand,71,0.2022792022792023,CANONICAL_INPUT_ID_NOT_PROVEN_ADMISSION_ORDER,M_RING
H2S,FULLY_SCHEDULED,CMD_PLC_C07_M01_A1_C07_M01,ControlCommand,72,0.20512820512820512,CANONICAL_INPUT_ID_NOT_PROVEN_ADMISSION_ORDER,M_RING
H2S,FULLY_SCHEDULED,CMD_PLC_C07_M01_A2_C07_M01,ControlCommand,73,0.20797720797720798,CANONICAL_INPUT_ID_NOT_PROVEN_ADMISSION_ORDER,M_RING
H2S,FULLY_SCHEDULED,CMD_PLC_C07_M01_A3_C07_M01,ControlCommand,74,0.21082621082621084,CANONICAL_INPUT_ID_NOT_PROVEN_ADMISSION_ORDER,M_RING
H2S,FULLY_SCHEDULED,CMD_PLC_C07_M01_A4_C07_M01,ControlCommand,75,0.21367521367521367,CANONICAL_INPUT_ID_NOT_PROVEN_ADMISSION_ORDER,M_RING
H2S,FULLY_SCHEDULED,CMD_PLC_C07_M02_A1_C07_M02,ControlCommand,76,0.21652421652421652,CANONICAL_INPUT_ID_NOT_PROVEN_ADMISSION_ORDER,M_RING
H2S,FULLY_SCHEDULED,CMD_PLC_C07_M02_A2_C07_M02,ControlCommand,77,0.21937321937321938,CANONICAL_INPUT_ID_NOT_PROVEN_ADMISSION_ORDER,M_RING
H2S,FULLY_SCHEDULED,CMD_PLC_C07_M02_A3_C07_M02,ControlCommand,78,0.2222222222222222,CANONICAL_INPUT_ID_NOT_PROVEN_ADMISSION_ORDER,M_RING
H2S,FULLY_SCHEDULED,CMD_PLC_C07_M02_A4_C07_M02,ControlCommand,79,0.22507122507122507,CANONICAL_INPUT_ID_NOT_PROVEN_ADMISSION_ORDER,M_RING
H2S,FULLY_SCHEDULED,CMD_PLC_C07_M03_A1_C07_M03,ControlCommand,80,0.22792022792022792,CANONICAL_INPUT_ID_NOT_PROVEN_ADMISSION_ORDER,M_RING
H2S,FULLY_SCHEDULED,CMD_PLC_C07_M03_A2_C07_M03,ControlCommand,81,0.23076923076923078,CANONICAL_INPUT_ID_NOT_PROVEN_ADMISSION_ORDER,M_RING
H2S,FULLY_SCHEDULED,CMD_PLC_C07_M03_A3_C07_M03,ControlCommand,82,0.2336182336182336,CANONICAL_INPUT_ID_NOT_PROVEN_ADMISSION_ORDER,M_RING
H2S,FULLY_SCHEDULED,CMD_PLC_C07_M03_A4_C07_M03,ControlCommand,83,0.23646723646723647,CANONICAL_INPUT_ID_NOT_PROVEN_ADMISSION_ORDER,M_RING
H2S,FULLY_SCHEDULED,CMD_PLC_C08_M01_A1_C08_M01,ControlCommand,84,0.23931623931623933,CANONICAL_INPUT_ID_NOT_PROVEN_ADMISSION_ORDER,M_RING
H2S,FULLY_SCHEDULED,CMD_PLC_C08_M01_A2_C08_M01,ControlCommand,85,0.24216524216524216,CANONICAL_INPUT_ID_NOT_PROVEN_ADMISSION_ORDER,M_RING
H2S,FULLY_SCHEDULED,CMD_PLC_C08_M01_A3_C08_M01,ControlCommand,86,0.245014245014245,CANONICAL_INPUT_ID_NOT_PROVEN_ADMISSION_ORDER,M_RING
H2S,FULLY_SCHEDULED,CMD_PLC_C08_M01_A4_C08_M01,ControlCommand,87,0.24786324786324787,CANONICAL_INPUT_ID_NOT_PROVEN_ADMISSION_ORDER,M_RING
H2S,FULLY_SCHEDULED,CMD_PLC_C08_M02_A1_C08_M02,ControlCommand,88,0.25071225071225073,CANONICAL_INPUT_ID_NOT_PROVEN_ADMISSION_ORDER,M_RING
H2S,FULLY_SCHEDULED,CMD_PLC_C08_M02_A2_C08_M02,ControlCommand,89,0.2535612535612536,CANONICAL_INPUT_ID_NOT_PROVEN_ADMISSION_ORDER,M_RING
H2S,FULLY_SCHEDULED,CMD_PLC_C08_M02_A3_C08_M02,ControlCommand,90,0.2564102564102564,CANONICAL_INPUT_ID_NOT_PROVEN_ADMISSION_ORDER,M_RING
H2S,FULLY_SCHEDULED,CMD_PLC_C08_M02_A4_C08_M02,ControlCommand,91,0.25925925925925924,CANONICAL_INPUT_ID_NOT_PROVEN_ADMISSION_ORDER,M_RING
H2S,FULLY_SCHEDULED,CMD_PLC_C08_M03_A1_C08_M03,ControlCommand,92,0.2621082621082621,CANONICAL_INPUT_ID_NOT_PROVEN_ADMISSION_ORDER,M_RING
H2S,FULLY_SCHEDULED,CMD_PLC_C08_M03_A2_C08_M03,ControlCommand,93,0.26495726495726496,CANONICAL_INPUT_ID_NOT_PROVEN_ADMISSION_ORDER,M_RING
H2S,FULLY_SCHEDULED,CMD_PLC_C08_M03_A3_C08_M03,ControlCommand,94,0.2678062678062678,CANONICAL_INPUT_ID_NOT_PROVEN_ADMISSION_ORDER,M_RING
H2S,FULLY_SCHEDULED,CMD_PLC_C08_M03_A4_C08_M03,ControlCommand,95,0.2706552706552707,CANONICAL_INPUT_ID_NOT_PROVEN_ADMISSION_ORDER,M_RING
H2S,FULLY_SCHEDULED,COORD_CC_C01_PLC_C01_M01,MachineCoordination,96,0.27350427350427353,CANONICAL_INPUT_ID_NOT_PROVEN_ADMISSION_ORDER,M_RING
H2S,FULLY_SCHEDULED,COORD_CC_C01_PLC_C01_M02,MachineCoordination,97,0.27635327635327633,CANONICAL_INPUT_ID_NOT_PROVEN_ADMISSION_ORDER,M_RING
H2S,FULLY_SCHEDULED,COORD_CC_C01_PLC_C01_M03,MachineCoordination,98,0.2792022792022792,CANONICAL_INPUT_ID_NOT_PROVEN_ADMISSION_ORDER,M_RING
H2S,FULLY_SCHEDULED,COORD_CC_C02_PLC_C02_M01,MachineCoordination,99,0.28205128205128205,CANONICAL_INPUT_ID_NOT_PROVEN_ADMISSION_ORDER,M_RING
H2S,FULLY_SCHEDULED,COORD_CC_C02_PLC_C02_M02,MachineCoordination,100,0.2849002849002849,CANONICAL_INPUT_ID_NOT_PROVEN_ADMISSION_ORDER,M_RING
H2S,FULLY_SCHEDULED,COORD_CC_C02_PLC_C02_M03,MachineCoordination,101,0.28774928774928776,CANONICAL_INPUT_ID_NOT_PROVEN_ADMISSION_ORDER,M_RING
H2S,FULLY_SCHEDULED,COORD_CC_C03_PLC_C03_M01,MachineCoordination,102,0.2905982905982906,CANONICAL_INPUT_ID_NOT_PROVEN_ADMISSION_ORDER,M_RING
H2S,FULLY_SCHEDULED,COORD_CC_C03_PLC_C03_M02,MachineCoordination,103,0.2934472934472934,CANONICAL_INPUT_ID_NOT_PROVEN_ADMISSION_ORDER,M_RING
H2S,FULLY_SCHEDULED,COORD_CC_C03_PLC_C03_M03,MachineCoordination,104,0.2962962962962963,CANONICAL_INPUT_ID_NOT_PROVEN_ADMISSION_ORDER,M_RING
H2S,FULLY_SCHEDULED,COORD_CC_C04_PLC_C04_M01,MachineCoordination,105,0.29914529914529914,CANONICAL_INPUT_ID_NOT_PROVEN_ADMISSION_ORDER,M_RING
H2S,FULLY_SCHEDULED,COORD_CC_C04_PLC_C04_M02,MachineCoordination,106,0.301994301994302,CANONICAL_INPUT_ID_NOT_PROVEN_ADMISSION_ORDER,M_RING
H2S,FULLY_SCHEDULED,COORD_CC_C04_PLC_C04_M03,MachineCoordination,107,0.30484330484330485,CANONICAL_INPUT_ID_NOT_PROVEN_ADMISSION_ORDER,M_RING
H2S,FULLY_SCHEDULED,COORD_CC_C05_PLC_C05_M01,MachineCoordination,108,0.3076923076923077,CANONICAL_INPUT_ID_NOT_PROVEN_ADMISSION_ORDER,M_RING
H2S,ZERO_SCHEDULED,COORD_CC_C05_PLC_C05_M02,MachineCoordination,109,0.31054131054131057,CANONICAL_INPUT_ID_NOT_PROVEN_ADMISSION_ORDER,M_RING
H2S,FULLY_SCHEDULED,COORD_CC_C05_PLC_C05_M03,MachineCoordination,110,0.31339031339031337,CANONICAL_INPUT_ID_NOT_PROVEN_ADMISSION_ORDER,M_RING
H2S,FULLY_SCHEDULED,COORD_CC_C06_PLC_C06_M01,MachineCoordination,111,0.3162393162393162,CANONICAL_INPUT_ID_NOT_PROVEN_ADMISSION_ORDER,M_RING
H2S,FULLY_SCHEDULED,COORD_CC_C06_PLC_C06_M02,MachineCoordination,112,0.3190883190883191,CANONICAL_INPUT_ID_NOT_PROVEN_ADMISSION_ORDER,M_RING
H2S,FULLY_SCHEDULED,COORD_CC_C06_PLC_C06_M03,MachineCoordination,113,0.32193732193732194,CANONICAL_INPUT_ID_NOT_PROVEN_ADMISSION_ORDER,M_RING
H2S,FULLY_SCHEDULED,COORD_CC_C07_PLC_C07_M01,MachineCoordination,114,0.3247863247863248,CANONICAL_INPUT_ID_NOT_PROVEN_ADMISSION_ORDER,M_RING
H2S,FULLY_SCHEDULED,COORD_CC_C07_PLC_C07_M02,MachineCoordination,115,0.32763532763532766,CANONICAL_INPUT_ID_NOT_PROVEN_ADMISSION_ORDER,M_RING
H2S,FULLY_SCHEDULED,COORD_CC_C07_PLC_C07_M03,MachineCoordination,116,0.33048433048433046,CANONICAL_INPUT_ID_NOT_PROVEN_ADMISSION_ORDER,M_RING
H2S,FULLY_SCHEDULED,COORD_CC_C08_PLC_C08_M01,MachineCoordination,117,0.3333333333333333,CANONICAL_INPUT_ID_NOT_PROVEN_ADMISSION_ORDER,M_RING
H2S,FULLY_SCHEDULED,COORD_CC_C08_PLC_C08_M02,MachineCoordination,118,0.33618233618233617,CANONICAL_INPUT_ID_NOT_PROVEN_ADMISSION_ORDER,M_RING
H2S,FULLY_SCHEDULED,COORD_CC_C08_PLC_C08_M03,MachineCoordination,119,0.33903133903133903,CANONICAL_INPUT_ID_NOT_PROVEN_ADMISSION_ORDER,M_RING
H2S,FULLY_SCHEDULED,IC_NEXT_CC_C01,InterCellNext,120,0.3418803418803419,CANONICAL_INPUT_ID_NOT_PROVEN_ADMISSION_ORDER,M_RING
H2S,FULLY_SCHEDULED,IC_NEXT_CC_C02,InterCellNext,121,0.34472934472934474,CANONICAL_INPUT_ID_NOT_PROVEN_ADMISSION_ORDER,M_RING
H2S,FULLY_SCHEDULED,IC_NEXT_CC_C03,InterCellNext,122,0.3475783475783476,CANONICAL_INPUT_ID_NOT_PROVEN_ADMISSION_ORDER,M_RING
H2S,FULLY_SCHEDULED,IC_NEXT_CC_C04,InterCellNext,123,0.3504273504273504,CANONICAL_INPUT_ID_NOT_PROVEN_ADMISSION_ORDER,M_RING
H2S,FULLY_SCHEDULED,IC_NEXT_CC_C05,InterCellNext,124,0.35327635327635326,CANONICAL_INPUT_ID_NOT_PROVEN_ADMISSION_ORDER,M_RING
H2S,FULLY_SCHEDULED,IC_NEXT_CC_C06,InterCellNext,125,0.3561253561253561,CANONICAL_INPUT_ID_NOT_PROVEN_ADMISSION_ORDER,M_RING
H2S,FULLY_SCHEDULED,IC_NEXT_CC_C07,InterCellNext,126,0.358974358974359,CANONICAL_INPUT_ID_NOT_PROVEN_ADMISSION_ORDER,M_RING
H2S,FULLY_SCHEDULED,IC_NEXT_CC_C08,InterCellNext,127,0.36182336182336183,CANONICAL_INPUT_ID_NOT_PROVEN_ADMISSION_ORDER,M_RING
H2S,FULLY_SCHEDULED,IC_PREV_CC_C01,InterCellPrevious,128,0.3646723646723647,CANONICAL_INPUT_ID_NOT_PROVEN_ADMISSION_ORDER,M_RING
H2S,FULLY_SCHEDULED,IC_PREV_CC_C02,InterCellPrevious,129,0.36752136752136755,CANONICAL_INPUT_ID_NOT_PROVEN_ADMISSION_ORDER,M_RING
H2S,ZERO_SCHEDULED,IC_PREV_CC_C03,InterCellPrevious,130,0.37037037037037035,CANONICAL_INPUT_ID_NOT_PROVEN_ADMISSION_ORDER,M_RING
H2S,FULLY_SCHEDULED,IC_PREV_CC_C04,InterCellPrevious,131,0.3732193732193732,CANONICAL_INPUT_ID_NOT_PROVEN_ADMISSION_ORDER,M_RING
H2S,FULLY_SCHEDULED,IC_PREV_CC_C05,InterCellPrevious,132,0.37606837606837606,CANONICAL_INPUT_ID_NOT_PROVEN_ADMISSION_ORDER,M_RING
H2S,FULLY_SCHEDULED,IC_PREV_CC_C06,InterCellPrevious,133,0.3789173789173789,CANONICAL_INPUT_ID_NOT_PROVEN_ADMISSION_ORDER,M_RING
H2S,FULLY_SCHEDULED,IC_PREV_CC_C07,InterCellPrevious,134,0.3817663817663818,CANONICAL_INPUT_ID_NOT_PROVEN_ADMISSION_ORDER,M_RING
H2S,FULLY_SCHEDULED,IC_PREV_CC_C08,InterCellPrevious,135,0.38461538461538464,CANONICAL_INPUT_ID_NOT_PROVEN_ADMISSION_ORDER,M_RING
H2S,FULLY_SCHEDULED,SC_S1_C01_M01,SensorCyclic,136,0.38746438746438744,CANONICAL_INPUT_ID_NOT_PROVEN_ADMISSION_ORDER,M_RING
H2S,FULLY_SCHEDULED,SC_S1_C01_M02,SensorCyclic,137,0.3903133903133903,CANONICAL_INPUT_ID_NOT_PROVEN_ADMISSION_ORDER,M_RING
H2S,FULLY_SCHEDULED,SC_S1_C01_M03,SensorCyclic,138,0.39316239316239315,CANONICAL_INPUT_ID_NOT_PROVEN_ADMISSION_ORDER,M_RING
H2S,FULLY_SCHEDULED,SC_S1_C02_M01,SensorCyclic,139,0.396011396011396,CANONICAL_INPUT_ID_NOT_PROVEN_ADMISSION_ORDER,M_RING
H2S,FULLY_SCHEDULED,SC_S1_C02_M02,SensorCyclic,140,0.39886039886039887,CANONICAL_INPUT_ID_NOT_PROVEN_ADMISSION_ORDER,M_RING
H2S,FULLY_SCHEDULED,SC_S1_C02_M03,SensorCyclic,141,0.4017094017094017,CANONICAL_INPUT_ID_NOT_PROVEN_ADMISSION_ORDER,M_RING
H2S,FULLY_SCHEDULED,SC_S1_C03_M01,SensorCyclic,142,0.4045584045584046,CANONICAL_INPUT_ID_NOT_PROVEN_ADMISSION_ORDER,M_RING
H2S,FULLY_SCHEDULED,SC_S1_C03_M02,SensorCyclic,143,0.4074074074074074,CANONICAL_INPUT_ID_NOT_PROVEN_ADMISSION_ORDER,M_RING
H2S,FULLY_SCHEDULED,SC_S1_C03_M03,SensorCyclic,144,0.41025641025641024,CANONICAL_INPUT_ID_NOT_PROVEN_ADMISSION_ORDER,M_RING
H2S,FULLY_SCHEDULED,SC_S1_C04_M01,SensorCyclic,145,0.4131054131054131,CANONICAL_INPUT_ID_NOT_PROVEN_ADMISSION_ORDER,M_RING
H2S,FULLY_SCHEDULED,SC_S1_C04_M02,SensorCyclic,146,0.41595441595441596,CANONICAL_INPUT_ID_NOT_PROVEN_ADMISSION_ORDER,M_RING
H2S,FULLY_SCHEDULED,SC_S1_C04_M03,SensorCyclic,147,0.4188034188034188,CANONICAL_INPUT_ID_NOT_PROVEN_ADMISSION_ORDER,M_RING
H2S,FULLY_SCHEDULED,SC_S1_C05_M01,SensorCyclic,148,0.42165242165242167,CANONICAL_INPUT_ID_NOT_PROVEN_ADMISSION_ORDER,M_RING
H2S,FULLY_SCHEDULED,SC_S1_C05_M02,SensorCyclic,149,0.42450142450142453,CANONICAL_INPUT_ID_NOT_PROVEN_ADMISSION_ORDER,M_RING
H2S,FULLY_SCHEDULED,SC_S1_C05_M03,SensorCyclic,150,0.42735042735042733,CANONICAL_INPUT_ID_NOT_PROVEN_ADMISSION_ORDER,M_RING
H2S,FULLY_SCHEDULED,SC_S1_C06_M01,SensorCyclic,151,0.4301994301994302,CANONICAL_INPUT_ID_NOT_PROVEN_ADMISSION_ORDER,M_RING
H2S,FULLY_SCHEDULED,SC_S1_C06_M02,SensorCyclic,152,0.43304843304843305,CANONICAL_INPUT_ID_NOT_PROVEN_ADMISSION_ORDER,M_RING
H2S,FULLY_SCHEDULED,SC_S1_C06_M03,SensorCyclic,153,0.4358974358974359,CANONICAL_INPUT_ID_NOT_PROVEN_ADMISSION_ORDER,M_RING
H2S,FULLY_SCHEDULED,SC_S1_C07_M01,SensorCyclic,154,0.43874643874643876,CANONICAL_INPUT_ID_NOT_PROVEN_ADMISSION_ORDER,M_RING
H2S,FULLY_SCHEDULED,SC_S1_C07_M02,SensorCyclic,155,0.4415954415954416,CANONICAL_INPUT_ID_NOT_PROVEN_ADMISSION_ORDER,M_RING
H2S,FULLY_SCHEDULED,SC_S1_C07_M03,SensorCyclic,156,0.4444444444444444,CANONICAL_INPUT_ID_NOT_PROVEN_ADMISSION_ORDER,M_RING
H2S,FULLY_SCHEDULED,SC_S1_C08_M01,SensorCyclic,157,0.4472934472934473,CANONICAL_INPUT_ID_NOT_PROVEN_ADMISSION_ORDER,M_RING
H2S,FULLY_SCHEDULED,SC_S1_C08_M02,SensorCyclic,158,0.45014245014245013,CANONICAL_INPUT_ID_NOT_PROVEN_ADMISSION_ORDER,M_RING
H2S,FULLY_SCHEDULED,SC_S1_C08_M03,SensorCyclic,159,0.452991452991453,CANONICAL_INPUT_ID_NOT_PROVEN_ADMISSION_ORDER,M_RING
H2S,FULLY_SCHEDULED,SC_S2_C01_M01,SensorCyclic,160,0.45584045584045585,CANONICAL_INPUT_ID_NOT_PROVEN_ADMISSION_ORDER,M_RING
H2S,FULLY_SCHEDULED,SC_S2_C01_M02,SensorCyclic,161,0.4586894586894587,CANONICAL_INPUT_ID_NOT_PROVEN_ADMISSION_ORDER,M_RING
H2S,FULLY_SCHEDULED,SC_S2_C01_M03,SensorCyclic,162,0.46153846153846156,CANONICAL_INPUT_ID_NOT_PROVEN_ADMISSION_ORDER,M_RING
H2S,FULLY_SCHEDULED,SC_S2_C02_M01,SensorCyclic,163,0.46438746438746437,CANONICAL_INPUT_ID_NOT_PROVEN_ADMISSION_ORDER,M_RING
H2S,FULLY_SCHEDULED,SC_S2_C02_M02,SensorCyclic,164,0.4672364672364672,CANONICAL_INPUT_ID_NOT_PROVEN_ADMISSION_ORDER,M_RING
H2S,FULLY_SCHEDULED,SC_S2_C02_M03,SensorCyclic,165,0.4700854700854701,CANONICAL_INPUT_ID_NOT_PROVEN_ADMISSION_ORDER,M_RING
H2S,FULLY_SCHEDULED,SC_S2_C03_M01,SensorCyclic,166,0.47293447293447294,CANONICAL_INPUT_ID_NOT_PROVEN_ADMISSION_ORDER,M_RING
H2S,FULLY_SCHEDULED,SC_S2_C03_M02,SensorCyclic,167,0.4757834757834758,CANONICAL_INPUT_ID_NOT_PROVEN_ADMISSION_ORDER,M_RING
H2S,FULLY_SCHEDULED,SC_S2_C03_M03,SensorCyclic,168,0.47863247863247865,CANONICAL_INPUT_ID_NOT_PROVEN_ADMISSION_ORDER,M_RING
H2S,FULLY_SCHEDULED,SC_S2_C04_M01,SensorCyclic,169,0.48148148148148145,CANONICAL_INPUT_ID_NOT_PROVEN_ADMISSION_ORDER,M_RING
H2S,FULLY_SCHEDULED,SC_S2_C04_M02,SensorCyclic,170,0.4843304843304843,CANONICAL_INPUT_ID_NOT_PROVEN_ADMISSION_ORDER,M_RING
H2S,FULLY_SCHEDULED,SC_S2_C04_M03,SensorCyclic,171,0.48717948717948717,CANONICAL_INPUT_ID_NOT_PROVEN_ADMISSION_ORDER,M_RING
H2S,FULLY_SCHEDULED,SC_S2_C05_M01,SensorCyclic,172,0.49002849002849,CANONICAL_INPUT_ID_NOT_PROVEN_ADMISSION_ORDER,M_RING
H2S,FULLY_SCHEDULED,SC_S2_C05_M02,SensorCyclic,173,0.4928774928774929,CANONICAL_INPUT_ID_NOT_PROVEN_ADMISSION_ORDER,M_RING
H2S,FULLY_SCHEDULED,SC_S2_C05_M03,SensorCyclic,174,0.49572649572649574,CANONICAL_INPUT_ID_NOT_PROVEN_ADMISSION_ORDER,M_RING
H2S,FULLY_SCHEDULED,SC_S2_C06_M01,SensorCyclic,175,0.4985754985754986,CANONICAL_INPUT_ID_NOT_PROVEN_ADMISSION_ORDER,M_RING
H2S,FULLY_SCHEDULED,SC_S2_C06_M02,SensorCyclic,176,0.5014245014245015,CANONICAL_INPUT_ID_NOT_PROVEN_ADMISSION_ORDER,M_RING
H2S,FULLY_SCHEDULED,SC_S2_C06_M03,SensorCyclic,177,0.5042735042735043,CANONICAL_INPUT_ID_NOT_PROVEN_ADMISSION_ORDER,M_RING
H2S,FULLY_SCHEDULED,SC_S2_C07_M01,SensorCyclic,178,0.5071225071225072,CANONICAL_INPUT_ID_NOT_PROVEN_ADMISSION_ORDER,M_RING
H2S,FULLY_SCHEDULED,SC_S2_C07_M02,SensorCyclic,179,0.50997150997151,CANONICAL_INPUT_ID_NOT_PROVEN_ADMISSION_ORDER,M_RING
H2S,FULLY_SCHEDULED,SC_S2_C07_M03,SensorCyclic,180,0.5128205128205128,CANONICAL_INPUT_ID_NOT_PROVEN_ADMISSION_ORDER,M_RING
H2S,FULLY_SCHEDULED,SC_S2_C08_M01,SensorCyclic,181,0.5156695156695157,CANONICAL_INPUT_ID_NOT_PROVEN_ADMISSION_ORDER,M_RING
H2S,FULLY_SCHEDULED,SC_S2_C08_M02,SensorCyclic,182,0.5185185185185185,CANONICAL_INPUT_ID_NOT_PROVEN_ADMISSION_ORDER,M_RING
H2S,FULLY_SCHEDULED,SC_S2_C08_M03,SensorCyclic,183,0.5213675213675214,CANONICAL_INPUT_ID_NOT_PROVEN_ADMISSION_ORDER,M_RING
H2S,FULLY_SCHEDULED,SC_S3_C01_M01,SensorCyclic,184,0.5242165242165242,CANONICAL_INPUT_ID_NOT_PROVEN_ADMISSION_ORDER,M_RING
H2S,FULLY_SCHEDULED,SC_S3_C01_M02,SensorCyclic,185,0.5270655270655271,CANONICAL_INPUT_ID_NOT_PROVEN_ADMISSION_ORDER,M_RING
H2S,FULLY_SCHEDULED,SC_S3_C01_M03,SensorCyclic,186,0.5299145299145299,CANONICAL_INPUT_ID_NOT_PROVEN_ADMISSION_ORDER,M_RING
H2S,FULLY_SCHEDULED,SC_S3_C02_M01,SensorCyclic,187,0.5327635327635327,CANONICAL_INPUT_ID_NOT_PROVEN_ADMISSION_ORDER,M_RING
H2S,FULLY_SCHEDULED,SC_S3_C02_M02,SensorCyclic,188,0.5356125356125356,CANONICAL_INPUT_ID_NOT_PROVEN_ADMISSION_ORDER,M_RING
H2S,FULLY_SCHEDULED,SC_S3_C02_M03,SensorCyclic,189,0.5384615384615384,CANONICAL_INPUT_ID_NOT_PROVEN_ADMISSION_ORDER,M_RING
H2S,FULLY_SCHEDULED,SC_S3_C03_M01,SensorCyclic,190,0.5413105413105413,CANONICAL_INPUT_ID_NOT_PROVEN_ADMISSION_ORDER,M_RING
H2S,FULLY_SCHEDULED,SC_S3_C03_M02,SensorCyclic,191,0.5441595441595442,CANONICAL_INPUT_ID_NOT_PROVEN_ADMISSION_ORDER,M_RING
H2S,FULLY_SCHEDULED,SC_S3_C03_M03,SensorCyclic,192,0.5470085470085471,CANONICAL_INPUT_ID_NOT_PROVEN_ADMISSION_ORDER,M_RING
H2S,FULLY_SCHEDULED,SC_S3_C04_M01,SensorCyclic,193,0.5498575498575499,CANONICAL_INPUT_ID_NOT_PROVEN_ADMISSION_ORDER,M_RING
H2S,FULLY_SCHEDULED,SC_S3_C04_M02,SensorCyclic,194,0.5527065527065527,CANONICAL_INPUT_ID_NOT_PROVEN_ADMISSION_ORDER,M_RING
H2S,FULLY_SCHEDULED,SC_S3_C04_M03,SensorCyclic,195,0.5555555555555556,CANONICAL_INPUT_ID_NOT_PROVEN_ADMISSION_ORDER,M_RING
H2S,FULLY_SCHEDULED,SC_S3_C05_M01,SensorCyclic,196,0.5584045584045584,CANONICAL_INPUT_ID_NOT_PROVEN_ADMISSION_ORDER,M_RING
H2S,FULLY_SCHEDULED,SC_S3_C05_M02,SensorCyclic,197,0.5612535612535613,CANONICAL_INPUT_ID_NOT_PROVEN_ADMISSION_ORDER,M_RING
H2S,FULLY_SCHEDULED,SC_S3_C05_M03,SensorCyclic,198,0.5641025641025641,CANONICAL_INPUT_ID_NOT_PROVEN_ADMISSION_ORDER,M_RING
H2S,FULLY_SCHEDULED,SC_S3_C06_M01,SensorCyclic,199,0.5669515669515669,CANONICAL_INPUT_ID_NOT_PROVEN_ADMISSION_ORDER,M_RING
H2S,FULLY_SCHEDULED,SC_S3_C06_M02,SensorCyclic,200,0.5698005698005698,CANONICAL_INPUT_ID_NOT_PROVEN_ADMISSION_ORDER,M_RING
H2S,FULLY_SCHEDULED,SC_S3_C06_M03,SensorCyclic,201,0.5726495726495726,CANONICAL_INPUT_ID_NOT_PROVEN_ADMISSION_ORDER,M_RING
H2S,FULLY_SCHEDULED,SC_S3_C07_M01,SensorCyclic,202,0.5754985754985755,CANONICAL_INPUT_ID_NOT_PROVEN_ADMISSION_ORDER,M_RING
H2S,FULLY_SCHEDULED,SC_S3_C07_M02,SensorCyclic,203,0.5783475783475783,CANONICAL_INPUT_ID_NOT_PROVEN_ADMISSION_ORDER,M_RING
H2S,FULLY_SCHEDULED,SC_S3_C07_M03,SensorCyclic,204,0.5811965811965812,CANONICAL_INPUT_ID_NOT_PROVEN_ADMISSION_ORDER,M_RING
H2S,FULLY_SCHEDULED,SC_S3_C08_M01,SensorCyclic,205,0.584045584045584,CANONICAL_INPUT_ID_NOT_PROVEN_ADMISSION_ORDER,M_RING
H2S,FULLY_SCHEDULED,SC_S3_C08_M02,SensorCyclic,206,0.5868945868945868,CANONICAL_INPUT_ID_NOT_PROVEN_ADMISSION_ORDER,M_RING
H2S,FULLY_SCHEDULED,SC_S3_C08_M03,SensorCyclic,207,0.5897435897435898,CANONICAL_INPUT_ID_NOT_PROVEN_ADMISSION_ORDER,M_RING
H2S,FULLY_SCHEDULED,SC_S4_C01_M01,SensorCyclic,208,0.5925925925925926,CANONICAL_INPUT_ID_NOT_PROVEN_ADMISSION_ORDER,M_RING
H2S,FULLY_SCHEDULED,SC_S4_C01_M02,SensorCyclic,209,0.5954415954415955,CANONICAL_INPUT_ID_NOT_PROVEN_ADMISSION_ORDER,M_RING
H2S,FULLY_SCHEDULED,SC_S4_C01_M03,SensorCyclic,210,0.5982905982905983,CANONICAL_INPUT_ID_NOT_PROVEN_ADMISSION_ORDER,M_RING
H2S,FULLY_SCHEDULED,SC_S4_C02_M01,SensorCyclic,211,0.6011396011396012,CANONICAL_INPUT_ID_NOT_PROVEN_ADMISSION_ORDER,M_RING
H2S,FULLY_SCHEDULED,SC_S4_C02_M02,SensorCyclic,212,0.603988603988604,CANONICAL_INPUT_ID_NOT_PROVEN_ADMISSION_ORDER,M_RING
H2S,FULLY_SCHEDULED,SC_S4_C02_M03,SensorCyclic,213,0.6068376068376068,CANONICAL_INPUT_ID_NOT_PROVEN_ADMISSION_ORDER,M_RING
H2S,FULLY_SCHEDULED,SC_S4_C03_M01,SensorCyclic,214,0.6096866096866097,CANONICAL_INPUT_ID_NOT_PROVEN_ADMISSION_ORDER,M_RING
H2S,FULLY_SCHEDULED,SC_S4_C03_M02,SensorCyclic,215,0.6125356125356125,CANONICAL_INPUT_ID_NOT_PROVEN_ADMISSION_ORDER,M_RING
H2S,FULLY_SCHEDULED,SC_S4_C03_M03,SensorCyclic,216,0.6153846153846154,CANONICAL_INPUT_ID_NOT_PROVEN_ADMISSION_ORDER,M_RING
H2S,FULLY_SCHEDULED,SC_S4_C04_M01,SensorCyclic,217,0.6182336182336182,CANONICAL_INPUT_ID_NOT_PROVEN_ADMISSION_ORDER,M_RING
H2S,FULLY_SCHEDULED,SC_S4_C04_M02,SensorCyclic,218,0.6210826210826211,CANONICAL_INPUT_ID_NOT_PROVEN_ADMISSION_ORDER,M_RING
H2S,FULLY_SCHEDULED,SC_S4_C04_M03,SensorCyclic,219,0.6239316239316239,CANONICAL_INPUT_ID_NOT_PROVEN_ADMISSION_ORDER,M_RING
H2S,FULLY_SCHEDULED,SC_S4_C05_M01,SensorCyclic,220,0.6267806267806267,CANONICAL_INPUT_ID_NOT_PROVEN_ADMISSION_ORDER,M_RING
H2S,FULLY_SCHEDULED,SC_S4_C05_M02,SensorCyclic,221,0.6296296296296297,CANONICAL_INPUT_ID_NOT_PROVEN_ADMISSION_ORDER,M_RING
H2S,FULLY_SCHEDULED,SC_S4_C05_M03,SensorCyclic,222,0.6324786324786325,CANONICAL_INPUT_ID_NOT_PROVEN_ADMISSION_ORDER,M_RING
H2S,FULLY_SCHEDULED,SC_S4_C06_M01,SensorCyclic,223,0.6353276353276354,CANONICAL_INPUT_ID_NOT_PROVEN_ADMISSION_ORDER,M_RING
H2S,FULLY_SCHEDULED,SC_S4_C06_M02,SensorCyclic,224,0.6381766381766382,CANONICAL_INPUT_ID_NOT_PROVEN_ADMISSION_ORDER,M_RING
H2S,FULLY_SCHEDULED,SC_S4_C06_M03,SensorCyclic,225,0.6410256410256411,CANONICAL_INPUT_ID_NOT_PROVEN_ADMISSION_ORDER,M_RING
H2S,FULLY_SCHEDULED,SC_S4_C07_M01,SensorCyclic,226,0.6438746438746439,CANONICAL_INPUT_ID_NOT_PROVEN_ADMISSION_ORDER,M_RING
H2S,FULLY_SCHEDULED,SC_S4_C07_M02,SensorCyclic,227,0.6467236467236467,CANONICAL_INPUT_ID_NOT_PROVEN_ADMISSION_ORDER,M_RING
H2S,FULLY_SCHEDULED,SC_S4_C07_M03,SensorCyclic,228,0.6495726495726496,CANONICAL_INPUT_ID_NOT_PROVEN_ADMISSION_ORDER,M_RING
H2S,FULLY_SCHEDULED,SC_S4_C08_M01,SensorCyclic,229,0.6524216524216524,CANONICAL_INPUT_ID_NOT_PROVEN_ADMISSION_ORDER,M_RING
H2S,FULLY_SCHEDULED,SC_S4_C08_M02,SensorCyclic,230,0.6552706552706553,CANONICAL_INPUT_ID_NOT_PROVEN_ADMISSION_ORDER,M_RING
H2S,FULLY_SCHEDULED,SC_S4_C08_M03,SensorCyclic,231,0.6581196581196581,CANONICAL_INPUT_ID_NOT_PROVEN_ADMISSION_ORDER,M_RING
H2S,FULLY_SCHEDULED,SF_S1_C01_M01,SensorFast,232,0.6609686609686609,CANONICAL_INPUT_ID_NOT_PROVEN_ADMISSION_ORDER,M_RING
H2S,FULLY_SCHEDULED,SF_S1_C01_M02,SensorFast,233,0.6638176638176638,CANONICAL_INPUT_ID_NOT_PROVEN_ADMISSION_ORDER,M_RING
H2S,FULLY_SCHEDULED,SF_S1_C01_M03,SensorFast,234,0.6666666666666666,CANONICAL_INPUT_ID_NOT_PROVEN_ADMISSION_ORDER,M_RING
H2S,FULLY_SCHEDULED,SF_S1_C02_M01,SensorFast,235,0.6695156695156695,CANONICAL_INPUT_ID_NOT_PROVEN_ADMISSION_ORDER,M_RING
H2S,FULLY_SCHEDULED,SF_S1_C02_M02,SensorFast,236,0.6723646723646723,CANONICAL_INPUT_ID_NOT_PROVEN_ADMISSION_ORDER,M_RING
H2S,FULLY_SCHEDULED,SF_S1_C02_M03,SensorFast,237,0.6752136752136753,CANONICAL_INPUT_ID_NOT_PROVEN_ADMISSION_ORDER,M_RING
H2S,FULLY_SCHEDULED,SF_S1_C03_M01,SensorFast,238,0.6780626780626781,CANONICAL_INPUT_ID_NOT_PROVEN_ADMISSION_ORDER,M_RING
H2S,FULLY_SCHEDULED,SF_S1_C03_M02,SensorFast,239,0.6809116809116809,CANONICAL_INPUT_ID_NOT_PROVEN_ADMISSION_ORDER,M_RING
H2S,FULLY_SCHEDULED,SF_S1_C03_M03,SensorFast,240,0.6837606837606838,CANONICAL_INPUT_ID_NOT_PROVEN_ADMISSION_ORDER,M_RING
H2S,FULLY_SCHEDULED,SF_S1_C04_M01,SensorFast,241,0.6866096866096866,CANONICAL_INPUT_ID_NOT_PROVEN_ADMISSION_ORDER,M_RING
H2S,FULLY_SCHEDULED,SF_S1_C04_M02,SensorFast,242,0.6894586894586895,CANONICAL_INPUT_ID_NOT_PROVEN_ADMISSION_ORDER,M_RING
H2S,FULLY_SCHEDULED,SF_S1_C04_M03,SensorFast,243,0.6923076923076923,CANONICAL_INPUT_ID_NOT_PROVEN_ADMISSION_ORDER,M_RING
H2S,FULLY_SCHEDULED,SF_S1_C05_M01,SensorFast,244,0.6951566951566952,CANONICAL_INPUT_ID_NOT_PROVEN_ADMISSION_ORDER,M_RING
H2S,FULLY_SCHEDULED,SF_S1_C05_M02,SensorFast,245,0.698005698005698,CANONICAL_INPUT_ID_NOT_PROVEN_ADMISSION_ORDER,M_RING
H2S,FULLY_SCHEDULED,SF_S1_C05_M03,SensorFast,246,0.7008547008547008,CANONICAL_INPUT_ID_NOT_PROVEN_ADMISSION_ORDER,M_RING
H2S,FULLY_SCHEDULED,SF_S1_C06_M01,SensorFast,247,0.7037037037037037,CANONICAL_INPUT_ID_NOT_PROVEN_ADMISSION_ORDER,M_RING
H2S,FULLY_SCHEDULED,SF_S1_C06_M02,SensorFast,248,0.7065527065527065,CANONICAL_INPUT_ID_NOT_PROVEN_ADMISSION_ORDER,M_RING
H2S,FULLY_SCHEDULED,SF_S1_C06_M03,SensorFast,249,0.7094017094017094,CANONICAL_INPUT_ID_NOT_PROVEN_ADMISSION_ORDER,M_RING
H2S,FULLY_SCHEDULED,SF_S1_C07_M01,SensorFast,250,0.7122507122507122,CANONICAL_INPUT_ID_NOT_PROVEN_ADMISSION_ORDER,M_RING
H2S,FULLY_SCHEDULED,SF_S1_C07_M02,SensorFast,251,0.7150997150997151,CANONICAL_INPUT_ID_NOT_PROVEN_ADMISSION_ORDER,M_RING
H2S,FULLY_SCHEDULED,SF_S1_C07_M03,SensorFast,252,0.717948717948718,CANONICAL_INPUT_ID_NOT_PROVEN_ADMISSION_ORDER,M_RING
H2S,FULLY_SCHEDULED,SF_S1_C08_M01,SensorFast,253,0.7207977207977208,CANONICAL_INPUT_ID_NOT_PROVEN_ADMISSION_ORDER,M_RING
H2S,FULLY_SCHEDULED,SF_S1_C08_M02,SensorFast,254,0.7236467236467237,CANONICAL_INPUT_ID_NOT_PROVEN_ADMISSION_ORDER,M_RING
H2S,FULLY_SCHEDULED,SF_S1_C08_M03,SensorFast,255,0.7264957264957265,CANONICAL_INPUT_ID_NOT_PROVEN_ADMISSION_ORDER,M_RING
H2S,FULLY_SCHEDULED,SF_S2_C01_M01,SensorFast,256,0.7293447293447294,CANONICAL_INPUT_ID_NOT_PROVEN_ADMISSION_ORDER,M_RING
H2S,FULLY_SCHEDULED,SF_S2_C01_M02,SensorFast,257,0.7321937321937322,CANONICAL_INPUT_ID_NOT_PROVEN_ADMISSION_ORDER,M_RING
H2S,FULLY_SCHEDULED,SF_S2_C01_M03,SensorFast,258,0.7350427350427351,CANONICAL_INPUT_ID_NOT_PROVEN_ADMISSION_ORDER,M_RING
H2S,FULLY_SCHEDULED,SF_S2_C02_M01,SensorFast,259,0.7378917378917379,CANONICAL_INPUT_ID_NOT_PROVEN_ADMISSION_ORDER,M_RING
H2S,FULLY_SCHEDULED,SF_S2_C02_M02,SensorFast,260,0.7407407407407407,CANONICAL_INPUT_ID_NOT_PROVEN_ADMISSION_ORDER,M_RING
H2S,FULLY_SCHEDULED,SF_S2_C02_M03,SensorFast,261,0.7435897435897436,CANONICAL_INPUT_ID_NOT_PROVEN_ADMISSION_ORDER,M_RING
H2S,FULLY_SCHEDULED,SF_S2_C03_M01,SensorFast,262,0.7464387464387464,CANONICAL_INPUT_ID_NOT_PROVEN_ADMISSION_ORDER,M_RING
H2S,FULLY_SCHEDULED,SF_S2_C03_M02,SensorFast,263,0.7492877492877493,CANONICAL_INPUT_ID_NOT_PROVEN_ADMISSION_ORDER,M_RING
H2S,FULLY_SCHEDULED,SF_S2_C03_M03,SensorFast,264,0.7521367521367521,CANONICAL_INPUT_ID_NOT_PROVEN_ADMISSION_ORDER,M_RING
H2S,FULLY_SCHEDULED,SF_S2_C04_M01,SensorFast,265,0.7549857549857549,CANONICAL_INPUT_ID_NOT_PROVEN_ADMISSION_ORDER,M_RING
H2S,FULLY_SCHEDULED,SF_S2_C04_M02,SensorFast,266,0.7578347578347578,CANONICAL_INPUT_ID_NOT_PROVEN_ADMISSION_ORDER,M_RING
H2S,FULLY_SCHEDULED,SF_S2_C04_M03,SensorFast,267,0.7606837606837606,CANONICAL_INPUT_ID_NOT_PROVEN_ADMISSION_ORDER,M_RING
H2S,FULLY_SCHEDULED,SF_S2_C05_M01,SensorFast,268,0.7635327635327636,CANONICAL_INPUT_ID_NOT_PROVEN_ADMISSION_ORDER,M_RING
H2S,FULLY_SCHEDULED,SF_S2_C05_M02,SensorFast,269,0.7663817663817664,CANONICAL_INPUT_ID_NOT_PROVEN_ADMISSION_ORDER,M_RING
H2S,FULLY_SCHEDULED,SF_S2_C05_M03,SensorFast,270,0.7692307692307693,CANONICAL_INPUT_ID_NOT_PROVEN_ADMISSION_ORDER,M_RING
H2S,FULLY_SCHEDULED,SF_S2_C06_M01,SensorFast,271,0.7720797720797721,CANONICAL_INPUT_ID_NOT_PROVEN_ADMISSION_ORDER,M_RING
H2S,FULLY_SCHEDULED,SF_S2_C06_M02,SensorFast,272,0.7749287749287749,CANONICAL_INPUT_ID_NOT_PROVEN_ADMISSION_ORDER,M_RING
H2S,FULLY_SCHEDULED,SF_S2_C06_M03,SensorFast,273,0.7777777777777778,CANONICAL_INPUT_ID_NOT_PROVEN_ADMISSION_ORDER,M_RING
H2S,FULLY_SCHEDULED,SF_S2_C07_M01,SensorFast,274,0.7806267806267806,CANONICAL_INPUT_ID_NOT_PROVEN_ADMISSION_ORDER,M_RING
H2S,FULLY_SCHEDULED,SF_S2_C07_M02,SensorFast,275,0.7834757834757835,CANONICAL_INPUT_ID_NOT_PROVEN_ADMISSION_ORDER,M_RING
H2S,FULLY_SCHEDULED,SF_S2_C07_M03,SensorFast,276,0.7863247863247863,CANONICAL_INPUT_ID_NOT_PROVEN_ADMISSION_ORDER,M_RING
H2S,FULLY_SCHEDULED,SF_S2_C08_M01,SensorFast,277,0.7891737891737892,CANONICAL_INPUT_ID_NOT_PROVEN_ADMISSION_ORDER,M_RING
H2S,FULLY_SCHEDULED,SF_S2_C08_M02,SensorFast,278,0.792022792022792,CANONICAL_INPUT_ID_NOT_PROVEN_ADMISSION_ORDER,M_RING
H2S,FULLY_SCHEDULED,SF_S2_C08_M03,SensorFast,279,0.7948717948717948,CANONICAL_INPUT_ID_NOT_PROVEN_ADMISSION_ORDER,M_RING
H2S,FULLY_SCHEDULED,SF_S3_C01_M01,SensorFast,280,0.7977207977207977,CANONICAL_INPUT_ID_NOT_PROVEN_ADMISSION_ORDER,M_RING
H2S,FULLY_SCHEDULED,SF_S3_C01_M02,SensorFast,281,0.8005698005698005,CANONICAL_INPUT_ID_NOT_PROVEN_ADMISSION_ORDER,M_RING
H2S,FULLY_SCHEDULED,SF_S3_C01_M03,SensorFast,282,0.8034188034188035,CANONICAL_INPUT_ID_NOT_PROVEN_ADMISSION_ORDER,M_RING
H2S,FULLY_SCHEDULED,SF_S3_C02_M01,SensorFast,283,0.8062678062678063,CANONICAL_INPUT_ID_NOT_PROVEN_ADMISSION_ORDER,M_RING
H2S,FULLY_SCHEDULED,SF_S3_C02_M02,SensorFast,284,0.8091168091168092,CANONICAL_INPUT_ID_NOT_PROVEN_ADMISSION_ORDER,M_RING
H2S,FULLY_SCHEDULED,SF_S3_C02_M03,SensorFast,285,0.811965811965812,CANONICAL_INPUT_ID_NOT_PROVEN_ADMISSION_ORDER,M_RING
H2S,FULLY_SCHEDULED,SF_S3_C03_M01,SensorFast,286,0.8148148148148148,CANONICAL_INPUT_ID_NOT_PROVEN_ADMISSION_ORDER,M_RING
H2S,FULLY_SCHEDULED,SF_S3_C03_M02,SensorFast,287,0.8176638176638177,CANONICAL_INPUT_ID_NOT_PROVEN_ADMISSION_ORDER,M_RING
H2S,FULLY_SCHEDULED,SF_S3_C03_M03,SensorFast,288,0.8205128205128205,CANONICAL_INPUT_ID_NOT_PROVEN_ADMISSION_ORDER,M_RING
H2S,FULLY_SCHEDULED,SF_S3_C04_M01,SensorFast,289,0.8233618233618234,CANONICAL_INPUT_ID_NOT_PROVEN_ADMISSION_ORDER,M_RING
H2S,FULLY_SCHEDULED,SF_S3_C04_M02,SensorFast,290,0.8262108262108262,CANONICAL_INPUT_ID_NOT_PROVEN_ADMISSION_ORDER,M_RING
H2S,FULLY_SCHEDULED,SF_S3_C04_M03,SensorFast,291,0.8290598290598291,CANONICAL_INPUT_ID_NOT_PROVEN_ADMISSION_ORDER,M_RING
H2S,FULLY_SCHEDULED,SF_S3_C05_M01,SensorFast,292,0.8319088319088319,CANONICAL_INPUT_ID_NOT_PROVEN_ADMISSION_ORDER,M_RING
H2S,FULLY_SCHEDULED,SF_S3_C05_M02,SensorFast,293,0.8347578347578347,CANONICAL_INPUT_ID_NOT_PROVEN_ADMISSION_ORDER,M_RING
H2S,FULLY_SCHEDULED,SF_S3_C05_M03,SensorFast,294,0.8376068376068376,CANONICAL_INPUT_ID_NOT_PROVEN_ADMISSION_ORDER,M_RING
H2S,FULLY_SCHEDULED,SF_S3_C06_M01,SensorFast,295,0.8404558404558404,CANONICAL_INPUT_ID_NOT_PROVEN_ADMISSION_ORDER,M_RING
H2S,FULLY_SCHEDULED,SF_S3_C06_M02,SensorFast,296,0.8433048433048433,CANONICAL_INPUT_ID_NOT_PROVEN_ADMISSION_ORDER,M_RING
H2S,FULLY_SCHEDULED,SF_S3_C06_M03,SensorFast,297,0.8461538461538461,CANONICAL_INPUT_ID_NOT_PROVEN_ADMISSION_ORDER,M_RING
H2S,FULLY_SCHEDULED,SF_S3_C07_M01,SensorFast,298,0.8490028490028491,CANONICAL_INPUT_ID_NOT_PROVEN_ADMISSION_ORDER,M_RING
H2S,FULLY_SCHEDULED,SF_S3_C07_M02,SensorFast,299,0.8518518518518519,CANONICAL_INPUT_ID_NOT_PROVEN_ADMISSION_ORDER,M_RING
H2S,FULLY_SCHEDULED,SF_S3_C07_M03,SensorFast,300,0.8547008547008547,CANONICAL_INPUT_ID_NOT_PROVEN_ADMISSION_ORDER,M_RING
H2S,FULLY_SCHEDULED,SF_S3_C08_M01,SensorFast,301,0.8575498575498576,CANONICAL_INPUT_ID_NOT_PROVEN_ADMISSION_ORDER,M_RING
H2S,FULLY_SCHEDULED,SF_S3_C08_M02,SensorFast,302,0.8603988603988604,CANONICAL_INPUT_ID_NOT_PROVEN_ADMISSION_ORDER,M_RING
H2S,FULLY_SCHEDULED,SF_S3_C08_M03,SensorFast,303,0.8632478632478633,CANONICAL_INPUT_ID_NOT_PROVEN_ADMISSION_ORDER,M_RING
H2S,FULLY_SCHEDULED,SF_S4_C01_M01,SensorFast,304,0.8660968660968661,CANONICAL_INPUT_ID_NOT_PROVEN_ADMISSION_ORDER,M_RING
H2S,FULLY_SCHEDULED,SF_S4_C01_M02,SensorFast,305,0.8689458689458689,CANONICAL_INPUT_ID_NOT_PROVEN_ADMISSION_ORDER,M_RING
H2S,FULLY_SCHEDULED,SF_S4_C01_M03,SensorFast,306,0.8717948717948718,CANONICAL_INPUT_ID_NOT_PROVEN_ADMISSION_ORDER,M_RING
H2S,FULLY_SCHEDULED,SF_S4_C02_M01,SensorFast,307,0.8746438746438746,CANONICAL_INPUT_ID_NOT_PROVEN_ADMISSION_ORDER,M_RING
H2S,FULLY_SCHEDULED,SF_S4_C02_M02,SensorFast,308,0.8774928774928775,CANONICAL_INPUT_ID_NOT_PROVEN_ADMISSION_ORDER,M_RING
H2S,FULLY_SCHEDULED,SF_S4_C02_M03,SensorFast,309,0.8803418803418803,CANONICAL_INPUT_ID_NOT_PROVEN_ADMISSION_ORDER,M_RING
H2S,FULLY_SCHEDULED,SF_S4_C03_M01,SensorFast,310,0.8831908831908832,CANONICAL_INPUT_ID_NOT_PROVEN_ADMISSION_ORDER,M_RING
H2S,FULLY_SCHEDULED,SF_S4_C03_M02,SensorFast,311,0.886039886039886,CANONICAL_INPUT_ID_NOT_PROVEN_ADMISSION_ORDER,M_RING
H2S,FULLY_SCHEDULED,SF_S4_C03_M03,SensorFast,312,0.8888888888888888,CANONICAL_INPUT_ID_NOT_PROVEN_ADMISSION_ORDER,M_RING
H2S,FULLY_SCHEDULED,SF_S4_C04_M01,SensorFast,313,0.8917378917378918,CANONICAL_INPUT_ID_NOT_PROVEN_ADMISSION_ORDER,M_RING
H2S,FULLY_SCHEDULED,SF_S4_C04_M02,SensorFast,314,0.8945868945868946,CANONICAL_INPUT_ID_NOT_PROVEN_ADMISSION_ORDER,M_RING
H2S,FULLY_SCHEDULED,SF_S4_C04_M03,SensorFast,315,0.8974358974358975,CANONICAL_INPUT_ID_NOT_PROVEN_ADMISSION_ORDER,M_RING
H2S,FULLY_SCHEDULED,SF_S4_C05_M01,SensorFast,316,0.9002849002849003,CANONICAL_INPUT_ID_NOT_PROVEN_ADMISSION_ORDER,M_RING
H2S,FULLY_SCHEDULED,SF_S4_C05_M02,SensorFast,317,0.9031339031339032,CANONICAL_INPUT_ID_NOT_PROVEN_ADMISSION_ORDER,M_RING
H2S,FULLY_SCHEDULED,SF_S4_C05_M03,SensorFast,318,0.905982905982906,CANONICAL_INPUT_ID_NOT_PROVEN_ADMISSION_ORDER,M_RING
H2S,FULLY_SCHEDULED,SF_S4_C06_M01,SensorFast,319,0.9088319088319088,CANONICAL_INPUT_ID_NOT_PROVEN_ADMISSION_ORDER,M_RING
H2S,FULLY_SCHEDULED,SF_S4_C06_M02,SensorFast,320,0.9116809116809117,CANONICAL_INPUT_ID_NOT_PROVEN_ADMISSION_ORDER,M_RING
H2S,FULLY_SCHEDULED,SF_S4_C06_M03,SensorFast,321,0.9145299145299145,CANONICAL_INPUT_ID_NOT_PROVEN_ADMISSION_ORDER,M_RING
H2S,FULLY_SCHEDULED,SF_S4_C07_M01,SensorFast,322,0.9173789173789174,CANONICAL_INPUT_ID_NOT_PROVEN_ADMISSION_ORDER,M_RING
H2S,FULLY_SCHEDULED,SF_S4_C07_M02,SensorFast,323,0.9202279202279202,CANONICAL_INPUT_ID_NOT_PROVEN_ADMISSION_ORDER,M_RING
H2S,FULLY_SCHEDULED,SF_S4_C07_M03,SensorFast,324,0.9230769230769231,CANONICAL_INPUT_ID_NOT_PROVEN_ADMISSION_ORDER,M_RING
H2S,FULLY_SCHEDULED,SF_S4_C08_M01,SensorFast,325,0.9259259259259259,CANONICAL_INPUT_ID_NOT_PROVEN_ADMISSION_ORDER,M_RING
H2S,FULLY_SCHEDULED,SF_S4_C08_M02,SensorFast,326,0.9287749287749287,CANONICAL_INPUT_ID_NOT_PROVEN_ADMISSION_ORDER,M_RING
H2S,FULLY_SCHEDULED,SF_S4_C08_M03,SensorFast,327,0.9316239316239316,CANONICAL_INPUT_ID_NOT_PROVEN_ADMISSION_ORDER,M_RING
H2S,FULLY_SCHEDULED,STAT_PLC_C01_M01,MachineStatus,328,0.9344729344729344,CANONICAL_INPUT_ID_NOT_PROVEN_ADMISSION_ORDER,M_RING
H2S,FULLY_SCHEDULED,STAT_PLC_C01_M02,MachineStatus,329,0.9373219373219374,CANONICAL_INPUT_ID_NOT_PROVEN_ADMISSION_ORDER,M_RING
H2S,FULLY_SCHEDULED,STAT_PLC_C01_M03,MachineStatus,330,0.9401709401709402,CANONICAL_INPUT_ID_NOT_PROVEN_ADMISSION_ORDER,M_RING
H2S,FULLY_SCHEDULED,STAT_PLC_C02_M01,MachineStatus,331,0.9430199430199431,CANONICAL_INPUT_ID_NOT_PROVEN_ADMISSION_ORDER,M_RING
H2S,FULLY_SCHEDULED,STAT_PLC_C02_M02,MachineStatus,332,0.9458689458689459,CANONICAL_INPUT_ID_NOT_PROVEN_ADMISSION_ORDER,M_RING
H2S,FULLY_SCHEDULED,STAT_PLC_C02_M03,MachineStatus,333,0.9487179487179487,CANONICAL_INPUT_ID_NOT_PROVEN_ADMISSION_ORDER,M_RING
H2S,FULLY_SCHEDULED,STAT_PLC_C03_M01,MachineStatus,334,0.9515669515669516,CANONICAL_INPUT_ID_NOT_PROVEN_ADMISSION_ORDER,M_RING
H2S,FULLY_SCHEDULED,STAT_PLC_C03_M02,MachineStatus,335,0.9544159544159544,CANONICAL_INPUT_ID_NOT_PROVEN_ADMISSION_ORDER,M_RING
H2S,FULLY_SCHEDULED,STAT_PLC_C03_M03,MachineStatus,336,0.9572649572649573,CANONICAL_INPUT_ID_NOT_PROVEN_ADMISSION_ORDER,M_RING
H2S,FULLY_SCHEDULED,STAT_PLC_C04_M01,MachineStatus,337,0.9601139601139601,CANONICAL_INPUT_ID_NOT_PROVEN_ADMISSION_ORDER,M_RING
H2S,FULLY_SCHEDULED,STAT_PLC_C04_M02,MachineStatus,338,0.9629629629629629,CANONICAL_INPUT_ID_NOT_PROVEN_ADMISSION_ORDER,M_RING
H2S,FULLY_SCHEDULED,STAT_PLC_C04_M03,MachineStatus,339,0.9658119658119658,CANONICAL_INPUT_ID_NOT_PROVEN_ADMISSION_ORDER,M_RING
H2S,FULLY_SCHEDULED,STAT_PLC_C05_M01,MachineStatus,340,0.9686609686609686,CANONICAL_INPUT_ID_NOT_PROVEN_ADMISSION_ORDER,M_RING
H2S,FULLY_SCHEDULED,STAT_PLC_C05_M02,MachineStatus,341,0.9715099715099715,CANONICAL_INPUT_ID_NOT_PROVEN_ADMISSION_ORDER,M_RING
H2S,FULLY_SCHEDULED,STAT_PLC_C05_M03,MachineStatus,342,0.9743589743589743,CANONICAL_INPUT_ID_NOT_PROVEN_ADMISSION_ORDER,M_RING
H2S,FULLY_SCHEDULED,STAT_PLC_C06_M01,MachineStatus,343,0.9772079772079773,CANONICAL_INPUT_ID_NOT_PROVEN_ADMISSION_ORDER,M_RING
H2S,FULLY_SCHEDULED,STAT_PLC_C06_M02,MachineStatus,344,0.98005698005698,CANONICAL_INPUT_ID_NOT_PROVEN_ADMISSION_ORDER,M_RING
H2S,FULLY_SCHEDULED,STAT_PLC_C06_M03,MachineStatus,345,0.9829059829059829,CANONICAL_INPUT_ID_NOT_PROVEN_ADMISSION_ORDER,M_RING
H2S,FULLY_SCHEDULED,STAT_PLC_C07_M01,MachineStatus,346,0.9857549857549858,CANONICAL_INPUT_ID_NOT_PROVEN_ADMISSION_ORDER,M_RING
H2S,FULLY_SCHEDULED,STAT_PLC_C07_M02,MachineStatus,347,0.9886039886039886,CANONICAL_INPUT_ID_NOT_PROVEN_ADMISSION_ORDER,M_RING
H2S,FULLY_SCHEDULED,STAT_PLC_C07_M03,MachineStatus,348,0.9914529914529915,CANONICAL_INPUT_ID_NOT_PROVEN_ADMISSION_ORDER,M_RING
H2S,FULLY_SCHEDULED,STAT_PLC_C08_M01,MachineStatus,349,0.9943019943019943,CANONICAL_INPUT_ID_NOT_PROVEN_ADMISSION_ORDER,M_RING
H2S,FULLY_SCHEDULED,STAT_PLC_C08_M02,MachineStatus,350,0.9971509971509972,CANONICAL_INPUT_ID_NOT_PROVEN_ADMISSION_ORDER,M_RING
H2S,FULLY_SCHEDULED,STAT_PLC_C08_M03,MachineStatus,351,1.0,CANONICAL_INPUT_ID_NOT_PROVEN_ADMISSION_ORDER,M_RING
CELF,FULLY_SCHEDULED,CMD_PLC_C01_M01_A1_C01_M01,ControlCommand,0,0.0,CANONICAL_INPUT_ID_NOT_PROVEN_ADMISSION_ORDER,M_RING
CELF,FULLY_SCHEDULED,CMD_PLC_C01_M01_A2_C01_M01,ControlCommand,1,0.002849002849002849,CANONICAL_INPUT_ID_NOT_PROVEN_ADMISSION_ORDER,M_RING
CELF,FULLY_SCHEDULED,CMD_PLC_C01_M01_A3_C01_M01,ControlCommand,2,0.005698005698005698,CANONICAL_INPUT_ID_NOT_PROVEN_ADMISSION_ORDER,M_RING
CELF,FULLY_SCHEDULED,CMD_PLC_C01_M01_A4_C01_M01,ControlCommand,3,0.008547008547008548,CANONICAL_INPUT_ID_NOT_PROVEN_ADMISSION_ORDER,M_RING
CELF,FULLY_SCHEDULED,CMD_PLC_C01_M02_A1_C01_M02,ControlCommand,4,0.011396011396011397,CANONICAL_INPUT_ID_NOT_PROVEN_ADMISSION_ORDER,M_RING
CELF,FULLY_SCHEDULED,CMD_PLC_C01_M02_A2_C01_M02,ControlCommand,5,0.014245014245014245,CANONICAL_INPUT_ID_NOT_PROVEN_ADMISSION_ORDER,M_RING
CELF,FULLY_SCHEDULED,CMD_PLC_C01_M02_A3_C01_M02,ControlCommand,6,0.017094017094017096,CANONICAL_INPUT_ID_NOT_PROVEN_ADMISSION_ORDER,M_RING
CELF,FULLY_SCHEDULED,CMD_PLC_C01_M02_A4_C01_M02,ControlCommand,7,0.019943019943019943,CANONICAL_INPUT_ID_NOT_PROVEN_ADMISSION_ORDER,M_RING
CELF,FULLY_SCHEDULED,CMD_PLC_C01_M03_A1_C01_M03,ControlCommand,8,0.022792022792022793,CANONICAL_INPUT_ID_NOT_PROVEN_ADMISSION_ORDER,M_RING
CELF,FULLY_SCHEDULED,CMD_PLC_C01_M03_A2_C01_M03,ControlCommand,9,0.02564102564102564,CANONICAL_INPUT_ID_NOT_PROVEN_ADMISSION_ORDER,M_RING
CELF,FULLY_SCHEDULED,CMD_PLC_C01_M03_A3_C01_M03,ControlCommand,10,0.02849002849002849,CANONICAL_INPUT_ID_NOT_PROVEN_ADMISSION_ORDER,M_RING
CELF,FULLY_SCHEDULED,CMD_PLC_C01_M03_A4_C01_M03,ControlCommand,11,0.03133903133903134,CANONICAL_INPUT_ID_NOT_PROVEN_ADMISSION_ORDER,M_RING
CELF,FULLY_SCHEDULED,CMD_PLC_C02_M01_A1_C02_M01,ControlCommand,12,0.03418803418803419,CANONICAL_INPUT_ID_NOT_PROVEN_ADMISSION_ORDER,M_RING
CELF,FULLY_SCHEDULED,CMD_PLC_C02_M01_A2_C02_M01,ControlCommand,13,0.037037037037037035,CANONICAL_INPUT_ID_NOT_PROVEN_ADMISSION_ORDER,M_RING
CELF,FULLY_SCHEDULED,CMD_PLC_C02_M01_A3_C02_M01,ControlCommand,14,0.039886039886039885,CANONICAL_INPUT_ID_NOT_PROVEN_ADMISSION_ORDER,M_RING
CELF,FULLY_SCHEDULED,CMD_PLC_C02_M01_A4_C02_M01,ControlCommand,15,0.042735042735042736,CANONICAL_INPUT_ID_NOT_PROVEN_ADMISSION_ORDER,M_RING
CELF,FULLY_SCHEDULED,CMD_PLC_C02_M02_A1_C02_M02,ControlCommand,16,0.045584045584045586,CANONICAL_INPUT_ID_NOT_PROVEN_ADMISSION_ORDER,M_RING
CELF,FULLY_SCHEDULED,CMD_PLC_C02_M02_A2_C02_M02,ControlCommand,17,0.04843304843304843,CANONICAL_INPUT_ID_NOT_PROVEN_ADMISSION_ORDER,M_RING
CELF,FULLY_SCHEDULED,CMD_PLC_C02_M02_A3_C02_M02,ControlCommand,18,0.05128205128205128,CANONICAL_INPUT_ID_NOT_PROVEN_ADMISSION_ORDER,M_RING
CELF,FULLY_SCHEDULED,CMD_PLC_C02_M02_A4_C02_M02,ControlCommand,19,0.05413105413105413,CANONICAL_INPUT_ID_NOT_PROVEN_ADMISSION_ORDER,M_RING
CELF,FULLY_SCHEDULED,CMD_PLC_C02_M03_A1_C02_M03,ControlCommand,20,0.05698005698005698,CANONICAL_INPUT_ID_NOT_PROVEN_ADMISSION_ORDER,M_RING
CELF,FULLY_SCHEDULED,CMD_PLC_C02_M03_A2_C02_M03,ControlCommand,21,0.05982905982905983,CANONICAL_INPUT_ID_NOT_PROVEN_ADMISSION_ORDER,M_RING
CELF,FULLY_SCHEDULED,CMD_PLC_C02_M03_A3_C02_M03,ControlCommand,22,0.06267806267806268,CANONICAL_INPUT_ID_NOT_PROVEN_ADMISSION_ORDER,M_RING
CELF,FULLY_SCHEDULED,CMD_PLC_C02_M03_A4_C02_M03,ControlCommand,23,0.06552706552706553,CANONICAL_INPUT_ID_NOT_PROVEN_ADMISSION_ORDER,M_RING
CELF,FULLY_SCHEDULED,CMD_PLC_C03_M01_A1_C03_M01,ControlCommand,24,0.06837606837606838,CANONICAL_INPUT_ID_NOT_PROVEN_ADMISSION_ORDER,M_RING
CELF,FULLY_SCHEDULED,CMD_PLC_C03_M01_A2_C03_M01,ControlCommand,25,0.07122507122507123,CANONICAL_INPUT_ID_NOT_PROVEN_ADMISSION_ORDER,M_RING
CELF,FULLY_SCHEDULED,CMD_PLC_C03_M01_A3_C03_M01,ControlCommand,26,0.07407407407407407,CANONICAL_INPUT_ID_NOT_PROVEN_ADMISSION_ORDER,M_RING
CELF,FULLY_SCHEDULED,CMD_PLC_C03_M01_A4_C03_M01,ControlCommand,27,0.07692307692307693,CANONICAL_INPUT_ID_NOT_PROVEN_ADMISSION_ORDER,M_RING
CELF,FULLY_SCHEDULED,CMD_PLC_C03_M02_A1_C03_M02,ControlCommand,28,0.07977207977207977,CANONICAL_INPUT_ID_NOT_PROVEN_ADMISSION_ORDER,M_RING
CELF,FULLY_SCHEDULED,CMD_PLC_C03_M02_A2_C03_M02,ControlCommand,29,0.08262108262108261,CANONICAL_INPUT_ID_NOT_PROVEN_ADMISSION_ORDER,M_RING
CELF,FULLY_SCHEDULED,CMD_PLC_C03_M02_A3_C03_M02,ControlCommand,30,0.08547008547008547,CANONICAL_INPUT_ID_NOT_PROVEN_ADMISSION_ORDER,M_RING
CELF,FULLY_SCHEDULED,CMD_PLC_C03_M02_A4_C03_M02,ControlCommand,31,0.08831908831908832,CANONICAL_INPUT_ID_NOT_PROVEN_ADMISSION_ORDER,M_RING
CELF,FULLY_SCHEDULED,CMD_PLC_C03_M03_A1_C03_M03,ControlCommand,32,0.09116809116809117,CANONICAL_INPUT_ID_NOT_PROVEN_ADMISSION_ORDER,M_RING
CELF,FULLY_SCHEDULED,CMD_PLC_C03_M03_A2_C03_M03,ControlCommand,33,0.09401709401709402,CANONICAL_INPUT_ID_NOT_PROVEN_ADMISSION_ORDER,M_RING
CELF,FULLY_SCHEDULED,CMD_PLC_C03_M03_A3_C03_M03,ControlCommand,34,0.09686609686609686,CANONICAL_INPUT_ID_NOT_PROVEN_ADMISSION_ORDER,M_RING
CELF,FULLY_SCHEDULED,CMD_PLC_C03_M03_A4_C03_M03,ControlCommand,35,0.09971509971509972,CANONICAL_INPUT_ID_NOT_PROVEN_ADMISSION_ORDER,M_RING
CELF,FULLY_SCHEDULED,CMD_PLC_C04_M01_A1_C04_M01,ControlCommand,36,0.10256410256410256,CANONICAL_INPUT_ID_NOT_PROVEN_ADMISSION_ORDER,M_RING
CELF,FULLY_SCHEDULED,CMD_PLC_C04_M01_A2_C04_M01,ControlCommand,37,0.10541310541310542,CANONICAL_INPUT_ID_NOT_PROVEN_ADMISSION_ORDER,M_RING
CELF,FULLY_SCHEDULED,CMD_PLC_C04_M01_A3_C04_M01,ControlCommand,38,0.10826210826210826,CANONICAL_INPUT_ID_NOT_PROVEN_ADMISSION_ORDER,M_RING
CELF,FULLY_SCHEDULED,CMD_PLC_C04_M01_A4_C04_M01,ControlCommand,39,0.1111111111111111,CANONICAL_INPUT_ID_NOT_PROVEN_ADMISSION_ORDER,M_RING
CELF,FULLY_SCHEDULED,CMD_PLC_C04_M02_A1_C04_M02,ControlCommand,40,0.11396011396011396,CANONICAL_INPUT_ID_NOT_PROVEN_ADMISSION_ORDER,M_RING
CELF,FULLY_SCHEDULED,CMD_PLC_C04_M02_A2_C04_M02,ControlCommand,41,0.1168091168091168,CANONICAL_INPUT_ID_NOT_PROVEN_ADMISSION_ORDER,M_RING
CELF,FULLY_SCHEDULED,CMD_PLC_C04_M02_A3_C04_M02,ControlCommand,42,0.11965811965811966,CANONICAL_INPUT_ID_NOT_PROVEN_ADMISSION_ORDER,M_RING
CELF,FULLY_SCHEDULED,CMD_PLC_C04_M02_A4_C04_M02,ControlCommand,43,0.1225071225071225,CANONICAL_INPUT_ID_NOT_PROVEN_ADMISSION_ORDER,M_RING
CELF,FULLY_SCHEDULED,CMD_PLC_C04_M03_A1_C04_M03,ControlCommand,44,0.12535612535612536,CANONICAL_INPUT_ID_NOT_PROVEN_ADMISSION_ORDER,M_RING
CELF,FULLY_SCHEDULED,CMD_PLC_C04_M03_A2_C04_M03,ControlCommand,45,0.1282051282051282,CANONICAL_INPUT_ID_NOT_PROVEN_ADMISSION_ORDER,M_RING
CELF,FULLY_SCHEDULED,CMD_PLC_C04_M03_A3_C04_M03,ControlCommand,46,0.13105413105413105,CANONICAL_INPUT_ID_NOT_PROVEN_ADMISSION_ORDER,M_RING
CELF,FULLY_SCHEDULED,CMD_PLC_C04_M03_A4_C04_M03,ControlCommand,47,0.1339031339031339,CANONICAL_INPUT_ID_NOT_PROVEN_ADMISSION_ORDER,M_RING
CELF,FULLY_SCHEDULED,CMD_PLC_C05_M01_A1_C05_M01,ControlCommand,48,0.13675213675213677,CANONICAL_INPUT_ID_NOT_PROVEN_ADMISSION_ORDER,M_RING
CELF,FULLY_SCHEDULED,CMD_PLC_C05_M01_A2_C05_M01,ControlCommand,49,0.1396011396011396,CANONICAL_INPUT_ID_NOT_PROVEN_ADMISSION_ORDER,M_RING
CELF,FULLY_SCHEDULED,CMD_PLC_C05_M01_A3_C05_M01,ControlCommand,50,0.14245014245014245,CANONICAL_INPUT_ID_NOT_PROVEN_ADMISSION_ORDER,M_RING
CELF,FULLY_SCHEDULED,CMD_PLC_C05_M01_A4_C05_M01,ControlCommand,51,0.1452991452991453,CANONICAL_INPUT_ID_NOT_PROVEN_ADMISSION_ORDER,M_RING
CELF,FULLY_SCHEDULED,CMD_PLC_C05_M02_A1_C05_M02,ControlCommand,52,0.14814814814814814,CANONICAL_INPUT_ID_NOT_PROVEN_ADMISSION_ORDER,M_RING
CELF,FULLY_SCHEDULED,CMD_PLC_C05_M02_A2_C05_M02,ControlCommand,53,0.150997150997151,CANONICAL_INPUT_ID_NOT_PROVEN_ADMISSION_ORDER,M_RING
CELF,FULLY_SCHEDULED,CMD_PLC_C05_M02_A3_C05_M02,ControlCommand,54,0.15384615384615385,CANONICAL_INPUT_ID_NOT_PROVEN_ADMISSION_ORDER,M_RING
CELF,FULLY_SCHEDULED,CMD_PLC_C05_M02_A4_C05_M02,ControlCommand,55,0.15669515669515668,CANONICAL_INPUT_ID_NOT_PROVEN_ADMISSION_ORDER,M_RING
CELF,FULLY_SCHEDULED,CMD_PLC_C05_M03_A1_C05_M03,ControlCommand,56,0.15954415954415954,CANONICAL_INPUT_ID_NOT_PROVEN_ADMISSION_ORDER,M_RING
CELF,FULLY_SCHEDULED,CMD_PLC_C05_M03_A2_C05_M03,ControlCommand,57,0.1623931623931624,CANONICAL_INPUT_ID_NOT_PROVEN_ADMISSION_ORDER,M_RING
CELF,FULLY_SCHEDULED,CMD_PLC_C05_M03_A3_C05_M03,ControlCommand,58,0.16524216524216523,CANONICAL_INPUT_ID_NOT_PROVEN_ADMISSION_ORDER,M_RING
CELF,FULLY_SCHEDULED,CMD_PLC_C05_M03_A4_C05_M03,ControlCommand,59,0.16809116809116809,CANONICAL_INPUT_ID_NOT_PROVEN_ADMISSION_ORDER,M_RING
CELF,FULLY_SCHEDULED,CMD_PLC_C06_M01_A1_C06_M01,ControlCommand,60,0.17094017094017094,CANONICAL_INPUT_ID_NOT_PROVEN_ADMISSION_ORDER,M_RING
CELF,FULLY_SCHEDULED,CMD_PLC_C06_M01_A2_C06_M01,ControlCommand,61,0.1737891737891738,CANONICAL_INPUT_ID_NOT_PROVEN_ADMISSION_ORDER,M_RING
CELF,FULLY_SCHEDULED,CMD_PLC_C06_M01_A3_C06_M01,ControlCommand,62,0.17663817663817663,CANONICAL_INPUT_ID_NOT_PROVEN_ADMISSION_ORDER,M_RING
CELF,FULLY_SCHEDULED,CMD_PLC_C06_M01_A4_C06_M01,ControlCommand,63,0.1794871794871795,CANONICAL_INPUT_ID_NOT_PROVEN_ADMISSION_ORDER,M_RING
CELF,FULLY_SCHEDULED,CMD_PLC_C06_M02_A1_C06_M02,ControlCommand,64,0.18233618233618235,CANONICAL_INPUT_ID_NOT_PROVEN_ADMISSION_ORDER,M_RING
CELF,ZERO_SCHEDULED,CMD_PLC_C06_M02_A2_C06_M02,ControlCommand,65,0.18518518518518517,CANONICAL_INPUT_ID_NOT_PROVEN_ADMISSION_ORDER,M_RING
CELF,FULLY_SCHEDULED,CMD_PLC_C06_M02_A3_C06_M02,ControlCommand,66,0.18803418803418803,CANONICAL_INPUT_ID_NOT_PROVEN_ADMISSION_ORDER,M_RING
CELF,ZERO_SCHEDULED,CMD_PLC_C06_M02_A4_C06_M02,ControlCommand,67,0.1908831908831909,CANONICAL_INPUT_ID_NOT_PROVEN_ADMISSION_ORDER,M_RING
CELF,FULLY_SCHEDULED,CMD_PLC_C06_M03_A1_C06_M03,ControlCommand,68,0.19373219373219372,CANONICAL_INPUT_ID_NOT_PROVEN_ADMISSION_ORDER,M_RING
CELF,FULLY_SCHEDULED,CMD_PLC_C06_M03_A2_C06_M03,ControlCommand,69,0.19658119658119658,CANONICAL_INPUT_ID_NOT_PROVEN_ADMISSION_ORDER,M_RING
CELF,FULLY_SCHEDULED,CMD_PLC_C06_M03_A3_C06_M03,ControlCommand,70,0.19943019943019943,CANONICAL_INPUT_ID_NOT_PROVEN_ADMISSION_ORDER,M_RING
CELF,FULLY_SCHEDULED,CMD_PLC_C06_M03_A4_C06_M03,ControlCommand,71,0.2022792022792023,CANONICAL_INPUT_ID_NOT_PROVEN_ADMISSION_ORDER,M_RING
CELF,FULLY_SCHEDULED,CMD_PLC_C07_M01_A1_C07_M01,ControlCommand,72,0.20512820512820512,CANONICAL_INPUT_ID_NOT_PROVEN_ADMISSION_ORDER,M_RING
CELF,FULLY_SCHEDULED,CMD_PLC_C07_M01_A2_C07_M01,ControlCommand,73,0.20797720797720798,CANONICAL_INPUT_ID_NOT_PROVEN_ADMISSION_ORDER,M_RING
CELF,FULLY_SCHEDULED,CMD_PLC_C07_M01_A3_C07_M01,ControlCommand,74,0.21082621082621084,CANONICAL_INPUT_ID_NOT_PROVEN_ADMISSION_ORDER,M_RING
CELF,FULLY_SCHEDULED,CMD_PLC_C07_M01_A4_C07_M01,ControlCommand,75,0.21367521367521367,CANONICAL_INPUT_ID_NOT_PROVEN_ADMISSION_ORDER,M_RING
CELF,FULLY_SCHEDULED,CMD_PLC_C07_M02_A1_C07_M02,ControlCommand,76,0.21652421652421652,CANONICAL_INPUT_ID_NOT_PROVEN_ADMISSION_ORDER,M_RING
CELF,FULLY_SCHEDULED,CMD_PLC_C07_M02_A2_C07_M02,ControlCommand,77,0.21937321937321938,CANONICAL_INPUT_ID_NOT_PROVEN_ADMISSION_ORDER,M_RING
CELF,FULLY_SCHEDULED,CMD_PLC_C07_M02_A3_C07_M02,ControlCommand,78,0.2222222222222222,CANONICAL_INPUT_ID_NOT_PROVEN_ADMISSION_ORDER,M_RING
CELF,FULLY_SCHEDULED,CMD_PLC_C07_M02_A4_C07_M02,ControlCommand,79,0.22507122507122507,CANONICAL_INPUT_ID_NOT_PROVEN_ADMISSION_ORDER,M_RING
CELF,FULLY_SCHEDULED,CMD_PLC_C07_M03_A1_C07_M03,ControlCommand,80,0.22792022792022792,CANONICAL_INPUT_ID_NOT_PROVEN_ADMISSION_ORDER,M_RING
CELF,FULLY_SCHEDULED,CMD_PLC_C07_M03_A2_C07_M03,ControlCommand,81,0.23076923076923078,CANONICAL_INPUT_ID_NOT_PROVEN_ADMISSION_ORDER,M_RING
CELF,FULLY_SCHEDULED,CMD_PLC_C07_M03_A3_C07_M03,ControlCommand,82,0.2336182336182336,CANONICAL_INPUT_ID_NOT_PROVEN_ADMISSION_ORDER,M_RING
CELF,FULLY_SCHEDULED,CMD_PLC_C07_M03_A4_C07_M03,ControlCommand,83,0.23646723646723647,CANONICAL_INPUT_ID_NOT_PROVEN_ADMISSION_ORDER,M_RING
CELF,FULLY_SCHEDULED,CMD_PLC_C08_M01_A1_C08_M01,ControlCommand,84,0.23931623931623933,CANONICAL_INPUT_ID_NOT_PROVEN_ADMISSION_ORDER,M_RING
CELF,FULLY_SCHEDULED,CMD_PLC_C08_M01_A2_C08_M01,ControlCommand,85,0.24216524216524216,CANONICAL_INPUT_ID_NOT_PROVEN_ADMISSION_ORDER,M_RING
CELF,FULLY_SCHEDULED,CMD_PLC_C08_M01_A3_C08_M01,ControlCommand,86,0.245014245014245,CANONICAL_INPUT_ID_NOT_PROVEN_ADMISSION_ORDER,M_RING
CELF,FULLY_SCHEDULED,CMD_PLC_C08_M01_A4_C08_M01,ControlCommand,87,0.24786324786324787,CANONICAL_INPUT_ID_NOT_PROVEN_ADMISSION_ORDER,M_RING
CELF,FULLY_SCHEDULED,CMD_PLC_C08_M02_A1_C08_M02,ControlCommand,88,0.25071225071225073,CANONICAL_INPUT_ID_NOT_PROVEN_ADMISSION_ORDER,M_RING
CELF,FULLY_SCHEDULED,CMD_PLC_C08_M02_A2_C08_M02,ControlCommand,89,0.2535612535612536,CANONICAL_INPUT_ID_NOT_PROVEN_ADMISSION_ORDER,M_RING
CELF,FULLY_SCHEDULED,CMD_PLC_C08_M02_A3_C08_M02,ControlCommand,90,0.2564102564102564,CANONICAL_INPUT_ID_NOT_PROVEN_ADMISSION_ORDER,M_RING
CELF,FULLY_SCHEDULED,CMD_PLC_C08_M02_A4_C08_M02,ControlCommand,91,0.25925925925925924,CANONICAL_INPUT_ID_NOT_PROVEN_ADMISSION_ORDER,M_RING
CELF,FULLY_SCHEDULED,CMD_PLC_C08_M03_A1_C08_M03,ControlCommand,92,0.2621082621082621,CANONICAL_INPUT_ID_NOT_PROVEN_ADMISSION_ORDER,M_RING
CELF,FULLY_SCHEDULED,CMD_PLC_C08_M03_A2_C08_M03,ControlCommand,93,0.26495726495726496,CANONICAL_INPUT_ID_NOT_PROVEN_ADMISSION_ORDER,M_RING
CELF,FULLY_SCHEDULED,CMD_PLC_C08_M03_A3_C08_M03,ControlCommand,94,0.2678062678062678,CANONICAL_INPUT_ID_NOT_PROVEN_ADMISSION_ORDER,M_RING
CELF,FULLY_SCHEDULED,CMD_PLC_C08_M03_A4_C08_M03,ControlCommand,95,0.2706552706552707,CANONICAL_INPUT_ID_NOT_PROVEN_ADMISSION_ORDER,M_RING
CELF,FULLY_SCHEDULED,COORD_CC_C01_PLC_C01_M01,MachineCoordination,96,0.27350427350427353,CANONICAL_INPUT_ID_NOT_PROVEN_ADMISSION_ORDER,M_RING
CELF,FULLY_SCHEDULED,COORD_CC_C01_PLC_C01_M02,MachineCoordination,97,0.27635327635327633,CANONICAL_INPUT_ID_NOT_PROVEN_ADMISSION_ORDER,M_RING
CELF,FULLY_SCHEDULED,COORD_CC_C01_PLC_C01_M03,MachineCoordination,98,0.2792022792022792,CANONICAL_INPUT_ID_NOT_PROVEN_ADMISSION_ORDER,M_RING
CELF,FULLY_SCHEDULED,COORD_CC_C02_PLC_C02_M01,MachineCoordination,99,0.28205128205128205,CANONICAL_INPUT_ID_NOT_PROVEN_ADMISSION_ORDER,M_RING
CELF,FULLY_SCHEDULED,COORD_CC_C02_PLC_C02_M02,MachineCoordination,100,0.2849002849002849,CANONICAL_INPUT_ID_NOT_PROVEN_ADMISSION_ORDER,M_RING
CELF,FULLY_SCHEDULED,COORD_CC_C02_PLC_C02_M03,MachineCoordination,101,0.28774928774928776,CANONICAL_INPUT_ID_NOT_PROVEN_ADMISSION_ORDER,M_RING
CELF,ZERO_SCHEDULED,COORD_CC_C03_PLC_C03_M01,MachineCoordination,102,0.2905982905982906,CANONICAL_INPUT_ID_NOT_PROVEN_ADMISSION_ORDER,M_RING
CELF,FULLY_SCHEDULED,COORD_CC_C03_PLC_C03_M02,MachineCoordination,103,0.2934472934472934,CANONICAL_INPUT_ID_NOT_PROVEN_ADMISSION_ORDER,M_RING
CELF,FULLY_SCHEDULED,COORD_CC_C03_PLC_C03_M03,MachineCoordination,104,0.2962962962962963,CANONICAL_INPUT_ID_NOT_PROVEN_ADMISSION_ORDER,M_RING
CELF,FULLY_SCHEDULED,COORD_CC_C04_PLC_C04_M01,MachineCoordination,105,0.29914529914529914,CANONICAL_INPUT_ID_NOT_PROVEN_ADMISSION_ORDER,M_RING
CELF,FULLY_SCHEDULED,COORD_CC_C04_PLC_C04_M02,MachineCoordination,106,0.301994301994302,CANONICAL_INPUT_ID_NOT_PROVEN_ADMISSION_ORDER,M_RING
CELF,FULLY_SCHEDULED,COORD_CC_C04_PLC_C04_M03,MachineCoordination,107,0.30484330484330485,CANONICAL_INPUT_ID_NOT_PROVEN_ADMISSION_ORDER,M_RING
CELF,FULLY_SCHEDULED,COORD_CC_C05_PLC_C05_M01,MachineCoordination,108,0.3076923076923077,CANONICAL_INPUT_ID_NOT_PROVEN_ADMISSION_ORDER,M_RING
CELF,ZERO_SCHEDULED,COORD_CC_C05_PLC_C05_M02,MachineCoordination,109,0.31054131054131057,CANONICAL_INPUT_ID_NOT_PROVEN_ADMISSION_ORDER,M_RING
CELF,FULLY_SCHEDULED,COORD_CC_C05_PLC_C05_M03,MachineCoordination,110,0.31339031339031337,CANONICAL_INPUT_ID_NOT_PROVEN_ADMISSION_ORDER,M_RING
CELF,FULLY_SCHEDULED,COORD_CC_C06_PLC_C06_M01,MachineCoordination,111,0.3162393162393162,CANONICAL_INPUT_ID_NOT_PROVEN_ADMISSION_ORDER,M_RING
CELF,FULLY_SCHEDULED,COORD_CC_C06_PLC_C06_M02,MachineCoordination,112,0.3190883190883191,CANONICAL_INPUT_ID_NOT_PROVEN_ADMISSION_ORDER,M_RING
CELF,FULLY_SCHEDULED,COORD_CC_C06_PLC_C06_M03,MachineCoordination,113,0.32193732193732194,CANONICAL_INPUT_ID_NOT_PROVEN_ADMISSION_ORDER,M_RING
CELF,FULLY_SCHEDULED,COORD_CC_C07_PLC_C07_M01,MachineCoordination,114,0.3247863247863248,CANONICAL_INPUT_ID_NOT_PROVEN_ADMISSION_ORDER,M_RING
CELF,FULLY_SCHEDULED,COORD_CC_C07_PLC_C07_M02,MachineCoordination,115,0.32763532763532766,CANONICAL_INPUT_ID_NOT_PROVEN_ADMISSION_ORDER,M_RING
CELF,FULLY_SCHEDULED,COORD_CC_C07_PLC_C07_M03,MachineCoordination,116,0.33048433048433046,CANONICAL_INPUT_ID_NOT_PROVEN_ADMISSION_ORDER,M_RING
CELF,FULLY_SCHEDULED,COORD_CC_C08_PLC_C08_M01,MachineCoordination,117,0.3333333333333333,CANONICAL_INPUT_ID_NOT_PROVEN_ADMISSION_ORDER,M_RING
CELF,FULLY_SCHEDULED,COORD_CC_C08_PLC_C08_M02,MachineCoordination,118,0.33618233618233617,CANONICAL_INPUT_ID_NOT_PROVEN_ADMISSION_ORDER,M_RING
CELF,FULLY_SCHEDULED,COORD_CC_C08_PLC_C08_M03,MachineCoordination,119,0.33903133903133903,CANONICAL_INPUT_ID_NOT_PROVEN_ADMISSION_ORDER,M_RING
CELF,FULLY_SCHEDULED,IC_NEXT_CC_C01,InterCellNext,120,0.3418803418803419,CANONICAL_INPUT_ID_NOT_PROVEN_ADMISSION_ORDER,M_RING
CELF,FULLY_SCHEDULED,IC_NEXT_CC_C02,InterCellNext,121,0.34472934472934474,CANONICAL_INPUT_ID_NOT_PROVEN_ADMISSION_ORDER,M_RING
CELF,FULLY_SCHEDULED,IC_NEXT_CC_C03,InterCellNext,122,0.3475783475783476,CANONICAL_INPUT_ID_NOT_PROVEN_ADMISSION_ORDER,M_RING
CELF,FULLY_SCHEDULED,IC_NEXT_CC_C04,InterCellNext,123,0.3504273504273504,CANONICAL_INPUT_ID_NOT_PROVEN_ADMISSION_ORDER,M_RING
CELF,FULLY_SCHEDULED,IC_NEXT_CC_C05,InterCellNext,124,0.35327635327635326,CANONICAL_INPUT_ID_NOT_PROVEN_ADMISSION_ORDER,M_RING
CELF,FULLY_SCHEDULED,IC_NEXT_CC_C06,InterCellNext,125,0.3561253561253561,CANONICAL_INPUT_ID_NOT_PROVEN_ADMISSION_ORDER,M_RING
CELF,FULLY_SCHEDULED,IC_NEXT_CC_C07,InterCellNext,126,0.358974358974359,CANONICAL_INPUT_ID_NOT_PROVEN_ADMISSION_ORDER,M_RING
CELF,FULLY_SCHEDULED,IC_NEXT_CC_C08,InterCellNext,127,0.36182336182336183,CANONICAL_INPUT_ID_NOT_PROVEN_ADMISSION_ORDER,M_RING
CELF,FULLY_SCHEDULED,IC_PREV_CC_C01,InterCellPrevious,128,0.3646723646723647,CANONICAL_INPUT_ID_NOT_PROVEN_ADMISSION_ORDER,M_RING
CELF,FULLY_SCHEDULED,IC_PREV_CC_C02,InterCellPrevious,129,0.36752136752136755,CANONICAL_INPUT_ID_NOT_PROVEN_ADMISSION_ORDER,M_RING
CELF,FULLY_SCHEDULED,IC_PREV_CC_C03,InterCellPrevious,130,0.37037037037037035,CANONICAL_INPUT_ID_NOT_PROVEN_ADMISSION_ORDER,M_RING
CELF,FULLY_SCHEDULED,IC_PREV_CC_C04,InterCellPrevious,131,0.3732193732193732,CANONICAL_INPUT_ID_NOT_PROVEN_ADMISSION_ORDER,M_RING
CELF,FULLY_SCHEDULED,IC_PREV_CC_C05,InterCellPrevious,132,0.37606837606837606,CANONICAL_INPUT_ID_NOT_PROVEN_ADMISSION_ORDER,M_RING
CELF,FULLY_SCHEDULED,IC_PREV_CC_C06,InterCellPrevious,133,0.3789173789173789,CANONICAL_INPUT_ID_NOT_PROVEN_ADMISSION_ORDER,M_RING
CELF,FULLY_SCHEDULED,IC_PREV_CC_C07,InterCellPrevious,134,0.3817663817663818,CANONICAL_INPUT_ID_NOT_PROVEN_ADMISSION_ORDER,M_RING
CELF,FULLY_SCHEDULED,IC_PREV_CC_C08,InterCellPrevious,135,0.38461538461538464,CANONICAL_INPUT_ID_NOT_PROVEN_ADMISSION_ORDER,M_RING
CELF,FULLY_SCHEDULED,SC_S1_C01_M01,SensorCyclic,136,0.38746438746438744,CANONICAL_INPUT_ID_NOT_PROVEN_ADMISSION_ORDER,M_RING
CELF,FULLY_SCHEDULED,SC_S1_C01_M02,SensorCyclic,137,0.3903133903133903,CANONICAL_INPUT_ID_NOT_PROVEN_ADMISSION_ORDER,M_RING
CELF,FULLY_SCHEDULED,SC_S1_C01_M03,SensorCyclic,138,0.39316239316239315,CANONICAL_INPUT_ID_NOT_PROVEN_ADMISSION_ORDER,M_RING
CELF,FULLY_SCHEDULED,SC_S1_C02_M01,SensorCyclic,139,0.396011396011396,CANONICAL_INPUT_ID_NOT_PROVEN_ADMISSION_ORDER,M_RING
CELF,FULLY_SCHEDULED,SC_S1_C02_M02,SensorCyclic,140,0.39886039886039887,CANONICAL_INPUT_ID_NOT_PROVEN_ADMISSION_ORDER,M_RING
CELF,FULLY_SCHEDULED,SC_S1_C02_M03,SensorCyclic,141,0.4017094017094017,CANONICAL_INPUT_ID_NOT_PROVEN_ADMISSION_ORDER,M_RING
CELF,FULLY_SCHEDULED,SC_S1_C03_M01,SensorCyclic,142,0.4045584045584046,CANONICAL_INPUT_ID_NOT_PROVEN_ADMISSION_ORDER,M_RING
CELF,FULLY_SCHEDULED,SC_S1_C03_M02,SensorCyclic,143,0.4074074074074074,CANONICAL_INPUT_ID_NOT_PROVEN_ADMISSION_ORDER,M_RING
CELF,FULLY_SCHEDULED,SC_S1_C03_M03,SensorCyclic,144,0.41025641025641024,CANONICAL_INPUT_ID_NOT_PROVEN_ADMISSION_ORDER,M_RING
CELF,FULLY_SCHEDULED,SC_S1_C04_M01,SensorCyclic,145,0.4131054131054131,CANONICAL_INPUT_ID_NOT_PROVEN_ADMISSION_ORDER,M_RING
CELF,FULLY_SCHEDULED,SC_S1_C04_M02,SensorCyclic,146,0.41595441595441596,CANONICAL_INPUT_ID_NOT_PROVEN_ADMISSION_ORDER,M_RING
CELF,FULLY_SCHEDULED,SC_S1_C04_M03,SensorCyclic,147,0.4188034188034188,CANONICAL_INPUT_ID_NOT_PROVEN_ADMISSION_ORDER,M_RING
CELF,FULLY_SCHEDULED,SC_S1_C05_M01,SensorCyclic,148,0.42165242165242167,CANONICAL_INPUT_ID_NOT_PROVEN_ADMISSION_ORDER,M_RING
CELF,FULLY_SCHEDULED,SC_S1_C05_M02,SensorCyclic,149,0.42450142450142453,CANONICAL_INPUT_ID_NOT_PROVEN_ADMISSION_ORDER,M_RING
CELF,FULLY_SCHEDULED,SC_S1_C05_M03,SensorCyclic,150,0.42735042735042733,CANONICAL_INPUT_ID_NOT_PROVEN_ADMISSION_ORDER,M_RING
CELF,FULLY_SCHEDULED,SC_S1_C06_M01,SensorCyclic,151,0.4301994301994302,CANONICAL_INPUT_ID_NOT_PROVEN_ADMISSION_ORDER,M_RING
CELF,FULLY_SCHEDULED,SC_S1_C06_M02,SensorCyclic,152,0.43304843304843305,CANONICAL_INPUT_ID_NOT_PROVEN_ADMISSION_ORDER,M_RING
CELF,FULLY_SCHEDULED,SC_S1_C06_M03,SensorCyclic,153,0.4358974358974359,CANONICAL_INPUT_ID_NOT_PROVEN_ADMISSION_ORDER,M_RING
CELF,FULLY_SCHEDULED,SC_S1_C07_M01,SensorCyclic,154,0.43874643874643876,CANONICAL_INPUT_ID_NOT_PROVEN_ADMISSION_ORDER,M_RING
CELF,FULLY_SCHEDULED,SC_S1_C07_M02,SensorCyclic,155,0.4415954415954416,CANONICAL_INPUT_ID_NOT_PROVEN_ADMISSION_ORDER,M_RING
CELF,FULLY_SCHEDULED,SC_S1_C07_M03,SensorCyclic,156,0.4444444444444444,CANONICAL_INPUT_ID_NOT_PROVEN_ADMISSION_ORDER,M_RING
CELF,FULLY_SCHEDULED,SC_S1_C08_M01,SensorCyclic,157,0.4472934472934473,CANONICAL_INPUT_ID_NOT_PROVEN_ADMISSION_ORDER,M_RING
CELF,FULLY_SCHEDULED,SC_S1_C08_M02,SensorCyclic,158,0.45014245014245013,CANONICAL_INPUT_ID_NOT_PROVEN_ADMISSION_ORDER,M_RING
CELF,FULLY_SCHEDULED,SC_S1_C08_M03,SensorCyclic,159,0.452991452991453,CANONICAL_INPUT_ID_NOT_PROVEN_ADMISSION_ORDER,M_RING
CELF,FULLY_SCHEDULED,SC_S2_C01_M01,SensorCyclic,160,0.45584045584045585,CANONICAL_INPUT_ID_NOT_PROVEN_ADMISSION_ORDER,M_RING
CELF,FULLY_SCHEDULED,SC_S2_C01_M02,SensorCyclic,161,0.4586894586894587,CANONICAL_INPUT_ID_NOT_PROVEN_ADMISSION_ORDER,M_RING
CELF,FULLY_SCHEDULED,SC_S2_C01_M03,SensorCyclic,162,0.46153846153846156,CANONICAL_INPUT_ID_NOT_PROVEN_ADMISSION_ORDER,M_RING
CELF,FULLY_SCHEDULED,SC_S2_C02_M01,SensorCyclic,163,0.46438746438746437,CANONICAL_INPUT_ID_NOT_PROVEN_ADMISSION_ORDER,M_RING
CELF,FULLY_SCHEDULED,SC_S2_C02_M02,SensorCyclic,164,0.4672364672364672,CANONICAL_INPUT_ID_NOT_PROVEN_ADMISSION_ORDER,M_RING
CELF,FULLY_SCHEDULED,SC_S2_C02_M03,SensorCyclic,165,0.4700854700854701,CANONICAL_INPUT_ID_NOT_PROVEN_ADMISSION_ORDER,M_RING
CELF,FULLY_SCHEDULED,SC_S2_C03_M01,SensorCyclic,166,0.47293447293447294,CANONICAL_INPUT_ID_NOT_PROVEN_ADMISSION_ORDER,M_RING
CELF,FULLY_SCHEDULED,SC_S2_C03_M02,SensorCyclic,167,0.4757834757834758,CANONICAL_INPUT_ID_NOT_PROVEN_ADMISSION_ORDER,M_RING
CELF,FULLY_SCHEDULED,SC_S2_C03_M03,SensorCyclic,168,0.47863247863247865,CANONICAL_INPUT_ID_NOT_PROVEN_ADMISSION_ORDER,M_RING
CELF,FULLY_SCHEDULED,SC_S2_C04_M01,SensorCyclic,169,0.48148148148148145,CANONICAL_INPUT_ID_NOT_PROVEN_ADMISSION_ORDER,M_RING
CELF,FULLY_SCHEDULED,SC_S2_C04_M02,SensorCyclic,170,0.4843304843304843,CANONICAL_INPUT_ID_NOT_PROVEN_ADMISSION_ORDER,M_RING
CELF,FULLY_SCHEDULED,SC_S2_C04_M03,SensorCyclic,171,0.48717948717948717,CANONICAL_INPUT_ID_NOT_PROVEN_ADMISSION_ORDER,M_RING
CELF,FULLY_SCHEDULED,SC_S2_C05_M01,SensorCyclic,172,0.49002849002849,CANONICAL_INPUT_ID_NOT_PROVEN_ADMISSION_ORDER,M_RING
CELF,FULLY_SCHEDULED,SC_S2_C05_M02,SensorCyclic,173,0.4928774928774929,CANONICAL_INPUT_ID_NOT_PROVEN_ADMISSION_ORDER,M_RING
CELF,FULLY_SCHEDULED,SC_S2_C05_M03,SensorCyclic,174,0.49572649572649574,CANONICAL_INPUT_ID_NOT_PROVEN_ADMISSION_ORDER,M_RING
CELF,FULLY_SCHEDULED,SC_S2_C06_M01,SensorCyclic,175,0.4985754985754986,CANONICAL_INPUT_ID_NOT_PROVEN_ADMISSION_ORDER,M_RING
CELF,FULLY_SCHEDULED,SC_S2_C06_M02,SensorCyclic,176,0.5014245014245015,CANONICAL_INPUT_ID_NOT_PROVEN_ADMISSION_ORDER,M_RING
CELF,FULLY_SCHEDULED,SC_S2_C06_M03,SensorCyclic,177,0.5042735042735043,CANONICAL_INPUT_ID_NOT_PROVEN_ADMISSION_ORDER,M_RING
CELF,FULLY_SCHEDULED,SC_S2_C07_M01,SensorCyclic,178,0.5071225071225072,CANONICAL_INPUT_ID_NOT_PROVEN_ADMISSION_ORDER,M_RING
CELF,FULLY_SCHEDULED,SC_S2_C07_M02,SensorCyclic,179,0.50997150997151,CANONICAL_INPUT_ID_NOT_PROVEN_ADMISSION_ORDER,M_RING
CELF,FULLY_SCHEDULED,SC_S2_C07_M03,SensorCyclic,180,0.5128205128205128,CANONICAL_INPUT_ID_NOT_PROVEN_ADMISSION_ORDER,M_RING
CELF,FULLY_SCHEDULED,SC_S2_C08_M01,SensorCyclic,181,0.5156695156695157,CANONICAL_INPUT_ID_NOT_PROVEN_ADMISSION_ORDER,M_RING
CELF,FULLY_SCHEDULED,SC_S2_C08_M02,SensorCyclic,182,0.5185185185185185,CANONICAL_INPUT_ID_NOT_PROVEN_ADMISSION_ORDER,M_RING
CELF,FULLY_SCHEDULED,SC_S2_C08_M03,SensorCyclic,183,0.5213675213675214,CANONICAL_INPUT_ID_NOT_PROVEN_ADMISSION_ORDER,M_RING
CELF,FULLY_SCHEDULED,SC_S3_C01_M01,SensorCyclic,184,0.5242165242165242,CANONICAL_INPUT_ID_NOT_PROVEN_ADMISSION_ORDER,M_RING
CELF,FULLY_SCHEDULED,SC_S3_C01_M02,SensorCyclic,185,0.5270655270655271,CANONICAL_INPUT_ID_NOT_PROVEN_ADMISSION_ORDER,M_RING
CELF,FULLY_SCHEDULED,SC_S3_C01_M03,SensorCyclic,186,0.5299145299145299,CANONICAL_INPUT_ID_NOT_PROVEN_ADMISSION_ORDER,M_RING
CELF,FULLY_SCHEDULED,SC_S3_C02_M01,SensorCyclic,187,0.5327635327635327,CANONICAL_INPUT_ID_NOT_PROVEN_ADMISSION_ORDER,M_RING
CELF,FULLY_SCHEDULED,SC_S3_C02_M02,SensorCyclic,188,0.5356125356125356,CANONICAL_INPUT_ID_NOT_PROVEN_ADMISSION_ORDER,M_RING
CELF,FULLY_SCHEDULED,SC_S3_C02_M03,SensorCyclic,189,0.5384615384615384,CANONICAL_INPUT_ID_NOT_PROVEN_ADMISSION_ORDER,M_RING
CELF,FULLY_SCHEDULED,SC_S3_C03_M01,SensorCyclic,190,0.5413105413105413,CANONICAL_INPUT_ID_NOT_PROVEN_ADMISSION_ORDER,M_RING
CELF,FULLY_SCHEDULED,SC_S3_C03_M02,SensorCyclic,191,0.5441595441595442,CANONICAL_INPUT_ID_NOT_PROVEN_ADMISSION_ORDER,M_RING
CELF,FULLY_SCHEDULED,SC_S3_C03_M03,SensorCyclic,192,0.5470085470085471,CANONICAL_INPUT_ID_NOT_PROVEN_ADMISSION_ORDER,M_RING
CELF,FULLY_SCHEDULED,SC_S3_C04_M01,SensorCyclic,193,0.5498575498575499,CANONICAL_INPUT_ID_NOT_PROVEN_ADMISSION_ORDER,M_RING
CELF,FULLY_SCHEDULED,SC_S3_C04_M02,SensorCyclic,194,0.5527065527065527,CANONICAL_INPUT_ID_NOT_PROVEN_ADMISSION_ORDER,M_RING
CELF,FULLY_SCHEDULED,SC_S3_C04_M03,SensorCyclic,195,0.5555555555555556,CANONICAL_INPUT_ID_NOT_PROVEN_ADMISSION_ORDER,M_RING
CELF,FULLY_SCHEDULED,SC_S3_C05_M01,SensorCyclic,196,0.5584045584045584,CANONICAL_INPUT_ID_NOT_PROVEN_ADMISSION_ORDER,M_RING
CELF,FULLY_SCHEDULED,SC_S3_C05_M02,SensorCyclic,197,0.5612535612535613,CANONICAL_INPUT_ID_NOT_PROVEN_ADMISSION_ORDER,M_RING
CELF,FULLY_SCHEDULED,SC_S3_C05_M03,SensorCyclic,198,0.5641025641025641,CANONICAL_INPUT_ID_NOT_PROVEN_ADMISSION_ORDER,M_RING
CELF,FULLY_SCHEDULED,SC_S3_C06_M01,SensorCyclic,199,0.5669515669515669,CANONICAL_INPUT_ID_NOT_PROVEN_ADMISSION_ORDER,M_RING
CELF,FULLY_SCHEDULED,SC_S3_C06_M02,SensorCyclic,200,0.5698005698005698,CANONICAL_INPUT_ID_NOT_PROVEN_ADMISSION_ORDER,M_RING
CELF,FULLY_SCHEDULED,SC_S3_C06_M03,SensorCyclic,201,0.5726495726495726,CANONICAL_INPUT_ID_NOT_PROVEN_ADMISSION_ORDER,M_RING
CELF,FULLY_SCHEDULED,SC_S3_C07_M01,SensorCyclic,202,0.5754985754985755,CANONICAL_INPUT_ID_NOT_PROVEN_ADMISSION_ORDER,M_RING
CELF,FULLY_SCHEDULED,SC_S3_C07_M02,SensorCyclic,203,0.5783475783475783,CANONICAL_INPUT_ID_NOT_PROVEN_ADMISSION_ORDER,M_RING
CELF,FULLY_SCHEDULED,SC_S3_C07_M03,SensorCyclic,204,0.5811965811965812,CANONICAL_INPUT_ID_NOT_PROVEN_ADMISSION_ORDER,M_RING
CELF,FULLY_SCHEDULED,SC_S3_C08_M01,SensorCyclic,205,0.584045584045584,CANONICAL_INPUT_ID_NOT_PROVEN_ADMISSION_ORDER,M_RING
CELF,FULLY_SCHEDULED,SC_S3_C08_M02,SensorCyclic,206,0.5868945868945868,CANONICAL_INPUT_ID_NOT_PROVEN_ADMISSION_ORDER,M_RING
CELF,FULLY_SCHEDULED,SC_S3_C08_M03,SensorCyclic,207,0.5897435897435898,CANONICAL_INPUT_ID_NOT_PROVEN_ADMISSION_ORDER,M_RING
CELF,FULLY_SCHEDULED,SC_S4_C01_M01,SensorCyclic,208,0.5925925925925926,CANONICAL_INPUT_ID_NOT_PROVEN_ADMISSION_ORDER,M_RING
CELF,FULLY_SCHEDULED,SC_S4_C01_M02,SensorCyclic,209,0.5954415954415955,CANONICAL_INPUT_ID_NOT_PROVEN_ADMISSION_ORDER,M_RING
CELF,FULLY_SCHEDULED,SC_S4_C01_M03,SensorCyclic,210,0.5982905982905983,CANONICAL_INPUT_ID_NOT_PROVEN_ADMISSION_ORDER,M_RING
CELF,FULLY_SCHEDULED,SC_S4_C02_M01,SensorCyclic,211,0.6011396011396012,CANONICAL_INPUT_ID_NOT_PROVEN_ADMISSION_ORDER,M_RING
CELF,FULLY_SCHEDULED,SC_S4_C02_M02,SensorCyclic,212,0.603988603988604,CANONICAL_INPUT_ID_NOT_PROVEN_ADMISSION_ORDER,M_RING
CELF,FULLY_SCHEDULED,SC_S4_C02_M03,SensorCyclic,213,0.6068376068376068,CANONICAL_INPUT_ID_NOT_PROVEN_ADMISSION_ORDER,M_RING
CELF,FULLY_SCHEDULED,SC_S4_C03_M01,SensorCyclic,214,0.6096866096866097,CANONICAL_INPUT_ID_NOT_PROVEN_ADMISSION_ORDER,M_RING
CELF,FULLY_SCHEDULED,SC_S4_C03_M02,SensorCyclic,215,0.6125356125356125,CANONICAL_INPUT_ID_NOT_PROVEN_ADMISSION_ORDER,M_RING
CELF,FULLY_SCHEDULED,SC_S4_C03_M03,SensorCyclic,216,0.6153846153846154,CANONICAL_INPUT_ID_NOT_PROVEN_ADMISSION_ORDER,M_RING
CELF,FULLY_SCHEDULED,SC_S4_C04_M01,SensorCyclic,217,0.6182336182336182,CANONICAL_INPUT_ID_NOT_PROVEN_ADMISSION_ORDER,M_RING
CELF,FULLY_SCHEDULED,SC_S4_C04_M02,SensorCyclic,218,0.6210826210826211,CANONICAL_INPUT_ID_NOT_PROVEN_ADMISSION_ORDER,M_RING
CELF,FULLY_SCHEDULED,SC_S4_C04_M03,SensorCyclic,219,0.6239316239316239,CANONICAL_INPUT_ID_NOT_PROVEN_ADMISSION_ORDER,M_RING
CELF,FULLY_SCHEDULED,SC_S4_C05_M01,SensorCyclic,220,0.6267806267806267,CANONICAL_INPUT_ID_NOT_PROVEN_ADMISSION_ORDER,M_RING
CELF,FULLY_SCHEDULED,SC_S4_C05_M02,SensorCyclic,221,0.6296296296296297,CANONICAL_INPUT_ID_NOT_PROVEN_ADMISSION_ORDER,M_RING
CELF,FULLY_SCHEDULED,SC_S4_C05_M03,SensorCyclic,222,0.6324786324786325,CANONICAL_INPUT_ID_NOT_PROVEN_ADMISSION_ORDER,M_RING
CELF,FULLY_SCHEDULED,SC_S4_C06_M01,SensorCyclic,223,0.6353276353276354,CANONICAL_INPUT_ID_NOT_PROVEN_ADMISSION_ORDER,M_RING
CELF,FULLY_SCHEDULED,SC_S4_C06_M02,SensorCyclic,224,0.6381766381766382,CANONICAL_INPUT_ID_NOT_PROVEN_ADMISSION_ORDER,M_RING
CELF,FULLY_SCHEDULED,SC_S4_C06_M03,SensorCyclic,225,0.6410256410256411,CANONICAL_INPUT_ID_NOT_PROVEN_ADMISSION_ORDER,M_RING
CELF,FULLY_SCHEDULED,SC_S4_C07_M01,SensorCyclic,226,0.6438746438746439,CANONICAL_INPUT_ID_NOT_PROVEN_ADMISSION_ORDER,M_RING
CELF,FULLY_SCHEDULED,SC_S4_C07_M02,SensorCyclic,227,0.6467236467236467,CANONICAL_INPUT_ID_NOT_PROVEN_ADMISSION_ORDER,M_RING
CELF,FULLY_SCHEDULED,SC_S4_C07_M03,SensorCyclic,228,0.6495726495726496,CANONICAL_INPUT_ID_NOT_PROVEN_ADMISSION_ORDER,M_RING
CELF,FULLY_SCHEDULED,SC_S4_C08_M01,SensorCyclic,229,0.6524216524216524,CANONICAL_INPUT_ID_NOT_PROVEN_ADMISSION_ORDER,M_RING
CELF,FULLY_SCHEDULED,SC_S4_C08_M02,SensorCyclic,230,0.6552706552706553,CANONICAL_INPUT_ID_NOT_PROVEN_ADMISSION_ORDER,M_RING
CELF,FULLY_SCHEDULED,SC_S4_C08_M03,SensorCyclic,231,0.6581196581196581,CANONICAL_INPUT_ID_NOT_PROVEN_ADMISSION_ORDER,M_RING
CELF,FULLY_SCHEDULED,SF_S1_C01_M01,SensorFast,232,0.6609686609686609,CANONICAL_INPUT_ID_NOT_PROVEN_ADMISSION_ORDER,M_RING
CELF,FULLY_SCHEDULED,SF_S1_C01_M02,SensorFast,233,0.6638176638176638,CANONICAL_INPUT_ID_NOT_PROVEN_ADMISSION_ORDER,M_RING
CELF,FULLY_SCHEDULED,SF_S1_C01_M03,SensorFast,234,0.6666666666666666,CANONICAL_INPUT_ID_NOT_PROVEN_ADMISSION_ORDER,M_RING
CELF,FULLY_SCHEDULED,SF_S1_C02_M01,SensorFast,235,0.6695156695156695,CANONICAL_INPUT_ID_NOT_PROVEN_ADMISSION_ORDER,M_RING
CELF,FULLY_SCHEDULED,SF_S1_C02_M02,SensorFast,236,0.6723646723646723,CANONICAL_INPUT_ID_NOT_PROVEN_ADMISSION_ORDER,M_RING
CELF,FULLY_SCHEDULED,SF_S1_C02_M03,SensorFast,237,0.6752136752136753,CANONICAL_INPUT_ID_NOT_PROVEN_ADMISSION_ORDER,M_RING
CELF,FULLY_SCHEDULED,SF_S1_C03_M01,SensorFast,238,0.6780626780626781,CANONICAL_INPUT_ID_NOT_PROVEN_ADMISSION_ORDER,M_RING
CELF,FULLY_SCHEDULED,SF_S1_C03_M02,SensorFast,239,0.6809116809116809,CANONICAL_INPUT_ID_NOT_PROVEN_ADMISSION_ORDER,M_RING
CELF,FULLY_SCHEDULED,SF_S1_C03_M03,SensorFast,240,0.6837606837606838,CANONICAL_INPUT_ID_NOT_PROVEN_ADMISSION_ORDER,M_RING
CELF,FULLY_SCHEDULED,SF_S1_C04_M01,SensorFast,241,0.6866096866096866,CANONICAL_INPUT_ID_NOT_PROVEN_ADMISSION_ORDER,M_RING
CELF,FULLY_SCHEDULED,SF_S1_C04_M02,SensorFast,242,0.6894586894586895,CANONICAL_INPUT_ID_NOT_PROVEN_ADMISSION_ORDER,M_RING
CELF,FULLY_SCHEDULED,SF_S1_C04_M03,SensorFast,243,0.6923076923076923,CANONICAL_INPUT_ID_NOT_PROVEN_ADMISSION_ORDER,M_RING
CELF,FULLY_SCHEDULED,SF_S1_C05_M01,SensorFast,244,0.6951566951566952,CANONICAL_INPUT_ID_NOT_PROVEN_ADMISSION_ORDER,M_RING
CELF,FULLY_SCHEDULED,SF_S1_C05_M02,SensorFast,245,0.698005698005698,CANONICAL_INPUT_ID_NOT_PROVEN_ADMISSION_ORDER,M_RING
CELF,FULLY_SCHEDULED,SF_S1_C05_M03,SensorFast,246,0.7008547008547008,CANONICAL_INPUT_ID_NOT_PROVEN_ADMISSION_ORDER,M_RING
CELF,FULLY_SCHEDULED,SF_S1_C06_M01,SensorFast,247,0.7037037037037037,CANONICAL_INPUT_ID_NOT_PROVEN_ADMISSION_ORDER,M_RING
CELF,FULLY_SCHEDULED,SF_S1_C06_M02,SensorFast,248,0.7065527065527065,CANONICAL_INPUT_ID_NOT_PROVEN_ADMISSION_ORDER,M_RING
CELF,FULLY_SCHEDULED,SF_S1_C06_M03,SensorFast,249,0.7094017094017094,CANONICAL_INPUT_ID_NOT_PROVEN_ADMISSION_ORDER,M_RING
CELF,FULLY_SCHEDULED,SF_S1_C07_M01,SensorFast,250,0.7122507122507122,CANONICAL_INPUT_ID_NOT_PROVEN_ADMISSION_ORDER,M_RING
CELF,FULLY_SCHEDULED,SF_S1_C07_M02,SensorFast,251,0.7150997150997151,CANONICAL_INPUT_ID_NOT_PROVEN_ADMISSION_ORDER,M_RING
CELF,FULLY_SCHEDULED,SF_S1_C07_M03,SensorFast,252,0.717948717948718,CANONICAL_INPUT_ID_NOT_PROVEN_ADMISSION_ORDER,M_RING
CELF,FULLY_SCHEDULED,SF_S1_C08_M01,SensorFast,253,0.7207977207977208,CANONICAL_INPUT_ID_NOT_PROVEN_ADMISSION_ORDER,M_RING
CELF,FULLY_SCHEDULED,SF_S1_C08_M02,SensorFast,254,0.7236467236467237,CANONICAL_INPUT_ID_NOT_PROVEN_ADMISSION_ORDER,M_RING
CELF,FULLY_SCHEDULED,SF_S1_C08_M03,SensorFast,255,0.7264957264957265,CANONICAL_INPUT_ID_NOT_PROVEN_ADMISSION_ORDER,M_RING
CELF,FULLY_SCHEDULED,SF_S2_C01_M01,SensorFast,256,0.7293447293447294,CANONICAL_INPUT_ID_NOT_PROVEN_ADMISSION_ORDER,M_RING
CELF,FULLY_SCHEDULED,SF_S2_C01_M02,SensorFast,257,0.7321937321937322,CANONICAL_INPUT_ID_NOT_PROVEN_ADMISSION_ORDER,M_RING
CELF,FULLY_SCHEDULED,SF_S2_C01_M03,SensorFast,258,0.7350427350427351,CANONICAL_INPUT_ID_NOT_PROVEN_ADMISSION_ORDER,M_RING
CELF,FULLY_SCHEDULED,SF_S2_C02_M01,SensorFast,259,0.7378917378917379,CANONICAL_INPUT_ID_NOT_PROVEN_ADMISSION_ORDER,M_RING
CELF,FULLY_SCHEDULED,SF_S2_C02_M02,SensorFast,260,0.7407407407407407,CANONICAL_INPUT_ID_NOT_PROVEN_ADMISSION_ORDER,M_RING
CELF,FULLY_SCHEDULED,SF_S2_C02_M03,SensorFast,261,0.7435897435897436,CANONICAL_INPUT_ID_NOT_PROVEN_ADMISSION_ORDER,M_RING
CELF,FULLY_SCHEDULED,SF_S2_C03_M01,SensorFast,262,0.7464387464387464,CANONICAL_INPUT_ID_NOT_PROVEN_ADMISSION_ORDER,M_RING
CELF,FULLY_SCHEDULED,SF_S2_C03_M02,SensorFast,263,0.7492877492877493,CANONICAL_INPUT_ID_NOT_PROVEN_ADMISSION_ORDER,M_RING
CELF,FULLY_SCHEDULED,SF_S2_C03_M03,SensorFast,264,0.7521367521367521,CANONICAL_INPUT_ID_NOT_PROVEN_ADMISSION_ORDER,M_RING
CELF,FULLY_SCHEDULED,SF_S2_C04_M01,SensorFast,265,0.7549857549857549,CANONICAL_INPUT_ID_NOT_PROVEN_ADMISSION_ORDER,M_RING
CELF,FULLY_SCHEDULED,SF_S2_C04_M02,SensorFast,266,0.7578347578347578,CANONICAL_INPUT_ID_NOT_PROVEN_ADMISSION_ORDER,M_RING
CELF,FULLY_SCHEDULED,SF_S2_C04_M03,SensorFast,267,0.7606837606837606,CANONICAL_INPUT_ID_NOT_PROVEN_ADMISSION_ORDER,M_RING
CELF,FULLY_SCHEDULED,SF_S2_C05_M01,SensorFast,268,0.7635327635327636,CANONICAL_INPUT_ID_NOT_PROVEN_ADMISSION_ORDER,M_RING
CELF,FULLY_SCHEDULED,SF_S2_C05_M02,SensorFast,269,0.7663817663817664,CANONICAL_INPUT_ID_NOT_PROVEN_ADMISSION_ORDER,M_RING
CELF,FULLY_SCHEDULED,SF_S2_C05_M03,SensorFast,270,0.7692307692307693,CANONICAL_INPUT_ID_NOT_PROVEN_ADMISSION_ORDER,M_RING
CELF,FULLY_SCHEDULED,SF_S2_C06_M01,SensorFast,271,0.7720797720797721,CANONICAL_INPUT_ID_NOT_PROVEN_ADMISSION_ORDER,M_RING
CELF,FULLY_SCHEDULED,SF_S2_C06_M02,SensorFast,272,0.7749287749287749,CANONICAL_INPUT_ID_NOT_PROVEN_ADMISSION_ORDER,M_RING
CELF,FULLY_SCHEDULED,SF_S2_C06_M03,SensorFast,273,0.7777777777777778,CANONICAL_INPUT_ID_NOT_PROVEN_ADMISSION_ORDER,M_RING
CELF,FULLY_SCHEDULED,SF_S2_C07_M01,SensorFast,274,0.7806267806267806,CANONICAL_INPUT_ID_NOT_PROVEN_ADMISSION_ORDER,M_RING
CELF,FULLY_SCHEDULED,SF_S2_C07_M02,SensorFast,275,0.7834757834757835,CANONICAL_INPUT_ID_NOT_PROVEN_ADMISSION_ORDER,M_RING
CELF,FULLY_SCHEDULED,SF_S2_C07_M03,SensorFast,276,0.7863247863247863,CANONICAL_INPUT_ID_NOT_PROVEN_ADMISSION_ORDER,M_RING
CELF,FULLY_SCHEDULED,SF_S2_C08_M01,SensorFast,277,0.7891737891737892,CANONICAL_INPUT_ID_NOT_PROVEN_ADMISSION_ORDER,M_RING
CELF,FULLY_SCHEDULED,SF_S2_C08_M02,SensorFast,278,0.792022792022792,CANONICAL_INPUT_ID_NOT_PROVEN_ADMISSION_ORDER,M_RING
CELF,FULLY_SCHEDULED,SF_S2_C08_M03,SensorFast,279,0.7948717948717948,CANONICAL_INPUT_ID_NOT_PROVEN_ADMISSION_ORDER,M_RING
CELF,FULLY_SCHEDULED,SF_S3_C01_M01,SensorFast,280,0.7977207977207977,CANONICAL_INPUT_ID_NOT_PROVEN_ADMISSION_ORDER,M_RING
CELF,FULLY_SCHEDULED,SF_S3_C01_M02,SensorFast,281,0.8005698005698005,CANONICAL_INPUT_ID_NOT_PROVEN_ADMISSION_ORDER,M_RING
CELF,FULLY_SCHEDULED,SF_S3_C01_M03,SensorFast,282,0.8034188034188035,CANONICAL_INPUT_ID_NOT_PROVEN_ADMISSION_ORDER,M_RING
CELF,FULLY_SCHEDULED,SF_S3_C02_M01,SensorFast,283,0.8062678062678063,CANONICAL_INPUT_ID_NOT_PROVEN_ADMISSION_ORDER,M_RING
CELF,FULLY_SCHEDULED,SF_S3_C02_M02,SensorFast,284,0.8091168091168092,CANONICAL_INPUT_ID_NOT_PROVEN_ADMISSION_ORDER,M_RING
CELF,FULLY_SCHEDULED,SF_S3_C02_M03,SensorFast,285,0.811965811965812,CANONICAL_INPUT_ID_NOT_PROVEN_ADMISSION_ORDER,M_RING
CELF,FULLY_SCHEDULED,SF_S3_C03_M01,SensorFast,286,0.8148148148148148,CANONICAL_INPUT_ID_NOT_PROVEN_ADMISSION_ORDER,M_RING
CELF,FULLY_SCHEDULED,SF_S3_C03_M02,SensorFast,287,0.8176638176638177,CANONICAL_INPUT_ID_NOT_PROVEN_ADMISSION_ORDER,M_RING
CELF,FULLY_SCHEDULED,SF_S3_C03_M03,SensorFast,288,0.8205128205128205,CANONICAL_INPUT_ID_NOT_PROVEN_ADMISSION_ORDER,M_RING
CELF,FULLY_SCHEDULED,SF_S3_C04_M01,SensorFast,289,0.8233618233618234,CANONICAL_INPUT_ID_NOT_PROVEN_ADMISSION_ORDER,M_RING
CELF,FULLY_SCHEDULED,SF_S3_C04_M02,SensorFast,290,0.8262108262108262,CANONICAL_INPUT_ID_NOT_PROVEN_ADMISSION_ORDER,M_RING
CELF,FULLY_SCHEDULED,SF_S3_C04_M03,SensorFast,291,0.8290598290598291,CANONICAL_INPUT_ID_NOT_PROVEN_ADMISSION_ORDER,M_RING
CELF,FULLY_SCHEDULED,SF_S3_C05_M01,SensorFast,292,0.8319088319088319,CANONICAL_INPUT_ID_NOT_PROVEN_ADMISSION_ORDER,M_RING
CELF,FULLY_SCHEDULED,SF_S3_C05_M02,SensorFast,293,0.8347578347578347,CANONICAL_INPUT_ID_NOT_PROVEN_ADMISSION_ORDER,M_RING
CELF,FULLY_SCHEDULED,SF_S3_C05_M03,SensorFast,294,0.8376068376068376,CANONICAL_INPUT_ID_NOT_PROVEN_ADMISSION_ORDER,M_RING
CELF,FULLY_SCHEDULED,SF_S3_C06_M01,SensorFast,295,0.8404558404558404,CANONICAL_INPUT_ID_NOT_PROVEN_ADMISSION_ORDER,M_RING
CELF,FULLY_SCHEDULED,SF_S3_C06_M02,SensorFast,296,0.8433048433048433,CANONICAL_INPUT_ID_NOT_PROVEN_ADMISSION_ORDER,M_RING
CELF,FULLY_SCHEDULED,SF_S3_C06_M03,SensorFast,297,0.8461538461538461,CANONICAL_INPUT_ID_NOT_PROVEN_ADMISSION_ORDER,M_RING
CELF,FULLY_SCHEDULED,SF_S3_C07_M01,SensorFast,298,0.8490028490028491,CANONICAL_INPUT_ID_NOT_PROVEN_ADMISSION_ORDER,M_RING
CELF,FULLY_SCHEDULED,SF_S3_C07_M02,SensorFast,299,0.8518518518518519,CANONICAL_INPUT_ID_NOT_PROVEN_ADMISSION_ORDER,M_RING
CELF,FULLY_SCHEDULED,SF_S3_C07_M03,SensorFast,300,0.8547008547008547,CANONICAL_INPUT_ID_NOT_PROVEN_ADMISSION_ORDER,M_RING
CELF,FULLY_SCHEDULED,SF_S3_C08_M01,SensorFast,301,0.8575498575498576,CANONICAL_INPUT_ID_NOT_PROVEN_ADMISSION_ORDER,M_RING
CELF,FULLY_SCHEDULED,SF_S3_C08_M02,SensorFast,302,0.8603988603988604,CANONICAL_INPUT_ID_NOT_PROVEN_ADMISSION_ORDER,M_RING
CELF,FULLY_SCHEDULED,SF_S3_C08_M03,SensorFast,303,0.8632478632478633,CANONICAL_INPUT_ID_NOT_PROVEN_ADMISSION_ORDER,M_RING
CELF,FULLY_SCHEDULED,SF_S4_C01_M01,SensorFast,304,0.8660968660968661,CANONICAL_INPUT_ID_NOT_PROVEN_ADMISSION_ORDER,M_RING
CELF,FULLY_SCHEDULED,SF_S4_C01_M02,SensorFast,305,0.8689458689458689,CANONICAL_INPUT_ID_NOT_PROVEN_ADMISSION_ORDER,M_RING
CELF,FULLY_SCHEDULED,SF_S4_C01_M03,SensorFast,306,0.8717948717948718,CANONICAL_INPUT_ID_NOT_PROVEN_ADMISSION_ORDER,M_RING
CELF,FULLY_SCHEDULED,SF_S4_C02_M01,SensorFast,307,0.8746438746438746,CANONICAL_INPUT_ID_NOT_PROVEN_ADMISSION_ORDER,M_RING
CELF,FULLY_SCHEDULED,SF_S4_C02_M02,SensorFast,308,0.8774928774928775,CANONICAL_INPUT_ID_NOT_PROVEN_ADMISSION_ORDER,M_RING
CELF,FULLY_SCHEDULED,SF_S4_C02_M03,SensorFast,309,0.8803418803418803,CANONICAL_INPUT_ID_NOT_PROVEN_ADMISSION_ORDER,M_RING
CELF,FULLY_SCHEDULED,SF_S4_C03_M01,SensorFast,310,0.8831908831908832,CANONICAL_INPUT_ID_NOT_PROVEN_ADMISSION_ORDER,M_RING
CELF,FULLY_SCHEDULED,SF_S4_C03_M02,SensorFast,311,0.886039886039886,CANONICAL_INPUT_ID_NOT_PROVEN_ADMISSION_ORDER,M_RING
CELF,FULLY_SCHEDULED,SF_S4_C03_M03,SensorFast,312,0.8888888888888888,CANONICAL_INPUT_ID_NOT_PROVEN_ADMISSION_ORDER,M_RING
CELF,FULLY_SCHEDULED,SF_S4_C04_M01,SensorFast,313,0.8917378917378918,CANONICAL_INPUT_ID_NOT_PROVEN_ADMISSION_ORDER,M_RING
CELF,FULLY_SCHEDULED,SF_S4_C04_M02,SensorFast,314,0.8945868945868946,CANONICAL_INPUT_ID_NOT_PROVEN_ADMISSION_ORDER,M_RING
CELF,FULLY_SCHEDULED,SF_S4_C04_M03,SensorFast,315,0.8974358974358975,CANONICAL_INPUT_ID_NOT_PROVEN_ADMISSION_ORDER,M_RING
CELF,FULLY_SCHEDULED,SF_S4_C05_M01,SensorFast,316,0.9002849002849003,CANONICAL_INPUT_ID_NOT_PROVEN_ADMISSION_ORDER,M_RING
CELF,FULLY_SCHEDULED,SF_S4_C05_M02,SensorFast,317,0.9031339031339032,CANONICAL_INPUT_ID_NOT_PROVEN_ADMISSION_ORDER,M_RING
CELF,FULLY_SCHEDULED,SF_S4_C05_M03,SensorFast,318,0.905982905982906,CANONICAL_INPUT_ID_NOT_PROVEN_ADMISSION_ORDER,M_RING
CELF,FULLY_SCHEDULED,SF_S4_C06_M01,SensorFast,319,0.9088319088319088,CANONICAL_INPUT_ID_NOT_PROVEN_ADMISSION_ORDER,M_RING
CELF,FULLY_SCHEDULED,SF_S4_C06_M02,SensorFast,320,0.9116809116809117,CANONICAL_INPUT_ID_NOT_PROVEN_ADMISSION_ORDER,M_RING
CELF,FULLY_SCHEDULED,SF_S4_C06_M03,SensorFast,321,0.9145299145299145,CANONICAL_INPUT_ID_NOT_PROVEN_ADMISSION_ORDER,M_RING
CELF,FULLY_SCHEDULED,SF_S4_C07_M01,SensorFast,322,0.9173789173789174,CANONICAL_INPUT_ID_NOT_PROVEN_ADMISSION_ORDER,M_RING
CELF,FULLY_SCHEDULED,SF_S4_C07_M02,SensorFast,323,0.9202279202279202,CANONICAL_INPUT_ID_NOT_PROVEN_ADMISSION_ORDER,M_RING
CELF,FULLY_SCHEDULED,SF_S4_C07_M03,SensorFast,324,0.9230769230769231,CANONICAL_INPUT_ID_NOT_PROVEN_ADMISSION_ORDER,M_RING
CELF,FULLY_SCHEDULED,SF_S4_C08_M01,SensorFast,325,0.9259259259259259,CANONICAL_INPUT_ID_NOT_PROVEN_ADMISSION_ORDER,M_RING
CELF,FULLY_SCHEDULED,SF_S4_C08_M02,SensorFast,326,0.9287749287749287,CANONICAL_INPUT_ID_NOT_PROVEN_ADMISSION_ORDER,M_RING
CELF,FULLY_SCHEDULED,SF_S4_C08_M03,SensorFast,327,0.9316239316239316,CANONICAL_INPUT_ID_NOT_PROVEN_ADMISSION_ORDER,M_RING
CELF,FULLY_SCHEDULED,STAT_PLC_C01_M01,MachineStatus,328,0.9344729344729344,CANONICAL_INPUT_ID_NOT_PROVEN_ADMISSION_ORDER,M_RING
CELF,FULLY_SCHEDULED,STAT_PLC_C01_M02,MachineStatus,329,0.9373219373219374,CANONICAL_INPUT_ID_NOT_PROVEN_ADMISSION_ORDER,M_RING
CELF,FULLY_SCHEDULED,STAT_PLC_C01_M03,MachineStatus,330,0.9401709401709402,CANONICAL_INPUT_ID_NOT_PROVEN_ADMISSION_ORDER,M_RING
CELF,FULLY_SCHEDULED,STAT_PLC_C02_M01,MachineStatus,331,0.9430199430199431,CANONICAL_INPUT_ID_NOT_PROVEN_ADMISSION_ORDER,M_RING
CELF,FULLY_SCHEDULED,STAT_PLC_C02_M02,MachineStatus,332,0.9458689458689459,CANONICAL_INPUT_ID_NOT_PROVEN_ADMISSION_ORDER,M_RING
CELF,FULLY_SCHEDULED,STAT_PLC_C02_M03,MachineStatus,333,0.9487179487179487,CANONICAL_INPUT_ID_NOT_PROVEN_ADMISSION_ORDER,M_RING
CELF,FULLY_SCHEDULED,STAT_PLC_C03_M01,MachineStatus,334,0.9515669515669516,CANONICAL_INPUT_ID_NOT_PROVEN_ADMISSION_ORDER,M_RING
CELF,FULLY_SCHEDULED,STAT_PLC_C03_M02,MachineStatus,335,0.9544159544159544,CANONICAL_INPUT_ID_NOT_PROVEN_ADMISSION_ORDER,M_RING
CELF,FULLY_SCHEDULED,STAT_PLC_C03_M03,MachineStatus,336,0.9572649572649573,CANONICAL_INPUT_ID_NOT_PROVEN_ADMISSION_ORDER,M_RING
CELF,FULLY_SCHEDULED,STAT_PLC_C04_M01,MachineStatus,337,0.9601139601139601,CANONICAL_INPUT_ID_NOT_PROVEN_ADMISSION_ORDER,M_RING
CELF,FULLY_SCHEDULED,STAT_PLC_C04_M02,MachineStatus,338,0.9629629629629629,CANONICAL_INPUT_ID_NOT_PROVEN_ADMISSION_ORDER,M_RING
CELF,FULLY_SCHEDULED,STAT_PLC_C04_M03,MachineStatus,339,0.9658119658119658,CANONICAL_INPUT_ID_NOT_PROVEN_ADMISSION_ORDER,M_RING
CELF,FULLY_SCHEDULED,STAT_PLC_C05_M01,MachineStatus,340,0.9686609686609686,CANONICAL_INPUT_ID_NOT_PROVEN_ADMISSION_ORDER,M_RING
CELF,FULLY_SCHEDULED,STAT_PLC_C05_M02,MachineStatus,341,0.9715099715099715,CANONICAL_INPUT_ID_NOT_PROVEN_ADMISSION_ORDER,M_RING
CELF,FULLY_SCHEDULED,STAT_PLC_C05_M03,MachineStatus,342,0.9743589743589743,CANONICAL_INPUT_ID_NOT_PROVEN_ADMISSION_ORDER,M_RING
CELF,FULLY_SCHEDULED,STAT_PLC_C06_M01,MachineStatus,343,0.9772079772079773,CANONICAL_INPUT_ID_NOT_PROVEN_ADMISSION_ORDER,M_RING
CELF,FULLY_SCHEDULED,STAT_PLC_C06_M02,MachineStatus,344,0.98005698005698,CANONICAL_INPUT_ID_NOT_PROVEN_ADMISSION_ORDER,M_RING
CELF,FULLY_SCHEDULED,STAT_PLC_C06_M03,MachineStatus,345,0.9829059829059829,CANONICAL_INPUT_ID_NOT_PROVEN_ADMISSION_ORDER,M_RING
CELF,FULLY_SCHEDULED,STAT_PLC_C07_M01,MachineStatus,346,0.9857549857549858,CANONICAL_INPUT_ID_NOT_PROVEN_ADMISSION_ORDER,M_RING
CELF,FULLY_SCHEDULED,STAT_PLC_C07_M02,MachineStatus,347,0.9886039886039886,CANONICAL_INPUT_ID_NOT_PROVEN_ADMISSION_ORDER,M_RING
CELF,FULLY_SCHEDULED,STAT_PLC_C07_M03,MachineStatus,348,0.9914529914529915,CANONICAL_INPUT_ID_NOT_PROVEN_ADMISSION_ORDER,M_RING
CELF,FULLY_SCHEDULED,STAT_PLC_C08_M01,MachineStatus,349,0.9943019943019943,CANONICAL_INPUT_ID_NOT_PROVEN_ADMISSION_ORDER,M_RING
CELF,FULLY_SCHEDULED,STAT_PLC_C08_M02,MachineStatus,350,0.9971509971509972,CANONICAL_INPUT_ID_NOT_PROVEN_ADMISSION_ORDER,M_RING
CELF,FULLY_SCHEDULED,STAT_PLC_C08_M03,MachineStatus,351,1.0,CANONICAL_INPUT_ID_NOT_PROVEN_ADMISSION_ORDER,M_RING
H2S,FULLY_SCHEDULED,CMD_PLC_C01_M01_A1_C01_M01,ControlCommand,0,0.0,CANONICAL_INPUT_ID_NOT_PROVEN_ADMISSION_ORDER,M_REDSTAR
H2S,FULLY_SCHEDULED,CMD_PLC_C01_M01_A2_C01_M01,ControlCommand,1,0.002849002849002849,CANONICAL_INPUT_ID_NOT_PROVEN_ADMISSION_ORDER,M_REDSTAR
H2S,FULLY_SCHEDULED,CMD_PLC_C01_M01_A3_C01_M01,ControlCommand,2,0.005698005698005698,CANONICAL_INPUT_ID_NOT_PROVEN_ADMISSION_ORDER,M_REDSTAR
H2S,FULLY_SCHEDULED,CMD_PLC_C01_M01_A4_C01_M01,ControlCommand,3,0.008547008547008548,CANONICAL_INPUT_ID_NOT_PROVEN_ADMISSION_ORDER,M_REDSTAR
H2S,FULLY_SCHEDULED,CMD_PLC_C01_M02_A1_C01_M02,ControlCommand,4,0.011396011396011397,CANONICAL_INPUT_ID_NOT_PROVEN_ADMISSION_ORDER,M_REDSTAR
H2S,FULLY_SCHEDULED,CMD_PLC_C01_M02_A2_C01_M02,ControlCommand,5,0.014245014245014245,CANONICAL_INPUT_ID_NOT_PROVEN_ADMISSION_ORDER,M_REDSTAR
H2S,FULLY_SCHEDULED,CMD_PLC_C01_M02_A3_C01_M02,ControlCommand,6,0.017094017094017096,CANONICAL_INPUT_ID_NOT_PROVEN_ADMISSION_ORDER,M_REDSTAR
H2S,FULLY_SCHEDULED,CMD_PLC_C01_M02_A4_C01_M02,ControlCommand,7,0.019943019943019943,CANONICAL_INPUT_ID_NOT_PROVEN_ADMISSION_ORDER,M_REDSTAR
H2S,FULLY_SCHEDULED,CMD_PLC_C01_M03_A1_C01_M03,ControlCommand,8,0.022792022792022793,CANONICAL_INPUT_ID_NOT_PROVEN_ADMISSION_ORDER,M_REDSTAR
H2S,FULLY_SCHEDULED,CMD_PLC_C01_M03_A2_C01_M03,ControlCommand,9,0.02564102564102564,CANONICAL_INPUT_ID_NOT_PROVEN_ADMISSION_ORDER,M_REDSTAR
H2S,FULLY_SCHEDULED,CMD_PLC_C01_M03_A3_C01_M03,ControlCommand,10,0.02849002849002849,CANONICAL_INPUT_ID_NOT_PROVEN_ADMISSION_ORDER,M_REDSTAR
H2S,FULLY_SCHEDULED,CMD_PLC_C01_M03_A4_C01_M03,ControlCommand,11,0.03133903133903134,CANONICAL_INPUT_ID_NOT_PROVEN_ADMISSION_ORDER,M_REDSTAR
H2S,FULLY_SCHEDULED,CMD_PLC_C02_M01_A1_C02_M01,ControlCommand,12,0.03418803418803419,CANONICAL_INPUT_ID_NOT_PROVEN_ADMISSION_ORDER,M_REDSTAR
H2S,FULLY_SCHEDULED,CMD_PLC_C02_M01_A2_C02_M01,ControlCommand,13,0.037037037037037035,CANONICAL_INPUT_ID_NOT_PROVEN_ADMISSION_ORDER,M_REDSTAR
H2S,FULLY_SCHEDULED,CMD_PLC_C02_M01_A3_C02_M01,ControlCommand,14,0.039886039886039885,CANONICAL_INPUT_ID_NOT_PROVEN_ADMISSION_ORDER,M_REDSTAR
H2S,FULLY_SCHEDULED,CMD_PLC_C02_M01_A4_C02_M01,ControlCommand,15,0.042735042735042736,CANONICAL_INPUT_ID_NOT_PROVEN_ADMISSION_ORDER,M_REDSTAR
H2S,FULLY_SCHEDULED,CMD_PLC_C02_M02_A1_C02_M02,ControlCommand,16,0.045584045584045586,CANONICAL_INPUT_ID_NOT_PROVEN_ADMISSION_ORDER,M_REDSTAR
H2S,FULLY_SCHEDULED,CMD_PLC_C02_M02_A2_C02_M02,ControlCommand,17,0.04843304843304843,CANONICAL_INPUT_ID_NOT_PROVEN_ADMISSION_ORDER,M_REDSTAR
H2S,FULLY_SCHEDULED,CMD_PLC_C02_M02_A3_C02_M02,ControlCommand,18,0.05128205128205128,CANONICAL_INPUT_ID_NOT_PROVEN_ADMISSION_ORDER,M_REDSTAR
H2S,FULLY_SCHEDULED,CMD_PLC_C02_M02_A4_C02_M02,ControlCommand,19,0.05413105413105413,CANONICAL_INPUT_ID_NOT_PROVEN_ADMISSION_ORDER,M_REDSTAR
H2S,FULLY_SCHEDULED,CMD_PLC_C02_M03_A1_C02_M03,ControlCommand,20,0.05698005698005698,CANONICAL_INPUT_ID_NOT_PROVEN_ADMISSION_ORDER,M_REDSTAR
H2S,FULLY_SCHEDULED,CMD_PLC_C02_M03_A2_C02_M03,ControlCommand,21,0.05982905982905983,CANONICAL_INPUT_ID_NOT_PROVEN_ADMISSION_ORDER,M_REDSTAR
H2S,FULLY_SCHEDULED,CMD_PLC_C02_M03_A3_C02_M03,ControlCommand,22,0.06267806267806268,CANONICAL_INPUT_ID_NOT_PROVEN_ADMISSION_ORDER,M_REDSTAR
H2S,FULLY_SCHEDULED,CMD_PLC_C02_M03_A4_C02_M03,ControlCommand,23,0.06552706552706553,CANONICAL_INPUT_ID_NOT_PROVEN_ADMISSION_ORDER,M_REDSTAR
H2S,FULLY_SCHEDULED,CMD_PLC_C03_M01_A1_C03_M01,ControlCommand,24,0.06837606837606838,CANONICAL_INPUT_ID_NOT_PROVEN_ADMISSION_ORDER,M_REDSTAR
H2S,FULLY_SCHEDULED,CMD_PLC_C03_M01_A2_C03_M01,ControlCommand,25,0.07122507122507123,CANONICAL_INPUT_ID_NOT_PROVEN_ADMISSION_ORDER,M_REDSTAR
H2S,FULLY_SCHEDULED,CMD_PLC_C03_M01_A3_C03_M01,ControlCommand,26,0.07407407407407407,CANONICAL_INPUT_ID_NOT_PROVEN_ADMISSION_ORDER,M_REDSTAR
H2S,FULLY_SCHEDULED,CMD_PLC_C03_M01_A4_C03_M01,ControlCommand,27,0.07692307692307693,CANONICAL_INPUT_ID_NOT_PROVEN_ADMISSION_ORDER,M_REDSTAR
H2S,FULLY_SCHEDULED,CMD_PLC_C03_M02_A1_C03_M02,ControlCommand,28,0.07977207977207977,CANONICAL_INPUT_ID_NOT_PROVEN_ADMISSION_ORDER,M_REDSTAR
H2S,FULLY_SCHEDULED,CMD_PLC_C03_M02_A2_C03_M02,ControlCommand,29,0.08262108262108261,CANONICAL_INPUT_ID_NOT_PROVEN_ADMISSION_ORDER,M_REDSTAR
H2S,FULLY_SCHEDULED,CMD_PLC_C03_M02_A3_C03_M02,ControlCommand,30,0.08547008547008547,CANONICAL_INPUT_ID_NOT_PROVEN_ADMISSION_ORDER,M_REDSTAR
H2S,FULLY_SCHEDULED,CMD_PLC_C03_M02_A4_C03_M02,ControlCommand,31,0.08831908831908832,CANONICAL_INPUT_ID_NOT_PROVEN_ADMISSION_ORDER,M_REDSTAR
H2S,FULLY_SCHEDULED,CMD_PLC_C03_M03_A1_C03_M03,ControlCommand,32,0.09116809116809117,CANONICAL_INPUT_ID_NOT_PROVEN_ADMISSION_ORDER,M_REDSTAR
H2S,FULLY_SCHEDULED,CMD_PLC_C03_M03_A2_C03_M03,ControlCommand,33,0.09401709401709402,CANONICAL_INPUT_ID_NOT_PROVEN_ADMISSION_ORDER,M_REDSTAR
H2S,FULLY_SCHEDULED,CMD_PLC_C03_M03_A3_C03_M03,ControlCommand,34,0.09686609686609686,CANONICAL_INPUT_ID_NOT_PROVEN_ADMISSION_ORDER,M_REDSTAR
H2S,FULLY_SCHEDULED,CMD_PLC_C03_M03_A4_C03_M03,ControlCommand,35,0.09971509971509972,CANONICAL_INPUT_ID_NOT_PROVEN_ADMISSION_ORDER,M_REDSTAR
H2S,FULLY_SCHEDULED,CMD_PLC_C04_M01_A1_C04_M01,ControlCommand,36,0.10256410256410256,CANONICAL_INPUT_ID_NOT_PROVEN_ADMISSION_ORDER,M_REDSTAR
H2S,FULLY_SCHEDULED,CMD_PLC_C04_M01_A2_C04_M01,ControlCommand,37,0.10541310541310542,CANONICAL_INPUT_ID_NOT_PROVEN_ADMISSION_ORDER,M_REDSTAR
H2S,FULLY_SCHEDULED,CMD_PLC_C04_M01_A3_C04_M01,ControlCommand,38,0.10826210826210826,CANONICAL_INPUT_ID_NOT_PROVEN_ADMISSION_ORDER,M_REDSTAR
H2S,FULLY_SCHEDULED,CMD_PLC_C04_M01_A4_C04_M01,ControlCommand,39,0.1111111111111111,CANONICAL_INPUT_ID_NOT_PROVEN_ADMISSION_ORDER,M_REDSTAR
H2S,FULLY_SCHEDULED,CMD_PLC_C04_M02_A1_C04_M02,ControlCommand,40,0.11396011396011396,CANONICAL_INPUT_ID_NOT_PROVEN_ADMISSION_ORDER,M_REDSTAR
H2S,FULLY_SCHEDULED,CMD_PLC_C04_M02_A2_C04_M02,ControlCommand,41,0.1168091168091168,CANONICAL_INPUT_ID_NOT_PROVEN_ADMISSION_ORDER,M_REDSTAR
H2S,FULLY_SCHEDULED,CMD_PLC_C04_M02_A3_C04_M02,ControlCommand,42,0.11965811965811966,CANONICAL_INPUT_ID_NOT_PROVEN_ADMISSION_ORDER,M_REDSTAR
H2S,FULLY_SCHEDULED,CMD_PLC_C04_M02_A4_C04_M02,ControlCommand,43,0.1225071225071225,CANONICAL_INPUT_ID_NOT_PROVEN_ADMISSION_ORDER,M_REDSTAR
H2S,FULLY_SCHEDULED,CMD_PLC_C04_M03_A1_C04_M03,ControlCommand,44,0.12535612535612536,CANONICAL_INPUT_ID_NOT_PROVEN_ADMISSION_ORDER,M_REDSTAR
H2S,FULLY_SCHEDULED,CMD_PLC_C04_M03_A2_C04_M03,ControlCommand,45,0.1282051282051282,CANONICAL_INPUT_ID_NOT_PROVEN_ADMISSION_ORDER,M_REDSTAR
H2S,FULLY_SCHEDULED,CMD_PLC_C04_M03_A3_C04_M03,ControlCommand,46,0.13105413105413105,CANONICAL_INPUT_ID_NOT_PROVEN_ADMISSION_ORDER,M_REDSTAR
H2S,FULLY_SCHEDULED,CMD_PLC_C04_M03_A4_C04_M03,ControlCommand,47,0.1339031339031339,CANONICAL_INPUT_ID_NOT_PROVEN_ADMISSION_ORDER,M_REDSTAR
H2S,FULLY_SCHEDULED,CMD_PLC_C05_M01_A1_C05_M01,ControlCommand,48,0.13675213675213677,CANONICAL_INPUT_ID_NOT_PROVEN_ADMISSION_ORDER,M_REDSTAR
H2S,FULLY_SCHEDULED,CMD_PLC_C05_M01_A2_C05_M01,ControlCommand,49,0.1396011396011396,CANONICAL_INPUT_ID_NOT_PROVEN_ADMISSION_ORDER,M_REDSTAR
H2S,FULLY_SCHEDULED,CMD_PLC_C05_M01_A3_C05_M01,ControlCommand,50,0.14245014245014245,CANONICAL_INPUT_ID_NOT_PROVEN_ADMISSION_ORDER,M_REDSTAR
H2S,FULLY_SCHEDULED,CMD_PLC_C05_M01_A4_C05_M01,ControlCommand,51,0.1452991452991453,CANONICAL_INPUT_ID_NOT_PROVEN_ADMISSION_ORDER,M_REDSTAR
H2S,FULLY_SCHEDULED,CMD_PLC_C05_M02_A1_C05_M02,ControlCommand,52,0.14814814814814814,CANONICAL_INPUT_ID_NOT_PROVEN_ADMISSION_ORDER,M_REDSTAR
H2S,FULLY_SCHEDULED,CMD_PLC_C05_M02_A2_C05_M02,ControlCommand,53,0.150997150997151,CANONICAL_INPUT_ID_NOT_PROVEN_ADMISSION_ORDER,M_REDSTAR
H2S,FULLY_SCHEDULED,CMD_PLC_C05_M02_A3_C05_M02,ControlCommand,54,0.15384615384615385,CANONICAL_INPUT_ID_NOT_PROVEN_ADMISSION_ORDER,M_REDSTAR
H2S,FULLY_SCHEDULED,CMD_PLC_C05_M02_A4_C05_M02,ControlCommand,55,0.15669515669515668,CANONICAL_INPUT_ID_NOT_PROVEN_ADMISSION_ORDER,M_REDSTAR
H2S,FULLY_SCHEDULED,CMD_PLC_C05_M03_A1_C05_M03,ControlCommand,56,0.15954415954415954,CANONICAL_INPUT_ID_NOT_PROVEN_ADMISSION_ORDER,M_REDSTAR
H2S,FULLY_SCHEDULED,CMD_PLC_C05_M03_A2_C05_M03,ControlCommand,57,0.1623931623931624,CANONICAL_INPUT_ID_NOT_PROVEN_ADMISSION_ORDER,M_REDSTAR
H2S,FULLY_SCHEDULED,CMD_PLC_C05_M03_A3_C05_M03,ControlCommand,58,0.16524216524216523,CANONICAL_INPUT_ID_NOT_PROVEN_ADMISSION_ORDER,M_REDSTAR
H2S,FULLY_SCHEDULED,CMD_PLC_C05_M03_A4_C05_M03,ControlCommand,59,0.16809116809116809,CANONICAL_INPUT_ID_NOT_PROVEN_ADMISSION_ORDER,M_REDSTAR
H2S,FULLY_SCHEDULED,CMD_PLC_C06_M01_A1_C06_M01,ControlCommand,60,0.17094017094017094,CANONICAL_INPUT_ID_NOT_PROVEN_ADMISSION_ORDER,M_REDSTAR
H2S,FULLY_SCHEDULED,CMD_PLC_C06_M01_A2_C06_M01,ControlCommand,61,0.1737891737891738,CANONICAL_INPUT_ID_NOT_PROVEN_ADMISSION_ORDER,M_REDSTAR
H2S,FULLY_SCHEDULED,CMD_PLC_C06_M01_A3_C06_M01,ControlCommand,62,0.17663817663817663,CANONICAL_INPUT_ID_NOT_PROVEN_ADMISSION_ORDER,M_REDSTAR
H2S,FULLY_SCHEDULED,CMD_PLC_C06_M01_A4_C06_M01,ControlCommand,63,0.1794871794871795,CANONICAL_INPUT_ID_NOT_PROVEN_ADMISSION_ORDER,M_REDSTAR
H2S,FULLY_SCHEDULED,CMD_PLC_C06_M02_A1_C06_M02,ControlCommand,64,0.18233618233618235,CANONICAL_INPUT_ID_NOT_PROVEN_ADMISSION_ORDER,M_REDSTAR
H2S,ZERO_SCHEDULED,CMD_PLC_C06_M02_A2_C06_M02,ControlCommand,65,0.18518518518518517,CANONICAL_INPUT_ID_NOT_PROVEN_ADMISSION_ORDER,M_REDSTAR
H2S,FULLY_SCHEDULED,CMD_PLC_C06_M02_A3_C06_M02,ControlCommand,66,0.18803418803418803,CANONICAL_INPUT_ID_NOT_PROVEN_ADMISSION_ORDER,M_REDSTAR
H2S,ZERO_SCHEDULED,CMD_PLC_C06_M02_A4_C06_M02,ControlCommand,67,0.1908831908831909,CANONICAL_INPUT_ID_NOT_PROVEN_ADMISSION_ORDER,M_REDSTAR
H2S,FULLY_SCHEDULED,CMD_PLC_C06_M03_A1_C06_M03,ControlCommand,68,0.19373219373219372,CANONICAL_INPUT_ID_NOT_PROVEN_ADMISSION_ORDER,M_REDSTAR
H2S,FULLY_SCHEDULED,CMD_PLC_C06_M03_A2_C06_M03,ControlCommand,69,0.19658119658119658,CANONICAL_INPUT_ID_NOT_PROVEN_ADMISSION_ORDER,M_REDSTAR
H2S,FULLY_SCHEDULED,CMD_PLC_C06_M03_A3_C06_M03,ControlCommand,70,0.19943019943019943,CANONICAL_INPUT_ID_NOT_PROVEN_ADMISSION_ORDER,M_REDSTAR
H2S,FULLY_SCHEDULED,CMD_PLC_C06_M03_A4_C06_M03,ControlCommand,71,0.2022792022792023,CANONICAL_INPUT_ID_NOT_PROVEN_ADMISSION_ORDER,M_REDSTAR
H2S,FULLY_SCHEDULED,CMD_PLC_C07_M01_A1_C07_M01,ControlCommand,72,0.20512820512820512,CANONICAL_INPUT_ID_NOT_PROVEN_ADMISSION_ORDER,M_REDSTAR
H2S,FULLY_SCHEDULED,CMD_PLC_C07_M01_A2_C07_M01,ControlCommand,73,0.20797720797720798,CANONICAL_INPUT_ID_NOT_PROVEN_ADMISSION_ORDER,M_REDSTAR
H2S,FULLY_SCHEDULED,CMD_PLC_C07_M01_A3_C07_M01,ControlCommand,74,0.21082621082621084,CANONICAL_INPUT_ID_NOT_PROVEN_ADMISSION_ORDER,M_REDSTAR
H2S,FULLY_SCHEDULED,CMD_PLC_C07_M01_A4_C07_M01,ControlCommand,75,0.21367521367521367,CANONICAL_INPUT_ID_NOT_PROVEN_ADMISSION_ORDER,M_REDSTAR
H2S,FULLY_SCHEDULED,CMD_PLC_C07_M02_A1_C07_M02,ControlCommand,76,0.21652421652421652,CANONICAL_INPUT_ID_NOT_PROVEN_ADMISSION_ORDER,M_REDSTAR
H2S,FULLY_SCHEDULED,CMD_PLC_C07_M02_A2_C07_M02,ControlCommand,77,0.21937321937321938,CANONICAL_INPUT_ID_NOT_PROVEN_ADMISSION_ORDER,M_REDSTAR
H2S,FULLY_SCHEDULED,CMD_PLC_C07_M02_A3_C07_M02,ControlCommand,78,0.2222222222222222,CANONICAL_INPUT_ID_NOT_PROVEN_ADMISSION_ORDER,M_REDSTAR
H2S,FULLY_SCHEDULED,CMD_PLC_C07_M02_A4_C07_M02,ControlCommand,79,0.22507122507122507,CANONICAL_INPUT_ID_NOT_PROVEN_ADMISSION_ORDER,M_REDSTAR
H2S,FULLY_SCHEDULED,CMD_PLC_C07_M03_A1_C07_M03,ControlCommand,80,0.22792022792022792,CANONICAL_INPUT_ID_NOT_PROVEN_ADMISSION_ORDER,M_REDSTAR
H2S,FULLY_SCHEDULED,CMD_PLC_C07_M03_A2_C07_M03,ControlCommand,81,0.23076923076923078,CANONICAL_INPUT_ID_NOT_PROVEN_ADMISSION_ORDER,M_REDSTAR
H2S,FULLY_SCHEDULED,CMD_PLC_C07_M03_A3_C07_M03,ControlCommand,82,0.2336182336182336,CANONICAL_INPUT_ID_NOT_PROVEN_ADMISSION_ORDER,M_REDSTAR
H2S,FULLY_SCHEDULED,CMD_PLC_C07_M03_A4_C07_M03,ControlCommand,83,0.23646723646723647,CANONICAL_INPUT_ID_NOT_PROVEN_ADMISSION_ORDER,M_REDSTAR
H2S,FULLY_SCHEDULED,CMD_PLC_C08_M01_A1_C08_M01,ControlCommand,84,0.23931623931623933,CANONICAL_INPUT_ID_NOT_PROVEN_ADMISSION_ORDER,M_REDSTAR
H2S,FULLY_SCHEDULED,CMD_PLC_C08_M01_A2_C08_M01,ControlCommand,85,0.24216524216524216,CANONICAL_INPUT_ID_NOT_PROVEN_ADMISSION_ORDER,M_REDSTAR
H2S,FULLY_SCHEDULED,CMD_PLC_C08_M01_A3_C08_M01,ControlCommand,86,0.245014245014245,CANONICAL_INPUT_ID_NOT_PROVEN_ADMISSION_ORDER,M_REDSTAR
H2S,FULLY_SCHEDULED,CMD_PLC_C08_M01_A4_C08_M01,ControlCommand,87,0.24786324786324787,CANONICAL_INPUT_ID_NOT_PROVEN_ADMISSION_ORDER,M_REDSTAR
H2S,FULLY_SCHEDULED,CMD_PLC_C08_M02_A1_C08_M02,ControlCommand,88,0.25071225071225073,CANONICAL_INPUT_ID_NOT_PROVEN_ADMISSION_ORDER,M_REDSTAR
H2S,FULLY_SCHEDULED,CMD_PLC_C08_M02_A2_C08_M02,ControlCommand,89,0.2535612535612536,CANONICAL_INPUT_ID_NOT_PROVEN_ADMISSION_ORDER,M_REDSTAR
H2S,FULLY_SCHEDULED,CMD_PLC_C08_M02_A3_C08_M02,ControlCommand,90,0.2564102564102564,CANONICAL_INPUT_ID_NOT_PROVEN_ADMISSION_ORDER,M_REDSTAR
H2S,FULLY_SCHEDULED,CMD_PLC_C08_M02_A4_C08_M02,ControlCommand,91,0.25925925925925924,CANONICAL_INPUT_ID_NOT_PROVEN_ADMISSION_ORDER,M_REDSTAR
H2S,FULLY_SCHEDULED,CMD_PLC_C08_M03_A1_C08_M03,ControlCommand,92,0.2621082621082621,CANONICAL_INPUT_ID_NOT_PROVEN_ADMISSION_ORDER,M_REDSTAR
H2S,FULLY_SCHEDULED,CMD_PLC_C08_M03_A2_C08_M03,ControlCommand,93,0.26495726495726496,CANONICAL_INPUT_ID_NOT_PROVEN_ADMISSION_ORDER,M_REDSTAR
H2S,FULLY_SCHEDULED,CMD_PLC_C08_M03_A3_C08_M03,ControlCommand,94,0.2678062678062678,CANONICAL_INPUT_ID_NOT_PROVEN_ADMISSION_ORDER,M_REDSTAR
H2S,FULLY_SCHEDULED,CMD_PLC_C08_M03_A4_C08_M03,ControlCommand,95,0.2706552706552707,CANONICAL_INPUT_ID_NOT_PROVEN_ADMISSION_ORDER,M_REDSTAR
H2S,FULLY_SCHEDULED,COORD_CC_C01_PLC_C01_M01,MachineCoordination,96,0.27350427350427353,CANONICAL_INPUT_ID_NOT_PROVEN_ADMISSION_ORDER,M_REDSTAR
H2S,FULLY_SCHEDULED,COORD_CC_C01_PLC_C01_M02,MachineCoordination,97,0.27635327635327633,CANONICAL_INPUT_ID_NOT_PROVEN_ADMISSION_ORDER,M_REDSTAR
H2S,FULLY_SCHEDULED,COORD_CC_C01_PLC_C01_M03,MachineCoordination,98,0.2792022792022792,CANONICAL_INPUT_ID_NOT_PROVEN_ADMISSION_ORDER,M_REDSTAR
H2S,FULLY_SCHEDULED,COORD_CC_C02_PLC_C02_M01,MachineCoordination,99,0.28205128205128205,CANONICAL_INPUT_ID_NOT_PROVEN_ADMISSION_ORDER,M_REDSTAR
H2S,FULLY_SCHEDULED,COORD_CC_C02_PLC_C02_M02,MachineCoordination,100,0.2849002849002849,CANONICAL_INPUT_ID_NOT_PROVEN_ADMISSION_ORDER,M_REDSTAR
H2S,FULLY_SCHEDULED,COORD_CC_C02_PLC_C02_M03,MachineCoordination,101,0.28774928774928776,CANONICAL_INPUT_ID_NOT_PROVEN_ADMISSION_ORDER,M_REDSTAR
H2S,FULLY_SCHEDULED,COORD_CC_C03_PLC_C03_M01,MachineCoordination,102,0.2905982905982906,CANONICAL_INPUT_ID_NOT_PROVEN_ADMISSION_ORDER,M_REDSTAR
H2S,FULLY_SCHEDULED,COORD_CC_C03_PLC_C03_M02,MachineCoordination,103,0.2934472934472934,CANONICAL_INPUT_ID_NOT_PROVEN_ADMISSION_ORDER,M_REDSTAR
H2S,FULLY_SCHEDULED,COORD_CC_C03_PLC_C03_M03,MachineCoordination,104,0.2962962962962963,CANONICAL_INPUT_ID_NOT_PROVEN_ADMISSION_ORDER,M_REDSTAR
H2S,FULLY_SCHEDULED,COORD_CC_C04_PLC_C04_M01,MachineCoordination,105,0.29914529914529914,CANONICAL_INPUT_ID_NOT_PROVEN_ADMISSION_ORDER,M_REDSTAR
H2S,FULLY_SCHEDULED,COORD_CC_C04_PLC_C04_M02,MachineCoordination,106,0.301994301994302,CANONICAL_INPUT_ID_NOT_PROVEN_ADMISSION_ORDER,M_REDSTAR
H2S,FULLY_SCHEDULED,COORD_CC_C04_PLC_C04_M03,MachineCoordination,107,0.30484330484330485,CANONICAL_INPUT_ID_NOT_PROVEN_ADMISSION_ORDER,M_REDSTAR
H2S,FULLY_SCHEDULED,COORD_CC_C05_PLC_C05_M01,MachineCoordination,108,0.3076923076923077,CANONICAL_INPUT_ID_NOT_PROVEN_ADMISSION_ORDER,M_REDSTAR
H2S,ZERO_SCHEDULED,COORD_CC_C05_PLC_C05_M02,MachineCoordination,109,0.31054131054131057,CANONICAL_INPUT_ID_NOT_PROVEN_ADMISSION_ORDER,M_REDSTAR
H2S,FULLY_SCHEDULED,COORD_CC_C05_PLC_C05_M03,MachineCoordination,110,0.31339031339031337,CANONICAL_INPUT_ID_NOT_PROVEN_ADMISSION_ORDER,M_REDSTAR
H2S,FULLY_SCHEDULED,COORD_CC_C06_PLC_C06_M01,MachineCoordination,111,0.3162393162393162,CANONICAL_INPUT_ID_NOT_PROVEN_ADMISSION_ORDER,M_REDSTAR
H2S,FULLY_SCHEDULED,COORD_CC_C06_PLC_C06_M02,MachineCoordination,112,0.3190883190883191,CANONICAL_INPUT_ID_NOT_PROVEN_ADMISSION_ORDER,M_REDSTAR
H2S,FULLY_SCHEDULED,COORD_CC_C06_PLC_C06_M03,MachineCoordination,113,0.32193732193732194,CANONICAL_INPUT_ID_NOT_PROVEN_ADMISSION_ORDER,M_REDSTAR
H2S,FULLY_SCHEDULED,COORD_CC_C07_PLC_C07_M01,MachineCoordination,114,0.3247863247863248,CANONICAL_INPUT_ID_NOT_PROVEN_ADMISSION_ORDER,M_REDSTAR
H2S,FULLY_SCHEDULED,COORD_CC_C07_PLC_C07_M02,MachineCoordination,115,0.32763532763532766,CANONICAL_INPUT_ID_NOT_PROVEN_ADMISSION_ORDER,M_REDSTAR
H2S,FULLY_SCHEDULED,COORD_CC_C07_PLC_C07_M03,MachineCoordination,116,0.33048433048433046,CANONICAL_INPUT_ID_NOT_PROVEN_ADMISSION_ORDER,M_REDSTAR
H2S,FULLY_SCHEDULED,COORD_CC_C08_PLC_C08_M01,MachineCoordination,117,0.3333333333333333,CANONICAL_INPUT_ID_NOT_PROVEN_ADMISSION_ORDER,M_REDSTAR
H2S,FULLY_SCHEDULED,COORD_CC_C08_PLC_C08_M02,MachineCoordination,118,0.33618233618233617,CANONICAL_INPUT_ID_NOT_PROVEN_ADMISSION_ORDER,M_REDSTAR
H2S,FULLY_SCHEDULED,COORD_CC_C08_PLC_C08_M03,MachineCoordination,119,0.33903133903133903,CANONICAL_INPUT_ID_NOT_PROVEN_ADMISSION_ORDER,M_REDSTAR
H2S,FULLY_SCHEDULED,IC_NEXT_CC_C01,InterCellNext,120,0.3418803418803419,CANONICAL_INPUT_ID_NOT_PROVEN_ADMISSION_ORDER,M_REDSTAR
H2S,FULLY_SCHEDULED,IC_NEXT_CC_C02,InterCellNext,121,0.34472934472934474,CANONICAL_INPUT_ID_NOT_PROVEN_ADMISSION_ORDER,M_REDSTAR
H2S,FULLY_SCHEDULED,IC_NEXT_CC_C03,InterCellNext,122,0.3475783475783476,CANONICAL_INPUT_ID_NOT_PROVEN_ADMISSION_ORDER,M_REDSTAR
H2S,FULLY_SCHEDULED,IC_NEXT_CC_C04,InterCellNext,123,0.3504273504273504,CANONICAL_INPUT_ID_NOT_PROVEN_ADMISSION_ORDER,M_REDSTAR
H2S,FULLY_SCHEDULED,IC_NEXT_CC_C05,InterCellNext,124,0.35327635327635326,CANONICAL_INPUT_ID_NOT_PROVEN_ADMISSION_ORDER,M_REDSTAR
H2S,FULLY_SCHEDULED,IC_NEXT_CC_C06,InterCellNext,125,0.3561253561253561,CANONICAL_INPUT_ID_NOT_PROVEN_ADMISSION_ORDER,M_REDSTAR
H2S,FULLY_SCHEDULED,IC_NEXT_CC_C07,InterCellNext,126,0.358974358974359,CANONICAL_INPUT_ID_NOT_PROVEN_ADMISSION_ORDER,M_REDSTAR
H2S,FULLY_SCHEDULED,IC_NEXT_CC_C08,InterCellNext,127,0.36182336182336183,CANONICAL_INPUT_ID_NOT_PROVEN_ADMISSION_ORDER,M_REDSTAR
H2S,FULLY_SCHEDULED,IC_PREV_CC_C01,InterCellPrevious,128,0.3646723646723647,CANONICAL_INPUT_ID_NOT_PROVEN_ADMISSION_ORDER,M_REDSTAR
H2S,FULLY_SCHEDULED,IC_PREV_CC_C02,InterCellPrevious,129,0.36752136752136755,CANONICAL_INPUT_ID_NOT_PROVEN_ADMISSION_ORDER,M_REDSTAR
H2S,ZERO_SCHEDULED,IC_PREV_CC_C03,InterCellPrevious,130,0.37037037037037035,CANONICAL_INPUT_ID_NOT_PROVEN_ADMISSION_ORDER,M_REDSTAR
H2S,FULLY_SCHEDULED,IC_PREV_CC_C04,InterCellPrevious,131,0.3732193732193732,CANONICAL_INPUT_ID_NOT_PROVEN_ADMISSION_ORDER,M_REDSTAR
H2S,FULLY_SCHEDULED,IC_PREV_CC_C05,InterCellPrevious,132,0.37606837606837606,CANONICAL_INPUT_ID_NOT_PROVEN_ADMISSION_ORDER,M_REDSTAR
H2S,FULLY_SCHEDULED,IC_PREV_CC_C06,InterCellPrevious,133,0.3789173789173789,CANONICAL_INPUT_ID_NOT_PROVEN_ADMISSION_ORDER,M_REDSTAR
H2S,FULLY_SCHEDULED,IC_PREV_CC_C07,InterCellPrevious,134,0.3817663817663818,CANONICAL_INPUT_ID_NOT_PROVEN_ADMISSION_ORDER,M_REDSTAR
H2S,FULLY_SCHEDULED,IC_PREV_CC_C08,InterCellPrevious,135,0.38461538461538464,CANONICAL_INPUT_ID_NOT_PROVEN_ADMISSION_ORDER,M_REDSTAR
H2S,FULLY_SCHEDULED,SC_S1_C01_M01,SensorCyclic,136,0.38746438746438744,CANONICAL_INPUT_ID_NOT_PROVEN_ADMISSION_ORDER,M_REDSTAR
H2S,FULLY_SCHEDULED,SC_S1_C01_M02,SensorCyclic,137,0.3903133903133903,CANONICAL_INPUT_ID_NOT_PROVEN_ADMISSION_ORDER,M_REDSTAR
H2S,FULLY_SCHEDULED,SC_S1_C01_M03,SensorCyclic,138,0.39316239316239315,CANONICAL_INPUT_ID_NOT_PROVEN_ADMISSION_ORDER,M_REDSTAR
H2S,FULLY_SCHEDULED,SC_S1_C02_M01,SensorCyclic,139,0.396011396011396,CANONICAL_INPUT_ID_NOT_PROVEN_ADMISSION_ORDER,M_REDSTAR
H2S,FULLY_SCHEDULED,SC_S1_C02_M02,SensorCyclic,140,0.39886039886039887,CANONICAL_INPUT_ID_NOT_PROVEN_ADMISSION_ORDER,M_REDSTAR
H2S,FULLY_SCHEDULED,SC_S1_C02_M03,SensorCyclic,141,0.4017094017094017,CANONICAL_INPUT_ID_NOT_PROVEN_ADMISSION_ORDER,M_REDSTAR
H2S,FULLY_SCHEDULED,SC_S1_C03_M01,SensorCyclic,142,0.4045584045584046,CANONICAL_INPUT_ID_NOT_PROVEN_ADMISSION_ORDER,M_REDSTAR
H2S,FULLY_SCHEDULED,SC_S1_C03_M02,SensorCyclic,143,0.4074074074074074,CANONICAL_INPUT_ID_NOT_PROVEN_ADMISSION_ORDER,M_REDSTAR
H2S,FULLY_SCHEDULED,SC_S1_C03_M03,SensorCyclic,144,0.41025641025641024,CANONICAL_INPUT_ID_NOT_PROVEN_ADMISSION_ORDER,M_REDSTAR
H2S,FULLY_SCHEDULED,SC_S1_C04_M01,SensorCyclic,145,0.4131054131054131,CANONICAL_INPUT_ID_NOT_PROVEN_ADMISSION_ORDER,M_REDSTAR
H2S,FULLY_SCHEDULED,SC_S1_C04_M02,SensorCyclic,146,0.41595441595441596,CANONICAL_INPUT_ID_NOT_PROVEN_ADMISSION_ORDER,M_REDSTAR
H2S,FULLY_SCHEDULED,SC_S1_C04_M03,SensorCyclic,147,0.4188034188034188,CANONICAL_INPUT_ID_NOT_PROVEN_ADMISSION_ORDER,M_REDSTAR
H2S,FULLY_SCHEDULED,SC_S1_C05_M01,SensorCyclic,148,0.42165242165242167,CANONICAL_INPUT_ID_NOT_PROVEN_ADMISSION_ORDER,M_REDSTAR
H2S,FULLY_SCHEDULED,SC_S1_C05_M02,SensorCyclic,149,0.42450142450142453,CANONICAL_INPUT_ID_NOT_PROVEN_ADMISSION_ORDER,M_REDSTAR
H2S,FULLY_SCHEDULED,SC_S1_C05_M03,SensorCyclic,150,0.42735042735042733,CANONICAL_INPUT_ID_NOT_PROVEN_ADMISSION_ORDER,M_REDSTAR
H2S,FULLY_SCHEDULED,SC_S1_C06_M01,SensorCyclic,151,0.4301994301994302,CANONICAL_INPUT_ID_NOT_PROVEN_ADMISSION_ORDER,M_REDSTAR
H2S,FULLY_SCHEDULED,SC_S1_C06_M02,SensorCyclic,152,0.43304843304843305,CANONICAL_INPUT_ID_NOT_PROVEN_ADMISSION_ORDER,M_REDSTAR
H2S,FULLY_SCHEDULED,SC_S1_C06_M03,SensorCyclic,153,0.4358974358974359,CANONICAL_INPUT_ID_NOT_PROVEN_ADMISSION_ORDER,M_REDSTAR
H2S,FULLY_SCHEDULED,SC_S1_C07_M01,SensorCyclic,154,0.43874643874643876,CANONICAL_INPUT_ID_NOT_PROVEN_ADMISSION_ORDER,M_REDSTAR
H2S,FULLY_SCHEDULED,SC_S1_C07_M02,SensorCyclic,155,0.4415954415954416,CANONICAL_INPUT_ID_NOT_PROVEN_ADMISSION_ORDER,M_REDSTAR
H2S,FULLY_SCHEDULED,SC_S1_C07_M03,SensorCyclic,156,0.4444444444444444,CANONICAL_INPUT_ID_NOT_PROVEN_ADMISSION_ORDER,M_REDSTAR
H2S,FULLY_SCHEDULED,SC_S1_C08_M01,SensorCyclic,157,0.4472934472934473,CANONICAL_INPUT_ID_NOT_PROVEN_ADMISSION_ORDER,M_REDSTAR
H2S,FULLY_SCHEDULED,SC_S1_C08_M02,SensorCyclic,158,0.45014245014245013,CANONICAL_INPUT_ID_NOT_PROVEN_ADMISSION_ORDER,M_REDSTAR
H2S,FULLY_SCHEDULED,SC_S1_C08_M03,SensorCyclic,159,0.452991452991453,CANONICAL_INPUT_ID_NOT_PROVEN_ADMISSION_ORDER,M_REDSTAR
H2S,FULLY_SCHEDULED,SC_S2_C01_M01,SensorCyclic,160,0.45584045584045585,CANONICAL_INPUT_ID_NOT_PROVEN_ADMISSION_ORDER,M_REDSTAR
H2S,FULLY_SCHEDULED,SC_S2_C01_M02,SensorCyclic,161,0.4586894586894587,CANONICAL_INPUT_ID_NOT_PROVEN_ADMISSION_ORDER,M_REDSTAR
H2S,FULLY_SCHEDULED,SC_S2_C01_M03,SensorCyclic,162,0.46153846153846156,CANONICAL_INPUT_ID_NOT_PROVEN_ADMISSION_ORDER,M_REDSTAR
H2S,FULLY_SCHEDULED,SC_S2_C02_M01,SensorCyclic,163,0.46438746438746437,CANONICAL_INPUT_ID_NOT_PROVEN_ADMISSION_ORDER,M_REDSTAR
H2S,FULLY_SCHEDULED,SC_S2_C02_M02,SensorCyclic,164,0.4672364672364672,CANONICAL_INPUT_ID_NOT_PROVEN_ADMISSION_ORDER,M_REDSTAR
H2S,FULLY_SCHEDULED,SC_S2_C02_M03,SensorCyclic,165,0.4700854700854701,CANONICAL_INPUT_ID_NOT_PROVEN_ADMISSION_ORDER,M_REDSTAR
H2S,FULLY_SCHEDULED,SC_S2_C03_M01,SensorCyclic,166,0.47293447293447294,CANONICAL_INPUT_ID_NOT_PROVEN_ADMISSION_ORDER,M_REDSTAR
H2S,FULLY_SCHEDULED,SC_S2_C03_M02,SensorCyclic,167,0.4757834757834758,CANONICAL_INPUT_ID_NOT_PROVEN_ADMISSION_ORDER,M_REDSTAR
H2S,FULLY_SCHEDULED,SC_S2_C03_M03,SensorCyclic,168,0.47863247863247865,CANONICAL_INPUT_ID_NOT_PROVEN_ADMISSION_ORDER,M_REDSTAR
H2S,FULLY_SCHEDULED,SC_S2_C04_M01,SensorCyclic,169,0.48148148148148145,CANONICAL_INPUT_ID_NOT_PROVEN_ADMISSION_ORDER,M_REDSTAR
H2S,FULLY_SCHEDULED,SC_S2_C04_M02,SensorCyclic,170,0.4843304843304843,CANONICAL_INPUT_ID_NOT_PROVEN_ADMISSION_ORDER,M_REDSTAR
H2S,FULLY_SCHEDULED,SC_S2_C04_M03,SensorCyclic,171,0.48717948717948717,CANONICAL_INPUT_ID_NOT_PROVEN_ADMISSION_ORDER,M_REDSTAR
H2S,FULLY_SCHEDULED,SC_S2_C05_M01,SensorCyclic,172,0.49002849002849,CANONICAL_INPUT_ID_NOT_PROVEN_ADMISSION_ORDER,M_REDSTAR
H2S,FULLY_SCHEDULED,SC_S2_C05_M02,SensorCyclic,173,0.4928774928774929,CANONICAL_INPUT_ID_NOT_PROVEN_ADMISSION_ORDER,M_REDSTAR
H2S,FULLY_SCHEDULED,SC_S2_C05_M03,SensorCyclic,174,0.49572649572649574,CANONICAL_INPUT_ID_NOT_PROVEN_ADMISSION_ORDER,M_REDSTAR
H2S,FULLY_SCHEDULED,SC_S2_C06_M01,SensorCyclic,175,0.4985754985754986,CANONICAL_INPUT_ID_NOT_PROVEN_ADMISSION_ORDER,M_REDSTAR
H2S,FULLY_SCHEDULED,SC_S2_C06_M02,SensorCyclic,176,0.5014245014245015,CANONICAL_INPUT_ID_NOT_PROVEN_ADMISSION_ORDER,M_REDSTAR
H2S,FULLY_SCHEDULED,SC_S2_C06_M03,SensorCyclic,177,0.5042735042735043,CANONICAL_INPUT_ID_NOT_PROVEN_ADMISSION_ORDER,M_REDSTAR
H2S,FULLY_SCHEDULED,SC_S2_C07_M01,SensorCyclic,178,0.5071225071225072,CANONICAL_INPUT_ID_NOT_PROVEN_ADMISSION_ORDER,M_REDSTAR
H2S,FULLY_SCHEDULED,SC_S2_C07_M02,SensorCyclic,179,0.50997150997151,CANONICAL_INPUT_ID_NOT_PROVEN_ADMISSION_ORDER,M_REDSTAR
H2S,FULLY_SCHEDULED,SC_S2_C07_M03,SensorCyclic,180,0.5128205128205128,CANONICAL_INPUT_ID_NOT_PROVEN_ADMISSION_ORDER,M_REDSTAR
H2S,FULLY_SCHEDULED,SC_S2_C08_M01,SensorCyclic,181,0.5156695156695157,CANONICAL_INPUT_ID_NOT_PROVEN_ADMISSION_ORDER,M_REDSTAR
H2S,FULLY_SCHEDULED,SC_S2_C08_M02,SensorCyclic,182,0.5185185185185185,CANONICAL_INPUT_ID_NOT_PROVEN_ADMISSION_ORDER,M_REDSTAR
H2S,FULLY_SCHEDULED,SC_S2_C08_M03,SensorCyclic,183,0.5213675213675214,CANONICAL_INPUT_ID_NOT_PROVEN_ADMISSION_ORDER,M_REDSTAR
H2S,FULLY_SCHEDULED,SC_S3_C01_M01,SensorCyclic,184,0.5242165242165242,CANONICAL_INPUT_ID_NOT_PROVEN_ADMISSION_ORDER,M_REDSTAR
H2S,FULLY_SCHEDULED,SC_S3_C01_M02,SensorCyclic,185,0.5270655270655271,CANONICAL_INPUT_ID_NOT_PROVEN_ADMISSION_ORDER,M_REDSTAR
H2S,FULLY_SCHEDULED,SC_S3_C01_M03,SensorCyclic,186,0.5299145299145299,CANONICAL_INPUT_ID_NOT_PROVEN_ADMISSION_ORDER,M_REDSTAR
H2S,FULLY_SCHEDULED,SC_S3_C02_M01,SensorCyclic,187,0.5327635327635327,CANONICAL_INPUT_ID_NOT_PROVEN_ADMISSION_ORDER,M_REDSTAR
H2S,FULLY_SCHEDULED,SC_S3_C02_M02,SensorCyclic,188,0.5356125356125356,CANONICAL_INPUT_ID_NOT_PROVEN_ADMISSION_ORDER,M_REDSTAR
H2S,FULLY_SCHEDULED,SC_S3_C02_M03,SensorCyclic,189,0.5384615384615384,CANONICAL_INPUT_ID_NOT_PROVEN_ADMISSION_ORDER,M_REDSTAR
H2S,FULLY_SCHEDULED,SC_S3_C03_M01,SensorCyclic,190,0.5413105413105413,CANONICAL_INPUT_ID_NOT_PROVEN_ADMISSION_ORDER,M_REDSTAR
H2S,FULLY_SCHEDULED,SC_S3_C03_M02,SensorCyclic,191,0.5441595441595442,CANONICAL_INPUT_ID_NOT_PROVEN_ADMISSION_ORDER,M_REDSTAR
H2S,FULLY_SCHEDULED,SC_S3_C03_M03,SensorCyclic,192,0.5470085470085471,CANONICAL_INPUT_ID_NOT_PROVEN_ADMISSION_ORDER,M_REDSTAR
H2S,FULLY_SCHEDULED,SC_S3_C04_M01,SensorCyclic,193,0.5498575498575499,CANONICAL_INPUT_ID_NOT_PROVEN_ADMISSION_ORDER,M_REDSTAR
H2S,FULLY_SCHEDULED,SC_S3_C04_M02,SensorCyclic,194,0.5527065527065527,CANONICAL_INPUT_ID_NOT_PROVEN_ADMISSION_ORDER,M_REDSTAR
H2S,FULLY_SCHEDULED,SC_S3_C04_M03,SensorCyclic,195,0.5555555555555556,CANONICAL_INPUT_ID_NOT_PROVEN_ADMISSION_ORDER,M_REDSTAR
H2S,FULLY_SCHEDULED,SC_S3_C05_M01,SensorCyclic,196,0.5584045584045584,CANONICAL_INPUT_ID_NOT_PROVEN_ADMISSION_ORDER,M_REDSTAR
H2S,FULLY_SCHEDULED,SC_S3_C05_M02,SensorCyclic,197,0.5612535612535613,CANONICAL_INPUT_ID_NOT_PROVEN_ADMISSION_ORDER,M_REDSTAR
H2S,FULLY_SCHEDULED,SC_S3_C05_M03,SensorCyclic,198,0.5641025641025641,CANONICAL_INPUT_ID_NOT_PROVEN_ADMISSION_ORDER,M_REDSTAR
H2S,FULLY_SCHEDULED,SC_S3_C06_M01,SensorCyclic,199,0.5669515669515669,CANONICAL_INPUT_ID_NOT_PROVEN_ADMISSION_ORDER,M_REDSTAR
H2S,FULLY_SCHEDULED,SC_S3_C06_M02,SensorCyclic,200,0.5698005698005698,CANONICAL_INPUT_ID_NOT_PROVEN_ADMISSION_ORDER,M_REDSTAR
H2S,FULLY_SCHEDULED,SC_S3_C06_M03,SensorCyclic,201,0.5726495726495726,CANONICAL_INPUT_ID_NOT_PROVEN_ADMISSION_ORDER,M_REDSTAR
H2S,FULLY_SCHEDULED,SC_S3_C07_M01,SensorCyclic,202,0.5754985754985755,CANONICAL_INPUT_ID_NOT_PROVEN_ADMISSION_ORDER,M_REDSTAR
H2S,FULLY_SCHEDULED,SC_S3_C07_M02,SensorCyclic,203,0.5783475783475783,CANONICAL_INPUT_ID_NOT_PROVEN_ADMISSION_ORDER,M_REDSTAR
H2S,FULLY_SCHEDULED,SC_S3_C07_M03,SensorCyclic,204,0.5811965811965812,CANONICAL_INPUT_ID_NOT_PROVEN_ADMISSION_ORDER,M_REDSTAR
H2S,FULLY_SCHEDULED,SC_S3_C08_M01,SensorCyclic,205,0.584045584045584,CANONICAL_INPUT_ID_NOT_PROVEN_ADMISSION_ORDER,M_REDSTAR
H2S,FULLY_SCHEDULED,SC_S3_C08_M02,SensorCyclic,206,0.5868945868945868,CANONICAL_INPUT_ID_NOT_PROVEN_ADMISSION_ORDER,M_REDSTAR
H2S,FULLY_SCHEDULED,SC_S3_C08_M03,SensorCyclic,207,0.5897435897435898,CANONICAL_INPUT_ID_NOT_PROVEN_ADMISSION_ORDER,M_REDSTAR
H2S,FULLY_SCHEDULED,SC_S4_C01_M01,SensorCyclic,208,0.5925925925925926,CANONICAL_INPUT_ID_NOT_PROVEN_ADMISSION_ORDER,M_REDSTAR
H2S,FULLY_SCHEDULED,SC_S4_C01_M02,SensorCyclic,209,0.5954415954415955,CANONICAL_INPUT_ID_NOT_PROVEN_ADMISSION_ORDER,M_REDSTAR
H2S,FULLY_SCHEDULED,SC_S4_C01_M03,SensorCyclic,210,0.5982905982905983,CANONICAL_INPUT_ID_NOT_PROVEN_ADMISSION_ORDER,M_REDSTAR
H2S,FULLY_SCHEDULED,SC_S4_C02_M01,SensorCyclic,211,0.6011396011396012,CANONICAL_INPUT_ID_NOT_PROVEN_ADMISSION_ORDER,M_REDSTAR
H2S,FULLY_SCHEDULED,SC_S4_C02_M02,SensorCyclic,212,0.603988603988604,CANONICAL_INPUT_ID_NOT_PROVEN_ADMISSION_ORDER,M_REDSTAR
H2S,FULLY_SCHEDULED,SC_S4_C02_M03,SensorCyclic,213,0.6068376068376068,CANONICAL_INPUT_ID_NOT_PROVEN_ADMISSION_ORDER,M_REDSTAR
H2S,FULLY_SCHEDULED,SC_S4_C03_M01,SensorCyclic,214,0.6096866096866097,CANONICAL_INPUT_ID_NOT_PROVEN_ADMISSION_ORDER,M_REDSTAR
H2S,FULLY_SCHEDULED,SC_S4_C03_M02,SensorCyclic,215,0.6125356125356125,CANONICAL_INPUT_ID_NOT_PROVEN_ADMISSION_ORDER,M_REDSTAR
H2S,FULLY_SCHEDULED,SC_S4_C03_M03,SensorCyclic,216,0.6153846153846154,CANONICAL_INPUT_ID_NOT_PROVEN_ADMISSION_ORDER,M_REDSTAR
H2S,FULLY_SCHEDULED,SC_S4_C04_M01,SensorCyclic,217,0.6182336182336182,CANONICAL_INPUT_ID_NOT_PROVEN_ADMISSION_ORDER,M_REDSTAR
H2S,FULLY_SCHEDULED,SC_S4_C04_M02,SensorCyclic,218,0.6210826210826211,CANONICAL_INPUT_ID_NOT_PROVEN_ADMISSION_ORDER,M_REDSTAR
H2S,FULLY_SCHEDULED,SC_S4_C04_M03,SensorCyclic,219,0.6239316239316239,CANONICAL_INPUT_ID_NOT_PROVEN_ADMISSION_ORDER,M_REDSTAR
H2S,FULLY_SCHEDULED,SC_S4_C05_M01,SensorCyclic,220,0.6267806267806267,CANONICAL_INPUT_ID_NOT_PROVEN_ADMISSION_ORDER,M_REDSTAR
H2S,FULLY_SCHEDULED,SC_S4_C05_M02,SensorCyclic,221,0.6296296296296297,CANONICAL_INPUT_ID_NOT_PROVEN_ADMISSION_ORDER,M_REDSTAR
H2S,FULLY_SCHEDULED,SC_S4_C05_M03,SensorCyclic,222,0.6324786324786325,CANONICAL_INPUT_ID_NOT_PROVEN_ADMISSION_ORDER,M_REDSTAR
H2S,FULLY_SCHEDULED,SC_S4_C06_M01,SensorCyclic,223,0.6353276353276354,CANONICAL_INPUT_ID_NOT_PROVEN_ADMISSION_ORDER,M_REDSTAR
H2S,FULLY_SCHEDULED,SC_S4_C06_M02,SensorCyclic,224,0.6381766381766382,CANONICAL_INPUT_ID_NOT_PROVEN_ADMISSION_ORDER,M_REDSTAR
H2S,FULLY_SCHEDULED,SC_S4_C06_M03,SensorCyclic,225,0.6410256410256411,CANONICAL_INPUT_ID_NOT_PROVEN_ADMISSION_ORDER,M_REDSTAR
H2S,FULLY_SCHEDULED,SC_S4_C07_M01,SensorCyclic,226,0.6438746438746439,CANONICAL_INPUT_ID_NOT_PROVEN_ADMISSION_ORDER,M_REDSTAR
H2S,FULLY_SCHEDULED,SC_S4_C07_M02,SensorCyclic,227,0.6467236467236467,CANONICAL_INPUT_ID_NOT_PROVEN_ADMISSION_ORDER,M_REDSTAR
H2S,FULLY_SCHEDULED,SC_S4_C07_M03,SensorCyclic,228,0.6495726495726496,CANONICAL_INPUT_ID_NOT_PROVEN_ADMISSION_ORDER,M_REDSTAR
H2S,FULLY_SCHEDULED,SC_S4_C08_M01,SensorCyclic,229,0.6524216524216524,CANONICAL_INPUT_ID_NOT_PROVEN_ADMISSION_ORDER,M_REDSTAR
H2S,FULLY_SCHEDULED,SC_S4_C08_M02,SensorCyclic,230,0.6552706552706553,CANONICAL_INPUT_ID_NOT_PROVEN_ADMISSION_ORDER,M_REDSTAR
H2S,FULLY_SCHEDULED,SC_S4_C08_M03,SensorCyclic,231,0.6581196581196581,CANONICAL_INPUT_ID_NOT_PROVEN_ADMISSION_ORDER,M_REDSTAR
H2S,FULLY_SCHEDULED,SF_S1_C01_M01,SensorFast,232,0.6609686609686609,CANONICAL_INPUT_ID_NOT_PROVEN_ADMISSION_ORDER,M_REDSTAR
H2S,FULLY_SCHEDULED,SF_S1_C01_M02,SensorFast,233,0.6638176638176638,CANONICAL_INPUT_ID_NOT_PROVEN_ADMISSION_ORDER,M_REDSTAR
H2S,FULLY_SCHEDULED,SF_S1_C01_M03,SensorFast,234,0.6666666666666666,CANONICAL_INPUT_ID_NOT_PROVEN_ADMISSION_ORDER,M_REDSTAR
H2S,FULLY_SCHEDULED,SF_S1_C02_M01,SensorFast,235,0.6695156695156695,CANONICAL_INPUT_ID_NOT_PROVEN_ADMISSION_ORDER,M_REDSTAR
H2S,FULLY_SCHEDULED,SF_S1_C02_M02,SensorFast,236,0.6723646723646723,CANONICAL_INPUT_ID_NOT_PROVEN_ADMISSION_ORDER,M_REDSTAR
H2S,FULLY_SCHEDULED,SF_S1_C02_M03,SensorFast,237,0.6752136752136753,CANONICAL_INPUT_ID_NOT_PROVEN_ADMISSION_ORDER,M_REDSTAR
H2S,FULLY_SCHEDULED,SF_S1_C03_M01,SensorFast,238,0.6780626780626781,CANONICAL_INPUT_ID_NOT_PROVEN_ADMISSION_ORDER,M_REDSTAR
H2S,FULLY_SCHEDULED,SF_S1_C03_M02,SensorFast,239,0.6809116809116809,CANONICAL_INPUT_ID_NOT_PROVEN_ADMISSION_ORDER,M_REDSTAR
H2S,FULLY_SCHEDULED,SF_S1_C03_M03,SensorFast,240,0.6837606837606838,CANONICAL_INPUT_ID_NOT_PROVEN_ADMISSION_ORDER,M_REDSTAR
H2S,FULLY_SCHEDULED,SF_S1_C04_M01,SensorFast,241,0.6866096866096866,CANONICAL_INPUT_ID_NOT_PROVEN_ADMISSION_ORDER,M_REDSTAR
H2S,FULLY_SCHEDULED,SF_S1_C04_M02,SensorFast,242,0.6894586894586895,CANONICAL_INPUT_ID_NOT_PROVEN_ADMISSION_ORDER,M_REDSTAR
H2S,FULLY_SCHEDULED,SF_S1_C04_M03,SensorFast,243,0.6923076923076923,CANONICAL_INPUT_ID_NOT_PROVEN_ADMISSION_ORDER,M_REDSTAR
H2S,FULLY_SCHEDULED,SF_S1_C05_M01,SensorFast,244,0.6951566951566952,CANONICAL_INPUT_ID_NOT_PROVEN_ADMISSION_ORDER,M_REDSTAR
H2S,FULLY_SCHEDULED,SF_S1_C05_M02,SensorFast,245,0.698005698005698,CANONICAL_INPUT_ID_NOT_PROVEN_ADMISSION_ORDER,M_REDSTAR
H2S,FULLY_SCHEDULED,SF_S1_C05_M03,SensorFast,246,0.7008547008547008,CANONICAL_INPUT_ID_NOT_PROVEN_ADMISSION_ORDER,M_REDSTAR
H2S,FULLY_SCHEDULED,SF_S1_C06_M01,SensorFast,247,0.7037037037037037,CANONICAL_INPUT_ID_NOT_PROVEN_ADMISSION_ORDER,M_REDSTAR
H2S,FULLY_SCHEDULED,SF_S1_C06_M02,SensorFast,248,0.7065527065527065,CANONICAL_INPUT_ID_NOT_PROVEN_ADMISSION_ORDER,M_REDSTAR
H2S,FULLY_SCHEDULED,SF_S1_C06_M03,SensorFast,249,0.7094017094017094,CANONICAL_INPUT_ID_NOT_PROVEN_ADMISSION_ORDER,M_REDSTAR
H2S,FULLY_SCHEDULED,SF_S1_C07_M01,SensorFast,250,0.7122507122507122,CANONICAL_INPUT_ID_NOT_PROVEN_ADMISSION_ORDER,M_REDSTAR
H2S,FULLY_SCHEDULED,SF_S1_C07_M02,SensorFast,251,0.7150997150997151,CANONICAL_INPUT_ID_NOT_PROVEN_ADMISSION_ORDER,M_REDSTAR
H2S,FULLY_SCHEDULED,SF_S1_C07_M03,SensorFast,252,0.717948717948718,CANONICAL_INPUT_ID_NOT_PROVEN_ADMISSION_ORDER,M_REDSTAR
H2S,FULLY_SCHEDULED,SF_S1_C08_M01,SensorFast,253,0.7207977207977208,CANONICAL_INPUT_ID_NOT_PROVEN_ADMISSION_ORDER,M_REDSTAR
H2S,FULLY_SCHEDULED,SF_S1_C08_M02,SensorFast,254,0.7236467236467237,CANONICAL_INPUT_ID_NOT_PROVEN_ADMISSION_ORDER,M_REDSTAR
H2S,FULLY_SCHEDULED,SF_S1_C08_M03,SensorFast,255,0.7264957264957265,CANONICAL_INPUT_ID_NOT_PROVEN_ADMISSION_ORDER,M_REDSTAR
H2S,FULLY_SCHEDULED,SF_S2_C01_M01,SensorFast,256,0.7293447293447294,CANONICAL_INPUT_ID_NOT_PROVEN_ADMISSION_ORDER,M_REDSTAR
H2S,FULLY_SCHEDULED,SF_S2_C01_M02,SensorFast,257,0.7321937321937322,CANONICAL_INPUT_ID_NOT_PROVEN_ADMISSION_ORDER,M_REDSTAR
H2S,FULLY_SCHEDULED,SF_S2_C01_M03,SensorFast,258,0.7350427350427351,CANONICAL_INPUT_ID_NOT_PROVEN_ADMISSION_ORDER,M_REDSTAR
H2S,FULLY_SCHEDULED,SF_S2_C02_M01,SensorFast,259,0.7378917378917379,CANONICAL_INPUT_ID_NOT_PROVEN_ADMISSION_ORDER,M_REDSTAR
H2S,FULLY_SCHEDULED,SF_S2_C02_M02,SensorFast,260,0.7407407407407407,CANONICAL_INPUT_ID_NOT_PROVEN_ADMISSION_ORDER,M_REDSTAR
H2S,FULLY_SCHEDULED,SF_S2_C02_M03,SensorFast,261,0.7435897435897436,CANONICAL_INPUT_ID_NOT_PROVEN_ADMISSION_ORDER,M_REDSTAR
H2S,FULLY_SCHEDULED,SF_S2_C03_M01,SensorFast,262,0.7464387464387464,CANONICAL_INPUT_ID_NOT_PROVEN_ADMISSION_ORDER,M_REDSTAR
H2S,FULLY_SCHEDULED,SF_S2_C03_M02,SensorFast,263,0.7492877492877493,CANONICAL_INPUT_ID_NOT_PROVEN_ADMISSION_ORDER,M_REDSTAR
H2S,FULLY_SCHEDULED,SF_S2_C03_M03,SensorFast,264,0.7521367521367521,CANONICAL_INPUT_ID_NOT_PROVEN_ADMISSION_ORDER,M_REDSTAR
H2S,FULLY_SCHEDULED,SF_S2_C04_M01,SensorFast,265,0.7549857549857549,CANONICAL_INPUT_ID_NOT_PROVEN_ADMISSION_ORDER,M_REDSTAR
H2S,FULLY_SCHEDULED,SF_S2_C04_M02,SensorFast,266,0.7578347578347578,CANONICAL_INPUT_ID_NOT_PROVEN_ADMISSION_ORDER,M_REDSTAR
H2S,FULLY_SCHEDULED,SF_S2_C04_M03,SensorFast,267,0.7606837606837606,CANONICAL_INPUT_ID_NOT_PROVEN_ADMISSION_ORDER,M_REDSTAR
H2S,FULLY_SCHEDULED,SF_S2_C05_M01,SensorFast,268,0.7635327635327636,CANONICAL_INPUT_ID_NOT_PROVEN_ADMISSION_ORDER,M_REDSTAR
H2S,FULLY_SCHEDULED,SF_S2_C05_M02,SensorFast,269,0.7663817663817664,CANONICAL_INPUT_ID_NOT_PROVEN_ADMISSION_ORDER,M_REDSTAR
H2S,FULLY_SCHEDULED,SF_S2_C05_M03,SensorFast,270,0.7692307692307693,CANONICAL_INPUT_ID_NOT_PROVEN_ADMISSION_ORDER,M_REDSTAR
H2S,FULLY_SCHEDULED,SF_S2_C06_M01,SensorFast,271,0.7720797720797721,CANONICAL_INPUT_ID_NOT_PROVEN_ADMISSION_ORDER,M_REDSTAR
H2S,FULLY_SCHEDULED,SF_S2_C06_M02,SensorFast,272,0.7749287749287749,CANONICAL_INPUT_ID_NOT_PROVEN_ADMISSION_ORDER,M_REDSTAR
H2S,FULLY_SCHEDULED,SF_S2_C06_M03,SensorFast,273,0.7777777777777778,CANONICAL_INPUT_ID_NOT_PROVEN_ADMISSION_ORDER,M_REDSTAR
H2S,FULLY_SCHEDULED,SF_S2_C07_M01,SensorFast,274,0.7806267806267806,CANONICAL_INPUT_ID_NOT_PROVEN_ADMISSION_ORDER,M_REDSTAR
H2S,FULLY_SCHEDULED,SF_S2_C07_M02,SensorFast,275,0.7834757834757835,CANONICAL_INPUT_ID_NOT_PROVEN_ADMISSION_ORDER,M_REDSTAR
H2S,FULLY_SCHEDULED,SF_S2_C07_M03,SensorFast,276,0.7863247863247863,CANONICAL_INPUT_ID_NOT_PROVEN_ADMISSION_ORDER,M_REDSTAR
H2S,FULLY_SCHEDULED,SF_S2_C08_M01,SensorFast,277,0.7891737891737892,CANONICAL_INPUT_ID_NOT_PROVEN_ADMISSION_ORDER,M_REDSTAR
H2S,FULLY_SCHEDULED,SF_S2_C08_M02,SensorFast,278,0.792022792022792,CANONICAL_INPUT_ID_NOT_PROVEN_ADMISSION_ORDER,M_REDSTAR
H2S,FULLY_SCHEDULED,SF_S2_C08_M03,SensorFast,279,0.7948717948717948,CANONICAL_INPUT_ID_NOT_PROVEN_ADMISSION_ORDER,M_REDSTAR
H2S,FULLY_SCHEDULED,SF_S3_C01_M01,SensorFast,280,0.7977207977207977,CANONICAL_INPUT_ID_NOT_PROVEN_ADMISSION_ORDER,M_REDSTAR
H2S,FULLY_SCHEDULED,SF_S3_C01_M02,SensorFast,281,0.8005698005698005,CANONICAL_INPUT_ID_NOT_PROVEN_ADMISSION_ORDER,M_REDSTAR
H2S,FULLY_SCHEDULED,SF_S3_C01_M03,SensorFast,282,0.8034188034188035,CANONICAL_INPUT_ID_NOT_PROVEN_ADMISSION_ORDER,M_REDSTAR
H2S,FULLY_SCHEDULED,SF_S3_C02_M01,SensorFast,283,0.8062678062678063,CANONICAL_INPUT_ID_NOT_PROVEN_ADMISSION_ORDER,M_REDSTAR
H2S,FULLY_SCHEDULED,SF_S3_C02_M02,SensorFast,284,0.8091168091168092,CANONICAL_INPUT_ID_NOT_PROVEN_ADMISSION_ORDER,M_REDSTAR
H2S,FULLY_SCHEDULED,SF_S3_C02_M03,SensorFast,285,0.811965811965812,CANONICAL_INPUT_ID_NOT_PROVEN_ADMISSION_ORDER,M_REDSTAR
H2S,FULLY_SCHEDULED,SF_S3_C03_M01,SensorFast,286,0.8148148148148148,CANONICAL_INPUT_ID_NOT_PROVEN_ADMISSION_ORDER,M_REDSTAR
H2S,FULLY_SCHEDULED,SF_S3_C03_M02,SensorFast,287,0.8176638176638177,CANONICAL_INPUT_ID_NOT_PROVEN_ADMISSION_ORDER,M_REDSTAR
H2S,FULLY_SCHEDULED,SF_S3_C03_M03,SensorFast,288,0.8205128205128205,CANONICAL_INPUT_ID_NOT_PROVEN_ADMISSION_ORDER,M_REDSTAR
H2S,FULLY_SCHEDULED,SF_S3_C04_M01,SensorFast,289,0.8233618233618234,CANONICAL_INPUT_ID_NOT_PROVEN_ADMISSION_ORDER,M_REDSTAR
H2S,FULLY_SCHEDULED,SF_S3_C04_M02,SensorFast,290,0.8262108262108262,CANONICAL_INPUT_ID_NOT_PROVEN_ADMISSION_ORDER,M_REDSTAR
H2S,FULLY_SCHEDULED,SF_S3_C04_M03,SensorFast,291,0.8290598290598291,CANONICAL_INPUT_ID_NOT_PROVEN_ADMISSION_ORDER,M_REDSTAR
H2S,FULLY_SCHEDULED,SF_S3_C05_M01,SensorFast,292,0.8319088319088319,CANONICAL_INPUT_ID_NOT_PROVEN_ADMISSION_ORDER,M_REDSTAR
H2S,FULLY_SCHEDULED,SF_S3_C05_M02,SensorFast,293,0.8347578347578347,CANONICAL_INPUT_ID_NOT_PROVEN_ADMISSION_ORDER,M_REDSTAR
H2S,FULLY_SCHEDULED,SF_S3_C05_M03,SensorFast,294,0.8376068376068376,CANONICAL_INPUT_ID_NOT_PROVEN_ADMISSION_ORDER,M_REDSTAR
H2S,FULLY_SCHEDULED,SF_S3_C06_M01,SensorFast,295,0.8404558404558404,CANONICAL_INPUT_ID_NOT_PROVEN_ADMISSION_ORDER,M_REDSTAR
H2S,FULLY_SCHEDULED,SF_S3_C06_M02,SensorFast,296,0.8433048433048433,CANONICAL_INPUT_ID_NOT_PROVEN_ADMISSION_ORDER,M_REDSTAR
H2S,FULLY_SCHEDULED,SF_S3_C06_M03,SensorFast,297,0.8461538461538461,CANONICAL_INPUT_ID_NOT_PROVEN_ADMISSION_ORDER,M_REDSTAR
H2S,FULLY_SCHEDULED,SF_S3_C07_M01,SensorFast,298,0.8490028490028491,CANONICAL_INPUT_ID_NOT_PROVEN_ADMISSION_ORDER,M_REDSTAR
H2S,FULLY_SCHEDULED,SF_S3_C07_M02,SensorFast,299,0.8518518518518519,CANONICAL_INPUT_ID_NOT_PROVEN_ADMISSION_ORDER,M_REDSTAR
H2S,FULLY_SCHEDULED,SF_S3_C07_M03,SensorFast,300,0.8547008547008547,CANONICAL_INPUT_ID_NOT_PROVEN_ADMISSION_ORDER,M_REDSTAR
H2S,FULLY_SCHEDULED,SF_S3_C08_M01,SensorFast,301,0.8575498575498576,CANONICAL_INPUT_ID_NOT_PROVEN_ADMISSION_ORDER,M_REDSTAR
H2S,FULLY_SCHEDULED,SF_S3_C08_M02,SensorFast,302,0.8603988603988604,CANONICAL_INPUT_ID_NOT_PROVEN_ADMISSION_ORDER,M_REDSTAR
H2S,FULLY_SCHEDULED,SF_S3_C08_M03,SensorFast,303,0.8632478632478633,CANONICAL_INPUT_ID_NOT_PROVEN_ADMISSION_ORDER,M_REDSTAR
H2S,FULLY_SCHEDULED,SF_S4_C01_M01,SensorFast,304,0.8660968660968661,CANONICAL_INPUT_ID_NOT_PROVEN_ADMISSION_ORDER,M_REDSTAR
H2S,FULLY_SCHEDULED,SF_S4_C01_M02,SensorFast,305,0.8689458689458689,CANONICAL_INPUT_ID_NOT_PROVEN_ADMISSION_ORDER,M_REDSTAR
H2S,FULLY_SCHEDULED,SF_S4_C01_M03,SensorFast,306,0.8717948717948718,CANONICAL_INPUT_ID_NOT_PROVEN_ADMISSION_ORDER,M_REDSTAR
H2S,FULLY_SCHEDULED,SF_S4_C02_M01,SensorFast,307,0.8746438746438746,CANONICAL_INPUT_ID_NOT_PROVEN_ADMISSION_ORDER,M_REDSTAR
H2S,FULLY_SCHEDULED,SF_S4_C02_M02,SensorFast,308,0.8774928774928775,CANONICAL_INPUT_ID_NOT_PROVEN_ADMISSION_ORDER,M_REDSTAR
H2S,FULLY_SCHEDULED,SF_S4_C02_M03,SensorFast,309,0.8803418803418803,CANONICAL_INPUT_ID_NOT_PROVEN_ADMISSION_ORDER,M_REDSTAR
H2S,FULLY_SCHEDULED,SF_S4_C03_M01,SensorFast,310,0.8831908831908832,CANONICAL_INPUT_ID_NOT_PROVEN_ADMISSION_ORDER,M_REDSTAR
H2S,FULLY_SCHEDULED,SF_S4_C03_M02,SensorFast,311,0.886039886039886,CANONICAL_INPUT_ID_NOT_PROVEN_ADMISSION_ORDER,M_REDSTAR
H2S,FULLY_SCHEDULED,SF_S4_C03_M03,SensorFast,312,0.8888888888888888,CANONICAL_INPUT_ID_NOT_PROVEN_ADMISSION_ORDER,M_REDSTAR
H2S,FULLY_SCHEDULED,SF_S4_C04_M01,SensorFast,313,0.8917378917378918,CANONICAL_INPUT_ID_NOT_PROVEN_ADMISSION_ORDER,M_REDSTAR
H2S,FULLY_SCHEDULED,SF_S4_C04_M02,SensorFast,314,0.8945868945868946,CANONICAL_INPUT_ID_NOT_PROVEN_ADMISSION_ORDER,M_REDSTAR
H2S,FULLY_SCHEDULED,SF_S4_C04_M03,SensorFast,315,0.8974358974358975,CANONICAL_INPUT_ID_NOT_PROVEN_ADMISSION_ORDER,M_REDSTAR
H2S,FULLY_SCHEDULED,SF_S4_C05_M01,SensorFast,316,0.9002849002849003,CANONICAL_INPUT_ID_NOT_PROVEN_ADMISSION_ORDER,M_REDSTAR
H2S,FULLY_SCHEDULED,SF_S4_C05_M02,SensorFast,317,0.9031339031339032,CANONICAL_INPUT_ID_NOT_PROVEN_ADMISSION_ORDER,M_REDSTAR
H2S,FULLY_SCHEDULED,SF_S4_C05_M03,SensorFast,318,0.905982905982906,CANONICAL_INPUT_ID_NOT_PROVEN_ADMISSION_ORDER,M_REDSTAR
H2S,FULLY_SCHEDULED,SF_S4_C06_M01,SensorFast,319,0.9088319088319088,CANONICAL_INPUT_ID_NOT_PROVEN_ADMISSION_ORDER,M_REDSTAR
H2S,FULLY_SCHEDULED,SF_S4_C06_M02,SensorFast,320,0.9116809116809117,CANONICAL_INPUT_ID_NOT_PROVEN_ADMISSION_ORDER,M_REDSTAR
H2S,FULLY_SCHEDULED,SF_S4_C06_M03,SensorFast,321,0.9145299145299145,CANONICAL_INPUT_ID_NOT_PROVEN_ADMISSION_ORDER,M_REDSTAR
H2S,FULLY_SCHEDULED,SF_S4_C07_M01,SensorFast,322,0.9173789173789174,CANONICAL_INPUT_ID_NOT_PROVEN_ADMISSION_ORDER,M_REDSTAR
H2S,FULLY_SCHEDULED,SF_S4_C07_M02,SensorFast,323,0.9202279202279202,CANONICAL_INPUT_ID_NOT_PROVEN_ADMISSION_ORDER,M_REDSTAR
H2S,FULLY_SCHEDULED,SF_S4_C07_M03,SensorFast,324,0.9230769230769231,CANONICAL_INPUT_ID_NOT_PROVEN_ADMISSION_ORDER,M_REDSTAR
H2S,FULLY_SCHEDULED,SF_S4_C08_M01,SensorFast,325,0.9259259259259259,CANONICAL_INPUT_ID_NOT_PROVEN_ADMISSION_ORDER,M_REDSTAR
H2S,FULLY_SCHEDULED,SF_S4_C08_M02,SensorFast,326,0.9287749287749287,CANONICAL_INPUT_ID_NOT_PROVEN_ADMISSION_ORDER,M_REDSTAR
H2S,FULLY_SCHEDULED,SF_S4_C08_M03,SensorFast,327,0.9316239316239316,CANONICAL_INPUT_ID_NOT_PROVEN_ADMISSION_ORDER,M_REDSTAR
H2S,FULLY_SCHEDULED,STAT_PLC_C01_M01,MachineStatus,328,0.9344729344729344,CANONICAL_INPUT_ID_NOT_PROVEN_ADMISSION_ORDER,M_REDSTAR
H2S,FULLY_SCHEDULED,STAT_PLC_C01_M02,MachineStatus,329,0.9373219373219374,CANONICAL_INPUT_ID_NOT_PROVEN_ADMISSION_ORDER,M_REDSTAR
H2S,FULLY_SCHEDULED,STAT_PLC_C01_M03,MachineStatus,330,0.9401709401709402,CANONICAL_INPUT_ID_NOT_PROVEN_ADMISSION_ORDER,M_REDSTAR
H2S,FULLY_SCHEDULED,STAT_PLC_C02_M01,MachineStatus,331,0.9430199430199431,CANONICAL_INPUT_ID_NOT_PROVEN_ADMISSION_ORDER,M_REDSTAR
H2S,FULLY_SCHEDULED,STAT_PLC_C02_M02,MachineStatus,332,0.9458689458689459,CANONICAL_INPUT_ID_NOT_PROVEN_ADMISSION_ORDER,M_REDSTAR
H2S,FULLY_SCHEDULED,STAT_PLC_C02_M03,MachineStatus,333,0.9487179487179487,CANONICAL_INPUT_ID_NOT_PROVEN_ADMISSION_ORDER,M_REDSTAR
H2S,FULLY_SCHEDULED,STAT_PLC_C03_M01,MachineStatus,334,0.9515669515669516,CANONICAL_INPUT_ID_NOT_PROVEN_ADMISSION_ORDER,M_REDSTAR
H2S,FULLY_SCHEDULED,STAT_PLC_C03_M02,MachineStatus,335,0.9544159544159544,CANONICAL_INPUT_ID_NOT_PROVEN_ADMISSION_ORDER,M_REDSTAR
H2S,FULLY_SCHEDULED,STAT_PLC_C03_M03,MachineStatus,336,0.9572649572649573,CANONICAL_INPUT_ID_NOT_PROVEN_ADMISSION_ORDER,M_REDSTAR
H2S,FULLY_SCHEDULED,STAT_PLC_C04_M01,MachineStatus,337,0.9601139601139601,CANONICAL_INPUT_ID_NOT_PROVEN_ADMISSION_ORDER,M_REDSTAR
H2S,FULLY_SCHEDULED,STAT_PLC_C04_M02,MachineStatus,338,0.9629629629629629,CANONICAL_INPUT_ID_NOT_PROVEN_ADMISSION_ORDER,M_REDSTAR
H2S,FULLY_SCHEDULED,STAT_PLC_C04_M03,MachineStatus,339,0.9658119658119658,CANONICAL_INPUT_ID_NOT_PROVEN_ADMISSION_ORDER,M_REDSTAR
H2S,FULLY_SCHEDULED,STAT_PLC_C05_M01,MachineStatus,340,0.9686609686609686,CANONICAL_INPUT_ID_NOT_PROVEN_ADMISSION_ORDER,M_REDSTAR
H2S,FULLY_SCHEDULED,STAT_PLC_C05_M02,MachineStatus,341,0.9715099715099715,CANONICAL_INPUT_ID_NOT_PROVEN_ADMISSION_ORDER,M_REDSTAR
H2S,FULLY_SCHEDULED,STAT_PLC_C05_M03,MachineStatus,342,0.9743589743589743,CANONICAL_INPUT_ID_NOT_PROVEN_ADMISSION_ORDER,M_REDSTAR
H2S,FULLY_SCHEDULED,STAT_PLC_C06_M01,MachineStatus,343,0.9772079772079773,CANONICAL_INPUT_ID_NOT_PROVEN_ADMISSION_ORDER,M_REDSTAR
H2S,FULLY_SCHEDULED,STAT_PLC_C06_M02,MachineStatus,344,0.98005698005698,CANONICAL_INPUT_ID_NOT_PROVEN_ADMISSION_ORDER,M_REDSTAR
H2S,FULLY_SCHEDULED,STAT_PLC_C06_M03,MachineStatus,345,0.9829059829059829,CANONICAL_INPUT_ID_NOT_PROVEN_ADMISSION_ORDER,M_REDSTAR
H2S,FULLY_SCHEDULED,STAT_PLC_C07_M01,MachineStatus,346,0.9857549857549858,CANONICAL_INPUT_ID_NOT_PROVEN_ADMISSION_ORDER,M_REDSTAR
H2S,FULLY_SCHEDULED,STAT_PLC_C07_M02,MachineStatus,347,0.9886039886039886,CANONICAL_INPUT_ID_NOT_PROVEN_ADMISSION_ORDER,M_REDSTAR
H2S,FULLY_SCHEDULED,STAT_PLC_C07_M03,MachineStatus,348,0.9914529914529915,CANONICAL_INPUT_ID_NOT_PROVEN_ADMISSION_ORDER,M_REDSTAR
H2S,FULLY_SCHEDULED,STAT_PLC_C08_M01,MachineStatus,349,0.9943019943019943,CANONICAL_INPUT_ID_NOT_PROVEN_ADMISSION_ORDER,M_REDSTAR
H2S,FULLY_SCHEDULED,STAT_PLC_C08_M02,MachineStatus,350,0.9971509971509972,CANONICAL_INPUT_ID_NOT_PROVEN_ADMISSION_ORDER,M_REDSTAR
H2S,FULLY_SCHEDULED,STAT_PLC_C08_M03,MachineStatus,351,1.0,CANONICAL_INPUT_ID_NOT_PROVEN_ADMISSION_ORDER,M_REDSTAR
CELF,FULLY_SCHEDULED,CMD_PLC_C01_M01_A1_C01_M01,ControlCommand,0,0.0,CANONICAL_INPUT_ID_NOT_PROVEN_ADMISSION_ORDER,M_REDSTAR
CELF,FULLY_SCHEDULED,CMD_PLC_C01_M01_A2_C01_M01,ControlCommand,1,0.002849002849002849,CANONICAL_INPUT_ID_NOT_PROVEN_ADMISSION_ORDER,M_REDSTAR
CELF,FULLY_SCHEDULED,CMD_PLC_C01_M01_A3_C01_M01,ControlCommand,2,0.005698005698005698,CANONICAL_INPUT_ID_NOT_PROVEN_ADMISSION_ORDER,M_REDSTAR
CELF,FULLY_SCHEDULED,CMD_PLC_C01_M01_A4_C01_M01,ControlCommand,3,0.008547008547008548,CANONICAL_INPUT_ID_NOT_PROVEN_ADMISSION_ORDER,M_REDSTAR
CELF,FULLY_SCHEDULED,CMD_PLC_C01_M02_A1_C01_M02,ControlCommand,4,0.011396011396011397,CANONICAL_INPUT_ID_NOT_PROVEN_ADMISSION_ORDER,M_REDSTAR
CELF,FULLY_SCHEDULED,CMD_PLC_C01_M02_A2_C01_M02,ControlCommand,5,0.014245014245014245,CANONICAL_INPUT_ID_NOT_PROVEN_ADMISSION_ORDER,M_REDSTAR
CELF,FULLY_SCHEDULED,CMD_PLC_C01_M02_A3_C01_M02,ControlCommand,6,0.017094017094017096,CANONICAL_INPUT_ID_NOT_PROVEN_ADMISSION_ORDER,M_REDSTAR
CELF,FULLY_SCHEDULED,CMD_PLC_C01_M02_A4_C01_M02,ControlCommand,7,0.019943019943019943,CANONICAL_INPUT_ID_NOT_PROVEN_ADMISSION_ORDER,M_REDSTAR
CELF,FULLY_SCHEDULED,CMD_PLC_C01_M03_A1_C01_M03,ControlCommand,8,0.022792022792022793,CANONICAL_INPUT_ID_NOT_PROVEN_ADMISSION_ORDER,M_REDSTAR
CELF,FULLY_SCHEDULED,CMD_PLC_C01_M03_A2_C01_M03,ControlCommand,9,0.02564102564102564,CANONICAL_INPUT_ID_NOT_PROVEN_ADMISSION_ORDER,M_REDSTAR
CELF,FULLY_SCHEDULED,CMD_PLC_C01_M03_A3_C01_M03,ControlCommand,10,0.02849002849002849,CANONICAL_INPUT_ID_NOT_PROVEN_ADMISSION_ORDER,M_REDSTAR
CELF,FULLY_SCHEDULED,CMD_PLC_C01_M03_A4_C01_M03,ControlCommand,11,0.03133903133903134,CANONICAL_INPUT_ID_NOT_PROVEN_ADMISSION_ORDER,M_REDSTAR
CELF,FULLY_SCHEDULED,CMD_PLC_C02_M01_A1_C02_M01,ControlCommand,12,0.03418803418803419,CANONICAL_INPUT_ID_NOT_PROVEN_ADMISSION_ORDER,M_REDSTAR
CELF,FULLY_SCHEDULED,CMD_PLC_C02_M01_A2_C02_M01,ControlCommand,13,0.037037037037037035,CANONICAL_INPUT_ID_NOT_PROVEN_ADMISSION_ORDER,M_REDSTAR
CELF,FULLY_SCHEDULED,CMD_PLC_C02_M01_A3_C02_M01,ControlCommand,14,0.039886039886039885,CANONICAL_INPUT_ID_NOT_PROVEN_ADMISSION_ORDER,M_REDSTAR
CELF,FULLY_SCHEDULED,CMD_PLC_C02_M01_A4_C02_M01,ControlCommand,15,0.042735042735042736,CANONICAL_INPUT_ID_NOT_PROVEN_ADMISSION_ORDER,M_REDSTAR
CELF,FULLY_SCHEDULED,CMD_PLC_C02_M02_A1_C02_M02,ControlCommand,16,0.045584045584045586,CANONICAL_INPUT_ID_NOT_PROVEN_ADMISSION_ORDER,M_REDSTAR
CELF,FULLY_SCHEDULED,CMD_PLC_C02_M02_A2_C02_M02,ControlCommand,17,0.04843304843304843,CANONICAL_INPUT_ID_NOT_PROVEN_ADMISSION_ORDER,M_REDSTAR
CELF,FULLY_SCHEDULED,CMD_PLC_C02_M02_A3_C02_M02,ControlCommand,18,0.05128205128205128,CANONICAL_INPUT_ID_NOT_PROVEN_ADMISSION_ORDER,M_REDSTAR
CELF,FULLY_SCHEDULED,CMD_PLC_C02_M02_A4_C02_M02,ControlCommand,19,0.05413105413105413,CANONICAL_INPUT_ID_NOT_PROVEN_ADMISSION_ORDER,M_REDSTAR
CELF,FULLY_SCHEDULED,CMD_PLC_C02_M03_A1_C02_M03,ControlCommand,20,0.05698005698005698,CANONICAL_INPUT_ID_NOT_PROVEN_ADMISSION_ORDER,M_REDSTAR
CELF,FULLY_SCHEDULED,CMD_PLC_C02_M03_A2_C02_M03,ControlCommand,21,0.05982905982905983,CANONICAL_INPUT_ID_NOT_PROVEN_ADMISSION_ORDER,M_REDSTAR
CELF,FULLY_SCHEDULED,CMD_PLC_C02_M03_A3_C02_M03,ControlCommand,22,0.06267806267806268,CANONICAL_INPUT_ID_NOT_PROVEN_ADMISSION_ORDER,M_REDSTAR
CELF,FULLY_SCHEDULED,CMD_PLC_C02_M03_A4_C02_M03,ControlCommand,23,0.06552706552706553,CANONICAL_INPUT_ID_NOT_PROVEN_ADMISSION_ORDER,M_REDSTAR
CELF,FULLY_SCHEDULED,CMD_PLC_C03_M01_A1_C03_M01,ControlCommand,24,0.06837606837606838,CANONICAL_INPUT_ID_NOT_PROVEN_ADMISSION_ORDER,M_REDSTAR
CELF,FULLY_SCHEDULED,CMD_PLC_C03_M01_A2_C03_M01,ControlCommand,25,0.07122507122507123,CANONICAL_INPUT_ID_NOT_PROVEN_ADMISSION_ORDER,M_REDSTAR
CELF,FULLY_SCHEDULED,CMD_PLC_C03_M01_A3_C03_M01,ControlCommand,26,0.07407407407407407,CANONICAL_INPUT_ID_NOT_PROVEN_ADMISSION_ORDER,M_REDSTAR
CELF,FULLY_SCHEDULED,CMD_PLC_C03_M01_A4_C03_M01,ControlCommand,27,0.07692307692307693,CANONICAL_INPUT_ID_NOT_PROVEN_ADMISSION_ORDER,M_REDSTAR
CELF,FULLY_SCHEDULED,CMD_PLC_C03_M02_A1_C03_M02,ControlCommand,28,0.07977207977207977,CANONICAL_INPUT_ID_NOT_PROVEN_ADMISSION_ORDER,M_REDSTAR
CELF,FULLY_SCHEDULED,CMD_PLC_C03_M02_A2_C03_M02,ControlCommand,29,0.08262108262108261,CANONICAL_INPUT_ID_NOT_PROVEN_ADMISSION_ORDER,M_REDSTAR
CELF,FULLY_SCHEDULED,CMD_PLC_C03_M02_A3_C03_M02,ControlCommand,30,0.08547008547008547,CANONICAL_INPUT_ID_NOT_PROVEN_ADMISSION_ORDER,M_REDSTAR
CELF,FULLY_SCHEDULED,CMD_PLC_C03_M02_A4_C03_M02,ControlCommand,31,0.08831908831908832,CANONICAL_INPUT_ID_NOT_PROVEN_ADMISSION_ORDER,M_REDSTAR
CELF,FULLY_SCHEDULED,CMD_PLC_C03_M03_A1_C03_M03,ControlCommand,32,0.09116809116809117,CANONICAL_INPUT_ID_NOT_PROVEN_ADMISSION_ORDER,M_REDSTAR
CELF,FULLY_SCHEDULED,CMD_PLC_C03_M03_A2_C03_M03,ControlCommand,33,0.09401709401709402,CANONICAL_INPUT_ID_NOT_PROVEN_ADMISSION_ORDER,M_REDSTAR
CELF,FULLY_SCHEDULED,CMD_PLC_C03_M03_A3_C03_M03,ControlCommand,34,0.09686609686609686,CANONICAL_INPUT_ID_NOT_PROVEN_ADMISSION_ORDER,M_REDSTAR
CELF,FULLY_SCHEDULED,CMD_PLC_C03_M03_A4_C03_M03,ControlCommand,35,0.09971509971509972,CANONICAL_INPUT_ID_NOT_PROVEN_ADMISSION_ORDER,M_REDSTAR
CELF,FULLY_SCHEDULED,CMD_PLC_C04_M01_A1_C04_M01,ControlCommand,36,0.10256410256410256,CANONICAL_INPUT_ID_NOT_PROVEN_ADMISSION_ORDER,M_REDSTAR
CELF,FULLY_SCHEDULED,CMD_PLC_C04_M01_A2_C04_M01,ControlCommand,37,0.10541310541310542,CANONICAL_INPUT_ID_NOT_PROVEN_ADMISSION_ORDER,M_REDSTAR
CELF,FULLY_SCHEDULED,CMD_PLC_C04_M01_A3_C04_M01,ControlCommand,38,0.10826210826210826,CANONICAL_INPUT_ID_NOT_PROVEN_ADMISSION_ORDER,M_REDSTAR
CELF,FULLY_SCHEDULED,CMD_PLC_C04_M01_A4_C04_M01,ControlCommand,39,0.1111111111111111,CANONICAL_INPUT_ID_NOT_PROVEN_ADMISSION_ORDER,M_REDSTAR
CELF,FULLY_SCHEDULED,CMD_PLC_C04_M02_A1_C04_M02,ControlCommand,40,0.11396011396011396,CANONICAL_INPUT_ID_NOT_PROVEN_ADMISSION_ORDER,M_REDSTAR
CELF,FULLY_SCHEDULED,CMD_PLC_C04_M02_A2_C04_M02,ControlCommand,41,0.1168091168091168,CANONICAL_INPUT_ID_NOT_PROVEN_ADMISSION_ORDER,M_REDSTAR
CELF,FULLY_SCHEDULED,CMD_PLC_C04_M02_A3_C04_M02,ControlCommand,42,0.11965811965811966,CANONICAL_INPUT_ID_NOT_PROVEN_ADMISSION_ORDER,M_REDSTAR
CELF,FULLY_SCHEDULED,CMD_PLC_C04_M02_A4_C04_M02,ControlCommand,43,0.1225071225071225,CANONICAL_INPUT_ID_NOT_PROVEN_ADMISSION_ORDER,M_REDSTAR
CELF,FULLY_SCHEDULED,CMD_PLC_C04_M03_A1_C04_M03,ControlCommand,44,0.12535612535612536,CANONICAL_INPUT_ID_NOT_PROVEN_ADMISSION_ORDER,M_REDSTAR
CELF,FULLY_SCHEDULED,CMD_PLC_C04_M03_A2_C04_M03,ControlCommand,45,0.1282051282051282,CANONICAL_INPUT_ID_NOT_PROVEN_ADMISSION_ORDER,M_REDSTAR
CELF,FULLY_SCHEDULED,CMD_PLC_C04_M03_A3_C04_M03,ControlCommand,46,0.13105413105413105,CANONICAL_INPUT_ID_NOT_PROVEN_ADMISSION_ORDER,M_REDSTAR
CELF,FULLY_SCHEDULED,CMD_PLC_C04_M03_A4_C04_M03,ControlCommand,47,0.1339031339031339,CANONICAL_INPUT_ID_NOT_PROVEN_ADMISSION_ORDER,M_REDSTAR
CELF,FULLY_SCHEDULED,CMD_PLC_C05_M01_A1_C05_M01,ControlCommand,48,0.13675213675213677,CANONICAL_INPUT_ID_NOT_PROVEN_ADMISSION_ORDER,M_REDSTAR
CELF,FULLY_SCHEDULED,CMD_PLC_C05_M01_A2_C05_M01,ControlCommand,49,0.1396011396011396,CANONICAL_INPUT_ID_NOT_PROVEN_ADMISSION_ORDER,M_REDSTAR
CELF,FULLY_SCHEDULED,CMD_PLC_C05_M01_A3_C05_M01,ControlCommand,50,0.14245014245014245,CANONICAL_INPUT_ID_NOT_PROVEN_ADMISSION_ORDER,M_REDSTAR
CELF,FULLY_SCHEDULED,CMD_PLC_C05_M01_A4_C05_M01,ControlCommand,51,0.1452991452991453,CANONICAL_INPUT_ID_NOT_PROVEN_ADMISSION_ORDER,M_REDSTAR
CELF,FULLY_SCHEDULED,CMD_PLC_C05_M02_A1_C05_M02,ControlCommand,52,0.14814814814814814,CANONICAL_INPUT_ID_NOT_PROVEN_ADMISSION_ORDER,M_REDSTAR
CELF,FULLY_SCHEDULED,CMD_PLC_C05_M02_A2_C05_M02,ControlCommand,53,0.150997150997151,CANONICAL_INPUT_ID_NOT_PROVEN_ADMISSION_ORDER,M_REDSTAR
CELF,FULLY_SCHEDULED,CMD_PLC_C05_M02_A3_C05_M02,ControlCommand,54,0.15384615384615385,CANONICAL_INPUT_ID_NOT_PROVEN_ADMISSION_ORDER,M_REDSTAR
CELF,FULLY_SCHEDULED,CMD_PLC_C05_M02_A4_C05_M02,ControlCommand,55,0.15669515669515668,CANONICAL_INPUT_ID_NOT_PROVEN_ADMISSION_ORDER,M_REDSTAR
CELF,FULLY_SCHEDULED,CMD_PLC_C05_M03_A1_C05_M03,ControlCommand,56,0.15954415954415954,CANONICAL_INPUT_ID_NOT_PROVEN_ADMISSION_ORDER,M_REDSTAR
CELF,FULLY_SCHEDULED,CMD_PLC_C05_M03_A2_C05_M03,ControlCommand,57,0.1623931623931624,CANONICAL_INPUT_ID_NOT_PROVEN_ADMISSION_ORDER,M_REDSTAR
CELF,FULLY_SCHEDULED,CMD_PLC_C05_M03_A3_C05_M03,ControlCommand,58,0.16524216524216523,CANONICAL_INPUT_ID_NOT_PROVEN_ADMISSION_ORDER,M_REDSTAR
CELF,FULLY_SCHEDULED,CMD_PLC_C05_M03_A4_C05_M03,ControlCommand,59,0.16809116809116809,CANONICAL_INPUT_ID_NOT_PROVEN_ADMISSION_ORDER,M_REDSTAR
CELF,FULLY_SCHEDULED,CMD_PLC_C06_M01_A1_C06_M01,ControlCommand,60,0.17094017094017094,CANONICAL_INPUT_ID_NOT_PROVEN_ADMISSION_ORDER,M_REDSTAR
CELF,FULLY_SCHEDULED,CMD_PLC_C06_M01_A2_C06_M01,ControlCommand,61,0.1737891737891738,CANONICAL_INPUT_ID_NOT_PROVEN_ADMISSION_ORDER,M_REDSTAR
CELF,FULLY_SCHEDULED,CMD_PLC_C06_M01_A3_C06_M01,ControlCommand,62,0.17663817663817663,CANONICAL_INPUT_ID_NOT_PROVEN_ADMISSION_ORDER,M_REDSTAR
CELF,FULLY_SCHEDULED,CMD_PLC_C06_M01_A4_C06_M01,ControlCommand,63,0.1794871794871795,CANONICAL_INPUT_ID_NOT_PROVEN_ADMISSION_ORDER,M_REDSTAR
CELF,FULLY_SCHEDULED,CMD_PLC_C06_M02_A1_C06_M02,ControlCommand,64,0.18233618233618235,CANONICAL_INPUT_ID_NOT_PROVEN_ADMISSION_ORDER,M_REDSTAR
CELF,ZERO_SCHEDULED,CMD_PLC_C06_M02_A2_C06_M02,ControlCommand,65,0.18518518518518517,CANONICAL_INPUT_ID_NOT_PROVEN_ADMISSION_ORDER,M_REDSTAR
CELF,FULLY_SCHEDULED,CMD_PLC_C06_M02_A3_C06_M02,ControlCommand,66,0.18803418803418803,CANONICAL_INPUT_ID_NOT_PROVEN_ADMISSION_ORDER,M_REDSTAR
CELF,ZERO_SCHEDULED,CMD_PLC_C06_M02_A4_C06_M02,ControlCommand,67,0.1908831908831909,CANONICAL_INPUT_ID_NOT_PROVEN_ADMISSION_ORDER,M_REDSTAR
CELF,FULLY_SCHEDULED,CMD_PLC_C06_M03_A1_C06_M03,ControlCommand,68,0.19373219373219372,CANONICAL_INPUT_ID_NOT_PROVEN_ADMISSION_ORDER,M_REDSTAR
CELF,FULLY_SCHEDULED,CMD_PLC_C06_M03_A2_C06_M03,ControlCommand,69,0.19658119658119658,CANONICAL_INPUT_ID_NOT_PROVEN_ADMISSION_ORDER,M_REDSTAR
CELF,FULLY_SCHEDULED,CMD_PLC_C06_M03_A3_C06_M03,ControlCommand,70,0.19943019943019943,CANONICAL_INPUT_ID_NOT_PROVEN_ADMISSION_ORDER,M_REDSTAR
CELF,FULLY_SCHEDULED,CMD_PLC_C06_M03_A4_C06_M03,ControlCommand,71,0.2022792022792023,CANONICAL_INPUT_ID_NOT_PROVEN_ADMISSION_ORDER,M_REDSTAR
CELF,FULLY_SCHEDULED,CMD_PLC_C07_M01_A1_C07_M01,ControlCommand,72,0.20512820512820512,CANONICAL_INPUT_ID_NOT_PROVEN_ADMISSION_ORDER,M_REDSTAR
CELF,FULLY_SCHEDULED,CMD_PLC_C07_M01_A2_C07_M01,ControlCommand,73,0.20797720797720798,CANONICAL_INPUT_ID_NOT_PROVEN_ADMISSION_ORDER,M_REDSTAR
CELF,FULLY_SCHEDULED,CMD_PLC_C07_M01_A3_C07_M01,ControlCommand,74,0.21082621082621084,CANONICAL_INPUT_ID_NOT_PROVEN_ADMISSION_ORDER,M_REDSTAR
CELF,FULLY_SCHEDULED,CMD_PLC_C07_M01_A4_C07_M01,ControlCommand,75,0.21367521367521367,CANONICAL_INPUT_ID_NOT_PROVEN_ADMISSION_ORDER,M_REDSTAR
CELF,FULLY_SCHEDULED,CMD_PLC_C07_M02_A1_C07_M02,ControlCommand,76,0.21652421652421652,CANONICAL_INPUT_ID_NOT_PROVEN_ADMISSION_ORDER,M_REDSTAR
CELF,FULLY_SCHEDULED,CMD_PLC_C07_M02_A2_C07_M02,ControlCommand,77,0.21937321937321938,CANONICAL_INPUT_ID_NOT_PROVEN_ADMISSION_ORDER,M_REDSTAR
CELF,FULLY_SCHEDULED,CMD_PLC_C07_M02_A3_C07_M02,ControlCommand,78,0.2222222222222222,CANONICAL_INPUT_ID_NOT_PROVEN_ADMISSION_ORDER,M_REDSTAR
CELF,FULLY_SCHEDULED,CMD_PLC_C07_M02_A4_C07_M02,ControlCommand,79,0.22507122507122507,CANONICAL_INPUT_ID_NOT_PROVEN_ADMISSION_ORDER,M_REDSTAR
CELF,FULLY_SCHEDULED,CMD_PLC_C07_M03_A1_C07_M03,ControlCommand,80,0.22792022792022792,CANONICAL_INPUT_ID_NOT_PROVEN_ADMISSION_ORDER,M_REDSTAR
CELF,FULLY_SCHEDULED,CMD_PLC_C07_M03_A2_C07_M03,ControlCommand,81,0.23076923076923078,CANONICAL_INPUT_ID_NOT_PROVEN_ADMISSION_ORDER,M_REDSTAR
CELF,FULLY_SCHEDULED,CMD_PLC_C07_M03_A3_C07_M03,ControlCommand,82,0.2336182336182336,CANONICAL_INPUT_ID_NOT_PROVEN_ADMISSION_ORDER,M_REDSTAR
CELF,FULLY_SCHEDULED,CMD_PLC_C07_M03_A4_C07_M03,ControlCommand,83,0.23646723646723647,CANONICAL_INPUT_ID_NOT_PROVEN_ADMISSION_ORDER,M_REDSTAR
CELF,FULLY_SCHEDULED,CMD_PLC_C08_M01_A1_C08_M01,ControlCommand,84,0.23931623931623933,CANONICAL_INPUT_ID_NOT_PROVEN_ADMISSION_ORDER,M_REDSTAR
CELF,FULLY_SCHEDULED,CMD_PLC_C08_M01_A2_C08_M01,ControlCommand,85,0.24216524216524216,CANONICAL_INPUT_ID_NOT_PROVEN_ADMISSION_ORDER,M_REDSTAR
CELF,FULLY_SCHEDULED,CMD_PLC_C08_M01_A3_C08_M01,ControlCommand,86,0.245014245014245,CANONICAL_INPUT_ID_NOT_PROVEN_ADMISSION_ORDER,M_REDSTAR
CELF,FULLY_SCHEDULED,CMD_PLC_C08_M01_A4_C08_M01,ControlCommand,87,0.24786324786324787,CANONICAL_INPUT_ID_NOT_PROVEN_ADMISSION_ORDER,M_REDSTAR
CELF,FULLY_SCHEDULED,CMD_PLC_C08_M02_A1_C08_M02,ControlCommand,88,0.25071225071225073,CANONICAL_INPUT_ID_NOT_PROVEN_ADMISSION_ORDER,M_REDSTAR
CELF,FULLY_SCHEDULED,CMD_PLC_C08_M02_A2_C08_M02,ControlCommand,89,0.2535612535612536,CANONICAL_INPUT_ID_NOT_PROVEN_ADMISSION_ORDER,M_REDSTAR
CELF,FULLY_SCHEDULED,CMD_PLC_C08_M02_A3_C08_M02,ControlCommand,90,0.2564102564102564,CANONICAL_INPUT_ID_NOT_PROVEN_ADMISSION_ORDER,M_REDSTAR
CELF,FULLY_SCHEDULED,CMD_PLC_C08_M02_A4_C08_M02,ControlCommand,91,0.25925925925925924,CANONICAL_INPUT_ID_NOT_PROVEN_ADMISSION_ORDER,M_REDSTAR
CELF,FULLY_SCHEDULED,CMD_PLC_C08_M03_A1_C08_M03,ControlCommand,92,0.2621082621082621,CANONICAL_INPUT_ID_NOT_PROVEN_ADMISSION_ORDER,M_REDSTAR
CELF,FULLY_SCHEDULED,CMD_PLC_C08_M03_A2_C08_M03,ControlCommand,93,0.26495726495726496,CANONICAL_INPUT_ID_NOT_PROVEN_ADMISSION_ORDER,M_REDSTAR
CELF,FULLY_SCHEDULED,CMD_PLC_C08_M03_A3_C08_M03,ControlCommand,94,0.2678062678062678,CANONICAL_INPUT_ID_NOT_PROVEN_ADMISSION_ORDER,M_REDSTAR
CELF,FULLY_SCHEDULED,CMD_PLC_C08_M03_A4_C08_M03,ControlCommand,95,0.2706552706552707,CANONICAL_INPUT_ID_NOT_PROVEN_ADMISSION_ORDER,M_REDSTAR
CELF,FULLY_SCHEDULED,COORD_CC_C01_PLC_C01_M01,MachineCoordination,96,0.27350427350427353,CANONICAL_INPUT_ID_NOT_PROVEN_ADMISSION_ORDER,M_REDSTAR
CELF,FULLY_SCHEDULED,COORD_CC_C01_PLC_C01_M02,MachineCoordination,97,0.27635327635327633,CANONICAL_INPUT_ID_NOT_PROVEN_ADMISSION_ORDER,M_REDSTAR
CELF,FULLY_SCHEDULED,COORD_CC_C01_PLC_C01_M03,MachineCoordination,98,0.2792022792022792,CANONICAL_INPUT_ID_NOT_PROVEN_ADMISSION_ORDER,M_REDSTAR
CELF,FULLY_SCHEDULED,COORD_CC_C02_PLC_C02_M01,MachineCoordination,99,0.28205128205128205,CANONICAL_INPUT_ID_NOT_PROVEN_ADMISSION_ORDER,M_REDSTAR
CELF,FULLY_SCHEDULED,COORD_CC_C02_PLC_C02_M02,MachineCoordination,100,0.2849002849002849,CANONICAL_INPUT_ID_NOT_PROVEN_ADMISSION_ORDER,M_REDSTAR
CELF,FULLY_SCHEDULED,COORD_CC_C02_PLC_C02_M03,MachineCoordination,101,0.28774928774928776,CANONICAL_INPUT_ID_NOT_PROVEN_ADMISSION_ORDER,M_REDSTAR
CELF,ZERO_SCHEDULED,COORD_CC_C03_PLC_C03_M01,MachineCoordination,102,0.2905982905982906,CANONICAL_INPUT_ID_NOT_PROVEN_ADMISSION_ORDER,M_REDSTAR
CELF,FULLY_SCHEDULED,COORD_CC_C03_PLC_C03_M02,MachineCoordination,103,0.2934472934472934,CANONICAL_INPUT_ID_NOT_PROVEN_ADMISSION_ORDER,M_REDSTAR
CELF,FULLY_SCHEDULED,COORD_CC_C03_PLC_C03_M03,MachineCoordination,104,0.2962962962962963,CANONICAL_INPUT_ID_NOT_PROVEN_ADMISSION_ORDER,M_REDSTAR
CELF,FULLY_SCHEDULED,COORD_CC_C04_PLC_C04_M01,MachineCoordination,105,0.29914529914529914,CANONICAL_INPUT_ID_NOT_PROVEN_ADMISSION_ORDER,M_REDSTAR
CELF,FULLY_SCHEDULED,COORD_CC_C04_PLC_C04_M02,MachineCoordination,106,0.301994301994302,CANONICAL_INPUT_ID_NOT_PROVEN_ADMISSION_ORDER,M_REDSTAR
CELF,FULLY_SCHEDULED,COORD_CC_C04_PLC_C04_M03,MachineCoordination,107,0.30484330484330485,CANONICAL_INPUT_ID_NOT_PROVEN_ADMISSION_ORDER,M_REDSTAR
CELF,FULLY_SCHEDULED,COORD_CC_C05_PLC_C05_M01,MachineCoordination,108,0.3076923076923077,CANONICAL_INPUT_ID_NOT_PROVEN_ADMISSION_ORDER,M_REDSTAR
CELF,ZERO_SCHEDULED,COORD_CC_C05_PLC_C05_M02,MachineCoordination,109,0.31054131054131057,CANONICAL_INPUT_ID_NOT_PROVEN_ADMISSION_ORDER,M_REDSTAR
CELF,FULLY_SCHEDULED,COORD_CC_C05_PLC_C05_M03,MachineCoordination,110,0.31339031339031337,CANONICAL_INPUT_ID_NOT_PROVEN_ADMISSION_ORDER,M_REDSTAR
CELF,FULLY_SCHEDULED,COORD_CC_C06_PLC_C06_M01,MachineCoordination,111,0.3162393162393162,CANONICAL_INPUT_ID_NOT_PROVEN_ADMISSION_ORDER,M_REDSTAR
CELF,FULLY_SCHEDULED,COORD_CC_C06_PLC_C06_M02,MachineCoordination,112,0.3190883190883191,CANONICAL_INPUT_ID_NOT_PROVEN_ADMISSION_ORDER,M_REDSTAR
CELF,FULLY_SCHEDULED,COORD_CC_C06_PLC_C06_M03,MachineCoordination,113,0.32193732193732194,CANONICAL_INPUT_ID_NOT_PROVEN_ADMISSION_ORDER,M_REDSTAR
CELF,FULLY_SCHEDULED,COORD_CC_C07_PLC_C07_M01,MachineCoordination,114,0.3247863247863248,CANONICAL_INPUT_ID_NOT_PROVEN_ADMISSION_ORDER,M_REDSTAR
CELF,FULLY_SCHEDULED,COORD_CC_C07_PLC_C07_M02,MachineCoordination,115,0.32763532763532766,CANONICAL_INPUT_ID_NOT_PROVEN_ADMISSION_ORDER,M_REDSTAR
CELF,FULLY_SCHEDULED,COORD_CC_C07_PLC_C07_M03,MachineCoordination,116,0.33048433048433046,CANONICAL_INPUT_ID_NOT_PROVEN_ADMISSION_ORDER,M_REDSTAR
CELF,FULLY_SCHEDULED,COORD_CC_C08_PLC_C08_M01,MachineCoordination,117,0.3333333333333333,CANONICAL_INPUT_ID_NOT_PROVEN_ADMISSION_ORDER,M_REDSTAR
CELF,FULLY_SCHEDULED,COORD_CC_C08_PLC_C08_M02,MachineCoordination,118,0.33618233618233617,CANONICAL_INPUT_ID_NOT_PROVEN_ADMISSION_ORDER,M_REDSTAR
CELF,FULLY_SCHEDULED,COORD_CC_C08_PLC_C08_M03,MachineCoordination,119,0.33903133903133903,CANONICAL_INPUT_ID_NOT_PROVEN_ADMISSION_ORDER,M_REDSTAR
CELF,FULLY_SCHEDULED,IC_NEXT_CC_C01,InterCellNext,120,0.3418803418803419,CANONICAL_INPUT_ID_NOT_PROVEN_ADMISSION_ORDER,M_REDSTAR
CELF,FULLY_SCHEDULED,IC_NEXT_CC_C02,InterCellNext,121,0.34472934472934474,CANONICAL_INPUT_ID_NOT_PROVEN_ADMISSION_ORDER,M_REDSTAR
CELF,FULLY_SCHEDULED,IC_NEXT_CC_C03,InterCellNext,122,0.3475783475783476,CANONICAL_INPUT_ID_NOT_PROVEN_ADMISSION_ORDER,M_REDSTAR
CELF,FULLY_SCHEDULED,IC_NEXT_CC_C04,InterCellNext,123,0.3504273504273504,CANONICAL_INPUT_ID_NOT_PROVEN_ADMISSION_ORDER,M_REDSTAR
CELF,FULLY_SCHEDULED,IC_NEXT_CC_C05,InterCellNext,124,0.35327635327635326,CANONICAL_INPUT_ID_NOT_PROVEN_ADMISSION_ORDER,M_REDSTAR
CELF,FULLY_SCHEDULED,IC_NEXT_CC_C06,InterCellNext,125,0.3561253561253561,CANONICAL_INPUT_ID_NOT_PROVEN_ADMISSION_ORDER,M_REDSTAR
CELF,FULLY_SCHEDULED,IC_NEXT_CC_C07,InterCellNext,126,0.358974358974359,CANONICAL_INPUT_ID_NOT_PROVEN_ADMISSION_ORDER,M_REDSTAR
CELF,FULLY_SCHEDULED,IC_NEXT_CC_C08,InterCellNext,127,0.36182336182336183,CANONICAL_INPUT_ID_NOT_PROVEN_ADMISSION_ORDER,M_REDSTAR
CELF,FULLY_SCHEDULED,IC_PREV_CC_C01,InterCellPrevious,128,0.3646723646723647,CANONICAL_INPUT_ID_NOT_PROVEN_ADMISSION_ORDER,M_REDSTAR
CELF,FULLY_SCHEDULED,IC_PREV_CC_C02,InterCellPrevious,129,0.36752136752136755,CANONICAL_INPUT_ID_NOT_PROVEN_ADMISSION_ORDER,M_REDSTAR
CELF,FULLY_SCHEDULED,IC_PREV_CC_C03,InterCellPrevious,130,0.37037037037037035,CANONICAL_INPUT_ID_NOT_PROVEN_ADMISSION_ORDER,M_REDSTAR
CELF,FULLY_SCHEDULED,IC_PREV_CC_C04,InterCellPrevious,131,0.3732193732193732,CANONICAL_INPUT_ID_NOT_PROVEN_ADMISSION_ORDER,M_REDSTAR
CELF,FULLY_SCHEDULED,IC_PREV_CC_C05,InterCellPrevious,132,0.37606837606837606,CANONICAL_INPUT_ID_NOT_PROVEN_ADMISSION_ORDER,M_REDSTAR
CELF,FULLY_SCHEDULED,IC_PREV_CC_C06,InterCellPrevious,133,0.3789173789173789,CANONICAL_INPUT_ID_NOT_PROVEN_ADMISSION_ORDER,M_REDSTAR
CELF,FULLY_SCHEDULED,IC_PREV_CC_C07,InterCellPrevious,134,0.3817663817663818,CANONICAL_INPUT_ID_NOT_PROVEN_ADMISSION_ORDER,M_REDSTAR
CELF,FULLY_SCHEDULED,IC_PREV_CC_C08,InterCellPrevious,135,0.38461538461538464,CANONICAL_INPUT_ID_NOT_PROVEN_ADMISSION_ORDER,M_REDSTAR
CELF,FULLY_SCHEDULED,SC_S1_C01_M01,SensorCyclic,136,0.38746438746438744,CANONICAL_INPUT_ID_NOT_PROVEN_ADMISSION_ORDER,M_REDSTAR
CELF,FULLY_SCHEDULED,SC_S1_C01_M02,SensorCyclic,137,0.3903133903133903,CANONICAL_INPUT_ID_NOT_PROVEN_ADMISSION_ORDER,M_REDSTAR
CELF,FULLY_SCHEDULED,SC_S1_C01_M03,SensorCyclic,138,0.39316239316239315,CANONICAL_INPUT_ID_NOT_PROVEN_ADMISSION_ORDER,M_REDSTAR
CELF,FULLY_SCHEDULED,SC_S1_C02_M01,SensorCyclic,139,0.396011396011396,CANONICAL_INPUT_ID_NOT_PROVEN_ADMISSION_ORDER,M_REDSTAR
CELF,FULLY_SCHEDULED,SC_S1_C02_M02,SensorCyclic,140,0.39886039886039887,CANONICAL_INPUT_ID_NOT_PROVEN_ADMISSION_ORDER,M_REDSTAR
CELF,FULLY_SCHEDULED,SC_S1_C02_M03,SensorCyclic,141,0.4017094017094017,CANONICAL_INPUT_ID_NOT_PROVEN_ADMISSION_ORDER,M_REDSTAR
CELF,FULLY_SCHEDULED,SC_S1_C03_M01,SensorCyclic,142,0.4045584045584046,CANONICAL_INPUT_ID_NOT_PROVEN_ADMISSION_ORDER,M_REDSTAR
CELF,FULLY_SCHEDULED,SC_S1_C03_M02,SensorCyclic,143,0.4074074074074074,CANONICAL_INPUT_ID_NOT_PROVEN_ADMISSION_ORDER,M_REDSTAR
CELF,FULLY_SCHEDULED,SC_S1_C03_M03,SensorCyclic,144,0.41025641025641024,CANONICAL_INPUT_ID_NOT_PROVEN_ADMISSION_ORDER,M_REDSTAR
CELF,FULLY_SCHEDULED,SC_S1_C04_M01,SensorCyclic,145,0.4131054131054131,CANONICAL_INPUT_ID_NOT_PROVEN_ADMISSION_ORDER,M_REDSTAR
CELF,FULLY_SCHEDULED,SC_S1_C04_M02,SensorCyclic,146,0.41595441595441596,CANONICAL_INPUT_ID_NOT_PROVEN_ADMISSION_ORDER,M_REDSTAR
CELF,FULLY_SCHEDULED,SC_S1_C04_M03,SensorCyclic,147,0.4188034188034188,CANONICAL_INPUT_ID_NOT_PROVEN_ADMISSION_ORDER,M_REDSTAR
CELF,FULLY_SCHEDULED,SC_S1_C05_M01,SensorCyclic,148,0.42165242165242167,CANONICAL_INPUT_ID_NOT_PROVEN_ADMISSION_ORDER,M_REDSTAR
CELF,FULLY_SCHEDULED,SC_S1_C05_M02,SensorCyclic,149,0.42450142450142453,CANONICAL_INPUT_ID_NOT_PROVEN_ADMISSION_ORDER,M_REDSTAR
CELF,FULLY_SCHEDULED,SC_S1_C05_M03,SensorCyclic,150,0.42735042735042733,CANONICAL_INPUT_ID_NOT_PROVEN_ADMISSION_ORDER,M_REDSTAR
CELF,FULLY_SCHEDULED,SC_S1_C06_M01,SensorCyclic,151,0.4301994301994302,CANONICAL_INPUT_ID_NOT_PROVEN_ADMISSION_ORDER,M_REDSTAR
CELF,FULLY_SCHEDULED,SC_S1_C06_M02,SensorCyclic,152,0.43304843304843305,CANONICAL_INPUT_ID_NOT_PROVEN_ADMISSION_ORDER,M_REDSTAR
CELF,FULLY_SCHEDULED,SC_S1_C06_M03,SensorCyclic,153,0.4358974358974359,CANONICAL_INPUT_ID_NOT_PROVEN_ADMISSION_ORDER,M_REDSTAR
CELF,FULLY_SCHEDULED,SC_S1_C07_M01,SensorCyclic,154,0.43874643874643876,CANONICAL_INPUT_ID_NOT_PROVEN_ADMISSION_ORDER,M_REDSTAR
CELF,FULLY_SCHEDULED,SC_S1_C07_M02,SensorCyclic,155,0.4415954415954416,CANONICAL_INPUT_ID_NOT_PROVEN_ADMISSION_ORDER,M_REDSTAR
CELF,FULLY_SCHEDULED,SC_S1_C07_M03,SensorCyclic,156,0.4444444444444444,CANONICAL_INPUT_ID_NOT_PROVEN_ADMISSION_ORDER,M_REDSTAR
CELF,FULLY_SCHEDULED,SC_S1_C08_M01,SensorCyclic,157,0.4472934472934473,CANONICAL_INPUT_ID_NOT_PROVEN_ADMISSION_ORDER,M_REDSTAR
CELF,FULLY_SCHEDULED,SC_S1_C08_M02,SensorCyclic,158,0.45014245014245013,CANONICAL_INPUT_ID_NOT_PROVEN_ADMISSION_ORDER,M_REDSTAR
CELF,FULLY_SCHEDULED,SC_S1_C08_M03,SensorCyclic,159,0.452991452991453,CANONICAL_INPUT_ID_NOT_PROVEN_ADMISSION_ORDER,M_REDSTAR
CELF,FULLY_SCHEDULED,SC_S2_C01_M01,SensorCyclic,160,0.45584045584045585,CANONICAL_INPUT_ID_NOT_PROVEN_ADMISSION_ORDER,M_REDSTAR
CELF,FULLY_SCHEDULED,SC_S2_C01_M02,SensorCyclic,161,0.4586894586894587,CANONICAL_INPUT_ID_NOT_PROVEN_ADMISSION_ORDER,M_REDSTAR
CELF,FULLY_SCHEDULED,SC_S2_C01_M03,SensorCyclic,162,0.46153846153846156,CANONICAL_INPUT_ID_NOT_PROVEN_ADMISSION_ORDER,M_REDSTAR
CELF,FULLY_SCHEDULED,SC_S2_C02_M01,SensorCyclic,163,0.46438746438746437,CANONICAL_INPUT_ID_NOT_PROVEN_ADMISSION_ORDER,M_REDSTAR
CELF,FULLY_SCHEDULED,SC_S2_C02_M02,SensorCyclic,164,0.4672364672364672,CANONICAL_INPUT_ID_NOT_PROVEN_ADMISSION_ORDER,M_REDSTAR
CELF,FULLY_SCHEDULED,SC_S2_C02_M03,SensorCyclic,165,0.4700854700854701,CANONICAL_INPUT_ID_NOT_PROVEN_ADMISSION_ORDER,M_REDSTAR
CELF,FULLY_SCHEDULED,SC_S2_C03_M01,SensorCyclic,166,0.47293447293447294,CANONICAL_INPUT_ID_NOT_PROVEN_ADMISSION_ORDER,M_REDSTAR
CELF,FULLY_SCHEDULED,SC_S2_C03_M02,SensorCyclic,167,0.4757834757834758,CANONICAL_INPUT_ID_NOT_PROVEN_ADMISSION_ORDER,M_REDSTAR
CELF,FULLY_SCHEDULED,SC_S2_C03_M03,SensorCyclic,168,0.47863247863247865,CANONICAL_INPUT_ID_NOT_PROVEN_ADMISSION_ORDER,M_REDSTAR
CELF,FULLY_SCHEDULED,SC_S2_C04_M01,SensorCyclic,169,0.48148148148148145,CANONICAL_INPUT_ID_NOT_PROVEN_ADMISSION_ORDER,M_REDSTAR
CELF,FULLY_SCHEDULED,SC_S2_C04_M02,SensorCyclic,170,0.4843304843304843,CANONICAL_INPUT_ID_NOT_PROVEN_ADMISSION_ORDER,M_REDSTAR
CELF,FULLY_SCHEDULED,SC_S2_C04_M03,SensorCyclic,171,0.48717948717948717,CANONICAL_INPUT_ID_NOT_PROVEN_ADMISSION_ORDER,M_REDSTAR
CELF,FULLY_SCHEDULED,SC_S2_C05_M01,SensorCyclic,172,0.49002849002849,CANONICAL_INPUT_ID_NOT_PROVEN_ADMISSION_ORDER,M_REDSTAR
CELF,FULLY_SCHEDULED,SC_S2_C05_M02,SensorCyclic,173,0.4928774928774929,CANONICAL_INPUT_ID_NOT_PROVEN_ADMISSION_ORDER,M_REDSTAR
CELF,FULLY_SCHEDULED,SC_S2_C05_M03,SensorCyclic,174,0.49572649572649574,CANONICAL_INPUT_ID_NOT_PROVEN_ADMISSION_ORDER,M_REDSTAR
CELF,FULLY_SCHEDULED,SC_S2_C06_M01,SensorCyclic,175,0.4985754985754986,CANONICAL_INPUT_ID_NOT_PROVEN_ADMISSION_ORDER,M_REDSTAR
CELF,FULLY_SCHEDULED,SC_S2_C06_M02,SensorCyclic,176,0.5014245014245015,CANONICAL_INPUT_ID_NOT_PROVEN_ADMISSION_ORDER,M_REDSTAR
CELF,FULLY_SCHEDULED,SC_S2_C06_M03,SensorCyclic,177,0.5042735042735043,CANONICAL_INPUT_ID_NOT_PROVEN_ADMISSION_ORDER,M_REDSTAR
CELF,FULLY_SCHEDULED,SC_S2_C07_M01,SensorCyclic,178,0.5071225071225072,CANONICAL_INPUT_ID_NOT_PROVEN_ADMISSION_ORDER,M_REDSTAR
CELF,FULLY_SCHEDULED,SC_S2_C07_M02,SensorCyclic,179,0.50997150997151,CANONICAL_INPUT_ID_NOT_PROVEN_ADMISSION_ORDER,M_REDSTAR
CELF,FULLY_SCHEDULED,SC_S2_C07_M03,SensorCyclic,180,0.5128205128205128,CANONICAL_INPUT_ID_NOT_PROVEN_ADMISSION_ORDER,M_REDSTAR
CELF,FULLY_SCHEDULED,SC_S2_C08_M01,SensorCyclic,181,0.5156695156695157,CANONICAL_INPUT_ID_NOT_PROVEN_ADMISSION_ORDER,M_REDSTAR
CELF,FULLY_SCHEDULED,SC_S2_C08_M02,SensorCyclic,182,0.5185185185185185,CANONICAL_INPUT_ID_NOT_PROVEN_ADMISSION_ORDER,M_REDSTAR
CELF,FULLY_SCHEDULED,SC_S2_C08_M03,SensorCyclic,183,0.5213675213675214,CANONICAL_INPUT_ID_NOT_PROVEN_ADMISSION_ORDER,M_REDSTAR
CELF,FULLY_SCHEDULED,SC_S3_C01_M01,SensorCyclic,184,0.5242165242165242,CANONICAL_INPUT_ID_NOT_PROVEN_ADMISSION_ORDER,M_REDSTAR
CELF,FULLY_SCHEDULED,SC_S3_C01_M02,SensorCyclic,185,0.5270655270655271,CANONICAL_INPUT_ID_NOT_PROVEN_ADMISSION_ORDER,M_REDSTAR
CELF,FULLY_SCHEDULED,SC_S3_C01_M03,SensorCyclic,186,0.5299145299145299,CANONICAL_INPUT_ID_NOT_PROVEN_ADMISSION_ORDER,M_REDSTAR
CELF,FULLY_SCHEDULED,SC_S3_C02_M01,SensorCyclic,187,0.5327635327635327,CANONICAL_INPUT_ID_NOT_PROVEN_ADMISSION_ORDER,M_REDSTAR
CELF,FULLY_SCHEDULED,SC_S3_C02_M02,SensorCyclic,188,0.5356125356125356,CANONICAL_INPUT_ID_NOT_PROVEN_ADMISSION_ORDER,M_REDSTAR
CELF,FULLY_SCHEDULED,SC_S3_C02_M03,SensorCyclic,189,0.5384615384615384,CANONICAL_INPUT_ID_NOT_PROVEN_ADMISSION_ORDER,M_REDSTAR
CELF,FULLY_SCHEDULED,SC_S3_C03_M01,SensorCyclic,190,0.5413105413105413,CANONICAL_INPUT_ID_NOT_PROVEN_ADMISSION_ORDER,M_REDSTAR
CELF,FULLY_SCHEDULED,SC_S3_C03_M02,SensorCyclic,191,0.5441595441595442,CANONICAL_INPUT_ID_NOT_PROVEN_ADMISSION_ORDER,M_REDSTAR
CELF,FULLY_SCHEDULED,SC_S3_C03_M03,SensorCyclic,192,0.5470085470085471,CANONICAL_INPUT_ID_NOT_PROVEN_ADMISSION_ORDER,M_REDSTAR
CELF,FULLY_SCHEDULED,SC_S3_C04_M01,SensorCyclic,193,0.5498575498575499,CANONICAL_INPUT_ID_NOT_PROVEN_ADMISSION_ORDER,M_REDSTAR
CELF,FULLY_SCHEDULED,SC_S3_C04_M02,SensorCyclic,194,0.5527065527065527,CANONICAL_INPUT_ID_NOT_PROVEN_ADMISSION_ORDER,M_REDSTAR
CELF,FULLY_SCHEDULED,SC_S3_C04_M03,SensorCyclic,195,0.5555555555555556,CANONICAL_INPUT_ID_NOT_PROVEN_ADMISSION_ORDER,M_REDSTAR
CELF,FULLY_SCHEDULED,SC_S3_C05_M01,SensorCyclic,196,0.5584045584045584,CANONICAL_INPUT_ID_NOT_PROVEN_ADMISSION_ORDER,M_REDSTAR
CELF,FULLY_SCHEDULED,SC_S3_C05_M02,SensorCyclic,197,0.5612535612535613,CANONICAL_INPUT_ID_NOT_PROVEN_ADMISSION_ORDER,M_REDSTAR
CELF,FULLY_SCHEDULED,SC_S3_C05_M03,SensorCyclic,198,0.5641025641025641,CANONICAL_INPUT_ID_NOT_PROVEN_ADMISSION_ORDER,M_REDSTAR
CELF,FULLY_SCHEDULED,SC_S3_C06_M01,SensorCyclic,199,0.5669515669515669,CANONICAL_INPUT_ID_NOT_PROVEN_ADMISSION_ORDER,M_REDSTAR
CELF,FULLY_SCHEDULED,SC_S3_C06_M02,SensorCyclic,200,0.5698005698005698,CANONICAL_INPUT_ID_NOT_PROVEN_ADMISSION_ORDER,M_REDSTAR
CELF,FULLY_SCHEDULED,SC_S3_C06_M03,SensorCyclic,201,0.5726495726495726,CANONICAL_INPUT_ID_NOT_PROVEN_ADMISSION_ORDER,M_REDSTAR
CELF,FULLY_SCHEDULED,SC_S3_C07_M01,SensorCyclic,202,0.5754985754985755,CANONICAL_INPUT_ID_NOT_PROVEN_ADMISSION_ORDER,M_REDSTAR
CELF,FULLY_SCHEDULED,SC_S3_C07_M02,SensorCyclic,203,0.5783475783475783,CANONICAL_INPUT_ID_NOT_PROVEN_ADMISSION_ORDER,M_REDSTAR
CELF,FULLY_SCHEDULED,SC_S3_C07_M03,SensorCyclic,204,0.5811965811965812,CANONICAL_INPUT_ID_NOT_PROVEN_ADMISSION_ORDER,M_REDSTAR
CELF,FULLY_SCHEDULED,SC_S3_C08_M01,SensorCyclic,205,0.584045584045584,CANONICAL_INPUT_ID_NOT_PROVEN_ADMISSION_ORDER,M_REDSTAR
CELF,FULLY_SCHEDULED,SC_S3_C08_M02,SensorCyclic,206,0.5868945868945868,CANONICAL_INPUT_ID_NOT_PROVEN_ADMISSION_ORDER,M_REDSTAR
CELF,FULLY_SCHEDULED,SC_S3_C08_M03,SensorCyclic,207,0.5897435897435898,CANONICAL_INPUT_ID_NOT_PROVEN_ADMISSION_ORDER,M_REDSTAR
CELF,FULLY_SCHEDULED,SC_S4_C01_M01,SensorCyclic,208,0.5925925925925926,CANONICAL_INPUT_ID_NOT_PROVEN_ADMISSION_ORDER,M_REDSTAR
CELF,FULLY_SCHEDULED,SC_S4_C01_M02,SensorCyclic,209,0.5954415954415955,CANONICAL_INPUT_ID_NOT_PROVEN_ADMISSION_ORDER,M_REDSTAR
CELF,FULLY_SCHEDULED,SC_S4_C01_M03,SensorCyclic,210,0.5982905982905983,CANONICAL_INPUT_ID_NOT_PROVEN_ADMISSION_ORDER,M_REDSTAR
CELF,FULLY_SCHEDULED,SC_S4_C02_M01,SensorCyclic,211,0.6011396011396012,CANONICAL_INPUT_ID_NOT_PROVEN_ADMISSION_ORDER,M_REDSTAR
CELF,FULLY_SCHEDULED,SC_S4_C02_M02,SensorCyclic,212,0.603988603988604,CANONICAL_INPUT_ID_NOT_PROVEN_ADMISSION_ORDER,M_REDSTAR
CELF,FULLY_SCHEDULED,SC_S4_C02_M03,SensorCyclic,213,0.6068376068376068,CANONICAL_INPUT_ID_NOT_PROVEN_ADMISSION_ORDER,M_REDSTAR
CELF,FULLY_SCHEDULED,SC_S4_C03_M01,SensorCyclic,214,0.6096866096866097,CANONICAL_INPUT_ID_NOT_PROVEN_ADMISSION_ORDER,M_REDSTAR
CELF,FULLY_SCHEDULED,SC_S4_C03_M02,SensorCyclic,215,0.6125356125356125,CANONICAL_INPUT_ID_NOT_PROVEN_ADMISSION_ORDER,M_REDSTAR
CELF,FULLY_SCHEDULED,SC_S4_C03_M03,SensorCyclic,216,0.6153846153846154,CANONICAL_INPUT_ID_NOT_PROVEN_ADMISSION_ORDER,M_REDSTAR
CELF,FULLY_SCHEDULED,SC_S4_C04_M01,SensorCyclic,217,0.6182336182336182,CANONICAL_INPUT_ID_NOT_PROVEN_ADMISSION_ORDER,M_REDSTAR
CELF,FULLY_SCHEDULED,SC_S4_C04_M02,SensorCyclic,218,0.6210826210826211,CANONICAL_INPUT_ID_NOT_PROVEN_ADMISSION_ORDER,M_REDSTAR
CELF,FULLY_SCHEDULED,SC_S4_C04_M03,SensorCyclic,219,0.6239316239316239,CANONICAL_INPUT_ID_NOT_PROVEN_ADMISSION_ORDER,M_REDSTAR
CELF,FULLY_SCHEDULED,SC_S4_C05_M01,SensorCyclic,220,0.6267806267806267,CANONICAL_INPUT_ID_NOT_PROVEN_ADMISSION_ORDER,M_REDSTAR
CELF,FULLY_SCHEDULED,SC_S4_C05_M02,SensorCyclic,221,0.6296296296296297,CANONICAL_INPUT_ID_NOT_PROVEN_ADMISSION_ORDER,M_REDSTAR
CELF,FULLY_SCHEDULED,SC_S4_C05_M03,SensorCyclic,222,0.6324786324786325,CANONICAL_INPUT_ID_NOT_PROVEN_ADMISSION_ORDER,M_REDSTAR
CELF,FULLY_SCHEDULED,SC_S4_C06_M01,SensorCyclic,223,0.6353276353276354,CANONICAL_INPUT_ID_NOT_PROVEN_ADMISSION_ORDER,M_REDSTAR
CELF,FULLY_SCHEDULED,SC_S4_C06_M02,SensorCyclic,224,0.6381766381766382,CANONICAL_INPUT_ID_NOT_PROVEN_ADMISSION_ORDER,M_REDSTAR
CELF,FULLY_SCHEDULED,SC_S4_C06_M03,SensorCyclic,225,0.6410256410256411,CANONICAL_INPUT_ID_NOT_PROVEN_ADMISSION_ORDER,M_REDSTAR
CELF,FULLY_SCHEDULED,SC_S4_C07_M01,SensorCyclic,226,0.6438746438746439,CANONICAL_INPUT_ID_NOT_PROVEN_ADMISSION_ORDER,M_REDSTAR
CELF,FULLY_SCHEDULED,SC_S4_C07_M02,SensorCyclic,227,0.6467236467236467,CANONICAL_INPUT_ID_NOT_PROVEN_ADMISSION_ORDER,M_REDSTAR
CELF,FULLY_SCHEDULED,SC_S4_C07_M03,SensorCyclic,228,0.6495726495726496,CANONICAL_INPUT_ID_NOT_PROVEN_ADMISSION_ORDER,M_REDSTAR
CELF,FULLY_SCHEDULED,SC_S4_C08_M01,SensorCyclic,229,0.6524216524216524,CANONICAL_INPUT_ID_NOT_PROVEN_ADMISSION_ORDER,M_REDSTAR
CELF,FULLY_SCHEDULED,SC_S4_C08_M02,SensorCyclic,230,0.6552706552706553,CANONICAL_INPUT_ID_NOT_PROVEN_ADMISSION_ORDER,M_REDSTAR
CELF,FULLY_SCHEDULED,SC_S4_C08_M03,SensorCyclic,231,0.6581196581196581,CANONICAL_INPUT_ID_NOT_PROVEN_ADMISSION_ORDER,M_REDSTAR
CELF,FULLY_SCHEDULED,SF_S1_C01_M01,SensorFast,232,0.6609686609686609,CANONICAL_INPUT_ID_NOT_PROVEN_ADMISSION_ORDER,M_REDSTAR
CELF,FULLY_SCHEDULED,SF_S1_C01_M02,SensorFast,233,0.6638176638176638,CANONICAL_INPUT_ID_NOT_PROVEN_ADMISSION_ORDER,M_REDSTAR
CELF,FULLY_SCHEDULED,SF_S1_C01_M03,SensorFast,234,0.6666666666666666,CANONICAL_INPUT_ID_NOT_PROVEN_ADMISSION_ORDER,M_REDSTAR
CELF,FULLY_SCHEDULED,SF_S1_C02_M01,SensorFast,235,0.6695156695156695,CANONICAL_INPUT_ID_NOT_PROVEN_ADMISSION_ORDER,M_REDSTAR
CELF,FULLY_SCHEDULED,SF_S1_C02_M02,SensorFast,236,0.6723646723646723,CANONICAL_INPUT_ID_NOT_PROVEN_ADMISSION_ORDER,M_REDSTAR
CELF,FULLY_SCHEDULED,SF_S1_C02_M03,SensorFast,237,0.6752136752136753,CANONICAL_INPUT_ID_NOT_PROVEN_ADMISSION_ORDER,M_REDSTAR
CELF,FULLY_SCHEDULED,SF_S1_C03_M01,SensorFast,238,0.6780626780626781,CANONICAL_INPUT_ID_NOT_PROVEN_ADMISSION_ORDER,M_REDSTAR
CELF,FULLY_SCHEDULED,SF_S1_C03_M02,SensorFast,239,0.6809116809116809,CANONICAL_INPUT_ID_NOT_PROVEN_ADMISSION_ORDER,M_REDSTAR
CELF,FULLY_SCHEDULED,SF_S1_C03_M03,SensorFast,240,0.6837606837606838,CANONICAL_INPUT_ID_NOT_PROVEN_ADMISSION_ORDER,M_REDSTAR
CELF,FULLY_SCHEDULED,SF_S1_C04_M01,SensorFast,241,0.6866096866096866,CANONICAL_INPUT_ID_NOT_PROVEN_ADMISSION_ORDER,M_REDSTAR
CELF,FULLY_SCHEDULED,SF_S1_C04_M02,SensorFast,242,0.6894586894586895,CANONICAL_INPUT_ID_NOT_PROVEN_ADMISSION_ORDER,M_REDSTAR
CELF,FULLY_SCHEDULED,SF_S1_C04_M03,SensorFast,243,0.6923076923076923,CANONICAL_INPUT_ID_NOT_PROVEN_ADMISSION_ORDER,M_REDSTAR
CELF,FULLY_SCHEDULED,SF_S1_C05_M01,SensorFast,244,0.6951566951566952,CANONICAL_INPUT_ID_NOT_PROVEN_ADMISSION_ORDER,M_REDSTAR
CELF,FULLY_SCHEDULED,SF_S1_C05_M02,SensorFast,245,0.698005698005698,CANONICAL_INPUT_ID_NOT_PROVEN_ADMISSION_ORDER,M_REDSTAR
CELF,FULLY_SCHEDULED,SF_S1_C05_M03,SensorFast,246,0.7008547008547008,CANONICAL_INPUT_ID_NOT_PROVEN_ADMISSION_ORDER,M_REDSTAR
CELF,FULLY_SCHEDULED,SF_S1_C06_M01,SensorFast,247,0.7037037037037037,CANONICAL_INPUT_ID_NOT_PROVEN_ADMISSION_ORDER,M_REDSTAR
CELF,FULLY_SCHEDULED,SF_S1_C06_M02,SensorFast,248,0.7065527065527065,CANONICAL_INPUT_ID_NOT_PROVEN_ADMISSION_ORDER,M_REDSTAR
CELF,FULLY_SCHEDULED,SF_S1_C06_M03,SensorFast,249,0.7094017094017094,CANONICAL_INPUT_ID_NOT_PROVEN_ADMISSION_ORDER,M_REDSTAR
CELF,FULLY_SCHEDULED,SF_S1_C07_M01,SensorFast,250,0.7122507122507122,CANONICAL_INPUT_ID_NOT_PROVEN_ADMISSION_ORDER,M_REDSTAR
CELF,FULLY_SCHEDULED,SF_S1_C07_M02,SensorFast,251,0.7150997150997151,CANONICAL_INPUT_ID_NOT_PROVEN_ADMISSION_ORDER,M_REDSTAR
CELF,FULLY_SCHEDULED,SF_S1_C07_M03,SensorFast,252,0.717948717948718,CANONICAL_INPUT_ID_NOT_PROVEN_ADMISSION_ORDER,M_REDSTAR
CELF,FULLY_SCHEDULED,SF_S1_C08_M01,SensorFast,253,0.7207977207977208,CANONICAL_INPUT_ID_NOT_PROVEN_ADMISSION_ORDER,M_REDSTAR
CELF,FULLY_SCHEDULED,SF_S1_C08_M02,SensorFast,254,0.7236467236467237,CANONICAL_INPUT_ID_NOT_PROVEN_ADMISSION_ORDER,M_REDSTAR
CELF,FULLY_SCHEDULED,SF_S1_C08_M03,SensorFast,255,0.7264957264957265,CANONICAL_INPUT_ID_NOT_PROVEN_ADMISSION_ORDER,M_REDSTAR
CELF,FULLY_SCHEDULED,SF_S2_C01_M01,SensorFast,256,0.7293447293447294,CANONICAL_INPUT_ID_NOT_PROVEN_ADMISSION_ORDER,M_REDSTAR
CELF,FULLY_SCHEDULED,SF_S2_C01_M02,SensorFast,257,0.7321937321937322,CANONICAL_INPUT_ID_NOT_PROVEN_ADMISSION_ORDER,M_REDSTAR
CELF,FULLY_SCHEDULED,SF_S2_C01_M03,SensorFast,258,0.7350427350427351,CANONICAL_INPUT_ID_NOT_PROVEN_ADMISSION_ORDER,M_REDSTAR
CELF,FULLY_SCHEDULED,SF_S2_C02_M01,SensorFast,259,0.7378917378917379,CANONICAL_INPUT_ID_NOT_PROVEN_ADMISSION_ORDER,M_REDSTAR
CELF,FULLY_SCHEDULED,SF_S2_C02_M02,SensorFast,260,0.7407407407407407,CANONICAL_INPUT_ID_NOT_PROVEN_ADMISSION_ORDER,M_REDSTAR
CELF,FULLY_SCHEDULED,SF_S2_C02_M03,SensorFast,261,0.7435897435897436,CANONICAL_INPUT_ID_NOT_PROVEN_ADMISSION_ORDER,M_REDSTAR
CELF,FULLY_SCHEDULED,SF_S2_C03_M01,SensorFast,262,0.7464387464387464,CANONICAL_INPUT_ID_NOT_PROVEN_ADMISSION_ORDER,M_REDSTAR
CELF,FULLY_SCHEDULED,SF_S2_C03_M02,SensorFast,263,0.7492877492877493,CANONICAL_INPUT_ID_NOT_PROVEN_ADMISSION_ORDER,M_REDSTAR
CELF,FULLY_SCHEDULED,SF_S2_C03_M03,SensorFast,264,0.7521367521367521,CANONICAL_INPUT_ID_NOT_PROVEN_ADMISSION_ORDER,M_REDSTAR
CELF,FULLY_SCHEDULED,SF_S2_C04_M01,SensorFast,265,0.7549857549857549,CANONICAL_INPUT_ID_NOT_PROVEN_ADMISSION_ORDER,M_REDSTAR
CELF,FULLY_SCHEDULED,SF_S2_C04_M02,SensorFast,266,0.7578347578347578,CANONICAL_INPUT_ID_NOT_PROVEN_ADMISSION_ORDER,M_REDSTAR
CELF,FULLY_SCHEDULED,SF_S2_C04_M03,SensorFast,267,0.7606837606837606,CANONICAL_INPUT_ID_NOT_PROVEN_ADMISSION_ORDER,M_REDSTAR
CELF,FULLY_SCHEDULED,SF_S2_C05_M01,SensorFast,268,0.7635327635327636,CANONICAL_INPUT_ID_NOT_PROVEN_ADMISSION_ORDER,M_REDSTAR
CELF,FULLY_SCHEDULED,SF_S2_C05_M02,SensorFast,269,0.7663817663817664,CANONICAL_INPUT_ID_NOT_PROVEN_ADMISSION_ORDER,M_REDSTAR
CELF,FULLY_SCHEDULED,SF_S2_C05_M03,SensorFast,270,0.7692307692307693,CANONICAL_INPUT_ID_NOT_PROVEN_ADMISSION_ORDER,M_REDSTAR
CELF,FULLY_SCHEDULED,SF_S2_C06_M01,SensorFast,271,0.7720797720797721,CANONICAL_INPUT_ID_NOT_PROVEN_ADMISSION_ORDER,M_REDSTAR
CELF,FULLY_SCHEDULED,SF_S2_C06_M02,SensorFast,272,0.7749287749287749,CANONICAL_INPUT_ID_NOT_PROVEN_ADMISSION_ORDER,M_REDSTAR
CELF,FULLY_SCHEDULED,SF_S2_C06_M03,SensorFast,273,0.7777777777777778,CANONICAL_INPUT_ID_NOT_PROVEN_ADMISSION_ORDER,M_REDSTAR
CELF,FULLY_SCHEDULED,SF_S2_C07_M01,SensorFast,274,0.7806267806267806,CANONICAL_INPUT_ID_NOT_PROVEN_ADMISSION_ORDER,M_REDSTAR
CELF,FULLY_SCHEDULED,SF_S2_C07_M02,SensorFast,275,0.7834757834757835,CANONICAL_INPUT_ID_NOT_PROVEN_ADMISSION_ORDER,M_REDSTAR
CELF,FULLY_SCHEDULED,SF_S2_C07_M03,SensorFast,276,0.7863247863247863,CANONICAL_INPUT_ID_NOT_PROVEN_ADMISSION_ORDER,M_REDSTAR
CELF,FULLY_SCHEDULED,SF_S2_C08_M01,SensorFast,277,0.7891737891737892,CANONICAL_INPUT_ID_NOT_PROVEN_ADMISSION_ORDER,M_REDSTAR
CELF,FULLY_SCHEDULED,SF_S2_C08_M02,SensorFast,278,0.792022792022792,CANONICAL_INPUT_ID_NOT_PROVEN_ADMISSION_ORDER,M_REDSTAR
CELF,FULLY_SCHEDULED,SF_S2_C08_M03,SensorFast,279,0.7948717948717948,CANONICAL_INPUT_ID_NOT_PROVEN_ADMISSION_ORDER,M_REDSTAR
CELF,FULLY_SCHEDULED,SF_S3_C01_M01,SensorFast,280,0.7977207977207977,CANONICAL_INPUT_ID_NOT_PROVEN_ADMISSION_ORDER,M_REDSTAR
CELF,FULLY_SCHEDULED,SF_S3_C01_M02,SensorFast,281,0.8005698005698005,CANONICAL_INPUT_ID_NOT_PROVEN_ADMISSION_ORDER,M_REDSTAR
CELF,FULLY_SCHEDULED,SF_S3_C01_M03,SensorFast,282,0.8034188034188035,CANONICAL_INPUT_ID_NOT_PROVEN_ADMISSION_ORDER,M_REDSTAR
CELF,FULLY_SCHEDULED,SF_S3_C02_M01,SensorFast,283,0.8062678062678063,CANONICAL_INPUT_ID_NOT_PROVEN_ADMISSION_ORDER,M_REDSTAR
CELF,FULLY_SCHEDULED,SF_S3_C02_M02,SensorFast,284,0.8091168091168092,CANONICAL_INPUT_ID_NOT_PROVEN_ADMISSION_ORDER,M_REDSTAR
CELF,FULLY_SCHEDULED,SF_S3_C02_M03,SensorFast,285,0.811965811965812,CANONICAL_INPUT_ID_NOT_PROVEN_ADMISSION_ORDER,M_REDSTAR
CELF,FULLY_SCHEDULED,SF_S3_C03_M01,SensorFast,286,0.8148148148148148,CANONICAL_INPUT_ID_NOT_PROVEN_ADMISSION_ORDER,M_REDSTAR
CELF,FULLY_SCHEDULED,SF_S3_C03_M02,SensorFast,287,0.8176638176638177,CANONICAL_INPUT_ID_NOT_PROVEN_ADMISSION_ORDER,M_REDSTAR
CELF,FULLY_SCHEDULED,SF_S3_C03_M03,SensorFast,288,0.8205128205128205,CANONICAL_INPUT_ID_NOT_PROVEN_ADMISSION_ORDER,M_REDSTAR
CELF,FULLY_SCHEDULED,SF_S3_C04_M01,SensorFast,289,0.8233618233618234,CANONICAL_INPUT_ID_NOT_PROVEN_ADMISSION_ORDER,M_REDSTAR
CELF,FULLY_SCHEDULED,SF_S3_C04_M02,SensorFast,290,0.8262108262108262,CANONICAL_INPUT_ID_NOT_PROVEN_ADMISSION_ORDER,M_REDSTAR
CELF,FULLY_SCHEDULED,SF_S3_C04_M03,SensorFast,291,0.8290598290598291,CANONICAL_INPUT_ID_NOT_PROVEN_ADMISSION_ORDER,M_REDSTAR
CELF,FULLY_SCHEDULED,SF_S3_C05_M01,SensorFast,292,0.8319088319088319,CANONICAL_INPUT_ID_NOT_PROVEN_ADMISSION_ORDER,M_REDSTAR
CELF,FULLY_SCHEDULED,SF_S3_C05_M02,SensorFast,293,0.8347578347578347,CANONICAL_INPUT_ID_NOT_PROVEN_ADMISSION_ORDER,M_REDSTAR
CELF,FULLY_SCHEDULED,SF_S3_C05_M03,SensorFast,294,0.8376068376068376,CANONICAL_INPUT_ID_NOT_PROVEN_ADMISSION_ORDER,M_REDSTAR
CELF,FULLY_SCHEDULED,SF_S3_C06_M01,SensorFast,295,0.8404558404558404,CANONICAL_INPUT_ID_NOT_PROVEN_ADMISSION_ORDER,M_REDSTAR
CELF,FULLY_SCHEDULED,SF_S3_C06_M02,SensorFast,296,0.8433048433048433,CANONICAL_INPUT_ID_NOT_PROVEN_ADMISSION_ORDER,M_REDSTAR
CELF,FULLY_SCHEDULED,SF_S3_C06_M03,SensorFast,297,0.8461538461538461,CANONICAL_INPUT_ID_NOT_PROVEN_ADMISSION_ORDER,M_REDSTAR
CELF,FULLY_SCHEDULED,SF_S3_C07_M01,SensorFast,298,0.8490028490028491,CANONICAL_INPUT_ID_NOT_PROVEN_ADMISSION_ORDER,M_REDSTAR
CELF,FULLY_SCHEDULED,SF_S3_C07_M02,SensorFast,299,0.8518518518518519,CANONICAL_INPUT_ID_NOT_PROVEN_ADMISSION_ORDER,M_REDSTAR
CELF,FULLY_SCHEDULED,SF_S3_C07_M03,SensorFast,300,0.8547008547008547,CANONICAL_INPUT_ID_NOT_PROVEN_ADMISSION_ORDER,M_REDSTAR
CELF,FULLY_SCHEDULED,SF_S3_C08_M01,SensorFast,301,0.8575498575498576,CANONICAL_INPUT_ID_NOT_PROVEN_ADMISSION_ORDER,M_REDSTAR
CELF,FULLY_SCHEDULED,SF_S3_C08_M02,SensorFast,302,0.8603988603988604,CANONICAL_INPUT_ID_NOT_PROVEN_ADMISSION_ORDER,M_REDSTAR
CELF,FULLY_SCHEDULED,SF_S3_C08_M03,SensorFast,303,0.8632478632478633,CANONICAL_INPUT_ID_NOT_PROVEN_ADMISSION_ORDER,M_REDSTAR
CELF,FULLY_SCHEDULED,SF_S4_C01_M01,SensorFast,304,0.8660968660968661,CANONICAL_INPUT_ID_NOT_PROVEN_ADMISSION_ORDER,M_REDSTAR
CELF,FULLY_SCHEDULED,SF_S4_C01_M02,SensorFast,305,0.8689458689458689,CANONICAL_INPUT_ID_NOT_PROVEN_ADMISSION_ORDER,M_REDSTAR
CELF,FULLY_SCHEDULED,SF_S4_C01_M03,SensorFast,306,0.8717948717948718,CANONICAL_INPUT_ID_NOT_PROVEN_ADMISSION_ORDER,M_REDSTAR
CELF,FULLY_SCHEDULED,SF_S4_C02_M01,SensorFast,307,0.8746438746438746,CANONICAL_INPUT_ID_NOT_PROVEN_ADMISSION_ORDER,M_REDSTAR
CELF,FULLY_SCHEDULED,SF_S4_C02_M02,SensorFast,308,0.8774928774928775,CANONICAL_INPUT_ID_NOT_PROVEN_ADMISSION_ORDER,M_REDSTAR
CELF,FULLY_SCHEDULED,SF_S4_C02_M03,SensorFast,309,0.8803418803418803,CANONICAL_INPUT_ID_NOT_PROVEN_ADMISSION_ORDER,M_REDSTAR
CELF,FULLY_SCHEDULED,SF_S4_C03_M01,SensorFast,310,0.8831908831908832,CANONICAL_INPUT_ID_NOT_PROVEN_ADMISSION_ORDER,M_REDSTAR
CELF,FULLY_SCHEDULED,SF_S4_C03_M02,SensorFast,311,0.886039886039886,CANONICAL_INPUT_ID_NOT_PROVEN_ADMISSION_ORDER,M_REDSTAR
CELF,FULLY_SCHEDULED,SF_S4_C03_M03,SensorFast,312,0.8888888888888888,CANONICAL_INPUT_ID_NOT_PROVEN_ADMISSION_ORDER,M_REDSTAR
CELF,FULLY_SCHEDULED,SF_S4_C04_M01,SensorFast,313,0.8917378917378918,CANONICAL_INPUT_ID_NOT_PROVEN_ADMISSION_ORDER,M_REDSTAR
CELF,FULLY_SCHEDULED,SF_S4_C04_M02,SensorFast,314,0.8945868945868946,CANONICAL_INPUT_ID_NOT_PROVEN_ADMISSION_ORDER,M_REDSTAR
CELF,FULLY_SCHEDULED,SF_S4_C04_M03,SensorFast,315,0.8974358974358975,CANONICAL_INPUT_ID_NOT_PROVEN_ADMISSION_ORDER,M_REDSTAR
CELF,FULLY_SCHEDULED,SF_S4_C05_M01,SensorFast,316,0.9002849002849003,CANONICAL_INPUT_ID_NOT_PROVEN_ADMISSION_ORDER,M_REDSTAR
CELF,FULLY_SCHEDULED,SF_S4_C05_M02,SensorFast,317,0.9031339031339032,CANONICAL_INPUT_ID_NOT_PROVEN_ADMISSION_ORDER,M_REDSTAR
CELF,FULLY_SCHEDULED,SF_S4_C05_M03,SensorFast,318,0.905982905982906,CANONICAL_INPUT_ID_NOT_PROVEN_ADMISSION_ORDER,M_REDSTAR
CELF,FULLY_SCHEDULED,SF_S4_C06_M01,SensorFast,319,0.9088319088319088,CANONICAL_INPUT_ID_NOT_PROVEN_ADMISSION_ORDER,M_REDSTAR
CELF,FULLY_SCHEDULED,SF_S4_C06_M02,SensorFast,320,0.9116809116809117,CANONICAL_INPUT_ID_NOT_PROVEN_ADMISSION_ORDER,M_REDSTAR
CELF,FULLY_SCHEDULED,SF_S4_C06_M03,SensorFast,321,0.9145299145299145,CANONICAL_INPUT_ID_NOT_PROVEN_ADMISSION_ORDER,M_REDSTAR
CELF,FULLY_SCHEDULED,SF_S4_C07_M01,SensorFast,322,0.9173789173789174,CANONICAL_INPUT_ID_NOT_PROVEN_ADMISSION_ORDER,M_REDSTAR
CELF,FULLY_SCHEDULED,SF_S4_C07_M02,SensorFast,323,0.9202279202279202,CANONICAL_INPUT_ID_NOT_PROVEN_ADMISSION_ORDER,M_REDSTAR
CELF,FULLY_SCHEDULED,SF_S4_C07_M03,SensorFast,324,0.9230769230769231,CANONICAL_INPUT_ID_NOT_PROVEN_ADMISSION_ORDER,M_REDSTAR
CELF,FULLY_SCHEDULED,SF_S4_C08_M01,SensorFast,325,0.9259259259259259,CANONICAL_INPUT_ID_NOT_PROVEN_ADMISSION_ORDER,M_REDSTAR
CELF,FULLY_SCHEDULED,SF_S4_C08_M02,SensorFast,326,0.9287749287749287,CANONICAL_INPUT_ID_NOT_PROVEN_ADMISSION_ORDER,M_REDSTAR
CELF,FULLY_SCHEDULED,SF_S4_C08_M03,SensorFast,327,0.9316239316239316,CANONICAL_INPUT_ID_NOT_PROVEN_ADMISSION_ORDER,M_REDSTAR
CELF,FULLY_SCHEDULED,STAT_PLC_C01_M01,MachineStatus,328,0.9344729344729344,CANONICAL_INPUT_ID_NOT_PROVEN_ADMISSION_ORDER,M_REDSTAR
CELF,FULLY_SCHEDULED,STAT_PLC_C01_M02,MachineStatus,329,0.9373219373219374,CANONICAL_INPUT_ID_NOT_PROVEN_ADMISSION_ORDER,M_REDSTAR
CELF,FULLY_SCHEDULED,STAT_PLC_C01_M03,MachineStatus,330,0.9401709401709402,CANONICAL_INPUT_ID_NOT_PROVEN_ADMISSION_ORDER,M_REDSTAR
CELF,FULLY_SCHEDULED,STAT_PLC_C02_M01,MachineStatus,331,0.9430199430199431,CANONICAL_INPUT_ID_NOT_PROVEN_ADMISSION_ORDER,M_REDSTAR
CELF,FULLY_SCHEDULED,STAT_PLC_C02_M02,MachineStatus,332,0.9458689458689459,CANONICAL_INPUT_ID_NOT_PROVEN_ADMISSION_ORDER,M_REDSTAR
CELF,FULLY_SCHEDULED,STAT_PLC_C02_M03,MachineStatus,333,0.9487179487179487,CANONICAL_INPUT_ID_NOT_PROVEN_ADMISSION_ORDER,M_REDSTAR
CELF,FULLY_SCHEDULED,STAT_PLC_C03_M01,MachineStatus,334,0.9515669515669516,CANONICAL_INPUT_ID_NOT_PROVEN_ADMISSION_ORDER,M_REDSTAR
CELF,FULLY_SCHEDULED,STAT_PLC_C03_M02,MachineStatus,335,0.9544159544159544,CANONICAL_INPUT_ID_NOT_PROVEN_ADMISSION_ORDER,M_REDSTAR
CELF,FULLY_SCHEDULED,STAT_PLC_C03_M03,MachineStatus,336,0.9572649572649573,CANONICAL_INPUT_ID_NOT_PROVEN_ADMISSION_ORDER,M_REDSTAR
CELF,FULLY_SCHEDULED,STAT_PLC_C04_M01,MachineStatus,337,0.9601139601139601,CANONICAL_INPUT_ID_NOT_PROVEN_ADMISSION_ORDER,M_REDSTAR
CELF,FULLY_SCHEDULED,STAT_PLC_C04_M02,MachineStatus,338,0.9629629629629629,CANONICAL_INPUT_ID_NOT_PROVEN_ADMISSION_ORDER,M_REDSTAR
CELF,FULLY_SCHEDULED,STAT_PLC_C04_M03,MachineStatus,339,0.9658119658119658,CANONICAL_INPUT_ID_NOT_PROVEN_ADMISSION_ORDER,M_REDSTAR
CELF,FULLY_SCHEDULED,STAT_PLC_C05_M01,MachineStatus,340,0.9686609686609686,CANONICAL_INPUT_ID_NOT_PROVEN_ADMISSION_ORDER,M_REDSTAR
CELF,FULLY_SCHEDULED,STAT_PLC_C05_M02,MachineStatus,341,0.9715099715099715,CANONICAL_INPUT_ID_NOT_PROVEN_ADMISSION_ORDER,M_REDSTAR
CELF,FULLY_SCHEDULED,STAT_PLC_C05_M03,MachineStatus,342,0.9743589743589743,CANONICAL_INPUT_ID_NOT_PROVEN_ADMISSION_ORDER,M_REDSTAR
CELF,FULLY_SCHEDULED,STAT_PLC_C06_M01,MachineStatus,343,0.9772079772079773,CANONICAL_INPUT_ID_NOT_PROVEN_ADMISSION_ORDER,M_REDSTAR
CELF,FULLY_SCHEDULED,STAT_PLC_C06_M02,MachineStatus,344,0.98005698005698,CANONICAL_INPUT_ID_NOT_PROVEN_ADMISSION_ORDER,M_REDSTAR
CELF,FULLY_SCHEDULED,STAT_PLC_C06_M03,MachineStatus,345,0.9829059829059829,CANONICAL_INPUT_ID_NOT_PROVEN_ADMISSION_ORDER,M_REDSTAR
CELF,FULLY_SCHEDULED,STAT_PLC_C07_M01,MachineStatus,346,0.9857549857549858,CANONICAL_INPUT_ID_NOT_PROVEN_ADMISSION_ORDER,M_REDSTAR
CELF,FULLY_SCHEDULED,STAT_PLC_C07_M02,MachineStatus,347,0.9886039886039886,CANONICAL_INPUT_ID_NOT_PROVEN_ADMISSION_ORDER,M_REDSTAR
CELF,FULLY_SCHEDULED,STAT_PLC_C07_M03,MachineStatus,348,0.9914529914529915,CANONICAL_INPUT_ID_NOT_PROVEN_ADMISSION_ORDER,M_REDSTAR
CELF,FULLY_SCHEDULED,STAT_PLC_C08_M01,MachineStatus,349,0.9943019943019943,CANONICAL_INPUT_ID_NOT_PROVEN_ADMISSION_ORDER,M_REDSTAR
CELF,FULLY_SCHEDULED,STAT_PLC_C08_M02,MachineStatus,350,0.9971509971509972,CANONICAL_INPUT_ID_NOT_PROVEN_ADMISSION_ORDER,M_REDSTAR
CELF,FULLY_SCHEDULED,STAT_PLC_C08_M03,MachineStatus,351,1.0,CANONICAL_INPUT_ID_NOT_PROVEN_ADMISSION_ORDER,M_REDSTAR
H2S,FULLY_SCHEDULED,CMD_PLC_C01_M01_A1_C01_M01,ControlCommand,0,0.0,CANONICAL_INPUT_ID_NOT_PROVEN_ADMISSION_ORDER,M_ROR
H2S,FULLY_SCHEDULED,CMD_PLC_C01_M01_A2_C01_M01,ControlCommand,1,0.002849002849002849,CANONICAL_INPUT_ID_NOT_PROVEN_ADMISSION_ORDER,M_ROR
H2S,FULLY_SCHEDULED,CMD_PLC_C01_M01_A3_C01_M01,ControlCommand,2,0.005698005698005698,CANONICAL_INPUT_ID_NOT_PROVEN_ADMISSION_ORDER,M_ROR
H2S,FULLY_SCHEDULED,CMD_PLC_C01_M01_A4_C01_M01,ControlCommand,3,0.008547008547008548,CANONICAL_INPUT_ID_NOT_PROVEN_ADMISSION_ORDER,M_ROR
H2S,FULLY_SCHEDULED,CMD_PLC_C01_M02_A1_C01_M02,ControlCommand,4,0.011396011396011397,CANONICAL_INPUT_ID_NOT_PROVEN_ADMISSION_ORDER,M_ROR
H2S,FULLY_SCHEDULED,CMD_PLC_C01_M02_A2_C01_M02,ControlCommand,5,0.014245014245014245,CANONICAL_INPUT_ID_NOT_PROVEN_ADMISSION_ORDER,M_ROR
H2S,FULLY_SCHEDULED,CMD_PLC_C01_M02_A3_C01_M02,ControlCommand,6,0.017094017094017096,CANONICAL_INPUT_ID_NOT_PROVEN_ADMISSION_ORDER,M_ROR
H2S,FULLY_SCHEDULED,CMD_PLC_C01_M02_A4_C01_M02,ControlCommand,7,0.019943019943019943,CANONICAL_INPUT_ID_NOT_PROVEN_ADMISSION_ORDER,M_ROR
H2S,FULLY_SCHEDULED,CMD_PLC_C01_M03_A1_C01_M03,ControlCommand,8,0.022792022792022793,CANONICAL_INPUT_ID_NOT_PROVEN_ADMISSION_ORDER,M_ROR
H2S,FULLY_SCHEDULED,CMD_PLC_C01_M03_A2_C01_M03,ControlCommand,9,0.02564102564102564,CANONICAL_INPUT_ID_NOT_PROVEN_ADMISSION_ORDER,M_ROR
H2S,FULLY_SCHEDULED,CMD_PLC_C01_M03_A3_C01_M03,ControlCommand,10,0.02849002849002849,CANONICAL_INPUT_ID_NOT_PROVEN_ADMISSION_ORDER,M_ROR
H2S,FULLY_SCHEDULED,CMD_PLC_C01_M03_A4_C01_M03,ControlCommand,11,0.03133903133903134,CANONICAL_INPUT_ID_NOT_PROVEN_ADMISSION_ORDER,M_ROR
H2S,FULLY_SCHEDULED,CMD_PLC_C02_M01_A1_C02_M01,ControlCommand,12,0.03418803418803419,CANONICAL_INPUT_ID_NOT_PROVEN_ADMISSION_ORDER,M_ROR
H2S,FULLY_SCHEDULED,CMD_PLC_C02_M01_A2_C02_M01,ControlCommand,13,0.037037037037037035,CANONICAL_INPUT_ID_NOT_PROVEN_ADMISSION_ORDER,M_ROR
H2S,FULLY_SCHEDULED,CMD_PLC_C02_M01_A3_C02_M01,ControlCommand,14,0.039886039886039885,CANONICAL_INPUT_ID_NOT_PROVEN_ADMISSION_ORDER,M_ROR
H2S,FULLY_SCHEDULED,CMD_PLC_C02_M01_A4_C02_M01,ControlCommand,15,0.042735042735042736,CANONICAL_INPUT_ID_NOT_PROVEN_ADMISSION_ORDER,M_ROR
H2S,FULLY_SCHEDULED,CMD_PLC_C02_M02_A1_C02_M02,ControlCommand,16,0.045584045584045586,CANONICAL_INPUT_ID_NOT_PROVEN_ADMISSION_ORDER,M_ROR
H2S,FULLY_SCHEDULED,CMD_PLC_C02_M02_A2_C02_M02,ControlCommand,17,0.04843304843304843,CANONICAL_INPUT_ID_NOT_PROVEN_ADMISSION_ORDER,M_ROR
H2S,FULLY_SCHEDULED,CMD_PLC_C02_M02_A3_C02_M02,ControlCommand,18,0.05128205128205128,CANONICAL_INPUT_ID_NOT_PROVEN_ADMISSION_ORDER,M_ROR
H2S,FULLY_SCHEDULED,CMD_PLC_C02_M02_A4_C02_M02,ControlCommand,19,0.05413105413105413,CANONICAL_INPUT_ID_NOT_PROVEN_ADMISSION_ORDER,M_ROR
H2S,FULLY_SCHEDULED,CMD_PLC_C02_M03_A1_C02_M03,ControlCommand,20,0.05698005698005698,CANONICAL_INPUT_ID_NOT_PROVEN_ADMISSION_ORDER,M_ROR
H2S,FULLY_SCHEDULED,CMD_PLC_C02_M03_A2_C02_M03,ControlCommand,21,0.05982905982905983,CANONICAL_INPUT_ID_NOT_PROVEN_ADMISSION_ORDER,M_ROR
H2S,FULLY_SCHEDULED,CMD_PLC_C02_M03_A3_C02_M03,ControlCommand,22,0.06267806267806268,CANONICAL_INPUT_ID_NOT_PROVEN_ADMISSION_ORDER,M_ROR
H2S,FULLY_SCHEDULED,CMD_PLC_C02_M03_A4_C02_M03,ControlCommand,23,0.06552706552706553,CANONICAL_INPUT_ID_NOT_PROVEN_ADMISSION_ORDER,M_ROR
H2S,FULLY_SCHEDULED,CMD_PLC_C03_M01_A1_C03_M01,ControlCommand,24,0.06837606837606838,CANONICAL_INPUT_ID_NOT_PROVEN_ADMISSION_ORDER,M_ROR
H2S,FULLY_SCHEDULED,CMD_PLC_C03_M01_A2_C03_M01,ControlCommand,25,0.07122507122507123,CANONICAL_INPUT_ID_NOT_PROVEN_ADMISSION_ORDER,M_ROR
H2S,FULLY_SCHEDULED,CMD_PLC_C03_M01_A3_C03_M01,ControlCommand,26,0.07407407407407407,CANONICAL_INPUT_ID_NOT_PROVEN_ADMISSION_ORDER,M_ROR
H2S,FULLY_SCHEDULED,CMD_PLC_C03_M01_A4_C03_M01,ControlCommand,27,0.07692307692307693,CANONICAL_INPUT_ID_NOT_PROVEN_ADMISSION_ORDER,M_ROR
H2S,FULLY_SCHEDULED,CMD_PLC_C03_M02_A1_C03_M02,ControlCommand,28,0.07977207977207977,CANONICAL_INPUT_ID_NOT_PROVEN_ADMISSION_ORDER,M_ROR
H2S,FULLY_SCHEDULED,CMD_PLC_C03_M02_A2_C03_M02,ControlCommand,29,0.08262108262108261,CANONICAL_INPUT_ID_NOT_PROVEN_ADMISSION_ORDER,M_ROR
H2S,FULLY_SCHEDULED,CMD_PLC_C03_M02_A3_C03_M02,ControlCommand,30,0.08547008547008547,CANONICAL_INPUT_ID_NOT_PROVEN_ADMISSION_ORDER,M_ROR
H2S,FULLY_SCHEDULED,CMD_PLC_C03_M02_A4_C03_M02,ControlCommand,31,0.08831908831908832,CANONICAL_INPUT_ID_NOT_PROVEN_ADMISSION_ORDER,M_ROR
H2S,FULLY_SCHEDULED,CMD_PLC_C03_M03_A1_C03_M03,ControlCommand,32,0.09116809116809117,CANONICAL_INPUT_ID_NOT_PROVEN_ADMISSION_ORDER,M_ROR
H2S,FULLY_SCHEDULED,CMD_PLC_C03_M03_A2_C03_M03,ControlCommand,33,0.09401709401709402,CANONICAL_INPUT_ID_NOT_PROVEN_ADMISSION_ORDER,M_ROR
H2S,FULLY_SCHEDULED,CMD_PLC_C03_M03_A3_C03_M03,ControlCommand,34,0.09686609686609686,CANONICAL_INPUT_ID_NOT_PROVEN_ADMISSION_ORDER,M_ROR
H2S,FULLY_SCHEDULED,CMD_PLC_C03_M03_A4_C03_M03,ControlCommand,35,0.09971509971509972,CANONICAL_INPUT_ID_NOT_PROVEN_ADMISSION_ORDER,M_ROR
H2S,FULLY_SCHEDULED,CMD_PLC_C04_M01_A1_C04_M01,ControlCommand,36,0.10256410256410256,CANONICAL_INPUT_ID_NOT_PROVEN_ADMISSION_ORDER,M_ROR
H2S,FULLY_SCHEDULED,CMD_PLC_C04_M01_A2_C04_M01,ControlCommand,37,0.10541310541310542,CANONICAL_INPUT_ID_NOT_PROVEN_ADMISSION_ORDER,M_ROR
H2S,FULLY_SCHEDULED,CMD_PLC_C04_M01_A3_C04_M01,ControlCommand,38,0.10826210826210826,CANONICAL_INPUT_ID_NOT_PROVEN_ADMISSION_ORDER,M_ROR
H2S,FULLY_SCHEDULED,CMD_PLC_C04_M01_A4_C04_M01,ControlCommand,39,0.1111111111111111,CANONICAL_INPUT_ID_NOT_PROVEN_ADMISSION_ORDER,M_ROR
H2S,FULLY_SCHEDULED,CMD_PLC_C04_M02_A1_C04_M02,ControlCommand,40,0.11396011396011396,CANONICAL_INPUT_ID_NOT_PROVEN_ADMISSION_ORDER,M_ROR
H2S,FULLY_SCHEDULED,CMD_PLC_C04_M02_A2_C04_M02,ControlCommand,41,0.1168091168091168,CANONICAL_INPUT_ID_NOT_PROVEN_ADMISSION_ORDER,M_ROR
H2S,FULLY_SCHEDULED,CMD_PLC_C04_M02_A3_C04_M02,ControlCommand,42,0.11965811965811966,CANONICAL_INPUT_ID_NOT_PROVEN_ADMISSION_ORDER,M_ROR
H2S,FULLY_SCHEDULED,CMD_PLC_C04_M02_A4_C04_M02,ControlCommand,43,0.1225071225071225,CANONICAL_INPUT_ID_NOT_PROVEN_ADMISSION_ORDER,M_ROR
H2S,FULLY_SCHEDULED,CMD_PLC_C04_M03_A1_C04_M03,ControlCommand,44,0.12535612535612536,CANONICAL_INPUT_ID_NOT_PROVEN_ADMISSION_ORDER,M_ROR
H2S,FULLY_SCHEDULED,CMD_PLC_C04_M03_A2_C04_M03,ControlCommand,45,0.1282051282051282,CANONICAL_INPUT_ID_NOT_PROVEN_ADMISSION_ORDER,M_ROR
H2S,FULLY_SCHEDULED,CMD_PLC_C04_M03_A3_C04_M03,ControlCommand,46,0.13105413105413105,CANONICAL_INPUT_ID_NOT_PROVEN_ADMISSION_ORDER,M_ROR
H2S,FULLY_SCHEDULED,CMD_PLC_C04_M03_A4_C04_M03,ControlCommand,47,0.1339031339031339,CANONICAL_INPUT_ID_NOT_PROVEN_ADMISSION_ORDER,M_ROR
H2S,FULLY_SCHEDULED,CMD_PLC_C05_M01_A1_C05_M01,ControlCommand,48,0.13675213675213677,CANONICAL_INPUT_ID_NOT_PROVEN_ADMISSION_ORDER,M_ROR
H2S,FULLY_SCHEDULED,CMD_PLC_C05_M01_A2_C05_M01,ControlCommand,49,0.1396011396011396,CANONICAL_INPUT_ID_NOT_PROVEN_ADMISSION_ORDER,M_ROR
H2S,FULLY_SCHEDULED,CMD_PLC_C05_M01_A3_C05_M01,ControlCommand,50,0.14245014245014245,CANONICAL_INPUT_ID_NOT_PROVEN_ADMISSION_ORDER,M_ROR
H2S,FULLY_SCHEDULED,CMD_PLC_C05_M01_A4_C05_M01,ControlCommand,51,0.1452991452991453,CANONICAL_INPUT_ID_NOT_PROVEN_ADMISSION_ORDER,M_ROR
H2S,FULLY_SCHEDULED,CMD_PLC_C05_M02_A1_C05_M02,ControlCommand,52,0.14814814814814814,CANONICAL_INPUT_ID_NOT_PROVEN_ADMISSION_ORDER,M_ROR
H2S,FULLY_SCHEDULED,CMD_PLC_C05_M02_A2_C05_M02,ControlCommand,53,0.150997150997151,CANONICAL_INPUT_ID_NOT_PROVEN_ADMISSION_ORDER,M_ROR
H2S,FULLY_SCHEDULED,CMD_PLC_C05_M02_A3_C05_M02,ControlCommand,54,0.15384615384615385,CANONICAL_INPUT_ID_NOT_PROVEN_ADMISSION_ORDER,M_ROR
H2S,FULLY_SCHEDULED,CMD_PLC_C05_M02_A4_C05_M02,ControlCommand,55,0.15669515669515668,CANONICAL_INPUT_ID_NOT_PROVEN_ADMISSION_ORDER,M_ROR
H2S,FULLY_SCHEDULED,CMD_PLC_C05_M03_A1_C05_M03,ControlCommand,56,0.15954415954415954,CANONICAL_INPUT_ID_NOT_PROVEN_ADMISSION_ORDER,M_ROR
H2S,FULLY_SCHEDULED,CMD_PLC_C05_M03_A2_C05_M03,ControlCommand,57,0.1623931623931624,CANONICAL_INPUT_ID_NOT_PROVEN_ADMISSION_ORDER,M_ROR
H2S,FULLY_SCHEDULED,CMD_PLC_C05_M03_A3_C05_M03,ControlCommand,58,0.16524216524216523,CANONICAL_INPUT_ID_NOT_PROVEN_ADMISSION_ORDER,M_ROR
H2S,FULLY_SCHEDULED,CMD_PLC_C05_M03_A4_C05_M03,ControlCommand,59,0.16809116809116809,CANONICAL_INPUT_ID_NOT_PROVEN_ADMISSION_ORDER,M_ROR
H2S,FULLY_SCHEDULED,CMD_PLC_C06_M01_A1_C06_M01,ControlCommand,60,0.17094017094017094,CANONICAL_INPUT_ID_NOT_PROVEN_ADMISSION_ORDER,M_ROR
H2S,FULLY_SCHEDULED,CMD_PLC_C06_M01_A2_C06_M01,ControlCommand,61,0.1737891737891738,CANONICAL_INPUT_ID_NOT_PROVEN_ADMISSION_ORDER,M_ROR
H2S,FULLY_SCHEDULED,CMD_PLC_C06_M01_A3_C06_M01,ControlCommand,62,0.17663817663817663,CANONICAL_INPUT_ID_NOT_PROVEN_ADMISSION_ORDER,M_ROR
H2S,FULLY_SCHEDULED,CMD_PLC_C06_M01_A4_C06_M01,ControlCommand,63,0.1794871794871795,CANONICAL_INPUT_ID_NOT_PROVEN_ADMISSION_ORDER,M_ROR
H2S,FULLY_SCHEDULED,CMD_PLC_C06_M02_A1_C06_M02,ControlCommand,64,0.18233618233618235,CANONICAL_INPUT_ID_NOT_PROVEN_ADMISSION_ORDER,M_ROR
H2S,ZERO_SCHEDULED,CMD_PLC_C06_M02_A2_C06_M02,ControlCommand,65,0.18518518518518517,CANONICAL_INPUT_ID_NOT_PROVEN_ADMISSION_ORDER,M_ROR
H2S,FULLY_SCHEDULED,CMD_PLC_C06_M02_A3_C06_M02,ControlCommand,66,0.18803418803418803,CANONICAL_INPUT_ID_NOT_PROVEN_ADMISSION_ORDER,M_ROR
H2S,ZERO_SCHEDULED,CMD_PLC_C06_M02_A4_C06_M02,ControlCommand,67,0.1908831908831909,CANONICAL_INPUT_ID_NOT_PROVEN_ADMISSION_ORDER,M_ROR
H2S,FULLY_SCHEDULED,CMD_PLC_C06_M03_A1_C06_M03,ControlCommand,68,0.19373219373219372,CANONICAL_INPUT_ID_NOT_PROVEN_ADMISSION_ORDER,M_ROR
H2S,FULLY_SCHEDULED,CMD_PLC_C06_M03_A2_C06_M03,ControlCommand,69,0.19658119658119658,CANONICAL_INPUT_ID_NOT_PROVEN_ADMISSION_ORDER,M_ROR
H2S,FULLY_SCHEDULED,CMD_PLC_C06_M03_A3_C06_M03,ControlCommand,70,0.19943019943019943,CANONICAL_INPUT_ID_NOT_PROVEN_ADMISSION_ORDER,M_ROR
H2S,FULLY_SCHEDULED,CMD_PLC_C06_M03_A4_C06_M03,ControlCommand,71,0.2022792022792023,CANONICAL_INPUT_ID_NOT_PROVEN_ADMISSION_ORDER,M_ROR
H2S,FULLY_SCHEDULED,CMD_PLC_C07_M01_A1_C07_M01,ControlCommand,72,0.20512820512820512,CANONICAL_INPUT_ID_NOT_PROVEN_ADMISSION_ORDER,M_ROR
H2S,FULLY_SCHEDULED,CMD_PLC_C07_M01_A2_C07_M01,ControlCommand,73,0.20797720797720798,CANONICAL_INPUT_ID_NOT_PROVEN_ADMISSION_ORDER,M_ROR
H2S,FULLY_SCHEDULED,CMD_PLC_C07_M01_A3_C07_M01,ControlCommand,74,0.21082621082621084,CANONICAL_INPUT_ID_NOT_PROVEN_ADMISSION_ORDER,M_ROR
H2S,FULLY_SCHEDULED,CMD_PLC_C07_M01_A4_C07_M01,ControlCommand,75,0.21367521367521367,CANONICAL_INPUT_ID_NOT_PROVEN_ADMISSION_ORDER,M_ROR
H2S,FULLY_SCHEDULED,CMD_PLC_C07_M02_A1_C07_M02,ControlCommand,76,0.21652421652421652,CANONICAL_INPUT_ID_NOT_PROVEN_ADMISSION_ORDER,M_ROR
H2S,FULLY_SCHEDULED,CMD_PLC_C07_M02_A2_C07_M02,ControlCommand,77,0.21937321937321938,CANONICAL_INPUT_ID_NOT_PROVEN_ADMISSION_ORDER,M_ROR
H2S,FULLY_SCHEDULED,CMD_PLC_C07_M02_A3_C07_M02,ControlCommand,78,0.2222222222222222,CANONICAL_INPUT_ID_NOT_PROVEN_ADMISSION_ORDER,M_ROR
H2S,FULLY_SCHEDULED,CMD_PLC_C07_M02_A4_C07_M02,ControlCommand,79,0.22507122507122507,CANONICAL_INPUT_ID_NOT_PROVEN_ADMISSION_ORDER,M_ROR
H2S,FULLY_SCHEDULED,CMD_PLC_C07_M03_A1_C07_M03,ControlCommand,80,0.22792022792022792,CANONICAL_INPUT_ID_NOT_PROVEN_ADMISSION_ORDER,M_ROR
H2S,FULLY_SCHEDULED,CMD_PLC_C07_M03_A2_C07_M03,ControlCommand,81,0.23076923076923078,CANONICAL_INPUT_ID_NOT_PROVEN_ADMISSION_ORDER,M_ROR
H2S,FULLY_SCHEDULED,CMD_PLC_C07_M03_A3_C07_M03,ControlCommand,82,0.2336182336182336,CANONICAL_INPUT_ID_NOT_PROVEN_ADMISSION_ORDER,M_ROR
H2S,FULLY_SCHEDULED,CMD_PLC_C07_M03_A4_C07_M03,ControlCommand,83,0.23646723646723647,CANONICAL_INPUT_ID_NOT_PROVEN_ADMISSION_ORDER,M_ROR
H2S,FULLY_SCHEDULED,CMD_PLC_C08_M01_A1_C08_M01,ControlCommand,84,0.23931623931623933,CANONICAL_INPUT_ID_NOT_PROVEN_ADMISSION_ORDER,M_ROR
H2S,FULLY_SCHEDULED,CMD_PLC_C08_M01_A2_C08_M01,ControlCommand,85,0.24216524216524216,CANONICAL_INPUT_ID_NOT_PROVEN_ADMISSION_ORDER,M_ROR
H2S,FULLY_SCHEDULED,CMD_PLC_C08_M01_A3_C08_M01,ControlCommand,86,0.245014245014245,CANONICAL_INPUT_ID_NOT_PROVEN_ADMISSION_ORDER,M_ROR
H2S,FULLY_SCHEDULED,CMD_PLC_C08_M01_A4_C08_M01,ControlCommand,87,0.24786324786324787,CANONICAL_INPUT_ID_NOT_PROVEN_ADMISSION_ORDER,M_ROR
H2S,FULLY_SCHEDULED,CMD_PLC_C08_M02_A1_C08_M02,ControlCommand,88,0.25071225071225073,CANONICAL_INPUT_ID_NOT_PROVEN_ADMISSION_ORDER,M_ROR
H2S,FULLY_SCHEDULED,CMD_PLC_C08_M02_A2_C08_M02,ControlCommand,89,0.2535612535612536,CANONICAL_INPUT_ID_NOT_PROVEN_ADMISSION_ORDER,M_ROR
H2S,FULLY_SCHEDULED,CMD_PLC_C08_M02_A3_C08_M02,ControlCommand,90,0.2564102564102564,CANONICAL_INPUT_ID_NOT_PROVEN_ADMISSION_ORDER,M_ROR
H2S,FULLY_SCHEDULED,CMD_PLC_C08_M02_A4_C08_M02,ControlCommand,91,0.25925925925925924,CANONICAL_INPUT_ID_NOT_PROVEN_ADMISSION_ORDER,M_ROR
H2S,FULLY_SCHEDULED,CMD_PLC_C08_M03_A1_C08_M03,ControlCommand,92,0.2621082621082621,CANONICAL_INPUT_ID_NOT_PROVEN_ADMISSION_ORDER,M_ROR
H2S,FULLY_SCHEDULED,CMD_PLC_C08_M03_A2_C08_M03,ControlCommand,93,0.26495726495726496,CANONICAL_INPUT_ID_NOT_PROVEN_ADMISSION_ORDER,M_ROR
H2S,FULLY_SCHEDULED,CMD_PLC_C08_M03_A3_C08_M03,ControlCommand,94,0.2678062678062678,CANONICAL_INPUT_ID_NOT_PROVEN_ADMISSION_ORDER,M_ROR
H2S,FULLY_SCHEDULED,CMD_PLC_C08_M03_A4_C08_M03,ControlCommand,95,0.2706552706552707,CANONICAL_INPUT_ID_NOT_PROVEN_ADMISSION_ORDER,M_ROR
H2S,FULLY_SCHEDULED,COORD_CC_C01_PLC_C01_M01,MachineCoordination,96,0.27350427350427353,CANONICAL_INPUT_ID_NOT_PROVEN_ADMISSION_ORDER,M_ROR
H2S,FULLY_SCHEDULED,COORD_CC_C01_PLC_C01_M02,MachineCoordination,97,0.27635327635327633,CANONICAL_INPUT_ID_NOT_PROVEN_ADMISSION_ORDER,M_ROR
H2S,FULLY_SCHEDULED,COORD_CC_C01_PLC_C01_M03,MachineCoordination,98,0.2792022792022792,CANONICAL_INPUT_ID_NOT_PROVEN_ADMISSION_ORDER,M_ROR
H2S,FULLY_SCHEDULED,COORD_CC_C02_PLC_C02_M01,MachineCoordination,99,0.28205128205128205,CANONICAL_INPUT_ID_NOT_PROVEN_ADMISSION_ORDER,M_ROR
H2S,FULLY_SCHEDULED,COORD_CC_C02_PLC_C02_M02,MachineCoordination,100,0.2849002849002849,CANONICAL_INPUT_ID_NOT_PROVEN_ADMISSION_ORDER,M_ROR
H2S,FULLY_SCHEDULED,COORD_CC_C02_PLC_C02_M03,MachineCoordination,101,0.28774928774928776,CANONICAL_INPUT_ID_NOT_PROVEN_ADMISSION_ORDER,M_ROR
H2S,FULLY_SCHEDULED,COORD_CC_C03_PLC_C03_M01,MachineCoordination,102,0.2905982905982906,CANONICAL_INPUT_ID_NOT_PROVEN_ADMISSION_ORDER,M_ROR
H2S,FULLY_SCHEDULED,COORD_CC_C03_PLC_C03_M02,MachineCoordination,103,0.2934472934472934,CANONICAL_INPUT_ID_NOT_PROVEN_ADMISSION_ORDER,M_ROR
H2S,FULLY_SCHEDULED,COORD_CC_C03_PLC_C03_M03,MachineCoordination,104,0.2962962962962963,CANONICAL_INPUT_ID_NOT_PROVEN_ADMISSION_ORDER,M_ROR
H2S,FULLY_SCHEDULED,COORD_CC_C04_PLC_C04_M01,MachineCoordination,105,0.29914529914529914,CANONICAL_INPUT_ID_NOT_PROVEN_ADMISSION_ORDER,M_ROR
H2S,FULLY_SCHEDULED,COORD_CC_C04_PLC_C04_M02,MachineCoordination,106,0.301994301994302,CANONICAL_INPUT_ID_NOT_PROVEN_ADMISSION_ORDER,M_ROR
H2S,FULLY_SCHEDULED,COORD_CC_C04_PLC_C04_M03,MachineCoordination,107,0.30484330484330485,CANONICAL_INPUT_ID_NOT_PROVEN_ADMISSION_ORDER,M_ROR
H2S,FULLY_SCHEDULED,COORD_CC_C05_PLC_C05_M01,MachineCoordination,108,0.3076923076923077,CANONICAL_INPUT_ID_NOT_PROVEN_ADMISSION_ORDER,M_ROR
H2S,ZERO_SCHEDULED,COORD_CC_C05_PLC_C05_M02,MachineCoordination,109,0.31054131054131057,CANONICAL_INPUT_ID_NOT_PROVEN_ADMISSION_ORDER,M_ROR
H2S,FULLY_SCHEDULED,COORD_CC_C05_PLC_C05_M03,MachineCoordination,110,0.31339031339031337,CANONICAL_INPUT_ID_NOT_PROVEN_ADMISSION_ORDER,M_ROR
H2S,FULLY_SCHEDULED,COORD_CC_C06_PLC_C06_M01,MachineCoordination,111,0.3162393162393162,CANONICAL_INPUT_ID_NOT_PROVEN_ADMISSION_ORDER,M_ROR
H2S,FULLY_SCHEDULED,COORD_CC_C06_PLC_C06_M02,MachineCoordination,112,0.3190883190883191,CANONICAL_INPUT_ID_NOT_PROVEN_ADMISSION_ORDER,M_ROR
H2S,FULLY_SCHEDULED,COORD_CC_C06_PLC_C06_M03,MachineCoordination,113,0.32193732193732194,CANONICAL_INPUT_ID_NOT_PROVEN_ADMISSION_ORDER,M_ROR
H2S,FULLY_SCHEDULED,COORD_CC_C07_PLC_C07_M01,MachineCoordination,114,0.3247863247863248,CANONICAL_INPUT_ID_NOT_PROVEN_ADMISSION_ORDER,M_ROR
H2S,FULLY_SCHEDULED,COORD_CC_C07_PLC_C07_M02,MachineCoordination,115,0.32763532763532766,CANONICAL_INPUT_ID_NOT_PROVEN_ADMISSION_ORDER,M_ROR
H2S,FULLY_SCHEDULED,COORD_CC_C07_PLC_C07_M03,MachineCoordination,116,0.33048433048433046,CANONICAL_INPUT_ID_NOT_PROVEN_ADMISSION_ORDER,M_ROR
H2S,FULLY_SCHEDULED,COORD_CC_C08_PLC_C08_M01,MachineCoordination,117,0.3333333333333333,CANONICAL_INPUT_ID_NOT_PROVEN_ADMISSION_ORDER,M_ROR
H2S,FULLY_SCHEDULED,COORD_CC_C08_PLC_C08_M02,MachineCoordination,118,0.33618233618233617,CANONICAL_INPUT_ID_NOT_PROVEN_ADMISSION_ORDER,M_ROR
H2S,FULLY_SCHEDULED,COORD_CC_C08_PLC_C08_M03,MachineCoordination,119,0.33903133903133903,CANONICAL_INPUT_ID_NOT_PROVEN_ADMISSION_ORDER,M_ROR
H2S,FULLY_SCHEDULED,IC_NEXT_CC_C01,InterCellNext,120,0.3418803418803419,CANONICAL_INPUT_ID_NOT_PROVEN_ADMISSION_ORDER,M_ROR
H2S,FULLY_SCHEDULED,IC_NEXT_CC_C02,InterCellNext,121,0.34472934472934474,CANONICAL_INPUT_ID_NOT_PROVEN_ADMISSION_ORDER,M_ROR
H2S,FULLY_SCHEDULED,IC_NEXT_CC_C03,InterCellNext,122,0.3475783475783476,CANONICAL_INPUT_ID_NOT_PROVEN_ADMISSION_ORDER,M_ROR
H2S,FULLY_SCHEDULED,IC_NEXT_CC_C04,InterCellNext,123,0.3504273504273504,CANONICAL_INPUT_ID_NOT_PROVEN_ADMISSION_ORDER,M_ROR
H2S,FULLY_SCHEDULED,IC_NEXT_CC_C05,InterCellNext,124,0.35327635327635326,CANONICAL_INPUT_ID_NOT_PROVEN_ADMISSION_ORDER,M_ROR
H2S,FULLY_SCHEDULED,IC_NEXT_CC_C06,InterCellNext,125,0.3561253561253561,CANONICAL_INPUT_ID_NOT_PROVEN_ADMISSION_ORDER,M_ROR
H2S,FULLY_SCHEDULED,IC_NEXT_CC_C07,InterCellNext,126,0.358974358974359,CANONICAL_INPUT_ID_NOT_PROVEN_ADMISSION_ORDER,M_ROR
H2S,FULLY_SCHEDULED,IC_NEXT_CC_C08,InterCellNext,127,0.36182336182336183,CANONICAL_INPUT_ID_NOT_PROVEN_ADMISSION_ORDER,M_ROR
H2S,FULLY_SCHEDULED,IC_PREV_CC_C01,InterCellPrevious,128,0.3646723646723647,CANONICAL_INPUT_ID_NOT_PROVEN_ADMISSION_ORDER,M_ROR
H2S,FULLY_SCHEDULED,IC_PREV_CC_C02,InterCellPrevious,129,0.36752136752136755,CANONICAL_INPUT_ID_NOT_PROVEN_ADMISSION_ORDER,M_ROR
H2S,ZERO_SCHEDULED,IC_PREV_CC_C03,InterCellPrevious,130,0.37037037037037035,CANONICAL_INPUT_ID_NOT_PROVEN_ADMISSION_ORDER,M_ROR
H2S,FULLY_SCHEDULED,IC_PREV_CC_C04,InterCellPrevious,131,0.3732193732193732,CANONICAL_INPUT_ID_NOT_PROVEN_ADMISSION_ORDER,M_ROR
H2S,FULLY_SCHEDULED,IC_PREV_CC_C05,InterCellPrevious,132,0.37606837606837606,CANONICAL_INPUT_ID_NOT_PROVEN_ADMISSION_ORDER,M_ROR
H2S,FULLY_SCHEDULED,IC_PREV_CC_C06,InterCellPrevious,133,0.3789173789173789,CANONICAL_INPUT_ID_NOT_PROVEN_ADMISSION_ORDER,M_ROR
H2S,FULLY_SCHEDULED,IC_PREV_CC_C07,InterCellPrevious,134,0.3817663817663818,CANONICAL_INPUT_ID_NOT_PROVEN_ADMISSION_ORDER,M_ROR
H2S,FULLY_SCHEDULED,IC_PREV_CC_C08,InterCellPrevious,135,0.38461538461538464,CANONICAL_INPUT_ID_NOT_PROVEN_ADMISSION_ORDER,M_ROR
H2S,FULLY_SCHEDULED,SC_S1_C01_M01,SensorCyclic,136,0.38746438746438744,CANONICAL_INPUT_ID_NOT_PROVEN_ADMISSION_ORDER,M_ROR
H2S,FULLY_SCHEDULED,SC_S1_C01_M02,SensorCyclic,137,0.3903133903133903,CANONICAL_INPUT_ID_NOT_PROVEN_ADMISSION_ORDER,M_ROR
H2S,FULLY_SCHEDULED,SC_S1_C01_M03,SensorCyclic,138,0.39316239316239315,CANONICAL_INPUT_ID_NOT_PROVEN_ADMISSION_ORDER,M_ROR
H2S,FULLY_SCHEDULED,SC_S1_C02_M01,SensorCyclic,139,0.396011396011396,CANONICAL_INPUT_ID_NOT_PROVEN_ADMISSION_ORDER,M_ROR
H2S,FULLY_SCHEDULED,SC_S1_C02_M02,SensorCyclic,140,0.39886039886039887,CANONICAL_INPUT_ID_NOT_PROVEN_ADMISSION_ORDER,M_ROR
H2S,FULLY_SCHEDULED,SC_S1_C02_M03,SensorCyclic,141,0.4017094017094017,CANONICAL_INPUT_ID_NOT_PROVEN_ADMISSION_ORDER,M_ROR
H2S,FULLY_SCHEDULED,SC_S1_C03_M01,SensorCyclic,142,0.4045584045584046,CANONICAL_INPUT_ID_NOT_PROVEN_ADMISSION_ORDER,M_ROR
H2S,FULLY_SCHEDULED,SC_S1_C03_M02,SensorCyclic,143,0.4074074074074074,CANONICAL_INPUT_ID_NOT_PROVEN_ADMISSION_ORDER,M_ROR
H2S,FULLY_SCHEDULED,SC_S1_C03_M03,SensorCyclic,144,0.41025641025641024,CANONICAL_INPUT_ID_NOT_PROVEN_ADMISSION_ORDER,M_ROR
H2S,FULLY_SCHEDULED,SC_S1_C04_M01,SensorCyclic,145,0.4131054131054131,CANONICAL_INPUT_ID_NOT_PROVEN_ADMISSION_ORDER,M_ROR
H2S,FULLY_SCHEDULED,SC_S1_C04_M02,SensorCyclic,146,0.41595441595441596,CANONICAL_INPUT_ID_NOT_PROVEN_ADMISSION_ORDER,M_ROR
H2S,FULLY_SCHEDULED,SC_S1_C04_M03,SensorCyclic,147,0.4188034188034188,CANONICAL_INPUT_ID_NOT_PROVEN_ADMISSION_ORDER,M_ROR
H2S,FULLY_SCHEDULED,SC_S1_C05_M01,SensorCyclic,148,0.42165242165242167,CANONICAL_INPUT_ID_NOT_PROVEN_ADMISSION_ORDER,M_ROR
H2S,FULLY_SCHEDULED,SC_S1_C05_M02,SensorCyclic,149,0.42450142450142453,CANONICAL_INPUT_ID_NOT_PROVEN_ADMISSION_ORDER,M_ROR
H2S,FULLY_SCHEDULED,SC_S1_C05_M03,SensorCyclic,150,0.42735042735042733,CANONICAL_INPUT_ID_NOT_PROVEN_ADMISSION_ORDER,M_ROR
H2S,FULLY_SCHEDULED,SC_S1_C06_M01,SensorCyclic,151,0.4301994301994302,CANONICAL_INPUT_ID_NOT_PROVEN_ADMISSION_ORDER,M_ROR
H2S,FULLY_SCHEDULED,SC_S1_C06_M02,SensorCyclic,152,0.43304843304843305,CANONICAL_INPUT_ID_NOT_PROVEN_ADMISSION_ORDER,M_ROR
H2S,FULLY_SCHEDULED,SC_S1_C06_M03,SensorCyclic,153,0.4358974358974359,CANONICAL_INPUT_ID_NOT_PROVEN_ADMISSION_ORDER,M_ROR
H2S,FULLY_SCHEDULED,SC_S1_C07_M01,SensorCyclic,154,0.43874643874643876,CANONICAL_INPUT_ID_NOT_PROVEN_ADMISSION_ORDER,M_ROR
H2S,FULLY_SCHEDULED,SC_S1_C07_M02,SensorCyclic,155,0.4415954415954416,CANONICAL_INPUT_ID_NOT_PROVEN_ADMISSION_ORDER,M_ROR
H2S,FULLY_SCHEDULED,SC_S1_C07_M03,SensorCyclic,156,0.4444444444444444,CANONICAL_INPUT_ID_NOT_PROVEN_ADMISSION_ORDER,M_ROR
H2S,FULLY_SCHEDULED,SC_S1_C08_M01,SensorCyclic,157,0.4472934472934473,CANONICAL_INPUT_ID_NOT_PROVEN_ADMISSION_ORDER,M_ROR
H2S,FULLY_SCHEDULED,SC_S1_C08_M02,SensorCyclic,158,0.45014245014245013,CANONICAL_INPUT_ID_NOT_PROVEN_ADMISSION_ORDER,M_ROR
H2S,FULLY_SCHEDULED,SC_S1_C08_M03,SensorCyclic,159,0.452991452991453,CANONICAL_INPUT_ID_NOT_PROVEN_ADMISSION_ORDER,M_ROR
H2S,FULLY_SCHEDULED,SC_S2_C01_M01,SensorCyclic,160,0.45584045584045585,CANONICAL_INPUT_ID_NOT_PROVEN_ADMISSION_ORDER,M_ROR
H2S,FULLY_SCHEDULED,SC_S2_C01_M02,SensorCyclic,161,0.4586894586894587,CANONICAL_INPUT_ID_NOT_PROVEN_ADMISSION_ORDER,M_ROR
H2S,FULLY_SCHEDULED,SC_S2_C01_M03,SensorCyclic,162,0.46153846153846156,CANONICAL_INPUT_ID_NOT_PROVEN_ADMISSION_ORDER,M_ROR
H2S,FULLY_SCHEDULED,SC_S2_C02_M01,SensorCyclic,163,0.46438746438746437,CANONICAL_INPUT_ID_NOT_PROVEN_ADMISSION_ORDER,M_ROR
H2S,FULLY_SCHEDULED,SC_S2_C02_M02,SensorCyclic,164,0.4672364672364672,CANONICAL_INPUT_ID_NOT_PROVEN_ADMISSION_ORDER,M_ROR
H2S,FULLY_SCHEDULED,SC_S2_C02_M03,SensorCyclic,165,0.4700854700854701,CANONICAL_INPUT_ID_NOT_PROVEN_ADMISSION_ORDER,M_ROR
H2S,FULLY_SCHEDULED,SC_S2_C03_M01,SensorCyclic,166,0.47293447293447294,CANONICAL_INPUT_ID_NOT_PROVEN_ADMISSION_ORDER,M_ROR
H2S,FULLY_SCHEDULED,SC_S2_C03_M02,SensorCyclic,167,0.4757834757834758,CANONICAL_INPUT_ID_NOT_PROVEN_ADMISSION_ORDER,M_ROR
H2S,FULLY_SCHEDULED,SC_S2_C03_M03,SensorCyclic,168,0.47863247863247865,CANONICAL_INPUT_ID_NOT_PROVEN_ADMISSION_ORDER,M_ROR
H2S,FULLY_SCHEDULED,SC_S2_C04_M01,SensorCyclic,169,0.48148148148148145,CANONICAL_INPUT_ID_NOT_PROVEN_ADMISSION_ORDER,M_ROR
H2S,FULLY_SCHEDULED,SC_S2_C04_M02,SensorCyclic,170,0.4843304843304843,CANONICAL_INPUT_ID_NOT_PROVEN_ADMISSION_ORDER,M_ROR
H2S,FULLY_SCHEDULED,SC_S2_C04_M03,SensorCyclic,171,0.48717948717948717,CANONICAL_INPUT_ID_NOT_PROVEN_ADMISSION_ORDER,M_ROR
H2S,FULLY_SCHEDULED,SC_S2_C05_M01,SensorCyclic,172,0.49002849002849,CANONICAL_INPUT_ID_NOT_PROVEN_ADMISSION_ORDER,M_ROR
H2S,FULLY_SCHEDULED,SC_S2_C05_M02,SensorCyclic,173,0.4928774928774929,CANONICAL_INPUT_ID_NOT_PROVEN_ADMISSION_ORDER,M_ROR
H2S,FULLY_SCHEDULED,SC_S2_C05_M03,SensorCyclic,174,0.49572649572649574,CANONICAL_INPUT_ID_NOT_PROVEN_ADMISSION_ORDER,M_ROR
H2S,FULLY_SCHEDULED,SC_S2_C06_M01,SensorCyclic,175,0.4985754985754986,CANONICAL_INPUT_ID_NOT_PROVEN_ADMISSION_ORDER,M_ROR
H2S,FULLY_SCHEDULED,SC_S2_C06_M02,SensorCyclic,176,0.5014245014245015,CANONICAL_INPUT_ID_NOT_PROVEN_ADMISSION_ORDER,M_ROR
H2S,FULLY_SCHEDULED,SC_S2_C06_M03,SensorCyclic,177,0.5042735042735043,CANONICAL_INPUT_ID_NOT_PROVEN_ADMISSION_ORDER,M_ROR
H2S,FULLY_SCHEDULED,SC_S2_C07_M01,SensorCyclic,178,0.5071225071225072,CANONICAL_INPUT_ID_NOT_PROVEN_ADMISSION_ORDER,M_ROR
H2S,FULLY_SCHEDULED,SC_S2_C07_M02,SensorCyclic,179,0.50997150997151,CANONICAL_INPUT_ID_NOT_PROVEN_ADMISSION_ORDER,M_ROR
H2S,FULLY_SCHEDULED,SC_S2_C07_M03,SensorCyclic,180,0.5128205128205128,CANONICAL_INPUT_ID_NOT_PROVEN_ADMISSION_ORDER,M_ROR
H2S,FULLY_SCHEDULED,SC_S2_C08_M01,SensorCyclic,181,0.5156695156695157,CANONICAL_INPUT_ID_NOT_PROVEN_ADMISSION_ORDER,M_ROR
H2S,FULLY_SCHEDULED,SC_S2_C08_M02,SensorCyclic,182,0.5185185185185185,CANONICAL_INPUT_ID_NOT_PROVEN_ADMISSION_ORDER,M_ROR
H2S,FULLY_SCHEDULED,SC_S2_C08_M03,SensorCyclic,183,0.5213675213675214,CANONICAL_INPUT_ID_NOT_PROVEN_ADMISSION_ORDER,M_ROR
H2S,FULLY_SCHEDULED,SC_S3_C01_M01,SensorCyclic,184,0.5242165242165242,CANONICAL_INPUT_ID_NOT_PROVEN_ADMISSION_ORDER,M_ROR
H2S,FULLY_SCHEDULED,SC_S3_C01_M02,SensorCyclic,185,0.5270655270655271,CANONICAL_INPUT_ID_NOT_PROVEN_ADMISSION_ORDER,M_ROR
H2S,FULLY_SCHEDULED,SC_S3_C01_M03,SensorCyclic,186,0.5299145299145299,CANONICAL_INPUT_ID_NOT_PROVEN_ADMISSION_ORDER,M_ROR
H2S,FULLY_SCHEDULED,SC_S3_C02_M01,SensorCyclic,187,0.5327635327635327,CANONICAL_INPUT_ID_NOT_PROVEN_ADMISSION_ORDER,M_ROR
H2S,FULLY_SCHEDULED,SC_S3_C02_M02,SensorCyclic,188,0.5356125356125356,CANONICAL_INPUT_ID_NOT_PROVEN_ADMISSION_ORDER,M_ROR
H2S,FULLY_SCHEDULED,SC_S3_C02_M03,SensorCyclic,189,0.5384615384615384,CANONICAL_INPUT_ID_NOT_PROVEN_ADMISSION_ORDER,M_ROR
H2S,FULLY_SCHEDULED,SC_S3_C03_M01,SensorCyclic,190,0.5413105413105413,CANONICAL_INPUT_ID_NOT_PROVEN_ADMISSION_ORDER,M_ROR
H2S,FULLY_SCHEDULED,SC_S3_C03_M02,SensorCyclic,191,0.5441595441595442,CANONICAL_INPUT_ID_NOT_PROVEN_ADMISSION_ORDER,M_ROR
H2S,FULLY_SCHEDULED,SC_S3_C03_M03,SensorCyclic,192,0.5470085470085471,CANONICAL_INPUT_ID_NOT_PROVEN_ADMISSION_ORDER,M_ROR
H2S,FULLY_SCHEDULED,SC_S3_C04_M01,SensorCyclic,193,0.5498575498575499,CANONICAL_INPUT_ID_NOT_PROVEN_ADMISSION_ORDER,M_ROR
H2S,FULLY_SCHEDULED,SC_S3_C04_M02,SensorCyclic,194,0.5527065527065527,CANONICAL_INPUT_ID_NOT_PROVEN_ADMISSION_ORDER,M_ROR
H2S,FULLY_SCHEDULED,SC_S3_C04_M03,SensorCyclic,195,0.5555555555555556,CANONICAL_INPUT_ID_NOT_PROVEN_ADMISSION_ORDER,M_ROR
H2S,FULLY_SCHEDULED,SC_S3_C05_M01,SensorCyclic,196,0.5584045584045584,CANONICAL_INPUT_ID_NOT_PROVEN_ADMISSION_ORDER,M_ROR
H2S,FULLY_SCHEDULED,SC_S3_C05_M02,SensorCyclic,197,0.5612535612535613,CANONICAL_INPUT_ID_NOT_PROVEN_ADMISSION_ORDER,M_ROR
H2S,FULLY_SCHEDULED,SC_S3_C05_M03,SensorCyclic,198,0.5641025641025641,CANONICAL_INPUT_ID_NOT_PROVEN_ADMISSION_ORDER,M_ROR
H2S,FULLY_SCHEDULED,SC_S3_C06_M01,SensorCyclic,199,0.5669515669515669,CANONICAL_INPUT_ID_NOT_PROVEN_ADMISSION_ORDER,M_ROR
H2S,FULLY_SCHEDULED,SC_S3_C06_M02,SensorCyclic,200,0.5698005698005698,CANONICAL_INPUT_ID_NOT_PROVEN_ADMISSION_ORDER,M_ROR
H2S,FULLY_SCHEDULED,SC_S3_C06_M03,SensorCyclic,201,0.5726495726495726,CANONICAL_INPUT_ID_NOT_PROVEN_ADMISSION_ORDER,M_ROR
H2S,FULLY_SCHEDULED,SC_S3_C07_M01,SensorCyclic,202,0.5754985754985755,CANONICAL_INPUT_ID_NOT_PROVEN_ADMISSION_ORDER,M_ROR
H2S,FULLY_SCHEDULED,SC_S3_C07_M02,SensorCyclic,203,0.5783475783475783,CANONICAL_INPUT_ID_NOT_PROVEN_ADMISSION_ORDER,M_ROR
H2S,FULLY_SCHEDULED,SC_S3_C07_M03,SensorCyclic,204,0.5811965811965812,CANONICAL_INPUT_ID_NOT_PROVEN_ADMISSION_ORDER,M_ROR
H2S,FULLY_SCHEDULED,SC_S3_C08_M01,SensorCyclic,205,0.584045584045584,CANONICAL_INPUT_ID_NOT_PROVEN_ADMISSION_ORDER,M_ROR
H2S,FULLY_SCHEDULED,SC_S3_C08_M02,SensorCyclic,206,0.5868945868945868,CANONICAL_INPUT_ID_NOT_PROVEN_ADMISSION_ORDER,M_ROR
H2S,FULLY_SCHEDULED,SC_S3_C08_M03,SensorCyclic,207,0.5897435897435898,CANONICAL_INPUT_ID_NOT_PROVEN_ADMISSION_ORDER,M_ROR
H2S,FULLY_SCHEDULED,SC_S4_C01_M01,SensorCyclic,208,0.5925925925925926,CANONICAL_INPUT_ID_NOT_PROVEN_ADMISSION_ORDER,M_ROR
H2S,FULLY_SCHEDULED,SC_S4_C01_M02,SensorCyclic,209,0.5954415954415955,CANONICAL_INPUT_ID_NOT_PROVEN_ADMISSION_ORDER,M_ROR
H2S,FULLY_SCHEDULED,SC_S4_C01_M03,SensorCyclic,210,0.5982905982905983,CANONICAL_INPUT_ID_NOT_PROVEN_ADMISSION_ORDER,M_ROR
H2S,FULLY_SCHEDULED,SC_S4_C02_M01,SensorCyclic,211,0.6011396011396012,CANONICAL_INPUT_ID_NOT_PROVEN_ADMISSION_ORDER,M_ROR
H2S,FULLY_SCHEDULED,SC_S4_C02_M02,SensorCyclic,212,0.603988603988604,CANONICAL_INPUT_ID_NOT_PROVEN_ADMISSION_ORDER,M_ROR
H2S,FULLY_SCHEDULED,SC_S4_C02_M03,SensorCyclic,213,0.6068376068376068,CANONICAL_INPUT_ID_NOT_PROVEN_ADMISSION_ORDER,M_ROR
H2S,FULLY_SCHEDULED,SC_S4_C03_M01,SensorCyclic,214,0.6096866096866097,CANONICAL_INPUT_ID_NOT_PROVEN_ADMISSION_ORDER,M_ROR
H2S,FULLY_SCHEDULED,SC_S4_C03_M02,SensorCyclic,215,0.6125356125356125,CANONICAL_INPUT_ID_NOT_PROVEN_ADMISSION_ORDER,M_ROR
H2S,FULLY_SCHEDULED,SC_S4_C03_M03,SensorCyclic,216,0.6153846153846154,CANONICAL_INPUT_ID_NOT_PROVEN_ADMISSION_ORDER,M_ROR
H2S,FULLY_SCHEDULED,SC_S4_C04_M01,SensorCyclic,217,0.6182336182336182,CANONICAL_INPUT_ID_NOT_PROVEN_ADMISSION_ORDER,M_ROR
H2S,FULLY_SCHEDULED,SC_S4_C04_M02,SensorCyclic,218,0.6210826210826211,CANONICAL_INPUT_ID_NOT_PROVEN_ADMISSION_ORDER,M_ROR
H2S,FULLY_SCHEDULED,SC_S4_C04_M03,SensorCyclic,219,0.6239316239316239,CANONICAL_INPUT_ID_NOT_PROVEN_ADMISSION_ORDER,M_ROR
H2S,FULLY_SCHEDULED,SC_S4_C05_M01,SensorCyclic,220,0.6267806267806267,CANONICAL_INPUT_ID_NOT_PROVEN_ADMISSION_ORDER,M_ROR
H2S,FULLY_SCHEDULED,SC_S4_C05_M02,SensorCyclic,221,0.6296296296296297,CANONICAL_INPUT_ID_NOT_PROVEN_ADMISSION_ORDER,M_ROR
H2S,FULLY_SCHEDULED,SC_S4_C05_M03,SensorCyclic,222,0.6324786324786325,CANONICAL_INPUT_ID_NOT_PROVEN_ADMISSION_ORDER,M_ROR
H2S,FULLY_SCHEDULED,SC_S4_C06_M01,SensorCyclic,223,0.6353276353276354,CANONICAL_INPUT_ID_NOT_PROVEN_ADMISSION_ORDER,M_ROR
H2S,FULLY_SCHEDULED,SC_S4_C06_M02,SensorCyclic,224,0.6381766381766382,CANONICAL_INPUT_ID_NOT_PROVEN_ADMISSION_ORDER,M_ROR
H2S,FULLY_SCHEDULED,SC_S4_C06_M03,SensorCyclic,225,0.6410256410256411,CANONICAL_INPUT_ID_NOT_PROVEN_ADMISSION_ORDER,M_ROR
H2S,FULLY_SCHEDULED,SC_S4_C07_M01,SensorCyclic,226,0.6438746438746439,CANONICAL_INPUT_ID_NOT_PROVEN_ADMISSION_ORDER,M_ROR
H2S,FULLY_SCHEDULED,SC_S4_C07_M02,SensorCyclic,227,0.6467236467236467,CANONICAL_INPUT_ID_NOT_PROVEN_ADMISSION_ORDER,M_ROR
H2S,FULLY_SCHEDULED,SC_S4_C07_M03,SensorCyclic,228,0.6495726495726496,CANONICAL_INPUT_ID_NOT_PROVEN_ADMISSION_ORDER,M_ROR
H2S,FULLY_SCHEDULED,SC_S4_C08_M01,SensorCyclic,229,0.6524216524216524,CANONICAL_INPUT_ID_NOT_PROVEN_ADMISSION_ORDER,M_ROR
H2S,FULLY_SCHEDULED,SC_S4_C08_M02,SensorCyclic,230,0.6552706552706553,CANONICAL_INPUT_ID_NOT_PROVEN_ADMISSION_ORDER,M_ROR
H2S,FULLY_SCHEDULED,SC_S4_C08_M03,SensorCyclic,231,0.6581196581196581,CANONICAL_INPUT_ID_NOT_PROVEN_ADMISSION_ORDER,M_ROR
H2S,FULLY_SCHEDULED,SF_S1_C01_M01,SensorFast,232,0.6609686609686609,CANONICAL_INPUT_ID_NOT_PROVEN_ADMISSION_ORDER,M_ROR
H2S,FULLY_SCHEDULED,SF_S1_C01_M02,SensorFast,233,0.6638176638176638,CANONICAL_INPUT_ID_NOT_PROVEN_ADMISSION_ORDER,M_ROR
H2S,FULLY_SCHEDULED,SF_S1_C01_M03,SensorFast,234,0.6666666666666666,CANONICAL_INPUT_ID_NOT_PROVEN_ADMISSION_ORDER,M_ROR
H2S,FULLY_SCHEDULED,SF_S1_C02_M01,SensorFast,235,0.6695156695156695,CANONICAL_INPUT_ID_NOT_PROVEN_ADMISSION_ORDER,M_ROR
H2S,FULLY_SCHEDULED,SF_S1_C02_M02,SensorFast,236,0.6723646723646723,CANONICAL_INPUT_ID_NOT_PROVEN_ADMISSION_ORDER,M_ROR
H2S,FULLY_SCHEDULED,SF_S1_C02_M03,SensorFast,237,0.6752136752136753,CANONICAL_INPUT_ID_NOT_PROVEN_ADMISSION_ORDER,M_ROR
H2S,FULLY_SCHEDULED,SF_S1_C03_M01,SensorFast,238,0.6780626780626781,CANONICAL_INPUT_ID_NOT_PROVEN_ADMISSION_ORDER,M_ROR
H2S,FULLY_SCHEDULED,SF_S1_C03_M02,SensorFast,239,0.6809116809116809,CANONICAL_INPUT_ID_NOT_PROVEN_ADMISSION_ORDER,M_ROR
H2S,FULLY_SCHEDULED,SF_S1_C03_M03,SensorFast,240,0.6837606837606838,CANONICAL_INPUT_ID_NOT_PROVEN_ADMISSION_ORDER,M_ROR
H2S,FULLY_SCHEDULED,SF_S1_C04_M01,SensorFast,241,0.6866096866096866,CANONICAL_INPUT_ID_NOT_PROVEN_ADMISSION_ORDER,M_ROR
H2S,FULLY_SCHEDULED,SF_S1_C04_M02,SensorFast,242,0.6894586894586895,CANONICAL_INPUT_ID_NOT_PROVEN_ADMISSION_ORDER,M_ROR
H2S,FULLY_SCHEDULED,SF_S1_C04_M03,SensorFast,243,0.6923076923076923,CANONICAL_INPUT_ID_NOT_PROVEN_ADMISSION_ORDER,M_ROR
H2S,FULLY_SCHEDULED,SF_S1_C05_M01,SensorFast,244,0.6951566951566952,CANONICAL_INPUT_ID_NOT_PROVEN_ADMISSION_ORDER,M_ROR
H2S,FULLY_SCHEDULED,SF_S1_C05_M02,SensorFast,245,0.698005698005698,CANONICAL_INPUT_ID_NOT_PROVEN_ADMISSION_ORDER,M_ROR
H2S,FULLY_SCHEDULED,SF_S1_C05_M03,SensorFast,246,0.7008547008547008,CANONICAL_INPUT_ID_NOT_PROVEN_ADMISSION_ORDER,M_ROR
H2S,FULLY_SCHEDULED,SF_S1_C06_M01,SensorFast,247,0.7037037037037037,CANONICAL_INPUT_ID_NOT_PROVEN_ADMISSION_ORDER,M_ROR
H2S,FULLY_SCHEDULED,SF_S1_C06_M02,SensorFast,248,0.7065527065527065,CANONICAL_INPUT_ID_NOT_PROVEN_ADMISSION_ORDER,M_ROR
H2S,FULLY_SCHEDULED,SF_S1_C06_M03,SensorFast,249,0.7094017094017094,CANONICAL_INPUT_ID_NOT_PROVEN_ADMISSION_ORDER,M_ROR
H2S,FULLY_SCHEDULED,SF_S1_C07_M01,SensorFast,250,0.7122507122507122,CANONICAL_INPUT_ID_NOT_PROVEN_ADMISSION_ORDER,M_ROR
H2S,FULLY_SCHEDULED,SF_S1_C07_M02,SensorFast,251,0.7150997150997151,CANONICAL_INPUT_ID_NOT_PROVEN_ADMISSION_ORDER,M_ROR
H2S,FULLY_SCHEDULED,SF_S1_C07_M03,SensorFast,252,0.717948717948718,CANONICAL_INPUT_ID_NOT_PROVEN_ADMISSION_ORDER,M_ROR
H2S,FULLY_SCHEDULED,SF_S1_C08_M01,SensorFast,253,0.7207977207977208,CANONICAL_INPUT_ID_NOT_PROVEN_ADMISSION_ORDER,M_ROR
H2S,FULLY_SCHEDULED,SF_S1_C08_M02,SensorFast,254,0.7236467236467237,CANONICAL_INPUT_ID_NOT_PROVEN_ADMISSION_ORDER,M_ROR
H2S,FULLY_SCHEDULED,SF_S1_C08_M03,SensorFast,255,0.7264957264957265,CANONICAL_INPUT_ID_NOT_PROVEN_ADMISSION_ORDER,M_ROR
H2S,FULLY_SCHEDULED,SF_S2_C01_M01,SensorFast,256,0.7293447293447294,CANONICAL_INPUT_ID_NOT_PROVEN_ADMISSION_ORDER,M_ROR
H2S,FULLY_SCHEDULED,SF_S2_C01_M02,SensorFast,257,0.7321937321937322,CANONICAL_INPUT_ID_NOT_PROVEN_ADMISSION_ORDER,M_ROR
H2S,FULLY_SCHEDULED,SF_S2_C01_M03,SensorFast,258,0.7350427350427351,CANONICAL_INPUT_ID_NOT_PROVEN_ADMISSION_ORDER,M_ROR
H2S,FULLY_SCHEDULED,SF_S2_C02_M01,SensorFast,259,0.7378917378917379,CANONICAL_INPUT_ID_NOT_PROVEN_ADMISSION_ORDER,M_ROR
H2S,FULLY_SCHEDULED,SF_S2_C02_M02,SensorFast,260,0.7407407407407407,CANONICAL_INPUT_ID_NOT_PROVEN_ADMISSION_ORDER,M_ROR
H2S,FULLY_SCHEDULED,SF_S2_C02_M03,SensorFast,261,0.7435897435897436,CANONICAL_INPUT_ID_NOT_PROVEN_ADMISSION_ORDER,M_ROR
H2S,FULLY_SCHEDULED,SF_S2_C03_M01,SensorFast,262,0.7464387464387464,CANONICAL_INPUT_ID_NOT_PROVEN_ADMISSION_ORDER,M_ROR
H2S,FULLY_SCHEDULED,SF_S2_C03_M02,SensorFast,263,0.7492877492877493,CANONICAL_INPUT_ID_NOT_PROVEN_ADMISSION_ORDER,M_ROR
H2S,FULLY_SCHEDULED,SF_S2_C03_M03,SensorFast,264,0.7521367521367521,CANONICAL_INPUT_ID_NOT_PROVEN_ADMISSION_ORDER,M_ROR
H2S,FULLY_SCHEDULED,SF_S2_C04_M01,SensorFast,265,0.7549857549857549,CANONICAL_INPUT_ID_NOT_PROVEN_ADMISSION_ORDER,M_ROR
H2S,FULLY_SCHEDULED,SF_S2_C04_M02,SensorFast,266,0.7578347578347578,CANONICAL_INPUT_ID_NOT_PROVEN_ADMISSION_ORDER,M_ROR
H2S,FULLY_SCHEDULED,SF_S2_C04_M03,SensorFast,267,0.7606837606837606,CANONICAL_INPUT_ID_NOT_PROVEN_ADMISSION_ORDER,M_ROR
H2S,FULLY_SCHEDULED,SF_S2_C05_M01,SensorFast,268,0.7635327635327636,CANONICAL_INPUT_ID_NOT_PROVEN_ADMISSION_ORDER,M_ROR
H2S,FULLY_SCHEDULED,SF_S2_C05_M02,SensorFast,269,0.7663817663817664,CANONICAL_INPUT_ID_NOT_PROVEN_ADMISSION_ORDER,M_ROR
H2S,FULLY_SCHEDULED,SF_S2_C05_M03,SensorFast,270,0.7692307692307693,CANONICAL_INPUT_ID_NOT_PROVEN_ADMISSION_ORDER,M_ROR
H2S,FULLY_SCHEDULED,SF_S2_C06_M01,SensorFast,271,0.7720797720797721,CANONICAL_INPUT_ID_NOT_PROVEN_ADMISSION_ORDER,M_ROR
H2S,FULLY_SCHEDULED,SF_S2_C06_M02,SensorFast,272,0.7749287749287749,CANONICAL_INPUT_ID_NOT_PROVEN_ADMISSION_ORDER,M_ROR
H2S,FULLY_SCHEDULED,SF_S2_C06_M03,SensorFast,273,0.7777777777777778,CANONICAL_INPUT_ID_NOT_PROVEN_ADMISSION_ORDER,M_ROR
H2S,FULLY_SCHEDULED,SF_S2_C07_M01,SensorFast,274,0.7806267806267806,CANONICAL_INPUT_ID_NOT_PROVEN_ADMISSION_ORDER,M_ROR
H2S,FULLY_SCHEDULED,SF_S2_C07_M02,SensorFast,275,0.7834757834757835,CANONICAL_INPUT_ID_NOT_PROVEN_ADMISSION_ORDER,M_ROR
H2S,FULLY_SCHEDULED,SF_S2_C07_M03,SensorFast,276,0.7863247863247863,CANONICAL_INPUT_ID_NOT_PROVEN_ADMISSION_ORDER,M_ROR
H2S,FULLY_SCHEDULED,SF_S2_C08_M01,SensorFast,277,0.7891737891737892,CANONICAL_INPUT_ID_NOT_PROVEN_ADMISSION_ORDER,M_ROR
H2S,FULLY_SCHEDULED,SF_S2_C08_M02,SensorFast,278,0.792022792022792,CANONICAL_INPUT_ID_NOT_PROVEN_ADMISSION_ORDER,M_ROR
H2S,FULLY_SCHEDULED,SF_S2_C08_M03,SensorFast,279,0.7948717948717948,CANONICAL_INPUT_ID_NOT_PROVEN_ADMISSION_ORDER,M_ROR
H2S,FULLY_SCHEDULED,SF_S3_C01_M01,SensorFast,280,0.7977207977207977,CANONICAL_INPUT_ID_NOT_PROVEN_ADMISSION_ORDER,M_ROR
H2S,FULLY_SCHEDULED,SF_S3_C01_M02,SensorFast,281,0.8005698005698005,CANONICAL_INPUT_ID_NOT_PROVEN_ADMISSION_ORDER,M_ROR
H2S,FULLY_SCHEDULED,SF_S3_C01_M03,SensorFast,282,0.8034188034188035,CANONICAL_INPUT_ID_NOT_PROVEN_ADMISSION_ORDER,M_ROR
H2S,FULLY_SCHEDULED,SF_S3_C02_M01,SensorFast,283,0.8062678062678063,CANONICAL_INPUT_ID_NOT_PROVEN_ADMISSION_ORDER,M_ROR
H2S,FULLY_SCHEDULED,SF_S3_C02_M02,SensorFast,284,0.8091168091168092,CANONICAL_INPUT_ID_NOT_PROVEN_ADMISSION_ORDER,M_ROR
H2S,FULLY_SCHEDULED,SF_S3_C02_M03,SensorFast,285,0.811965811965812,CANONICAL_INPUT_ID_NOT_PROVEN_ADMISSION_ORDER,M_ROR
H2S,FULLY_SCHEDULED,SF_S3_C03_M01,SensorFast,286,0.8148148148148148,CANONICAL_INPUT_ID_NOT_PROVEN_ADMISSION_ORDER,M_ROR
H2S,FULLY_SCHEDULED,SF_S3_C03_M02,SensorFast,287,0.8176638176638177,CANONICAL_INPUT_ID_NOT_PROVEN_ADMISSION_ORDER,M_ROR
H2S,FULLY_SCHEDULED,SF_S3_C03_M03,SensorFast,288,0.8205128205128205,CANONICAL_INPUT_ID_NOT_PROVEN_ADMISSION_ORDER,M_ROR
H2S,FULLY_SCHEDULED,SF_S3_C04_M01,SensorFast,289,0.8233618233618234,CANONICAL_INPUT_ID_NOT_PROVEN_ADMISSION_ORDER,M_ROR
H2S,FULLY_SCHEDULED,SF_S3_C04_M02,SensorFast,290,0.8262108262108262,CANONICAL_INPUT_ID_NOT_PROVEN_ADMISSION_ORDER,M_ROR
H2S,FULLY_SCHEDULED,SF_S3_C04_M03,SensorFast,291,0.8290598290598291,CANONICAL_INPUT_ID_NOT_PROVEN_ADMISSION_ORDER,M_ROR
H2S,FULLY_SCHEDULED,SF_S3_C05_M01,SensorFast,292,0.8319088319088319,CANONICAL_INPUT_ID_NOT_PROVEN_ADMISSION_ORDER,M_ROR
H2S,FULLY_SCHEDULED,SF_S3_C05_M02,SensorFast,293,0.8347578347578347,CANONICAL_INPUT_ID_NOT_PROVEN_ADMISSION_ORDER,M_ROR
H2S,FULLY_SCHEDULED,SF_S3_C05_M03,SensorFast,294,0.8376068376068376,CANONICAL_INPUT_ID_NOT_PROVEN_ADMISSION_ORDER,M_ROR
H2S,FULLY_SCHEDULED,SF_S3_C06_M01,SensorFast,295,0.8404558404558404,CANONICAL_INPUT_ID_NOT_PROVEN_ADMISSION_ORDER,M_ROR
H2S,FULLY_SCHEDULED,SF_S3_C06_M02,SensorFast,296,0.8433048433048433,CANONICAL_INPUT_ID_NOT_PROVEN_ADMISSION_ORDER,M_ROR
H2S,FULLY_SCHEDULED,SF_S3_C06_M03,SensorFast,297,0.8461538461538461,CANONICAL_INPUT_ID_NOT_PROVEN_ADMISSION_ORDER,M_ROR
H2S,FULLY_SCHEDULED,SF_S3_C07_M01,SensorFast,298,0.8490028490028491,CANONICAL_INPUT_ID_NOT_PROVEN_ADMISSION_ORDER,M_ROR
H2S,FULLY_SCHEDULED,SF_S3_C07_M02,SensorFast,299,0.8518518518518519,CANONICAL_INPUT_ID_NOT_PROVEN_ADMISSION_ORDER,M_ROR
H2S,FULLY_SCHEDULED,SF_S3_C07_M03,SensorFast,300,0.8547008547008547,CANONICAL_INPUT_ID_NOT_PROVEN_ADMISSION_ORDER,M_ROR
H2S,FULLY_SCHEDULED,SF_S3_C08_M01,SensorFast,301,0.8575498575498576,CANONICAL_INPUT_ID_NOT_PROVEN_ADMISSION_ORDER,M_ROR
H2S,FULLY_SCHEDULED,SF_S3_C08_M02,SensorFast,302,0.8603988603988604,CANONICAL_INPUT_ID_NOT_PROVEN_ADMISSION_ORDER,M_ROR
H2S,FULLY_SCHEDULED,SF_S3_C08_M03,SensorFast,303,0.8632478632478633,CANONICAL_INPUT_ID_NOT_PROVEN_ADMISSION_ORDER,M_ROR
H2S,FULLY_SCHEDULED,SF_S4_C01_M01,SensorFast,304,0.8660968660968661,CANONICAL_INPUT_ID_NOT_PROVEN_ADMISSION_ORDER,M_ROR
H2S,FULLY_SCHEDULED,SF_S4_C01_M02,SensorFast,305,0.8689458689458689,CANONICAL_INPUT_ID_NOT_PROVEN_ADMISSION_ORDER,M_ROR
H2S,FULLY_SCHEDULED,SF_S4_C01_M03,SensorFast,306,0.8717948717948718,CANONICAL_INPUT_ID_NOT_PROVEN_ADMISSION_ORDER,M_ROR
H2S,FULLY_SCHEDULED,SF_S4_C02_M01,SensorFast,307,0.8746438746438746,CANONICAL_INPUT_ID_NOT_PROVEN_ADMISSION_ORDER,M_ROR
H2S,FULLY_SCHEDULED,SF_S4_C02_M02,SensorFast,308,0.8774928774928775,CANONICAL_INPUT_ID_NOT_PROVEN_ADMISSION_ORDER,M_ROR
H2S,FULLY_SCHEDULED,SF_S4_C02_M03,SensorFast,309,0.8803418803418803,CANONICAL_INPUT_ID_NOT_PROVEN_ADMISSION_ORDER,M_ROR
H2S,FULLY_SCHEDULED,SF_S4_C03_M01,SensorFast,310,0.8831908831908832,CANONICAL_INPUT_ID_NOT_PROVEN_ADMISSION_ORDER,M_ROR
H2S,FULLY_SCHEDULED,SF_S4_C03_M02,SensorFast,311,0.886039886039886,CANONICAL_INPUT_ID_NOT_PROVEN_ADMISSION_ORDER,M_ROR
H2S,FULLY_SCHEDULED,SF_S4_C03_M03,SensorFast,312,0.8888888888888888,CANONICAL_INPUT_ID_NOT_PROVEN_ADMISSION_ORDER,M_ROR
H2S,FULLY_SCHEDULED,SF_S4_C04_M01,SensorFast,313,0.8917378917378918,CANONICAL_INPUT_ID_NOT_PROVEN_ADMISSION_ORDER,M_ROR
H2S,FULLY_SCHEDULED,SF_S4_C04_M02,SensorFast,314,0.8945868945868946,CANONICAL_INPUT_ID_NOT_PROVEN_ADMISSION_ORDER,M_ROR
H2S,FULLY_SCHEDULED,SF_S4_C04_M03,SensorFast,315,0.8974358974358975,CANONICAL_INPUT_ID_NOT_PROVEN_ADMISSION_ORDER,M_ROR
H2S,FULLY_SCHEDULED,SF_S4_C05_M01,SensorFast,316,0.9002849002849003,CANONICAL_INPUT_ID_NOT_PROVEN_ADMISSION_ORDER,M_ROR
H2S,FULLY_SCHEDULED,SF_S4_C05_M02,SensorFast,317,0.9031339031339032,CANONICAL_INPUT_ID_NOT_PROVEN_ADMISSION_ORDER,M_ROR
H2S,FULLY_SCHEDULED,SF_S4_C05_M03,SensorFast,318,0.905982905982906,CANONICAL_INPUT_ID_NOT_PROVEN_ADMISSION_ORDER,M_ROR
H2S,FULLY_SCHEDULED,SF_S4_C06_M01,SensorFast,319,0.9088319088319088,CANONICAL_INPUT_ID_NOT_PROVEN_ADMISSION_ORDER,M_ROR
H2S,FULLY_SCHEDULED,SF_S4_C06_M02,SensorFast,320,0.9116809116809117,CANONICAL_INPUT_ID_NOT_PROVEN_ADMISSION_ORDER,M_ROR
H2S,FULLY_SCHEDULED,SF_S4_C06_M03,SensorFast,321,0.9145299145299145,CANONICAL_INPUT_ID_NOT_PROVEN_ADMISSION_ORDER,M_ROR
H2S,FULLY_SCHEDULED,SF_S4_C07_M01,SensorFast,322,0.9173789173789174,CANONICAL_INPUT_ID_NOT_PROVEN_ADMISSION_ORDER,M_ROR
H2S,FULLY_SCHEDULED,SF_S4_C07_M02,SensorFast,323,0.9202279202279202,CANONICAL_INPUT_ID_NOT_PROVEN_ADMISSION_ORDER,M_ROR
H2S,FULLY_SCHEDULED,SF_S4_C07_M03,SensorFast,324,0.9230769230769231,CANONICAL_INPUT_ID_NOT_PROVEN_ADMISSION_ORDER,M_ROR
H2S,FULLY_SCHEDULED,SF_S4_C08_M01,SensorFast,325,0.9259259259259259,CANONICAL_INPUT_ID_NOT_PROVEN_ADMISSION_ORDER,M_ROR
H2S,FULLY_SCHEDULED,SF_S4_C08_M02,SensorFast,326,0.9287749287749287,CANONICAL_INPUT_ID_NOT_PROVEN_ADMISSION_ORDER,M_ROR
H2S,FULLY_SCHEDULED,SF_S4_C08_M03,SensorFast,327,0.9316239316239316,CANONICAL_INPUT_ID_NOT_PROVEN_ADMISSION_ORDER,M_ROR
H2S,FULLY_SCHEDULED,STAT_PLC_C01_M01,MachineStatus,328,0.9344729344729344,CANONICAL_INPUT_ID_NOT_PROVEN_ADMISSION_ORDER,M_ROR
H2S,FULLY_SCHEDULED,STAT_PLC_C01_M02,MachineStatus,329,0.9373219373219374,CANONICAL_INPUT_ID_NOT_PROVEN_ADMISSION_ORDER,M_ROR
H2S,FULLY_SCHEDULED,STAT_PLC_C01_M03,MachineStatus,330,0.9401709401709402,CANONICAL_INPUT_ID_NOT_PROVEN_ADMISSION_ORDER,M_ROR
H2S,FULLY_SCHEDULED,STAT_PLC_C02_M01,MachineStatus,331,0.9430199430199431,CANONICAL_INPUT_ID_NOT_PROVEN_ADMISSION_ORDER,M_ROR
H2S,FULLY_SCHEDULED,STAT_PLC_C02_M02,MachineStatus,332,0.9458689458689459,CANONICAL_INPUT_ID_NOT_PROVEN_ADMISSION_ORDER,M_ROR
H2S,FULLY_SCHEDULED,STAT_PLC_C02_M03,MachineStatus,333,0.9487179487179487,CANONICAL_INPUT_ID_NOT_PROVEN_ADMISSION_ORDER,M_ROR
H2S,FULLY_SCHEDULED,STAT_PLC_C03_M01,MachineStatus,334,0.9515669515669516,CANONICAL_INPUT_ID_NOT_PROVEN_ADMISSION_ORDER,M_ROR
H2S,FULLY_SCHEDULED,STAT_PLC_C03_M02,MachineStatus,335,0.9544159544159544,CANONICAL_INPUT_ID_NOT_PROVEN_ADMISSION_ORDER,M_ROR
H2S,FULLY_SCHEDULED,STAT_PLC_C03_M03,MachineStatus,336,0.9572649572649573,CANONICAL_INPUT_ID_NOT_PROVEN_ADMISSION_ORDER,M_ROR
H2S,FULLY_SCHEDULED,STAT_PLC_C04_M01,MachineStatus,337,0.9601139601139601,CANONICAL_INPUT_ID_NOT_PROVEN_ADMISSION_ORDER,M_ROR
H2S,FULLY_SCHEDULED,STAT_PLC_C04_M02,MachineStatus,338,0.9629629629629629,CANONICAL_INPUT_ID_NOT_PROVEN_ADMISSION_ORDER,M_ROR
H2S,FULLY_SCHEDULED,STAT_PLC_C04_M03,MachineStatus,339,0.9658119658119658,CANONICAL_INPUT_ID_NOT_PROVEN_ADMISSION_ORDER,M_ROR
H2S,FULLY_SCHEDULED,STAT_PLC_C05_M01,MachineStatus,340,0.9686609686609686,CANONICAL_INPUT_ID_NOT_PROVEN_ADMISSION_ORDER,M_ROR
H2S,FULLY_SCHEDULED,STAT_PLC_C05_M02,MachineStatus,341,0.9715099715099715,CANONICAL_INPUT_ID_NOT_PROVEN_ADMISSION_ORDER,M_ROR
H2S,FULLY_SCHEDULED,STAT_PLC_C05_M03,MachineStatus,342,0.9743589743589743,CANONICAL_INPUT_ID_NOT_PROVEN_ADMISSION_ORDER,M_ROR
H2S,FULLY_SCHEDULED,STAT_PLC_C06_M01,MachineStatus,343,0.9772079772079773,CANONICAL_INPUT_ID_NOT_PROVEN_ADMISSION_ORDER,M_ROR
H2S,FULLY_SCHEDULED,STAT_PLC_C06_M02,MachineStatus,344,0.98005698005698,CANONICAL_INPUT_ID_NOT_PROVEN_ADMISSION_ORDER,M_ROR
H2S,FULLY_SCHEDULED,STAT_PLC_C06_M03,MachineStatus,345,0.9829059829059829,CANONICAL_INPUT_ID_NOT_PROVEN_ADMISSION_ORDER,M_ROR
H2S,FULLY_SCHEDULED,STAT_PLC_C07_M01,MachineStatus,346,0.9857549857549858,CANONICAL_INPUT_ID_NOT_PROVEN_ADMISSION_ORDER,M_ROR
H2S,FULLY_SCHEDULED,STAT_PLC_C07_M02,MachineStatus,347,0.9886039886039886,CANONICAL_INPUT_ID_NOT_PROVEN_ADMISSION_ORDER,M_ROR
H2S,FULLY_SCHEDULED,STAT_PLC_C07_M03,MachineStatus,348,0.9914529914529915,CANONICAL_INPUT_ID_NOT_PROVEN_ADMISSION_ORDER,M_ROR
H2S,FULLY_SCHEDULED,STAT_PLC_C08_M01,MachineStatus,349,0.9943019943019943,CANONICAL_INPUT_ID_NOT_PROVEN_ADMISSION_ORDER,M_ROR
H2S,FULLY_SCHEDULED,STAT_PLC_C08_M02,MachineStatus,350,0.9971509971509972,CANONICAL_INPUT_ID_NOT_PROVEN_ADMISSION_ORDER,M_ROR
H2S,FULLY_SCHEDULED,STAT_PLC_C08_M03,MachineStatus,351,1.0,CANONICAL_INPUT_ID_NOT_PROVEN_ADMISSION_ORDER,M_ROR
CELF,FULLY_SCHEDULED,CMD_PLC_C01_M01_A1_C01_M01,ControlCommand,0,0.0,CANONICAL_INPUT_ID_NOT_PROVEN_ADMISSION_ORDER,M_ROR
CELF,FULLY_SCHEDULED,CMD_PLC_C01_M01_A2_C01_M01,ControlCommand,1,0.002849002849002849,CANONICAL_INPUT_ID_NOT_PROVEN_ADMISSION_ORDER,M_ROR
CELF,FULLY_SCHEDULED,CMD_PLC_C01_M01_A3_C01_M01,ControlCommand,2,0.005698005698005698,CANONICAL_INPUT_ID_NOT_PROVEN_ADMISSION_ORDER,M_ROR
CELF,FULLY_SCHEDULED,CMD_PLC_C01_M01_A4_C01_M01,ControlCommand,3,0.008547008547008548,CANONICAL_INPUT_ID_NOT_PROVEN_ADMISSION_ORDER,M_ROR
CELF,FULLY_SCHEDULED,CMD_PLC_C01_M02_A1_C01_M02,ControlCommand,4,0.011396011396011397,CANONICAL_INPUT_ID_NOT_PROVEN_ADMISSION_ORDER,M_ROR
CELF,FULLY_SCHEDULED,CMD_PLC_C01_M02_A2_C01_M02,ControlCommand,5,0.014245014245014245,CANONICAL_INPUT_ID_NOT_PROVEN_ADMISSION_ORDER,M_ROR
CELF,FULLY_SCHEDULED,CMD_PLC_C01_M02_A3_C01_M02,ControlCommand,6,0.017094017094017096,CANONICAL_INPUT_ID_NOT_PROVEN_ADMISSION_ORDER,M_ROR
CELF,FULLY_SCHEDULED,CMD_PLC_C01_M02_A4_C01_M02,ControlCommand,7,0.019943019943019943,CANONICAL_INPUT_ID_NOT_PROVEN_ADMISSION_ORDER,M_ROR
CELF,FULLY_SCHEDULED,CMD_PLC_C01_M03_A1_C01_M03,ControlCommand,8,0.022792022792022793,CANONICAL_INPUT_ID_NOT_PROVEN_ADMISSION_ORDER,M_ROR
CELF,FULLY_SCHEDULED,CMD_PLC_C01_M03_A2_C01_M03,ControlCommand,9,0.02564102564102564,CANONICAL_INPUT_ID_NOT_PROVEN_ADMISSION_ORDER,M_ROR
CELF,FULLY_SCHEDULED,CMD_PLC_C01_M03_A3_C01_M03,ControlCommand,10,0.02849002849002849,CANONICAL_INPUT_ID_NOT_PROVEN_ADMISSION_ORDER,M_ROR
CELF,FULLY_SCHEDULED,CMD_PLC_C01_M03_A4_C01_M03,ControlCommand,11,0.03133903133903134,CANONICAL_INPUT_ID_NOT_PROVEN_ADMISSION_ORDER,M_ROR
CELF,FULLY_SCHEDULED,CMD_PLC_C02_M01_A1_C02_M01,ControlCommand,12,0.03418803418803419,CANONICAL_INPUT_ID_NOT_PROVEN_ADMISSION_ORDER,M_ROR
CELF,FULLY_SCHEDULED,CMD_PLC_C02_M01_A2_C02_M01,ControlCommand,13,0.037037037037037035,CANONICAL_INPUT_ID_NOT_PROVEN_ADMISSION_ORDER,M_ROR
CELF,FULLY_SCHEDULED,CMD_PLC_C02_M01_A3_C02_M01,ControlCommand,14,0.039886039886039885,CANONICAL_INPUT_ID_NOT_PROVEN_ADMISSION_ORDER,M_ROR
CELF,FULLY_SCHEDULED,CMD_PLC_C02_M01_A4_C02_M01,ControlCommand,15,0.042735042735042736,CANONICAL_INPUT_ID_NOT_PROVEN_ADMISSION_ORDER,M_ROR
CELF,FULLY_SCHEDULED,CMD_PLC_C02_M02_A1_C02_M02,ControlCommand,16,0.045584045584045586,CANONICAL_INPUT_ID_NOT_PROVEN_ADMISSION_ORDER,M_ROR
CELF,FULLY_SCHEDULED,CMD_PLC_C02_M02_A2_C02_M02,ControlCommand,17,0.04843304843304843,CANONICAL_INPUT_ID_NOT_PROVEN_ADMISSION_ORDER,M_ROR
CELF,FULLY_SCHEDULED,CMD_PLC_C02_M02_A3_C02_M02,ControlCommand,18,0.05128205128205128,CANONICAL_INPUT_ID_NOT_PROVEN_ADMISSION_ORDER,M_ROR
CELF,FULLY_SCHEDULED,CMD_PLC_C02_M02_A4_C02_M02,ControlCommand,19,0.05413105413105413,CANONICAL_INPUT_ID_NOT_PROVEN_ADMISSION_ORDER,M_ROR
CELF,FULLY_SCHEDULED,CMD_PLC_C02_M03_A1_C02_M03,ControlCommand,20,0.05698005698005698,CANONICAL_INPUT_ID_NOT_PROVEN_ADMISSION_ORDER,M_ROR
CELF,FULLY_SCHEDULED,CMD_PLC_C02_M03_A2_C02_M03,ControlCommand,21,0.05982905982905983,CANONICAL_INPUT_ID_NOT_PROVEN_ADMISSION_ORDER,M_ROR
CELF,FULLY_SCHEDULED,CMD_PLC_C02_M03_A3_C02_M03,ControlCommand,22,0.06267806267806268,CANONICAL_INPUT_ID_NOT_PROVEN_ADMISSION_ORDER,M_ROR
CELF,FULLY_SCHEDULED,CMD_PLC_C02_M03_A4_C02_M03,ControlCommand,23,0.06552706552706553,CANONICAL_INPUT_ID_NOT_PROVEN_ADMISSION_ORDER,M_ROR
CELF,FULLY_SCHEDULED,CMD_PLC_C03_M01_A1_C03_M01,ControlCommand,24,0.06837606837606838,CANONICAL_INPUT_ID_NOT_PROVEN_ADMISSION_ORDER,M_ROR
CELF,FULLY_SCHEDULED,CMD_PLC_C03_M01_A2_C03_M01,ControlCommand,25,0.07122507122507123,CANONICAL_INPUT_ID_NOT_PROVEN_ADMISSION_ORDER,M_ROR
CELF,FULLY_SCHEDULED,CMD_PLC_C03_M01_A3_C03_M01,ControlCommand,26,0.07407407407407407,CANONICAL_INPUT_ID_NOT_PROVEN_ADMISSION_ORDER,M_ROR
CELF,FULLY_SCHEDULED,CMD_PLC_C03_M01_A4_C03_M01,ControlCommand,27,0.07692307692307693,CANONICAL_INPUT_ID_NOT_PROVEN_ADMISSION_ORDER,M_ROR
CELF,FULLY_SCHEDULED,CMD_PLC_C03_M02_A1_C03_M02,ControlCommand,28,0.07977207977207977,CANONICAL_INPUT_ID_NOT_PROVEN_ADMISSION_ORDER,M_ROR
CELF,FULLY_SCHEDULED,CMD_PLC_C03_M02_A2_C03_M02,ControlCommand,29,0.08262108262108261,CANONICAL_INPUT_ID_NOT_PROVEN_ADMISSION_ORDER,M_ROR
CELF,FULLY_SCHEDULED,CMD_PLC_C03_M02_A3_C03_M02,ControlCommand,30,0.08547008547008547,CANONICAL_INPUT_ID_NOT_PROVEN_ADMISSION_ORDER,M_ROR
CELF,FULLY_SCHEDULED,CMD_PLC_C03_M02_A4_C03_M02,ControlCommand,31,0.08831908831908832,CANONICAL_INPUT_ID_NOT_PROVEN_ADMISSION_ORDER,M_ROR
CELF,FULLY_SCHEDULED,CMD_PLC_C03_M03_A1_C03_M03,ControlCommand,32,0.09116809116809117,CANONICAL_INPUT_ID_NOT_PROVEN_ADMISSION_ORDER,M_ROR
CELF,FULLY_SCHEDULED,CMD_PLC_C03_M03_A2_C03_M03,ControlCommand,33,0.09401709401709402,CANONICAL_INPUT_ID_NOT_PROVEN_ADMISSION_ORDER,M_ROR
CELF,FULLY_SCHEDULED,CMD_PLC_C03_M03_A3_C03_M03,ControlCommand,34,0.09686609686609686,CANONICAL_INPUT_ID_NOT_PROVEN_ADMISSION_ORDER,M_ROR
CELF,FULLY_SCHEDULED,CMD_PLC_C03_M03_A4_C03_M03,ControlCommand,35,0.09971509971509972,CANONICAL_INPUT_ID_NOT_PROVEN_ADMISSION_ORDER,M_ROR
CELF,FULLY_SCHEDULED,CMD_PLC_C04_M01_A1_C04_M01,ControlCommand,36,0.10256410256410256,CANONICAL_INPUT_ID_NOT_PROVEN_ADMISSION_ORDER,M_ROR
CELF,FULLY_SCHEDULED,CMD_PLC_C04_M01_A2_C04_M01,ControlCommand,37,0.10541310541310542,CANONICAL_INPUT_ID_NOT_PROVEN_ADMISSION_ORDER,M_ROR
CELF,FULLY_SCHEDULED,CMD_PLC_C04_M01_A3_C04_M01,ControlCommand,38,0.10826210826210826,CANONICAL_INPUT_ID_NOT_PROVEN_ADMISSION_ORDER,M_ROR
CELF,FULLY_SCHEDULED,CMD_PLC_C04_M01_A4_C04_M01,ControlCommand,39,0.1111111111111111,CANONICAL_INPUT_ID_NOT_PROVEN_ADMISSION_ORDER,M_ROR
CELF,FULLY_SCHEDULED,CMD_PLC_C04_M02_A1_C04_M02,ControlCommand,40,0.11396011396011396,CANONICAL_INPUT_ID_NOT_PROVEN_ADMISSION_ORDER,M_ROR
CELF,FULLY_SCHEDULED,CMD_PLC_C04_M02_A2_C04_M02,ControlCommand,41,0.1168091168091168,CANONICAL_INPUT_ID_NOT_PROVEN_ADMISSION_ORDER,M_ROR
CELF,FULLY_SCHEDULED,CMD_PLC_C04_M02_A3_C04_M02,ControlCommand,42,0.11965811965811966,CANONICAL_INPUT_ID_NOT_PROVEN_ADMISSION_ORDER,M_ROR
CELF,FULLY_SCHEDULED,CMD_PLC_C04_M02_A4_C04_M02,ControlCommand,43,0.1225071225071225,CANONICAL_INPUT_ID_NOT_PROVEN_ADMISSION_ORDER,M_ROR
CELF,FULLY_SCHEDULED,CMD_PLC_C04_M03_A1_C04_M03,ControlCommand,44,0.12535612535612536,CANONICAL_INPUT_ID_NOT_PROVEN_ADMISSION_ORDER,M_ROR
CELF,FULLY_SCHEDULED,CMD_PLC_C04_M03_A2_C04_M03,ControlCommand,45,0.1282051282051282,CANONICAL_INPUT_ID_NOT_PROVEN_ADMISSION_ORDER,M_ROR
CELF,FULLY_SCHEDULED,CMD_PLC_C04_M03_A3_C04_M03,ControlCommand,46,0.13105413105413105,CANONICAL_INPUT_ID_NOT_PROVEN_ADMISSION_ORDER,M_ROR
CELF,FULLY_SCHEDULED,CMD_PLC_C04_M03_A4_C04_M03,ControlCommand,47,0.1339031339031339,CANONICAL_INPUT_ID_NOT_PROVEN_ADMISSION_ORDER,M_ROR
CELF,FULLY_SCHEDULED,CMD_PLC_C05_M01_A1_C05_M01,ControlCommand,48,0.13675213675213677,CANONICAL_INPUT_ID_NOT_PROVEN_ADMISSION_ORDER,M_ROR
CELF,FULLY_SCHEDULED,CMD_PLC_C05_M01_A2_C05_M01,ControlCommand,49,0.1396011396011396,CANONICAL_INPUT_ID_NOT_PROVEN_ADMISSION_ORDER,M_ROR
CELF,FULLY_SCHEDULED,CMD_PLC_C05_M01_A3_C05_M01,ControlCommand,50,0.14245014245014245,CANONICAL_INPUT_ID_NOT_PROVEN_ADMISSION_ORDER,M_ROR
CELF,FULLY_SCHEDULED,CMD_PLC_C05_M01_A4_C05_M01,ControlCommand,51,0.1452991452991453,CANONICAL_INPUT_ID_NOT_PROVEN_ADMISSION_ORDER,M_ROR
CELF,FULLY_SCHEDULED,CMD_PLC_C05_M02_A1_C05_M02,ControlCommand,52,0.14814814814814814,CANONICAL_INPUT_ID_NOT_PROVEN_ADMISSION_ORDER,M_ROR
CELF,FULLY_SCHEDULED,CMD_PLC_C05_M02_A2_C05_M02,ControlCommand,53,0.150997150997151,CANONICAL_INPUT_ID_NOT_PROVEN_ADMISSION_ORDER,M_ROR
CELF,FULLY_SCHEDULED,CMD_PLC_C05_M02_A3_C05_M02,ControlCommand,54,0.15384615384615385,CANONICAL_INPUT_ID_NOT_PROVEN_ADMISSION_ORDER,M_ROR
CELF,FULLY_SCHEDULED,CMD_PLC_C05_M02_A4_C05_M02,ControlCommand,55,0.15669515669515668,CANONICAL_INPUT_ID_NOT_PROVEN_ADMISSION_ORDER,M_ROR
CELF,FULLY_SCHEDULED,CMD_PLC_C05_M03_A1_C05_M03,ControlCommand,56,0.15954415954415954,CANONICAL_INPUT_ID_NOT_PROVEN_ADMISSION_ORDER,M_ROR
CELF,FULLY_SCHEDULED,CMD_PLC_C05_M03_A2_C05_M03,ControlCommand,57,0.1623931623931624,CANONICAL_INPUT_ID_NOT_PROVEN_ADMISSION_ORDER,M_ROR
CELF,FULLY_SCHEDULED,CMD_PLC_C05_M03_A3_C05_M03,ControlCommand,58,0.16524216524216523,CANONICAL_INPUT_ID_NOT_PROVEN_ADMISSION_ORDER,M_ROR
CELF,FULLY_SCHEDULED,CMD_PLC_C05_M03_A4_C05_M03,ControlCommand,59,0.16809116809116809,CANONICAL_INPUT_ID_NOT_PROVEN_ADMISSION_ORDER,M_ROR
CELF,FULLY_SCHEDULED,CMD_PLC_C06_M01_A1_C06_M01,ControlCommand,60,0.17094017094017094,CANONICAL_INPUT_ID_NOT_PROVEN_ADMISSION_ORDER,M_ROR
CELF,FULLY_SCHEDULED,CMD_PLC_C06_M01_A2_C06_M01,ControlCommand,61,0.1737891737891738,CANONICAL_INPUT_ID_NOT_PROVEN_ADMISSION_ORDER,M_ROR
CELF,FULLY_SCHEDULED,CMD_PLC_C06_M01_A3_C06_M01,ControlCommand,62,0.17663817663817663,CANONICAL_INPUT_ID_NOT_PROVEN_ADMISSION_ORDER,M_ROR
CELF,FULLY_SCHEDULED,CMD_PLC_C06_M01_A4_C06_M01,ControlCommand,63,0.1794871794871795,CANONICAL_INPUT_ID_NOT_PROVEN_ADMISSION_ORDER,M_ROR
CELF,FULLY_SCHEDULED,CMD_PLC_C06_M02_A1_C06_M02,ControlCommand,64,0.18233618233618235,CANONICAL_INPUT_ID_NOT_PROVEN_ADMISSION_ORDER,M_ROR
CELF,ZERO_SCHEDULED,CMD_PLC_C06_M02_A2_C06_M02,ControlCommand,65,0.18518518518518517,CANONICAL_INPUT_ID_NOT_PROVEN_ADMISSION_ORDER,M_ROR
CELF,FULLY_SCHEDULED,CMD_PLC_C06_M02_A3_C06_M02,ControlCommand,66,0.18803418803418803,CANONICAL_INPUT_ID_NOT_PROVEN_ADMISSION_ORDER,M_ROR
CELF,ZERO_SCHEDULED,CMD_PLC_C06_M02_A4_C06_M02,ControlCommand,67,0.1908831908831909,CANONICAL_INPUT_ID_NOT_PROVEN_ADMISSION_ORDER,M_ROR
CELF,FULLY_SCHEDULED,CMD_PLC_C06_M03_A1_C06_M03,ControlCommand,68,0.19373219373219372,CANONICAL_INPUT_ID_NOT_PROVEN_ADMISSION_ORDER,M_ROR
CELF,FULLY_SCHEDULED,CMD_PLC_C06_M03_A2_C06_M03,ControlCommand,69,0.19658119658119658,CANONICAL_INPUT_ID_NOT_PROVEN_ADMISSION_ORDER,M_ROR
CELF,FULLY_SCHEDULED,CMD_PLC_C06_M03_A3_C06_M03,ControlCommand,70,0.19943019943019943,CANONICAL_INPUT_ID_NOT_PROVEN_ADMISSION_ORDER,M_ROR
CELF,FULLY_SCHEDULED,CMD_PLC_C06_M03_A4_C06_M03,ControlCommand,71,0.2022792022792023,CANONICAL_INPUT_ID_NOT_PROVEN_ADMISSION_ORDER,M_ROR
CELF,FULLY_SCHEDULED,CMD_PLC_C07_M01_A1_C07_M01,ControlCommand,72,0.20512820512820512,CANONICAL_INPUT_ID_NOT_PROVEN_ADMISSION_ORDER,M_ROR
CELF,FULLY_SCHEDULED,CMD_PLC_C07_M01_A2_C07_M01,ControlCommand,73,0.20797720797720798,CANONICAL_INPUT_ID_NOT_PROVEN_ADMISSION_ORDER,M_ROR
CELF,FULLY_SCHEDULED,CMD_PLC_C07_M01_A3_C07_M01,ControlCommand,74,0.21082621082621084,CANONICAL_INPUT_ID_NOT_PROVEN_ADMISSION_ORDER,M_ROR
CELF,FULLY_SCHEDULED,CMD_PLC_C07_M01_A4_C07_M01,ControlCommand,75,0.21367521367521367,CANONICAL_INPUT_ID_NOT_PROVEN_ADMISSION_ORDER,M_ROR
CELF,FULLY_SCHEDULED,CMD_PLC_C07_M02_A1_C07_M02,ControlCommand,76,0.21652421652421652,CANONICAL_INPUT_ID_NOT_PROVEN_ADMISSION_ORDER,M_ROR
CELF,FULLY_SCHEDULED,CMD_PLC_C07_M02_A2_C07_M02,ControlCommand,77,0.21937321937321938,CANONICAL_INPUT_ID_NOT_PROVEN_ADMISSION_ORDER,M_ROR
CELF,FULLY_SCHEDULED,CMD_PLC_C07_M02_A3_C07_M02,ControlCommand,78,0.2222222222222222,CANONICAL_INPUT_ID_NOT_PROVEN_ADMISSION_ORDER,M_ROR
CELF,FULLY_SCHEDULED,CMD_PLC_C07_M02_A4_C07_M02,ControlCommand,79,0.22507122507122507,CANONICAL_INPUT_ID_NOT_PROVEN_ADMISSION_ORDER,M_ROR
CELF,FULLY_SCHEDULED,CMD_PLC_C07_M03_A1_C07_M03,ControlCommand,80,0.22792022792022792,CANONICAL_INPUT_ID_NOT_PROVEN_ADMISSION_ORDER,M_ROR
CELF,FULLY_SCHEDULED,CMD_PLC_C07_M03_A2_C07_M03,ControlCommand,81,0.23076923076923078,CANONICAL_INPUT_ID_NOT_PROVEN_ADMISSION_ORDER,M_ROR
CELF,FULLY_SCHEDULED,CMD_PLC_C07_M03_A3_C07_M03,ControlCommand,82,0.2336182336182336,CANONICAL_INPUT_ID_NOT_PROVEN_ADMISSION_ORDER,M_ROR
CELF,FULLY_SCHEDULED,CMD_PLC_C07_M03_A4_C07_M03,ControlCommand,83,0.23646723646723647,CANONICAL_INPUT_ID_NOT_PROVEN_ADMISSION_ORDER,M_ROR
CELF,FULLY_SCHEDULED,CMD_PLC_C08_M01_A1_C08_M01,ControlCommand,84,0.23931623931623933,CANONICAL_INPUT_ID_NOT_PROVEN_ADMISSION_ORDER,M_ROR
CELF,FULLY_SCHEDULED,CMD_PLC_C08_M01_A2_C08_M01,ControlCommand,85,0.24216524216524216,CANONICAL_INPUT_ID_NOT_PROVEN_ADMISSION_ORDER,M_ROR
CELF,FULLY_SCHEDULED,CMD_PLC_C08_M01_A3_C08_M01,ControlCommand,86,0.245014245014245,CANONICAL_INPUT_ID_NOT_PROVEN_ADMISSION_ORDER,M_ROR
CELF,FULLY_SCHEDULED,CMD_PLC_C08_M01_A4_C08_M01,ControlCommand,87,0.24786324786324787,CANONICAL_INPUT_ID_NOT_PROVEN_ADMISSION_ORDER,M_ROR
CELF,FULLY_SCHEDULED,CMD_PLC_C08_M02_A1_C08_M02,ControlCommand,88,0.25071225071225073,CANONICAL_INPUT_ID_NOT_PROVEN_ADMISSION_ORDER,M_ROR
CELF,FULLY_SCHEDULED,CMD_PLC_C08_M02_A2_C08_M02,ControlCommand,89,0.2535612535612536,CANONICAL_INPUT_ID_NOT_PROVEN_ADMISSION_ORDER,M_ROR
CELF,FULLY_SCHEDULED,CMD_PLC_C08_M02_A3_C08_M02,ControlCommand,90,0.2564102564102564,CANONICAL_INPUT_ID_NOT_PROVEN_ADMISSION_ORDER,M_ROR
CELF,FULLY_SCHEDULED,CMD_PLC_C08_M02_A4_C08_M02,ControlCommand,91,0.25925925925925924,CANONICAL_INPUT_ID_NOT_PROVEN_ADMISSION_ORDER,M_ROR
CELF,FULLY_SCHEDULED,CMD_PLC_C08_M03_A1_C08_M03,ControlCommand,92,0.2621082621082621,CANONICAL_INPUT_ID_NOT_PROVEN_ADMISSION_ORDER,M_ROR
CELF,FULLY_SCHEDULED,CMD_PLC_C08_M03_A2_C08_M03,ControlCommand,93,0.26495726495726496,CANONICAL_INPUT_ID_NOT_PROVEN_ADMISSION_ORDER,M_ROR
CELF,FULLY_SCHEDULED,CMD_PLC_C08_M03_A3_C08_M03,ControlCommand,94,0.2678062678062678,CANONICAL_INPUT_ID_NOT_PROVEN_ADMISSION_ORDER,M_ROR
CELF,FULLY_SCHEDULED,CMD_PLC_C08_M03_A4_C08_M03,ControlCommand,95,0.2706552706552707,CANONICAL_INPUT_ID_NOT_PROVEN_ADMISSION_ORDER,M_ROR
CELF,FULLY_SCHEDULED,COORD_CC_C01_PLC_C01_M01,MachineCoordination,96,0.27350427350427353,CANONICAL_INPUT_ID_NOT_PROVEN_ADMISSION_ORDER,M_ROR
CELF,FULLY_SCHEDULED,COORD_CC_C01_PLC_C01_M02,MachineCoordination,97,0.27635327635327633,CANONICAL_INPUT_ID_NOT_PROVEN_ADMISSION_ORDER,M_ROR
CELF,FULLY_SCHEDULED,COORD_CC_C01_PLC_C01_M03,MachineCoordination,98,0.2792022792022792,CANONICAL_INPUT_ID_NOT_PROVEN_ADMISSION_ORDER,M_ROR
CELF,FULLY_SCHEDULED,COORD_CC_C02_PLC_C02_M01,MachineCoordination,99,0.28205128205128205,CANONICAL_INPUT_ID_NOT_PROVEN_ADMISSION_ORDER,M_ROR
CELF,FULLY_SCHEDULED,COORD_CC_C02_PLC_C02_M02,MachineCoordination,100,0.2849002849002849,CANONICAL_INPUT_ID_NOT_PROVEN_ADMISSION_ORDER,M_ROR
CELF,FULLY_SCHEDULED,COORD_CC_C02_PLC_C02_M03,MachineCoordination,101,0.28774928774928776,CANONICAL_INPUT_ID_NOT_PROVEN_ADMISSION_ORDER,M_ROR
CELF,ZERO_SCHEDULED,COORD_CC_C03_PLC_C03_M01,MachineCoordination,102,0.2905982905982906,CANONICAL_INPUT_ID_NOT_PROVEN_ADMISSION_ORDER,M_ROR
CELF,FULLY_SCHEDULED,COORD_CC_C03_PLC_C03_M02,MachineCoordination,103,0.2934472934472934,CANONICAL_INPUT_ID_NOT_PROVEN_ADMISSION_ORDER,M_ROR
CELF,FULLY_SCHEDULED,COORD_CC_C03_PLC_C03_M03,MachineCoordination,104,0.2962962962962963,CANONICAL_INPUT_ID_NOT_PROVEN_ADMISSION_ORDER,M_ROR
CELF,FULLY_SCHEDULED,COORD_CC_C04_PLC_C04_M01,MachineCoordination,105,0.29914529914529914,CANONICAL_INPUT_ID_NOT_PROVEN_ADMISSION_ORDER,M_ROR
CELF,FULLY_SCHEDULED,COORD_CC_C04_PLC_C04_M02,MachineCoordination,106,0.301994301994302,CANONICAL_INPUT_ID_NOT_PROVEN_ADMISSION_ORDER,M_ROR
CELF,FULLY_SCHEDULED,COORD_CC_C04_PLC_C04_M03,MachineCoordination,107,0.30484330484330485,CANONICAL_INPUT_ID_NOT_PROVEN_ADMISSION_ORDER,M_ROR
CELF,FULLY_SCHEDULED,COORD_CC_C05_PLC_C05_M01,MachineCoordination,108,0.3076923076923077,CANONICAL_INPUT_ID_NOT_PROVEN_ADMISSION_ORDER,M_ROR
CELF,ZERO_SCHEDULED,COORD_CC_C05_PLC_C05_M02,MachineCoordination,109,0.31054131054131057,CANONICAL_INPUT_ID_NOT_PROVEN_ADMISSION_ORDER,M_ROR
CELF,FULLY_SCHEDULED,COORD_CC_C05_PLC_C05_M03,MachineCoordination,110,0.31339031339031337,CANONICAL_INPUT_ID_NOT_PROVEN_ADMISSION_ORDER,M_ROR
CELF,FULLY_SCHEDULED,COORD_CC_C06_PLC_C06_M01,MachineCoordination,111,0.3162393162393162,CANONICAL_INPUT_ID_NOT_PROVEN_ADMISSION_ORDER,M_ROR
CELF,FULLY_SCHEDULED,COORD_CC_C06_PLC_C06_M02,MachineCoordination,112,0.3190883190883191,CANONICAL_INPUT_ID_NOT_PROVEN_ADMISSION_ORDER,M_ROR
CELF,FULLY_SCHEDULED,COORD_CC_C06_PLC_C06_M03,MachineCoordination,113,0.32193732193732194,CANONICAL_INPUT_ID_NOT_PROVEN_ADMISSION_ORDER,M_ROR
CELF,FULLY_SCHEDULED,COORD_CC_C07_PLC_C07_M01,MachineCoordination,114,0.3247863247863248,CANONICAL_INPUT_ID_NOT_PROVEN_ADMISSION_ORDER,M_ROR
CELF,FULLY_SCHEDULED,COORD_CC_C07_PLC_C07_M02,MachineCoordination,115,0.32763532763532766,CANONICAL_INPUT_ID_NOT_PROVEN_ADMISSION_ORDER,M_ROR
CELF,FULLY_SCHEDULED,COORD_CC_C07_PLC_C07_M03,MachineCoordination,116,0.33048433048433046,CANONICAL_INPUT_ID_NOT_PROVEN_ADMISSION_ORDER,M_ROR
CELF,FULLY_SCHEDULED,COORD_CC_C08_PLC_C08_M01,MachineCoordination,117,0.3333333333333333,CANONICAL_INPUT_ID_NOT_PROVEN_ADMISSION_ORDER,M_ROR
CELF,FULLY_SCHEDULED,COORD_CC_C08_PLC_C08_M02,MachineCoordination,118,0.33618233618233617,CANONICAL_INPUT_ID_NOT_PROVEN_ADMISSION_ORDER,M_ROR
CELF,FULLY_SCHEDULED,COORD_CC_C08_PLC_C08_M03,MachineCoordination,119,0.33903133903133903,CANONICAL_INPUT_ID_NOT_PROVEN_ADMISSION_ORDER,M_ROR
CELF,FULLY_SCHEDULED,IC_NEXT_CC_C01,InterCellNext,120,0.3418803418803419,CANONICAL_INPUT_ID_NOT_PROVEN_ADMISSION_ORDER,M_ROR
CELF,FULLY_SCHEDULED,IC_NEXT_CC_C02,InterCellNext,121,0.34472934472934474,CANONICAL_INPUT_ID_NOT_PROVEN_ADMISSION_ORDER,M_ROR
CELF,FULLY_SCHEDULED,IC_NEXT_CC_C03,InterCellNext,122,0.3475783475783476,CANONICAL_INPUT_ID_NOT_PROVEN_ADMISSION_ORDER,M_ROR
CELF,FULLY_SCHEDULED,IC_NEXT_CC_C04,InterCellNext,123,0.3504273504273504,CANONICAL_INPUT_ID_NOT_PROVEN_ADMISSION_ORDER,M_ROR
CELF,FULLY_SCHEDULED,IC_NEXT_CC_C05,InterCellNext,124,0.35327635327635326,CANONICAL_INPUT_ID_NOT_PROVEN_ADMISSION_ORDER,M_ROR
CELF,FULLY_SCHEDULED,IC_NEXT_CC_C06,InterCellNext,125,0.3561253561253561,CANONICAL_INPUT_ID_NOT_PROVEN_ADMISSION_ORDER,M_ROR
CELF,FULLY_SCHEDULED,IC_NEXT_CC_C07,InterCellNext,126,0.358974358974359,CANONICAL_INPUT_ID_NOT_PROVEN_ADMISSION_ORDER,M_ROR
CELF,FULLY_SCHEDULED,IC_NEXT_CC_C08,InterCellNext,127,0.36182336182336183,CANONICAL_INPUT_ID_NOT_PROVEN_ADMISSION_ORDER,M_ROR
CELF,FULLY_SCHEDULED,IC_PREV_CC_C01,InterCellPrevious,128,0.3646723646723647,CANONICAL_INPUT_ID_NOT_PROVEN_ADMISSION_ORDER,M_ROR
CELF,FULLY_SCHEDULED,IC_PREV_CC_C02,InterCellPrevious,129,0.36752136752136755,CANONICAL_INPUT_ID_NOT_PROVEN_ADMISSION_ORDER,M_ROR
CELF,FULLY_SCHEDULED,IC_PREV_CC_C03,InterCellPrevious,130,0.37037037037037035,CANONICAL_INPUT_ID_NOT_PROVEN_ADMISSION_ORDER,M_ROR
CELF,FULLY_SCHEDULED,IC_PREV_CC_C04,InterCellPrevious,131,0.3732193732193732,CANONICAL_INPUT_ID_NOT_PROVEN_ADMISSION_ORDER,M_ROR
CELF,FULLY_SCHEDULED,IC_PREV_CC_C05,InterCellPrevious,132,0.37606837606837606,CANONICAL_INPUT_ID_NOT_PROVEN_ADMISSION_ORDER,M_ROR
CELF,FULLY_SCHEDULED,IC_PREV_CC_C06,InterCellPrevious,133,0.3789173789173789,CANONICAL_INPUT_ID_NOT_PROVEN_ADMISSION_ORDER,M_ROR
CELF,FULLY_SCHEDULED,IC_PREV_CC_C07,InterCellPrevious,134,0.3817663817663818,CANONICAL_INPUT_ID_NOT_PROVEN_ADMISSION_ORDER,M_ROR
CELF,FULLY_SCHEDULED,IC_PREV_CC_C08,InterCellPrevious,135,0.38461538461538464,CANONICAL_INPUT_ID_NOT_PROVEN_ADMISSION_ORDER,M_ROR
CELF,FULLY_SCHEDULED,SC_S1_C01_M01,SensorCyclic,136,0.38746438746438744,CANONICAL_INPUT_ID_NOT_PROVEN_ADMISSION_ORDER,M_ROR
CELF,FULLY_SCHEDULED,SC_S1_C01_M02,SensorCyclic,137,0.3903133903133903,CANONICAL_INPUT_ID_NOT_PROVEN_ADMISSION_ORDER,M_ROR
CELF,FULLY_SCHEDULED,SC_S1_C01_M03,SensorCyclic,138,0.39316239316239315,CANONICAL_INPUT_ID_NOT_PROVEN_ADMISSION_ORDER,M_ROR
CELF,FULLY_SCHEDULED,SC_S1_C02_M01,SensorCyclic,139,0.396011396011396,CANONICAL_INPUT_ID_NOT_PROVEN_ADMISSION_ORDER,M_ROR
CELF,FULLY_SCHEDULED,SC_S1_C02_M02,SensorCyclic,140,0.39886039886039887,CANONICAL_INPUT_ID_NOT_PROVEN_ADMISSION_ORDER,M_ROR
CELF,FULLY_SCHEDULED,SC_S1_C02_M03,SensorCyclic,141,0.4017094017094017,CANONICAL_INPUT_ID_NOT_PROVEN_ADMISSION_ORDER,M_ROR
CELF,FULLY_SCHEDULED,SC_S1_C03_M01,SensorCyclic,142,0.4045584045584046,CANONICAL_INPUT_ID_NOT_PROVEN_ADMISSION_ORDER,M_ROR
CELF,FULLY_SCHEDULED,SC_S1_C03_M02,SensorCyclic,143,0.4074074074074074,CANONICAL_INPUT_ID_NOT_PROVEN_ADMISSION_ORDER,M_ROR
CELF,FULLY_SCHEDULED,SC_S1_C03_M03,SensorCyclic,144,0.41025641025641024,CANONICAL_INPUT_ID_NOT_PROVEN_ADMISSION_ORDER,M_ROR
CELF,FULLY_SCHEDULED,SC_S1_C04_M01,SensorCyclic,145,0.4131054131054131,CANONICAL_INPUT_ID_NOT_PROVEN_ADMISSION_ORDER,M_ROR
CELF,FULLY_SCHEDULED,SC_S1_C04_M02,SensorCyclic,146,0.41595441595441596,CANONICAL_INPUT_ID_NOT_PROVEN_ADMISSION_ORDER,M_ROR
CELF,FULLY_SCHEDULED,SC_S1_C04_M03,SensorCyclic,147,0.4188034188034188,CANONICAL_INPUT_ID_NOT_PROVEN_ADMISSION_ORDER,M_ROR
CELF,FULLY_SCHEDULED,SC_S1_C05_M01,SensorCyclic,148,0.42165242165242167,CANONICAL_INPUT_ID_NOT_PROVEN_ADMISSION_ORDER,M_ROR
CELF,FULLY_SCHEDULED,SC_S1_C05_M02,SensorCyclic,149,0.42450142450142453,CANONICAL_INPUT_ID_NOT_PROVEN_ADMISSION_ORDER,M_ROR
CELF,FULLY_SCHEDULED,SC_S1_C05_M03,SensorCyclic,150,0.42735042735042733,CANONICAL_INPUT_ID_NOT_PROVEN_ADMISSION_ORDER,M_ROR
CELF,FULLY_SCHEDULED,SC_S1_C06_M01,SensorCyclic,151,0.4301994301994302,CANONICAL_INPUT_ID_NOT_PROVEN_ADMISSION_ORDER,M_ROR
CELF,FULLY_SCHEDULED,SC_S1_C06_M02,SensorCyclic,152,0.43304843304843305,CANONICAL_INPUT_ID_NOT_PROVEN_ADMISSION_ORDER,M_ROR
CELF,FULLY_SCHEDULED,SC_S1_C06_M03,SensorCyclic,153,0.4358974358974359,CANONICAL_INPUT_ID_NOT_PROVEN_ADMISSION_ORDER,M_ROR
CELF,FULLY_SCHEDULED,SC_S1_C07_M01,SensorCyclic,154,0.43874643874643876,CANONICAL_INPUT_ID_NOT_PROVEN_ADMISSION_ORDER,M_ROR
CELF,FULLY_SCHEDULED,SC_S1_C07_M02,SensorCyclic,155,0.4415954415954416,CANONICAL_INPUT_ID_NOT_PROVEN_ADMISSION_ORDER,M_ROR
CELF,FULLY_SCHEDULED,SC_S1_C07_M03,SensorCyclic,156,0.4444444444444444,CANONICAL_INPUT_ID_NOT_PROVEN_ADMISSION_ORDER,M_ROR
CELF,FULLY_SCHEDULED,SC_S1_C08_M01,SensorCyclic,157,0.4472934472934473,CANONICAL_INPUT_ID_NOT_PROVEN_ADMISSION_ORDER,M_ROR
CELF,FULLY_SCHEDULED,SC_S1_C08_M02,SensorCyclic,158,0.45014245014245013,CANONICAL_INPUT_ID_NOT_PROVEN_ADMISSION_ORDER,M_ROR
CELF,FULLY_SCHEDULED,SC_S1_C08_M03,SensorCyclic,159,0.452991452991453,CANONICAL_INPUT_ID_NOT_PROVEN_ADMISSION_ORDER,M_ROR
CELF,FULLY_SCHEDULED,SC_S2_C01_M01,SensorCyclic,160,0.45584045584045585,CANONICAL_INPUT_ID_NOT_PROVEN_ADMISSION_ORDER,M_ROR
CELF,FULLY_SCHEDULED,SC_S2_C01_M02,SensorCyclic,161,0.4586894586894587,CANONICAL_INPUT_ID_NOT_PROVEN_ADMISSION_ORDER,M_ROR
CELF,FULLY_SCHEDULED,SC_S2_C01_M03,SensorCyclic,162,0.46153846153846156,CANONICAL_INPUT_ID_NOT_PROVEN_ADMISSION_ORDER,M_ROR
CELF,FULLY_SCHEDULED,SC_S2_C02_M01,SensorCyclic,163,0.46438746438746437,CANONICAL_INPUT_ID_NOT_PROVEN_ADMISSION_ORDER,M_ROR
CELF,FULLY_SCHEDULED,SC_S2_C02_M02,SensorCyclic,164,0.4672364672364672,CANONICAL_INPUT_ID_NOT_PROVEN_ADMISSION_ORDER,M_ROR
CELF,FULLY_SCHEDULED,SC_S2_C02_M03,SensorCyclic,165,0.4700854700854701,CANONICAL_INPUT_ID_NOT_PROVEN_ADMISSION_ORDER,M_ROR
CELF,FULLY_SCHEDULED,SC_S2_C03_M01,SensorCyclic,166,0.47293447293447294,CANONICAL_INPUT_ID_NOT_PROVEN_ADMISSION_ORDER,M_ROR
CELF,FULLY_SCHEDULED,SC_S2_C03_M02,SensorCyclic,167,0.4757834757834758,CANONICAL_INPUT_ID_NOT_PROVEN_ADMISSION_ORDER,M_ROR
CELF,FULLY_SCHEDULED,SC_S2_C03_M03,SensorCyclic,168,0.47863247863247865,CANONICAL_INPUT_ID_NOT_PROVEN_ADMISSION_ORDER,M_ROR
CELF,FULLY_SCHEDULED,SC_S2_C04_M01,SensorCyclic,169,0.48148148148148145,CANONICAL_INPUT_ID_NOT_PROVEN_ADMISSION_ORDER,M_ROR
CELF,FULLY_SCHEDULED,SC_S2_C04_M02,SensorCyclic,170,0.4843304843304843,CANONICAL_INPUT_ID_NOT_PROVEN_ADMISSION_ORDER,M_ROR
CELF,FULLY_SCHEDULED,SC_S2_C04_M03,SensorCyclic,171,0.48717948717948717,CANONICAL_INPUT_ID_NOT_PROVEN_ADMISSION_ORDER,M_ROR
CELF,FULLY_SCHEDULED,SC_S2_C05_M01,SensorCyclic,172,0.49002849002849,CANONICAL_INPUT_ID_NOT_PROVEN_ADMISSION_ORDER,M_ROR
CELF,FULLY_SCHEDULED,SC_S2_C05_M02,SensorCyclic,173,0.4928774928774929,CANONICAL_INPUT_ID_NOT_PROVEN_ADMISSION_ORDER,M_ROR
CELF,FULLY_SCHEDULED,SC_S2_C05_M03,SensorCyclic,174,0.49572649572649574,CANONICAL_INPUT_ID_NOT_PROVEN_ADMISSION_ORDER,M_ROR
CELF,FULLY_SCHEDULED,SC_S2_C06_M01,SensorCyclic,175,0.4985754985754986,CANONICAL_INPUT_ID_NOT_PROVEN_ADMISSION_ORDER,M_ROR
CELF,FULLY_SCHEDULED,SC_S2_C06_M02,SensorCyclic,176,0.5014245014245015,CANONICAL_INPUT_ID_NOT_PROVEN_ADMISSION_ORDER,M_ROR
CELF,FULLY_SCHEDULED,SC_S2_C06_M03,SensorCyclic,177,0.5042735042735043,CANONICAL_INPUT_ID_NOT_PROVEN_ADMISSION_ORDER,M_ROR
CELF,FULLY_SCHEDULED,SC_S2_C07_M01,SensorCyclic,178,0.5071225071225072,CANONICAL_INPUT_ID_NOT_PROVEN_ADMISSION_ORDER,M_ROR
CELF,FULLY_SCHEDULED,SC_S2_C07_M02,SensorCyclic,179,0.50997150997151,CANONICAL_INPUT_ID_NOT_PROVEN_ADMISSION_ORDER,M_ROR
CELF,FULLY_SCHEDULED,SC_S2_C07_M03,SensorCyclic,180,0.5128205128205128,CANONICAL_INPUT_ID_NOT_PROVEN_ADMISSION_ORDER,M_ROR
CELF,FULLY_SCHEDULED,SC_S2_C08_M01,SensorCyclic,181,0.5156695156695157,CANONICAL_INPUT_ID_NOT_PROVEN_ADMISSION_ORDER,M_ROR
CELF,FULLY_SCHEDULED,SC_S2_C08_M02,SensorCyclic,182,0.5185185185185185,CANONICAL_INPUT_ID_NOT_PROVEN_ADMISSION_ORDER,M_ROR
CELF,FULLY_SCHEDULED,SC_S2_C08_M03,SensorCyclic,183,0.5213675213675214,CANONICAL_INPUT_ID_NOT_PROVEN_ADMISSION_ORDER,M_ROR
CELF,FULLY_SCHEDULED,SC_S3_C01_M01,SensorCyclic,184,0.5242165242165242,CANONICAL_INPUT_ID_NOT_PROVEN_ADMISSION_ORDER,M_ROR
CELF,FULLY_SCHEDULED,SC_S3_C01_M02,SensorCyclic,185,0.5270655270655271,CANONICAL_INPUT_ID_NOT_PROVEN_ADMISSION_ORDER,M_ROR
CELF,FULLY_SCHEDULED,SC_S3_C01_M03,SensorCyclic,186,0.5299145299145299,CANONICAL_INPUT_ID_NOT_PROVEN_ADMISSION_ORDER,M_ROR
CELF,FULLY_SCHEDULED,SC_S3_C02_M01,SensorCyclic,187,0.5327635327635327,CANONICAL_INPUT_ID_NOT_PROVEN_ADMISSION_ORDER,M_ROR
CELF,FULLY_SCHEDULED,SC_S3_C02_M02,SensorCyclic,188,0.5356125356125356,CANONICAL_INPUT_ID_NOT_PROVEN_ADMISSION_ORDER,M_ROR
CELF,FULLY_SCHEDULED,SC_S3_C02_M03,SensorCyclic,189,0.5384615384615384,CANONICAL_INPUT_ID_NOT_PROVEN_ADMISSION_ORDER,M_ROR
CELF,FULLY_SCHEDULED,SC_S3_C03_M01,SensorCyclic,190,0.5413105413105413,CANONICAL_INPUT_ID_NOT_PROVEN_ADMISSION_ORDER,M_ROR
CELF,FULLY_SCHEDULED,SC_S3_C03_M02,SensorCyclic,191,0.5441595441595442,CANONICAL_INPUT_ID_NOT_PROVEN_ADMISSION_ORDER,M_ROR
CELF,FULLY_SCHEDULED,SC_S3_C03_M03,SensorCyclic,192,0.5470085470085471,CANONICAL_INPUT_ID_NOT_PROVEN_ADMISSION_ORDER,M_ROR
CELF,FULLY_SCHEDULED,SC_S3_C04_M01,SensorCyclic,193,0.5498575498575499,CANONICAL_INPUT_ID_NOT_PROVEN_ADMISSION_ORDER,M_ROR
CELF,FULLY_SCHEDULED,SC_S3_C04_M02,SensorCyclic,194,0.5527065527065527,CANONICAL_INPUT_ID_NOT_PROVEN_ADMISSION_ORDER,M_ROR
CELF,FULLY_SCHEDULED,SC_S3_C04_M03,SensorCyclic,195,0.5555555555555556,CANONICAL_INPUT_ID_NOT_PROVEN_ADMISSION_ORDER,M_ROR
CELF,FULLY_SCHEDULED,SC_S3_C05_M01,SensorCyclic,196,0.5584045584045584,CANONICAL_INPUT_ID_NOT_PROVEN_ADMISSION_ORDER,M_ROR
CELF,FULLY_SCHEDULED,SC_S3_C05_M02,SensorCyclic,197,0.5612535612535613,CANONICAL_INPUT_ID_NOT_PROVEN_ADMISSION_ORDER,M_ROR
CELF,FULLY_SCHEDULED,SC_S3_C05_M03,SensorCyclic,198,0.5641025641025641,CANONICAL_INPUT_ID_NOT_PROVEN_ADMISSION_ORDER,M_ROR
CELF,FULLY_SCHEDULED,SC_S3_C06_M01,SensorCyclic,199,0.5669515669515669,CANONICAL_INPUT_ID_NOT_PROVEN_ADMISSION_ORDER,M_ROR
CELF,FULLY_SCHEDULED,SC_S3_C06_M02,SensorCyclic,200,0.5698005698005698,CANONICAL_INPUT_ID_NOT_PROVEN_ADMISSION_ORDER,M_ROR
CELF,FULLY_SCHEDULED,SC_S3_C06_M03,SensorCyclic,201,0.5726495726495726,CANONICAL_INPUT_ID_NOT_PROVEN_ADMISSION_ORDER,M_ROR
CELF,FULLY_SCHEDULED,SC_S3_C07_M01,SensorCyclic,202,0.5754985754985755,CANONICAL_INPUT_ID_NOT_PROVEN_ADMISSION_ORDER,M_ROR
CELF,FULLY_SCHEDULED,SC_S3_C07_M02,SensorCyclic,203,0.5783475783475783,CANONICAL_INPUT_ID_NOT_PROVEN_ADMISSION_ORDER,M_ROR
CELF,FULLY_SCHEDULED,SC_S3_C07_M03,SensorCyclic,204,0.5811965811965812,CANONICAL_INPUT_ID_NOT_PROVEN_ADMISSION_ORDER,M_ROR
CELF,FULLY_SCHEDULED,SC_S3_C08_M01,SensorCyclic,205,0.584045584045584,CANONICAL_INPUT_ID_NOT_PROVEN_ADMISSION_ORDER,M_ROR
CELF,FULLY_SCHEDULED,SC_S3_C08_M02,SensorCyclic,206,0.5868945868945868,CANONICAL_INPUT_ID_NOT_PROVEN_ADMISSION_ORDER,M_ROR
CELF,FULLY_SCHEDULED,SC_S3_C08_M03,SensorCyclic,207,0.5897435897435898,CANONICAL_INPUT_ID_NOT_PROVEN_ADMISSION_ORDER,M_ROR
CELF,FULLY_SCHEDULED,SC_S4_C01_M01,SensorCyclic,208,0.5925925925925926,CANONICAL_INPUT_ID_NOT_PROVEN_ADMISSION_ORDER,M_ROR
CELF,FULLY_SCHEDULED,SC_S4_C01_M02,SensorCyclic,209,0.5954415954415955,CANONICAL_INPUT_ID_NOT_PROVEN_ADMISSION_ORDER,M_ROR
CELF,FULLY_SCHEDULED,SC_S4_C01_M03,SensorCyclic,210,0.5982905982905983,CANONICAL_INPUT_ID_NOT_PROVEN_ADMISSION_ORDER,M_ROR
CELF,FULLY_SCHEDULED,SC_S4_C02_M01,SensorCyclic,211,0.6011396011396012,CANONICAL_INPUT_ID_NOT_PROVEN_ADMISSION_ORDER,M_ROR
CELF,FULLY_SCHEDULED,SC_S4_C02_M02,SensorCyclic,212,0.603988603988604,CANONICAL_INPUT_ID_NOT_PROVEN_ADMISSION_ORDER,M_ROR
CELF,FULLY_SCHEDULED,SC_S4_C02_M03,SensorCyclic,213,0.6068376068376068,CANONICAL_INPUT_ID_NOT_PROVEN_ADMISSION_ORDER,M_ROR
CELF,FULLY_SCHEDULED,SC_S4_C03_M01,SensorCyclic,214,0.6096866096866097,CANONICAL_INPUT_ID_NOT_PROVEN_ADMISSION_ORDER,M_ROR
CELF,FULLY_SCHEDULED,SC_S4_C03_M02,SensorCyclic,215,0.6125356125356125,CANONICAL_INPUT_ID_NOT_PROVEN_ADMISSION_ORDER,M_ROR
CELF,FULLY_SCHEDULED,SC_S4_C03_M03,SensorCyclic,216,0.6153846153846154,CANONICAL_INPUT_ID_NOT_PROVEN_ADMISSION_ORDER,M_ROR
CELF,FULLY_SCHEDULED,SC_S4_C04_M01,SensorCyclic,217,0.6182336182336182,CANONICAL_INPUT_ID_NOT_PROVEN_ADMISSION_ORDER,M_ROR
CELF,FULLY_SCHEDULED,SC_S4_C04_M02,SensorCyclic,218,0.6210826210826211,CANONICAL_INPUT_ID_NOT_PROVEN_ADMISSION_ORDER,M_ROR
CELF,FULLY_SCHEDULED,SC_S4_C04_M03,SensorCyclic,219,0.6239316239316239,CANONICAL_INPUT_ID_NOT_PROVEN_ADMISSION_ORDER,M_ROR
CELF,FULLY_SCHEDULED,SC_S4_C05_M01,SensorCyclic,220,0.6267806267806267,CANONICAL_INPUT_ID_NOT_PROVEN_ADMISSION_ORDER,M_ROR
CELF,FULLY_SCHEDULED,SC_S4_C05_M02,SensorCyclic,221,0.6296296296296297,CANONICAL_INPUT_ID_NOT_PROVEN_ADMISSION_ORDER,M_ROR
CELF,FULLY_SCHEDULED,SC_S4_C05_M03,SensorCyclic,222,0.6324786324786325,CANONICAL_INPUT_ID_NOT_PROVEN_ADMISSION_ORDER,M_ROR
CELF,FULLY_SCHEDULED,SC_S4_C06_M01,SensorCyclic,223,0.6353276353276354,CANONICAL_INPUT_ID_NOT_PROVEN_ADMISSION_ORDER,M_ROR
CELF,FULLY_SCHEDULED,SC_S4_C06_M02,SensorCyclic,224,0.6381766381766382,CANONICAL_INPUT_ID_NOT_PROVEN_ADMISSION_ORDER,M_ROR
CELF,FULLY_SCHEDULED,SC_S4_C06_M03,SensorCyclic,225,0.6410256410256411,CANONICAL_INPUT_ID_NOT_PROVEN_ADMISSION_ORDER,M_ROR
CELF,FULLY_SCHEDULED,SC_S4_C07_M01,SensorCyclic,226,0.6438746438746439,CANONICAL_INPUT_ID_NOT_PROVEN_ADMISSION_ORDER,M_ROR
CELF,FULLY_SCHEDULED,SC_S4_C07_M02,SensorCyclic,227,0.6467236467236467,CANONICAL_INPUT_ID_NOT_PROVEN_ADMISSION_ORDER,M_ROR
CELF,FULLY_SCHEDULED,SC_S4_C07_M03,SensorCyclic,228,0.6495726495726496,CANONICAL_INPUT_ID_NOT_PROVEN_ADMISSION_ORDER,M_ROR
CELF,FULLY_SCHEDULED,SC_S4_C08_M01,SensorCyclic,229,0.6524216524216524,CANONICAL_INPUT_ID_NOT_PROVEN_ADMISSION_ORDER,M_ROR
CELF,FULLY_SCHEDULED,SC_S4_C08_M02,SensorCyclic,230,0.6552706552706553,CANONICAL_INPUT_ID_NOT_PROVEN_ADMISSION_ORDER,M_ROR
CELF,FULLY_SCHEDULED,SC_S4_C08_M03,SensorCyclic,231,0.6581196581196581,CANONICAL_INPUT_ID_NOT_PROVEN_ADMISSION_ORDER,M_ROR
CELF,FULLY_SCHEDULED,SF_S1_C01_M01,SensorFast,232,0.6609686609686609,CANONICAL_INPUT_ID_NOT_PROVEN_ADMISSION_ORDER,M_ROR
CELF,FULLY_SCHEDULED,SF_S1_C01_M02,SensorFast,233,0.6638176638176638,CANONICAL_INPUT_ID_NOT_PROVEN_ADMISSION_ORDER,M_ROR
CELF,FULLY_SCHEDULED,SF_S1_C01_M03,SensorFast,234,0.6666666666666666,CANONICAL_INPUT_ID_NOT_PROVEN_ADMISSION_ORDER,M_ROR
CELF,FULLY_SCHEDULED,SF_S1_C02_M01,SensorFast,235,0.6695156695156695,CANONICAL_INPUT_ID_NOT_PROVEN_ADMISSION_ORDER,M_ROR
CELF,FULLY_SCHEDULED,SF_S1_C02_M02,SensorFast,236,0.6723646723646723,CANONICAL_INPUT_ID_NOT_PROVEN_ADMISSION_ORDER,M_ROR
CELF,FULLY_SCHEDULED,SF_S1_C02_M03,SensorFast,237,0.6752136752136753,CANONICAL_INPUT_ID_NOT_PROVEN_ADMISSION_ORDER,M_ROR
CELF,FULLY_SCHEDULED,SF_S1_C03_M01,SensorFast,238,0.6780626780626781,CANONICAL_INPUT_ID_NOT_PROVEN_ADMISSION_ORDER,M_ROR
CELF,FULLY_SCHEDULED,SF_S1_C03_M02,SensorFast,239,0.6809116809116809,CANONICAL_INPUT_ID_NOT_PROVEN_ADMISSION_ORDER,M_ROR
CELF,FULLY_SCHEDULED,SF_S1_C03_M03,SensorFast,240,0.6837606837606838,CANONICAL_INPUT_ID_NOT_PROVEN_ADMISSION_ORDER,M_ROR
CELF,FULLY_SCHEDULED,SF_S1_C04_M01,SensorFast,241,0.6866096866096866,CANONICAL_INPUT_ID_NOT_PROVEN_ADMISSION_ORDER,M_ROR
CELF,FULLY_SCHEDULED,SF_S1_C04_M02,SensorFast,242,0.6894586894586895,CANONICAL_INPUT_ID_NOT_PROVEN_ADMISSION_ORDER,M_ROR
CELF,FULLY_SCHEDULED,SF_S1_C04_M03,SensorFast,243,0.6923076923076923,CANONICAL_INPUT_ID_NOT_PROVEN_ADMISSION_ORDER,M_ROR
CELF,FULLY_SCHEDULED,SF_S1_C05_M01,SensorFast,244,0.6951566951566952,CANONICAL_INPUT_ID_NOT_PROVEN_ADMISSION_ORDER,M_ROR
CELF,FULLY_SCHEDULED,SF_S1_C05_M02,SensorFast,245,0.698005698005698,CANONICAL_INPUT_ID_NOT_PROVEN_ADMISSION_ORDER,M_ROR
CELF,FULLY_SCHEDULED,SF_S1_C05_M03,SensorFast,246,0.7008547008547008,CANONICAL_INPUT_ID_NOT_PROVEN_ADMISSION_ORDER,M_ROR
CELF,FULLY_SCHEDULED,SF_S1_C06_M01,SensorFast,247,0.7037037037037037,CANONICAL_INPUT_ID_NOT_PROVEN_ADMISSION_ORDER,M_ROR
CELF,FULLY_SCHEDULED,SF_S1_C06_M02,SensorFast,248,0.7065527065527065,CANONICAL_INPUT_ID_NOT_PROVEN_ADMISSION_ORDER,M_ROR
CELF,FULLY_SCHEDULED,SF_S1_C06_M03,SensorFast,249,0.7094017094017094,CANONICAL_INPUT_ID_NOT_PROVEN_ADMISSION_ORDER,M_ROR
CELF,FULLY_SCHEDULED,SF_S1_C07_M01,SensorFast,250,0.7122507122507122,CANONICAL_INPUT_ID_NOT_PROVEN_ADMISSION_ORDER,M_ROR
CELF,FULLY_SCHEDULED,SF_S1_C07_M02,SensorFast,251,0.7150997150997151,CANONICAL_INPUT_ID_NOT_PROVEN_ADMISSION_ORDER,M_ROR
CELF,FULLY_SCHEDULED,SF_S1_C07_M03,SensorFast,252,0.717948717948718,CANONICAL_INPUT_ID_NOT_PROVEN_ADMISSION_ORDER,M_ROR
CELF,FULLY_SCHEDULED,SF_S1_C08_M01,SensorFast,253,0.7207977207977208,CANONICAL_INPUT_ID_NOT_PROVEN_ADMISSION_ORDER,M_ROR
CELF,FULLY_SCHEDULED,SF_S1_C08_M02,SensorFast,254,0.7236467236467237,CANONICAL_INPUT_ID_NOT_PROVEN_ADMISSION_ORDER,M_ROR
CELF,FULLY_SCHEDULED,SF_S1_C08_M03,SensorFast,255,0.7264957264957265,CANONICAL_INPUT_ID_NOT_PROVEN_ADMISSION_ORDER,M_ROR
CELF,FULLY_SCHEDULED,SF_S2_C01_M01,SensorFast,256,0.7293447293447294,CANONICAL_INPUT_ID_NOT_PROVEN_ADMISSION_ORDER,M_ROR
CELF,FULLY_SCHEDULED,SF_S2_C01_M02,SensorFast,257,0.7321937321937322,CANONICAL_INPUT_ID_NOT_PROVEN_ADMISSION_ORDER,M_ROR
CELF,FULLY_SCHEDULED,SF_S2_C01_M03,SensorFast,258,0.7350427350427351,CANONICAL_INPUT_ID_NOT_PROVEN_ADMISSION_ORDER,M_ROR
CELF,FULLY_SCHEDULED,SF_S2_C02_M01,SensorFast,259,0.7378917378917379,CANONICAL_INPUT_ID_NOT_PROVEN_ADMISSION_ORDER,M_ROR
CELF,FULLY_SCHEDULED,SF_S2_C02_M02,SensorFast,260,0.7407407407407407,CANONICAL_INPUT_ID_NOT_PROVEN_ADMISSION_ORDER,M_ROR
CELF,FULLY_SCHEDULED,SF_S2_C02_M03,SensorFast,261,0.7435897435897436,CANONICAL_INPUT_ID_NOT_PROVEN_ADMISSION_ORDER,M_ROR
CELF,FULLY_SCHEDULED,SF_S2_C03_M01,SensorFast,262,0.7464387464387464,CANONICAL_INPUT_ID_NOT_PROVEN_ADMISSION_ORDER,M_ROR
CELF,FULLY_SCHEDULED,SF_S2_C03_M02,SensorFast,263,0.7492877492877493,CANONICAL_INPUT_ID_NOT_PROVEN_ADMISSION_ORDER,M_ROR
CELF,FULLY_SCHEDULED,SF_S2_C03_M03,SensorFast,264,0.7521367521367521,CANONICAL_INPUT_ID_NOT_PROVEN_ADMISSION_ORDER,M_ROR
CELF,FULLY_SCHEDULED,SF_S2_C04_M01,SensorFast,265,0.7549857549857549,CANONICAL_INPUT_ID_NOT_PROVEN_ADMISSION_ORDER,M_ROR
CELF,FULLY_SCHEDULED,SF_S2_C04_M02,SensorFast,266,0.7578347578347578,CANONICAL_INPUT_ID_NOT_PROVEN_ADMISSION_ORDER,M_ROR
CELF,FULLY_SCHEDULED,SF_S2_C04_M03,SensorFast,267,0.7606837606837606,CANONICAL_INPUT_ID_NOT_PROVEN_ADMISSION_ORDER,M_ROR
CELF,FULLY_SCHEDULED,SF_S2_C05_M01,SensorFast,268,0.7635327635327636,CANONICAL_INPUT_ID_NOT_PROVEN_ADMISSION_ORDER,M_ROR
CELF,FULLY_SCHEDULED,SF_S2_C05_M02,SensorFast,269,0.7663817663817664,CANONICAL_INPUT_ID_NOT_PROVEN_ADMISSION_ORDER,M_ROR
CELF,FULLY_SCHEDULED,SF_S2_C05_M03,SensorFast,270,0.7692307692307693,CANONICAL_INPUT_ID_NOT_PROVEN_ADMISSION_ORDER,M_ROR
CELF,FULLY_SCHEDULED,SF_S2_C06_M01,SensorFast,271,0.7720797720797721,CANONICAL_INPUT_ID_NOT_PROVEN_ADMISSION_ORDER,M_ROR
CELF,FULLY_SCHEDULED,SF_S2_C06_M02,SensorFast,272,0.7749287749287749,CANONICAL_INPUT_ID_NOT_PROVEN_ADMISSION_ORDER,M_ROR
CELF,FULLY_SCHEDULED,SF_S2_C06_M03,SensorFast,273,0.7777777777777778,CANONICAL_INPUT_ID_NOT_PROVEN_ADMISSION_ORDER,M_ROR
CELF,FULLY_SCHEDULED,SF_S2_C07_M01,SensorFast,274,0.7806267806267806,CANONICAL_INPUT_ID_NOT_PROVEN_ADMISSION_ORDER,M_ROR
CELF,FULLY_SCHEDULED,SF_S2_C07_M02,SensorFast,275,0.7834757834757835,CANONICAL_INPUT_ID_NOT_PROVEN_ADMISSION_ORDER,M_ROR
CELF,FULLY_SCHEDULED,SF_S2_C07_M03,SensorFast,276,0.7863247863247863,CANONICAL_INPUT_ID_NOT_PROVEN_ADMISSION_ORDER,M_ROR
CELF,FULLY_SCHEDULED,SF_S2_C08_M01,SensorFast,277,0.7891737891737892,CANONICAL_INPUT_ID_NOT_PROVEN_ADMISSION_ORDER,M_ROR
CELF,FULLY_SCHEDULED,SF_S2_C08_M02,SensorFast,278,0.792022792022792,CANONICAL_INPUT_ID_NOT_PROVEN_ADMISSION_ORDER,M_ROR
CELF,FULLY_SCHEDULED,SF_S2_C08_M03,SensorFast,279,0.7948717948717948,CANONICAL_INPUT_ID_NOT_PROVEN_ADMISSION_ORDER,M_ROR
CELF,FULLY_SCHEDULED,SF_S3_C01_M01,SensorFast,280,0.7977207977207977,CANONICAL_INPUT_ID_NOT_PROVEN_ADMISSION_ORDER,M_ROR
CELF,FULLY_SCHEDULED,SF_S3_C01_M02,SensorFast,281,0.8005698005698005,CANONICAL_INPUT_ID_NOT_PROVEN_ADMISSION_ORDER,M_ROR
CELF,FULLY_SCHEDULED,SF_S3_C01_M03,SensorFast,282,0.8034188034188035,CANONICAL_INPUT_ID_NOT_PROVEN_ADMISSION_ORDER,M_ROR
CELF,FULLY_SCHEDULED,SF_S3_C02_M01,SensorFast,283,0.8062678062678063,CANONICAL_INPUT_ID_NOT_PROVEN_ADMISSION_ORDER,M_ROR
CELF,FULLY_SCHEDULED,SF_S3_C02_M02,SensorFast,284,0.8091168091168092,CANONICAL_INPUT_ID_NOT_PROVEN_ADMISSION_ORDER,M_ROR
CELF,FULLY_SCHEDULED,SF_S3_C02_M03,SensorFast,285,0.811965811965812,CANONICAL_INPUT_ID_NOT_PROVEN_ADMISSION_ORDER,M_ROR
CELF,FULLY_SCHEDULED,SF_S3_C03_M01,SensorFast,286,0.8148148148148148,CANONICAL_INPUT_ID_NOT_PROVEN_ADMISSION_ORDER,M_ROR
CELF,FULLY_SCHEDULED,SF_S3_C03_M02,SensorFast,287,0.8176638176638177,CANONICAL_INPUT_ID_NOT_PROVEN_ADMISSION_ORDER,M_ROR
CELF,FULLY_SCHEDULED,SF_S3_C03_M03,SensorFast,288,0.8205128205128205,CANONICAL_INPUT_ID_NOT_PROVEN_ADMISSION_ORDER,M_ROR
CELF,FULLY_SCHEDULED,SF_S3_C04_M01,SensorFast,289,0.8233618233618234,CANONICAL_INPUT_ID_NOT_PROVEN_ADMISSION_ORDER,M_ROR
CELF,FULLY_SCHEDULED,SF_S3_C04_M02,SensorFast,290,0.8262108262108262,CANONICAL_INPUT_ID_NOT_PROVEN_ADMISSION_ORDER,M_ROR
CELF,FULLY_SCHEDULED,SF_S3_C04_M03,SensorFast,291,0.8290598290598291,CANONICAL_INPUT_ID_NOT_PROVEN_ADMISSION_ORDER,M_ROR
CELF,FULLY_SCHEDULED,SF_S3_C05_M01,SensorFast,292,0.8319088319088319,CANONICAL_INPUT_ID_NOT_PROVEN_ADMISSION_ORDER,M_ROR
CELF,FULLY_SCHEDULED,SF_S3_C05_M02,SensorFast,293,0.8347578347578347,CANONICAL_INPUT_ID_NOT_PROVEN_ADMISSION_ORDER,M_ROR
CELF,FULLY_SCHEDULED,SF_S3_C05_M03,SensorFast,294,0.8376068376068376,CANONICAL_INPUT_ID_NOT_PROVEN_ADMISSION_ORDER,M_ROR
CELF,FULLY_SCHEDULED,SF_S3_C06_M01,SensorFast,295,0.8404558404558404,CANONICAL_INPUT_ID_NOT_PROVEN_ADMISSION_ORDER,M_ROR
CELF,FULLY_SCHEDULED,SF_S3_C06_M02,SensorFast,296,0.8433048433048433,CANONICAL_INPUT_ID_NOT_PROVEN_ADMISSION_ORDER,M_ROR
CELF,FULLY_SCHEDULED,SF_S3_C06_M03,SensorFast,297,0.8461538461538461,CANONICAL_INPUT_ID_NOT_PROVEN_ADMISSION_ORDER,M_ROR
CELF,FULLY_SCHEDULED,SF_S3_C07_M01,SensorFast,298,0.8490028490028491,CANONICAL_INPUT_ID_NOT_PROVEN_ADMISSION_ORDER,M_ROR
CELF,FULLY_SCHEDULED,SF_S3_C07_M02,SensorFast,299,0.8518518518518519,CANONICAL_INPUT_ID_NOT_PROVEN_ADMISSION_ORDER,M_ROR
CELF,FULLY_SCHEDULED,SF_S3_C07_M03,SensorFast,300,0.8547008547008547,CANONICAL_INPUT_ID_NOT_PROVEN_ADMISSION_ORDER,M_ROR
CELF,FULLY_SCHEDULED,SF_S3_C08_M01,SensorFast,301,0.8575498575498576,CANONICAL_INPUT_ID_NOT_PROVEN_ADMISSION_ORDER,M_ROR
CELF,FULLY_SCHEDULED,SF_S3_C08_M02,SensorFast,302,0.8603988603988604,CANONICAL_INPUT_ID_NOT_PROVEN_ADMISSION_ORDER,M_ROR
CELF,FULLY_SCHEDULED,SF_S3_C08_M03,SensorFast,303,0.8632478632478633,CANONICAL_INPUT_ID_NOT_PROVEN_ADMISSION_ORDER,M_ROR
CELF,FULLY_SCHEDULED,SF_S4_C01_M01,SensorFast,304,0.8660968660968661,CANONICAL_INPUT_ID_NOT_PROVEN_ADMISSION_ORDER,M_ROR
CELF,FULLY_SCHEDULED,SF_S4_C01_M02,SensorFast,305,0.8689458689458689,CANONICAL_INPUT_ID_NOT_PROVEN_ADMISSION_ORDER,M_ROR
CELF,FULLY_SCHEDULED,SF_S4_C01_M03,SensorFast,306,0.8717948717948718,CANONICAL_INPUT_ID_NOT_PROVEN_ADMISSION_ORDER,M_ROR
CELF,FULLY_SCHEDULED,SF_S4_C02_M01,SensorFast,307,0.8746438746438746,CANONICAL_INPUT_ID_NOT_PROVEN_ADMISSION_ORDER,M_ROR
CELF,FULLY_SCHEDULED,SF_S4_C02_M02,SensorFast,308,0.8774928774928775,CANONICAL_INPUT_ID_NOT_PROVEN_ADMISSION_ORDER,M_ROR
CELF,FULLY_SCHEDULED,SF_S4_C02_M03,SensorFast,309,0.8803418803418803,CANONICAL_INPUT_ID_NOT_PROVEN_ADMISSION_ORDER,M_ROR
CELF,FULLY_SCHEDULED,SF_S4_C03_M01,SensorFast,310,0.8831908831908832,CANONICAL_INPUT_ID_NOT_PROVEN_ADMISSION_ORDER,M_ROR
CELF,FULLY_SCHEDULED,SF_S4_C03_M02,SensorFast,311,0.886039886039886,CANONICAL_INPUT_ID_NOT_PROVEN_ADMISSION_ORDER,M_ROR
CELF,FULLY_SCHEDULED,SF_S4_C03_M03,SensorFast,312,0.8888888888888888,CANONICAL_INPUT_ID_NOT_PROVEN_ADMISSION_ORDER,M_ROR
CELF,FULLY_SCHEDULED,SF_S4_C04_M01,SensorFast,313,0.8917378917378918,CANONICAL_INPUT_ID_NOT_PROVEN_ADMISSION_ORDER,M_ROR
CELF,FULLY_SCHEDULED,SF_S4_C04_M02,SensorFast,314,0.8945868945868946,CANONICAL_INPUT_ID_NOT_PROVEN_ADMISSION_ORDER,M_ROR
CELF,FULLY_SCHEDULED,SF_S4_C04_M03,SensorFast,315,0.8974358974358975,CANONICAL_INPUT_ID_NOT_PROVEN_ADMISSION_ORDER,M_ROR
CELF,FULLY_SCHEDULED,SF_S4_C05_M01,SensorFast,316,0.9002849002849003,CANONICAL_INPUT_ID_NOT_PROVEN_ADMISSION_ORDER,M_ROR
CELF,FULLY_SCHEDULED,SF_S4_C05_M02,SensorFast,317,0.9031339031339032,CANONICAL_INPUT_ID_NOT_PROVEN_ADMISSION_ORDER,M_ROR
CELF,FULLY_SCHEDULED,SF_S4_C05_M03,SensorFast,318,0.905982905982906,CANONICAL_INPUT_ID_NOT_PROVEN_ADMISSION_ORDER,M_ROR
CELF,FULLY_SCHEDULED,SF_S4_C06_M01,SensorFast,319,0.9088319088319088,CANONICAL_INPUT_ID_NOT_PROVEN_ADMISSION_ORDER,M_ROR
CELF,FULLY_SCHEDULED,SF_S4_C06_M02,SensorFast,320,0.9116809116809117,CANONICAL_INPUT_ID_NOT_PROVEN_ADMISSION_ORDER,M_ROR
CELF,FULLY_SCHEDULED,SF_S4_C06_M03,SensorFast,321,0.9145299145299145,CANONICAL_INPUT_ID_NOT_PROVEN_ADMISSION_ORDER,M_ROR
CELF,FULLY_SCHEDULED,SF_S4_C07_M01,SensorFast,322,0.9173789173789174,CANONICAL_INPUT_ID_NOT_PROVEN_ADMISSION_ORDER,M_ROR
CELF,FULLY_SCHEDULED,SF_S4_C07_M02,SensorFast,323,0.9202279202279202,CANONICAL_INPUT_ID_NOT_PROVEN_ADMISSION_ORDER,M_ROR
CELF,FULLY_SCHEDULED,SF_S4_C07_M03,SensorFast,324,0.9230769230769231,CANONICAL_INPUT_ID_NOT_PROVEN_ADMISSION_ORDER,M_ROR
CELF,FULLY_SCHEDULED,SF_S4_C08_M01,SensorFast,325,0.9259259259259259,CANONICAL_INPUT_ID_NOT_PROVEN_ADMISSION_ORDER,M_ROR
CELF,FULLY_SCHEDULED,SF_S4_C08_M02,SensorFast,326,0.9287749287749287,CANONICAL_INPUT_ID_NOT_PROVEN_ADMISSION_ORDER,M_ROR
CELF,FULLY_SCHEDULED,SF_S4_C08_M03,SensorFast,327,0.9316239316239316,CANONICAL_INPUT_ID_NOT_PROVEN_ADMISSION_ORDER,M_ROR
CELF,FULLY_SCHEDULED,STAT_PLC_C01_M01,MachineStatus,328,0.9344729344729344,CANONICAL_INPUT_ID_NOT_PROVEN_ADMISSION_ORDER,M_ROR
CELF,FULLY_SCHEDULED,STAT_PLC_C01_M02,MachineStatus,329,0.9373219373219374,CANONICAL_INPUT_ID_NOT_PROVEN_ADMISSION_ORDER,M_ROR
CELF,FULLY_SCHEDULED,STAT_PLC_C01_M03,MachineStatus,330,0.9401709401709402,CANONICAL_INPUT_ID_NOT_PROVEN_ADMISSION_ORDER,M_ROR
CELF,FULLY_SCHEDULED,STAT_PLC_C02_M01,MachineStatus,331,0.9430199430199431,CANONICAL_INPUT_ID_NOT_PROVEN_ADMISSION_ORDER,M_ROR
CELF,FULLY_SCHEDULED,STAT_PLC_C02_M02,MachineStatus,332,0.9458689458689459,CANONICAL_INPUT_ID_NOT_PROVEN_ADMISSION_ORDER,M_ROR
CELF,FULLY_SCHEDULED,STAT_PLC_C02_M03,MachineStatus,333,0.9487179487179487,CANONICAL_INPUT_ID_NOT_PROVEN_ADMISSION_ORDER,M_ROR
CELF,FULLY_SCHEDULED,STAT_PLC_C03_M01,MachineStatus,334,0.9515669515669516,CANONICAL_INPUT_ID_NOT_PROVEN_ADMISSION_ORDER,M_ROR
CELF,FULLY_SCHEDULED,STAT_PLC_C03_M02,MachineStatus,335,0.9544159544159544,CANONICAL_INPUT_ID_NOT_PROVEN_ADMISSION_ORDER,M_ROR
CELF,FULLY_SCHEDULED,STAT_PLC_C03_M03,MachineStatus,336,0.9572649572649573,CANONICAL_INPUT_ID_NOT_PROVEN_ADMISSION_ORDER,M_ROR
CELF,FULLY_SCHEDULED,STAT_PLC_C04_M01,MachineStatus,337,0.9601139601139601,CANONICAL_INPUT_ID_NOT_PROVEN_ADMISSION_ORDER,M_ROR
CELF,FULLY_SCHEDULED,STAT_PLC_C04_M02,MachineStatus,338,0.9629629629629629,CANONICAL_INPUT_ID_NOT_PROVEN_ADMISSION_ORDER,M_ROR
CELF,FULLY_SCHEDULED,STAT_PLC_C04_M03,MachineStatus,339,0.9658119658119658,CANONICAL_INPUT_ID_NOT_PROVEN_ADMISSION_ORDER,M_ROR
CELF,FULLY_SCHEDULED,STAT_PLC_C05_M01,MachineStatus,340,0.9686609686609686,CANONICAL_INPUT_ID_NOT_PROVEN_ADMISSION_ORDER,M_ROR
CELF,FULLY_SCHEDULED,STAT_PLC_C05_M02,MachineStatus,341,0.9715099715099715,CANONICAL_INPUT_ID_NOT_PROVEN_ADMISSION_ORDER,M_ROR
CELF,FULLY_SCHEDULED,STAT_PLC_C05_M03,MachineStatus,342,0.9743589743589743,CANONICAL_INPUT_ID_NOT_PROVEN_ADMISSION_ORDER,M_ROR
CELF,FULLY_SCHEDULED,STAT_PLC_C06_M01,MachineStatus,343,0.9772079772079773,CANONICAL_INPUT_ID_NOT_PROVEN_ADMISSION_ORDER,M_ROR
CELF,FULLY_SCHEDULED,STAT_PLC_C06_M02,MachineStatus,344,0.98005698005698,CANONICAL_INPUT_ID_NOT_PROVEN_ADMISSION_ORDER,M_ROR
CELF,FULLY_SCHEDULED,STAT_PLC_C06_M03,MachineStatus,345,0.9829059829059829,CANONICAL_INPUT_ID_NOT_PROVEN_ADMISSION_ORDER,M_ROR
CELF,FULLY_SCHEDULED,STAT_PLC_C07_M01,MachineStatus,346,0.9857549857549858,CANONICAL_INPUT_ID_NOT_PROVEN_ADMISSION_ORDER,M_ROR
CELF,FULLY_SCHEDULED,STAT_PLC_C07_M02,MachineStatus,347,0.9886039886039886,CANONICAL_INPUT_ID_NOT_PROVEN_ADMISSION_ORDER,M_ROR
CELF,FULLY_SCHEDULED,STAT_PLC_C07_M03,MachineStatus,348,0.9914529914529915,CANONICAL_INPUT_ID_NOT_PROVEN_ADMISSION_ORDER,M_ROR
CELF,FULLY_SCHEDULED,STAT_PLC_C08_M01,MachineStatus,349,0.9943019943019943,CANONICAL_INPUT_ID_NOT_PROVEN_ADMISSION_ORDER,M_ROR
CELF,FULLY_SCHEDULED,STAT_PLC_C08_M02,MachineStatus,350,0.9971509971509972,CANONICAL_INPUT_ID_NOT_PROVEN_ADMISSION_ORDER,M_ROR
CELF,FULLY_SCHEDULED,STAT_PLC_C08_M03,MachineStatus,351,1.0,CANONICAL_INPUT_ID_NOT_PROVEN_ADMISSION_ORDER,M_ROR
H2S,FULLY_SCHEDULED,CMD_PLC_C01_M01_A1_C01_M01,ControlCommand,0,0.0,CANONICAL_INPUT_ID_NOT_PROVEN_ADMISSION_ORDER,L_RING
H2S,FULLY_SCHEDULED,CMD_PLC_C01_M01_A2_C01_M01,ControlCommand,1,0.0010787486515641855,CANONICAL_INPUT_ID_NOT_PROVEN_ADMISSION_ORDER,L_RING
H2S,FULLY_SCHEDULED,CMD_PLC_C01_M01_A3_C01_M01,ControlCommand,2,0.002157497303128371,CANONICAL_INPUT_ID_NOT_PROVEN_ADMISSION_ORDER,L_RING
H2S,FULLY_SCHEDULED,CMD_PLC_C01_M01_A4_C01_M01,ControlCommand,3,0.003236245954692557,CANONICAL_INPUT_ID_NOT_PROVEN_ADMISSION_ORDER,L_RING
H2S,FULLY_SCHEDULED,CMD_PLC_C01_M02_A1_C01_M02,ControlCommand,4,0.004314994606256742,CANONICAL_INPUT_ID_NOT_PROVEN_ADMISSION_ORDER,L_RING
H2S,FULLY_SCHEDULED,CMD_PLC_C01_M02_A2_C01_M02,ControlCommand,5,0.005393743257820928,CANONICAL_INPUT_ID_NOT_PROVEN_ADMISSION_ORDER,L_RING
H2S,FULLY_SCHEDULED,CMD_PLC_C01_M02_A3_C01_M02,ControlCommand,6,0.006472491909385114,CANONICAL_INPUT_ID_NOT_PROVEN_ADMISSION_ORDER,L_RING
H2S,FULLY_SCHEDULED,CMD_PLC_C01_M02_A4_C01_M02,ControlCommand,7,0.007551240560949299,CANONICAL_INPUT_ID_NOT_PROVEN_ADMISSION_ORDER,L_RING
H2S,FULLY_SCHEDULED,CMD_PLC_C01_M03_A1_C01_M03,ControlCommand,8,0.008629989212513484,CANONICAL_INPUT_ID_NOT_PROVEN_ADMISSION_ORDER,L_RING
H2S,FULLY_SCHEDULED,CMD_PLC_C01_M03_A2_C01_M03,ControlCommand,9,0.009708737864077669,CANONICAL_INPUT_ID_NOT_PROVEN_ADMISSION_ORDER,L_RING
H2S,FULLY_SCHEDULED,CMD_PLC_C01_M03_A3_C01_M03,ControlCommand,10,0.010787486515641856,CANONICAL_INPUT_ID_NOT_PROVEN_ADMISSION_ORDER,L_RING
H2S,FULLY_SCHEDULED,CMD_PLC_C01_M03_A4_C01_M03,ControlCommand,11,0.011866235167206042,CANONICAL_INPUT_ID_NOT_PROVEN_ADMISSION_ORDER,L_RING
H2S,FULLY_SCHEDULED,CMD_PLC_C01_M04_A1_C01_M04,ControlCommand,12,0.012944983818770227,CANONICAL_INPUT_ID_NOT_PROVEN_ADMISSION_ORDER,L_RING
H2S,FULLY_SCHEDULED,CMD_PLC_C01_M04_A2_C01_M04,ControlCommand,13,0.014023732470334413,CANONICAL_INPUT_ID_NOT_PROVEN_ADMISSION_ORDER,L_RING
H2S,FULLY_SCHEDULED,CMD_PLC_C01_M04_A3_C01_M04,ControlCommand,14,0.015102481121898598,CANONICAL_INPUT_ID_NOT_PROVEN_ADMISSION_ORDER,L_RING
H2S,FULLY_SCHEDULED,CMD_PLC_C01_M04_A4_C01_M04,ControlCommand,15,0.016181229773462782,CANONICAL_INPUT_ID_NOT_PROVEN_ADMISSION_ORDER,L_RING
H2S,FULLY_SCHEDULED,CMD_PLC_C02_M01_A1_C02_M01,ControlCommand,16,0.017259978425026967,CANONICAL_INPUT_ID_NOT_PROVEN_ADMISSION_ORDER,L_RING
H2S,FULLY_SCHEDULED,CMD_PLC_C02_M01_A2_C02_M01,ControlCommand,17,0.018338727076591153,CANONICAL_INPUT_ID_NOT_PROVEN_ADMISSION_ORDER,L_RING
H2S,FULLY_SCHEDULED,CMD_PLC_C02_M01_A3_C02_M01,ControlCommand,18,0.019417475728155338,CANONICAL_INPUT_ID_NOT_PROVEN_ADMISSION_ORDER,L_RING
H2S,FULLY_SCHEDULED,CMD_PLC_C02_M01_A4_C02_M01,ControlCommand,19,0.020496224379719527,CANONICAL_INPUT_ID_NOT_PROVEN_ADMISSION_ORDER,L_RING
H2S,FULLY_SCHEDULED,CMD_PLC_C02_M02_A1_C02_M02,ControlCommand,20,0.021574973031283712,CANONICAL_INPUT_ID_NOT_PROVEN_ADMISSION_ORDER,L_RING
H2S,FULLY_SCHEDULED,CMD_PLC_C02_M02_A2_C02_M02,ControlCommand,21,0.022653721682847898,CANONICAL_INPUT_ID_NOT_PROVEN_ADMISSION_ORDER,L_RING
H2S,FULLY_SCHEDULED,CMD_PLC_C02_M02_A3_C02_M02,ControlCommand,22,0.023732470334412083,CANONICAL_INPUT_ID_NOT_PROVEN_ADMISSION_ORDER,L_RING
H2S,FULLY_SCHEDULED,CMD_PLC_C02_M02_A4_C02_M02,ControlCommand,23,0.02481121898597627,CANONICAL_INPUT_ID_NOT_PROVEN_ADMISSION_ORDER,L_RING
H2S,FULLY_SCHEDULED,CMD_PLC_C02_M03_A1_C02_M03,ControlCommand,24,0.025889967637540454,CANONICAL_INPUT_ID_NOT_PROVEN_ADMISSION_ORDER,L_RING
H2S,FULLY_SCHEDULED,CMD_PLC_C02_M03_A2_C02_M03,ControlCommand,25,0.02696871628910464,CANONICAL_INPUT_ID_NOT_PROVEN_ADMISSION_ORDER,L_RING
H2S,FULLY_SCHEDULED,CMD_PLC_C02_M03_A3_C02_M03,ControlCommand,26,0.028047464940668825,CANONICAL_INPUT_ID_NOT_PROVEN_ADMISSION_ORDER,L_RING
H2S,FULLY_SCHEDULED,CMD_PLC_C02_M03_A4_C02_M03,ControlCommand,27,0.02912621359223301,CANONICAL_INPUT_ID_NOT_PROVEN_ADMISSION_ORDER,L_RING
H2S,FULLY_SCHEDULED,CMD_PLC_C02_M04_A1_C02_M04,ControlCommand,28,0.030204962243797196,CANONICAL_INPUT_ID_NOT_PROVEN_ADMISSION_ORDER,L_RING
H2S,FULLY_SCHEDULED,CMD_PLC_C02_M04_A2_C02_M04,ControlCommand,29,0.03128371089536138,CANONICAL_INPUT_ID_NOT_PROVEN_ADMISSION_ORDER,L_RING
H2S,FULLY_SCHEDULED,CMD_PLC_C02_M04_A3_C02_M04,ControlCommand,30,0.032362459546925564,CANONICAL_INPUT_ID_NOT_PROVEN_ADMISSION_ORDER,L_RING
H2S,ZERO_SCHEDULED,CMD_PLC_C02_M04_A4_C02_M04,ControlCommand,31,0.03344120819848975,CANONICAL_INPUT_ID_NOT_PROVEN_ADMISSION_ORDER,L_RING
H2S,FULLY_SCHEDULED,CMD_PLC_C03_M01_A1_C03_M01,ControlCommand,32,0.034519956850053934,CANONICAL_INPUT_ID_NOT_PROVEN_ADMISSION_ORDER,L_RING
H2S,FULLY_SCHEDULED,CMD_PLC_C03_M01_A2_C03_M01,ControlCommand,33,0.03559870550161812,CANONICAL_INPUT_ID_NOT_PROVEN_ADMISSION_ORDER,L_RING
H2S,FULLY_SCHEDULED,CMD_PLC_C03_M01_A3_C03_M01,ControlCommand,34,0.036677454153182305,CANONICAL_INPUT_ID_NOT_PROVEN_ADMISSION_ORDER,L_RING
H2S,FULLY_SCHEDULED,CMD_PLC_C03_M01_A4_C03_M01,ControlCommand,35,0.037756202804746494,CANONICAL_INPUT_ID_NOT_PROVEN_ADMISSION_ORDER,L_RING
H2S,FULLY_SCHEDULED,CMD_PLC_C03_M02_A1_C03_M02,ControlCommand,36,0.038834951456310676,CANONICAL_INPUT_ID_NOT_PROVEN_ADMISSION_ORDER,L_RING
H2S,FULLY_SCHEDULED,CMD_PLC_C03_M02_A2_C03_M02,ControlCommand,37,0.039913700107874865,CANONICAL_INPUT_ID_NOT_PROVEN_ADMISSION_ORDER,L_RING
H2S,FULLY_SCHEDULED,CMD_PLC_C03_M02_A3_C03_M02,ControlCommand,38,0.040992448759439054,CANONICAL_INPUT_ID_NOT_PROVEN_ADMISSION_ORDER,L_RING
H2S,FULLY_SCHEDULED,CMD_PLC_C03_M02_A4_C03_M02,ControlCommand,39,0.042071197411003236,CANONICAL_INPUT_ID_NOT_PROVEN_ADMISSION_ORDER,L_RING
H2S,FULLY_SCHEDULED,CMD_PLC_C03_M03_A1_C03_M03,ControlCommand,40,0.043149946062567425,CANONICAL_INPUT_ID_NOT_PROVEN_ADMISSION_ORDER,L_RING
H2S,FULLY_SCHEDULED,CMD_PLC_C03_M03_A2_C03_M03,ControlCommand,41,0.04422869471413161,CANONICAL_INPUT_ID_NOT_PROVEN_ADMISSION_ORDER,L_RING
H2S,FULLY_SCHEDULED,CMD_PLC_C03_M03_A3_C03_M03,ControlCommand,42,0.045307443365695796,CANONICAL_INPUT_ID_NOT_PROVEN_ADMISSION_ORDER,L_RING
H2S,FULLY_SCHEDULED,CMD_PLC_C03_M03_A4_C03_M03,ControlCommand,43,0.04638619201725998,CANONICAL_INPUT_ID_NOT_PROVEN_ADMISSION_ORDER,L_RING
H2S,FULLY_SCHEDULED,CMD_PLC_C03_M04_A1_C03_M04,ControlCommand,44,0.04746494066882417,CANONICAL_INPUT_ID_NOT_PROVEN_ADMISSION_ORDER,L_RING
H2S,FULLY_SCHEDULED,CMD_PLC_C03_M04_A2_C03_M04,ControlCommand,45,0.04854368932038835,CANONICAL_INPUT_ID_NOT_PROVEN_ADMISSION_ORDER,L_RING
H2S,FULLY_SCHEDULED,CMD_PLC_C03_M04_A3_C03_M04,ControlCommand,46,0.04962243797195254,CANONICAL_INPUT_ID_NOT_PROVEN_ADMISSION_ORDER,L_RING
H2S,FULLY_SCHEDULED,CMD_PLC_C03_M04_A4_C03_M04,ControlCommand,47,0.05070118662351672,CANONICAL_INPUT_ID_NOT_PROVEN_ADMISSION_ORDER,L_RING
H2S,FULLY_SCHEDULED,CMD_PLC_C04_M01_A1_C04_M01,ControlCommand,48,0.05177993527508091,CANONICAL_INPUT_ID_NOT_PROVEN_ADMISSION_ORDER,L_RING
H2S,FULLY_SCHEDULED,CMD_PLC_C04_M01_A2_C04_M01,ControlCommand,49,0.05285868392664509,CANONICAL_INPUT_ID_NOT_PROVEN_ADMISSION_ORDER,L_RING
H2S,FULLY_SCHEDULED,CMD_PLC_C04_M01_A3_C04_M01,ControlCommand,50,0.05393743257820928,CANONICAL_INPUT_ID_NOT_PROVEN_ADMISSION_ORDER,L_RING
H2S,FULLY_SCHEDULED,CMD_PLC_C04_M01_A4_C04_M01,ControlCommand,51,0.05501618122977346,CANONICAL_INPUT_ID_NOT_PROVEN_ADMISSION_ORDER,L_RING
H2S,FULLY_SCHEDULED,CMD_PLC_C04_M02_A1_C04_M02,ControlCommand,52,0.05609492988133765,CANONICAL_INPUT_ID_NOT_PROVEN_ADMISSION_ORDER,L_RING
H2S,FULLY_SCHEDULED,CMD_PLC_C04_M02_A2_C04_M02,ControlCommand,53,0.05717367853290183,CANONICAL_INPUT_ID_NOT_PROVEN_ADMISSION_ORDER,L_RING
H2S,FULLY_SCHEDULED,CMD_PLC_C04_M02_A3_C04_M02,ControlCommand,54,0.05825242718446602,CANONICAL_INPUT_ID_NOT_PROVEN_ADMISSION_ORDER,L_RING
H2S,FULLY_SCHEDULED,CMD_PLC_C04_M02_A4_C04_M02,ControlCommand,55,0.0593311758360302,CANONICAL_INPUT_ID_NOT_PROVEN_ADMISSION_ORDER,L_RING
H2S,FULLY_SCHEDULED,CMD_PLC_C04_M03_A1_C04_M03,ControlCommand,56,0.06040992448759439,CANONICAL_INPUT_ID_NOT_PROVEN_ADMISSION_ORDER,L_RING
H2S,FULLY_SCHEDULED,CMD_PLC_C04_M03_A2_C04_M03,ControlCommand,57,0.061488673139158574,CANONICAL_INPUT_ID_NOT_PROVEN_ADMISSION_ORDER,L_RING
H2S,FULLY_SCHEDULED,CMD_PLC_C04_M03_A3_C04_M03,ControlCommand,58,0.06256742179072276,CANONICAL_INPUT_ID_NOT_PROVEN_ADMISSION_ORDER,L_RING
H2S,FULLY_SCHEDULED,CMD_PLC_C04_M03_A4_C04_M03,ControlCommand,59,0.06364617044228695,CANONICAL_INPUT_ID_NOT_PROVEN_ADMISSION_ORDER,L_RING
H2S,FULLY_SCHEDULED,CMD_PLC_C04_M04_A1_C04_M04,ControlCommand,60,0.06472491909385113,CANONICAL_INPUT_ID_NOT_PROVEN_ADMISSION_ORDER,L_RING
H2S,FULLY_SCHEDULED,CMD_PLC_C04_M04_A2_C04_M04,ControlCommand,61,0.06580366774541532,CANONICAL_INPUT_ID_NOT_PROVEN_ADMISSION_ORDER,L_RING
H2S,FULLY_SCHEDULED,CMD_PLC_C04_M04_A3_C04_M04,ControlCommand,62,0.0668824163969795,CANONICAL_INPUT_ID_NOT_PROVEN_ADMISSION_ORDER,L_RING
H2S,FULLY_SCHEDULED,CMD_PLC_C04_M04_A4_C04_M04,ControlCommand,63,0.06796116504854369,CANONICAL_INPUT_ID_NOT_PROVEN_ADMISSION_ORDER,L_RING
H2S,FULLY_SCHEDULED,CMD_PLC_C05_M01_A1_C05_M01,ControlCommand,64,0.06903991370010787,CANONICAL_INPUT_ID_NOT_PROVEN_ADMISSION_ORDER,L_RING
H2S,FULLY_SCHEDULED,CMD_PLC_C05_M01_A2_C05_M01,ControlCommand,65,0.07011866235167206,CANONICAL_INPUT_ID_NOT_PROVEN_ADMISSION_ORDER,L_RING
H2S,FULLY_SCHEDULED,CMD_PLC_C05_M01_A3_C05_M01,ControlCommand,66,0.07119741100323625,CANONICAL_INPUT_ID_NOT_PROVEN_ADMISSION_ORDER,L_RING
H2S,FULLY_SCHEDULED,CMD_PLC_C05_M01_A4_C05_M01,ControlCommand,67,0.07227615965480043,CANONICAL_INPUT_ID_NOT_PROVEN_ADMISSION_ORDER,L_RING
H2S,FULLY_SCHEDULED,CMD_PLC_C05_M02_A1_C05_M02,ControlCommand,68,0.07335490830636461,CANONICAL_INPUT_ID_NOT_PROVEN_ADMISSION_ORDER,L_RING
H2S,FULLY_SCHEDULED,CMD_PLC_C05_M02_A2_C05_M02,ControlCommand,69,0.0744336569579288,CANONICAL_INPUT_ID_NOT_PROVEN_ADMISSION_ORDER,L_RING
H2S,FULLY_SCHEDULED,CMD_PLC_C05_M02_A3_C05_M02,ControlCommand,70,0.07551240560949299,CANONICAL_INPUT_ID_NOT_PROVEN_ADMISSION_ORDER,L_RING
H2S,FULLY_SCHEDULED,CMD_PLC_C05_M02_A4_C05_M02,ControlCommand,71,0.07659115426105717,CANONICAL_INPUT_ID_NOT_PROVEN_ADMISSION_ORDER,L_RING
H2S,FULLY_SCHEDULED,CMD_PLC_C05_M03_A1_C05_M03,ControlCommand,72,0.07766990291262135,CANONICAL_INPUT_ID_NOT_PROVEN_ADMISSION_ORDER,L_RING
H2S,FULLY_SCHEDULED,CMD_PLC_C05_M03_A2_C05_M03,ControlCommand,73,0.07874865156418555,CANONICAL_INPUT_ID_NOT_PROVEN_ADMISSION_ORDER,L_RING
H2S,FULLY_SCHEDULED,CMD_PLC_C05_M03_A3_C05_M03,ControlCommand,74,0.07982740021574973,CANONICAL_INPUT_ID_NOT_PROVEN_ADMISSION_ORDER,L_RING
H2S,FULLY_SCHEDULED,CMD_PLC_C05_M03_A4_C05_M03,ControlCommand,75,0.08090614886731391,CANONICAL_INPUT_ID_NOT_PROVEN_ADMISSION_ORDER,L_RING
H2S,FULLY_SCHEDULED,CMD_PLC_C05_M04_A1_C05_M04,ControlCommand,76,0.08198489751887811,CANONICAL_INPUT_ID_NOT_PROVEN_ADMISSION_ORDER,L_RING
H2S,FULLY_SCHEDULED,CMD_PLC_C05_M04_A2_C05_M04,ControlCommand,77,0.08306364617044229,CANONICAL_INPUT_ID_NOT_PROVEN_ADMISSION_ORDER,L_RING
H2S,FULLY_SCHEDULED,CMD_PLC_C05_M04_A3_C05_M04,ControlCommand,78,0.08414239482200647,CANONICAL_INPUT_ID_NOT_PROVEN_ADMISSION_ORDER,L_RING
H2S,FULLY_SCHEDULED,CMD_PLC_C05_M04_A4_C05_M04,ControlCommand,79,0.08522114347357065,CANONICAL_INPUT_ID_NOT_PROVEN_ADMISSION_ORDER,L_RING
H2S,FULLY_SCHEDULED,CMD_PLC_C06_M01_A1_C06_M01,ControlCommand,80,0.08629989212513485,CANONICAL_INPUT_ID_NOT_PROVEN_ADMISSION_ORDER,L_RING
H2S,FULLY_SCHEDULED,CMD_PLC_C06_M01_A2_C06_M01,ControlCommand,81,0.08737864077669903,CANONICAL_INPUT_ID_NOT_PROVEN_ADMISSION_ORDER,L_RING
H2S,FULLY_SCHEDULED,CMD_PLC_C06_M01_A3_C06_M01,ControlCommand,82,0.08845738942826321,CANONICAL_INPUT_ID_NOT_PROVEN_ADMISSION_ORDER,L_RING
H2S,FULLY_SCHEDULED,CMD_PLC_C06_M01_A4_C06_M01,ControlCommand,83,0.0895361380798274,CANONICAL_INPUT_ID_NOT_PROVEN_ADMISSION_ORDER,L_RING
H2S,FULLY_SCHEDULED,CMD_PLC_C06_M02_A1_C06_M02,ControlCommand,84,0.09061488673139159,CANONICAL_INPUT_ID_NOT_PROVEN_ADMISSION_ORDER,L_RING
H2S,ZERO_SCHEDULED,CMD_PLC_C06_M02_A2_C06_M02,ControlCommand,85,0.09169363538295577,CANONICAL_INPUT_ID_NOT_PROVEN_ADMISSION_ORDER,L_RING
H2S,FULLY_SCHEDULED,CMD_PLC_C06_M02_A3_C06_M02,ControlCommand,86,0.09277238403451996,CANONICAL_INPUT_ID_NOT_PROVEN_ADMISSION_ORDER,L_RING
H2S,ZERO_SCHEDULED,CMD_PLC_C06_M02_A4_C06_M02,ControlCommand,87,0.09385113268608414,CANONICAL_INPUT_ID_NOT_PROVEN_ADMISSION_ORDER,L_RING
H2S,FULLY_SCHEDULED,CMD_PLC_C06_M03_A1_C06_M03,ControlCommand,88,0.09492988133764833,CANONICAL_INPUT_ID_NOT_PROVEN_ADMISSION_ORDER,L_RING
H2S,FULLY_SCHEDULED,CMD_PLC_C06_M03_A2_C06_M03,ControlCommand,89,0.09600862998921252,CANONICAL_INPUT_ID_NOT_PROVEN_ADMISSION_ORDER,L_RING
H2S,FULLY_SCHEDULED,CMD_PLC_C06_M03_A3_C06_M03,ControlCommand,90,0.0970873786407767,CANONICAL_INPUT_ID_NOT_PROVEN_ADMISSION_ORDER,L_RING
H2S,FULLY_SCHEDULED,CMD_PLC_C06_M03_A4_C06_M03,ControlCommand,91,0.09816612729234088,CANONICAL_INPUT_ID_NOT_PROVEN_ADMISSION_ORDER,L_RING
H2S,FULLY_SCHEDULED,CMD_PLC_C06_M04_A1_C06_M04,ControlCommand,92,0.09924487594390508,CANONICAL_INPUT_ID_NOT_PROVEN_ADMISSION_ORDER,L_RING
H2S,FULLY_SCHEDULED,CMD_PLC_C06_M04_A2_C06_M04,ControlCommand,93,0.10032362459546926,CANONICAL_INPUT_ID_NOT_PROVEN_ADMISSION_ORDER,L_RING
H2S,FULLY_SCHEDULED,CMD_PLC_C06_M04_A3_C06_M04,ControlCommand,94,0.10140237324703344,CANONICAL_INPUT_ID_NOT_PROVEN_ADMISSION_ORDER,L_RING
H2S,FULLY_SCHEDULED,CMD_PLC_C06_M04_A4_C06_M04,ControlCommand,95,0.10248112189859762,CANONICAL_INPUT_ID_NOT_PROVEN_ADMISSION_ORDER,L_RING
H2S,FULLY_SCHEDULED,CMD_PLC_C07_M01_A1_C07_M01,ControlCommand,96,0.10355987055016182,CANONICAL_INPUT_ID_NOT_PROVEN_ADMISSION_ORDER,L_RING
H2S,FULLY_SCHEDULED,CMD_PLC_C07_M01_A2_C07_M01,ControlCommand,97,0.104638619201726,CANONICAL_INPUT_ID_NOT_PROVEN_ADMISSION_ORDER,L_RING
H2S,FULLY_SCHEDULED,CMD_PLC_C07_M01_A3_C07_M01,ControlCommand,98,0.10571736785329018,CANONICAL_INPUT_ID_NOT_PROVEN_ADMISSION_ORDER,L_RING
H2S,FULLY_SCHEDULED,CMD_PLC_C07_M01_A4_C07_M01,ControlCommand,99,0.10679611650485436,CANONICAL_INPUT_ID_NOT_PROVEN_ADMISSION_ORDER,L_RING
H2S,FULLY_SCHEDULED,CMD_PLC_C07_M02_A1_C07_M02,ControlCommand,100,0.10787486515641856,CANONICAL_INPUT_ID_NOT_PROVEN_ADMISSION_ORDER,L_RING
H2S,FULLY_SCHEDULED,CMD_PLC_C07_M02_A2_C07_M02,ControlCommand,101,0.10895361380798274,CANONICAL_INPUT_ID_NOT_PROVEN_ADMISSION_ORDER,L_RING
H2S,FULLY_SCHEDULED,CMD_PLC_C07_M02_A3_C07_M02,ControlCommand,102,0.11003236245954692,CANONICAL_INPUT_ID_NOT_PROVEN_ADMISSION_ORDER,L_RING
H2S,FULLY_SCHEDULED,CMD_PLC_C07_M02_A4_C07_M02,ControlCommand,103,0.1111111111111111,CANONICAL_INPUT_ID_NOT_PROVEN_ADMISSION_ORDER,L_RING
H2S,FULLY_SCHEDULED,CMD_PLC_C07_M03_A1_C07_M03,ControlCommand,104,0.1121898597626753,CANONICAL_INPUT_ID_NOT_PROVEN_ADMISSION_ORDER,L_RING
H2S,FULLY_SCHEDULED,CMD_PLC_C07_M03_A2_C07_M03,ControlCommand,105,0.11326860841423948,CANONICAL_INPUT_ID_NOT_PROVEN_ADMISSION_ORDER,L_RING
H2S,FULLY_SCHEDULED,CMD_PLC_C07_M03_A3_C07_M03,ControlCommand,106,0.11434735706580366,CANONICAL_INPUT_ID_NOT_PROVEN_ADMISSION_ORDER,L_RING
H2S,FULLY_SCHEDULED,CMD_PLC_C07_M03_A4_C07_M03,ControlCommand,107,0.11542610571736785,CANONICAL_INPUT_ID_NOT_PROVEN_ADMISSION_ORDER,L_RING
H2S,FULLY_SCHEDULED,CMD_PLC_C07_M04_A1_C07_M04,ControlCommand,108,0.11650485436893204,CANONICAL_INPUT_ID_NOT_PROVEN_ADMISSION_ORDER,L_RING
H2S,FULLY_SCHEDULED,CMD_PLC_C07_M04_A2_C07_M04,ControlCommand,109,0.11758360302049622,CANONICAL_INPUT_ID_NOT_PROVEN_ADMISSION_ORDER,L_RING
H2S,FULLY_SCHEDULED,CMD_PLC_C07_M04_A3_C07_M04,ControlCommand,110,0.1186623516720604,CANONICAL_INPUT_ID_NOT_PROVEN_ADMISSION_ORDER,L_RING
H2S,FULLY_SCHEDULED,CMD_PLC_C07_M04_A4_C07_M04,ControlCommand,111,0.11974110032362459,CANONICAL_INPUT_ID_NOT_PROVEN_ADMISSION_ORDER,L_RING
H2S,FULLY_SCHEDULED,CMD_PLC_C08_M01_A1_C08_M01,ControlCommand,112,0.12081984897518878,CANONICAL_INPUT_ID_NOT_PROVEN_ADMISSION_ORDER,L_RING
H2S,FULLY_SCHEDULED,CMD_PLC_C08_M01_A2_C08_M01,ControlCommand,113,0.12189859762675297,CANONICAL_INPUT_ID_NOT_PROVEN_ADMISSION_ORDER,L_RING
H2S,FULLY_SCHEDULED,CMD_PLC_C08_M01_A3_C08_M01,ControlCommand,114,0.12297734627831715,CANONICAL_INPUT_ID_NOT_PROVEN_ADMISSION_ORDER,L_RING
H2S,FULLY_SCHEDULED,CMD_PLC_C08_M01_A4_C08_M01,ControlCommand,115,0.12405609492988134,CANONICAL_INPUT_ID_NOT_PROVEN_ADMISSION_ORDER,L_RING
H2S,FULLY_SCHEDULED,CMD_PLC_C08_M02_A1_C08_M02,ControlCommand,116,0.12513484358144553,CANONICAL_INPUT_ID_NOT_PROVEN_ADMISSION_ORDER,L_RING
H2S,FULLY_SCHEDULED,CMD_PLC_C08_M02_A2_C08_M02,ControlCommand,117,0.1262135922330097,CANONICAL_INPUT_ID_NOT_PROVEN_ADMISSION_ORDER,L_RING
H2S,FULLY_SCHEDULED,CMD_PLC_C08_M02_A3_C08_M02,ControlCommand,118,0.1272923408845739,CANONICAL_INPUT_ID_NOT_PROVEN_ADMISSION_ORDER,L_RING
H2S,FULLY_SCHEDULED,CMD_PLC_C08_M02_A4_C08_M02,ControlCommand,119,0.12837108953613807,CANONICAL_INPUT_ID_NOT_PROVEN_ADMISSION_ORDER,L_RING
H2S,FULLY_SCHEDULED,CMD_PLC_C08_M03_A1_C08_M03,ControlCommand,120,0.12944983818770225,CANONICAL_INPUT_ID_NOT_PROVEN_ADMISSION_ORDER,L_RING
H2S,FULLY_SCHEDULED,CMD_PLC_C08_M03_A2_C08_M03,ControlCommand,121,0.13052858683926646,CANONICAL_INPUT_ID_NOT_PROVEN_ADMISSION_ORDER,L_RING
H2S,FULLY_SCHEDULED,CMD_PLC_C08_M03_A3_C08_M03,ControlCommand,122,0.13160733549083065,CANONICAL_INPUT_ID_NOT_PROVEN_ADMISSION_ORDER,L_RING
H2S,FULLY_SCHEDULED,CMD_PLC_C08_M03_A4_C08_M03,ControlCommand,123,0.13268608414239483,CANONICAL_INPUT_ID_NOT_PROVEN_ADMISSION_ORDER,L_RING
H2S,FULLY_SCHEDULED,CMD_PLC_C08_M04_A1_C08_M04,ControlCommand,124,0.133764832793959,CANONICAL_INPUT_ID_NOT_PROVEN_ADMISSION_ORDER,L_RING
H2S,FULLY_SCHEDULED,CMD_PLC_C08_M04_A2_C08_M04,ControlCommand,125,0.1348435814455232,CANONICAL_INPUT_ID_NOT_PROVEN_ADMISSION_ORDER,L_RING
H2S,FULLY_SCHEDULED,CMD_PLC_C08_M04_A3_C08_M04,ControlCommand,126,0.13592233009708737,CANONICAL_INPUT_ID_NOT_PROVEN_ADMISSION_ORDER,L_RING
H2S,FULLY_SCHEDULED,CMD_PLC_C08_M04_A4_C08_M04,ControlCommand,127,0.13700107874865156,CANONICAL_INPUT_ID_NOT_PROVEN_ADMISSION_ORDER,L_RING
H2S,FULLY_SCHEDULED,CMD_PLC_C09_M01_A1_C09_M01,ControlCommand,128,0.13807982740021574,CANONICAL_INPUT_ID_NOT_PROVEN_ADMISSION_ORDER,L_RING
H2S,FULLY_SCHEDULED,CMD_PLC_C09_M01_A2_C09_M01,ControlCommand,129,0.13915857605177995,CANONICAL_INPUT_ID_NOT_PROVEN_ADMISSION_ORDER,L_RING
H2S,FULLY_SCHEDULED,CMD_PLC_C09_M01_A3_C09_M01,ControlCommand,130,0.14023732470334413,CANONICAL_INPUT_ID_NOT_PROVEN_ADMISSION_ORDER,L_RING
H2S,FULLY_SCHEDULED,CMD_PLC_C09_M01_A4_C09_M01,ControlCommand,131,0.1413160733549083,CANONICAL_INPUT_ID_NOT_PROVEN_ADMISSION_ORDER,L_RING
H2S,FULLY_SCHEDULED,CMD_PLC_C09_M02_A1_C09_M02,ControlCommand,132,0.1423948220064725,CANONICAL_INPUT_ID_NOT_PROVEN_ADMISSION_ORDER,L_RING
H2S,FULLY_SCHEDULED,CMD_PLC_C09_M02_A2_C09_M02,ControlCommand,133,0.14347357065803668,CANONICAL_INPUT_ID_NOT_PROVEN_ADMISSION_ORDER,L_RING
H2S,FULLY_SCHEDULED,CMD_PLC_C09_M02_A3_C09_M02,ControlCommand,134,0.14455231930960086,CANONICAL_INPUT_ID_NOT_PROVEN_ADMISSION_ORDER,L_RING
H2S,ZERO_SCHEDULED,CMD_PLC_C09_M02_A4_C09_M02,ControlCommand,135,0.14563106796116504,CANONICAL_INPUT_ID_NOT_PROVEN_ADMISSION_ORDER,L_RING
H2S,FULLY_SCHEDULED,CMD_PLC_C09_M03_A1_C09_M03,ControlCommand,136,0.14670981661272922,CANONICAL_INPUT_ID_NOT_PROVEN_ADMISSION_ORDER,L_RING
H2S,FULLY_SCHEDULED,CMD_PLC_C09_M03_A2_C09_M03,ControlCommand,137,0.14778856526429343,CANONICAL_INPUT_ID_NOT_PROVEN_ADMISSION_ORDER,L_RING
H2S,FULLY_SCHEDULED,CMD_PLC_C09_M03_A3_C09_M03,ControlCommand,138,0.1488673139158576,CANONICAL_INPUT_ID_NOT_PROVEN_ADMISSION_ORDER,L_RING
H2S,FULLY_SCHEDULED,CMD_PLC_C09_M03_A4_C09_M03,ControlCommand,139,0.1499460625674218,CANONICAL_INPUT_ID_NOT_PROVEN_ADMISSION_ORDER,L_RING
H2S,FULLY_SCHEDULED,CMD_PLC_C09_M04_A1_C09_M04,ControlCommand,140,0.15102481121898598,CANONICAL_INPUT_ID_NOT_PROVEN_ADMISSION_ORDER,L_RING
H2S,FULLY_SCHEDULED,CMD_PLC_C09_M04_A2_C09_M04,ControlCommand,141,0.15210355987055016,CANONICAL_INPUT_ID_NOT_PROVEN_ADMISSION_ORDER,L_RING
H2S,FULLY_SCHEDULED,CMD_PLC_C09_M04_A3_C09_M04,ControlCommand,142,0.15318230852211434,CANONICAL_INPUT_ID_NOT_PROVEN_ADMISSION_ORDER,L_RING
H2S,FULLY_SCHEDULED,CMD_PLC_C09_M04_A4_C09_M04,ControlCommand,143,0.15426105717367852,CANONICAL_INPUT_ID_NOT_PROVEN_ADMISSION_ORDER,L_RING
H2S,FULLY_SCHEDULED,CMD_PLC_C10_M01_A1_C10_M01,ControlCommand,144,0.1553398058252427,CANONICAL_INPUT_ID_NOT_PROVEN_ADMISSION_ORDER,L_RING
H2S,FULLY_SCHEDULED,CMD_PLC_C10_M01_A2_C10_M01,ControlCommand,145,0.15641855447680691,CANONICAL_INPUT_ID_NOT_PROVEN_ADMISSION_ORDER,L_RING
H2S,FULLY_SCHEDULED,CMD_PLC_C10_M01_A3_C10_M01,ControlCommand,146,0.1574973031283711,CANONICAL_INPUT_ID_NOT_PROVEN_ADMISSION_ORDER,L_RING
H2S,FULLY_SCHEDULED,CMD_PLC_C10_M01_A4_C10_M01,ControlCommand,147,0.15857605177993528,CANONICAL_INPUT_ID_NOT_PROVEN_ADMISSION_ORDER,L_RING
H2S,FULLY_SCHEDULED,CMD_PLC_C10_M02_A1_C10_M02,ControlCommand,148,0.15965480043149946,CANONICAL_INPUT_ID_NOT_PROVEN_ADMISSION_ORDER,L_RING
H2S,FULLY_SCHEDULED,CMD_PLC_C10_M02_A2_C10_M02,ControlCommand,149,0.16073354908306364,CANONICAL_INPUT_ID_NOT_PROVEN_ADMISSION_ORDER,L_RING
H2S,FULLY_SCHEDULED,CMD_PLC_C10_M02_A3_C10_M02,ControlCommand,150,0.16181229773462782,CANONICAL_INPUT_ID_NOT_PROVEN_ADMISSION_ORDER,L_RING
H2S,FULLY_SCHEDULED,CMD_PLC_C10_M02_A4_C10_M02,ControlCommand,151,0.162891046386192,CANONICAL_INPUT_ID_NOT_PROVEN_ADMISSION_ORDER,L_RING
H2S,FULLY_SCHEDULED,CMD_PLC_C10_M03_A1_C10_M03,ControlCommand,152,0.16396979503775622,CANONICAL_INPUT_ID_NOT_PROVEN_ADMISSION_ORDER,L_RING
H2S,FULLY_SCHEDULED,CMD_PLC_C10_M03_A2_C10_M03,ControlCommand,153,0.1650485436893204,CANONICAL_INPUT_ID_NOT_PROVEN_ADMISSION_ORDER,L_RING
H2S,FULLY_SCHEDULED,CMD_PLC_C10_M03_A3_C10_M03,ControlCommand,154,0.16612729234088458,CANONICAL_INPUT_ID_NOT_PROVEN_ADMISSION_ORDER,L_RING
H2S,FULLY_SCHEDULED,CMD_PLC_C10_M03_A4_C10_M03,ControlCommand,155,0.16720604099244876,CANONICAL_INPUT_ID_NOT_PROVEN_ADMISSION_ORDER,L_RING
H2S,FULLY_SCHEDULED,CMD_PLC_C10_M04_A1_C10_M04,ControlCommand,156,0.16828478964401294,CANONICAL_INPUT_ID_NOT_PROVEN_ADMISSION_ORDER,L_RING
H2S,FULLY_SCHEDULED,CMD_PLC_C10_M04_A2_C10_M04,ControlCommand,157,0.16936353829557713,CANONICAL_INPUT_ID_NOT_PROVEN_ADMISSION_ORDER,L_RING
H2S,FULLY_SCHEDULED,CMD_PLC_C10_M04_A3_C10_M04,ControlCommand,158,0.1704422869471413,CANONICAL_INPUT_ID_NOT_PROVEN_ADMISSION_ORDER,L_RING
H2S,FULLY_SCHEDULED,CMD_PLC_C10_M04_A4_C10_M04,ControlCommand,159,0.1715210355987055,CANONICAL_INPUT_ID_NOT_PROVEN_ADMISSION_ORDER,L_RING
H2S,FULLY_SCHEDULED,CMD_PLC_C11_M01_A1_C11_M01,ControlCommand,160,0.1725997842502697,CANONICAL_INPUT_ID_NOT_PROVEN_ADMISSION_ORDER,L_RING
H2S,FULLY_SCHEDULED,CMD_PLC_C11_M01_A2_C11_M01,ControlCommand,161,0.17367853290183388,CANONICAL_INPUT_ID_NOT_PROVEN_ADMISSION_ORDER,L_RING
H2S,FULLY_SCHEDULED,CMD_PLC_C11_M01_A3_C11_M01,ControlCommand,162,0.17475728155339806,CANONICAL_INPUT_ID_NOT_PROVEN_ADMISSION_ORDER,L_RING
H2S,FULLY_SCHEDULED,CMD_PLC_C11_M01_A4_C11_M01,ControlCommand,163,0.17583603020496225,CANONICAL_INPUT_ID_NOT_PROVEN_ADMISSION_ORDER,L_RING
H2S,FULLY_SCHEDULED,CMD_PLC_C11_M02_A1_C11_M02,ControlCommand,164,0.17691477885652643,CANONICAL_INPUT_ID_NOT_PROVEN_ADMISSION_ORDER,L_RING
H2S,FULLY_SCHEDULED,CMD_PLC_C11_M02_A2_C11_M02,ControlCommand,165,0.1779935275080906,CANONICAL_INPUT_ID_NOT_PROVEN_ADMISSION_ORDER,L_RING
H2S,FULLY_SCHEDULED,CMD_PLC_C11_M02_A3_C11_M02,ControlCommand,166,0.1790722761596548,CANONICAL_INPUT_ID_NOT_PROVEN_ADMISSION_ORDER,L_RING
H2S,FULLY_SCHEDULED,CMD_PLC_C11_M02_A4_C11_M02,ControlCommand,167,0.18015102481121897,CANONICAL_INPUT_ID_NOT_PROVEN_ADMISSION_ORDER,L_RING
H2S,FULLY_SCHEDULED,CMD_PLC_C11_M03_A1_C11_M03,ControlCommand,168,0.18122977346278318,CANONICAL_INPUT_ID_NOT_PROVEN_ADMISSION_ORDER,L_RING
H2S,FULLY_SCHEDULED,CMD_PLC_C11_M03_A2_C11_M03,ControlCommand,169,0.18230852211434737,CANONICAL_INPUT_ID_NOT_PROVEN_ADMISSION_ORDER,L_RING
H2S,FULLY_SCHEDULED,CMD_PLC_C11_M03_A3_C11_M03,ControlCommand,170,0.18338727076591155,CANONICAL_INPUT_ID_NOT_PROVEN_ADMISSION_ORDER,L_RING
H2S,FULLY_SCHEDULED,CMD_PLC_C11_M03_A4_C11_M03,ControlCommand,171,0.18446601941747573,CANONICAL_INPUT_ID_NOT_PROVEN_ADMISSION_ORDER,L_RING
H2S,FULLY_SCHEDULED,CMD_PLC_C11_M04_A1_C11_M04,ControlCommand,172,0.1855447680690399,CANONICAL_INPUT_ID_NOT_PROVEN_ADMISSION_ORDER,L_RING
H2S,ZERO_SCHEDULED,CMD_PLC_C11_M04_A2_C11_M04,ControlCommand,173,0.1866235167206041,CANONICAL_INPUT_ID_NOT_PROVEN_ADMISSION_ORDER,L_RING
H2S,FULLY_SCHEDULED,CMD_PLC_C11_M04_A3_C11_M04,ControlCommand,174,0.18770226537216828,CANONICAL_INPUT_ID_NOT_PROVEN_ADMISSION_ORDER,L_RING
H2S,FULLY_SCHEDULED,CMD_PLC_C11_M04_A4_C11_M04,ControlCommand,175,0.18878101402373246,CANONICAL_INPUT_ID_NOT_PROVEN_ADMISSION_ORDER,L_RING
H2S,FULLY_SCHEDULED,CMD_PLC_C12_M01_A1_C12_M01,ControlCommand,176,0.18985976267529667,CANONICAL_INPUT_ID_NOT_PROVEN_ADMISSION_ORDER,L_RING
H2S,FULLY_SCHEDULED,CMD_PLC_C12_M01_A2_C12_M01,ControlCommand,177,0.19093851132686085,CANONICAL_INPUT_ID_NOT_PROVEN_ADMISSION_ORDER,L_RING
H2S,FULLY_SCHEDULED,CMD_PLC_C12_M01_A3_C12_M01,ControlCommand,178,0.19201725997842503,CANONICAL_INPUT_ID_NOT_PROVEN_ADMISSION_ORDER,L_RING
H2S,ZERO_SCHEDULED,CMD_PLC_C12_M01_A4_C12_M01,ControlCommand,179,0.1930960086299892,CANONICAL_INPUT_ID_NOT_PROVEN_ADMISSION_ORDER,L_RING
H2S,FULLY_SCHEDULED,CMD_PLC_C12_M02_A1_C12_M02,ControlCommand,180,0.1941747572815534,CANONICAL_INPUT_ID_NOT_PROVEN_ADMISSION_ORDER,L_RING
H2S,FULLY_SCHEDULED,CMD_PLC_C12_M02_A2_C12_M02,ControlCommand,181,0.19525350593311758,CANONICAL_INPUT_ID_NOT_PROVEN_ADMISSION_ORDER,L_RING
H2S,FULLY_SCHEDULED,CMD_PLC_C12_M02_A3_C12_M02,ControlCommand,182,0.19633225458468176,CANONICAL_INPUT_ID_NOT_PROVEN_ADMISSION_ORDER,L_RING
H2S,FULLY_SCHEDULED,CMD_PLC_C12_M02_A4_C12_M02,ControlCommand,183,0.19741100323624594,CANONICAL_INPUT_ID_NOT_PROVEN_ADMISSION_ORDER,L_RING
H2S,FULLY_SCHEDULED,CMD_PLC_C12_M03_A1_C12_M03,ControlCommand,184,0.19848975188781015,CANONICAL_INPUT_ID_NOT_PROVEN_ADMISSION_ORDER,L_RING
H2S,FULLY_SCHEDULED,CMD_PLC_C12_M03_A2_C12_M03,ControlCommand,185,0.19956850053937433,CANONICAL_INPUT_ID_NOT_PROVEN_ADMISSION_ORDER,L_RING
H2S,FULLY_SCHEDULED,CMD_PLC_C12_M03_A3_C12_M03,ControlCommand,186,0.20064724919093851,CANONICAL_INPUT_ID_NOT_PROVEN_ADMISSION_ORDER,L_RING
H2S,FULLY_SCHEDULED,CMD_PLC_C12_M03_A4_C12_M03,ControlCommand,187,0.2017259978425027,CANONICAL_INPUT_ID_NOT_PROVEN_ADMISSION_ORDER,L_RING
H2S,FULLY_SCHEDULED,CMD_PLC_C12_M04_A1_C12_M04,ControlCommand,188,0.20280474649406688,CANONICAL_INPUT_ID_NOT_PROVEN_ADMISSION_ORDER,L_RING
H2S,FULLY_SCHEDULED,CMD_PLC_C12_M04_A2_C12_M04,ControlCommand,189,0.20388349514563106,CANONICAL_INPUT_ID_NOT_PROVEN_ADMISSION_ORDER,L_RING
H2S,FULLY_SCHEDULED,CMD_PLC_C12_M04_A3_C12_M04,ControlCommand,190,0.20496224379719524,CANONICAL_INPUT_ID_NOT_PROVEN_ADMISSION_ORDER,L_RING
H2S,FULLY_SCHEDULED,CMD_PLC_C12_M04_A4_C12_M04,ControlCommand,191,0.20604099244875945,CANONICAL_INPUT_ID_NOT_PROVEN_ADMISSION_ORDER,L_RING
H2S,FULLY_SCHEDULED,CMD_PLC_C13_M01_A1_C13_M01,ControlCommand,192,0.20711974110032363,CANONICAL_INPUT_ID_NOT_PROVEN_ADMISSION_ORDER,L_RING
H2S,FULLY_SCHEDULED,CMD_PLC_C13_M01_A2_C13_M01,ControlCommand,193,0.20819848975188782,CANONICAL_INPUT_ID_NOT_PROVEN_ADMISSION_ORDER,L_RING
H2S,FULLY_SCHEDULED,CMD_PLC_C13_M01_A3_C13_M01,ControlCommand,194,0.209277238403452,CANONICAL_INPUT_ID_NOT_PROVEN_ADMISSION_ORDER,L_RING
H2S,FULLY_SCHEDULED,CMD_PLC_C13_M01_A4_C13_M01,ControlCommand,195,0.21035598705501618,CANONICAL_INPUT_ID_NOT_PROVEN_ADMISSION_ORDER,L_RING
H2S,FULLY_SCHEDULED,CMD_PLC_C13_M02_A1_C13_M02,ControlCommand,196,0.21143473570658036,CANONICAL_INPUT_ID_NOT_PROVEN_ADMISSION_ORDER,L_RING
H2S,FULLY_SCHEDULED,CMD_PLC_C13_M02_A2_C13_M02,ControlCommand,197,0.21251348435814454,CANONICAL_INPUT_ID_NOT_PROVEN_ADMISSION_ORDER,L_RING
H2S,FULLY_SCHEDULED,CMD_PLC_C13_M02_A3_C13_M02,ControlCommand,198,0.21359223300970873,CANONICAL_INPUT_ID_NOT_PROVEN_ADMISSION_ORDER,L_RING
H2S,ZERO_SCHEDULED,CMD_PLC_C13_M02_A4_C13_M02,ControlCommand,199,0.21467098166127294,CANONICAL_INPUT_ID_NOT_PROVEN_ADMISSION_ORDER,L_RING
H2S,FULLY_SCHEDULED,CMD_PLC_C13_M03_A1_C13_M03,ControlCommand,200,0.21574973031283712,CANONICAL_INPUT_ID_NOT_PROVEN_ADMISSION_ORDER,L_RING
H2S,FULLY_SCHEDULED,CMD_PLC_C13_M03_A2_C13_M03,ControlCommand,201,0.2168284789644013,CANONICAL_INPUT_ID_NOT_PROVEN_ADMISSION_ORDER,L_RING
H2S,FULLY_SCHEDULED,CMD_PLC_C13_M03_A3_C13_M03,ControlCommand,202,0.21790722761596548,CANONICAL_INPUT_ID_NOT_PROVEN_ADMISSION_ORDER,L_RING
H2S,ZERO_SCHEDULED,CMD_PLC_C13_M03_A4_C13_M03,ControlCommand,203,0.21898597626752966,CANONICAL_INPUT_ID_NOT_PROVEN_ADMISSION_ORDER,L_RING
H2S,FULLY_SCHEDULED,CMD_PLC_C13_M04_A1_C13_M04,ControlCommand,204,0.22006472491909385,CANONICAL_INPUT_ID_NOT_PROVEN_ADMISSION_ORDER,L_RING
H2S,FULLY_SCHEDULED,CMD_PLC_C13_M04_A2_C13_M04,ControlCommand,205,0.22114347357065803,CANONICAL_INPUT_ID_NOT_PROVEN_ADMISSION_ORDER,L_RING
H2S,FULLY_SCHEDULED,CMD_PLC_C13_M04_A3_C13_M04,ControlCommand,206,0.2222222222222222,CANONICAL_INPUT_ID_NOT_PROVEN_ADMISSION_ORDER,L_RING
H2S,FULLY_SCHEDULED,CMD_PLC_C13_M04_A4_C13_M04,ControlCommand,207,0.22330097087378642,CANONICAL_INPUT_ID_NOT_PROVEN_ADMISSION_ORDER,L_RING
H2S,FULLY_SCHEDULED,CMD_PLC_C14_M01_A1_C14_M01,ControlCommand,208,0.2243797195253506,CANONICAL_INPUT_ID_NOT_PROVEN_ADMISSION_ORDER,L_RING
H2S,FULLY_SCHEDULED,CMD_PLC_C14_M01_A2_C14_M01,ControlCommand,209,0.22545846817691478,CANONICAL_INPUT_ID_NOT_PROVEN_ADMISSION_ORDER,L_RING
H2S,FULLY_SCHEDULED,CMD_PLC_C14_M01_A3_C14_M01,ControlCommand,210,0.22653721682847897,CANONICAL_INPUT_ID_NOT_PROVEN_ADMISSION_ORDER,L_RING
H2S,FULLY_SCHEDULED,CMD_PLC_C14_M01_A4_C14_M01,ControlCommand,211,0.22761596548004315,CANONICAL_INPUT_ID_NOT_PROVEN_ADMISSION_ORDER,L_RING
H2S,FULLY_SCHEDULED,CMD_PLC_C14_M02_A1_C14_M02,ControlCommand,212,0.22869471413160733,CANONICAL_INPUT_ID_NOT_PROVEN_ADMISSION_ORDER,L_RING
H2S,FULLY_SCHEDULED,CMD_PLC_C14_M02_A2_C14_M02,ControlCommand,213,0.2297734627831715,CANONICAL_INPUT_ID_NOT_PROVEN_ADMISSION_ORDER,L_RING
H2S,FULLY_SCHEDULED,CMD_PLC_C14_M02_A3_C14_M02,ControlCommand,214,0.2308522114347357,CANONICAL_INPUT_ID_NOT_PROVEN_ADMISSION_ORDER,L_RING
H2S,FULLY_SCHEDULED,CMD_PLC_C14_M02_A4_C14_M02,ControlCommand,215,0.2319309600862999,CANONICAL_INPUT_ID_NOT_PROVEN_ADMISSION_ORDER,L_RING
H2S,FULLY_SCHEDULED,CMD_PLC_C14_M03_A1_C14_M03,ControlCommand,216,0.23300970873786409,CANONICAL_INPUT_ID_NOT_PROVEN_ADMISSION_ORDER,L_RING
H2S,FULLY_SCHEDULED,CMD_PLC_C14_M03_A2_C14_M03,ControlCommand,217,0.23408845738942827,CANONICAL_INPUT_ID_NOT_PROVEN_ADMISSION_ORDER,L_RING
H2S,FULLY_SCHEDULED,CMD_PLC_C14_M03_A3_C14_M03,ControlCommand,218,0.23516720604099245,CANONICAL_INPUT_ID_NOT_PROVEN_ADMISSION_ORDER,L_RING
H2S,ZERO_SCHEDULED,CMD_PLC_C14_M03_A4_C14_M03,ControlCommand,219,0.23624595469255663,CANONICAL_INPUT_ID_NOT_PROVEN_ADMISSION_ORDER,L_RING
H2S,FULLY_SCHEDULED,CMD_PLC_C14_M04_A1_C14_M04,ControlCommand,220,0.2373247033441208,CANONICAL_INPUT_ID_NOT_PROVEN_ADMISSION_ORDER,L_RING
H2S,FULLY_SCHEDULED,CMD_PLC_C14_M04_A2_C14_M04,ControlCommand,221,0.238403451995685,CANONICAL_INPUT_ID_NOT_PROVEN_ADMISSION_ORDER,L_RING
H2S,FULLY_SCHEDULED,CMD_PLC_C14_M04_A3_C14_M04,ControlCommand,222,0.23948220064724918,CANONICAL_INPUT_ID_NOT_PROVEN_ADMISSION_ORDER,L_RING
H2S,FULLY_SCHEDULED,CMD_PLC_C14_M04_A4_C14_M04,ControlCommand,223,0.2405609492988134,CANONICAL_INPUT_ID_NOT_PROVEN_ADMISSION_ORDER,L_RING
H2S,FULLY_SCHEDULED,CMD_PLC_C15_M01_A1_C15_M01,ControlCommand,224,0.24163969795037757,CANONICAL_INPUT_ID_NOT_PROVEN_ADMISSION_ORDER,L_RING
H2S,FULLY_SCHEDULED,CMD_PLC_C15_M01_A2_C15_M01,ControlCommand,225,0.24271844660194175,CANONICAL_INPUT_ID_NOT_PROVEN_ADMISSION_ORDER,L_RING
H2S,FULLY_SCHEDULED,CMD_PLC_C15_M01_A3_C15_M01,ControlCommand,226,0.24379719525350593,CANONICAL_INPUT_ID_NOT_PROVEN_ADMISSION_ORDER,L_RING
H2S,FULLY_SCHEDULED,CMD_PLC_C15_M01_A4_C15_M01,ControlCommand,227,0.24487594390507011,CANONICAL_INPUT_ID_NOT_PROVEN_ADMISSION_ORDER,L_RING
H2S,FULLY_SCHEDULED,CMD_PLC_C15_M02_A1_C15_M02,ControlCommand,228,0.2459546925566343,CANONICAL_INPUT_ID_NOT_PROVEN_ADMISSION_ORDER,L_RING
H2S,FULLY_SCHEDULED,CMD_PLC_C15_M02_A2_C15_M02,ControlCommand,229,0.24703344120819848,CANONICAL_INPUT_ID_NOT_PROVEN_ADMISSION_ORDER,L_RING
H2S,FULLY_SCHEDULED,CMD_PLC_C15_M02_A3_C15_M02,ControlCommand,230,0.2481121898597627,CANONICAL_INPUT_ID_NOT_PROVEN_ADMISSION_ORDER,L_RING
H2S,FULLY_SCHEDULED,CMD_PLC_C15_M02_A4_C15_M02,ControlCommand,231,0.24919093851132687,CANONICAL_INPUT_ID_NOT_PROVEN_ADMISSION_ORDER,L_RING
H2S,FULLY_SCHEDULED,CMD_PLC_C15_M03_A1_C15_M03,ControlCommand,232,0.25026968716289105,CANONICAL_INPUT_ID_NOT_PROVEN_ADMISSION_ORDER,L_RING
H2S,FULLY_SCHEDULED,CMD_PLC_C15_M03_A2_C15_M03,ControlCommand,233,0.2513484358144552,CANONICAL_INPUT_ID_NOT_PROVEN_ADMISSION_ORDER,L_RING
H2S,FULLY_SCHEDULED,CMD_PLC_C15_M03_A3_C15_M03,ControlCommand,234,0.2524271844660194,CANONICAL_INPUT_ID_NOT_PROVEN_ADMISSION_ORDER,L_RING
H2S,FULLY_SCHEDULED,CMD_PLC_C15_M03_A4_C15_M03,ControlCommand,235,0.2535059331175836,CANONICAL_INPUT_ID_NOT_PROVEN_ADMISSION_ORDER,L_RING
H2S,FULLY_SCHEDULED,CMD_PLC_C15_M04_A1_C15_M04,ControlCommand,236,0.2545846817691478,CANONICAL_INPUT_ID_NOT_PROVEN_ADMISSION_ORDER,L_RING
H2S,FULLY_SCHEDULED,CMD_PLC_C15_M04_A2_C15_M04,ControlCommand,237,0.255663430420712,CANONICAL_INPUT_ID_NOT_PROVEN_ADMISSION_ORDER,L_RING
H2S,FULLY_SCHEDULED,CMD_PLC_C15_M04_A3_C15_M04,ControlCommand,238,0.25674217907227614,CANONICAL_INPUT_ID_NOT_PROVEN_ADMISSION_ORDER,L_RING
H2S,ZERO_SCHEDULED,CMD_PLC_C15_M04_A4_C15_M04,ControlCommand,239,0.25782092772384035,CANONICAL_INPUT_ID_NOT_PROVEN_ADMISSION_ORDER,L_RING
H2S,FULLY_SCHEDULED,CMD_PLC_C16_M01_A1_C16_M01,ControlCommand,240,0.2588996763754045,CANONICAL_INPUT_ID_NOT_PROVEN_ADMISSION_ORDER,L_RING
H2S,FULLY_SCHEDULED,CMD_PLC_C16_M01_A2_C16_M01,ControlCommand,241,0.2599784250269687,CANONICAL_INPUT_ID_NOT_PROVEN_ADMISSION_ORDER,L_RING
H2S,FULLY_SCHEDULED,CMD_PLC_C16_M01_A3_C16_M01,ControlCommand,242,0.26105717367853293,CANONICAL_INPUT_ID_NOT_PROVEN_ADMISSION_ORDER,L_RING
H2S,FULLY_SCHEDULED,CMD_PLC_C16_M01_A4_C16_M01,ControlCommand,243,0.2621359223300971,CANONICAL_INPUT_ID_NOT_PROVEN_ADMISSION_ORDER,L_RING
H2S,FULLY_SCHEDULED,CMD_PLC_C16_M02_A1_C16_M02,ControlCommand,244,0.2632146709816613,CANONICAL_INPUT_ID_NOT_PROVEN_ADMISSION_ORDER,L_RING
H2S,FULLY_SCHEDULED,CMD_PLC_C16_M02_A2_C16_M02,ControlCommand,245,0.26429341963322545,CANONICAL_INPUT_ID_NOT_PROVEN_ADMISSION_ORDER,L_RING
H2S,FULLY_SCHEDULED,CMD_PLC_C16_M02_A3_C16_M02,ControlCommand,246,0.26537216828478966,CANONICAL_INPUT_ID_NOT_PROVEN_ADMISSION_ORDER,L_RING
H2S,FULLY_SCHEDULED,CMD_PLC_C16_M02_A4_C16_M02,ControlCommand,247,0.2664509169363538,CANONICAL_INPUT_ID_NOT_PROVEN_ADMISSION_ORDER,L_RING
H2S,FULLY_SCHEDULED,CMD_PLC_C16_M03_A1_C16_M03,ControlCommand,248,0.267529665587918,CANONICAL_INPUT_ID_NOT_PROVEN_ADMISSION_ORDER,L_RING
H2S,FULLY_SCHEDULED,CMD_PLC_C16_M03_A2_C16_M03,ControlCommand,249,0.2686084142394822,CANONICAL_INPUT_ID_NOT_PROVEN_ADMISSION_ORDER,L_RING
H2S,ZERO_SCHEDULED,CMD_PLC_C16_M03_A3_C16_M03,ControlCommand,250,0.2696871628910464,CANONICAL_INPUT_ID_NOT_PROVEN_ADMISSION_ORDER,L_RING
H2S,FULLY_SCHEDULED,CMD_PLC_C16_M03_A4_C16_M03,ControlCommand,251,0.2707659115426106,CANONICAL_INPUT_ID_NOT_PROVEN_ADMISSION_ORDER,L_RING
H2S,FULLY_SCHEDULED,CMD_PLC_C16_M04_A1_C16_M04,ControlCommand,252,0.27184466019417475,CANONICAL_INPUT_ID_NOT_PROVEN_ADMISSION_ORDER,L_RING
H2S,FULLY_SCHEDULED,CMD_PLC_C16_M04_A2_C16_M04,ControlCommand,253,0.27292340884573896,CANONICAL_INPUT_ID_NOT_PROVEN_ADMISSION_ORDER,L_RING
H2S,FULLY_SCHEDULED,CMD_PLC_C16_M04_A3_C16_M04,ControlCommand,254,0.2740021574973031,CANONICAL_INPUT_ID_NOT_PROVEN_ADMISSION_ORDER,L_RING
H2S,FULLY_SCHEDULED,CMD_PLC_C16_M04_A4_C16_M04,ControlCommand,255,0.2750809061488673,CANONICAL_INPUT_ID_NOT_PROVEN_ADMISSION_ORDER,L_RING
H2S,FULLY_SCHEDULED,COORD_CC_C01_PLC_C01_M01,MachineCoordination,256,0.2761596548004315,CANONICAL_INPUT_ID_NOT_PROVEN_ADMISSION_ORDER,L_RING
H2S,FULLY_SCHEDULED,COORD_CC_C01_PLC_C01_M02,MachineCoordination,257,0.2772384034519957,CANONICAL_INPUT_ID_NOT_PROVEN_ADMISSION_ORDER,L_RING
H2S,FULLY_SCHEDULED,COORD_CC_C01_PLC_C01_M03,MachineCoordination,258,0.2783171521035599,CANONICAL_INPUT_ID_NOT_PROVEN_ADMISSION_ORDER,L_RING
H2S,FULLY_SCHEDULED,COORD_CC_C01_PLC_C01_M04,MachineCoordination,259,0.27939590075512405,CANONICAL_INPUT_ID_NOT_PROVEN_ADMISSION_ORDER,L_RING
H2S,FULLY_SCHEDULED,COORD_CC_C02_PLC_C02_M01,MachineCoordination,260,0.28047464940668826,CANONICAL_INPUT_ID_NOT_PROVEN_ADMISSION_ORDER,L_RING
H2S,FULLY_SCHEDULED,COORD_CC_C02_PLC_C02_M02,MachineCoordination,261,0.2815533980582524,CANONICAL_INPUT_ID_NOT_PROVEN_ADMISSION_ORDER,L_RING
H2S,FULLY_SCHEDULED,COORD_CC_C02_PLC_C02_M03,MachineCoordination,262,0.2826321467098166,CANONICAL_INPUT_ID_NOT_PROVEN_ADMISSION_ORDER,L_RING
H2S,FULLY_SCHEDULED,COORD_CC_C02_PLC_C02_M04,MachineCoordination,263,0.2837108953613808,CANONICAL_INPUT_ID_NOT_PROVEN_ADMISSION_ORDER,L_RING
H2S,FULLY_SCHEDULED,COORD_CC_C03_PLC_C03_M01,MachineCoordination,264,0.284789644012945,CANONICAL_INPUT_ID_NOT_PROVEN_ADMISSION_ORDER,L_RING
H2S,FULLY_SCHEDULED,COORD_CC_C03_PLC_C03_M02,MachineCoordination,265,0.2858683926645092,CANONICAL_INPUT_ID_NOT_PROVEN_ADMISSION_ORDER,L_RING
H2S,FULLY_SCHEDULED,COORD_CC_C03_PLC_C03_M03,MachineCoordination,266,0.28694714131607335,CANONICAL_INPUT_ID_NOT_PROVEN_ADMISSION_ORDER,L_RING
H2S,FULLY_SCHEDULED,COORD_CC_C03_PLC_C03_M04,MachineCoordination,267,0.28802588996763756,CANONICAL_INPUT_ID_NOT_PROVEN_ADMISSION_ORDER,L_RING
H2S,FULLY_SCHEDULED,COORD_CC_C04_PLC_C04_M01,MachineCoordination,268,0.2891046386192017,CANONICAL_INPUT_ID_NOT_PROVEN_ADMISSION_ORDER,L_RING
H2S,FULLY_SCHEDULED,COORD_CC_C04_PLC_C04_M02,MachineCoordination,269,0.2901833872707659,CANONICAL_INPUT_ID_NOT_PROVEN_ADMISSION_ORDER,L_RING
H2S,FULLY_SCHEDULED,COORD_CC_C04_PLC_C04_M03,MachineCoordination,270,0.2912621359223301,CANONICAL_INPUT_ID_NOT_PROVEN_ADMISSION_ORDER,L_RING
H2S,FULLY_SCHEDULED,COORD_CC_C04_PLC_C04_M04,MachineCoordination,271,0.2923408845738943,CANONICAL_INPUT_ID_NOT_PROVEN_ADMISSION_ORDER,L_RING
H2S,FULLY_SCHEDULED,COORD_CC_C05_PLC_C05_M01,MachineCoordination,272,0.29341963322545844,CANONICAL_INPUT_ID_NOT_PROVEN_ADMISSION_ORDER,L_RING
H2S,ZERO_SCHEDULED,COORD_CC_C05_PLC_C05_M02,MachineCoordination,273,0.29449838187702265,CANONICAL_INPUT_ID_NOT_PROVEN_ADMISSION_ORDER,L_RING
H2S,FULLY_SCHEDULED,COORD_CC_C05_PLC_C05_M03,MachineCoordination,274,0.29557713052858686,CANONICAL_INPUT_ID_NOT_PROVEN_ADMISSION_ORDER,L_RING
H2S,FULLY_SCHEDULED,COORD_CC_C05_PLC_C05_M04,MachineCoordination,275,0.296655879180151,CANONICAL_INPUT_ID_NOT_PROVEN_ADMISSION_ORDER,L_RING
H2S,FULLY_SCHEDULED,COORD_CC_C06_PLC_C06_M01,MachineCoordination,276,0.2977346278317152,CANONICAL_INPUT_ID_NOT_PROVEN_ADMISSION_ORDER,L_RING
H2S,FULLY_SCHEDULED,COORD_CC_C06_PLC_C06_M02,MachineCoordination,277,0.2988133764832794,CANONICAL_INPUT_ID_NOT_PROVEN_ADMISSION_ORDER,L_RING
H2S,FULLY_SCHEDULED,COORD_CC_C06_PLC_C06_M03,MachineCoordination,278,0.2998921251348436,CANONICAL_INPUT_ID_NOT_PROVEN_ADMISSION_ORDER,L_RING
H2S,FULLY_SCHEDULED,COORD_CC_C06_PLC_C06_M04,MachineCoordination,279,0.30097087378640774,CANONICAL_INPUT_ID_NOT_PROVEN_ADMISSION_ORDER,L_RING
H2S,FULLY_SCHEDULED,COORD_CC_C07_PLC_C07_M01,MachineCoordination,280,0.30204962243797195,CANONICAL_INPUT_ID_NOT_PROVEN_ADMISSION_ORDER,L_RING
H2S,FULLY_SCHEDULED,COORD_CC_C07_PLC_C07_M02,MachineCoordination,281,0.30312837108953616,CANONICAL_INPUT_ID_NOT_PROVEN_ADMISSION_ORDER,L_RING
H2S,FULLY_SCHEDULED,COORD_CC_C07_PLC_C07_M03,MachineCoordination,282,0.3042071197411003,CANONICAL_INPUT_ID_NOT_PROVEN_ADMISSION_ORDER,L_RING
H2S,FULLY_SCHEDULED,COORD_CC_C07_PLC_C07_M04,MachineCoordination,283,0.30528586839266453,CANONICAL_INPUT_ID_NOT_PROVEN_ADMISSION_ORDER,L_RING
H2S,FULLY_SCHEDULED,COORD_CC_C08_PLC_C08_M01,MachineCoordination,284,0.3063646170442287,CANONICAL_INPUT_ID_NOT_PROVEN_ADMISSION_ORDER,L_RING
H2S,FULLY_SCHEDULED,COORD_CC_C08_PLC_C08_M02,MachineCoordination,285,0.3074433656957929,CANONICAL_INPUT_ID_NOT_PROVEN_ADMISSION_ORDER,L_RING
H2S,FULLY_SCHEDULED,COORD_CC_C08_PLC_C08_M03,MachineCoordination,286,0.30852211434735705,CANONICAL_INPUT_ID_NOT_PROVEN_ADMISSION_ORDER,L_RING
H2S,FULLY_SCHEDULED,COORD_CC_C08_PLC_C08_M04,MachineCoordination,287,0.30960086299892126,CANONICAL_INPUT_ID_NOT_PROVEN_ADMISSION_ORDER,L_RING
H2S,FULLY_SCHEDULED,COORD_CC_C09_PLC_C09_M01,MachineCoordination,288,0.3106796116504854,CANONICAL_INPUT_ID_NOT_PROVEN_ADMISSION_ORDER,L_RING
H2S,FULLY_SCHEDULED,COORD_CC_C09_PLC_C09_M02,MachineCoordination,289,0.3117583603020496,CANONICAL_INPUT_ID_NOT_PROVEN_ADMISSION_ORDER,L_RING
H2S,FULLY_SCHEDULED,COORD_CC_C09_PLC_C09_M03,MachineCoordination,290,0.31283710895361383,CANONICAL_INPUT_ID_NOT_PROVEN_ADMISSION_ORDER,L_RING
H2S,FULLY_SCHEDULED,COORD_CC_C09_PLC_C09_M04,MachineCoordination,291,0.313915857605178,CANONICAL_INPUT_ID_NOT_PROVEN_ADMISSION_ORDER,L_RING
H2S,FULLY_SCHEDULED,COORD_CC_C10_PLC_C10_M01,MachineCoordination,292,0.3149946062567422,CANONICAL_INPUT_ID_NOT_PROVEN_ADMISSION_ORDER,L_RING
H2S,FULLY_SCHEDULED,COORD_CC_C10_PLC_C10_M02,MachineCoordination,293,0.31607335490830635,CANONICAL_INPUT_ID_NOT_PROVEN_ADMISSION_ORDER,L_RING
H2S,FULLY_SCHEDULED,COORD_CC_C10_PLC_C10_M03,MachineCoordination,294,0.31715210355987056,CANONICAL_INPUT_ID_NOT_PROVEN_ADMISSION_ORDER,L_RING
H2S,FULLY_SCHEDULED,COORD_CC_C10_PLC_C10_M04,MachineCoordination,295,0.3182308522114347,CANONICAL_INPUT_ID_NOT_PROVEN_ADMISSION_ORDER,L_RING
H2S,FULLY_SCHEDULED,COORD_CC_C11_PLC_C11_M01,MachineCoordination,296,0.3193096008629989,CANONICAL_INPUT_ID_NOT_PROVEN_ADMISSION_ORDER,L_RING
H2S,FULLY_SCHEDULED,COORD_CC_C11_PLC_C11_M02,MachineCoordination,297,0.32038834951456313,CANONICAL_INPUT_ID_NOT_PROVEN_ADMISSION_ORDER,L_RING
H2S,FULLY_SCHEDULED,COORD_CC_C11_PLC_C11_M03,MachineCoordination,298,0.3214670981661273,CANONICAL_INPUT_ID_NOT_PROVEN_ADMISSION_ORDER,L_RING
H2S,FULLY_SCHEDULED,COORD_CC_C11_PLC_C11_M04,MachineCoordination,299,0.3225458468176915,CANONICAL_INPUT_ID_NOT_PROVEN_ADMISSION_ORDER,L_RING
H2S,FULLY_SCHEDULED,COORD_CC_C12_PLC_C12_M01,MachineCoordination,300,0.32362459546925565,CANONICAL_INPUT_ID_NOT_PROVEN_ADMISSION_ORDER,L_RING
H2S,FULLY_SCHEDULED,COORD_CC_C12_PLC_C12_M02,MachineCoordination,301,0.32470334412081986,CANONICAL_INPUT_ID_NOT_PROVEN_ADMISSION_ORDER,L_RING
H2S,FULLY_SCHEDULED,COORD_CC_C12_PLC_C12_M03,MachineCoordination,302,0.325782092772384,CANONICAL_INPUT_ID_NOT_PROVEN_ADMISSION_ORDER,L_RING
H2S,FULLY_SCHEDULED,COORD_CC_C12_PLC_C12_M04,MachineCoordination,303,0.3268608414239482,CANONICAL_INPUT_ID_NOT_PROVEN_ADMISSION_ORDER,L_RING
H2S,FULLY_SCHEDULED,COORD_CC_C13_PLC_C13_M01,MachineCoordination,304,0.32793959007551243,CANONICAL_INPUT_ID_NOT_PROVEN_ADMISSION_ORDER,L_RING
H2S,FULLY_SCHEDULED,COORD_CC_C13_PLC_C13_M02,MachineCoordination,305,0.3290183387270766,CANONICAL_INPUT_ID_NOT_PROVEN_ADMISSION_ORDER,L_RING
H2S,FULLY_SCHEDULED,COORD_CC_C13_PLC_C13_M03,MachineCoordination,306,0.3300970873786408,CANONICAL_INPUT_ID_NOT_PROVEN_ADMISSION_ORDER,L_RING
H2S,FULLY_SCHEDULED,COORD_CC_C13_PLC_C13_M04,MachineCoordination,307,0.33117583603020495,CANONICAL_INPUT_ID_NOT_PROVEN_ADMISSION_ORDER,L_RING
H2S,FULLY_SCHEDULED,COORD_CC_C14_PLC_C14_M01,MachineCoordination,308,0.33225458468176916,CANONICAL_INPUT_ID_NOT_PROVEN_ADMISSION_ORDER,L_RING
H2S,FULLY_SCHEDULED,COORD_CC_C14_PLC_C14_M02,MachineCoordination,309,0.3333333333333333,CANONICAL_INPUT_ID_NOT_PROVEN_ADMISSION_ORDER,L_RING
H2S,FULLY_SCHEDULED,COORD_CC_C14_PLC_C14_M03,MachineCoordination,310,0.3344120819848975,CANONICAL_INPUT_ID_NOT_PROVEN_ADMISSION_ORDER,L_RING
H2S,FULLY_SCHEDULED,COORD_CC_C14_PLC_C14_M04,MachineCoordination,311,0.3354908306364617,CANONICAL_INPUT_ID_NOT_PROVEN_ADMISSION_ORDER,L_RING
H2S,FULLY_SCHEDULED,COORD_CC_C15_PLC_C15_M01,MachineCoordination,312,0.3365695792880259,CANONICAL_INPUT_ID_NOT_PROVEN_ADMISSION_ORDER,L_RING
H2S,FULLY_SCHEDULED,COORD_CC_C15_PLC_C15_M02,MachineCoordination,313,0.3376483279395901,CANONICAL_INPUT_ID_NOT_PROVEN_ADMISSION_ORDER,L_RING
H2S,FULLY_SCHEDULED,COORD_CC_C15_PLC_C15_M03,MachineCoordination,314,0.33872707659115425,CANONICAL_INPUT_ID_NOT_PROVEN_ADMISSION_ORDER,L_RING
H2S,FULLY_SCHEDULED,COORD_CC_C15_PLC_C15_M04,MachineCoordination,315,0.33980582524271846,CANONICAL_INPUT_ID_NOT_PROVEN_ADMISSION_ORDER,L_RING
H2S,FULLY_SCHEDULED,COORD_CC_C16_PLC_C16_M01,MachineCoordination,316,0.3408845738942826,CANONICAL_INPUT_ID_NOT_PROVEN_ADMISSION_ORDER,L_RING
H2S,FULLY_SCHEDULED,COORD_CC_C16_PLC_C16_M02,MachineCoordination,317,0.3419633225458468,CANONICAL_INPUT_ID_NOT_PROVEN_ADMISSION_ORDER,L_RING
H2S,FULLY_SCHEDULED,COORD_CC_C16_PLC_C16_M03,MachineCoordination,318,0.343042071197411,CANONICAL_INPUT_ID_NOT_PROVEN_ADMISSION_ORDER,L_RING
H2S,FULLY_SCHEDULED,COORD_CC_C16_PLC_C16_M04,MachineCoordination,319,0.3441208198489752,CANONICAL_INPUT_ID_NOT_PROVEN_ADMISSION_ORDER,L_RING
H2S,FULLY_SCHEDULED,IC_NEXT_CC_C01,InterCellNext,320,0.3451995685005394,CANONICAL_INPUT_ID_NOT_PROVEN_ADMISSION_ORDER,L_RING
H2S,FULLY_SCHEDULED,IC_NEXT_CC_C02,InterCellNext,321,0.34627831715210355,CANONICAL_INPUT_ID_NOT_PROVEN_ADMISSION_ORDER,L_RING
H2S,FULLY_SCHEDULED,IC_NEXT_CC_C03,InterCellNext,322,0.34735706580366776,CANONICAL_INPUT_ID_NOT_PROVEN_ADMISSION_ORDER,L_RING
H2S,FULLY_SCHEDULED,IC_NEXT_CC_C04,InterCellNext,323,0.3484358144552319,CANONICAL_INPUT_ID_NOT_PROVEN_ADMISSION_ORDER,L_RING
H2S,FULLY_SCHEDULED,IC_NEXT_CC_C05,InterCellNext,324,0.34951456310679613,CANONICAL_INPUT_ID_NOT_PROVEN_ADMISSION_ORDER,L_RING
H2S,FULLY_SCHEDULED,IC_NEXT_CC_C06,InterCellNext,325,0.3505933117583603,CANONICAL_INPUT_ID_NOT_PROVEN_ADMISSION_ORDER,L_RING
H2S,FULLY_SCHEDULED,IC_NEXT_CC_C07,InterCellNext,326,0.3516720604099245,CANONICAL_INPUT_ID_NOT_PROVEN_ADMISSION_ORDER,L_RING
H2S,FULLY_SCHEDULED,IC_NEXT_CC_C08,InterCellNext,327,0.35275080906148865,CANONICAL_INPUT_ID_NOT_PROVEN_ADMISSION_ORDER,L_RING
H2S,FULLY_SCHEDULED,IC_NEXT_CC_C09,InterCellNext,328,0.35382955771305286,CANONICAL_INPUT_ID_NOT_PROVEN_ADMISSION_ORDER,L_RING
H2S,FULLY_SCHEDULED,IC_NEXT_CC_C10,InterCellNext,329,0.35490830636461707,CANONICAL_INPUT_ID_NOT_PROVEN_ADMISSION_ORDER,L_RING
H2S,FULLY_SCHEDULED,IC_NEXT_CC_C11,InterCellNext,330,0.3559870550161812,CANONICAL_INPUT_ID_NOT_PROVEN_ADMISSION_ORDER,L_RING
H2S,FULLY_SCHEDULED,IC_NEXT_CC_C12,InterCellNext,331,0.35706580366774543,CANONICAL_INPUT_ID_NOT_PROVEN_ADMISSION_ORDER,L_RING
H2S,FULLY_SCHEDULED,IC_NEXT_CC_C13,InterCellNext,332,0.3581445523193096,CANONICAL_INPUT_ID_NOT_PROVEN_ADMISSION_ORDER,L_RING
H2S,FULLY_SCHEDULED,IC_NEXT_CC_C14,InterCellNext,333,0.3592233009708738,CANONICAL_INPUT_ID_NOT_PROVEN_ADMISSION_ORDER,L_RING
H2S,FULLY_SCHEDULED,IC_NEXT_CC_C15,InterCellNext,334,0.36030204962243795,CANONICAL_INPUT_ID_NOT_PROVEN_ADMISSION_ORDER,L_RING
H2S,FULLY_SCHEDULED,IC_NEXT_CC_C16,InterCellNext,335,0.36138079827400216,CANONICAL_INPUT_ID_NOT_PROVEN_ADMISSION_ORDER,L_RING
H2S,FULLY_SCHEDULED,IC_PREV_CC_C01,InterCellPrevious,336,0.36245954692556637,CANONICAL_INPUT_ID_NOT_PROVEN_ADMISSION_ORDER,L_RING
H2S,FULLY_SCHEDULED,IC_PREV_CC_C02,InterCellPrevious,337,0.3635382955771305,CANONICAL_INPUT_ID_NOT_PROVEN_ADMISSION_ORDER,L_RING
H2S,ZERO_SCHEDULED,IC_PREV_CC_C03,InterCellPrevious,338,0.36461704422869473,CANONICAL_INPUT_ID_NOT_PROVEN_ADMISSION_ORDER,L_RING
H2S,FULLY_SCHEDULED,IC_PREV_CC_C04,InterCellPrevious,339,0.3656957928802589,CANONICAL_INPUT_ID_NOT_PROVEN_ADMISSION_ORDER,L_RING
H2S,FULLY_SCHEDULED,IC_PREV_CC_C05,InterCellPrevious,340,0.3667745415318231,CANONICAL_INPUT_ID_NOT_PROVEN_ADMISSION_ORDER,L_RING
H2S,FULLY_SCHEDULED,IC_PREV_CC_C06,InterCellPrevious,341,0.36785329018338725,CANONICAL_INPUT_ID_NOT_PROVEN_ADMISSION_ORDER,L_RING
H2S,FULLY_SCHEDULED,IC_PREV_CC_C07,InterCellPrevious,342,0.36893203883495146,CANONICAL_INPUT_ID_NOT_PROVEN_ADMISSION_ORDER,L_RING
H2S,FULLY_SCHEDULED,IC_PREV_CC_C08,InterCellPrevious,343,0.37001078748651567,CANONICAL_INPUT_ID_NOT_PROVEN_ADMISSION_ORDER,L_RING
H2S,FULLY_SCHEDULED,IC_PREV_CC_C09,InterCellPrevious,344,0.3710895361380798,CANONICAL_INPUT_ID_NOT_PROVEN_ADMISSION_ORDER,L_RING
H2S,FULLY_SCHEDULED,IC_PREV_CC_C10,InterCellPrevious,345,0.37216828478964403,CANONICAL_INPUT_ID_NOT_PROVEN_ADMISSION_ORDER,L_RING
H2S,FULLY_SCHEDULED,IC_PREV_CC_C11,InterCellPrevious,346,0.3732470334412082,CANONICAL_INPUT_ID_NOT_PROVEN_ADMISSION_ORDER,L_RING
H2S,FULLY_SCHEDULED,IC_PREV_CC_C12,InterCellPrevious,347,0.3743257820927724,CANONICAL_INPUT_ID_NOT_PROVEN_ADMISSION_ORDER,L_RING
H2S,FULLY_SCHEDULED,IC_PREV_CC_C13,InterCellPrevious,348,0.37540453074433655,CANONICAL_INPUT_ID_NOT_PROVEN_ADMISSION_ORDER,L_RING
H2S,FULLY_SCHEDULED,IC_PREV_CC_C14,InterCellPrevious,349,0.37648327939590076,CANONICAL_INPUT_ID_NOT_PROVEN_ADMISSION_ORDER,L_RING
H2S,FULLY_SCHEDULED,IC_PREV_CC_C15,InterCellPrevious,350,0.3775620280474649,CANONICAL_INPUT_ID_NOT_PROVEN_ADMISSION_ORDER,L_RING
H2S,FULLY_SCHEDULED,IC_PREV_CC_C16,InterCellPrevious,351,0.3786407766990291,CANONICAL_INPUT_ID_NOT_PROVEN_ADMISSION_ORDER,L_RING
H2S,FULLY_SCHEDULED,SC_S1_C01_M01,SensorCyclic,352,0.37971952535059333,CANONICAL_INPUT_ID_NOT_PROVEN_ADMISSION_ORDER,L_RING
H2S,FULLY_SCHEDULED,SC_S1_C01_M02,SensorCyclic,353,0.3807982740021575,CANONICAL_INPUT_ID_NOT_PROVEN_ADMISSION_ORDER,L_RING
H2S,FULLY_SCHEDULED,SC_S1_C01_M03,SensorCyclic,354,0.3818770226537217,CANONICAL_INPUT_ID_NOT_PROVEN_ADMISSION_ORDER,L_RING
H2S,FULLY_SCHEDULED,SC_S1_C01_M04,SensorCyclic,355,0.38295577130528585,CANONICAL_INPUT_ID_NOT_PROVEN_ADMISSION_ORDER,L_RING
H2S,FULLY_SCHEDULED,SC_S1_C02_M01,SensorCyclic,356,0.38403451995685006,CANONICAL_INPUT_ID_NOT_PROVEN_ADMISSION_ORDER,L_RING
H2S,FULLY_SCHEDULED,SC_S1_C02_M02,SensorCyclic,357,0.3851132686084142,CANONICAL_INPUT_ID_NOT_PROVEN_ADMISSION_ORDER,L_RING
H2S,FULLY_SCHEDULED,SC_S1_C02_M03,SensorCyclic,358,0.3861920172599784,CANONICAL_INPUT_ID_NOT_PROVEN_ADMISSION_ORDER,L_RING
H2S,FULLY_SCHEDULED,SC_S1_C02_M04,SensorCyclic,359,0.38727076591154264,CANONICAL_INPUT_ID_NOT_PROVEN_ADMISSION_ORDER,L_RING
H2S,FULLY_SCHEDULED,SC_S1_C03_M01,SensorCyclic,360,0.3883495145631068,CANONICAL_INPUT_ID_NOT_PROVEN_ADMISSION_ORDER,L_RING
H2S,FULLY_SCHEDULED,SC_S1_C03_M02,SensorCyclic,361,0.389428263214671,CANONICAL_INPUT_ID_NOT_PROVEN_ADMISSION_ORDER,L_RING
H2S,FULLY_SCHEDULED,SC_S1_C03_M03,SensorCyclic,362,0.39050701186623515,CANONICAL_INPUT_ID_NOT_PROVEN_ADMISSION_ORDER,L_RING
H2S,FULLY_SCHEDULED,SC_S1_C03_M04,SensorCyclic,363,0.39158576051779936,CANONICAL_INPUT_ID_NOT_PROVEN_ADMISSION_ORDER,L_RING
H2S,FULLY_SCHEDULED,SC_S1_C04_M01,SensorCyclic,364,0.3926645091693635,CANONICAL_INPUT_ID_NOT_PROVEN_ADMISSION_ORDER,L_RING
H2S,FULLY_SCHEDULED,SC_S1_C04_M02,SensorCyclic,365,0.39374325782092773,CANONICAL_INPUT_ID_NOT_PROVEN_ADMISSION_ORDER,L_RING
H2S,FULLY_SCHEDULED,SC_S1_C04_M03,SensorCyclic,366,0.3948220064724919,CANONICAL_INPUT_ID_NOT_PROVEN_ADMISSION_ORDER,L_RING
H2S,FULLY_SCHEDULED,SC_S1_C04_M04,SensorCyclic,367,0.3959007551240561,CANONICAL_INPUT_ID_NOT_PROVEN_ADMISSION_ORDER,L_RING
H2S,FULLY_SCHEDULED,SC_S1_C05_M01,SensorCyclic,368,0.3969795037756203,CANONICAL_INPUT_ID_NOT_PROVEN_ADMISSION_ORDER,L_RING
H2S,FULLY_SCHEDULED,SC_S1_C05_M02,SensorCyclic,369,0.39805825242718446,CANONICAL_INPUT_ID_NOT_PROVEN_ADMISSION_ORDER,L_RING
H2S,FULLY_SCHEDULED,SC_S1_C05_M03,SensorCyclic,370,0.39913700107874867,CANONICAL_INPUT_ID_NOT_PROVEN_ADMISSION_ORDER,L_RING
H2S,FULLY_SCHEDULED,SC_S1_C05_M04,SensorCyclic,371,0.4002157497303128,CANONICAL_INPUT_ID_NOT_PROVEN_ADMISSION_ORDER,L_RING
H2S,FULLY_SCHEDULED,SC_S1_C06_M01,SensorCyclic,372,0.40129449838187703,CANONICAL_INPUT_ID_NOT_PROVEN_ADMISSION_ORDER,L_RING
H2S,FULLY_SCHEDULED,SC_S1_C06_M02,SensorCyclic,373,0.4023732470334412,CANONICAL_INPUT_ID_NOT_PROVEN_ADMISSION_ORDER,L_RING
H2S,FULLY_SCHEDULED,SC_S1_C06_M03,SensorCyclic,374,0.4034519956850054,CANONICAL_INPUT_ID_NOT_PROVEN_ADMISSION_ORDER,L_RING
H2S,FULLY_SCHEDULED,SC_S1_C06_M04,SensorCyclic,375,0.4045307443365696,CANONICAL_INPUT_ID_NOT_PROVEN_ADMISSION_ORDER,L_RING
H2S,FULLY_SCHEDULED,SC_S1_C07_M01,SensorCyclic,376,0.40560949298813376,CANONICAL_INPUT_ID_NOT_PROVEN_ADMISSION_ORDER,L_RING
H2S,FULLY_SCHEDULED,SC_S1_C07_M02,SensorCyclic,377,0.40668824163969797,CANONICAL_INPUT_ID_NOT_PROVEN_ADMISSION_ORDER,L_RING
H2S,FULLY_SCHEDULED,SC_S1_C07_M03,SensorCyclic,378,0.4077669902912621,CANONICAL_INPUT_ID_NOT_PROVEN_ADMISSION_ORDER,L_RING
H2S,FULLY_SCHEDULED,SC_S1_C07_M04,SensorCyclic,379,0.40884573894282633,CANONICAL_INPUT_ID_NOT_PROVEN_ADMISSION_ORDER,L_RING
H2S,FULLY_SCHEDULED,SC_S1_C08_M01,SensorCyclic,380,0.4099244875943905,CANONICAL_INPUT_ID_NOT_PROVEN_ADMISSION_ORDER,L_RING
H2S,FULLY_SCHEDULED,SC_S1_C08_M02,SensorCyclic,381,0.4110032362459547,CANONICAL_INPUT_ID_NOT_PROVEN_ADMISSION_ORDER,L_RING
H2S,FULLY_SCHEDULED,SC_S1_C08_M03,SensorCyclic,382,0.4120819848975189,CANONICAL_INPUT_ID_NOT_PROVEN_ADMISSION_ORDER,L_RING
H2S,FULLY_SCHEDULED,SC_S1_C08_M04,SensorCyclic,383,0.41316073354908306,CANONICAL_INPUT_ID_NOT_PROVEN_ADMISSION_ORDER,L_RING
H2S,FULLY_SCHEDULED,SC_S1_C09_M01,SensorCyclic,384,0.41423948220064727,CANONICAL_INPUT_ID_NOT_PROVEN_ADMISSION_ORDER,L_RING
H2S,FULLY_SCHEDULED,SC_S1_C09_M02,SensorCyclic,385,0.4153182308522114,CANONICAL_INPUT_ID_NOT_PROVEN_ADMISSION_ORDER,L_RING
H2S,FULLY_SCHEDULED,SC_S1_C09_M03,SensorCyclic,386,0.41639697950377563,CANONICAL_INPUT_ID_NOT_PROVEN_ADMISSION_ORDER,L_RING
H2S,FULLY_SCHEDULED,SC_S1_C09_M04,SensorCyclic,387,0.4174757281553398,CANONICAL_INPUT_ID_NOT_PROVEN_ADMISSION_ORDER,L_RING
H2S,FULLY_SCHEDULED,SC_S1_C10_M01,SensorCyclic,388,0.418554476806904,CANONICAL_INPUT_ID_NOT_PROVEN_ADMISSION_ORDER,L_RING
H2S,FULLY_SCHEDULED,SC_S1_C10_M02,SensorCyclic,389,0.41963322545846815,CANONICAL_INPUT_ID_NOT_PROVEN_ADMISSION_ORDER,L_RING
H2S,FULLY_SCHEDULED,SC_S1_C10_M03,SensorCyclic,390,0.42071197411003236,CANONICAL_INPUT_ID_NOT_PROVEN_ADMISSION_ORDER,L_RING
H2S,FULLY_SCHEDULED,SC_S1_C10_M04,SensorCyclic,391,0.42179072276159657,CANONICAL_INPUT_ID_NOT_PROVEN_ADMISSION_ORDER,L_RING
H2S,FULLY_SCHEDULED,SC_S1_C11_M01,SensorCyclic,392,0.4228694714131607,CANONICAL_INPUT_ID_NOT_PROVEN_ADMISSION_ORDER,L_RING
H2S,FULLY_SCHEDULED,SC_S1_C11_M02,SensorCyclic,393,0.42394822006472493,CANONICAL_INPUT_ID_NOT_PROVEN_ADMISSION_ORDER,L_RING
H2S,FULLY_SCHEDULED,SC_S1_C11_M03,SensorCyclic,394,0.4250269687162891,CANONICAL_INPUT_ID_NOT_PROVEN_ADMISSION_ORDER,L_RING
H2S,FULLY_SCHEDULED,SC_S1_C11_M04,SensorCyclic,395,0.4261057173678533,CANONICAL_INPUT_ID_NOT_PROVEN_ADMISSION_ORDER,L_RING
H2S,FULLY_SCHEDULED,SC_S1_C12_M01,SensorCyclic,396,0.42718446601941745,CANONICAL_INPUT_ID_NOT_PROVEN_ADMISSION_ORDER,L_RING
H2S,FULLY_SCHEDULED,SC_S1_C12_M02,SensorCyclic,397,0.42826321467098166,CANONICAL_INPUT_ID_NOT_PROVEN_ADMISSION_ORDER,L_RING
H2S,FULLY_SCHEDULED,SC_S1_C12_M03,SensorCyclic,398,0.42934196332254587,CANONICAL_INPUT_ID_NOT_PROVEN_ADMISSION_ORDER,L_RING
H2S,FULLY_SCHEDULED,SC_S1_C12_M04,SensorCyclic,399,0.43042071197411,CANONICAL_INPUT_ID_NOT_PROVEN_ADMISSION_ORDER,L_RING
H2S,FULLY_SCHEDULED,SC_S1_C13_M01,SensorCyclic,400,0.43149946062567424,CANONICAL_INPUT_ID_NOT_PROVEN_ADMISSION_ORDER,L_RING
H2S,FULLY_SCHEDULED,SC_S1_C13_M02,SensorCyclic,401,0.4325782092772384,CANONICAL_INPUT_ID_NOT_PROVEN_ADMISSION_ORDER,L_RING
H2S,FULLY_SCHEDULED,SC_S1_C13_M03,SensorCyclic,402,0.4336569579288026,CANONICAL_INPUT_ID_NOT_PROVEN_ADMISSION_ORDER,L_RING
H2S,FULLY_SCHEDULED,SC_S1_C13_M04,SensorCyclic,403,0.43473570658036675,CANONICAL_INPUT_ID_NOT_PROVEN_ADMISSION_ORDER,L_RING
H2S,FULLY_SCHEDULED,SC_S1_C14_M01,SensorCyclic,404,0.43581445523193096,CANONICAL_INPUT_ID_NOT_PROVEN_ADMISSION_ORDER,L_RING
H2S,FULLY_SCHEDULED,SC_S1_C14_M02,SensorCyclic,405,0.4368932038834951,CANONICAL_INPUT_ID_NOT_PROVEN_ADMISSION_ORDER,L_RING
H2S,FULLY_SCHEDULED,SC_S1_C14_M03,SensorCyclic,406,0.43797195253505933,CANONICAL_INPUT_ID_NOT_PROVEN_ADMISSION_ORDER,L_RING
H2S,FULLY_SCHEDULED,SC_S1_C14_M04,SensorCyclic,407,0.43905070118662354,CANONICAL_INPUT_ID_NOT_PROVEN_ADMISSION_ORDER,L_RING
H2S,FULLY_SCHEDULED,SC_S1_C15_M01,SensorCyclic,408,0.4401294498381877,CANONICAL_INPUT_ID_NOT_PROVEN_ADMISSION_ORDER,L_RING
H2S,FULLY_SCHEDULED,SC_S1_C15_M02,SensorCyclic,409,0.4412081984897519,CANONICAL_INPUT_ID_NOT_PROVEN_ADMISSION_ORDER,L_RING
H2S,FULLY_SCHEDULED,SC_S1_C15_M03,SensorCyclic,410,0.44228694714131606,CANONICAL_INPUT_ID_NOT_PROVEN_ADMISSION_ORDER,L_RING
H2S,FULLY_SCHEDULED,SC_S1_C15_M04,SensorCyclic,411,0.44336569579288027,CANONICAL_INPUT_ID_NOT_PROVEN_ADMISSION_ORDER,L_RING
H2S,FULLY_SCHEDULED,SC_S1_C16_M01,SensorCyclic,412,0.4444444444444444,CANONICAL_INPUT_ID_NOT_PROVEN_ADMISSION_ORDER,L_RING
H2S,FULLY_SCHEDULED,SC_S1_C16_M02,SensorCyclic,413,0.44552319309600863,CANONICAL_INPUT_ID_NOT_PROVEN_ADMISSION_ORDER,L_RING
H2S,FULLY_SCHEDULED,SC_S1_C16_M03,SensorCyclic,414,0.44660194174757284,CANONICAL_INPUT_ID_NOT_PROVEN_ADMISSION_ORDER,L_RING
H2S,FULLY_SCHEDULED,SC_S1_C16_M04,SensorCyclic,415,0.447680690399137,CANONICAL_INPUT_ID_NOT_PROVEN_ADMISSION_ORDER,L_RING
H2S,FULLY_SCHEDULED,SC_S2_C01_M01,SensorCyclic,416,0.4487594390507012,CANONICAL_INPUT_ID_NOT_PROVEN_ADMISSION_ORDER,L_RING
H2S,FULLY_SCHEDULED,SC_S2_C01_M02,SensorCyclic,417,0.44983818770226536,CANONICAL_INPUT_ID_NOT_PROVEN_ADMISSION_ORDER,L_RING
H2S,FULLY_SCHEDULED,SC_S2_C01_M03,SensorCyclic,418,0.45091693635382957,CANONICAL_INPUT_ID_NOT_PROVEN_ADMISSION_ORDER,L_RING
H2S,FULLY_SCHEDULED,SC_S2_C01_M04,SensorCyclic,419,0.4519956850053937,CANONICAL_INPUT_ID_NOT_PROVEN_ADMISSION_ORDER,L_RING
H2S,FULLY_SCHEDULED,SC_S2_C02_M01,SensorCyclic,420,0.45307443365695793,CANONICAL_INPUT_ID_NOT_PROVEN_ADMISSION_ORDER,L_RING
H2S,FULLY_SCHEDULED,SC_S2_C02_M02,SensorCyclic,421,0.45415318230852214,CANONICAL_INPUT_ID_NOT_PROVEN_ADMISSION_ORDER,L_RING
H2S,FULLY_SCHEDULED,SC_S2_C02_M03,SensorCyclic,422,0.4552319309600863,CANONICAL_INPUT_ID_NOT_PROVEN_ADMISSION_ORDER,L_RING
H2S,FULLY_SCHEDULED,SC_S2_C02_M04,SensorCyclic,423,0.4563106796116505,CANONICAL_INPUT_ID_NOT_PROVEN_ADMISSION_ORDER,L_RING
H2S,FULLY_SCHEDULED,SC_S2_C03_M01,SensorCyclic,424,0.45738942826321466,CANONICAL_INPUT_ID_NOT_PROVEN_ADMISSION_ORDER,L_RING
H2S,FULLY_SCHEDULED,SC_S2_C03_M02,SensorCyclic,425,0.45846817691477887,CANONICAL_INPUT_ID_NOT_PROVEN_ADMISSION_ORDER,L_RING
H2S,FULLY_SCHEDULED,SC_S2_C03_M03,SensorCyclic,426,0.459546925566343,CANONICAL_INPUT_ID_NOT_PROVEN_ADMISSION_ORDER,L_RING
H2S,FULLY_SCHEDULED,SC_S2_C03_M04,SensorCyclic,427,0.46062567421790723,CANONICAL_INPUT_ID_NOT_PROVEN_ADMISSION_ORDER,L_RING
H2S,FULLY_SCHEDULED,SC_S2_C04_M01,SensorCyclic,428,0.4617044228694714,CANONICAL_INPUT_ID_NOT_PROVEN_ADMISSION_ORDER,L_RING
H2S,FULLY_SCHEDULED,SC_S2_C04_M02,SensorCyclic,429,0.4627831715210356,CANONICAL_INPUT_ID_NOT_PROVEN_ADMISSION_ORDER,L_RING
H2S,FULLY_SCHEDULED,SC_S2_C04_M03,SensorCyclic,430,0.4638619201725998,CANONICAL_INPUT_ID_NOT_PROVEN_ADMISSION_ORDER,L_RING
H2S,FULLY_SCHEDULED,SC_S2_C04_M04,SensorCyclic,431,0.46494066882416396,CANONICAL_INPUT_ID_NOT_PROVEN_ADMISSION_ORDER,L_RING
H2S,FULLY_SCHEDULED,SC_S2_C05_M01,SensorCyclic,432,0.46601941747572817,CANONICAL_INPUT_ID_NOT_PROVEN_ADMISSION_ORDER,L_RING
H2S,FULLY_SCHEDULED,SC_S2_C05_M02,SensorCyclic,433,0.4670981661272923,CANONICAL_INPUT_ID_NOT_PROVEN_ADMISSION_ORDER,L_RING
H2S,FULLY_SCHEDULED,SC_S2_C05_M03,SensorCyclic,434,0.46817691477885653,CANONICAL_INPUT_ID_NOT_PROVEN_ADMISSION_ORDER,L_RING
H2S,FULLY_SCHEDULED,SC_S2_C05_M04,SensorCyclic,435,0.4692556634304207,CANONICAL_INPUT_ID_NOT_PROVEN_ADMISSION_ORDER,L_RING
H2S,FULLY_SCHEDULED,SC_S2_C06_M01,SensorCyclic,436,0.4703344120819849,CANONICAL_INPUT_ID_NOT_PROVEN_ADMISSION_ORDER,L_RING
H2S,FULLY_SCHEDULED,SC_S2_C06_M02,SensorCyclic,437,0.4714131607335491,CANONICAL_INPUT_ID_NOT_PROVEN_ADMISSION_ORDER,L_RING
H2S,FULLY_SCHEDULED,SC_S2_C06_M03,SensorCyclic,438,0.47249190938511326,CANONICAL_INPUT_ID_NOT_PROVEN_ADMISSION_ORDER,L_RING
H2S,FULLY_SCHEDULED,SC_S2_C06_M04,SensorCyclic,439,0.47357065803667747,CANONICAL_INPUT_ID_NOT_PROVEN_ADMISSION_ORDER,L_RING
H2S,FULLY_SCHEDULED,SC_S2_C07_M01,SensorCyclic,440,0.4746494066882416,CANONICAL_INPUT_ID_NOT_PROVEN_ADMISSION_ORDER,L_RING
H2S,FULLY_SCHEDULED,SC_S2_C07_M02,SensorCyclic,441,0.47572815533980584,CANONICAL_INPUT_ID_NOT_PROVEN_ADMISSION_ORDER,L_RING
H2S,FULLY_SCHEDULED,SC_S2_C07_M03,SensorCyclic,442,0.47680690399137,CANONICAL_INPUT_ID_NOT_PROVEN_ADMISSION_ORDER,L_RING
H2S,FULLY_SCHEDULED,SC_S2_C07_M04,SensorCyclic,443,0.4778856526429342,CANONICAL_INPUT_ID_NOT_PROVEN_ADMISSION_ORDER,L_RING
H2S,FULLY_SCHEDULED,SC_S2_C08_M01,SensorCyclic,444,0.47896440129449835,CANONICAL_INPUT_ID_NOT_PROVEN_ADMISSION_ORDER,L_RING
H2S,FULLY_SCHEDULED,SC_S2_C08_M02,SensorCyclic,445,0.48004314994606256,CANONICAL_INPUT_ID_NOT_PROVEN_ADMISSION_ORDER,L_RING
H2S,FULLY_SCHEDULED,SC_S2_C08_M03,SensorCyclic,446,0.4811218985976268,CANONICAL_INPUT_ID_NOT_PROVEN_ADMISSION_ORDER,L_RING
H2S,FULLY_SCHEDULED,SC_S2_C08_M04,SensorCyclic,447,0.48220064724919093,CANONICAL_INPUT_ID_NOT_PROVEN_ADMISSION_ORDER,L_RING
H2S,FULLY_SCHEDULED,SC_S2_C09_M01,SensorCyclic,448,0.48327939590075514,CANONICAL_INPUT_ID_NOT_PROVEN_ADMISSION_ORDER,L_RING
H2S,FULLY_SCHEDULED,SC_S2_C09_M02,SensorCyclic,449,0.4843581445523193,CANONICAL_INPUT_ID_NOT_PROVEN_ADMISSION_ORDER,L_RING
H2S,FULLY_SCHEDULED,SC_S2_C09_M03,SensorCyclic,450,0.4854368932038835,CANONICAL_INPUT_ID_NOT_PROVEN_ADMISSION_ORDER,L_RING
H2S,FULLY_SCHEDULED,SC_S2_C09_M04,SensorCyclic,451,0.48651564185544766,CANONICAL_INPUT_ID_NOT_PROVEN_ADMISSION_ORDER,L_RING
H2S,FULLY_SCHEDULED,SC_S2_C10_M01,SensorCyclic,452,0.48759439050701187,CANONICAL_INPUT_ID_NOT_PROVEN_ADMISSION_ORDER,L_RING
H2S,FULLY_SCHEDULED,SC_S2_C10_M02,SensorCyclic,453,0.4886731391585761,CANONICAL_INPUT_ID_NOT_PROVEN_ADMISSION_ORDER,L_RING
H2S,FULLY_SCHEDULED,SC_S2_C10_M03,SensorCyclic,454,0.48975188781014023,CANONICAL_INPUT_ID_NOT_PROVEN_ADMISSION_ORDER,L_RING
H2S,FULLY_SCHEDULED,SC_S2_C10_M04,SensorCyclic,455,0.49083063646170444,CANONICAL_INPUT_ID_NOT_PROVEN_ADMISSION_ORDER,L_RING
H2S,FULLY_SCHEDULED,SC_S2_C11_M01,SensorCyclic,456,0.4919093851132686,CANONICAL_INPUT_ID_NOT_PROVEN_ADMISSION_ORDER,L_RING
H2S,FULLY_SCHEDULED,SC_S2_C11_M02,SensorCyclic,457,0.4929881337648328,CANONICAL_INPUT_ID_NOT_PROVEN_ADMISSION_ORDER,L_RING
H2S,FULLY_SCHEDULED,SC_S2_C11_M03,SensorCyclic,458,0.49406688241639696,CANONICAL_INPUT_ID_NOT_PROVEN_ADMISSION_ORDER,L_RING
H2S,FULLY_SCHEDULED,SC_S2_C11_M04,SensorCyclic,459,0.49514563106796117,CANONICAL_INPUT_ID_NOT_PROVEN_ADMISSION_ORDER,L_RING
H2S,FULLY_SCHEDULED,SC_S2_C12_M01,SensorCyclic,460,0.4962243797195254,CANONICAL_INPUT_ID_NOT_PROVEN_ADMISSION_ORDER,L_RING
H2S,FULLY_SCHEDULED,SC_S2_C12_M02,SensorCyclic,461,0.49730312837108953,CANONICAL_INPUT_ID_NOT_PROVEN_ADMISSION_ORDER,L_RING
H2S,FULLY_SCHEDULED,SC_S2_C12_M03,SensorCyclic,462,0.49838187702265374,CANONICAL_INPUT_ID_NOT_PROVEN_ADMISSION_ORDER,L_RING
H2S,FULLY_SCHEDULED,SC_S2_C12_M04,SensorCyclic,463,0.4994606256742179,CANONICAL_INPUT_ID_NOT_PROVEN_ADMISSION_ORDER,L_RING
H2S,FULLY_SCHEDULED,SC_S2_C13_M01,SensorCyclic,464,0.5005393743257821,CANONICAL_INPUT_ID_NOT_PROVEN_ADMISSION_ORDER,L_RING
H2S,FULLY_SCHEDULED,SC_S2_C13_M02,SensorCyclic,465,0.5016181229773463,CANONICAL_INPUT_ID_NOT_PROVEN_ADMISSION_ORDER,L_RING
H2S,FULLY_SCHEDULED,SC_S2_C13_M03,SensorCyclic,466,0.5026968716289104,CANONICAL_INPUT_ID_NOT_PROVEN_ADMISSION_ORDER,L_RING
H2S,FULLY_SCHEDULED,SC_S2_C13_M04,SensorCyclic,467,0.5037756202804746,CANONICAL_INPUT_ID_NOT_PROVEN_ADMISSION_ORDER,L_RING
H2S,FULLY_SCHEDULED,SC_S2_C14_M01,SensorCyclic,468,0.5048543689320388,CANONICAL_INPUT_ID_NOT_PROVEN_ADMISSION_ORDER,L_RING
H2S,FULLY_SCHEDULED,SC_S2_C14_M02,SensorCyclic,469,0.505933117583603,CANONICAL_INPUT_ID_NOT_PROVEN_ADMISSION_ORDER,L_RING
H2S,FULLY_SCHEDULED,SC_S2_C14_M03,SensorCyclic,470,0.5070118662351673,CANONICAL_INPUT_ID_NOT_PROVEN_ADMISSION_ORDER,L_RING
H2S,FULLY_SCHEDULED,SC_S2_C14_M04,SensorCyclic,471,0.5080906148867314,CANONICAL_INPUT_ID_NOT_PROVEN_ADMISSION_ORDER,L_RING
H2S,FULLY_SCHEDULED,SC_S2_C15_M01,SensorCyclic,472,0.5091693635382956,CANONICAL_INPUT_ID_NOT_PROVEN_ADMISSION_ORDER,L_RING
H2S,FULLY_SCHEDULED,SC_S2_C15_M02,SensorCyclic,473,0.5102481121898598,CANONICAL_INPUT_ID_NOT_PROVEN_ADMISSION_ORDER,L_RING
H2S,FULLY_SCHEDULED,SC_S2_C15_M03,SensorCyclic,474,0.511326860841424,CANONICAL_INPUT_ID_NOT_PROVEN_ADMISSION_ORDER,L_RING
H2S,FULLY_SCHEDULED,SC_S2_C15_M04,SensorCyclic,475,0.5124056094929881,CANONICAL_INPUT_ID_NOT_PROVEN_ADMISSION_ORDER,L_RING
H2S,FULLY_SCHEDULED,SC_S2_C16_M01,SensorCyclic,476,0.5134843581445523,CANONICAL_INPUT_ID_NOT_PROVEN_ADMISSION_ORDER,L_RING
H2S,FULLY_SCHEDULED,SC_S2_C16_M02,SensorCyclic,477,0.5145631067961165,CANONICAL_INPUT_ID_NOT_PROVEN_ADMISSION_ORDER,L_RING
H2S,FULLY_SCHEDULED,SC_S2_C16_M03,SensorCyclic,478,0.5156418554476807,CANONICAL_INPUT_ID_NOT_PROVEN_ADMISSION_ORDER,L_RING
H2S,FULLY_SCHEDULED,SC_S2_C16_M04,SensorCyclic,479,0.5167206040992449,CANONICAL_INPUT_ID_NOT_PROVEN_ADMISSION_ORDER,L_RING
H2S,FULLY_SCHEDULED,SC_S3_C01_M01,SensorCyclic,480,0.517799352750809,CANONICAL_INPUT_ID_NOT_PROVEN_ADMISSION_ORDER,L_RING
H2S,FULLY_SCHEDULED,SC_S3_C01_M02,SensorCyclic,481,0.5188781014023732,CANONICAL_INPUT_ID_NOT_PROVEN_ADMISSION_ORDER,L_RING
H2S,FULLY_SCHEDULED,SC_S3_C01_M03,SensorCyclic,482,0.5199568500539374,CANONICAL_INPUT_ID_NOT_PROVEN_ADMISSION_ORDER,L_RING
H2S,FULLY_SCHEDULED,SC_S3_C01_M04,SensorCyclic,483,0.5210355987055016,CANONICAL_INPUT_ID_NOT_PROVEN_ADMISSION_ORDER,L_RING
H2S,FULLY_SCHEDULED,SC_S3_C02_M01,SensorCyclic,484,0.5221143473570659,CANONICAL_INPUT_ID_NOT_PROVEN_ADMISSION_ORDER,L_RING
H2S,FULLY_SCHEDULED,SC_S3_C02_M02,SensorCyclic,485,0.52319309600863,CANONICAL_INPUT_ID_NOT_PROVEN_ADMISSION_ORDER,L_RING
H2S,FULLY_SCHEDULED,SC_S3_C02_M03,SensorCyclic,486,0.5242718446601942,CANONICAL_INPUT_ID_NOT_PROVEN_ADMISSION_ORDER,L_RING
H2S,FULLY_SCHEDULED,SC_S3_C02_M04,SensorCyclic,487,0.5253505933117584,CANONICAL_INPUT_ID_NOT_PROVEN_ADMISSION_ORDER,L_RING
H2S,FULLY_SCHEDULED,SC_S3_C03_M01,SensorCyclic,488,0.5264293419633226,CANONICAL_INPUT_ID_NOT_PROVEN_ADMISSION_ORDER,L_RING
H2S,FULLY_SCHEDULED,SC_S3_C03_M02,SensorCyclic,489,0.5275080906148867,CANONICAL_INPUT_ID_NOT_PROVEN_ADMISSION_ORDER,L_RING
H2S,FULLY_SCHEDULED,SC_S3_C03_M03,SensorCyclic,490,0.5285868392664509,CANONICAL_INPUT_ID_NOT_PROVEN_ADMISSION_ORDER,L_RING
H2S,FULLY_SCHEDULED,SC_S3_C03_M04,SensorCyclic,491,0.5296655879180151,CANONICAL_INPUT_ID_NOT_PROVEN_ADMISSION_ORDER,L_RING
H2S,FULLY_SCHEDULED,SC_S3_C04_M01,SensorCyclic,492,0.5307443365695793,CANONICAL_INPUT_ID_NOT_PROVEN_ADMISSION_ORDER,L_RING
H2S,FULLY_SCHEDULED,SC_S3_C04_M02,SensorCyclic,493,0.5318230852211435,CANONICAL_INPUT_ID_NOT_PROVEN_ADMISSION_ORDER,L_RING
H2S,FULLY_SCHEDULED,SC_S3_C04_M03,SensorCyclic,494,0.5329018338727076,CANONICAL_INPUT_ID_NOT_PROVEN_ADMISSION_ORDER,L_RING
H2S,FULLY_SCHEDULED,SC_S3_C04_M04,SensorCyclic,495,0.5339805825242718,CANONICAL_INPUT_ID_NOT_PROVEN_ADMISSION_ORDER,L_RING
H2S,FULLY_SCHEDULED,SC_S3_C05_M01,SensorCyclic,496,0.535059331175836,CANONICAL_INPUT_ID_NOT_PROVEN_ADMISSION_ORDER,L_RING
H2S,FULLY_SCHEDULED,SC_S3_C05_M02,SensorCyclic,497,0.5361380798274002,CANONICAL_INPUT_ID_NOT_PROVEN_ADMISSION_ORDER,L_RING
H2S,FULLY_SCHEDULED,SC_S3_C05_M03,SensorCyclic,498,0.5372168284789643,CANONICAL_INPUT_ID_NOT_PROVEN_ADMISSION_ORDER,L_RING
H2S,FULLY_SCHEDULED,SC_S3_C05_M04,SensorCyclic,499,0.5382955771305286,CANONICAL_INPUT_ID_NOT_PROVEN_ADMISSION_ORDER,L_RING
H2S,FULLY_SCHEDULED,SC_S3_C06_M01,SensorCyclic,500,0.5393743257820928,CANONICAL_INPUT_ID_NOT_PROVEN_ADMISSION_ORDER,L_RING
H2S,FULLY_SCHEDULED,SC_S3_C06_M02,SensorCyclic,501,0.540453074433657,CANONICAL_INPUT_ID_NOT_PROVEN_ADMISSION_ORDER,L_RING
H2S,FULLY_SCHEDULED,SC_S3_C06_M03,SensorCyclic,502,0.5415318230852212,CANONICAL_INPUT_ID_NOT_PROVEN_ADMISSION_ORDER,L_RING
H2S,FULLY_SCHEDULED,SC_S3_C06_M04,SensorCyclic,503,0.5426105717367853,CANONICAL_INPUT_ID_NOT_PROVEN_ADMISSION_ORDER,L_RING
H2S,FULLY_SCHEDULED,SC_S3_C07_M01,SensorCyclic,504,0.5436893203883495,CANONICAL_INPUT_ID_NOT_PROVEN_ADMISSION_ORDER,L_RING
H2S,FULLY_SCHEDULED,SC_S3_C07_M02,SensorCyclic,505,0.5447680690399137,CANONICAL_INPUT_ID_NOT_PROVEN_ADMISSION_ORDER,L_RING
H2S,FULLY_SCHEDULED,SC_S3_C07_M03,SensorCyclic,506,0.5458468176914779,CANONICAL_INPUT_ID_NOT_PROVEN_ADMISSION_ORDER,L_RING
H2S,FULLY_SCHEDULED,SC_S3_C07_M04,SensorCyclic,507,0.5469255663430421,CANONICAL_INPUT_ID_NOT_PROVEN_ADMISSION_ORDER,L_RING
H2S,FULLY_SCHEDULED,SC_S3_C08_M01,SensorCyclic,508,0.5480043149946062,CANONICAL_INPUT_ID_NOT_PROVEN_ADMISSION_ORDER,L_RING
H2S,FULLY_SCHEDULED,SC_S3_C08_M02,SensorCyclic,509,0.5490830636461704,CANONICAL_INPUT_ID_NOT_PROVEN_ADMISSION_ORDER,L_RING
H2S,FULLY_SCHEDULED,SC_S3_C08_M03,SensorCyclic,510,0.5501618122977346,CANONICAL_INPUT_ID_NOT_PROVEN_ADMISSION_ORDER,L_RING
H2S,FULLY_SCHEDULED,SC_S3_C08_M04,SensorCyclic,511,0.5512405609492989,CANONICAL_INPUT_ID_NOT_PROVEN_ADMISSION_ORDER,L_RING
H2S,FULLY_SCHEDULED,SC_S3_C09_M01,SensorCyclic,512,0.552319309600863,CANONICAL_INPUT_ID_NOT_PROVEN_ADMISSION_ORDER,L_RING
H2S,FULLY_SCHEDULED,SC_S3_C09_M02,SensorCyclic,513,0.5533980582524272,CANONICAL_INPUT_ID_NOT_PROVEN_ADMISSION_ORDER,L_RING
H2S,FULLY_SCHEDULED,SC_S3_C09_M03,SensorCyclic,514,0.5544768069039914,CANONICAL_INPUT_ID_NOT_PROVEN_ADMISSION_ORDER,L_RING
H2S,FULLY_SCHEDULED,SC_S3_C09_M04,SensorCyclic,515,0.5555555555555556,CANONICAL_INPUT_ID_NOT_PROVEN_ADMISSION_ORDER,L_RING
H2S,FULLY_SCHEDULED,SC_S3_C10_M01,SensorCyclic,516,0.5566343042071198,CANONICAL_INPUT_ID_NOT_PROVEN_ADMISSION_ORDER,L_RING
H2S,FULLY_SCHEDULED,SC_S3_C10_M02,SensorCyclic,517,0.5577130528586839,CANONICAL_INPUT_ID_NOT_PROVEN_ADMISSION_ORDER,L_RING
H2S,FULLY_SCHEDULED,SC_S3_C10_M03,SensorCyclic,518,0.5587918015102481,CANONICAL_INPUT_ID_NOT_PROVEN_ADMISSION_ORDER,L_RING
H2S,FULLY_SCHEDULED,SC_S3_C10_M04,SensorCyclic,519,0.5598705501618123,CANONICAL_INPUT_ID_NOT_PROVEN_ADMISSION_ORDER,L_RING
H2S,FULLY_SCHEDULED,SC_S3_C11_M01,SensorCyclic,520,0.5609492988133765,CANONICAL_INPUT_ID_NOT_PROVEN_ADMISSION_ORDER,L_RING
H2S,FULLY_SCHEDULED,SC_S3_C11_M02,SensorCyclic,521,0.5620280474649406,CANONICAL_INPUT_ID_NOT_PROVEN_ADMISSION_ORDER,L_RING
H2S,FULLY_SCHEDULED,SC_S3_C11_M03,SensorCyclic,522,0.5631067961165048,CANONICAL_INPUT_ID_NOT_PROVEN_ADMISSION_ORDER,L_RING
H2S,FULLY_SCHEDULED,SC_S3_C11_M04,SensorCyclic,523,0.564185544768069,CANONICAL_INPUT_ID_NOT_PROVEN_ADMISSION_ORDER,L_RING
H2S,FULLY_SCHEDULED,SC_S3_C12_M01,SensorCyclic,524,0.5652642934196332,CANONICAL_INPUT_ID_NOT_PROVEN_ADMISSION_ORDER,L_RING
H2S,FULLY_SCHEDULED,SC_S3_C12_M02,SensorCyclic,525,0.5663430420711975,CANONICAL_INPUT_ID_NOT_PROVEN_ADMISSION_ORDER,L_RING
H2S,FULLY_SCHEDULED,SC_S3_C12_M03,SensorCyclic,526,0.5674217907227616,CANONICAL_INPUT_ID_NOT_PROVEN_ADMISSION_ORDER,L_RING
H2S,FULLY_SCHEDULED,SC_S3_C12_M04,SensorCyclic,527,0.5685005393743258,CANONICAL_INPUT_ID_NOT_PROVEN_ADMISSION_ORDER,L_RING
H2S,FULLY_SCHEDULED,SC_S3_C13_M01,SensorCyclic,528,0.56957928802589,CANONICAL_INPUT_ID_NOT_PROVEN_ADMISSION_ORDER,L_RING
H2S,FULLY_SCHEDULED,SC_S3_C13_M02,SensorCyclic,529,0.5706580366774542,CANONICAL_INPUT_ID_NOT_PROVEN_ADMISSION_ORDER,L_RING
H2S,FULLY_SCHEDULED,SC_S3_C13_M03,SensorCyclic,530,0.5717367853290184,CANONICAL_INPUT_ID_NOT_PROVEN_ADMISSION_ORDER,L_RING
H2S,FULLY_SCHEDULED,SC_S3_C13_M04,SensorCyclic,531,0.5728155339805825,CANONICAL_INPUT_ID_NOT_PROVEN_ADMISSION_ORDER,L_RING
H2S,FULLY_SCHEDULED,SC_S3_C14_M01,SensorCyclic,532,0.5738942826321467,CANONICAL_INPUT_ID_NOT_PROVEN_ADMISSION_ORDER,L_RING
H2S,FULLY_SCHEDULED,SC_S3_C14_M02,SensorCyclic,533,0.5749730312837109,CANONICAL_INPUT_ID_NOT_PROVEN_ADMISSION_ORDER,L_RING
H2S,FULLY_SCHEDULED,SC_S3_C14_M03,SensorCyclic,534,0.5760517799352751,CANONICAL_INPUT_ID_NOT_PROVEN_ADMISSION_ORDER,L_RING
H2S,FULLY_SCHEDULED,SC_S3_C14_M04,SensorCyclic,535,0.5771305285868392,CANONICAL_INPUT_ID_NOT_PROVEN_ADMISSION_ORDER,L_RING
H2S,FULLY_SCHEDULED,SC_S3_C15_M01,SensorCyclic,536,0.5782092772384034,CANONICAL_INPUT_ID_NOT_PROVEN_ADMISSION_ORDER,L_RING
H2S,FULLY_SCHEDULED,SC_S3_C15_M02,SensorCyclic,537,0.5792880258899676,CANONICAL_INPUT_ID_NOT_PROVEN_ADMISSION_ORDER,L_RING
H2S,FULLY_SCHEDULED,SC_S3_C15_M03,SensorCyclic,538,0.5803667745415318,CANONICAL_INPUT_ID_NOT_PROVEN_ADMISSION_ORDER,L_RING
H2S,FULLY_SCHEDULED,SC_S3_C15_M04,SensorCyclic,539,0.5814455231930961,CANONICAL_INPUT_ID_NOT_PROVEN_ADMISSION_ORDER,L_RING
H2S,FULLY_SCHEDULED,SC_S3_C16_M01,SensorCyclic,540,0.5825242718446602,CANONICAL_INPUT_ID_NOT_PROVEN_ADMISSION_ORDER,L_RING
H2S,FULLY_SCHEDULED,SC_S3_C16_M02,SensorCyclic,541,0.5836030204962244,CANONICAL_INPUT_ID_NOT_PROVEN_ADMISSION_ORDER,L_RING
H2S,FULLY_SCHEDULED,SC_S3_C16_M03,SensorCyclic,542,0.5846817691477886,CANONICAL_INPUT_ID_NOT_PROVEN_ADMISSION_ORDER,L_RING
H2S,FULLY_SCHEDULED,SC_S3_C16_M04,SensorCyclic,543,0.5857605177993528,CANONICAL_INPUT_ID_NOT_PROVEN_ADMISSION_ORDER,L_RING
H2S,FULLY_SCHEDULED,SC_S4_C01_M01,SensorCyclic,544,0.5868392664509169,CANONICAL_INPUT_ID_NOT_PROVEN_ADMISSION_ORDER,L_RING
H2S,FULLY_SCHEDULED,SC_S4_C01_M02,SensorCyclic,545,0.5879180151024811,CANONICAL_INPUT_ID_NOT_PROVEN_ADMISSION_ORDER,L_RING
H2S,FULLY_SCHEDULED,SC_S4_C01_M03,SensorCyclic,546,0.5889967637540453,CANONICAL_INPUT_ID_NOT_PROVEN_ADMISSION_ORDER,L_RING
H2S,FULLY_SCHEDULED,SC_S4_C01_M04,SensorCyclic,547,0.5900755124056095,CANONICAL_INPUT_ID_NOT_PROVEN_ADMISSION_ORDER,L_RING
H2S,FULLY_SCHEDULED,SC_S4_C02_M01,SensorCyclic,548,0.5911542610571737,CANONICAL_INPUT_ID_NOT_PROVEN_ADMISSION_ORDER,L_RING
H2S,FULLY_SCHEDULED,SC_S4_C02_M02,SensorCyclic,549,0.5922330097087378,CANONICAL_INPUT_ID_NOT_PROVEN_ADMISSION_ORDER,L_RING
H2S,FULLY_SCHEDULED,SC_S4_C02_M03,SensorCyclic,550,0.593311758360302,CANONICAL_INPUT_ID_NOT_PROVEN_ADMISSION_ORDER,L_RING
H2S,FULLY_SCHEDULED,SC_S4_C02_M04,SensorCyclic,551,0.5943905070118662,CANONICAL_INPUT_ID_NOT_PROVEN_ADMISSION_ORDER,L_RING
H2S,FULLY_SCHEDULED,SC_S4_C03_M01,SensorCyclic,552,0.5954692556634305,CANONICAL_INPUT_ID_NOT_PROVEN_ADMISSION_ORDER,L_RING
H2S,FULLY_SCHEDULED,SC_S4_C03_M02,SensorCyclic,553,0.5965480043149946,CANONICAL_INPUT_ID_NOT_PROVEN_ADMISSION_ORDER,L_RING
H2S,FULLY_SCHEDULED,SC_S4_C03_M03,SensorCyclic,554,0.5976267529665588,CANONICAL_INPUT_ID_NOT_PROVEN_ADMISSION_ORDER,L_RING
H2S,FULLY_SCHEDULED,SC_S4_C03_M04,SensorCyclic,555,0.598705501618123,CANONICAL_INPUT_ID_NOT_PROVEN_ADMISSION_ORDER,L_RING
H2S,FULLY_SCHEDULED,SC_S4_C04_M01,SensorCyclic,556,0.5997842502696872,CANONICAL_INPUT_ID_NOT_PROVEN_ADMISSION_ORDER,L_RING
H2S,FULLY_SCHEDULED,SC_S4_C04_M02,SensorCyclic,557,0.6008629989212514,CANONICAL_INPUT_ID_NOT_PROVEN_ADMISSION_ORDER,L_RING
H2S,FULLY_SCHEDULED,SC_S4_C04_M03,SensorCyclic,558,0.6019417475728155,CANONICAL_INPUT_ID_NOT_PROVEN_ADMISSION_ORDER,L_RING
H2S,FULLY_SCHEDULED,SC_S4_C04_M04,SensorCyclic,559,0.6030204962243797,CANONICAL_INPUT_ID_NOT_PROVEN_ADMISSION_ORDER,L_RING
H2S,FULLY_SCHEDULED,SC_S4_C05_M01,SensorCyclic,560,0.6040992448759439,CANONICAL_INPUT_ID_NOT_PROVEN_ADMISSION_ORDER,L_RING
H2S,FULLY_SCHEDULED,SC_S4_C05_M02,SensorCyclic,561,0.6051779935275081,CANONICAL_INPUT_ID_NOT_PROVEN_ADMISSION_ORDER,L_RING
H2S,FULLY_SCHEDULED,SC_S4_C05_M03,SensorCyclic,562,0.6062567421790723,CANONICAL_INPUT_ID_NOT_PROVEN_ADMISSION_ORDER,L_RING
H2S,FULLY_SCHEDULED,SC_S4_C05_M04,SensorCyclic,563,0.6073354908306364,CANONICAL_INPUT_ID_NOT_PROVEN_ADMISSION_ORDER,L_RING
H2S,FULLY_SCHEDULED,SC_S4_C06_M01,SensorCyclic,564,0.6084142394822006,CANONICAL_INPUT_ID_NOT_PROVEN_ADMISSION_ORDER,L_RING
H2S,FULLY_SCHEDULED,SC_S4_C06_M02,SensorCyclic,565,0.6094929881337648,CANONICAL_INPUT_ID_NOT_PROVEN_ADMISSION_ORDER,L_RING
H2S,FULLY_SCHEDULED,SC_S4_C06_M03,SensorCyclic,566,0.6105717367853291,CANONICAL_INPUT_ID_NOT_PROVEN_ADMISSION_ORDER,L_RING
H2S,FULLY_SCHEDULED,SC_S4_C06_M04,SensorCyclic,567,0.6116504854368932,CANONICAL_INPUT_ID_NOT_PROVEN_ADMISSION_ORDER,L_RING
H2S,FULLY_SCHEDULED,SC_S4_C07_M01,SensorCyclic,568,0.6127292340884574,CANONICAL_INPUT_ID_NOT_PROVEN_ADMISSION_ORDER,L_RING
H2S,FULLY_SCHEDULED,SC_S4_C07_M02,SensorCyclic,569,0.6138079827400216,CANONICAL_INPUT_ID_NOT_PROVEN_ADMISSION_ORDER,L_RING
H2S,FULLY_SCHEDULED,SC_S4_C07_M03,SensorCyclic,570,0.6148867313915858,CANONICAL_INPUT_ID_NOT_PROVEN_ADMISSION_ORDER,L_RING
H2S,FULLY_SCHEDULED,SC_S4_C07_M04,SensorCyclic,571,0.61596548004315,CANONICAL_INPUT_ID_NOT_PROVEN_ADMISSION_ORDER,L_RING
H2S,FULLY_SCHEDULED,SC_S4_C08_M01,SensorCyclic,572,0.6170442286947141,CANONICAL_INPUT_ID_NOT_PROVEN_ADMISSION_ORDER,L_RING
H2S,FULLY_SCHEDULED,SC_S4_C08_M02,SensorCyclic,573,0.6181229773462783,CANONICAL_INPUT_ID_NOT_PROVEN_ADMISSION_ORDER,L_RING
H2S,FULLY_SCHEDULED,SC_S4_C08_M03,SensorCyclic,574,0.6192017259978425,CANONICAL_INPUT_ID_NOT_PROVEN_ADMISSION_ORDER,L_RING
H2S,FULLY_SCHEDULED,SC_S4_C08_M04,SensorCyclic,575,0.6202804746494067,CANONICAL_INPUT_ID_NOT_PROVEN_ADMISSION_ORDER,L_RING
H2S,FULLY_SCHEDULED,SC_S4_C09_M01,SensorCyclic,576,0.6213592233009708,CANONICAL_INPUT_ID_NOT_PROVEN_ADMISSION_ORDER,L_RING
H2S,FULLY_SCHEDULED,SC_S4_C09_M02,SensorCyclic,577,0.622437971952535,CANONICAL_INPUT_ID_NOT_PROVEN_ADMISSION_ORDER,L_RING
H2S,FULLY_SCHEDULED,SC_S4_C09_M03,SensorCyclic,578,0.6235167206040992,CANONICAL_INPUT_ID_NOT_PROVEN_ADMISSION_ORDER,L_RING
H2S,FULLY_SCHEDULED,SC_S4_C09_M04,SensorCyclic,579,0.6245954692556634,CANONICAL_INPUT_ID_NOT_PROVEN_ADMISSION_ORDER,L_RING
H2S,FULLY_SCHEDULED,SC_S4_C10_M01,SensorCyclic,580,0.6256742179072277,CANONICAL_INPUT_ID_NOT_PROVEN_ADMISSION_ORDER,L_RING
H2S,FULLY_SCHEDULED,SC_S4_C10_M02,SensorCyclic,581,0.6267529665587918,CANONICAL_INPUT_ID_NOT_PROVEN_ADMISSION_ORDER,L_RING
H2S,FULLY_SCHEDULED,SC_S4_C10_M03,SensorCyclic,582,0.627831715210356,CANONICAL_INPUT_ID_NOT_PROVEN_ADMISSION_ORDER,L_RING
H2S,FULLY_SCHEDULED,SC_S4_C10_M04,SensorCyclic,583,0.6289104638619202,CANONICAL_INPUT_ID_NOT_PROVEN_ADMISSION_ORDER,L_RING
H2S,FULLY_SCHEDULED,SC_S4_C11_M01,SensorCyclic,584,0.6299892125134844,CANONICAL_INPUT_ID_NOT_PROVEN_ADMISSION_ORDER,L_RING
H2S,FULLY_SCHEDULED,SC_S4_C11_M02,SensorCyclic,585,0.6310679611650486,CANONICAL_INPUT_ID_NOT_PROVEN_ADMISSION_ORDER,L_RING
H2S,FULLY_SCHEDULED,SC_S4_C11_M03,SensorCyclic,586,0.6321467098166127,CANONICAL_INPUT_ID_NOT_PROVEN_ADMISSION_ORDER,L_RING
H2S,FULLY_SCHEDULED,SC_S4_C11_M04,SensorCyclic,587,0.6332254584681769,CANONICAL_INPUT_ID_NOT_PROVEN_ADMISSION_ORDER,L_RING
H2S,FULLY_SCHEDULED,SC_S4_C12_M01,SensorCyclic,588,0.6343042071197411,CANONICAL_INPUT_ID_NOT_PROVEN_ADMISSION_ORDER,L_RING
H2S,FULLY_SCHEDULED,SC_S4_C12_M02,SensorCyclic,589,0.6353829557713053,CANONICAL_INPUT_ID_NOT_PROVEN_ADMISSION_ORDER,L_RING
H2S,FULLY_SCHEDULED,SC_S4_C12_M03,SensorCyclic,590,0.6364617044228694,CANONICAL_INPUT_ID_NOT_PROVEN_ADMISSION_ORDER,L_RING
H2S,FULLY_SCHEDULED,SC_S4_C12_M04,SensorCyclic,591,0.6375404530744336,CANONICAL_INPUT_ID_NOT_PROVEN_ADMISSION_ORDER,L_RING
H2S,FULLY_SCHEDULED,SC_S4_C13_M01,SensorCyclic,592,0.6386192017259978,CANONICAL_INPUT_ID_NOT_PROVEN_ADMISSION_ORDER,L_RING
H2S,FULLY_SCHEDULED,SC_S4_C13_M02,SensorCyclic,593,0.639697950377562,CANONICAL_INPUT_ID_NOT_PROVEN_ADMISSION_ORDER,L_RING
H2S,FULLY_SCHEDULED,SC_S4_C13_M03,SensorCyclic,594,0.6407766990291263,CANONICAL_INPUT_ID_NOT_PROVEN_ADMISSION_ORDER,L_RING
H2S,FULLY_SCHEDULED,SC_S4_C13_M04,SensorCyclic,595,0.6418554476806904,CANONICAL_INPUT_ID_NOT_PROVEN_ADMISSION_ORDER,L_RING
H2S,FULLY_SCHEDULED,SC_S4_C14_M01,SensorCyclic,596,0.6429341963322546,CANONICAL_INPUT_ID_NOT_PROVEN_ADMISSION_ORDER,L_RING
H2S,FULLY_SCHEDULED,SC_S4_C14_M02,SensorCyclic,597,0.6440129449838188,CANONICAL_INPUT_ID_NOT_PROVEN_ADMISSION_ORDER,L_RING
H2S,FULLY_SCHEDULED,SC_S4_C14_M03,SensorCyclic,598,0.645091693635383,CANONICAL_INPUT_ID_NOT_PROVEN_ADMISSION_ORDER,L_RING
H2S,FULLY_SCHEDULED,SC_S4_C14_M04,SensorCyclic,599,0.6461704422869471,CANONICAL_INPUT_ID_NOT_PROVEN_ADMISSION_ORDER,L_RING
H2S,FULLY_SCHEDULED,SC_S4_C15_M01,SensorCyclic,600,0.6472491909385113,CANONICAL_INPUT_ID_NOT_PROVEN_ADMISSION_ORDER,L_RING
H2S,FULLY_SCHEDULED,SC_S4_C15_M02,SensorCyclic,601,0.6483279395900755,CANONICAL_INPUT_ID_NOT_PROVEN_ADMISSION_ORDER,L_RING
H2S,FULLY_SCHEDULED,SC_S4_C15_M03,SensorCyclic,602,0.6494066882416397,CANONICAL_INPUT_ID_NOT_PROVEN_ADMISSION_ORDER,L_RING
H2S,FULLY_SCHEDULED,SC_S4_C15_M04,SensorCyclic,603,0.6504854368932039,CANONICAL_INPUT_ID_NOT_PROVEN_ADMISSION_ORDER,L_RING
H2S,FULLY_SCHEDULED,SC_S4_C16_M01,SensorCyclic,604,0.651564185544768,CANONICAL_INPUT_ID_NOT_PROVEN_ADMISSION_ORDER,L_RING
H2S,FULLY_SCHEDULED,SC_S4_C16_M02,SensorCyclic,605,0.6526429341963322,CANONICAL_INPUT_ID_NOT_PROVEN_ADMISSION_ORDER,L_RING
H2S,FULLY_SCHEDULED,SC_S4_C16_M03,SensorCyclic,606,0.6537216828478964,CANONICAL_INPUT_ID_NOT_PROVEN_ADMISSION_ORDER,L_RING
H2S,FULLY_SCHEDULED,SC_S4_C16_M04,SensorCyclic,607,0.6548004314994607,CANONICAL_INPUT_ID_NOT_PROVEN_ADMISSION_ORDER,L_RING
H2S,FULLY_SCHEDULED,SF_S1_C01_M01,SensorFast,608,0.6558791801510249,CANONICAL_INPUT_ID_NOT_PROVEN_ADMISSION_ORDER,L_RING
H2S,FULLY_SCHEDULED,SF_S1_C01_M02,SensorFast,609,0.656957928802589,CANONICAL_INPUT_ID_NOT_PROVEN_ADMISSION_ORDER,L_RING
H2S,FULLY_SCHEDULED,SF_S1_C01_M03,SensorFast,610,0.6580366774541532,CANONICAL_INPUT_ID_NOT_PROVEN_ADMISSION_ORDER,L_RING
H2S,FULLY_SCHEDULED,SF_S1_C01_M04,SensorFast,611,0.6591154261057174,CANONICAL_INPUT_ID_NOT_PROVEN_ADMISSION_ORDER,L_RING
H2S,FULLY_SCHEDULED,SF_S1_C02_M01,SensorFast,612,0.6601941747572816,CANONICAL_INPUT_ID_NOT_PROVEN_ADMISSION_ORDER,L_RING
H2S,FULLY_SCHEDULED,SF_S1_C02_M02,SensorFast,613,0.6612729234088457,CANONICAL_INPUT_ID_NOT_PROVEN_ADMISSION_ORDER,L_RING
H2S,FULLY_SCHEDULED,SF_S1_C02_M03,SensorFast,614,0.6623516720604099,CANONICAL_INPUT_ID_NOT_PROVEN_ADMISSION_ORDER,L_RING
H2S,FULLY_SCHEDULED,SF_S1_C02_M04,SensorFast,615,0.6634304207119741,CANONICAL_INPUT_ID_NOT_PROVEN_ADMISSION_ORDER,L_RING
H2S,FULLY_SCHEDULED,SF_S1_C03_M01,SensorFast,616,0.6645091693635383,CANONICAL_INPUT_ID_NOT_PROVEN_ADMISSION_ORDER,L_RING
H2S,FULLY_SCHEDULED,SF_S1_C03_M02,SensorFast,617,0.6655879180151025,CANONICAL_INPUT_ID_NOT_PROVEN_ADMISSION_ORDER,L_RING
H2S,FULLY_SCHEDULED,SF_S1_C03_M03,SensorFast,618,0.6666666666666666,CANONICAL_INPUT_ID_NOT_PROVEN_ADMISSION_ORDER,L_RING
H2S,FULLY_SCHEDULED,SF_S1_C03_M04,SensorFast,619,0.6677454153182308,CANONICAL_INPUT_ID_NOT_PROVEN_ADMISSION_ORDER,L_RING
H2S,FULLY_SCHEDULED,SF_S1_C04_M01,SensorFast,620,0.668824163969795,CANONICAL_INPUT_ID_NOT_PROVEN_ADMISSION_ORDER,L_RING
H2S,FULLY_SCHEDULED,SF_S1_C04_M02,SensorFast,621,0.6699029126213593,CANONICAL_INPUT_ID_NOT_PROVEN_ADMISSION_ORDER,L_RING
H2S,FULLY_SCHEDULED,SF_S1_C04_M03,SensorFast,622,0.6709816612729234,CANONICAL_INPUT_ID_NOT_PROVEN_ADMISSION_ORDER,L_RING
H2S,FULLY_SCHEDULED,SF_S1_C04_M04,SensorFast,623,0.6720604099244876,CANONICAL_INPUT_ID_NOT_PROVEN_ADMISSION_ORDER,L_RING
H2S,FULLY_SCHEDULED,SF_S1_C05_M01,SensorFast,624,0.6731391585760518,CANONICAL_INPUT_ID_NOT_PROVEN_ADMISSION_ORDER,L_RING
H2S,FULLY_SCHEDULED,SF_S1_C05_M02,SensorFast,625,0.674217907227616,CANONICAL_INPUT_ID_NOT_PROVEN_ADMISSION_ORDER,L_RING
H2S,FULLY_SCHEDULED,SF_S1_C05_M03,SensorFast,626,0.6752966558791802,CANONICAL_INPUT_ID_NOT_PROVEN_ADMISSION_ORDER,L_RING
H2S,FULLY_SCHEDULED,SF_S1_C05_M04,SensorFast,627,0.6763754045307443,CANONICAL_INPUT_ID_NOT_PROVEN_ADMISSION_ORDER,L_RING
H2S,FULLY_SCHEDULED,SF_S1_C06_M01,SensorFast,628,0.6774541531823085,CANONICAL_INPUT_ID_NOT_PROVEN_ADMISSION_ORDER,L_RING
H2S,FULLY_SCHEDULED,SF_S1_C06_M02,SensorFast,629,0.6785329018338727,CANONICAL_INPUT_ID_NOT_PROVEN_ADMISSION_ORDER,L_RING
H2S,FULLY_SCHEDULED,SF_S1_C06_M03,SensorFast,630,0.6796116504854369,CANONICAL_INPUT_ID_NOT_PROVEN_ADMISSION_ORDER,L_RING
H2S,FULLY_SCHEDULED,SF_S1_C06_M04,SensorFast,631,0.6806903991370011,CANONICAL_INPUT_ID_NOT_PROVEN_ADMISSION_ORDER,L_RING
H2S,FULLY_SCHEDULED,SF_S1_C07_M01,SensorFast,632,0.6817691477885652,CANONICAL_INPUT_ID_NOT_PROVEN_ADMISSION_ORDER,L_RING
H2S,FULLY_SCHEDULED,SF_S1_C07_M02,SensorFast,633,0.6828478964401294,CANONICAL_INPUT_ID_NOT_PROVEN_ADMISSION_ORDER,L_RING
H2S,FULLY_SCHEDULED,SF_S1_C07_M03,SensorFast,634,0.6839266450916937,CANONICAL_INPUT_ID_NOT_PROVEN_ADMISSION_ORDER,L_RING
H2S,FULLY_SCHEDULED,SF_S1_C07_M04,SensorFast,635,0.6850053937432579,CANONICAL_INPUT_ID_NOT_PROVEN_ADMISSION_ORDER,L_RING
H2S,FULLY_SCHEDULED,SF_S1_C08_M01,SensorFast,636,0.686084142394822,CANONICAL_INPUT_ID_NOT_PROVEN_ADMISSION_ORDER,L_RING
H2S,FULLY_SCHEDULED,SF_S1_C08_M02,SensorFast,637,0.6871628910463862,CANONICAL_INPUT_ID_NOT_PROVEN_ADMISSION_ORDER,L_RING
H2S,FULLY_SCHEDULED,SF_S1_C08_M03,SensorFast,638,0.6882416396979504,CANONICAL_INPUT_ID_NOT_PROVEN_ADMISSION_ORDER,L_RING
H2S,FULLY_SCHEDULED,SF_S1_C08_M04,SensorFast,639,0.6893203883495146,CANONICAL_INPUT_ID_NOT_PROVEN_ADMISSION_ORDER,L_RING
H2S,FULLY_SCHEDULED,SF_S1_C09_M01,SensorFast,640,0.6903991370010788,CANONICAL_INPUT_ID_NOT_PROVEN_ADMISSION_ORDER,L_RING
H2S,FULLY_SCHEDULED,SF_S1_C09_M02,SensorFast,641,0.6914778856526429,CANONICAL_INPUT_ID_NOT_PROVEN_ADMISSION_ORDER,L_RING
H2S,FULLY_SCHEDULED,SF_S1_C09_M03,SensorFast,642,0.6925566343042071,CANONICAL_INPUT_ID_NOT_PROVEN_ADMISSION_ORDER,L_RING
H2S,FULLY_SCHEDULED,SF_S1_C09_M04,SensorFast,643,0.6936353829557713,CANONICAL_INPUT_ID_NOT_PROVEN_ADMISSION_ORDER,L_RING
H2S,FULLY_SCHEDULED,SF_S1_C10_M01,SensorFast,644,0.6947141316073355,CANONICAL_INPUT_ID_NOT_PROVEN_ADMISSION_ORDER,L_RING
H2S,FULLY_SCHEDULED,SF_S1_C10_M02,SensorFast,645,0.6957928802588996,CANONICAL_INPUT_ID_NOT_PROVEN_ADMISSION_ORDER,L_RING
H2S,FULLY_SCHEDULED,SF_S1_C10_M03,SensorFast,646,0.6968716289104638,CANONICAL_INPUT_ID_NOT_PROVEN_ADMISSION_ORDER,L_RING
H2S,FULLY_SCHEDULED,SF_S1_C10_M04,SensorFast,647,0.697950377562028,CANONICAL_INPUT_ID_NOT_PROVEN_ADMISSION_ORDER,L_RING
H2S,FULLY_SCHEDULED,SF_S1_C11_M01,SensorFast,648,0.6990291262135923,CANONICAL_INPUT_ID_NOT_PROVEN_ADMISSION_ORDER,L_RING
H2S,FULLY_SCHEDULED,SF_S1_C11_M02,SensorFast,649,0.7001078748651565,CANONICAL_INPUT_ID_NOT_PROVEN_ADMISSION_ORDER,L_RING
H2S,FULLY_SCHEDULED,SF_S1_C11_M03,SensorFast,650,0.7011866235167206,CANONICAL_INPUT_ID_NOT_PROVEN_ADMISSION_ORDER,L_RING
H2S,FULLY_SCHEDULED,SF_S1_C11_M04,SensorFast,651,0.7022653721682848,CANONICAL_INPUT_ID_NOT_PROVEN_ADMISSION_ORDER,L_RING
H2S,FULLY_SCHEDULED,SF_S1_C12_M01,SensorFast,652,0.703344120819849,CANONICAL_INPUT_ID_NOT_PROVEN_ADMISSION_ORDER,L_RING
H2S,FULLY_SCHEDULED,SF_S1_C12_M02,SensorFast,653,0.7044228694714132,CANONICAL_INPUT_ID_NOT_PROVEN_ADMISSION_ORDER,L_RING
H2S,FULLY_SCHEDULED,SF_S1_C12_M03,SensorFast,654,0.7055016181229773,CANONICAL_INPUT_ID_NOT_PROVEN_ADMISSION_ORDER,L_RING
H2S,FULLY_SCHEDULED,SF_S1_C12_M04,SensorFast,655,0.7065803667745415,CANONICAL_INPUT_ID_NOT_PROVEN_ADMISSION_ORDER,L_RING
H2S,FULLY_SCHEDULED,SF_S1_C13_M01,SensorFast,656,0.7076591154261057,CANONICAL_INPUT_ID_NOT_PROVEN_ADMISSION_ORDER,L_RING
H2S,FULLY_SCHEDULED,SF_S1_C13_M02,SensorFast,657,0.7087378640776699,CANONICAL_INPUT_ID_NOT_PROVEN_ADMISSION_ORDER,L_RING
H2S,FULLY_SCHEDULED,SF_S1_C13_M03,SensorFast,658,0.7098166127292341,CANONICAL_INPUT_ID_NOT_PROVEN_ADMISSION_ORDER,L_RING
H2S,FULLY_SCHEDULED,SF_S1_C13_M04,SensorFast,659,0.7108953613807982,CANONICAL_INPUT_ID_NOT_PROVEN_ADMISSION_ORDER,L_RING
H2S,FULLY_SCHEDULED,SF_S1_C14_M01,SensorFast,660,0.7119741100323624,CANONICAL_INPUT_ID_NOT_PROVEN_ADMISSION_ORDER,L_RING
H2S,FULLY_SCHEDULED,SF_S1_C14_M02,SensorFast,661,0.7130528586839266,CANONICAL_INPUT_ID_NOT_PROVEN_ADMISSION_ORDER,L_RING
H2S,FULLY_SCHEDULED,SF_S1_C14_M03,SensorFast,662,0.7141316073354909,CANONICAL_INPUT_ID_NOT_PROVEN_ADMISSION_ORDER,L_RING
H2S,FULLY_SCHEDULED,SF_S1_C14_M04,SensorFast,663,0.7152103559870551,CANONICAL_INPUT_ID_NOT_PROVEN_ADMISSION_ORDER,L_RING
H2S,FULLY_SCHEDULED,SF_S1_C15_M01,SensorFast,664,0.7162891046386192,CANONICAL_INPUT_ID_NOT_PROVEN_ADMISSION_ORDER,L_RING
H2S,FULLY_SCHEDULED,SF_S1_C15_M02,SensorFast,665,0.7173678532901834,CANONICAL_INPUT_ID_NOT_PROVEN_ADMISSION_ORDER,L_RING
H2S,FULLY_SCHEDULED,SF_S1_C15_M03,SensorFast,666,0.7184466019417476,CANONICAL_INPUT_ID_NOT_PROVEN_ADMISSION_ORDER,L_RING
H2S,FULLY_SCHEDULED,SF_S1_C15_M04,SensorFast,667,0.7195253505933118,CANONICAL_INPUT_ID_NOT_PROVEN_ADMISSION_ORDER,L_RING
H2S,FULLY_SCHEDULED,SF_S1_C16_M01,SensorFast,668,0.7206040992448759,CANONICAL_INPUT_ID_NOT_PROVEN_ADMISSION_ORDER,L_RING
H2S,FULLY_SCHEDULED,SF_S1_C16_M02,SensorFast,669,0.7216828478964401,CANONICAL_INPUT_ID_NOT_PROVEN_ADMISSION_ORDER,L_RING
H2S,FULLY_SCHEDULED,SF_S1_C16_M03,SensorFast,670,0.7227615965480043,CANONICAL_INPUT_ID_NOT_PROVEN_ADMISSION_ORDER,L_RING
H2S,FULLY_SCHEDULED,SF_S1_C16_M04,SensorFast,671,0.7238403451995685,CANONICAL_INPUT_ID_NOT_PROVEN_ADMISSION_ORDER,L_RING
H2S,FULLY_SCHEDULED,SF_S2_C01_M01,SensorFast,672,0.7249190938511327,CANONICAL_INPUT_ID_NOT_PROVEN_ADMISSION_ORDER,L_RING
H2S,FULLY_SCHEDULED,SF_S2_C01_M02,SensorFast,673,0.7259978425026968,CANONICAL_INPUT_ID_NOT_PROVEN_ADMISSION_ORDER,L_RING
H2S,FULLY_SCHEDULED,SF_S2_C01_M03,SensorFast,674,0.727076591154261,CANONICAL_INPUT_ID_NOT_PROVEN_ADMISSION_ORDER,L_RING
H2S,FULLY_SCHEDULED,SF_S2_C01_M04,SensorFast,675,0.7281553398058253,CANONICAL_INPUT_ID_NOT_PROVEN_ADMISSION_ORDER,L_RING
H2S,FULLY_SCHEDULED,SF_S2_C02_M01,SensorFast,676,0.7292340884573895,CANONICAL_INPUT_ID_NOT_PROVEN_ADMISSION_ORDER,L_RING
H2S,FULLY_SCHEDULED,SF_S2_C02_M02,SensorFast,677,0.7303128371089536,CANONICAL_INPUT_ID_NOT_PROVEN_ADMISSION_ORDER,L_RING
H2S,FULLY_SCHEDULED,SF_S2_C02_M03,SensorFast,678,0.7313915857605178,CANONICAL_INPUT_ID_NOT_PROVEN_ADMISSION_ORDER,L_RING
H2S,FULLY_SCHEDULED,SF_S2_C02_M04,SensorFast,679,0.732470334412082,CANONICAL_INPUT_ID_NOT_PROVEN_ADMISSION_ORDER,L_RING
H2S,FULLY_SCHEDULED,SF_S2_C03_M01,SensorFast,680,0.7335490830636462,CANONICAL_INPUT_ID_NOT_PROVEN_ADMISSION_ORDER,L_RING
H2S,FULLY_SCHEDULED,SF_S2_C03_M02,SensorFast,681,0.7346278317152104,CANONICAL_INPUT_ID_NOT_PROVEN_ADMISSION_ORDER,L_RING
H2S,FULLY_SCHEDULED,SF_S2_C03_M03,SensorFast,682,0.7357065803667745,CANONICAL_INPUT_ID_NOT_PROVEN_ADMISSION_ORDER,L_RING
H2S,FULLY_SCHEDULED,SF_S2_C03_M04,SensorFast,683,0.7367853290183387,CANONICAL_INPUT_ID_NOT_PROVEN_ADMISSION_ORDER,L_RING
H2S,FULLY_SCHEDULED,SF_S2_C04_M01,SensorFast,684,0.7378640776699029,CANONICAL_INPUT_ID_NOT_PROVEN_ADMISSION_ORDER,L_RING
H2S,FULLY_SCHEDULED,SF_S2_C04_M02,SensorFast,685,0.7389428263214671,CANONICAL_INPUT_ID_NOT_PROVEN_ADMISSION_ORDER,L_RING
H2S,FULLY_SCHEDULED,SF_S2_C04_M03,SensorFast,686,0.7400215749730313,CANONICAL_INPUT_ID_NOT_PROVEN_ADMISSION_ORDER,L_RING
H2S,FULLY_SCHEDULED,SF_S2_C04_M04,SensorFast,687,0.7411003236245954,CANONICAL_INPUT_ID_NOT_PROVEN_ADMISSION_ORDER,L_RING
H2S,FULLY_SCHEDULED,SF_S2_C05_M01,SensorFast,688,0.7421790722761596,CANONICAL_INPUT_ID_NOT_PROVEN_ADMISSION_ORDER,L_RING
H2S,FULLY_SCHEDULED,SF_S2_C05_M02,SensorFast,689,0.7432578209277239,CANONICAL_INPUT_ID_NOT_PROVEN_ADMISSION_ORDER,L_RING
H2S,FULLY_SCHEDULED,SF_S2_C05_M03,SensorFast,690,0.7443365695792881,CANONICAL_INPUT_ID_NOT_PROVEN_ADMISSION_ORDER,L_RING
H2S,FULLY_SCHEDULED,SF_S2_C05_M04,SensorFast,691,0.7454153182308522,CANONICAL_INPUT_ID_NOT_PROVEN_ADMISSION_ORDER,L_RING
H2S,FULLY_SCHEDULED,SF_S2_C06_M01,SensorFast,692,0.7464940668824164,CANONICAL_INPUT_ID_NOT_PROVEN_ADMISSION_ORDER,L_RING
H2S,FULLY_SCHEDULED,SF_S2_C06_M02,SensorFast,693,0.7475728155339806,CANONICAL_INPUT_ID_NOT_PROVEN_ADMISSION_ORDER,L_RING
H2S,FULLY_SCHEDULED,SF_S2_C06_M03,SensorFast,694,0.7486515641855448,CANONICAL_INPUT_ID_NOT_PROVEN_ADMISSION_ORDER,L_RING
H2S,FULLY_SCHEDULED,SF_S2_C06_M04,SensorFast,695,0.749730312837109,CANONICAL_INPUT_ID_NOT_PROVEN_ADMISSION_ORDER,L_RING
H2S,FULLY_SCHEDULED,SF_S2_C07_M01,SensorFast,696,0.7508090614886731,CANONICAL_INPUT_ID_NOT_PROVEN_ADMISSION_ORDER,L_RING
H2S,FULLY_SCHEDULED,SF_S2_C07_M02,SensorFast,697,0.7518878101402373,CANONICAL_INPUT_ID_NOT_PROVEN_ADMISSION_ORDER,L_RING
H2S,FULLY_SCHEDULED,SF_S2_C07_M03,SensorFast,698,0.7529665587918015,CANONICAL_INPUT_ID_NOT_PROVEN_ADMISSION_ORDER,L_RING
H2S,FULLY_SCHEDULED,SF_S2_C07_M04,SensorFast,699,0.7540453074433657,CANONICAL_INPUT_ID_NOT_PROVEN_ADMISSION_ORDER,L_RING
H2S,FULLY_SCHEDULED,SF_S2_C08_M01,SensorFast,700,0.7551240560949298,CANONICAL_INPUT_ID_NOT_PROVEN_ADMISSION_ORDER,L_RING
H2S,FULLY_SCHEDULED,SF_S2_C08_M02,SensorFast,701,0.756202804746494,CANONICAL_INPUT_ID_NOT_PROVEN_ADMISSION_ORDER,L_RING
H2S,FULLY_SCHEDULED,SF_S2_C08_M03,SensorFast,702,0.7572815533980582,CANONICAL_INPUT_ID_NOT_PROVEN_ADMISSION_ORDER,L_RING
H2S,FULLY_SCHEDULED,SF_S2_C08_M04,SensorFast,703,0.7583603020496225,CANONICAL_INPUT_ID_NOT_PROVEN_ADMISSION_ORDER,L_RING
H2S,FULLY_SCHEDULED,SF_S2_C09_M01,SensorFast,704,0.7594390507011867,CANONICAL_INPUT_ID_NOT_PROVEN_ADMISSION_ORDER,L_RING
H2S,FULLY_SCHEDULED,SF_S2_C09_M02,SensorFast,705,0.7605177993527508,CANONICAL_INPUT_ID_NOT_PROVEN_ADMISSION_ORDER,L_RING
H2S,FULLY_SCHEDULED,SF_S2_C09_M03,SensorFast,706,0.761596548004315,CANONICAL_INPUT_ID_NOT_PROVEN_ADMISSION_ORDER,L_RING
H2S,FULLY_SCHEDULED,SF_S2_C09_M04,SensorFast,707,0.7626752966558792,CANONICAL_INPUT_ID_NOT_PROVEN_ADMISSION_ORDER,L_RING
H2S,FULLY_SCHEDULED,SF_S2_C10_M01,SensorFast,708,0.7637540453074434,CANONICAL_INPUT_ID_NOT_PROVEN_ADMISSION_ORDER,L_RING
H2S,FULLY_SCHEDULED,SF_S2_C10_M02,SensorFast,709,0.7648327939590076,CANONICAL_INPUT_ID_NOT_PROVEN_ADMISSION_ORDER,L_RING
H2S,FULLY_SCHEDULED,SF_S2_C10_M03,SensorFast,710,0.7659115426105717,CANONICAL_INPUT_ID_NOT_PROVEN_ADMISSION_ORDER,L_RING
H2S,FULLY_SCHEDULED,SF_S2_C10_M04,SensorFast,711,0.7669902912621359,CANONICAL_INPUT_ID_NOT_PROVEN_ADMISSION_ORDER,L_RING
H2S,FULLY_SCHEDULED,SF_S2_C11_M01,SensorFast,712,0.7680690399137001,CANONICAL_INPUT_ID_NOT_PROVEN_ADMISSION_ORDER,L_RING
H2S,FULLY_SCHEDULED,SF_S2_C11_M02,SensorFast,713,0.7691477885652643,CANONICAL_INPUT_ID_NOT_PROVEN_ADMISSION_ORDER,L_RING
H2S,FULLY_SCHEDULED,SF_S2_C11_M03,SensorFast,714,0.7702265372168284,CANONICAL_INPUT_ID_NOT_PROVEN_ADMISSION_ORDER,L_RING
H2S,FULLY_SCHEDULED,SF_S2_C11_M04,SensorFast,715,0.7713052858683926,CANONICAL_INPUT_ID_NOT_PROVEN_ADMISSION_ORDER,L_RING
H2S,FULLY_SCHEDULED,SF_S2_C12_M01,SensorFast,716,0.7723840345199569,CANONICAL_INPUT_ID_NOT_PROVEN_ADMISSION_ORDER,L_RING
H2S,FULLY_SCHEDULED,SF_S2_C12_M02,SensorFast,717,0.7734627831715211,CANONICAL_INPUT_ID_NOT_PROVEN_ADMISSION_ORDER,L_RING
H2S,FULLY_SCHEDULED,SF_S2_C12_M03,SensorFast,718,0.7745415318230853,CANONICAL_INPUT_ID_NOT_PROVEN_ADMISSION_ORDER,L_RING
H2S,FULLY_SCHEDULED,SF_S2_C12_M04,SensorFast,719,0.7756202804746494,CANONICAL_INPUT_ID_NOT_PROVEN_ADMISSION_ORDER,L_RING
H2S,FULLY_SCHEDULED,SF_S2_C13_M01,SensorFast,720,0.7766990291262136,CANONICAL_INPUT_ID_NOT_PROVEN_ADMISSION_ORDER,L_RING
H2S,FULLY_SCHEDULED,SF_S2_C13_M02,SensorFast,721,0.7777777777777778,CANONICAL_INPUT_ID_NOT_PROVEN_ADMISSION_ORDER,L_RING
H2S,FULLY_SCHEDULED,SF_S2_C13_M03,SensorFast,722,0.778856526429342,CANONICAL_INPUT_ID_NOT_PROVEN_ADMISSION_ORDER,L_RING
H2S,FULLY_SCHEDULED,SF_S2_C13_M04,SensorFast,723,0.7799352750809061,CANONICAL_INPUT_ID_NOT_PROVEN_ADMISSION_ORDER,L_RING
H2S,FULLY_SCHEDULED,SF_S2_C14_M01,SensorFast,724,0.7810140237324703,CANONICAL_INPUT_ID_NOT_PROVEN_ADMISSION_ORDER,L_RING
H2S,FULLY_SCHEDULED,SF_S2_C14_M02,SensorFast,725,0.7820927723840345,CANONICAL_INPUT_ID_NOT_PROVEN_ADMISSION_ORDER,L_RING
H2S,FULLY_SCHEDULED,SF_S2_C14_M03,SensorFast,726,0.7831715210355987,CANONICAL_INPUT_ID_NOT_PROVEN_ADMISSION_ORDER,L_RING
H2S,FULLY_SCHEDULED,SF_S2_C14_M04,SensorFast,727,0.7842502696871629,CANONICAL_INPUT_ID_NOT_PROVEN_ADMISSION_ORDER,L_RING
H2S,FULLY_SCHEDULED,SF_S2_C15_M01,SensorFast,728,0.785329018338727,CANONICAL_INPUT_ID_NOT_PROVEN_ADMISSION_ORDER,L_RING
H2S,FULLY_SCHEDULED,SF_S2_C15_M02,SensorFast,729,0.7864077669902912,CANONICAL_INPUT_ID_NOT_PROVEN_ADMISSION_ORDER,L_RING
H2S,FULLY_SCHEDULED,SF_S2_C15_M03,SensorFast,730,0.7874865156418555,CANONICAL_INPUT_ID_NOT_PROVEN_ADMISSION_ORDER,L_RING
H2S,FULLY_SCHEDULED,SF_S2_C15_M04,SensorFast,731,0.7885652642934197,CANONICAL_INPUT_ID_NOT_PROVEN_ADMISSION_ORDER,L_RING
H2S,FULLY_SCHEDULED,SF_S2_C16_M01,SensorFast,732,0.7896440129449838,CANONICAL_INPUT_ID_NOT_PROVEN_ADMISSION_ORDER,L_RING
H2S,FULLY_SCHEDULED,SF_S2_C16_M02,SensorFast,733,0.790722761596548,CANONICAL_INPUT_ID_NOT_PROVEN_ADMISSION_ORDER,L_RING
H2S,FULLY_SCHEDULED,SF_S2_C16_M03,SensorFast,734,0.7918015102481122,CANONICAL_INPUT_ID_NOT_PROVEN_ADMISSION_ORDER,L_RING
H2S,FULLY_SCHEDULED,SF_S2_C16_M04,SensorFast,735,0.7928802588996764,CANONICAL_INPUT_ID_NOT_PROVEN_ADMISSION_ORDER,L_RING
H2S,FULLY_SCHEDULED,SF_S3_C01_M01,SensorFast,736,0.7939590075512406,CANONICAL_INPUT_ID_NOT_PROVEN_ADMISSION_ORDER,L_RING
H2S,FULLY_SCHEDULED,SF_S3_C01_M02,SensorFast,737,0.7950377562028047,CANONICAL_INPUT_ID_NOT_PROVEN_ADMISSION_ORDER,L_RING
H2S,FULLY_SCHEDULED,SF_S3_C01_M03,SensorFast,738,0.7961165048543689,CANONICAL_INPUT_ID_NOT_PROVEN_ADMISSION_ORDER,L_RING
H2S,FULLY_SCHEDULED,SF_S3_C01_M04,SensorFast,739,0.7971952535059331,CANONICAL_INPUT_ID_NOT_PROVEN_ADMISSION_ORDER,L_RING
H2S,FULLY_SCHEDULED,SF_S3_C02_M01,SensorFast,740,0.7982740021574973,CANONICAL_INPUT_ID_NOT_PROVEN_ADMISSION_ORDER,L_RING
H2S,FULLY_SCHEDULED,SF_S3_C02_M02,SensorFast,741,0.7993527508090615,CANONICAL_INPUT_ID_NOT_PROVEN_ADMISSION_ORDER,L_RING
H2S,FULLY_SCHEDULED,SF_S3_C02_M03,SensorFast,742,0.8004314994606256,CANONICAL_INPUT_ID_NOT_PROVEN_ADMISSION_ORDER,L_RING
H2S,FULLY_SCHEDULED,SF_S3_C02_M04,SensorFast,743,0.8015102481121898,CANONICAL_INPUT_ID_NOT_PROVEN_ADMISSION_ORDER,L_RING
H2S,FULLY_SCHEDULED,SF_S3_C03_M01,SensorFast,744,0.8025889967637541,CANONICAL_INPUT_ID_NOT_PROVEN_ADMISSION_ORDER,L_RING
H2S,FULLY_SCHEDULED,SF_S3_C03_M02,SensorFast,745,0.8036677454153183,CANONICAL_INPUT_ID_NOT_PROVEN_ADMISSION_ORDER,L_RING
H2S,FULLY_SCHEDULED,SF_S3_C03_M03,SensorFast,746,0.8047464940668824,CANONICAL_INPUT_ID_NOT_PROVEN_ADMISSION_ORDER,L_RING
H2S,FULLY_SCHEDULED,SF_S3_C03_M04,SensorFast,747,0.8058252427184466,CANONICAL_INPUT_ID_NOT_PROVEN_ADMISSION_ORDER,L_RING
H2S,FULLY_SCHEDULED,SF_S3_C04_M01,SensorFast,748,0.8069039913700108,CANONICAL_INPUT_ID_NOT_PROVEN_ADMISSION_ORDER,L_RING
H2S,FULLY_SCHEDULED,SF_S3_C04_M02,SensorFast,749,0.807982740021575,CANONICAL_INPUT_ID_NOT_PROVEN_ADMISSION_ORDER,L_RING
H2S,FULLY_SCHEDULED,SF_S3_C04_M03,SensorFast,750,0.8090614886731392,CANONICAL_INPUT_ID_NOT_PROVEN_ADMISSION_ORDER,L_RING
H2S,FULLY_SCHEDULED,SF_S3_C04_M04,SensorFast,751,0.8101402373247033,CANONICAL_INPUT_ID_NOT_PROVEN_ADMISSION_ORDER,L_RING
H2S,FULLY_SCHEDULED,SF_S3_C05_M01,SensorFast,752,0.8112189859762675,CANONICAL_INPUT_ID_NOT_PROVEN_ADMISSION_ORDER,L_RING
H2S,FULLY_SCHEDULED,SF_S3_C05_M02,SensorFast,753,0.8122977346278317,CANONICAL_INPUT_ID_NOT_PROVEN_ADMISSION_ORDER,L_RING
H2S,FULLY_SCHEDULED,SF_S3_C05_M03,SensorFast,754,0.8133764832793959,CANONICAL_INPUT_ID_NOT_PROVEN_ADMISSION_ORDER,L_RING
H2S,FULLY_SCHEDULED,SF_S3_C05_M04,SensorFast,755,0.81445523193096,CANONICAL_INPUT_ID_NOT_PROVEN_ADMISSION_ORDER,L_RING
H2S,FULLY_SCHEDULED,SF_S3_C06_M01,SensorFast,756,0.8155339805825242,CANONICAL_INPUT_ID_NOT_PROVEN_ADMISSION_ORDER,L_RING
H2S,FULLY_SCHEDULED,SF_S3_C06_M02,SensorFast,757,0.8166127292340885,CANONICAL_INPUT_ID_NOT_PROVEN_ADMISSION_ORDER,L_RING
H2S,FULLY_SCHEDULED,SF_S3_C06_M03,SensorFast,758,0.8176914778856527,CANONICAL_INPUT_ID_NOT_PROVEN_ADMISSION_ORDER,L_RING
H2S,FULLY_SCHEDULED,SF_S3_C06_M04,SensorFast,759,0.8187702265372169,CANONICAL_INPUT_ID_NOT_PROVEN_ADMISSION_ORDER,L_RING
H2S,FULLY_SCHEDULED,SF_S3_C07_M01,SensorFast,760,0.819848975188781,CANONICAL_INPUT_ID_NOT_PROVEN_ADMISSION_ORDER,L_RING
H2S,FULLY_SCHEDULED,SF_S3_C07_M02,SensorFast,761,0.8209277238403452,CANONICAL_INPUT_ID_NOT_PROVEN_ADMISSION_ORDER,L_RING
H2S,FULLY_SCHEDULED,SF_S3_C07_M03,SensorFast,762,0.8220064724919094,CANONICAL_INPUT_ID_NOT_PROVEN_ADMISSION_ORDER,L_RING
H2S,FULLY_SCHEDULED,SF_S3_C07_M04,SensorFast,763,0.8230852211434736,CANONICAL_INPUT_ID_NOT_PROVEN_ADMISSION_ORDER,L_RING
H2S,FULLY_SCHEDULED,SF_S3_C08_M01,SensorFast,764,0.8241639697950378,CANONICAL_INPUT_ID_NOT_PROVEN_ADMISSION_ORDER,L_RING
H2S,FULLY_SCHEDULED,SF_S3_C08_M02,SensorFast,765,0.8252427184466019,CANONICAL_INPUT_ID_NOT_PROVEN_ADMISSION_ORDER,L_RING
H2S,FULLY_SCHEDULED,SF_S3_C08_M03,SensorFast,766,0.8263214670981661,CANONICAL_INPUT_ID_NOT_PROVEN_ADMISSION_ORDER,L_RING
H2S,FULLY_SCHEDULED,SF_S3_C08_M04,SensorFast,767,0.8274002157497303,CANONICAL_INPUT_ID_NOT_PROVEN_ADMISSION_ORDER,L_RING
H2S,FULLY_SCHEDULED,SF_S3_C09_M01,SensorFast,768,0.8284789644012945,CANONICAL_INPUT_ID_NOT_PROVEN_ADMISSION_ORDER,L_RING
H2S,FULLY_SCHEDULED,SF_S3_C09_M02,SensorFast,769,0.8295577130528586,CANONICAL_INPUT_ID_NOT_PROVEN_ADMISSION_ORDER,L_RING
H2S,FULLY_SCHEDULED,SF_S3_C09_M03,SensorFast,770,0.8306364617044228,CANONICAL_INPUT_ID_NOT_PROVEN_ADMISSION_ORDER,L_RING
H2S,FULLY_SCHEDULED,SF_S3_C09_M04,SensorFast,771,0.8317152103559871,CANONICAL_INPUT_ID_NOT_PROVEN_ADMISSION_ORDER,L_RING
H2S,FULLY_SCHEDULED,SF_S3_C10_M01,SensorFast,772,0.8327939590075513,CANONICAL_INPUT_ID_NOT_PROVEN_ADMISSION_ORDER,L_RING
H2S,FULLY_SCHEDULED,SF_S3_C10_M02,SensorFast,773,0.8338727076591155,CANONICAL_INPUT_ID_NOT_PROVEN_ADMISSION_ORDER,L_RING
H2S,FULLY_SCHEDULED,SF_S3_C10_M03,SensorFast,774,0.8349514563106796,CANONICAL_INPUT_ID_NOT_PROVEN_ADMISSION_ORDER,L_RING
H2S,FULLY_SCHEDULED,SF_S3_C10_M04,SensorFast,775,0.8360302049622438,CANONICAL_INPUT_ID_NOT_PROVEN_ADMISSION_ORDER,L_RING
H2S,FULLY_SCHEDULED,SF_S3_C11_M01,SensorFast,776,0.837108953613808,CANONICAL_INPUT_ID_NOT_PROVEN_ADMISSION_ORDER,L_RING
H2S,FULLY_SCHEDULED,SF_S3_C11_M02,SensorFast,777,0.8381877022653722,CANONICAL_INPUT_ID_NOT_PROVEN_ADMISSION_ORDER,L_RING
H2S,FULLY_SCHEDULED,SF_S3_C11_M03,SensorFast,778,0.8392664509169363,CANONICAL_INPUT_ID_NOT_PROVEN_ADMISSION_ORDER,L_RING
H2S,FULLY_SCHEDULED,SF_S3_C11_M04,SensorFast,779,0.8403451995685005,CANONICAL_INPUT_ID_NOT_PROVEN_ADMISSION_ORDER,L_RING
H2S,FULLY_SCHEDULED,SF_S3_C12_M01,SensorFast,780,0.8414239482200647,CANONICAL_INPUT_ID_NOT_PROVEN_ADMISSION_ORDER,L_RING
H2S,FULLY_SCHEDULED,SF_S3_C12_M02,SensorFast,781,0.8425026968716289,CANONICAL_INPUT_ID_NOT_PROVEN_ADMISSION_ORDER,L_RING
H2S,FULLY_SCHEDULED,SF_S3_C12_M03,SensorFast,782,0.8435814455231931,CANONICAL_INPUT_ID_NOT_PROVEN_ADMISSION_ORDER,L_RING
H2S,FULLY_SCHEDULED,SF_S3_C12_M04,SensorFast,783,0.8446601941747572,CANONICAL_INPUT_ID_NOT_PROVEN_ADMISSION_ORDER,L_RING
H2S,FULLY_SCHEDULED,SF_S3_C13_M01,SensorFast,784,0.8457389428263214,CANONICAL_INPUT_ID_NOT_PROVEN_ADMISSION_ORDER,L_RING
H2S,FULLY_SCHEDULED,SF_S3_C13_M02,SensorFast,785,0.8468176914778857,CANONICAL_INPUT_ID_NOT_PROVEN_ADMISSION_ORDER,L_RING
H2S,FULLY_SCHEDULED,SF_S3_C13_M03,SensorFast,786,0.8478964401294499,CANONICAL_INPUT_ID_NOT_PROVEN_ADMISSION_ORDER,L_RING
H2S,FULLY_SCHEDULED,SF_S3_C13_M04,SensorFast,787,0.8489751887810141,CANONICAL_INPUT_ID_NOT_PROVEN_ADMISSION_ORDER,L_RING
H2S,FULLY_SCHEDULED,SF_S3_C14_M01,SensorFast,788,0.8500539374325782,CANONICAL_INPUT_ID_NOT_PROVEN_ADMISSION_ORDER,L_RING
H2S,FULLY_SCHEDULED,SF_S3_C14_M02,SensorFast,789,0.8511326860841424,CANONICAL_INPUT_ID_NOT_PROVEN_ADMISSION_ORDER,L_RING
H2S,FULLY_SCHEDULED,SF_S3_C14_M03,SensorFast,790,0.8522114347357066,CANONICAL_INPUT_ID_NOT_PROVEN_ADMISSION_ORDER,L_RING
H2S,FULLY_SCHEDULED,SF_S3_C14_M04,SensorFast,791,0.8532901833872708,CANONICAL_INPUT_ID_NOT_PROVEN_ADMISSION_ORDER,L_RING
H2S,FULLY_SCHEDULED,SF_S3_C15_M01,SensorFast,792,0.8543689320388349,CANONICAL_INPUT_ID_NOT_PROVEN_ADMISSION_ORDER,L_RING
H2S,FULLY_SCHEDULED,SF_S3_C15_M02,SensorFast,793,0.8554476806903991,CANONICAL_INPUT_ID_NOT_PROVEN_ADMISSION_ORDER,L_RING
H2S,FULLY_SCHEDULED,SF_S3_C15_M03,SensorFast,794,0.8565264293419633,CANONICAL_INPUT_ID_NOT_PROVEN_ADMISSION_ORDER,L_RING
H2S,FULLY_SCHEDULED,SF_S3_C15_M04,SensorFast,795,0.8576051779935275,CANONICAL_INPUT_ID_NOT_PROVEN_ADMISSION_ORDER,L_RING
H2S,FULLY_SCHEDULED,SF_S3_C16_M01,SensorFast,796,0.8586839266450917,CANONICAL_INPUT_ID_NOT_PROVEN_ADMISSION_ORDER,L_RING
H2S,FULLY_SCHEDULED,SF_S3_C16_M02,SensorFast,797,0.8597626752966558,CANONICAL_INPUT_ID_NOT_PROVEN_ADMISSION_ORDER,L_RING
H2S,FULLY_SCHEDULED,SF_S3_C16_M03,SensorFast,798,0.86084142394822,CANONICAL_INPUT_ID_NOT_PROVEN_ADMISSION_ORDER,L_RING
H2S,FULLY_SCHEDULED,SF_S3_C16_M04,SensorFast,799,0.8619201725997843,CANONICAL_INPUT_ID_NOT_PROVEN_ADMISSION_ORDER,L_RING
H2S,FULLY_SCHEDULED,SF_S4_C01_M01,SensorFast,800,0.8629989212513485,CANONICAL_INPUT_ID_NOT_PROVEN_ADMISSION_ORDER,L_RING
H2S,FULLY_SCHEDULED,SF_S4_C01_M02,SensorFast,801,0.8640776699029126,CANONICAL_INPUT_ID_NOT_PROVEN_ADMISSION_ORDER,L_RING
H2S,FULLY_SCHEDULED,SF_S4_C01_M03,SensorFast,802,0.8651564185544768,CANONICAL_INPUT_ID_NOT_PROVEN_ADMISSION_ORDER,L_RING
H2S,FULLY_SCHEDULED,SF_S4_C01_M04,SensorFast,803,0.866235167206041,CANONICAL_INPUT_ID_NOT_PROVEN_ADMISSION_ORDER,L_RING
H2S,FULLY_SCHEDULED,SF_S4_C02_M01,SensorFast,804,0.8673139158576052,CANONICAL_INPUT_ID_NOT_PROVEN_ADMISSION_ORDER,L_RING
H2S,FULLY_SCHEDULED,SF_S4_C02_M02,SensorFast,805,0.8683926645091694,CANONICAL_INPUT_ID_NOT_PROVEN_ADMISSION_ORDER,L_RING
H2S,FULLY_SCHEDULED,SF_S4_C02_M03,SensorFast,806,0.8694714131607335,CANONICAL_INPUT_ID_NOT_PROVEN_ADMISSION_ORDER,L_RING
H2S,FULLY_SCHEDULED,SF_S4_C02_M04,SensorFast,807,0.8705501618122977,CANONICAL_INPUT_ID_NOT_PROVEN_ADMISSION_ORDER,L_RING
H2S,FULLY_SCHEDULED,SF_S4_C03_M01,SensorFast,808,0.8716289104638619,CANONICAL_INPUT_ID_NOT_PROVEN_ADMISSION_ORDER,L_RING
H2S,FULLY_SCHEDULED,SF_S4_C03_M02,SensorFast,809,0.8727076591154261,CANONICAL_INPUT_ID_NOT_PROVEN_ADMISSION_ORDER,L_RING
H2S,FULLY_SCHEDULED,SF_S4_C03_M03,SensorFast,810,0.8737864077669902,CANONICAL_INPUT_ID_NOT_PROVEN_ADMISSION_ORDER,L_RING
H2S,FULLY_SCHEDULED,SF_S4_C03_M04,SensorFast,811,0.8748651564185544,CANONICAL_INPUT_ID_NOT_PROVEN_ADMISSION_ORDER,L_RING
H2S,FULLY_SCHEDULED,SF_S4_C04_M01,SensorFast,812,0.8759439050701187,CANONICAL_INPUT_ID_NOT_PROVEN_ADMISSION_ORDER,L_RING
H2S,FULLY_SCHEDULED,SF_S4_C04_M02,SensorFast,813,0.8770226537216829,CANONICAL_INPUT_ID_NOT_PROVEN_ADMISSION_ORDER,L_RING
H2S,FULLY_SCHEDULED,SF_S4_C04_M03,SensorFast,814,0.8781014023732471,CANONICAL_INPUT_ID_NOT_PROVEN_ADMISSION_ORDER,L_RING
H2S,FULLY_SCHEDULED,SF_S4_C04_M04,SensorFast,815,0.8791801510248112,CANONICAL_INPUT_ID_NOT_PROVEN_ADMISSION_ORDER,L_RING
H2S,FULLY_SCHEDULED,SF_S4_C05_M01,SensorFast,816,0.8802588996763754,CANONICAL_INPUT_ID_NOT_PROVEN_ADMISSION_ORDER,L_RING
H2S,FULLY_SCHEDULED,SF_S4_C05_M02,SensorFast,817,0.8813376483279396,CANONICAL_INPUT_ID_NOT_PROVEN_ADMISSION_ORDER,L_RING
H2S,FULLY_SCHEDULED,SF_S4_C05_M03,SensorFast,818,0.8824163969795038,CANONICAL_INPUT_ID_NOT_PROVEN_ADMISSION_ORDER,L_RING
H2S,FULLY_SCHEDULED,SF_S4_C05_M04,SensorFast,819,0.883495145631068,CANONICAL_INPUT_ID_NOT_PROVEN_ADMISSION_ORDER,L_RING
H2S,FULLY_SCHEDULED,SF_S4_C06_M01,SensorFast,820,0.8845738942826321,CANONICAL_INPUT_ID_NOT_PROVEN_ADMISSION_ORDER,L_RING
H2S,FULLY_SCHEDULED,SF_S4_C06_M02,SensorFast,821,0.8856526429341963,CANONICAL_INPUT_ID_NOT_PROVEN_ADMISSION_ORDER,L_RING
H2S,FULLY_SCHEDULED,SF_S4_C06_M03,SensorFast,822,0.8867313915857605,CANONICAL_INPUT_ID_NOT_PROVEN_ADMISSION_ORDER,L_RING
H2S,FULLY_SCHEDULED,SF_S4_C06_M04,SensorFast,823,0.8878101402373247,CANONICAL_INPUT_ID_NOT_PROVEN_ADMISSION_ORDER,L_RING
H2S,FULLY_SCHEDULED,SF_S4_C07_M01,SensorFast,824,0.8888888888888888,CANONICAL_INPUT_ID_NOT_PROVEN_ADMISSION_ORDER,L_RING
H2S,FULLY_SCHEDULED,SF_S4_C07_M02,SensorFast,825,0.889967637540453,CANONICAL_INPUT_ID_NOT_PROVEN_ADMISSION_ORDER,L_RING
H2S,FULLY_SCHEDULED,SF_S4_C07_M03,SensorFast,826,0.8910463861920173,CANONICAL_INPUT_ID_NOT_PROVEN_ADMISSION_ORDER,L_RING
H2S,FULLY_SCHEDULED,SF_S4_C07_M04,SensorFast,827,0.8921251348435815,CANONICAL_INPUT_ID_NOT_PROVEN_ADMISSION_ORDER,L_RING
H2S,FULLY_SCHEDULED,SF_S4_C08_M01,SensorFast,828,0.8932038834951457,CANONICAL_INPUT_ID_NOT_PROVEN_ADMISSION_ORDER,L_RING
H2S,FULLY_SCHEDULED,SF_S4_C08_M02,SensorFast,829,0.8942826321467098,CANONICAL_INPUT_ID_NOT_PROVEN_ADMISSION_ORDER,L_RING
H2S,FULLY_SCHEDULED,SF_S4_C08_M03,SensorFast,830,0.895361380798274,CANONICAL_INPUT_ID_NOT_PROVEN_ADMISSION_ORDER,L_RING
H2S,FULLY_SCHEDULED,SF_S4_C08_M04,SensorFast,831,0.8964401294498382,CANONICAL_INPUT_ID_NOT_PROVEN_ADMISSION_ORDER,L_RING
H2S,FULLY_SCHEDULED,SF_S4_C09_M01,SensorFast,832,0.8975188781014024,CANONICAL_INPUT_ID_NOT_PROVEN_ADMISSION_ORDER,L_RING
H2S,FULLY_SCHEDULED,SF_S4_C09_M02,SensorFast,833,0.8985976267529665,CANONICAL_INPUT_ID_NOT_PROVEN_ADMISSION_ORDER,L_RING
H2S,FULLY_SCHEDULED,SF_S4_C09_M03,SensorFast,834,0.8996763754045307,CANONICAL_INPUT_ID_NOT_PROVEN_ADMISSION_ORDER,L_RING
H2S,FULLY_SCHEDULED,SF_S4_C09_M04,SensorFast,835,0.9007551240560949,CANONICAL_INPUT_ID_NOT_PROVEN_ADMISSION_ORDER,L_RING
H2S,FULLY_SCHEDULED,SF_S4_C10_M01,SensorFast,836,0.9018338727076591,CANONICAL_INPUT_ID_NOT_PROVEN_ADMISSION_ORDER,L_RING
H2S,FULLY_SCHEDULED,SF_S4_C10_M02,SensorFast,837,0.9029126213592233,CANONICAL_INPUT_ID_NOT_PROVEN_ADMISSION_ORDER,L_RING
H2S,FULLY_SCHEDULED,SF_S4_C10_M03,SensorFast,838,0.9039913700107874,CANONICAL_INPUT_ID_NOT_PROVEN_ADMISSION_ORDER,L_RING
H2S,FULLY_SCHEDULED,SF_S4_C10_M04,SensorFast,839,0.9050701186623517,CANONICAL_INPUT_ID_NOT_PROVEN_ADMISSION_ORDER,L_RING
H2S,FULLY_SCHEDULED,SF_S4_C11_M01,SensorFast,840,0.9061488673139159,CANONICAL_INPUT_ID_NOT_PROVEN_ADMISSION_ORDER,L_RING
H2S,FULLY_SCHEDULED,SF_S4_C11_M02,SensorFast,841,0.9072276159654801,CANONICAL_INPUT_ID_NOT_PROVEN_ADMISSION_ORDER,L_RING
H2S,FULLY_SCHEDULED,SF_S4_C11_M03,SensorFast,842,0.9083063646170443,CANONICAL_INPUT_ID_NOT_PROVEN_ADMISSION_ORDER,L_RING
H2S,FULLY_SCHEDULED,SF_S4_C11_M04,SensorFast,843,0.9093851132686084,CANONICAL_INPUT_ID_NOT_PROVEN_ADMISSION_ORDER,L_RING
H2S,FULLY_SCHEDULED,SF_S4_C12_M01,SensorFast,844,0.9104638619201726,CANONICAL_INPUT_ID_NOT_PROVEN_ADMISSION_ORDER,L_RING
H2S,FULLY_SCHEDULED,SF_S4_C12_M02,SensorFast,845,0.9115426105717368,CANONICAL_INPUT_ID_NOT_PROVEN_ADMISSION_ORDER,L_RING
H2S,FULLY_SCHEDULED,SF_S4_C12_M03,SensorFast,846,0.912621359223301,CANONICAL_INPUT_ID_NOT_PROVEN_ADMISSION_ORDER,L_RING
H2S,FULLY_SCHEDULED,SF_S4_C12_M04,SensorFast,847,0.9137001078748651,CANONICAL_INPUT_ID_NOT_PROVEN_ADMISSION_ORDER,L_RING
H2S,FULLY_SCHEDULED,SF_S4_C13_M01,SensorFast,848,0.9147788565264293,CANONICAL_INPUT_ID_NOT_PROVEN_ADMISSION_ORDER,L_RING
H2S,FULLY_SCHEDULED,SF_S4_C13_M02,SensorFast,849,0.9158576051779935,CANONICAL_INPUT_ID_NOT_PROVEN_ADMISSION_ORDER,L_RING
H2S,FULLY_SCHEDULED,SF_S4_C13_M03,SensorFast,850,0.9169363538295577,CANONICAL_INPUT_ID_NOT_PROVEN_ADMISSION_ORDER,L_RING
H2S,FULLY_SCHEDULED,SF_S4_C13_M04,SensorFast,851,0.918015102481122,CANONICAL_INPUT_ID_NOT_PROVEN_ADMISSION_ORDER,L_RING
H2S,FULLY_SCHEDULED,SF_S4_C14_M01,SensorFast,852,0.919093851132686,CANONICAL_INPUT_ID_NOT_PROVEN_ADMISSION_ORDER,L_RING
H2S,FULLY_SCHEDULED,SF_S4_C14_M02,SensorFast,853,0.9201725997842503,CANONICAL_INPUT_ID_NOT_PROVEN_ADMISSION_ORDER,L_RING
H2S,FULLY_SCHEDULED,SF_S4_C14_M03,SensorFast,854,0.9212513484358145,CANONICAL_INPUT_ID_NOT_PROVEN_ADMISSION_ORDER,L_RING
H2S,FULLY_SCHEDULED,SF_S4_C14_M04,SensorFast,855,0.9223300970873787,CANONICAL_INPUT_ID_NOT_PROVEN_ADMISSION_ORDER,L_RING
H2S,FULLY_SCHEDULED,SF_S4_C15_M01,SensorFast,856,0.9234088457389428,CANONICAL_INPUT_ID_NOT_PROVEN_ADMISSION_ORDER,L_RING
H2S,FULLY_SCHEDULED,SF_S4_C15_M02,SensorFast,857,0.924487594390507,CANONICAL_INPUT_ID_NOT_PROVEN_ADMISSION_ORDER,L_RING
H2S,FULLY_SCHEDULED,SF_S4_C15_M03,SensorFast,858,0.9255663430420712,CANONICAL_INPUT_ID_NOT_PROVEN_ADMISSION_ORDER,L_RING
H2S,FULLY_SCHEDULED,SF_S4_C15_M04,SensorFast,859,0.9266450916936354,CANONICAL_INPUT_ID_NOT_PROVEN_ADMISSION_ORDER,L_RING
H2S,FULLY_SCHEDULED,SF_S4_C16_M01,SensorFast,860,0.9277238403451996,CANONICAL_INPUT_ID_NOT_PROVEN_ADMISSION_ORDER,L_RING
H2S,FULLY_SCHEDULED,SF_S4_C16_M02,SensorFast,861,0.9288025889967637,CANONICAL_INPUT_ID_NOT_PROVEN_ADMISSION_ORDER,L_RING
H2S,FULLY_SCHEDULED,SF_S4_C16_M03,SensorFast,862,0.9298813376483279,CANONICAL_INPUT_ID_NOT_PROVEN_ADMISSION_ORDER,L_RING
H2S,FULLY_SCHEDULED,SF_S4_C16_M04,SensorFast,863,0.9309600862998921,CANONICAL_INPUT_ID_NOT_PROVEN_ADMISSION_ORDER,L_RING
H2S,FULLY_SCHEDULED,STAT_PLC_C01_M01,MachineStatus,864,0.9320388349514563,CANONICAL_INPUT_ID_NOT_PROVEN_ADMISSION_ORDER,L_RING
H2S,FULLY_SCHEDULED,STAT_PLC_C01_M02,MachineStatus,865,0.9331175836030206,CANONICAL_INPUT_ID_NOT_PROVEN_ADMISSION_ORDER,L_RING
H2S,FULLY_SCHEDULED,STAT_PLC_C01_M03,MachineStatus,866,0.9341963322545846,CANONICAL_INPUT_ID_NOT_PROVEN_ADMISSION_ORDER,L_RING
H2S,FULLY_SCHEDULED,STAT_PLC_C01_M04,MachineStatus,867,0.9352750809061489,CANONICAL_INPUT_ID_NOT_PROVEN_ADMISSION_ORDER,L_RING
H2S,FULLY_SCHEDULED,STAT_PLC_C02_M01,MachineStatus,868,0.9363538295577131,CANONICAL_INPUT_ID_NOT_PROVEN_ADMISSION_ORDER,L_RING
H2S,FULLY_SCHEDULED,STAT_PLC_C02_M02,MachineStatus,869,0.9374325782092773,CANONICAL_INPUT_ID_NOT_PROVEN_ADMISSION_ORDER,L_RING
H2S,FULLY_SCHEDULED,STAT_PLC_C02_M03,MachineStatus,870,0.9385113268608414,CANONICAL_INPUT_ID_NOT_PROVEN_ADMISSION_ORDER,L_RING
H2S,FULLY_SCHEDULED,STAT_PLC_C02_M04,MachineStatus,871,0.9395900755124056,CANONICAL_INPUT_ID_NOT_PROVEN_ADMISSION_ORDER,L_RING
H2S,FULLY_SCHEDULED,STAT_PLC_C03_M01,MachineStatus,872,0.9406688241639698,CANONICAL_INPUT_ID_NOT_PROVEN_ADMISSION_ORDER,L_RING
H2S,FULLY_SCHEDULED,STAT_PLC_C03_M02,MachineStatus,873,0.941747572815534,CANONICAL_INPUT_ID_NOT_PROVEN_ADMISSION_ORDER,L_RING
H2S,FULLY_SCHEDULED,STAT_PLC_C03_M03,MachineStatus,874,0.9428263214670982,CANONICAL_INPUT_ID_NOT_PROVEN_ADMISSION_ORDER,L_RING
H2S,FULLY_SCHEDULED,STAT_PLC_C03_M04,MachineStatus,875,0.9439050701186623,CANONICAL_INPUT_ID_NOT_PROVEN_ADMISSION_ORDER,L_RING
H2S,FULLY_SCHEDULED,STAT_PLC_C04_M01,MachineStatus,876,0.9449838187702265,CANONICAL_INPUT_ID_NOT_PROVEN_ADMISSION_ORDER,L_RING
H2S,FULLY_SCHEDULED,STAT_PLC_C04_M02,MachineStatus,877,0.9460625674217907,CANONICAL_INPUT_ID_NOT_PROVEN_ADMISSION_ORDER,L_RING
H2S,FULLY_SCHEDULED,STAT_PLC_C04_M03,MachineStatus,878,0.9471413160733549,CANONICAL_INPUT_ID_NOT_PROVEN_ADMISSION_ORDER,L_RING
H2S,FULLY_SCHEDULED,STAT_PLC_C04_M04,MachineStatus,879,0.948220064724919,CANONICAL_INPUT_ID_NOT_PROVEN_ADMISSION_ORDER,L_RING
H2S,FULLY_SCHEDULED,STAT_PLC_C05_M01,MachineStatus,880,0.9492988133764833,CANONICAL_INPUT_ID_NOT_PROVEN_ADMISSION_ORDER,L_RING
H2S,FULLY_SCHEDULED,STAT_PLC_C05_M02,MachineStatus,881,0.9503775620280475,CANONICAL_INPUT_ID_NOT_PROVEN_ADMISSION_ORDER,L_RING
H2S,FULLY_SCHEDULED,STAT_PLC_C05_M03,MachineStatus,882,0.9514563106796117,CANONICAL_INPUT_ID_NOT_PROVEN_ADMISSION_ORDER,L_RING
H2S,ZERO_SCHEDULED,STAT_PLC_C05_M04,MachineStatus,883,0.9525350593311759,CANONICAL_INPUT_ID_NOT_PROVEN_ADMISSION_ORDER,L_RING
H2S,FULLY_SCHEDULED,STAT_PLC_C06_M01,MachineStatus,884,0.95361380798274,CANONICAL_INPUT_ID_NOT_PROVEN_ADMISSION_ORDER,L_RING
H2S,FULLY_SCHEDULED,STAT_PLC_C06_M02,MachineStatus,885,0.9546925566343042,CANONICAL_INPUT_ID_NOT_PROVEN_ADMISSION_ORDER,L_RING
H2S,FULLY_SCHEDULED,STAT_PLC_C06_M03,MachineStatus,886,0.9557713052858684,CANONICAL_INPUT_ID_NOT_PROVEN_ADMISSION_ORDER,L_RING
H2S,FULLY_SCHEDULED,STAT_PLC_C06_M04,MachineStatus,887,0.9568500539374326,CANONICAL_INPUT_ID_NOT_PROVEN_ADMISSION_ORDER,L_RING
H2S,FULLY_SCHEDULED,STAT_PLC_C07_M01,MachineStatus,888,0.9579288025889967,CANONICAL_INPUT_ID_NOT_PROVEN_ADMISSION_ORDER,L_RING
H2S,FULLY_SCHEDULED,STAT_PLC_C07_M02,MachineStatus,889,0.9590075512405609,CANONICAL_INPUT_ID_NOT_PROVEN_ADMISSION_ORDER,L_RING
H2S,FULLY_SCHEDULED,STAT_PLC_C07_M03,MachineStatus,890,0.9600862998921251,CANONICAL_INPUT_ID_NOT_PROVEN_ADMISSION_ORDER,L_RING
H2S,FULLY_SCHEDULED,STAT_PLC_C07_M04,MachineStatus,891,0.9611650485436893,CANONICAL_INPUT_ID_NOT_PROVEN_ADMISSION_ORDER,L_RING
H2S,FULLY_SCHEDULED,STAT_PLC_C08_M01,MachineStatus,892,0.9622437971952535,CANONICAL_INPUT_ID_NOT_PROVEN_ADMISSION_ORDER,L_RING
H2S,FULLY_SCHEDULED,STAT_PLC_C08_M02,MachineStatus,893,0.9633225458468176,CANONICAL_INPUT_ID_NOT_PROVEN_ADMISSION_ORDER,L_RING
H2S,FULLY_SCHEDULED,STAT_PLC_C08_M03,MachineStatus,894,0.9644012944983819,CANONICAL_INPUT_ID_NOT_PROVEN_ADMISSION_ORDER,L_RING
H2S,FULLY_SCHEDULED,STAT_PLC_C08_M04,MachineStatus,895,0.9654800431499461,CANONICAL_INPUT_ID_NOT_PROVEN_ADMISSION_ORDER,L_RING
H2S,FULLY_SCHEDULED,STAT_PLC_C09_M01,MachineStatus,896,0.9665587918015103,CANONICAL_INPUT_ID_NOT_PROVEN_ADMISSION_ORDER,L_RING
H2S,FULLY_SCHEDULED,STAT_PLC_C09_M02,MachineStatus,897,0.9676375404530745,CANONICAL_INPUT_ID_NOT_PROVEN_ADMISSION_ORDER,L_RING
H2S,FULLY_SCHEDULED,STAT_PLC_C09_M03,MachineStatus,898,0.9687162891046386,CANONICAL_INPUT_ID_NOT_PROVEN_ADMISSION_ORDER,L_RING
H2S,FULLY_SCHEDULED,STAT_PLC_C09_M04,MachineStatus,899,0.9697950377562028,CANONICAL_INPUT_ID_NOT_PROVEN_ADMISSION_ORDER,L_RING
H2S,FULLY_SCHEDULED,STAT_PLC_C10_M01,MachineStatus,900,0.970873786407767,CANONICAL_INPUT_ID_NOT_PROVEN_ADMISSION_ORDER,L_RING
H2S,FULLY_SCHEDULED,STAT_PLC_C10_M02,MachineStatus,901,0.9719525350593312,CANONICAL_INPUT_ID_NOT_PROVEN_ADMISSION_ORDER,L_RING
H2S,FULLY_SCHEDULED,STAT_PLC_C10_M03,MachineStatus,902,0.9730312837108953,CANONICAL_INPUT_ID_NOT_PROVEN_ADMISSION_ORDER,L_RING
H2S,FULLY_SCHEDULED,STAT_PLC_C10_M04,MachineStatus,903,0.9741100323624595,CANONICAL_INPUT_ID_NOT_PROVEN_ADMISSION_ORDER,L_RING
H2S,FULLY_SCHEDULED,STAT_PLC_C11_M01,MachineStatus,904,0.9751887810140237,CANONICAL_INPUT_ID_NOT_PROVEN_ADMISSION_ORDER,L_RING
H2S,FULLY_SCHEDULED,STAT_PLC_C11_M02,MachineStatus,905,0.9762675296655879,CANONICAL_INPUT_ID_NOT_PROVEN_ADMISSION_ORDER,L_RING
H2S,FULLY_SCHEDULED,STAT_PLC_C11_M03,MachineStatus,906,0.9773462783171522,CANONICAL_INPUT_ID_NOT_PROVEN_ADMISSION_ORDER,L_RING
H2S,FULLY_SCHEDULED,STAT_PLC_C11_M04,MachineStatus,907,0.9784250269687162,CANONICAL_INPUT_ID_NOT_PROVEN_ADMISSION_ORDER,L_RING
H2S,FULLY_SCHEDULED,STAT_PLC_C12_M01,MachineStatus,908,0.9795037756202805,CANONICAL_INPUT_ID_NOT_PROVEN_ADMISSION_ORDER,L_RING
H2S,FULLY_SCHEDULED,STAT_PLC_C12_M02,MachineStatus,909,0.9805825242718447,CANONICAL_INPUT_ID_NOT_PROVEN_ADMISSION_ORDER,L_RING
H2S,FULLY_SCHEDULED,STAT_PLC_C12_M03,MachineStatus,910,0.9816612729234089,CANONICAL_INPUT_ID_NOT_PROVEN_ADMISSION_ORDER,L_RING
H2S,FULLY_SCHEDULED,STAT_PLC_C12_M04,MachineStatus,911,0.982740021574973,CANONICAL_INPUT_ID_NOT_PROVEN_ADMISSION_ORDER,L_RING
H2S,FULLY_SCHEDULED,STAT_PLC_C13_M01,MachineStatus,912,0.9838187702265372,CANONICAL_INPUT_ID_NOT_PROVEN_ADMISSION_ORDER,L_RING
H2S,FULLY_SCHEDULED,STAT_PLC_C13_M02,MachineStatus,913,0.9848975188781014,CANONICAL_INPUT_ID_NOT_PROVEN_ADMISSION_ORDER,L_RING
H2S,FULLY_SCHEDULED,STAT_PLC_C13_M03,MachineStatus,914,0.9859762675296656,CANONICAL_INPUT_ID_NOT_PROVEN_ADMISSION_ORDER,L_RING
H2S,FULLY_SCHEDULED,STAT_PLC_C13_M04,MachineStatus,915,0.9870550161812298,CANONICAL_INPUT_ID_NOT_PROVEN_ADMISSION_ORDER,L_RING
H2S,FULLY_SCHEDULED,STAT_PLC_C14_M01,MachineStatus,916,0.9881337648327939,CANONICAL_INPUT_ID_NOT_PROVEN_ADMISSION_ORDER,L_RING
H2S,FULLY_SCHEDULED,STAT_PLC_C14_M02,MachineStatus,917,0.9892125134843581,CANONICAL_INPUT_ID_NOT_PROVEN_ADMISSION_ORDER,L_RING
H2S,FULLY_SCHEDULED,STAT_PLC_C14_M03,MachineStatus,918,0.9902912621359223,CANONICAL_INPUT_ID_NOT_PROVEN_ADMISSION_ORDER,L_RING
H2S,FULLY_SCHEDULED,STAT_PLC_C14_M04,MachineStatus,919,0.9913700107874865,CANONICAL_INPUT_ID_NOT_PROVEN_ADMISSION_ORDER,L_RING
H2S,FULLY_SCHEDULED,STAT_PLC_C15_M01,MachineStatus,920,0.9924487594390508,CANONICAL_INPUT_ID_NOT_PROVEN_ADMISSION_ORDER,L_RING
H2S,FULLY_SCHEDULED,STAT_PLC_C15_M02,MachineStatus,921,0.9935275080906149,CANONICAL_INPUT_ID_NOT_PROVEN_ADMISSION_ORDER,L_RING
H2S,FULLY_SCHEDULED,STAT_PLC_C15_M03,MachineStatus,922,0.9946062567421791,CANONICAL_INPUT_ID_NOT_PROVEN_ADMISSION_ORDER,L_RING
H2S,FULLY_SCHEDULED,STAT_PLC_C15_M04,MachineStatus,923,0.9956850053937433,CANONICAL_INPUT_ID_NOT_PROVEN_ADMISSION_ORDER,L_RING
H2S,FULLY_SCHEDULED,STAT_PLC_C16_M01,MachineStatus,924,0.9967637540453075,CANONICAL_INPUT_ID_NOT_PROVEN_ADMISSION_ORDER,L_RING
H2S,FULLY_SCHEDULED,STAT_PLC_C16_M02,MachineStatus,925,0.9978425026968716,CANONICAL_INPUT_ID_NOT_PROVEN_ADMISSION_ORDER,L_RING
H2S,FULLY_SCHEDULED,STAT_PLC_C16_M03,MachineStatus,926,0.9989212513484358,CANONICAL_INPUT_ID_NOT_PROVEN_ADMISSION_ORDER,L_RING
H2S,FULLY_SCHEDULED,STAT_PLC_C16_M04,MachineStatus,927,1.0,CANONICAL_INPUT_ID_NOT_PROVEN_ADMISSION_ORDER,L_RING
CELF,FULLY_SCHEDULED,CMD_PLC_C01_M01_A1_C01_M01,ControlCommand,0,0.0,CANONICAL_INPUT_ID_NOT_PROVEN_ADMISSION_ORDER,L_RING
CELF,FULLY_SCHEDULED,CMD_PLC_C01_M01_A2_C01_M01,ControlCommand,1,0.0010787486515641855,CANONICAL_INPUT_ID_NOT_PROVEN_ADMISSION_ORDER,L_RING
CELF,FULLY_SCHEDULED,CMD_PLC_C01_M01_A3_C01_M01,ControlCommand,2,0.002157497303128371,CANONICAL_INPUT_ID_NOT_PROVEN_ADMISSION_ORDER,L_RING
CELF,FULLY_SCHEDULED,CMD_PLC_C01_M01_A4_C01_M01,ControlCommand,3,0.003236245954692557,CANONICAL_INPUT_ID_NOT_PROVEN_ADMISSION_ORDER,L_RING
CELF,FULLY_SCHEDULED,CMD_PLC_C01_M02_A1_C01_M02,ControlCommand,4,0.004314994606256742,CANONICAL_INPUT_ID_NOT_PROVEN_ADMISSION_ORDER,L_RING
CELF,FULLY_SCHEDULED,CMD_PLC_C01_M02_A2_C01_M02,ControlCommand,5,0.005393743257820928,CANONICAL_INPUT_ID_NOT_PROVEN_ADMISSION_ORDER,L_RING
CELF,FULLY_SCHEDULED,CMD_PLC_C01_M02_A3_C01_M02,ControlCommand,6,0.006472491909385114,CANONICAL_INPUT_ID_NOT_PROVEN_ADMISSION_ORDER,L_RING
CELF,FULLY_SCHEDULED,CMD_PLC_C01_M02_A4_C01_M02,ControlCommand,7,0.007551240560949299,CANONICAL_INPUT_ID_NOT_PROVEN_ADMISSION_ORDER,L_RING
CELF,FULLY_SCHEDULED,CMD_PLC_C01_M03_A1_C01_M03,ControlCommand,8,0.008629989212513484,CANONICAL_INPUT_ID_NOT_PROVEN_ADMISSION_ORDER,L_RING
CELF,FULLY_SCHEDULED,CMD_PLC_C01_M03_A2_C01_M03,ControlCommand,9,0.009708737864077669,CANONICAL_INPUT_ID_NOT_PROVEN_ADMISSION_ORDER,L_RING
CELF,FULLY_SCHEDULED,CMD_PLC_C01_M03_A3_C01_M03,ControlCommand,10,0.010787486515641856,CANONICAL_INPUT_ID_NOT_PROVEN_ADMISSION_ORDER,L_RING
CELF,FULLY_SCHEDULED,CMD_PLC_C01_M03_A4_C01_M03,ControlCommand,11,0.011866235167206042,CANONICAL_INPUT_ID_NOT_PROVEN_ADMISSION_ORDER,L_RING
CELF,FULLY_SCHEDULED,CMD_PLC_C01_M04_A1_C01_M04,ControlCommand,12,0.012944983818770227,CANONICAL_INPUT_ID_NOT_PROVEN_ADMISSION_ORDER,L_RING
CELF,FULLY_SCHEDULED,CMD_PLC_C01_M04_A2_C01_M04,ControlCommand,13,0.014023732470334413,CANONICAL_INPUT_ID_NOT_PROVEN_ADMISSION_ORDER,L_RING
CELF,FULLY_SCHEDULED,CMD_PLC_C01_M04_A3_C01_M04,ControlCommand,14,0.015102481121898598,CANONICAL_INPUT_ID_NOT_PROVEN_ADMISSION_ORDER,L_RING
CELF,FULLY_SCHEDULED,CMD_PLC_C01_M04_A4_C01_M04,ControlCommand,15,0.016181229773462782,CANONICAL_INPUT_ID_NOT_PROVEN_ADMISSION_ORDER,L_RING
CELF,FULLY_SCHEDULED,CMD_PLC_C02_M01_A1_C02_M01,ControlCommand,16,0.017259978425026967,CANONICAL_INPUT_ID_NOT_PROVEN_ADMISSION_ORDER,L_RING
CELF,FULLY_SCHEDULED,CMD_PLC_C02_M01_A2_C02_M01,ControlCommand,17,0.018338727076591153,CANONICAL_INPUT_ID_NOT_PROVEN_ADMISSION_ORDER,L_RING
CELF,FULLY_SCHEDULED,CMD_PLC_C02_M01_A3_C02_M01,ControlCommand,18,0.019417475728155338,CANONICAL_INPUT_ID_NOT_PROVEN_ADMISSION_ORDER,L_RING
CELF,FULLY_SCHEDULED,CMD_PLC_C02_M01_A4_C02_M01,ControlCommand,19,0.020496224379719527,CANONICAL_INPUT_ID_NOT_PROVEN_ADMISSION_ORDER,L_RING
CELF,FULLY_SCHEDULED,CMD_PLC_C02_M02_A1_C02_M02,ControlCommand,20,0.021574973031283712,CANONICAL_INPUT_ID_NOT_PROVEN_ADMISSION_ORDER,L_RING
CELF,FULLY_SCHEDULED,CMD_PLC_C02_M02_A2_C02_M02,ControlCommand,21,0.022653721682847898,CANONICAL_INPUT_ID_NOT_PROVEN_ADMISSION_ORDER,L_RING
CELF,FULLY_SCHEDULED,CMD_PLC_C02_M02_A3_C02_M02,ControlCommand,22,0.023732470334412083,CANONICAL_INPUT_ID_NOT_PROVEN_ADMISSION_ORDER,L_RING
CELF,FULLY_SCHEDULED,CMD_PLC_C02_M02_A4_C02_M02,ControlCommand,23,0.02481121898597627,CANONICAL_INPUT_ID_NOT_PROVEN_ADMISSION_ORDER,L_RING
CELF,FULLY_SCHEDULED,CMD_PLC_C02_M03_A1_C02_M03,ControlCommand,24,0.025889967637540454,CANONICAL_INPUT_ID_NOT_PROVEN_ADMISSION_ORDER,L_RING
CELF,FULLY_SCHEDULED,CMD_PLC_C02_M03_A2_C02_M03,ControlCommand,25,0.02696871628910464,CANONICAL_INPUT_ID_NOT_PROVEN_ADMISSION_ORDER,L_RING
CELF,FULLY_SCHEDULED,CMD_PLC_C02_M03_A3_C02_M03,ControlCommand,26,0.028047464940668825,CANONICAL_INPUT_ID_NOT_PROVEN_ADMISSION_ORDER,L_RING
CELF,FULLY_SCHEDULED,CMD_PLC_C02_M03_A4_C02_M03,ControlCommand,27,0.02912621359223301,CANONICAL_INPUT_ID_NOT_PROVEN_ADMISSION_ORDER,L_RING
CELF,FULLY_SCHEDULED,CMD_PLC_C02_M04_A1_C02_M04,ControlCommand,28,0.030204962243797196,CANONICAL_INPUT_ID_NOT_PROVEN_ADMISSION_ORDER,L_RING
CELF,FULLY_SCHEDULED,CMD_PLC_C02_M04_A2_C02_M04,ControlCommand,29,0.03128371089536138,CANONICAL_INPUT_ID_NOT_PROVEN_ADMISSION_ORDER,L_RING
CELF,FULLY_SCHEDULED,CMD_PLC_C02_M04_A3_C02_M04,ControlCommand,30,0.032362459546925564,CANONICAL_INPUT_ID_NOT_PROVEN_ADMISSION_ORDER,L_RING
CELF,ZERO_SCHEDULED,CMD_PLC_C02_M04_A4_C02_M04,ControlCommand,31,0.03344120819848975,CANONICAL_INPUT_ID_NOT_PROVEN_ADMISSION_ORDER,L_RING
CELF,FULLY_SCHEDULED,CMD_PLC_C03_M01_A1_C03_M01,ControlCommand,32,0.034519956850053934,CANONICAL_INPUT_ID_NOT_PROVEN_ADMISSION_ORDER,L_RING
CELF,FULLY_SCHEDULED,CMD_PLC_C03_M01_A2_C03_M01,ControlCommand,33,0.03559870550161812,CANONICAL_INPUT_ID_NOT_PROVEN_ADMISSION_ORDER,L_RING
CELF,FULLY_SCHEDULED,CMD_PLC_C03_M01_A3_C03_M01,ControlCommand,34,0.036677454153182305,CANONICAL_INPUT_ID_NOT_PROVEN_ADMISSION_ORDER,L_RING
CELF,FULLY_SCHEDULED,CMD_PLC_C03_M01_A4_C03_M01,ControlCommand,35,0.037756202804746494,CANONICAL_INPUT_ID_NOT_PROVEN_ADMISSION_ORDER,L_RING
CELF,FULLY_SCHEDULED,CMD_PLC_C03_M02_A1_C03_M02,ControlCommand,36,0.038834951456310676,CANONICAL_INPUT_ID_NOT_PROVEN_ADMISSION_ORDER,L_RING
CELF,FULLY_SCHEDULED,CMD_PLC_C03_M02_A2_C03_M02,ControlCommand,37,0.039913700107874865,CANONICAL_INPUT_ID_NOT_PROVEN_ADMISSION_ORDER,L_RING
CELF,FULLY_SCHEDULED,CMD_PLC_C03_M02_A3_C03_M02,ControlCommand,38,0.040992448759439054,CANONICAL_INPUT_ID_NOT_PROVEN_ADMISSION_ORDER,L_RING
CELF,FULLY_SCHEDULED,CMD_PLC_C03_M02_A4_C03_M02,ControlCommand,39,0.042071197411003236,CANONICAL_INPUT_ID_NOT_PROVEN_ADMISSION_ORDER,L_RING
CELF,FULLY_SCHEDULED,CMD_PLC_C03_M03_A1_C03_M03,ControlCommand,40,0.043149946062567425,CANONICAL_INPUT_ID_NOT_PROVEN_ADMISSION_ORDER,L_RING
CELF,FULLY_SCHEDULED,CMD_PLC_C03_M03_A2_C03_M03,ControlCommand,41,0.04422869471413161,CANONICAL_INPUT_ID_NOT_PROVEN_ADMISSION_ORDER,L_RING
CELF,FULLY_SCHEDULED,CMD_PLC_C03_M03_A3_C03_M03,ControlCommand,42,0.045307443365695796,CANONICAL_INPUT_ID_NOT_PROVEN_ADMISSION_ORDER,L_RING
CELF,FULLY_SCHEDULED,CMD_PLC_C03_M03_A4_C03_M03,ControlCommand,43,0.04638619201725998,CANONICAL_INPUT_ID_NOT_PROVEN_ADMISSION_ORDER,L_RING
CELF,FULLY_SCHEDULED,CMD_PLC_C03_M04_A1_C03_M04,ControlCommand,44,0.04746494066882417,CANONICAL_INPUT_ID_NOT_PROVEN_ADMISSION_ORDER,L_RING
CELF,FULLY_SCHEDULED,CMD_PLC_C03_M04_A2_C03_M04,ControlCommand,45,0.04854368932038835,CANONICAL_INPUT_ID_NOT_PROVEN_ADMISSION_ORDER,L_RING
CELF,FULLY_SCHEDULED,CMD_PLC_C03_M04_A3_C03_M04,ControlCommand,46,0.04962243797195254,CANONICAL_INPUT_ID_NOT_PROVEN_ADMISSION_ORDER,L_RING
CELF,FULLY_SCHEDULED,CMD_PLC_C03_M04_A4_C03_M04,ControlCommand,47,0.05070118662351672,CANONICAL_INPUT_ID_NOT_PROVEN_ADMISSION_ORDER,L_RING
CELF,FULLY_SCHEDULED,CMD_PLC_C04_M01_A1_C04_M01,ControlCommand,48,0.05177993527508091,CANONICAL_INPUT_ID_NOT_PROVEN_ADMISSION_ORDER,L_RING
CELF,FULLY_SCHEDULED,CMD_PLC_C04_M01_A2_C04_M01,ControlCommand,49,0.05285868392664509,CANONICAL_INPUT_ID_NOT_PROVEN_ADMISSION_ORDER,L_RING
CELF,FULLY_SCHEDULED,CMD_PLC_C04_M01_A3_C04_M01,ControlCommand,50,0.05393743257820928,CANONICAL_INPUT_ID_NOT_PROVEN_ADMISSION_ORDER,L_RING
CELF,FULLY_SCHEDULED,CMD_PLC_C04_M01_A4_C04_M01,ControlCommand,51,0.05501618122977346,CANONICAL_INPUT_ID_NOT_PROVEN_ADMISSION_ORDER,L_RING
CELF,FULLY_SCHEDULED,CMD_PLC_C04_M02_A1_C04_M02,ControlCommand,52,0.05609492988133765,CANONICAL_INPUT_ID_NOT_PROVEN_ADMISSION_ORDER,L_RING
CELF,FULLY_SCHEDULED,CMD_PLC_C04_M02_A2_C04_M02,ControlCommand,53,0.05717367853290183,CANONICAL_INPUT_ID_NOT_PROVEN_ADMISSION_ORDER,L_RING
CELF,FULLY_SCHEDULED,CMD_PLC_C04_M02_A3_C04_M02,ControlCommand,54,0.05825242718446602,CANONICAL_INPUT_ID_NOT_PROVEN_ADMISSION_ORDER,L_RING
CELF,FULLY_SCHEDULED,CMD_PLC_C04_M02_A4_C04_M02,ControlCommand,55,0.0593311758360302,CANONICAL_INPUT_ID_NOT_PROVEN_ADMISSION_ORDER,L_RING
CELF,FULLY_SCHEDULED,CMD_PLC_C04_M03_A1_C04_M03,ControlCommand,56,0.06040992448759439,CANONICAL_INPUT_ID_NOT_PROVEN_ADMISSION_ORDER,L_RING
CELF,FULLY_SCHEDULED,CMD_PLC_C04_M03_A2_C04_M03,ControlCommand,57,0.061488673139158574,CANONICAL_INPUT_ID_NOT_PROVEN_ADMISSION_ORDER,L_RING
CELF,FULLY_SCHEDULED,CMD_PLC_C04_M03_A3_C04_M03,ControlCommand,58,0.06256742179072276,CANONICAL_INPUT_ID_NOT_PROVEN_ADMISSION_ORDER,L_RING
CELF,FULLY_SCHEDULED,CMD_PLC_C04_M03_A4_C04_M03,ControlCommand,59,0.06364617044228695,CANONICAL_INPUT_ID_NOT_PROVEN_ADMISSION_ORDER,L_RING
CELF,FULLY_SCHEDULED,CMD_PLC_C04_M04_A1_C04_M04,ControlCommand,60,0.06472491909385113,CANONICAL_INPUT_ID_NOT_PROVEN_ADMISSION_ORDER,L_RING
CELF,FULLY_SCHEDULED,CMD_PLC_C04_M04_A2_C04_M04,ControlCommand,61,0.06580366774541532,CANONICAL_INPUT_ID_NOT_PROVEN_ADMISSION_ORDER,L_RING
CELF,FULLY_SCHEDULED,CMD_PLC_C04_M04_A3_C04_M04,ControlCommand,62,0.0668824163969795,CANONICAL_INPUT_ID_NOT_PROVEN_ADMISSION_ORDER,L_RING
CELF,FULLY_SCHEDULED,CMD_PLC_C04_M04_A4_C04_M04,ControlCommand,63,0.06796116504854369,CANONICAL_INPUT_ID_NOT_PROVEN_ADMISSION_ORDER,L_RING
CELF,FULLY_SCHEDULED,CMD_PLC_C05_M01_A1_C05_M01,ControlCommand,64,0.06903991370010787,CANONICAL_INPUT_ID_NOT_PROVEN_ADMISSION_ORDER,L_RING
CELF,FULLY_SCHEDULED,CMD_PLC_C05_M01_A2_C05_M01,ControlCommand,65,0.07011866235167206,CANONICAL_INPUT_ID_NOT_PROVEN_ADMISSION_ORDER,L_RING
CELF,FULLY_SCHEDULED,CMD_PLC_C05_M01_A3_C05_M01,ControlCommand,66,0.07119741100323625,CANONICAL_INPUT_ID_NOT_PROVEN_ADMISSION_ORDER,L_RING
CELF,FULLY_SCHEDULED,CMD_PLC_C05_M01_A4_C05_M01,ControlCommand,67,0.07227615965480043,CANONICAL_INPUT_ID_NOT_PROVEN_ADMISSION_ORDER,L_RING
CELF,FULLY_SCHEDULED,CMD_PLC_C05_M02_A1_C05_M02,ControlCommand,68,0.07335490830636461,CANONICAL_INPUT_ID_NOT_PROVEN_ADMISSION_ORDER,L_RING
CELF,FULLY_SCHEDULED,CMD_PLC_C05_M02_A2_C05_M02,ControlCommand,69,0.0744336569579288,CANONICAL_INPUT_ID_NOT_PROVEN_ADMISSION_ORDER,L_RING
CELF,FULLY_SCHEDULED,CMD_PLC_C05_M02_A3_C05_M02,ControlCommand,70,0.07551240560949299,CANONICAL_INPUT_ID_NOT_PROVEN_ADMISSION_ORDER,L_RING
CELF,FULLY_SCHEDULED,CMD_PLC_C05_M02_A4_C05_M02,ControlCommand,71,0.07659115426105717,CANONICAL_INPUT_ID_NOT_PROVEN_ADMISSION_ORDER,L_RING
CELF,FULLY_SCHEDULED,CMD_PLC_C05_M03_A1_C05_M03,ControlCommand,72,0.07766990291262135,CANONICAL_INPUT_ID_NOT_PROVEN_ADMISSION_ORDER,L_RING
CELF,FULLY_SCHEDULED,CMD_PLC_C05_M03_A2_C05_M03,ControlCommand,73,0.07874865156418555,CANONICAL_INPUT_ID_NOT_PROVEN_ADMISSION_ORDER,L_RING
CELF,FULLY_SCHEDULED,CMD_PLC_C05_M03_A3_C05_M03,ControlCommand,74,0.07982740021574973,CANONICAL_INPUT_ID_NOT_PROVEN_ADMISSION_ORDER,L_RING
CELF,FULLY_SCHEDULED,CMD_PLC_C05_M03_A4_C05_M03,ControlCommand,75,0.08090614886731391,CANONICAL_INPUT_ID_NOT_PROVEN_ADMISSION_ORDER,L_RING
CELF,FULLY_SCHEDULED,CMD_PLC_C05_M04_A1_C05_M04,ControlCommand,76,0.08198489751887811,CANONICAL_INPUT_ID_NOT_PROVEN_ADMISSION_ORDER,L_RING
CELF,ZERO_SCHEDULED,CMD_PLC_C05_M04_A2_C05_M04,ControlCommand,77,0.08306364617044229,CANONICAL_INPUT_ID_NOT_PROVEN_ADMISSION_ORDER,L_RING
CELF,FULLY_SCHEDULED,CMD_PLC_C05_M04_A3_C05_M04,ControlCommand,78,0.08414239482200647,CANONICAL_INPUT_ID_NOT_PROVEN_ADMISSION_ORDER,L_RING
CELF,FULLY_SCHEDULED,CMD_PLC_C05_M04_A4_C05_M04,ControlCommand,79,0.08522114347357065,CANONICAL_INPUT_ID_NOT_PROVEN_ADMISSION_ORDER,L_RING
CELF,FULLY_SCHEDULED,CMD_PLC_C06_M01_A1_C06_M01,ControlCommand,80,0.08629989212513485,CANONICAL_INPUT_ID_NOT_PROVEN_ADMISSION_ORDER,L_RING
CELF,FULLY_SCHEDULED,CMD_PLC_C06_M01_A2_C06_M01,ControlCommand,81,0.08737864077669903,CANONICAL_INPUT_ID_NOT_PROVEN_ADMISSION_ORDER,L_RING
CELF,FULLY_SCHEDULED,CMD_PLC_C06_M01_A3_C06_M01,ControlCommand,82,0.08845738942826321,CANONICAL_INPUT_ID_NOT_PROVEN_ADMISSION_ORDER,L_RING
CELF,FULLY_SCHEDULED,CMD_PLC_C06_M01_A4_C06_M01,ControlCommand,83,0.0895361380798274,CANONICAL_INPUT_ID_NOT_PROVEN_ADMISSION_ORDER,L_RING
CELF,FULLY_SCHEDULED,CMD_PLC_C06_M02_A1_C06_M02,ControlCommand,84,0.09061488673139159,CANONICAL_INPUT_ID_NOT_PROVEN_ADMISSION_ORDER,L_RING
CELF,ZERO_SCHEDULED,CMD_PLC_C06_M02_A2_C06_M02,ControlCommand,85,0.09169363538295577,CANONICAL_INPUT_ID_NOT_PROVEN_ADMISSION_ORDER,L_RING
CELF,FULLY_SCHEDULED,CMD_PLC_C06_M02_A3_C06_M02,ControlCommand,86,0.09277238403451996,CANONICAL_INPUT_ID_NOT_PROVEN_ADMISSION_ORDER,L_RING
CELF,ZERO_SCHEDULED,CMD_PLC_C06_M02_A4_C06_M02,ControlCommand,87,0.09385113268608414,CANONICAL_INPUT_ID_NOT_PROVEN_ADMISSION_ORDER,L_RING
CELF,FULLY_SCHEDULED,CMD_PLC_C06_M03_A1_C06_M03,ControlCommand,88,0.09492988133764833,CANONICAL_INPUT_ID_NOT_PROVEN_ADMISSION_ORDER,L_RING
CELF,FULLY_SCHEDULED,CMD_PLC_C06_M03_A2_C06_M03,ControlCommand,89,0.09600862998921252,CANONICAL_INPUT_ID_NOT_PROVEN_ADMISSION_ORDER,L_RING
CELF,FULLY_SCHEDULED,CMD_PLC_C06_M03_A3_C06_M03,ControlCommand,90,0.0970873786407767,CANONICAL_INPUT_ID_NOT_PROVEN_ADMISSION_ORDER,L_RING
CELF,FULLY_SCHEDULED,CMD_PLC_C06_M03_A4_C06_M03,ControlCommand,91,0.09816612729234088,CANONICAL_INPUT_ID_NOT_PROVEN_ADMISSION_ORDER,L_RING
CELF,FULLY_SCHEDULED,CMD_PLC_C06_M04_A1_C06_M04,ControlCommand,92,0.09924487594390508,CANONICAL_INPUT_ID_NOT_PROVEN_ADMISSION_ORDER,L_RING
CELF,FULLY_SCHEDULED,CMD_PLC_C06_M04_A2_C06_M04,ControlCommand,93,0.10032362459546926,CANONICAL_INPUT_ID_NOT_PROVEN_ADMISSION_ORDER,L_RING
CELF,FULLY_SCHEDULED,CMD_PLC_C06_M04_A3_C06_M04,ControlCommand,94,0.10140237324703344,CANONICAL_INPUT_ID_NOT_PROVEN_ADMISSION_ORDER,L_RING
CELF,FULLY_SCHEDULED,CMD_PLC_C06_M04_A4_C06_M04,ControlCommand,95,0.10248112189859762,CANONICAL_INPUT_ID_NOT_PROVEN_ADMISSION_ORDER,L_RING
CELF,FULLY_SCHEDULED,CMD_PLC_C07_M01_A1_C07_M01,ControlCommand,96,0.10355987055016182,CANONICAL_INPUT_ID_NOT_PROVEN_ADMISSION_ORDER,L_RING
CELF,FULLY_SCHEDULED,CMD_PLC_C07_M01_A2_C07_M01,ControlCommand,97,0.104638619201726,CANONICAL_INPUT_ID_NOT_PROVEN_ADMISSION_ORDER,L_RING
CELF,FULLY_SCHEDULED,CMD_PLC_C07_M01_A3_C07_M01,ControlCommand,98,0.10571736785329018,CANONICAL_INPUT_ID_NOT_PROVEN_ADMISSION_ORDER,L_RING
CELF,FULLY_SCHEDULED,CMD_PLC_C07_M01_A4_C07_M01,ControlCommand,99,0.10679611650485436,CANONICAL_INPUT_ID_NOT_PROVEN_ADMISSION_ORDER,L_RING
CELF,FULLY_SCHEDULED,CMD_PLC_C07_M02_A1_C07_M02,ControlCommand,100,0.10787486515641856,CANONICAL_INPUT_ID_NOT_PROVEN_ADMISSION_ORDER,L_RING
CELF,FULLY_SCHEDULED,CMD_PLC_C07_M02_A2_C07_M02,ControlCommand,101,0.10895361380798274,CANONICAL_INPUT_ID_NOT_PROVEN_ADMISSION_ORDER,L_RING
CELF,FULLY_SCHEDULED,CMD_PLC_C07_M02_A3_C07_M02,ControlCommand,102,0.11003236245954692,CANONICAL_INPUT_ID_NOT_PROVEN_ADMISSION_ORDER,L_RING
CELF,FULLY_SCHEDULED,CMD_PLC_C07_M02_A4_C07_M02,ControlCommand,103,0.1111111111111111,CANONICAL_INPUT_ID_NOT_PROVEN_ADMISSION_ORDER,L_RING
CELF,FULLY_SCHEDULED,CMD_PLC_C07_M03_A1_C07_M03,ControlCommand,104,0.1121898597626753,CANONICAL_INPUT_ID_NOT_PROVEN_ADMISSION_ORDER,L_RING
CELF,FULLY_SCHEDULED,CMD_PLC_C07_M03_A2_C07_M03,ControlCommand,105,0.11326860841423948,CANONICAL_INPUT_ID_NOT_PROVEN_ADMISSION_ORDER,L_RING
CELF,FULLY_SCHEDULED,CMD_PLC_C07_M03_A3_C07_M03,ControlCommand,106,0.11434735706580366,CANONICAL_INPUT_ID_NOT_PROVEN_ADMISSION_ORDER,L_RING
CELF,FULLY_SCHEDULED,CMD_PLC_C07_M03_A4_C07_M03,ControlCommand,107,0.11542610571736785,CANONICAL_INPUT_ID_NOT_PROVEN_ADMISSION_ORDER,L_RING
CELF,FULLY_SCHEDULED,CMD_PLC_C07_M04_A1_C07_M04,ControlCommand,108,0.11650485436893204,CANONICAL_INPUT_ID_NOT_PROVEN_ADMISSION_ORDER,L_RING
CELF,FULLY_SCHEDULED,CMD_PLC_C07_M04_A2_C07_M04,ControlCommand,109,0.11758360302049622,CANONICAL_INPUT_ID_NOT_PROVEN_ADMISSION_ORDER,L_RING
CELF,FULLY_SCHEDULED,CMD_PLC_C07_M04_A3_C07_M04,ControlCommand,110,0.1186623516720604,CANONICAL_INPUT_ID_NOT_PROVEN_ADMISSION_ORDER,L_RING
CELF,FULLY_SCHEDULED,CMD_PLC_C07_M04_A4_C07_M04,ControlCommand,111,0.11974110032362459,CANONICAL_INPUT_ID_NOT_PROVEN_ADMISSION_ORDER,L_RING
CELF,FULLY_SCHEDULED,CMD_PLC_C08_M01_A1_C08_M01,ControlCommand,112,0.12081984897518878,CANONICAL_INPUT_ID_NOT_PROVEN_ADMISSION_ORDER,L_RING
CELF,FULLY_SCHEDULED,CMD_PLC_C08_M01_A2_C08_M01,ControlCommand,113,0.12189859762675297,CANONICAL_INPUT_ID_NOT_PROVEN_ADMISSION_ORDER,L_RING
CELF,FULLY_SCHEDULED,CMD_PLC_C08_M01_A3_C08_M01,ControlCommand,114,0.12297734627831715,CANONICAL_INPUT_ID_NOT_PROVEN_ADMISSION_ORDER,L_RING
CELF,FULLY_SCHEDULED,CMD_PLC_C08_M01_A4_C08_M01,ControlCommand,115,0.12405609492988134,CANONICAL_INPUT_ID_NOT_PROVEN_ADMISSION_ORDER,L_RING
CELF,FULLY_SCHEDULED,CMD_PLC_C08_M02_A1_C08_M02,ControlCommand,116,0.12513484358144553,CANONICAL_INPUT_ID_NOT_PROVEN_ADMISSION_ORDER,L_RING
CELF,FULLY_SCHEDULED,CMD_PLC_C08_M02_A2_C08_M02,ControlCommand,117,0.1262135922330097,CANONICAL_INPUT_ID_NOT_PROVEN_ADMISSION_ORDER,L_RING
CELF,FULLY_SCHEDULED,CMD_PLC_C08_M02_A3_C08_M02,ControlCommand,118,0.1272923408845739,CANONICAL_INPUT_ID_NOT_PROVEN_ADMISSION_ORDER,L_RING
CELF,FULLY_SCHEDULED,CMD_PLC_C08_M02_A4_C08_M02,ControlCommand,119,0.12837108953613807,CANONICAL_INPUT_ID_NOT_PROVEN_ADMISSION_ORDER,L_RING
CELF,FULLY_SCHEDULED,CMD_PLC_C08_M03_A1_C08_M03,ControlCommand,120,0.12944983818770225,CANONICAL_INPUT_ID_NOT_PROVEN_ADMISSION_ORDER,L_RING
CELF,FULLY_SCHEDULED,CMD_PLC_C08_M03_A2_C08_M03,ControlCommand,121,0.13052858683926646,CANONICAL_INPUT_ID_NOT_PROVEN_ADMISSION_ORDER,L_RING
CELF,FULLY_SCHEDULED,CMD_PLC_C08_M03_A3_C08_M03,ControlCommand,122,0.13160733549083065,CANONICAL_INPUT_ID_NOT_PROVEN_ADMISSION_ORDER,L_RING
CELF,FULLY_SCHEDULED,CMD_PLC_C08_M03_A4_C08_M03,ControlCommand,123,0.13268608414239483,CANONICAL_INPUT_ID_NOT_PROVEN_ADMISSION_ORDER,L_RING
CELF,FULLY_SCHEDULED,CMD_PLC_C08_M04_A1_C08_M04,ControlCommand,124,0.133764832793959,CANONICAL_INPUT_ID_NOT_PROVEN_ADMISSION_ORDER,L_RING
CELF,FULLY_SCHEDULED,CMD_PLC_C08_M04_A2_C08_M04,ControlCommand,125,0.1348435814455232,CANONICAL_INPUT_ID_NOT_PROVEN_ADMISSION_ORDER,L_RING
CELF,FULLY_SCHEDULED,CMD_PLC_C08_M04_A3_C08_M04,ControlCommand,126,0.13592233009708737,CANONICAL_INPUT_ID_NOT_PROVEN_ADMISSION_ORDER,L_RING
CELF,FULLY_SCHEDULED,CMD_PLC_C08_M04_A4_C08_M04,ControlCommand,127,0.13700107874865156,CANONICAL_INPUT_ID_NOT_PROVEN_ADMISSION_ORDER,L_RING
CELF,FULLY_SCHEDULED,CMD_PLC_C09_M01_A1_C09_M01,ControlCommand,128,0.13807982740021574,CANONICAL_INPUT_ID_NOT_PROVEN_ADMISSION_ORDER,L_RING
CELF,FULLY_SCHEDULED,CMD_PLC_C09_M01_A2_C09_M01,ControlCommand,129,0.13915857605177995,CANONICAL_INPUT_ID_NOT_PROVEN_ADMISSION_ORDER,L_RING
CELF,FULLY_SCHEDULED,CMD_PLC_C09_M01_A3_C09_M01,ControlCommand,130,0.14023732470334413,CANONICAL_INPUT_ID_NOT_PROVEN_ADMISSION_ORDER,L_RING
CELF,FULLY_SCHEDULED,CMD_PLC_C09_M01_A4_C09_M01,ControlCommand,131,0.1413160733549083,CANONICAL_INPUT_ID_NOT_PROVEN_ADMISSION_ORDER,L_RING
CELF,FULLY_SCHEDULED,CMD_PLC_C09_M02_A1_C09_M02,ControlCommand,132,0.1423948220064725,CANONICAL_INPUT_ID_NOT_PROVEN_ADMISSION_ORDER,L_RING
CELF,FULLY_SCHEDULED,CMD_PLC_C09_M02_A2_C09_M02,ControlCommand,133,0.14347357065803668,CANONICAL_INPUT_ID_NOT_PROVEN_ADMISSION_ORDER,L_RING
CELF,FULLY_SCHEDULED,CMD_PLC_C09_M02_A3_C09_M02,ControlCommand,134,0.14455231930960086,CANONICAL_INPUT_ID_NOT_PROVEN_ADMISSION_ORDER,L_RING
CELF,ZERO_SCHEDULED,CMD_PLC_C09_M02_A4_C09_M02,ControlCommand,135,0.14563106796116504,CANONICAL_INPUT_ID_NOT_PROVEN_ADMISSION_ORDER,L_RING
CELF,FULLY_SCHEDULED,CMD_PLC_C09_M03_A1_C09_M03,ControlCommand,136,0.14670981661272922,CANONICAL_INPUT_ID_NOT_PROVEN_ADMISSION_ORDER,L_RING
CELF,FULLY_SCHEDULED,CMD_PLC_C09_M03_A2_C09_M03,ControlCommand,137,0.14778856526429343,CANONICAL_INPUT_ID_NOT_PROVEN_ADMISSION_ORDER,L_RING
CELF,FULLY_SCHEDULED,CMD_PLC_C09_M03_A3_C09_M03,ControlCommand,138,0.1488673139158576,CANONICAL_INPUT_ID_NOT_PROVEN_ADMISSION_ORDER,L_RING
CELF,FULLY_SCHEDULED,CMD_PLC_C09_M03_A4_C09_M03,ControlCommand,139,0.1499460625674218,CANONICAL_INPUT_ID_NOT_PROVEN_ADMISSION_ORDER,L_RING
CELF,FULLY_SCHEDULED,CMD_PLC_C09_M04_A1_C09_M04,ControlCommand,140,0.15102481121898598,CANONICAL_INPUT_ID_NOT_PROVEN_ADMISSION_ORDER,L_RING
CELF,FULLY_SCHEDULED,CMD_PLC_C09_M04_A2_C09_M04,ControlCommand,141,0.15210355987055016,CANONICAL_INPUT_ID_NOT_PROVEN_ADMISSION_ORDER,L_RING
CELF,FULLY_SCHEDULED,CMD_PLC_C09_M04_A3_C09_M04,ControlCommand,142,0.15318230852211434,CANONICAL_INPUT_ID_NOT_PROVEN_ADMISSION_ORDER,L_RING
CELF,FULLY_SCHEDULED,CMD_PLC_C09_M04_A4_C09_M04,ControlCommand,143,0.15426105717367852,CANONICAL_INPUT_ID_NOT_PROVEN_ADMISSION_ORDER,L_RING
CELF,FULLY_SCHEDULED,CMD_PLC_C10_M01_A1_C10_M01,ControlCommand,144,0.1553398058252427,CANONICAL_INPUT_ID_NOT_PROVEN_ADMISSION_ORDER,L_RING
CELF,FULLY_SCHEDULED,CMD_PLC_C10_M01_A2_C10_M01,ControlCommand,145,0.15641855447680691,CANONICAL_INPUT_ID_NOT_PROVEN_ADMISSION_ORDER,L_RING
CELF,FULLY_SCHEDULED,CMD_PLC_C10_M01_A3_C10_M01,ControlCommand,146,0.1574973031283711,CANONICAL_INPUT_ID_NOT_PROVEN_ADMISSION_ORDER,L_RING
CELF,FULLY_SCHEDULED,CMD_PLC_C10_M01_A4_C10_M01,ControlCommand,147,0.15857605177993528,CANONICAL_INPUT_ID_NOT_PROVEN_ADMISSION_ORDER,L_RING
CELF,FULLY_SCHEDULED,CMD_PLC_C10_M02_A1_C10_M02,ControlCommand,148,0.15965480043149946,CANONICAL_INPUT_ID_NOT_PROVEN_ADMISSION_ORDER,L_RING
CELF,FULLY_SCHEDULED,CMD_PLC_C10_M02_A2_C10_M02,ControlCommand,149,0.16073354908306364,CANONICAL_INPUT_ID_NOT_PROVEN_ADMISSION_ORDER,L_RING
CELF,FULLY_SCHEDULED,CMD_PLC_C10_M02_A3_C10_M02,ControlCommand,150,0.16181229773462782,CANONICAL_INPUT_ID_NOT_PROVEN_ADMISSION_ORDER,L_RING
CELF,FULLY_SCHEDULED,CMD_PLC_C10_M02_A4_C10_M02,ControlCommand,151,0.162891046386192,CANONICAL_INPUT_ID_NOT_PROVEN_ADMISSION_ORDER,L_RING
CELF,FULLY_SCHEDULED,CMD_PLC_C10_M03_A1_C10_M03,ControlCommand,152,0.16396979503775622,CANONICAL_INPUT_ID_NOT_PROVEN_ADMISSION_ORDER,L_RING
CELF,FULLY_SCHEDULED,CMD_PLC_C10_M03_A2_C10_M03,ControlCommand,153,0.1650485436893204,CANONICAL_INPUT_ID_NOT_PROVEN_ADMISSION_ORDER,L_RING
CELF,FULLY_SCHEDULED,CMD_PLC_C10_M03_A3_C10_M03,ControlCommand,154,0.16612729234088458,CANONICAL_INPUT_ID_NOT_PROVEN_ADMISSION_ORDER,L_RING
CELF,FULLY_SCHEDULED,CMD_PLC_C10_M03_A4_C10_M03,ControlCommand,155,0.16720604099244876,CANONICAL_INPUT_ID_NOT_PROVEN_ADMISSION_ORDER,L_RING
CELF,FULLY_SCHEDULED,CMD_PLC_C10_M04_A1_C10_M04,ControlCommand,156,0.16828478964401294,CANONICAL_INPUT_ID_NOT_PROVEN_ADMISSION_ORDER,L_RING
CELF,FULLY_SCHEDULED,CMD_PLC_C10_M04_A2_C10_M04,ControlCommand,157,0.16936353829557713,CANONICAL_INPUT_ID_NOT_PROVEN_ADMISSION_ORDER,L_RING
CELF,FULLY_SCHEDULED,CMD_PLC_C10_M04_A3_C10_M04,ControlCommand,158,0.1704422869471413,CANONICAL_INPUT_ID_NOT_PROVEN_ADMISSION_ORDER,L_RING
CELF,FULLY_SCHEDULED,CMD_PLC_C10_M04_A4_C10_M04,ControlCommand,159,0.1715210355987055,CANONICAL_INPUT_ID_NOT_PROVEN_ADMISSION_ORDER,L_RING
CELF,FULLY_SCHEDULED,CMD_PLC_C11_M01_A1_C11_M01,ControlCommand,160,0.1725997842502697,CANONICAL_INPUT_ID_NOT_PROVEN_ADMISSION_ORDER,L_RING
CELF,FULLY_SCHEDULED,CMD_PLC_C11_M01_A2_C11_M01,ControlCommand,161,0.17367853290183388,CANONICAL_INPUT_ID_NOT_PROVEN_ADMISSION_ORDER,L_RING
CELF,FULLY_SCHEDULED,CMD_PLC_C11_M01_A3_C11_M01,ControlCommand,162,0.17475728155339806,CANONICAL_INPUT_ID_NOT_PROVEN_ADMISSION_ORDER,L_RING
CELF,FULLY_SCHEDULED,CMD_PLC_C11_M01_A4_C11_M01,ControlCommand,163,0.17583603020496225,CANONICAL_INPUT_ID_NOT_PROVEN_ADMISSION_ORDER,L_RING
CELF,FULLY_SCHEDULED,CMD_PLC_C11_M02_A1_C11_M02,ControlCommand,164,0.17691477885652643,CANONICAL_INPUT_ID_NOT_PROVEN_ADMISSION_ORDER,L_RING
CELF,FULLY_SCHEDULED,CMD_PLC_C11_M02_A2_C11_M02,ControlCommand,165,0.1779935275080906,CANONICAL_INPUT_ID_NOT_PROVEN_ADMISSION_ORDER,L_RING
CELF,FULLY_SCHEDULED,CMD_PLC_C11_M02_A3_C11_M02,ControlCommand,166,0.1790722761596548,CANONICAL_INPUT_ID_NOT_PROVEN_ADMISSION_ORDER,L_RING
CELF,FULLY_SCHEDULED,CMD_PLC_C11_M02_A4_C11_M02,ControlCommand,167,0.18015102481121897,CANONICAL_INPUT_ID_NOT_PROVEN_ADMISSION_ORDER,L_RING
CELF,FULLY_SCHEDULED,CMD_PLC_C11_M03_A1_C11_M03,ControlCommand,168,0.18122977346278318,CANONICAL_INPUT_ID_NOT_PROVEN_ADMISSION_ORDER,L_RING
CELF,FULLY_SCHEDULED,CMD_PLC_C11_M03_A2_C11_M03,ControlCommand,169,0.18230852211434737,CANONICAL_INPUT_ID_NOT_PROVEN_ADMISSION_ORDER,L_RING
CELF,FULLY_SCHEDULED,CMD_PLC_C11_M03_A3_C11_M03,ControlCommand,170,0.18338727076591155,CANONICAL_INPUT_ID_NOT_PROVEN_ADMISSION_ORDER,L_RING
CELF,FULLY_SCHEDULED,CMD_PLC_C11_M03_A4_C11_M03,ControlCommand,171,0.18446601941747573,CANONICAL_INPUT_ID_NOT_PROVEN_ADMISSION_ORDER,L_RING
CELF,FULLY_SCHEDULED,CMD_PLC_C11_M04_A1_C11_M04,ControlCommand,172,0.1855447680690399,CANONICAL_INPUT_ID_NOT_PROVEN_ADMISSION_ORDER,L_RING
CELF,ZERO_SCHEDULED,CMD_PLC_C11_M04_A2_C11_M04,ControlCommand,173,0.1866235167206041,CANONICAL_INPUT_ID_NOT_PROVEN_ADMISSION_ORDER,L_RING
CELF,FULLY_SCHEDULED,CMD_PLC_C11_M04_A3_C11_M04,ControlCommand,174,0.18770226537216828,CANONICAL_INPUT_ID_NOT_PROVEN_ADMISSION_ORDER,L_RING
CELF,FULLY_SCHEDULED,CMD_PLC_C11_M04_A4_C11_M04,ControlCommand,175,0.18878101402373246,CANONICAL_INPUT_ID_NOT_PROVEN_ADMISSION_ORDER,L_RING
CELF,FULLY_SCHEDULED,CMD_PLC_C12_M01_A1_C12_M01,ControlCommand,176,0.18985976267529667,CANONICAL_INPUT_ID_NOT_PROVEN_ADMISSION_ORDER,L_RING
CELF,FULLY_SCHEDULED,CMD_PLC_C12_M01_A2_C12_M01,ControlCommand,177,0.19093851132686085,CANONICAL_INPUT_ID_NOT_PROVEN_ADMISSION_ORDER,L_RING
CELF,FULLY_SCHEDULED,CMD_PLC_C12_M01_A3_C12_M01,ControlCommand,178,0.19201725997842503,CANONICAL_INPUT_ID_NOT_PROVEN_ADMISSION_ORDER,L_RING
CELF,ZERO_SCHEDULED,CMD_PLC_C12_M01_A4_C12_M01,ControlCommand,179,0.1930960086299892,CANONICAL_INPUT_ID_NOT_PROVEN_ADMISSION_ORDER,L_RING
CELF,FULLY_SCHEDULED,CMD_PLC_C12_M02_A1_C12_M02,ControlCommand,180,0.1941747572815534,CANONICAL_INPUT_ID_NOT_PROVEN_ADMISSION_ORDER,L_RING
CELF,FULLY_SCHEDULED,CMD_PLC_C12_M02_A2_C12_M02,ControlCommand,181,0.19525350593311758,CANONICAL_INPUT_ID_NOT_PROVEN_ADMISSION_ORDER,L_RING
CELF,FULLY_SCHEDULED,CMD_PLC_C12_M02_A3_C12_M02,ControlCommand,182,0.19633225458468176,CANONICAL_INPUT_ID_NOT_PROVEN_ADMISSION_ORDER,L_RING
CELF,FULLY_SCHEDULED,CMD_PLC_C12_M02_A4_C12_M02,ControlCommand,183,0.19741100323624594,CANONICAL_INPUT_ID_NOT_PROVEN_ADMISSION_ORDER,L_RING
CELF,FULLY_SCHEDULED,CMD_PLC_C12_M03_A1_C12_M03,ControlCommand,184,0.19848975188781015,CANONICAL_INPUT_ID_NOT_PROVEN_ADMISSION_ORDER,L_RING
CELF,FULLY_SCHEDULED,CMD_PLC_C12_M03_A2_C12_M03,ControlCommand,185,0.19956850053937433,CANONICAL_INPUT_ID_NOT_PROVEN_ADMISSION_ORDER,L_RING
CELF,FULLY_SCHEDULED,CMD_PLC_C12_M03_A3_C12_M03,ControlCommand,186,0.20064724919093851,CANONICAL_INPUT_ID_NOT_PROVEN_ADMISSION_ORDER,L_RING
CELF,FULLY_SCHEDULED,CMD_PLC_C12_M03_A4_C12_M03,ControlCommand,187,0.2017259978425027,CANONICAL_INPUT_ID_NOT_PROVEN_ADMISSION_ORDER,L_RING
CELF,FULLY_SCHEDULED,CMD_PLC_C12_M04_A1_C12_M04,ControlCommand,188,0.20280474649406688,CANONICAL_INPUT_ID_NOT_PROVEN_ADMISSION_ORDER,L_RING
CELF,FULLY_SCHEDULED,CMD_PLC_C12_M04_A2_C12_M04,ControlCommand,189,0.20388349514563106,CANONICAL_INPUT_ID_NOT_PROVEN_ADMISSION_ORDER,L_RING
CELF,FULLY_SCHEDULED,CMD_PLC_C12_M04_A3_C12_M04,ControlCommand,190,0.20496224379719524,CANONICAL_INPUT_ID_NOT_PROVEN_ADMISSION_ORDER,L_RING
CELF,FULLY_SCHEDULED,CMD_PLC_C12_M04_A4_C12_M04,ControlCommand,191,0.20604099244875945,CANONICAL_INPUT_ID_NOT_PROVEN_ADMISSION_ORDER,L_RING
CELF,FULLY_SCHEDULED,CMD_PLC_C13_M01_A1_C13_M01,ControlCommand,192,0.20711974110032363,CANONICAL_INPUT_ID_NOT_PROVEN_ADMISSION_ORDER,L_RING
CELF,FULLY_SCHEDULED,CMD_PLC_C13_M01_A2_C13_M01,ControlCommand,193,0.20819848975188782,CANONICAL_INPUT_ID_NOT_PROVEN_ADMISSION_ORDER,L_RING
CELF,FULLY_SCHEDULED,CMD_PLC_C13_M01_A3_C13_M01,ControlCommand,194,0.209277238403452,CANONICAL_INPUT_ID_NOT_PROVEN_ADMISSION_ORDER,L_RING
CELF,FULLY_SCHEDULED,CMD_PLC_C13_M01_A4_C13_M01,ControlCommand,195,0.21035598705501618,CANONICAL_INPUT_ID_NOT_PROVEN_ADMISSION_ORDER,L_RING
CELF,FULLY_SCHEDULED,CMD_PLC_C13_M02_A1_C13_M02,ControlCommand,196,0.21143473570658036,CANONICAL_INPUT_ID_NOT_PROVEN_ADMISSION_ORDER,L_RING
CELF,FULLY_SCHEDULED,CMD_PLC_C13_M02_A2_C13_M02,ControlCommand,197,0.21251348435814454,CANONICAL_INPUT_ID_NOT_PROVEN_ADMISSION_ORDER,L_RING
CELF,FULLY_SCHEDULED,CMD_PLC_C13_M02_A3_C13_M02,ControlCommand,198,0.21359223300970873,CANONICAL_INPUT_ID_NOT_PROVEN_ADMISSION_ORDER,L_RING
CELF,ZERO_SCHEDULED,CMD_PLC_C13_M02_A4_C13_M02,ControlCommand,199,0.21467098166127294,CANONICAL_INPUT_ID_NOT_PROVEN_ADMISSION_ORDER,L_RING
CELF,FULLY_SCHEDULED,CMD_PLC_C13_M03_A1_C13_M03,ControlCommand,200,0.21574973031283712,CANONICAL_INPUT_ID_NOT_PROVEN_ADMISSION_ORDER,L_RING
CELF,FULLY_SCHEDULED,CMD_PLC_C13_M03_A2_C13_M03,ControlCommand,201,0.2168284789644013,CANONICAL_INPUT_ID_NOT_PROVEN_ADMISSION_ORDER,L_RING
CELF,FULLY_SCHEDULED,CMD_PLC_C13_M03_A3_C13_M03,ControlCommand,202,0.21790722761596548,CANONICAL_INPUT_ID_NOT_PROVEN_ADMISSION_ORDER,L_RING
CELF,ZERO_SCHEDULED,CMD_PLC_C13_M03_A4_C13_M03,ControlCommand,203,0.21898597626752966,CANONICAL_INPUT_ID_NOT_PROVEN_ADMISSION_ORDER,L_RING
CELF,FULLY_SCHEDULED,CMD_PLC_C13_M04_A1_C13_M04,ControlCommand,204,0.22006472491909385,CANONICAL_INPUT_ID_NOT_PROVEN_ADMISSION_ORDER,L_RING
CELF,FULLY_SCHEDULED,CMD_PLC_C13_M04_A2_C13_M04,ControlCommand,205,0.22114347357065803,CANONICAL_INPUT_ID_NOT_PROVEN_ADMISSION_ORDER,L_RING
CELF,FULLY_SCHEDULED,CMD_PLC_C13_M04_A3_C13_M04,ControlCommand,206,0.2222222222222222,CANONICAL_INPUT_ID_NOT_PROVEN_ADMISSION_ORDER,L_RING
CELF,FULLY_SCHEDULED,CMD_PLC_C13_M04_A4_C13_M04,ControlCommand,207,0.22330097087378642,CANONICAL_INPUT_ID_NOT_PROVEN_ADMISSION_ORDER,L_RING
CELF,FULLY_SCHEDULED,CMD_PLC_C14_M01_A1_C14_M01,ControlCommand,208,0.2243797195253506,CANONICAL_INPUT_ID_NOT_PROVEN_ADMISSION_ORDER,L_RING
CELF,FULLY_SCHEDULED,CMD_PLC_C14_M01_A2_C14_M01,ControlCommand,209,0.22545846817691478,CANONICAL_INPUT_ID_NOT_PROVEN_ADMISSION_ORDER,L_RING
CELF,FULLY_SCHEDULED,CMD_PLC_C14_M01_A3_C14_M01,ControlCommand,210,0.22653721682847897,CANONICAL_INPUT_ID_NOT_PROVEN_ADMISSION_ORDER,L_RING
CELF,FULLY_SCHEDULED,CMD_PLC_C14_M01_A4_C14_M01,ControlCommand,211,0.22761596548004315,CANONICAL_INPUT_ID_NOT_PROVEN_ADMISSION_ORDER,L_RING
CELF,FULLY_SCHEDULED,CMD_PLC_C14_M02_A1_C14_M02,ControlCommand,212,0.22869471413160733,CANONICAL_INPUT_ID_NOT_PROVEN_ADMISSION_ORDER,L_RING
CELF,FULLY_SCHEDULED,CMD_PLC_C14_M02_A2_C14_M02,ControlCommand,213,0.2297734627831715,CANONICAL_INPUT_ID_NOT_PROVEN_ADMISSION_ORDER,L_RING
CELF,FULLY_SCHEDULED,CMD_PLC_C14_M02_A3_C14_M02,ControlCommand,214,0.2308522114347357,CANONICAL_INPUT_ID_NOT_PROVEN_ADMISSION_ORDER,L_RING
CELF,FULLY_SCHEDULED,CMD_PLC_C14_M02_A4_C14_M02,ControlCommand,215,0.2319309600862999,CANONICAL_INPUT_ID_NOT_PROVEN_ADMISSION_ORDER,L_RING
CELF,FULLY_SCHEDULED,CMD_PLC_C14_M03_A1_C14_M03,ControlCommand,216,0.23300970873786409,CANONICAL_INPUT_ID_NOT_PROVEN_ADMISSION_ORDER,L_RING
CELF,FULLY_SCHEDULED,CMD_PLC_C14_M03_A2_C14_M03,ControlCommand,217,0.23408845738942827,CANONICAL_INPUT_ID_NOT_PROVEN_ADMISSION_ORDER,L_RING
CELF,FULLY_SCHEDULED,CMD_PLC_C14_M03_A3_C14_M03,ControlCommand,218,0.23516720604099245,CANONICAL_INPUT_ID_NOT_PROVEN_ADMISSION_ORDER,L_RING
CELF,ZERO_SCHEDULED,CMD_PLC_C14_M03_A4_C14_M03,ControlCommand,219,0.23624595469255663,CANONICAL_INPUT_ID_NOT_PROVEN_ADMISSION_ORDER,L_RING
CELF,FULLY_SCHEDULED,CMD_PLC_C14_M04_A1_C14_M04,ControlCommand,220,0.2373247033441208,CANONICAL_INPUT_ID_NOT_PROVEN_ADMISSION_ORDER,L_RING
CELF,FULLY_SCHEDULED,CMD_PLC_C14_M04_A2_C14_M04,ControlCommand,221,0.238403451995685,CANONICAL_INPUT_ID_NOT_PROVEN_ADMISSION_ORDER,L_RING
CELF,FULLY_SCHEDULED,CMD_PLC_C14_M04_A3_C14_M04,ControlCommand,222,0.23948220064724918,CANONICAL_INPUT_ID_NOT_PROVEN_ADMISSION_ORDER,L_RING
CELF,FULLY_SCHEDULED,CMD_PLC_C14_M04_A4_C14_M04,ControlCommand,223,0.2405609492988134,CANONICAL_INPUT_ID_NOT_PROVEN_ADMISSION_ORDER,L_RING
CELF,FULLY_SCHEDULED,CMD_PLC_C15_M01_A1_C15_M01,ControlCommand,224,0.24163969795037757,CANONICAL_INPUT_ID_NOT_PROVEN_ADMISSION_ORDER,L_RING
CELF,FULLY_SCHEDULED,CMD_PLC_C15_M01_A2_C15_M01,ControlCommand,225,0.24271844660194175,CANONICAL_INPUT_ID_NOT_PROVEN_ADMISSION_ORDER,L_RING
CELF,FULLY_SCHEDULED,CMD_PLC_C15_M01_A3_C15_M01,ControlCommand,226,0.24379719525350593,CANONICAL_INPUT_ID_NOT_PROVEN_ADMISSION_ORDER,L_RING
CELF,FULLY_SCHEDULED,CMD_PLC_C15_M01_A4_C15_M01,ControlCommand,227,0.24487594390507011,CANONICAL_INPUT_ID_NOT_PROVEN_ADMISSION_ORDER,L_RING
CELF,FULLY_SCHEDULED,CMD_PLC_C15_M02_A1_C15_M02,ControlCommand,228,0.2459546925566343,CANONICAL_INPUT_ID_NOT_PROVEN_ADMISSION_ORDER,L_RING
CELF,FULLY_SCHEDULED,CMD_PLC_C15_M02_A2_C15_M02,ControlCommand,229,0.24703344120819848,CANONICAL_INPUT_ID_NOT_PROVEN_ADMISSION_ORDER,L_RING
CELF,FULLY_SCHEDULED,CMD_PLC_C15_M02_A3_C15_M02,ControlCommand,230,0.2481121898597627,CANONICAL_INPUT_ID_NOT_PROVEN_ADMISSION_ORDER,L_RING
CELF,FULLY_SCHEDULED,CMD_PLC_C15_M02_A4_C15_M02,ControlCommand,231,0.24919093851132687,CANONICAL_INPUT_ID_NOT_PROVEN_ADMISSION_ORDER,L_RING
CELF,FULLY_SCHEDULED,CMD_PLC_C15_M03_A1_C15_M03,ControlCommand,232,0.25026968716289105,CANONICAL_INPUT_ID_NOT_PROVEN_ADMISSION_ORDER,L_RING
CELF,FULLY_SCHEDULED,CMD_PLC_C15_M03_A2_C15_M03,ControlCommand,233,0.2513484358144552,CANONICAL_INPUT_ID_NOT_PROVEN_ADMISSION_ORDER,L_RING
CELF,FULLY_SCHEDULED,CMD_PLC_C15_M03_A3_C15_M03,ControlCommand,234,0.2524271844660194,CANONICAL_INPUT_ID_NOT_PROVEN_ADMISSION_ORDER,L_RING
CELF,FULLY_SCHEDULED,CMD_PLC_C15_M03_A4_C15_M03,ControlCommand,235,0.2535059331175836,CANONICAL_INPUT_ID_NOT_PROVEN_ADMISSION_ORDER,L_RING
CELF,FULLY_SCHEDULED,CMD_PLC_C15_M04_A1_C15_M04,ControlCommand,236,0.2545846817691478,CANONICAL_INPUT_ID_NOT_PROVEN_ADMISSION_ORDER,L_RING
CELF,FULLY_SCHEDULED,CMD_PLC_C15_M04_A2_C15_M04,ControlCommand,237,0.255663430420712,CANONICAL_INPUT_ID_NOT_PROVEN_ADMISSION_ORDER,L_RING
CELF,FULLY_SCHEDULED,CMD_PLC_C15_M04_A3_C15_M04,ControlCommand,238,0.25674217907227614,CANONICAL_INPUT_ID_NOT_PROVEN_ADMISSION_ORDER,L_RING
CELF,ZERO_SCHEDULED,CMD_PLC_C15_M04_A4_C15_M04,ControlCommand,239,0.25782092772384035,CANONICAL_INPUT_ID_NOT_PROVEN_ADMISSION_ORDER,L_RING
CELF,FULLY_SCHEDULED,CMD_PLC_C16_M01_A1_C16_M01,ControlCommand,240,0.2588996763754045,CANONICAL_INPUT_ID_NOT_PROVEN_ADMISSION_ORDER,L_RING
CELF,FULLY_SCHEDULED,CMD_PLC_C16_M01_A2_C16_M01,ControlCommand,241,0.2599784250269687,CANONICAL_INPUT_ID_NOT_PROVEN_ADMISSION_ORDER,L_RING
CELF,FULLY_SCHEDULED,CMD_PLC_C16_M01_A3_C16_M01,ControlCommand,242,0.26105717367853293,CANONICAL_INPUT_ID_NOT_PROVEN_ADMISSION_ORDER,L_RING
CELF,FULLY_SCHEDULED,CMD_PLC_C16_M01_A4_C16_M01,ControlCommand,243,0.2621359223300971,CANONICAL_INPUT_ID_NOT_PROVEN_ADMISSION_ORDER,L_RING
CELF,FULLY_SCHEDULED,CMD_PLC_C16_M02_A1_C16_M02,ControlCommand,244,0.2632146709816613,CANONICAL_INPUT_ID_NOT_PROVEN_ADMISSION_ORDER,L_RING
CELF,FULLY_SCHEDULED,CMD_PLC_C16_M02_A2_C16_M02,ControlCommand,245,0.26429341963322545,CANONICAL_INPUT_ID_NOT_PROVEN_ADMISSION_ORDER,L_RING
CELF,FULLY_SCHEDULED,CMD_PLC_C16_M02_A3_C16_M02,ControlCommand,246,0.26537216828478966,CANONICAL_INPUT_ID_NOT_PROVEN_ADMISSION_ORDER,L_RING
CELF,FULLY_SCHEDULED,CMD_PLC_C16_M02_A4_C16_M02,ControlCommand,247,0.2664509169363538,CANONICAL_INPUT_ID_NOT_PROVEN_ADMISSION_ORDER,L_RING
CELF,FULLY_SCHEDULED,CMD_PLC_C16_M03_A1_C16_M03,ControlCommand,248,0.267529665587918,CANONICAL_INPUT_ID_NOT_PROVEN_ADMISSION_ORDER,L_RING
CELF,FULLY_SCHEDULED,CMD_PLC_C16_M03_A2_C16_M03,ControlCommand,249,0.2686084142394822,CANONICAL_INPUT_ID_NOT_PROVEN_ADMISSION_ORDER,L_RING
CELF,ZERO_SCHEDULED,CMD_PLC_C16_M03_A3_C16_M03,ControlCommand,250,0.2696871628910464,CANONICAL_INPUT_ID_NOT_PROVEN_ADMISSION_ORDER,L_RING
CELF,FULLY_SCHEDULED,CMD_PLC_C16_M03_A4_C16_M03,ControlCommand,251,0.2707659115426106,CANONICAL_INPUT_ID_NOT_PROVEN_ADMISSION_ORDER,L_RING
CELF,FULLY_SCHEDULED,CMD_PLC_C16_M04_A1_C16_M04,ControlCommand,252,0.27184466019417475,CANONICAL_INPUT_ID_NOT_PROVEN_ADMISSION_ORDER,L_RING
CELF,FULLY_SCHEDULED,CMD_PLC_C16_M04_A2_C16_M04,ControlCommand,253,0.27292340884573896,CANONICAL_INPUT_ID_NOT_PROVEN_ADMISSION_ORDER,L_RING
CELF,FULLY_SCHEDULED,CMD_PLC_C16_M04_A3_C16_M04,ControlCommand,254,0.2740021574973031,CANONICAL_INPUT_ID_NOT_PROVEN_ADMISSION_ORDER,L_RING
CELF,FULLY_SCHEDULED,CMD_PLC_C16_M04_A4_C16_M04,ControlCommand,255,0.2750809061488673,CANONICAL_INPUT_ID_NOT_PROVEN_ADMISSION_ORDER,L_RING
CELF,FULLY_SCHEDULED,COORD_CC_C01_PLC_C01_M01,MachineCoordination,256,0.2761596548004315,CANONICAL_INPUT_ID_NOT_PROVEN_ADMISSION_ORDER,L_RING
CELF,FULLY_SCHEDULED,COORD_CC_C01_PLC_C01_M02,MachineCoordination,257,0.2772384034519957,CANONICAL_INPUT_ID_NOT_PROVEN_ADMISSION_ORDER,L_RING
CELF,FULLY_SCHEDULED,COORD_CC_C01_PLC_C01_M03,MachineCoordination,258,0.2783171521035599,CANONICAL_INPUT_ID_NOT_PROVEN_ADMISSION_ORDER,L_RING
CELF,FULLY_SCHEDULED,COORD_CC_C01_PLC_C01_M04,MachineCoordination,259,0.27939590075512405,CANONICAL_INPUT_ID_NOT_PROVEN_ADMISSION_ORDER,L_RING
CELF,FULLY_SCHEDULED,COORD_CC_C02_PLC_C02_M01,MachineCoordination,260,0.28047464940668826,CANONICAL_INPUT_ID_NOT_PROVEN_ADMISSION_ORDER,L_RING
CELF,FULLY_SCHEDULED,COORD_CC_C02_PLC_C02_M02,MachineCoordination,261,0.2815533980582524,CANONICAL_INPUT_ID_NOT_PROVEN_ADMISSION_ORDER,L_RING
CELF,FULLY_SCHEDULED,COORD_CC_C02_PLC_C02_M03,MachineCoordination,262,0.2826321467098166,CANONICAL_INPUT_ID_NOT_PROVEN_ADMISSION_ORDER,L_RING
CELF,FULLY_SCHEDULED,COORD_CC_C02_PLC_C02_M04,MachineCoordination,263,0.2837108953613808,CANONICAL_INPUT_ID_NOT_PROVEN_ADMISSION_ORDER,L_RING
CELF,ZERO_SCHEDULED,COORD_CC_C03_PLC_C03_M01,MachineCoordination,264,0.284789644012945,CANONICAL_INPUT_ID_NOT_PROVEN_ADMISSION_ORDER,L_RING
CELF,FULLY_SCHEDULED,COORD_CC_C03_PLC_C03_M02,MachineCoordination,265,0.2858683926645092,CANONICAL_INPUT_ID_NOT_PROVEN_ADMISSION_ORDER,L_RING
CELF,FULLY_SCHEDULED,COORD_CC_C03_PLC_C03_M03,MachineCoordination,266,0.28694714131607335,CANONICAL_INPUT_ID_NOT_PROVEN_ADMISSION_ORDER,L_RING
CELF,FULLY_SCHEDULED,COORD_CC_C03_PLC_C03_M04,MachineCoordination,267,0.28802588996763756,CANONICAL_INPUT_ID_NOT_PROVEN_ADMISSION_ORDER,L_RING
CELF,FULLY_SCHEDULED,COORD_CC_C04_PLC_C04_M01,MachineCoordination,268,0.2891046386192017,CANONICAL_INPUT_ID_NOT_PROVEN_ADMISSION_ORDER,L_RING
CELF,FULLY_SCHEDULED,COORD_CC_C04_PLC_C04_M02,MachineCoordination,269,0.2901833872707659,CANONICAL_INPUT_ID_NOT_PROVEN_ADMISSION_ORDER,L_RING
CELF,FULLY_SCHEDULED,COORD_CC_C04_PLC_C04_M03,MachineCoordination,270,0.2912621359223301,CANONICAL_INPUT_ID_NOT_PROVEN_ADMISSION_ORDER,L_RING
CELF,FULLY_SCHEDULED,COORD_CC_C04_PLC_C04_M04,MachineCoordination,271,0.2923408845738943,CANONICAL_INPUT_ID_NOT_PROVEN_ADMISSION_ORDER,L_RING
CELF,FULLY_SCHEDULED,COORD_CC_C05_PLC_C05_M01,MachineCoordination,272,0.29341963322545844,CANONICAL_INPUT_ID_NOT_PROVEN_ADMISSION_ORDER,L_RING
CELF,ZERO_SCHEDULED,COORD_CC_C05_PLC_C05_M02,MachineCoordination,273,0.29449838187702265,CANONICAL_INPUT_ID_NOT_PROVEN_ADMISSION_ORDER,L_RING
CELF,FULLY_SCHEDULED,COORD_CC_C05_PLC_C05_M03,MachineCoordination,274,0.29557713052858686,CANONICAL_INPUT_ID_NOT_PROVEN_ADMISSION_ORDER,L_RING
CELF,FULLY_SCHEDULED,COORD_CC_C05_PLC_C05_M04,MachineCoordination,275,0.296655879180151,CANONICAL_INPUT_ID_NOT_PROVEN_ADMISSION_ORDER,L_RING
CELF,FULLY_SCHEDULED,COORD_CC_C06_PLC_C06_M01,MachineCoordination,276,0.2977346278317152,CANONICAL_INPUT_ID_NOT_PROVEN_ADMISSION_ORDER,L_RING
CELF,FULLY_SCHEDULED,COORD_CC_C06_PLC_C06_M02,MachineCoordination,277,0.2988133764832794,CANONICAL_INPUT_ID_NOT_PROVEN_ADMISSION_ORDER,L_RING
CELF,FULLY_SCHEDULED,COORD_CC_C06_PLC_C06_M03,MachineCoordination,278,0.2998921251348436,CANONICAL_INPUT_ID_NOT_PROVEN_ADMISSION_ORDER,L_RING
CELF,FULLY_SCHEDULED,COORD_CC_C06_PLC_C06_M04,MachineCoordination,279,0.30097087378640774,CANONICAL_INPUT_ID_NOT_PROVEN_ADMISSION_ORDER,L_RING
CELF,FULLY_SCHEDULED,COORD_CC_C07_PLC_C07_M01,MachineCoordination,280,0.30204962243797195,CANONICAL_INPUT_ID_NOT_PROVEN_ADMISSION_ORDER,L_RING
CELF,FULLY_SCHEDULED,COORD_CC_C07_PLC_C07_M02,MachineCoordination,281,0.30312837108953616,CANONICAL_INPUT_ID_NOT_PROVEN_ADMISSION_ORDER,L_RING
CELF,FULLY_SCHEDULED,COORD_CC_C07_PLC_C07_M03,MachineCoordination,282,0.3042071197411003,CANONICAL_INPUT_ID_NOT_PROVEN_ADMISSION_ORDER,L_RING
CELF,FULLY_SCHEDULED,COORD_CC_C07_PLC_C07_M04,MachineCoordination,283,0.30528586839266453,CANONICAL_INPUT_ID_NOT_PROVEN_ADMISSION_ORDER,L_RING
CELF,FULLY_SCHEDULED,COORD_CC_C08_PLC_C08_M01,MachineCoordination,284,0.3063646170442287,CANONICAL_INPUT_ID_NOT_PROVEN_ADMISSION_ORDER,L_RING
CELF,FULLY_SCHEDULED,COORD_CC_C08_PLC_C08_M02,MachineCoordination,285,0.3074433656957929,CANONICAL_INPUT_ID_NOT_PROVEN_ADMISSION_ORDER,L_RING
CELF,FULLY_SCHEDULED,COORD_CC_C08_PLC_C08_M03,MachineCoordination,286,0.30852211434735705,CANONICAL_INPUT_ID_NOT_PROVEN_ADMISSION_ORDER,L_RING
CELF,FULLY_SCHEDULED,COORD_CC_C08_PLC_C08_M04,MachineCoordination,287,0.30960086299892126,CANONICAL_INPUT_ID_NOT_PROVEN_ADMISSION_ORDER,L_RING
CELF,FULLY_SCHEDULED,COORD_CC_C09_PLC_C09_M01,MachineCoordination,288,0.3106796116504854,CANONICAL_INPUT_ID_NOT_PROVEN_ADMISSION_ORDER,L_RING
CELF,FULLY_SCHEDULED,COORD_CC_C09_PLC_C09_M02,MachineCoordination,289,0.3117583603020496,CANONICAL_INPUT_ID_NOT_PROVEN_ADMISSION_ORDER,L_RING
CELF,FULLY_SCHEDULED,COORD_CC_C09_PLC_C09_M03,MachineCoordination,290,0.31283710895361383,CANONICAL_INPUT_ID_NOT_PROVEN_ADMISSION_ORDER,L_RING
CELF,FULLY_SCHEDULED,COORD_CC_C09_PLC_C09_M04,MachineCoordination,291,0.313915857605178,CANONICAL_INPUT_ID_NOT_PROVEN_ADMISSION_ORDER,L_RING
CELF,FULLY_SCHEDULED,COORD_CC_C10_PLC_C10_M01,MachineCoordination,292,0.3149946062567422,CANONICAL_INPUT_ID_NOT_PROVEN_ADMISSION_ORDER,L_RING
CELF,FULLY_SCHEDULED,COORD_CC_C10_PLC_C10_M02,MachineCoordination,293,0.31607335490830635,CANONICAL_INPUT_ID_NOT_PROVEN_ADMISSION_ORDER,L_RING
CELF,FULLY_SCHEDULED,COORD_CC_C10_PLC_C10_M03,MachineCoordination,294,0.31715210355987056,CANONICAL_INPUT_ID_NOT_PROVEN_ADMISSION_ORDER,L_RING
CELF,FULLY_SCHEDULED,COORD_CC_C10_PLC_C10_M04,MachineCoordination,295,0.3182308522114347,CANONICAL_INPUT_ID_NOT_PROVEN_ADMISSION_ORDER,L_RING
CELF,FULLY_SCHEDULED,COORD_CC_C11_PLC_C11_M01,MachineCoordination,296,0.3193096008629989,CANONICAL_INPUT_ID_NOT_PROVEN_ADMISSION_ORDER,L_RING
CELF,FULLY_SCHEDULED,COORD_CC_C11_PLC_C11_M02,MachineCoordination,297,0.32038834951456313,CANONICAL_INPUT_ID_NOT_PROVEN_ADMISSION_ORDER,L_RING
CELF,FULLY_SCHEDULED,COORD_CC_C11_PLC_C11_M03,MachineCoordination,298,0.3214670981661273,CANONICAL_INPUT_ID_NOT_PROVEN_ADMISSION_ORDER,L_RING
CELF,FULLY_SCHEDULED,COORD_CC_C11_PLC_C11_M04,MachineCoordination,299,0.3225458468176915,CANONICAL_INPUT_ID_NOT_PROVEN_ADMISSION_ORDER,L_RING
CELF,FULLY_SCHEDULED,COORD_CC_C12_PLC_C12_M01,MachineCoordination,300,0.32362459546925565,CANONICAL_INPUT_ID_NOT_PROVEN_ADMISSION_ORDER,L_RING
CELF,FULLY_SCHEDULED,COORD_CC_C12_PLC_C12_M02,MachineCoordination,301,0.32470334412081986,CANONICAL_INPUT_ID_NOT_PROVEN_ADMISSION_ORDER,L_RING
CELF,FULLY_SCHEDULED,COORD_CC_C12_PLC_C12_M03,MachineCoordination,302,0.325782092772384,CANONICAL_INPUT_ID_NOT_PROVEN_ADMISSION_ORDER,L_RING
CELF,FULLY_SCHEDULED,COORD_CC_C12_PLC_C12_M04,MachineCoordination,303,0.3268608414239482,CANONICAL_INPUT_ID_NOT_PROVEN_ADMISSION_ORDER,L_RING
CELF,FULLY_SCHEDULED,COORD_CC_C13_PLC_C13_M01,MachineCoordination,304,0.32793959007551243,CANONICAL_INPUT_ID_NOT_PROVEN_ADMISSION_ORDER,L_RING
CELF,FULLY_SCHEDULED,COORD_CC_C13_PLC_C13_M02,MachineCoordination,305,0.3290183387270766,CANONICAL_INPUT_ID_NOT_PROVEN_ADMISSION_ORDER,L_RING
CELF,FULLY_SCHEDULED,COORD_CC_C13_PLC_C13_M03,MachineCoordination,306,0.3300970873786408,CANONICAL_INPUT_ID_NOT_PROVEN_ADMISSION_ORDER,L_RING
CELF,FULLY_SCHEDULED,COORD_CC_C13_PLC_C13_M04,MachineCoordination,307,0.33117583603020495,CANONICAL_INPUT_ID_NOT_PROVEN_ADMISSION_ORDER,L_RING
CELF,FULLY_SCHEDULED,COORD_CC_C14_PLC_C14_M01,MachineCoordination,308,0.33225458468176916,CANONICAL_INPUT_ID_NOT_PROVEN_ADMISSION_ORDER,L_RING
CELF,FULLY_SCHEDULED,COORD_CC_C14_PLC_C14_M02,MachineCoordination,309,0.3333333333333333,CANONICAL_INPUT_ID_NOT_PROVEN_ADMISSION_ORDER,L_RING
CELF,FULLY_SCHEDULED,COORD_CC_C14_PLC_C14_M03,MachineCoordination,310,0.3344120819848975,CANONICAL_INPUT_ID_NOT_PROVEN_ADMISSION_ORDER,L_RING
CELF,FULLY_SCHEDULED,COORD_CC_C14_PLC_C14_M04,MachineCoordination,311,0.3354908306364617,CANONICAL_INPUT_ID_NOT_PROVEN_ADMISSION_ORDER,L_RING
CELF,FULLY_SCHEDULED,COORD_CC_C15_PLC_C15_M01,MachineCoordination,312,0.3365695792880259,CANONICAL_INPUT_ID_NOT_PROVEN_ADMISSION_ORDER,L_RING
CELF,FULLY_SCHEDULED,COORD_CC_C15_PLC_C15_M02,MachineCoordination,313,0.3376483279395901,CANONICAL_INPUT_ID_NOT_PROVEN_ADMISSION_ORDER,L_RING
CELF,FULLY_SCHEDULED,COORD_CC_C15_PLC_C15_M03,MachineCoordination,314,0.33872707659115425,CANONICAL_INPUT_ID_NOT_PROVEN_ADMISSION_ORDER,L_RING
CELF,FULLY_SCHEDULED,COORD_CC_C15_PLC_C15_M04,MachineCoordination,315,0.33980582524271846,CANONICAL_INPUT_ID_NOT_PROVEN_ADMISSION_ORDER,L_RING
CELF,FULLY_SCHEDULED,COORD_CC_C16_PLC_C16_M01,MachineCoordination,316,0.3408845738942826,CANONICAL_INPUT_ID_NOT_PROVEN_ADMISSION_ORDER,L_RING
CELF,FULLY_SCHEDULED,COORD_CC_C16_PLC_C16_M02,MachineCoordination,317,0.3419633225458468,CANONICAL_INPUT_ID_NOT_PROVEN_ADMISSION_ORDER,L_RING
CELF,FULLY_SCHEDULED,COORD_CC_C16_PLC_C16_M03,MachineCoordination,318,0.343042071197411,CANONICAL_INPUT_ID_NOT_PROVEN_ADMISSION_ORDER,L_RING
CELF,FULLY_SCHEDULED,COORD_CC_C16_PLC_C16_M04,MachineCoordination,319,0.3441208198489752,CANONICAL_INPUT_ID_NOT_PROVEN_ADMISSION_ORDER,L_RING
CELF,FULLY_SCHEDULED,IC_NEXT_CC_C01,InterCellNext,320,0.3451995685005394,CANONICAL_INPUT_ID_NOT_PROVEN_ADMISSION_ORDER,L_RING
CELF,FULLY_SCHEDULED,IC_NEXT_CC_C02,InterCellNext,321,0.34627831715210355,CANONICAL_INPUT_ID_NOT_PROVEN_ADMISSION_ORDER,L_RING
CELF,FULLY_SCHEDULED,IC_NEXT_CC_C03,InterCellNext,322,0.34735706580366776,CANONICAL_INPUT_ID_NOT_PROVEN_ADMISSION_ORDER,L_RING
CELF,FULLY_SCHEDULED,IC_NEXT_CC_C04,InterCellNext,323,0.3484358144552319,CANONICAL_INPUT_ID_NOT_PROVEN_ADMISSION_ORDER,L_RING
CELF,FULLY_SCHEDULED,IC_NEXT_CC_C05,InterCellNext,324,0.34951456310679613,CANONICAL_INPUT_ID_NOT_PROVEN_ADMISSION_ORDER,L_RING
CELF,FULLY_SCHEDULED,IC_NEXT_CC_C06,InterCellNext,325,0.3505933117583603,CANONICAL_INPUT_ID_NOT_PROVEN_ADMISSION_ORDER,L_RING
CELF,FULLY_SCHEDULED,IC_NEXT_CC_C07,InterCellNext,326,0.3516720604099245,CANONICAL_INPUT_ID_NOT_PROVEN_ADMISSION_ORDER,L_RING
CELF,FULLY_SCHEDULED,IC_NEXT_CC_C08,InterCellNext,327,0.35275080906148865,CANONICAL_INPUT_ID_NOT_PROVEN_ADMISSION_ORDER,L_RING
CELF,FULLY_SCHEDULED,IC_NEXT_CC_C09,InterCellNext,328,0.35382955771305286,CANONICAL_INPUT_ID_NOT_PROVEN_ADMISSION_ORDER,L_RING
CELF,FULLY_SCHEDULED,IC_NEXT_CC_C10,InterCellNext,329,0.35490830636461707,CANONICAL_INPUT_ID_NOT_PROVEN_ADMISSION_ORDER,L_RING
CELF,FULLY_SCHEDULED,IC_NEXT_CC_C11,InterCellNext,330,0.3559870550161812,CANONICAL_INPUT_ID_NOT_PROVEN_ADMISSION_ORDER,L_RING
CELF,FULLY_SCHEDULED,IC_NEXT_CC_C12,InterCellNext,331,0.35706580366774543,CANONICAL_INPUT_ID_NOT_PROVEN_ADMISSION_ORDER,L_RING
CELF,FULLY_SCHEDULED,IC_NEXT_CC_C13,InterCellNext,332,0.3581445523193096,CANONICAL_INPUT_ID_NOT_PROVEN_ADMISSION_ORDER,L_RING
CELF,FULLY_SCHEDULED,IC_NEXT_CC_C14,InterCellNext,333,0.3592233009708738,CANONICAL_INPUT_ID_NOT_PROVEN_ADMISSION_ORDER,L_RING
CELF,FULLY_SCHEDULED,IC_NEXT_CC_C15,InterCellNext,334,0.36030204962243795,CANONICAL_INPUT_ID_NOT_PROVEN_ADMISSION_ORDER,L_RING
CELF,FULLY_SCHEDULED,IC_NEXT_CC_C16,InterCellNext,335,0.36138079827400216,CANONICAL_INPUT_ID_NOT_PROVEN_ADMISSION_ORDER,L_RING
CELF,FULLY_SCHEDULED,IC_PREV_CC_C01,InterCellPrevious,336,0.36245954692556637,CANONICAL_INPUT_ID_NOT_PROVEN_ADMISSION_ORDER,L_RING
CELF,FULLY_SCHEDULED,IC_PREV_CC_C02,InterCellPrevious,337,0.3635382955771305,CANONICAL_INPUT_ID_NOT_PROVEN_ADMISSION_ORDER,L_RING
CELF,FULLY_SCHEDULED,IC_PREV_CC_C03,InterCellPrevious,338,0.36461704422869473,CANONICAL_INPUT_ID_NOT_PROVEN_ADMISSION_ORDER,L_RING
CELF,FULLY_SCHEDULED,IC_PREV_CC_C04,InterCellPrevious,339,0.3656957928802589,CANONICAL_INPUT_ID_NOT_PROVEN_ADMISSION_ORDER,L_RING
CELF,FULLY_SCHEDULED,IC_PREV_CC_C05,InterCellPrevious,340,0.3667745415318231,CANONICAL_INPUT_ID_NOT_PROVEN_ADMISSION_ORDER,L_RING
CELF,FULLY_SCHEDULED,IC_PREV_CC_C06,InterCellPrevious,341,0.36785329018338725,CANONICAL_INPUT_ID_NOT_PROVEN_ADMISSION_ORDER,L_RING
CELF,FULLY_SCHEDULED,IC_PREV_CC_C07,InterCellPrevious,342,0.36893203883495146,CANONICAL_INPUT_ID_NOT_PROVEN_ADMISSION_ORDER,L_RING
CELF,FULLY_SCHEDULED,IC_PREV_CC_C08,InterCellPrevious,343,0.37001078748651567,CANONICAL_INPUT_ID_NOT_PROVEN_ADMISSION_ORDER,L_RING
CELF,FULLY_SCHEDULED,IC_PREV_CC_C09,InterCellPrevious,344,0.3710895361380798,CANONICAL_INPUT_ID_NOT_PROVEN_ADMISSION_ORDER,L_RING
CELF,FULLY_SCHEDULED,IC_PREV_CC_C10,InterCellPrevious,345,0.37216828478964403,CANONICAL_INPUT_ID_NOT_PROVEN_ADMISSION_ORDER,L_RING
CELF,FULLY_SCHEDULED,IC_PREV_CC_C11,InterCellPrevious,346,0.3732470334412082,CANONICAL_INPUT_ID_NOT_PROVEN_ADMISSION_ORDER,L_RING
CELF,FULLY_SCHEDULED,IC_PREV_CC_C12,InterCellPrevious,347,0.3743257820927724,CANONICAL_INPUT_ID_NOT_PROVEN_ADMISSION_ORDER,L_RING
CELF,FULLY_SCHEDULED,IC_PREV_CC_C13,InterCellPrevious,348,0.37540453074433655,CANONICAL_INPUT_ID_NOT_PROVEN_ADMISSION_ORDER,L_RING
CELF,FULLY_SCHEDULED,IC_PREV_CC_C14,InterCellPrevious,349,0.37648327939590076,CANONICAL_INPUT_ID_NOT_PROVEN_ADMISSION_ORDER,L_RING
CELF,FULLY_SCHEDULED,IC_PREV_CC_C15,InterCellPrevious,350,0.3775620280474649,CANONICAL_INPUT_ID_NOT_PROVEN_ADMISSION_ORDER,L_RING
CELF,FULLY_SCHEDULED,IC_PREV_CC_C16,InterCellPrevious,351,0.3786407766990291,CANONICAL_INPUT_ID_NOT_PROVEN_ADMISSION_ORDER,L_RING
CELF,FULLY_SCHEDULED,SC_S1_C01_M01,SensorCyclic,352,0.37971952535059333,CANONICAL_INPUT_ID_NOT_PROVEN_ADMISSION_ORDER,L_RING
CELF,FULLY_SCHEDULED,SC_S1_C01_M02,SensorCyclic,353,0.3807982740021575,CANONICAL_INPUT_ID_NOT_PROVEN_ADMISSION_ORDER,L_RING
CELF,FULLY_SCHEDULED,SC_S1_C01_M03,SensorCyclic,354,0.3818770226537217,CANONICAL_INPUT_ID_NOT_PROVEN_ADMISSION_ORDER,L_RING
CELF,FULLY_SCHEDULED,SC_S1_C01_M04,SensorCyclic,355,0.38295577130528585,CANONICAL_INPUT_ID_NOT_PROVEN_ADMISSION_ORDER,L_RING
CELF,FULLY_SCHEDULED,SC_S1_C02_M01,SensorCyclic,356,0.38403451995685006,CANONICAL_INPUT_ID_NOT_PROVEN_ADMISSION_ORDER,L_RING
CELF,FULLY_SCHEDULED,SC_S1_C02_M02,SensorCyclic,357,0.3851132686084142,CANONICAL_INPUT_ID_NOT_PROVEN_ADMISSION_ORDER,L_RING
CELF,FULLY_SCHEDULED,SC_S1_C02_M03,SensorCyclic,358,0.3861920172599784,CANONICAL_INPUT_ID_NOT_PROVEN_ADMISSION_ORDER,L_RING
CELF,FULLY_SCHEDULED,SC_S1_C02_M04,SensorCyclic,359,0.38727076591154264,CANONICAL_INPUT_ID_NOT_PROVEN_ADMISSION_ORDER,L_RING
CELF,FULLY_SCHEDULED,SC_S1_C03_M01,SensorCyclic,360,0.3883495145631068,CANONICAL_INPUT_ID_NOT_PROVEN_ADMISSION_ORDER,L_RING
CELF,FULLY_SCHEDULED,SC_S1_C03_M02,SensorCyclic,361,0.389428263214671,CANONICAL_INPUT_ID_NOT_PROVEN_ADMISSION_ORDER,L_RING
CELF,FULLY_SCHEDULED,SC_S1_C03_M03,SensorCyclic,362,0.39050701186623515,CANONICAL_INPUT_ID_NOT_PROVEN_ADMISSION_ORDER,L_RING
CELF,FULLY_SCHEDULED,SC_S1_C03_M04,SensorCyclic,363,0.39158576051779936,CANONICAL_INPUT_ID_NOT_PROVEN_ADMISSION_ORDER,L_RING
CELF,FULLY_SCHEDULED,SC_S1_C04_M01,SensorCyclic,364,0.3926645091693635,CANONICAL_INPUT_ID_NOT_PROVEN_ADMISSION_ORDER,L_RING
CELF,FULLY_SCHEDULED,SC_S1_C04_M02,SensorCyclic,365,0.39374325782092773,CANONICAL_INPUT_ID_NOT_PROVEN_ADMISSION_ORDER,L_RING
CELF,FULLY_SCHEDULED,SC_S1_C04_M03,SensorCyclic,366,0.3948220064724919,CANONICAL_INPUT_ID_NOT_PROVEN_ADMISSION_ORDER,L_RING
CELF,FULLY_SCHEDULED,SC_S1_C04_M04,SensorCyclic,367,0.3959007551240561,CANONICAL_INPUT_ID_NOT_PROVEN_ADMISSION_ORDER,L_RING
CELF,FULLY_SCHEDULED,SC_S1_C05_M01,SensorCyclic,368,0.3969795037756203,CANONICAL_INPUT_ID_NOT_PROVEN_ADMISSION_ORDER,L_RING
CELF,FULLY_SCHEDULED,SC_S1_C05_M02,SensorCyclic,369,0.39805825242718446,CANONICAL_INPUT_ID_NOT_PROVEN_ADMISSION_ORDER,L_RING
CELF,FULLY_SCHEDULED,SC_S1_C05_M03,SensorCyclic,370,0.39913700107874867,CANONICAL_INPUT_ID_NOT_PROVEN_ADMISSION_ORDER,L_RING
CELF,FULLY_SCHEDULED,SC_S1_C05_M04,SensorCyclic,371,0.4002157497303128,CANONICAL_INPUT_ID_NOT_PROVEN_ADMISSION_ORDER,L_RING
CELF,FULLY_SCHEDULED,SC_S1_C06_M01,SensorCyclic,372,0.40129449838187703,CANONICAL_INPUT_ID_NOT_PROVEN_ADMISSION_ORDER,L_RING
CELF,FULLY_SCHEDULED,SC_S1_C06_M02,SensorCyclic,373,0.4023732470334412,CANONICAL_INPUT_ID_NOT_PROVEN_ADMISSION_ORDER,L_RING
CELF,FULLY_SCHEDULED,SC_S1_C06_M03,SensorCyclic,374,0.4034519956850054,CANONICAL_INPUT_ID_NOT_PROVEN_ADMISSION_ORDER,L_RING
CELF,FULLY_SCHEDULED,SC_S1_C06_M04,SensorCyclic,375,0.4045307443365696,CANONICAL_INPUT_ID_NOT_PROVEN_ADMISSION_ORDER,L_RING
CELF,FULLY_SCHEDULED,SC_S1_C07_M01,SensorCyclic,376,0.40560949298813376,CANONICAL_INPUT_ID_NOT_PROVEN_ADMISSION_ORDER,L_RING
CELF,FULLY_SCHEDULED,SC_S1_C07_M02,SensorCyclic,377,0.40668824163969797,CANONICAL_INPUT_ID_NOT_PROVEN_ADMISSION_ORDER,L_RING
CELF,FULLY_SCHEDULED,SC_S1_C07_M03,SensorCyclic,378,0.4077669902912621,CANONICAL_INPUT_ID_NOT_PROVEN_ADMISSION_ORDER,L_RING
CELF,FULLY_SCHEDULED,SC_S1_C07_M04,SensorCyclic,379,0.40884573894282633,CANONICAL_INPUT_ID_NOT_PROVEN_ADMISSION_ORDER,L_RING
CELF,FULLY_SCHEDULED,SC_S1_C08_M01,SensorCyclic,380,0.4099244875943905,CANONICAL_INPUT_ID_NOT_PROVEN_ADMISSION_ORDER,L_RING
CELF,FULLY_SCHEDULED,SC_S1_C08_M02,SensorCyclic,381,0.4110032362459547,CANONICAL_INPUT_ID_NOT_PROVEN_ADMISSION_ORDER,L_RING
CELF,FULLY_SCHEDULED,SC_S1_C08_M03,SensorCyclic,382,0.4120819848975189,CANONICAL_INPUT_ID_NOT_PROVEN_ADMISSION_ORDER,L_RING
CELF,FULLY_SCHEDULED,SC_S1_C08_M04,SensorCyclic,383,0.41316073354908306,CANONICAL_INPUT_ID_NOT_PROVEN_ADMISSION_ORDER,L_RING
CELF,FULLY_SCHEDULED,SC_S1_C09_M01,SensorCyclic,384,0.41423948220064727,CANONICAL_INPUT_ID_NOT_PROVEN_ADMISSION_ORDER,L_RING
CELF,FULLY_SCHEDULED,SC_S1_C09_M02,SensorCyclic,385,0.4153182308522114,CANONICAL_INPUT_ID_NOT_PROVEN_ADMISSION_ORDER,L_RING
CELF,FULLY_SCHEDULED,SC_S1_C09_M03,SensorCyclic,386,0.41639697950377563,CANONICAL_INPUT_ID_NOT_PROVEN_ADMISSION_ORDER,L_RING
CELF,FULLY_SCHEDULED,SC_S1_C09_M04,SensorCyclic,387,0.4174757281553398,CANONICAL_INPUT_ID_NOT_PROVEN_ADMISSION_ORDER,L_RING
CELF,FULLY_SCHEDULED,SC_S1_C10_M01,SensorCyclic,388,0.418554476806904,CANONICAL_INPUT_ID_NOT_PROVEN_ADMISSION_ORDER,L_RING
CELF,FULLY_SCHEDULED,SC_S1_C10_M02,SensorCyclic,389,0.41963322545846815,CANONICAL_INPUT_ID_NOT_PROVEN_ADMISSION_ORDER,L_RING
CELF,FULLY_SCHEDULED,SC_S1_C10_M03,SensorCyclic,390,0.42071197411003236,CANONICAL_INPUT_ID_NOT_PROVEN_ADMISSION_ORDER,L_RING
CELF,FULLY_SCHEDULED,SC_S1_C10_M04,SensorCyclic,391,0.42179072276159657,CANONICAL_INPUT_ID_NOT_PROVEN_ADMISSION_ORDER,L_RING
CELF,FULLY_SCHEDULED,SC_S1_C11_M01,SensorCyclic,392,0.4228694714131607,CANONICAL_INPUT_ID_NOT_PROVEN_ADMISSION_ORDER,L_RING
CELF,FULLY_SCHEDULED,SC_S1_C11_M02,SensorCyclic,393,0.42394822006472493,CANONICAL_INPUT_ID_NOT_PROVEN_ADMISSION_ORDER,L_RING
CELF,FULLY_SCHEDULED,SC_S1_C11_M03,SensorCyclic,394,0.4250269687162891,CANONICAL_INPUT_ID_NOT_PROVEN_ADMISSION_ORDER,L_RING
CELF,FULLY_SCHEDULED,SC_S1_C11_M04,SensorCyclic,395,0.4261057173678533,CANONICAL_INPUT_ID_NOT_PROVEN_ADMISSION_ORDER,L_RING
CELF,FULLY_SCHEDULED,SC_S1_C12_M01,SensorCyclic,396,0.42718446601941745,CANONICAL_INPUT_ID_NOT_PROVEN_ADMISSION_ORDER,L_RING
CELF,FULLY_SCHEDULED,SC_S1_C12_M02,SensorCyclic,397,0.42826321467098166,CANONICAL_INPUT_ID_NOT_PROVEN_ADMISSION_ORDER,L_RING
CELF,FULLY_SCHEDULED,SC_S1_C12_M03,SensorCyclic,398,0.42934196332254587,CANONICAL_INPUT_ID_NOT_PROVEN_ADMISSION_ORDER,L_RING
CELF,FULLY_SCHEDULED,SC_S1_C12_M04,SensorCyclic,399,0.43042071197411,CANONICAL_INPUT_ID_NOT_PROVEN_ADMISSION_ORDER,L_RING
CELF,FULLY_SCHEDULED,SC_S1_C13_M01,SensorCyclic,400,0.43149946062567424,CANONICAL_INPUT_ID_NOT_PROVEN_ADMISSION_ORDER,L_RING
CELF,FULLY_SCHEDULED,SC_S1_C13_M02,SensorCyclic,401,0.4325782092772384,CANONICAL_INPUT_ID_NOT_PROVEN_ADMISSION_ORDER,L_RING
CELF,FULLY_SCHEDULED,SC_S1_C13_M03,SensorCyclic,402,0.4336569579288026,CANONICAL_INPUT_ID_NOT_PROVEN_ADMISSION_ORDER,L_RING
CELF,FULLY_SCHEDULED,SC_S1_C13_M04,SensorCyclic,403,0.43473570658036675,CANONICAL_INPUT_ID_NOT_PROVEN_ADMISSION_ORDER,L_RING
CELF,FULLY_SCHEDULED,SC_S1_C14_M01,SensorCyclic,404,0.43581445523193096,CANONICAL_INPUT_ID_NOT_PROVEN_ADMISSION_ORDER,L_RING
CELF,FULLY_SCHEDULED,SC_S1_C14_M02,SensorCyclic,405,0.4368932038834951,CANONICAL_INPUT_ID_NOT_PROVEN_ADMISSION_ORDER,L_RING
CELF,FULLY_SCHEDULED,SC_S1_C14_M03,SensorCyclic,406,0.43797195253505933,CANONICAL_INPUT_ID_NOT_PROVEN_ADMISSION_ORDER,L_RING
CELF,FULLY_SCHEDULED,SC_S1_C14_M04,SensorCyclic,407,0.43905070118662354,CANONICAL_INPUT_ID_NOT_PROVEN_ADMISSION_ORDER,L_RING
CELF,FULLY_SCHEDULED,SC_S1_C15_M01,SensorCyclic,408,0.4401294498381877,CANONICAL_INPUT_ID_NOT_PROVEN_ADMISSION_ORDER,L_RING
CELF,FULLY_SCHEDULED,SC_S1_C15_M02,SensorCyclic,409,0.4412081984897519,CANONICAL_INPUT_ID_NOT_PROVEN_ADMISSION_ORDER,L_RING
CELF,FULLY_SCHEDULED,SC_S1_C15_M03,SensorCyclic,410,0.44228694714131606,CANONICAL_INPUT_ID_NOT_PROVEN_ADMISSION_ORDER,L_RING
CELF,FULLY_SCHEDULED,SC_S1_C15_M04,SensorCyclic,411,0.44336569579288027,CANONICAL_INPUT_ID_NOT_PROVEN_ADMISSION_ORDER,L_RING
CELF,FULLY_SCHEDULED,SC_S1_C16_M01,SensorCyclic,412,0.4444444444444444,CANONICAL_INPUT_ID_NOT_PROVEN_ADMISSION_ORDER,L_RING
CELF,FULLY_SCHEDULED,SC_S1_C16_M02,SensorCyclic,413,0.44552319309600863,CANONICAL_INPUT_ID_NOT_PROVEN_ADMISSION_ORDER,L_RING
CELF,FULLY_SCHEDULED,SC_S1_C16_M03,SensorCyclic,414,0.44660194174757284,CANONICAL_INPUT_ID_NOT_PROVEN_ADMISSION_ORDER,L_RING
CELF,FULLY_SCHEDULED,SC_S1_C16_M04,SensorCyclic,415,0.447680690399137,CANONICAL_INPUT_ID_NOT_PROVEN_ADMISSION_ORDER,L_RING
CELF,FULLY_SCHEDULED,SC_S2_C01_M01,SensorCyclic,416,0.4487594390507012,CANONICAL_INPUT_ID_NOT_PROVEN_ADMISSION_ORDER,L_RING
CELF,FULLY_SCHEDULED,SC_S2_C01_M02,SensorCyclic,417,0.44983818770226536,CANONICAL_INPUT_ID_NOT_PROVEN_ADMISSION_ORDER,L_RING
CELF,FULLY_SCHEDULED,SC_S2_C01_M03,SensorCyclic,418,0.45091693635382957,CANONICAL_INPUT_ID_NOT_PROVEN_ADMISSION_ORDER,L_RING
CELF,FULLY_SCHEDULED,SC_S2_C01_M04,SensorCyclic,419,0.4519956850053937,CANONICAL_INPUT_ID_NOT_PROVEN_ADMISSION_ORDER,L_RING
CELF,FULLY_SCHEDULED,SC_S2_C02_M01,SensorCyclic,420,0.45307443365695793,CANONICAL_INPUT_ID_NOT_PROVEN_ADMISSION_ORDER,L_RING
CELF,FULLY_SCHEDULED,SC_S2_C02_M02,SensorCyclic,421,0.45415318230852214,CANONICAL_INPUT_ID_NOT_PROVEN_ADMISSION_ORDER,L_RING
CELF,FULLY_SCHEDULED,SC_S2_C02_M03,SensorCyclic,422,0.4552319309600863,CANONICAL_INPUT_ID_NOT_PROVEN_ADMISSION_ORDER,L_RING
CELF,FULLY_SCHEDULED,SC_S2_C02_M04,SensorCyclic,423,0.4563106796116505,CANONICAL_INPUT_ID_NOT_PROVEN_ADMISSION_ORDER,L_RING
CELF,FULLY_SCHEDULED,SC_S2_C03_M01,SensorCyclic,424,0.45738942826321466,CANONICAL_INPUT_ID_NOT_PROVEN_ADMISSION_ORDER,L_RING
CELF,FULLY_SCHEDULED,SC_S2_C03_M02,SensorCyclic,425,0.45846817691477887,CANONICAL_INPUT_ID_NOT_PROVEN_ADMISSION_ORDER,L_RING
CELF,FULLY_SCHEDULED,SC_S2_C03_M03,SensorCyclic,426,0.459546925566343,CANONICAL_INPUT_ID_NOT_PROVEN_ADMISSION_ORDER,L_RING
CELF,FULLY_SCHEDULED,SC_S2_C03_M04,SensorCyclic,427,0.46062567421790723,CANONICAL_INPUT_ID_NOT_PROVEN_ADMISSION_ORDER,L_RING
CELF,FULLY_SCHEDULED,SC_S2_C04_M01,SensorCyclic,428,0.4617044228694714,CANONICAL_INPUT_ID_NOT_PROVEN_ADMISSION_ORDER,L_RING
CELF,FULLY_SCHEDULED,SC_S2_C04_M02,SensorCyclic,429,0.4627831715210356,CANONICAL_INPUT_ID_NOT_PROVEN_ADMISSION_ORDER,L_RING
CELF,FULLY_SCHEDULED,SC_S2_C04_M03,SensorCyclic,430,0.4638619201725998,CANONICAL_INPUT_ID_NOT_PROVEN_ADMISSION_ORDER,L_RING
CELF,FULLY_SCHEDULED,SC_S2_C04_M04,SensorCyclic,431,0.46494066882416396,CANONICAL_INPUT_ID_NOT_PROVEN_ADMISSION_ORDER,L_RING
CELF,FULLY_SCHEDULED,SC_S2_C05_M01,SensorCyclic,432,0.46601941747572817,CANONICAL_INPUT_ID_NOT_PROVEN_ADMISSION_ORDER,L_RING
CELF,FULLY_SCHEDULED,SC_S2_C05_M02,SensorCyclic,433,0.4670981661272923,CANONICAL_INPUT_ID_NOT_PROVEN_ADMISSION_ORDER,L_RING
CELF,FULLY_SCHEDULED,SC_S2_C05_M03,SensorCyclic,434,0.46817691477885653,CANONICAL_INPUT_ID_NOT_PROVEN_ADMISSION_ORDER,L_RING
CELF,FULLY_SCHEDULED,SC_S2_C05_M04,SensorCyclic,435,0.4692556634304207,CANONICAL_INPUT_ID_NOT_PROVEN_ADMISSION_ORDER,L_RING
CELF,FULLY_SCHEDULED,SC_S2_C06_M01,SensorCyclic,436,0.4703344120819849,CANONICAL_INPUT_ID_NOT_PROVEN_ADMISSION_ORDER,L_RING
CELF,FULLY_SCHEDULED,SC_S2_C06_M02,SensorCyclic,437,0.4714131607335491,CANONICAL_INPUT_ID_NOT_PROVEN_ADMISSION_ORDER,L_RING
CELF,FULLY_SCHEDULED,SC_S2_C06_M03,SensorCyclic,438,0.47249190938511326,CANONICAL_INPUT_ID_NOT_PROVEN_ADMISSION_ORDER,L_RING
CELF,FULLY_SCHEDULED,SC_S2_C06_M04,SensorCyclic,439,0.47357065803667747,CANONICAL_INPUT_ID_NOT_PROVEN_ADMISSION_ORDER,L_RING
CELF,FULLY_SCHEDULED,SC_S2_C07_M01,SensorCyclic,440,0.4746494066882416,CANONICAL_INPUT_ID_NOT_PROVEN_ADMISSION_ORDER,L_RING
CELF,FULLY_SCHEDULED,SC_S2_C07_M02,SensorCyclic,441,0.47572815533980584,CANONICAL_INPUT_ID_NOT_PROVEN_ADMISSION_ORDER,L_RING
CELF,FULLY_SCHEDULED,SC_S2_C07_M03,SensorCyclic,442,0.47680690399137,CANONICAL_INPUT_ID_NOT_PROVEN_ADMISSION_ORDER,L_RING
CELF,FULLY_SCHEDULED,SC_S2_C07_M04,SensorCyclic,443,0.4778856526429342,CANONICAL_INPUT_ID_NOT_PROVEN_ADMISSION_ORDER,L_RING
CELF,FULLY_SCHEDULED,SC_S2_C08_M01,SensorCyclic,444,0.47896440129449835,CANONICAL_INPUT_ID_NOT_PROVEN_ADMISSION_ORDER,L_RING
CELF,FULLY_SCHEDULED,SC_S2_C08_M02,SensorCyclic,445,0.48004314994606256,CANONICAL_INPUT_ID_NOT_PROVEN_ADMISSION_ORDER,L_RING
CELF,FULLY_SCHEDULED,SC_S2_C08_M03,SensorCyclic,446,0.4811218985976268,CANONICAL_INPUT_ID_NOT_PROVEN_ADMISSION_ORDER,L_RING
CELF,FULLY_SCHEDULED,SC_S2_C08_M04,SensorCyclic,447,0.48220064724919093,CANONICAL_INPUT_ID_NOT_PROVEN_ADMISSION_ORDER,L_RING
CELF,FULLY_SCHEDULED,SC_S2_C09_M01,SensorCyclic,448,0.48327939590075514,CANONICAL_INPUT_ID_NOT_PROVEN_ADMISSION_ORDER,L_RING
CELF,FULLY_SCHEDULED,SC_S2_C09_M02,SensorCyclic,449,0.4843581445523193,CANONICAL_INPUT_ID_NOT_PROVEN_ADMISSION_ORDER,L_RING
CELF,FULLY_SCHEDULED,SC_S2_C09_M03,SensorCyclic,450,0.4854368932038835,CANONICAL_INPUT_ID_NOT_PROVEN_ADMISSION_ORDER,L_RING
CELF,FULLY_SCHEDULED,SC_S2_C09_M04,SensorCyclic,451,0.48651564185544766,CANONICAL_INPUT_ID_NOT_PROVEN_ADMISSION_ORDER,L_RING
CELF,FULLY_SCHEDULED,SC_S2_C10_M01,SensorCyclic,452,0.48759439050701187,CANONICAL_INPUT_ID_NOT_PROVEN_ADMISSION_ORDER,L_RING
CELF,FULLY_SCHEDULED,SC_S2_C10_M02,SensorCyclic,453,0.4886731391585761,CANONICAL_INPUT_ID_NOT_PROVEN_ADMISSION_ORDER,L_RING
CELF,FULLY_SCHEDULED,SC_S2_C10_M03,SensorCyclic,454,0.48975188781014023,CANONICAL_INPUT_ID_NOT_PROVEN_ADMISSION_ORDER,L_RING
CELF,FULLY_SCHEDULED,SC_S2_C10_M04,SensorCyclic,455,0.49083063646170444,CANONICAL_INPUT_ID_NOT_PROVEN_ADMISSION_ORDER,L_RING
CELF,FULLY_SCHEDULED,SC_S2_C11_M01,SensorCyclic,456,0.4919093851132686,CANONICAL_INPUT_ID_NOT_PROVEN_ADMISSION_ORDER,L_RING
CELF,FULLY_SCHEDULED,SC_S2_C11_M02,SensorCyclic,457,0.4929881337648328,CANONICAL_INPUT_ID_NOT_PROVEN_ADMISSION_ORDER,L_RING
CELF,FULLY_SCHEDULED,SC_S2_C11_M03,SensorCyclic,458,0.49406688241639696,CANONICAL_INPUT_ID_NOT_PROVEN_ADMISSION_ORDER,L_RING
CELF,FULLY_SCHEDULED,SC_S2_C11_M04,SensorCyclic,459,0.49514563106796117,CANONICAL_INPUT_ID_NOT_PROVEN_ADMISSION_ORDER,L_RING
CELF,FULLY_SCHEDULED,SC_S2_C12_M01,SensorCyclic,460,0.4962243797195254,CANONICAL_INPUT_ID_NOT_PROVEN_ADMISSION_ORDER,L_RING
CELF,FULLY_SCHEDULED,SC_S2_C12_M02,SensorCyclic,461,0.49730312837108953,CANONICAL_INPUT_ID_NOT_PROVEN_ADMISSION_ORDER,L_RING
CELF,FULLY_SCHEDULED,SC_S2_C12_M03,SensorCyclic,462,0.49838187702265374,CANONICAL_INPUT_ID_NOT_PROVEN_ADMISSION_ORDER,L_RING
CELF,FULLY_SCHEDULED,SC_S2_C12_M04,SensorCyclic,463,0.4994606256742179,CANONICAL_INPUT_ID_NOT_PROVEN_ADMISSION_ORDER,L_RING
CELF,FULLY_SCHEDULED,SC_S2_C13_M01,SensorCyclic,464,0.5005393743257821,CANONICAL_INPUT_ID_NOT_PROVEN_ADMISSION_ORDER,L_RING
CELF,FULLY_SCHEDULED,SC_S2_C13_M02,SensorCyclic,465,0.5016181229773463,CANONICAL_INPUT_ID_NOT_PROVEN_ADMISSION_ORDER,L_RING
CELF,FULLY_SCHEDULED,SC_S2_C13_M03,SensorCyclic,466,0.5026968716289104,CANONICAL_INPUT_ID_NOT_PROVEN_ADMISSION_ORDER,L_RING
CELF,FULLY_SCHEDULED,SC_S2_C13_M04,SensorCyclic,467,0.5037756202804746,CANONICAL_INPUT_ID_NOT_PROVEN_ADMISSION_ORDER,L_RING
CELF,FULLY_SCHEDULED,SC_S2_C14_M01,SensorCyclic,468,0.5048543689320388,CANONICAL_INPUT_ID_NOT_PROVEN_ADMISSION_ORDER,L_RING
CELF,FULLY_SCHEDULED,SC_S2_C14_M02,SensorCyclic,469,0.505933117583603,CANONICAL_INPUT_ID_NOT_PROVEN_ADMISSION_ORDER,L_RING
CELF,FULLY_SCHEDULED,SC_S2_C14_M03,SensorCyclic,470,0.5070118662351673,CANONICAL_INPUT_ID_NOT_PROVEN_ADMISSION_ORDER,L_RING
CELF,FULLY_SCHEDULED,SC_S2_C14_M04,SensorCyclic,471,0.5080906148867314,CANONICAL_INPUT_ID_NOT_PROVEN_ADMISSION_ORDER,L_RING
CELF,FULLY_SCHEDULED,SC_S2_C15_M01,SensorCyclic,472,0.5091693635382956,CANONICAL_INPUT_ID_NOT_PROVEN_ADMISSION_ORDER,L_RING
CELF,FULLY_SCHEDULED,SC_S2_C15_M02,SensorCyclic,473,0.5102481121898598,CANONICAL_INPUT_ID_NOT_PROVEN_ADMISSION_ORDER,L_RING
CELF,FULLY_SCHEDULED,SC_S2_C15_M03,SensorCyclic,474,0.511326860841424,CANONICAL_INPUT_ID_NOT_PROVEN_ADMISSION_ORDER,L_RING
CELF,FULLY_SCHEDULED,SC_S2_C15_M04,SensorCyclic,475,0.5124056094929881,CANONICAL_INPUT_ID_NOT_PROVEN_ADMISSION_ORDER,L_RING
CELF,FULLY_SCHEDULED,SC_S2_C16_M01,SensorCyclic,476,0.5134843581445523,CANONICAL_INPUT_ID_NOT_PROVEN_ADMISSION_ORDER,L_RING
CELF,FULLY_SCHEDULED,SC_S2_C16_M02,SensorCyclic,477,0.5145631067961165,CANONICAL_INPUT_ID_NOT_PROVEN_ADMISSION_ORDER,L_RING
CELF,FULLY_SCHEDULED,SC_S2_C16_M03,SensorCyclic,478,0.5156418554476807,CANONICAL_INPUT_ID_NOT_PROVEN_ADMISSION_ORDER,L_RING
CELF,FULLY_SCHEDULED,SC_S2_C16_M04,SensorCyclic,479,0.5167206040992449,CANONICAL_INPUT_ID_NOT_PROVEN_ADMISSION_ORDER,L_RING
CELF,FULLY_SCHEDULED,SC_S3_C01_M01,SensorCyclic,480,0.517799352750809,CANONICAL_INPUT_ID_NOT_PROVEN_ADMISSION_ORDER,L_RING
CELF,FULLY_SCHEDULED,SC_S3_C01_M02,SensorCyclic,481,0.5188781014023732,CANONICAL_INPUT_ID_NOT_PROVEN_ADMISSION_ORDER,L_RING
CELF,FULLY_SCHEDULED,SC_S3_C01_M03,SensorCyclic,482,0.5199568500539374,CANONICAL_INPUT_ID_NOT_PROVEN_ADMISSION_ORDER,L_RING
CELF,FULLY_SCHEDULED,SC_S3_C01_M04,SensorCyclic,483,0.5210355987055016,CANONICAL_INPUT_ID_NOT_PROVEN_ADMISSION_ORDER,L_RING
CELF,FULLY_SCHEDULED,SC_S3_C02_M01,SensorCyclic,484,0.5221143473570659,CANONICAL_INPUT_ID_NOT_PROVEN_ADMISSION_ORDER,L_RING
CELF,FULLY_SCHEDULED,SC_S3_C02_M02,SensorCyclic,485,0.52319309600863,CANONICAL_INPUT_ID_NOT_PROVEN_ADMISSION_ORDER,L_RING
CELF,FULLY_SCHEDULED,SC_S3_C02_M03,SensorCyclic,486,0.5242718446601942,CANONICAL_INPUT_ID_NOT_PROVEN_ADMISSION_ORDER,L_RING
CELF,FULLY_SCHEDULED,SC_S3_C02_M04,SensorCyclic,487,0.5253505933117584,CANONICAL_INPUT_ID_NOT_PROVEN_ADMISSION_ORDER,L_RING
CELF,FULLY_SCHEDULED,SC_S3_C03_M01,SensorCyclic,488,0.5264293419633226,CANONICAL_INPUT_ID_NOT_PROVEN_ADMISSION_ORDER,L_RING
CELF,FULLY_SCHEDULED,SC_S3_C03_M02,SensorCyclic,489,0.5275080906148867,CANONICAL_INPUT_ID_NOT_PROVEN_ADMISSION_ORDER,L_RING
CELF,FULLY_SCHEDULED,SC_S3_C03_M03,SensorCyclic,490,0.5285868392664509,CANONICAL_INPUT_ID_NOT_PROVEN_ADMISSION_ORDER,L_RING
CELF,FULLY_SCHEDULED,SC_S3_C03_M04,SensorCyclic,491,0.5296655879180151,CANONICAL_INPUT_ID_NOT_PROVEN_ADMISSION_ORDER,L_RING
CELF,FULLY_SCHEDULED,SC_S3_C04_M01,SensorCyclic,492,0.5307443365695793,CANONICAL_INPUT_ID_NOT_PROVEN_ADMISSION_ORDER,L_RING
CELF,FULLY_SCHEDULED,SC_S3_C04_M02,SensorCyclic,493,0.5318230852211435,CANONICAL_INPUT_ID_NOT_PROVEN_ADMISSION_ORDER,L_RING
CELF,FULLY_SCHEDULED,SC_S3_C04_M03,SensorCyclic,494,0.5329018338727076,CANONICAL_INPUT_ID_NOT_PROVEN_ADMISSION_ORDER,L_RING
CELF,FULLY_SCHEDULED,SC_S3_C04_M04,SensorCyclic,495,0.5339805825242718,CANONICAL_INPUT_ID_NOT_PROVEN_ADMISSION_ORDER,L_RING
CELF,FULLY_SCHEDULED,SC_S3_C05_M01,SensorCyclic,496,0.535059331175836,CANONICAL_INPUT_ID_NOT_PROVEN_ADMISSION_ORDER,L_RING
CELF,FULLY_SCHEDULED,SC_S3_C05_M02,SensorCyclic,497,0.5361380798274002,CANONICAL_INPUT_ID_NOT_PROVEN_ADMISSION_ORDER,L_RING
CELF,FULLY_SCHEDULED,SC_S3_C05_M03,SensorCyclic,498,0.5372168284789643,CANONICAL_INPUT_ID_NOT_PROVEN_ADMISSION_ORDER,L_RING
CELF,FULLY_SCHEDULED,SC_S3_C05_M04,SensorCyclic,499,0.5382955771305286,CANONICAL_INPUT_ID_NOT_PROVEN_ADMISSION_ORDER,L_RING
CELF,FULLY_SCHEDULED,SC_S3_C06_M01,SensorCyclic,500,0.5393743257820928,CANONICAL_INPUT_ID_NOT_PROVEN_ADMISSION_ORDER,L_RING
CELF,FULLY_SCHEDULED,SC_S3_C06_M02,SensorCyclic,501,0.540453074433657,CANONICAL_INPUT_ID_NOT_PROVEN_ADMISSION_ORDER,L_RING
CELF,FULLY_SCHEDULED,SC_S3_C06_M03,SensorCyclic,502,0.5415318230852212,CANONICAL_INPUT_ID_NOT_PROVEN_ADMISSION_ORDER,L_RING
CELF,FULLY_SCHEDULED,SC_S3_C06_M04,SensorCyclic,503,0.5426105717367853,CANONICAL_INPUT_ID_NOT_PROVEN_ADMISSION_ORDER,L_RING
CELF,FULLY_SCHEDULED,SC_S3_C07_M01,SensorCyclic,504,0.5436893203883495,CANONICAL_INPUT_ID_NOT_PROVEN_ADMISSION_ORDER,L_RING
CELF,FULLY_SCHEDULED,SC_S3_C07_M02,SensorCyclic,505,0.5447680690399137,CANONICAL_INPUT_ID_NOT_PROVEN_ADMISSION_ORDER,L_RING
CELF,FULLY_SCHEDULED,SC_S3_C07_M03,SensorCyclic,506,0.5458468176914779,CANONICAL_INPUT_ID_NOT_PROVEN_ADMISSION_ORDER,L_RING
CELF,FULLY_SCHEDULED,SC_S3_C07_M04,SensorCyclic,507,0.5469255663430421,CANONICAL_INPUT_ID_NOT_PROVEN_ADMISSION_ORDER,L_RING
CELF,FULLY_SCHEDULED,SC_S3_C08_M01,SensorCyclic,508,0.5480043149946062,CANONICAL_INPUT_ID_NOT_PROVEN_ADMISSION_ORDER,L_RING
CELF,FULLY_SCHEDULED,SC_S3_C08_M02,SensorCyclic,509,0.5490830636461704,CANONICAL_INPUT_ID_NOT_PROVEN_ADMISSION_ORDER,L_RING
CELF,FULLY_SCHEDULED,SC_S3_C08_M03,SensorCyclic,510,0.5501618122977346,CANONICAL_INPUT_ID_NOT_PROVEN_ADMISSION_ORDER,L_RING
CELF,FULLY_SCHEDULED,SC_S3_C08_M04,SensorCyclic,511,0.5512405609492989,CANONICAL_INPUT_ID_NOT_PROVEN_ADMISSION_ORDER,L_RING
CELF,FULLY_SCHEDULED,SC_S3_C09_M01,SensorCyclic,512,0.552319309600863,CANONICAL_INPUT_ID_NOT_PROVEN_ADMISSION_ORDER,L_RING
CELF,FULLY_SCHEDULED,SC_S3_C09_M02,SensorCyclic,513,0.5533980582524272,CANONICAL_INPUT_ID_NOT_PROVEN_ADMISSION_ORDER,L_RING
CELF,FULLY_SCHEDULED,SC_S3_C09_M03,SensorCyclic,514,0.5544768069039914,CANONICAL_INPUT_ID_NOT_PROVEN_ADMISSION_ORDER,L_RING
CELF,FULLY_SCHEDULED,SC_S3_C09_M04,SensorCyclic,515,0.5555555555555556,CANONICAL_INPUT_ID_NOT_PROVEN_ADMISSION_ORDER,L_RING
CELF,FULLY_SCHEDULED,SC_S3_C10_M01,SensorCyclic,516,0.5566343042071198,CANONICAL_INPUT_ID_NOT_PROVEN_ADMISSION_ORDER,L_RING
CELF,FULLY_SCHEDULED,SC_S3_C10_M02,SensorCyclic,517,0.5577130528586839,CANONICAL_INPUT_ID_NOT_PROVEN_ADMISSION_ORDER,L_RING
CELF,FULLY_SCHEDULED,SC_S3_C10_M03,SensorCyclic,518,0.5587918015102481,CANONICAL_INPUT_ID_NOT_PROVEN_ADMISSION_ORDER,L_RING
CELF,FULLY_SCHEDULED,SC_S3_C10_M04,SensorCyclic,519,0.5598705501618123,CANONICAL_INPUT_ID_NOT_PROVEN_ADMISSION_ORDER,L_RING
CELF,FULLY_SCHEDULED,SC_S3_C11_M01,SensorCyclic,520,0.5609492988133765,CANONICAL_INPUT_ID_NOT_PROVEN_ADMISSION_ORDER,L_RING
CELF,FULLY_SCHEDULED,SC_S3_C11_M02,SensorCyclic,521,0.5620280474649406,CANONICAL_INPUT_ID_NOT_PROVEN_ADMISSION_ORDER,L_RING
CELF,FULLY_SCHEDULED,SC_S3_C11_M03,SensorCyclic,522,0.5631067961165048,CANONICAL_INPUT_ID_NOT_PROVEN_ADMISSION_ORDER,L_RING
CELF,FULLY_SCHEDULED,SC_S3_C11_M04,SensorCyclic,523,0.564185544768069,CANONICAL_INPUT_ID_NOT_PROVEN_ADMISSION_ORDER,L_RING
CELF,FULLY_SCHEDULED,SC_S3_C12_M01,SensorCyclic,524,0.5652642934196332,CANONICAL_INPUT_ID_NOT_PROVEN_ADMISSION_ORDER,L_RING
CELF,FULLY_SCHEDULED,SC_S3_C12_M02,SensorCyclic,525,0.5663430420711975,CANONICAL_INPUT_ID_NOT_PROVEN_ADMISSION_ORDER,L_RING
CELF,FULLY_SCHEDULED,SC_S3_C12_M03,SensorCyclic,526,0.5674217907227616,CANONICAL_INPUT_ID_NOT_PROVEN_ADMISSION_ORDER,L_RING
CELF,FULLY_SCHEDULED,SC_S3_C12_M04,SensorCyclic,527,0.5685005393743258,CANONICAL_INPUT_ID_NOT_PROVEN_ADMISSION_ORDER,L_RING
CELF,FULLY_SCHEDULED,SC_S3_C13_M01,SensorCyclic,528,0.56957928802589,CANONICAL_INPUT_ID_NOT_PROVEN_ADMISSION_ORDER,L_RING
CELF,FULLY_SCHEDULED,SC_S3_C13_M02,SensorCyclic,529,0.5706580366774542,CANONICAL_INPUT_ID_NOT_PROVEN_ADMISSION_ORDER,L_RING
CELF,FULLY_SCHEDULED,SC_S3_C13_M03,SensorCyclic,530,0.5717367853290184,CANONICAL_INPUT_ID_NOT_PROVEN_ADMISSION_ORDER,L_RING
CELF,FULLY_SCHEDULED,SC_S3_C13_M04,SensorCyclic,531,0.5728155339805825,CANONICAL_INPUT_ID_NOT_PROVEN_ADMISSION_ORDER,L_RING
CELF,FULLY_SCHEDULED,SC_S3_C14_M01,SensorCyclic,532,0.5738942826321467,CANONICAL_INPUT_ID_NOT_PROVEN_ADMISSION_ORDER,L_RING
CELF,FULLY_SCHEDULED,SC_S3_C14_M02,SensorCyclic,533,0.5749730312837109,CANONICAL_INPUT_ID_NOT_PROVEN_ADMISSION_ORDER,L_RING
CELF,FULLY_SCHEDULED,SC_S3_C14_M03,SensorCyclic,534,0.5760517799352751,CANONICAL_INPUT_ID_NOT_PROVEN_ADMISSION_ORDER,L_RING
CELF,FULLY_SCHEDULED,SC_S3_C14_M04,SensorCyclic,535,0.5771305285868392,CANONICAL_INPUT_ID_NOT_PROVEN_ADMISSION_ORDER,L_RING
CELF,FULLY_SCHEDULED,SC_S3_C15_M01,SensorCyclic,536,0.5782092772384034,CANONICAL_INPUT_ID_NOT_PROVEN_ADMISSION_ORDER,L_RING
CELF,FULLY_SCHEDULED,SC_S3_C15_M02,SensorCyclic,537,0.5792880258899676,CANONICAL_INPUT_ID_NOT_PROVEN_ADMISSION_ORDER,L_RING
CELF,FULLY_SCHEDULED,SC_S3_C15_M03,SensorCyclic,538,0.5803667745415318,CANONICAL_INPUT_ID_NOT_PROVEN_ADMISSION_ORDER,L_RING
CELF,FULLY_SCHEDULED,SC_S3_C15_M04,SensorCyclic,539,0.5814455231930961,CANONICAL_INPUT_ID_NOT_PROVEN_ADMISSION_ORDER,L_RING
CELF,FULLY_SCHEDULED,SC_S3_C16_M01,SensorCyclic,540,0.5825242718446602,CANONICAL_INPUT_ID_NOT_PROVEN_ADMISSION_ORDER,L_RING
CELF,FULLY_SCHEDULED,SC_S3_C16_M02,SensorCyclic,541,0.5836030204962244,CANONICAL_INPUT_ID_NOT_PROVEN_ADMISSION_ORDER,L_RING
CELF,FULLY_SCHEDULED,SC_S3_C16_M03,SensorCyclic,542,0.5846817691477886,CANONICAL_INPUT_ID_NOT_PROVEN_ADMISSION_ORDER,L_RING
CELF,FULLY_SCHEDULED,SC_S3_C16_M04,SensorCyclic,543,0.5857605177993528,CANONICAL_INPUT_ID_NOT_PROVEN_ADMISSION_ORDER,L_RING
CELF,FULLY_SCHEDULED,SC_S4_C01_M01,SensorCyclic,544,0.5868392664509169,CANONICAL_INPUT_ID_NOT_PROVEN_ADMISSION_ORDER,L_RING
CELF,FULLY_SCHEDULED,SC_S4_C01_M02,SensorCyclic,545,0.5879180151024811,CANONICAL_INPUT_ID_NOT_PROVEN_ADMISSION_ORDER,L_RING
CELF,FULLY_SCHEDULED,SC_S4_C01_M03,SensorCyclic,546,0.5889967637540453,CANONICAL_INPUT_ID_NOT_PROVEN_ADMISSION_ORDER,L_RING
CELF,FULLY_SCHEDULED,SC_S4_C01_M04,SensorCyclic,547,0.5900755124056095,CANONICAL_INPUT_ID_NOT_PROVEN_ADMISSION_ORDER,L_RING
CELF,FULLY_SCHEDULED,SC_S4_C02_M01,SensorCyclic,548,0.5911542610571737,CANONICAL_INPUT_ID_NOT_PROVEN_ADMISSION_ORDER,L_RING
CELF,FULLY_SCHEDULED,SC_S4_C02_M02,SensorCyclic,549,0.5922330097087378,CANONICAL_INPUT_ID_NOT_PROVEN_ADMISSION_ORDER,L_RING
CELF,FULLY_SCHEDULED,SC_S4_C02_M03,SensorCyclic,550,0.593311758360302,CANONICAL_INPUT_ID_NOT_PROVEN_ADMISSION_ORDER,L_RING
CELF,FULLY_SCHEDULED,SC_S4_C02_M04,SensorCyclic,551,0.5943905070118662,CANONICAL_INPUT_ID_NOT_PROVEN_ADMISSION_ORDER,L_RING
CELF,FULLY_SCHEDULED,SC_S4_C03_M01,SensorCyclic,552,0.5954692556634305,CANONICAL_INPUT_ID_NOT_PROVEN_ADMISSION_ORDER,L_RING
CELF,FULLY_SCHEDULED,SC_S4_C03_M02,SensorCyclic,553,0.5965480043149946,CANONICAL_INPUT_ID_NOT_PROVEN_ADMISSION_ORDER,L_RING
CELF,FULLY_SCHEDULED,SC_S4_C03_M03,SensorCyclic,554,0.5976267529665588,CANONICAL_INPUT_ID_NOT_PROVEN_ADMISSION_ORDER,L_RING
CELF,FULLY_SCHEDULED,SC_S4_C03_M04,SensorCyclic,555,0.598705501618123,CANONICAL_INPUT_ID_NOT_PROVEN_ADMISSION_ORDER,L_RING
CELF,FULLY_SCHEDULED,SC_S4_C04_M01,SensorCyclic,556,0.5997842502696872,CANONICAL_INPUT_ID_NOT_PROVEN_ADMISSION_ORDER,L_RING
CELF,FULLY_SCHEDULED,SC_S4_C04_M02,SensorCyclic,557,0.6008629989212514,CANONICAL_INPUT_ID_NOT_PROVEN_ADMISSION_ORDER,L_RING
CELF,FULLY_SCHEDULED,SC_S4_C04_M03,SensorCyclic,558,0.6019417475728155,CANONICAL_INPUT_ID_NOT_PROVEN_ADMISSION_ORDER,L_RING
CELF,FULLY_SCHEDULED,SC_S4_C04_M04,SensorCyclic,559,0.6030204962243797,CANONICAL_INPUT_ID_NOT_PROVEN_ADMISSION_ORDER,L_RING
CELF,FULLY_SCHEDULED,SC_S4_C05_M01,SensorCyclic,560,0.6040992448759439,CANONICAL_INPUT_ID_NOT_PROVEN_ADMISSION_ORDER,L_RING
CELF,FULLY_SCHEDULED,SC_S4_C05_M02,SensorCyclic,561,0.6051779935275081,CANONICAL_INPUT_ID_NOT_PROVEN_ADMISSION_ORDER,L_RING
CELF,FULLY_SCHEDULED,SC_S4_C05_M03,SensorCyclic,562,0.6062567421790723,CANONICAL_INPUT_ID_NOT_PROVEN_ADMISSION_ORDER,L_RING
CELF,FULLY_SCHEDULED,SC_S4_C05_M04,SensorCyclic,563,0.6073354908306364,CANONICAL_INPUT_ID_NOT_PROVEN_ADMISSION_ORDER,L_RING
CELF,FULLY_SCHEDULED,SC_S4_C06_M01,SensorCyclic,564,0.6084142394822006,CANONICAL_INPUT_ID_NOT_PROVEN_ADMISSION_ORDER,L_RING
CELF,FULLY_SCHEDULED,SC_S4_C06_M02,SensorCyclic,565,0.6094929881337648,CANONICAL_INPUT_ID_NOT_PROVEN_ADMISSION_ORDER,L_RING
CELF,FULLY_SCHEDULED,SC_S4_C06_M03,SensorCyclic,566,0.6105717367853291,CANONICAL_INPUT_ID_NOT_PROVEN_ADMISSION_ORDER,L_RING
CELF,FULLY_SCHEDULED,SC_S4_C06_M04,SensorCyclic,567,0.6116504854368932,CANONICAL_INPUT_ID_NOT_PROVEN_ADMISSION_ORDER,L_RING
CELF,FULLY_SCHEDULED,SC_S4_C07_M01,SensorCyclic,568,0.6127292340884574,CANONICAL_INPUT_ID_NOT_PROVEN_ADMISSION_ORDER,L_RING
CELF,FULLY_SCHEDULED,SC_S4_C07_M02,SensorCyclic,569,0.6138079827400216,CANONICAL_INPUT_ID_NOT_PROVEN_ADMISSION_ORDER,L_RING
CELF,FULLY_SCHEDULED,SC_S4_C07_M03,SensorCyclic,570,0.6148867313915858,CANONICAL_INPUT_ID_NOT_PROVEN_ADMISSION_ORDER,L_RING
CELF,FULLY_SCHEDULED,SC_S4_C07_M04,SensorCyclic,571,0.61596548004315,CANONICAL_INPUT_ID_NOT_PROVEN_ADMISSION_ORDER,L_RING
CELF,FULLY_SCHEDULED,SC_S4_C08_M01,SensorCyclic,572,0.6170442286947141,CANONICAL_INPUT_ID_NOT_PROVEN_ADMISSION_ORDER,L_RING
CELF,FULLY_SCHEDULED,SC_S4_C08_M02,SensorCyclic,573,0.6181229773462783,CANONICAL_INPUT_ID_NOT_PROVEN_ADMISSION_ORDER,L_RING
CELF,FULLY_SCHEDULED,SC_S4_C08_M03,SensorCyclic,574,0.6192017259978425,CANONICAL_INPUT_ID_NOT_PROVEN_ADMISSION_ORDER,L_RING
CELF,FULLY_SCHEDULED,SC_S4_C08_M04,SensorCyclic,575,0.6202804746494067,CANONICAL_INPUT_ID_NOT_PROVEN_ADMISSION_ORDER,L_RING
CELF,FULLY_SCHEDULED,SC_S4_C09_M01,SensorCyclic,576,0.6213592233009708,CANONICAL_INPUT_ID_NOT_PROVEN_ADMISSION_ORDER,L_RING
CELF,FULLY_SCHEDULED,SC_S4_C09_M02,SensorCyclic,577,0.622437971952535,CANONICAL_INPUT_ID_NOT_PROVEN_ADMISSION_ORDER,L_RING
CELF,FULLY_SCHEDULED,SC_S4_C09_M03,SensorCyclic,578,0.6235167206040992,CANONICAL_INPUT_ID_NOT_PROVEN_ADMISSION_ORDER,L_RING
CELF,FULLY_SCHEDULED,SC_S4_C09_M04,SensorCyclic,579,0.6245954692556634,CANONICAL_INPUT_ID_NOT_PROVEN_ADMISSION_ORDER,L_RING
CELF,FULLY_SCHEDULED,SC_S4_C10_M01,SensorCyclic,580,0.6256742179072277,CANONICAL_INPUT_ID_NOT_PROVEN_ADMISSION_ORDER,L_RING
CELF,FULLY_SCHEDULED,SC_S4_C10_M02,SensorCyclic,581,0.6267529665587918,CANONICAL_INPUT_ID_NOT_PROVEN_ADMISSION_ORDER,L_RING
CELF,FULLY_SCHEDULED,SC_S4_C10_M03,SensorCyclic,582,0.627831715210356,CANONICAL_INPUT_ID_NOT_PROVEN_ADMISSION_ORDER,L_RING
CELF,FULLY_SCHEDULED,SC_S4_C10_M04,SensorCyclic,583,0.6289104638619202,CANONICAL_INPUT_ID_NOT_PROVEN_ADMISSION_ORDER,L_RING
CELF,FULLY_SCHEDULED,SC_S4_C11_M01,SensorCyclic,584,0.6299892125134844,CANONICAL_INPUT_ID_NOT_PROVEN_ADMISSION_ORDER,L_RING
CELF,FULLY_SCHEDULED,SC_S4_C11_M02,SensorCyclic,585,0.6310679611650486,CANONICAL_INPUT_ID_NOT_PROVEN_ADMISSION_ORDER,L_RING
CELF,FULLY_SCHEDULED,SC_S4_C11_M03,SensorCyclic,586,0.6321467098166127,CANONICAL_INPUT_ID_NOT_PROVEN_ADMISSION_ORDER,L_RING
CELF,FULLY_SCHEDULED,SC_S4_C11_M04,SensorCyclic,587,0.6332254584681769,CANONICAL_INPUT_ID_NOT_PROVEN_ADMISSION_ORDER,L_RING
CELF,FULLY_SCHEDULED,SC_S4_C12_M01,SensorCyclic,588,0.6343042071197411,CANONICAL_INPUT_ID_NOT_PROVEN_ADMISSION_ORDER,L_RING
CELF,FULLY_SCHEDULED,SC_S4_C12_M02,SensorCyclic,589,0.6353829557713053,CANONICAL_INPUT_ID_NOT_PROVEN_ADMISSION_ORDER,L_RING
CELF,FULLY_SCHEDULED,SC_S4_C12_M03,SensorCyclic,590,0.6364617044228694,CANONICAL_INPUT_ID_NOT_PROVEN_ADMISSION_ORDER,L_RING
CELF,FULLY_SCHEDULED,SC_S4_C12_M04,SensorCyclic,591,0.6375404530744336,CANONICAL_INPUT_ID_NOT_PROVEN_ADMISSION_ORDER,L_RING
CELF,FULLY_SCHEDULED,SC_S4_C13_M01,SensorCyclic,592,0.6386192017259978,CANONICAL_INPUT_ID_NOT_PROVEN_ADMISSION_ORDER,L_RING
CELF,FULLY_SCHEDULED,SC_S4_C13_M02,SensorCyclic,593,0.639697950377562,CANONICAL_INPUT_ID_NOT_PROVEN_ADMISSION_ORDER,L_RING
CELF,FULLY_SCHEDULED,SC_S4_C13_M03,SensorCyclic,594,0.6407766990291263,CANONICAL_INPUT_ID_NOT_PROVEN_ADMISSION_ORDER,L_RING
CELF,FULLY_SCHEDULED,SC_S4_C13_M04,SensorCyclic,595,0.6418554476806904,CANONICAL_INPUT_ID_NOT_PROVEN_ADMISSION_ORDER,L_RING
CELF,FULLY_SCHEDULED,SC_S4_C14_M01,SensorCyclic,596,0.6429341963322546,CANONICAL_INPUT_ID_NOT_PROVEN_ADMISSION_ORDER,L_RING
CELF,FULLY_SCHEDULED,SC_S4_C14_M02,SensorCyclic,597,0.6440129449838188,CANONICAL_INPUT_ID_NOT_PROVEN_ADMISSION_ORDER,L_RING
CELF,FULLY_SCHEDULED,SC_S4_C14_M03,SensorCyclic,598,0.645091693635383,CANONICAL_INPUT_ID_NOT_PROVEN_ADMISSION_ORDER,L_RING
CELF,FULLY_SCHEDULED,SC_S4_C14_M04,SensorCyclic,599,0.6461704422869471,CANONICAL_INPUT_ID_NOT_PROVEN_ADMISSION_ORDER,L_RING
CELF,FULLY_SCHEDULED,SC_S4_C15_M01,SensorCyclic,600,0.6472491909385113,CANONICAL_INPUT_ID_NOT_PROVEN_ADMISSION_ORDER,L_RING
CELF,FULLY_SCHEDULED,SC_S4_C15_M02,SensorCyclic,601,0.6483279395900755,CANONICAL_INPUT_ID_NOT_PROVEN_ADMISSION_ORDER,L_RING
CELF,FULLY_SCHEDULED,SC_S4_C15_M03,SensorCyclic,602,0.6494066882416397,CANONICAL_INPUT_ID_NOT_PROVEN_ADMISSION_ORDER,L_RING
CELF,FULLY_SCHEDULED,SC_S4_C15_M04,SensorCyclic,603,0.6504854368932039,CANONICAL_INPUT_ID_NOT_PROVEN_ADMISSION_ORDER,L_RING
CELF,FULLY_SCHEDULED,SC_S4_C16_M01,SensorCyclic,604,0.651564185544768,CANONICAL_INPUT_ID_NOT_PROVEN_ADMISSION_ORDER,L_RING
CELF,FULLY_SCHEDULED,SC_S4_C16_M02,SensorCyclic,605,0.6526429341963322,CANONICAL_INPUT_ID_NOT_PROVEN_ADMISSION_ORDER,L_RING
CELF,FULLY_SCHEDULED,SC_S4_C16_M03,SensorCyclic,606,0.6537216828478964,CANONICAL_INPUT_ID_NOT_PROVEN_ADMISSION_ORDER,L_RING
CELF,FULLY_SCHEDULED,SC_S4_C16_M04,SensorCyclic,607,0.6548004314994607,CANONICAL_INPUT_ID_NOT_PROVEN_ADMISSION_ORDER,L_RING
CELF,FULLY_SCHEDULED,SF_S1_C01_M01,SensorFast,608,0.6558791801510249,CANONICAL_INPUT_ID_NOT_PROVEN_ADMISSION_ORDER,L_RING
CELF,FULLY_SCHEDULED,SF_S1_C01_M02,SensorFast,609,0.656957928802589,CANONICAL_INPUT_ID_NOT_PROVEN_ADMISSION_ORDER,L_RING
CELF,FULLY_SCHEDULED,SF_S1_C01_M03,SensorFast,610,0.6580366774541532,CANONICAL_INPUT_ID_NOT_PROVEN_ADMISSION_ORDER,L_RING
CELF,FULLY_SCHEDULED,SF_S1_C01_M04,SensorFast,611,0.6591154261057174,CANONICAL_INPUT_ID_NOT_PROVEN_ADMISSION_ORDER,L_RING
CELF,FULLY_SCHEDULED,SF_S1_C02_M01,SensorFast,612,0.6601941747572816,CANONICAL_INPUT_ID_NOT_PROVEN_ADMISSION_ORDER,L_RING
CELF,FULLY_SCHEDULED,SF_S1_C02_M02,SensorFast,613,0.6612729234088457,CANONICAL_INPUT_ID_NOT_PROVEN_ADMISSION_ORDER,L_RING
CELF,FULLY_SCHEDULED,SF_S1_C02_M03,SensorFast,614,0.6623516720604099,CANONICAL_INPUT_ID_NOT_PROVEN_ADMISSION_ORDER,L_RING
CELF,FULLY_SCHEDULED,SF_S1_C02_M04,SensorFast,615,0.6634304207119741,CANONICAL_INPUT_ID_NOT_PROVEN_ADMISSION_ORDER,L_RING
CELF,FULLY_SCHEDULED,SF_S1_C03_M01,SensorFast,616,0.6645091693635383,CANONICAL_INPUT_ID_NOT_PROVEN_ADMISSION_ORDER,L_RING
CELF,FULLY_SCHEDULED,SF_S1_C03_M02,SensorFast,617,0.6655879180151025,CANONICAL_INPUT_ID_NOT_PROVEN_ADMISSION_ORDER,L_RING
CELF,FULLY_SCHEDULED,SF_S1_C03_M03,SensorFast,618,0.6666666666666666,CANONICAL_INPUT_ID_NOT_PROVEN_ADMISSION_ORDER,L_RING
CELF,FULLY_SCHEDULED,SF_S1_C03_M04,SensorFast,619,0.6677454153182308,CANONICAL_INPUT_ID_NOT_PROVEN_ADMISSION_ORDER,L_RING
CELF,FULLY_SCHEDULED,SF_S1_C04_M01,SensorFast,620,0.668824163969795,CANONICAL_INPUT_ID_NOT_PROVEN_ADMISSION_ORDER,L_RING
CELF,FULLY_SCHEDULED,SF_S1_C04_M02,SensorFast,621,0.6699029126213593,CANONICAL_INPUT_ID_NOT_PROVEN_ADMISSION_ORDER,L_RING
CELF,FULLY_SCHEDULED,SF_S1_C04_M03,SensorFast,622,0.6709816612729234,CANONICAL_INPUT_ID_NOT_PROVEN_ADMISSION_ORDER,L_RING
CELF,FULLY_SCHEDULED,SF_S1_C04_M04,SensorFast,623,0.6720604099244876,CANONICAL_INPUT_ID_NOT_PROVEN_ADMISSION_ORDER,L_RING
CELF,FULLY_SCHEDULED,SF_S1_C05_M01,SensorFast,624,0.6731391585760518,CANONICAL_INPUT_ID_NOT_PROVEN_ADMISSION_ORDER,L_RING
CELF,FULLY_SCHEDULED,SF_S1_C05_M02,SensorFast,625,0.674217907227616,CANONICAL_INPUT_ID_NOT_PROVEN_ADMISSION_ORDER,L_RING
CELF,FULLY_SCHEDULED,SF_S1_C05_M03,SensorFast,626,0.6752966558791802,CANONICAL_INPUT_ID_NOT_PROVEN_ADMISSION_ORDER,L_RING
CELF,FULLY_SCHEDULED,SF_S1_C05_M04,SensorFast,627,0.6763754045307443,CANONICAL_INPUT_ID_NOT_PROVEN_ADMISSION_ORDER,L_RING
CELF,FULLY_SCHEDULED,SF_S1_C06_M01,SensorFast,628,0.6774541531823085,CANONICAL_INPUT_ID_NOT_PROVEN_ADMISSION_ORDER,L_RING
CELF,FULLY_SCHEDULED,SF_S1_C06_M02,SensorFast,629,0.6785329018338727,CANONICAL_INPUT_ID_NOT_PROVEN_ADMISSION_ORDER,L_RING
CELF,FULLY_SCHEDULED,SF_S1_C06_M03,SensorFast,630,0.6796116504854369,CANONICAL_INPUT_ID_NOT_PROVEN_ADMISSION_ORDER,L_RING
CELF,FULLY_SCHEDULED,SF_S1_C06_M04,SensorFast,631,0.6806903991370011,CANONICAL_INPUT_ID_NOT_PROVEN_ADMISSION_ORDER,L_RING
CELF,FULLY_SCHEDULED,SF_S1_C07_M01,SensorFast,632,0.6817691477885652,CANONICAL_INPUT_ID_NOT_PROVEN_ADMISSION_ORDER,L_RING
CELF,FULLY_SCHEDULED,SF_S1_C07_M02,SensorFast,633,0.6828478964401294,CANONICAL_INPUT_ID_NOT_PROVEN_ADMISSION_ORDER,L_RING
CELF,FULLY_SCHEDULED,SF_S1_C07_M03,SensorFast,634,0.6839266450916937,CANONICAL_INPUT_ID_NOT_PROVEN_ADMISSION_ORDER,L_RING
CELF,FULLY_SCHEDULED,SF_S1_C07_M04,SensorFast,635,0.6850053937432579,CANONICAL_INPUT_ID_NOT_PROVEN_ADMISSION_ORDER,L_RING
CELF,FULLY_SCHEDULED,SF_S1_C08_M01,SensorFast,636,0.686084142394822,CANONICAL_INPUT_ID_NOT_PROVEN_ADMISSION_ORDER,L_RING
CELF,FULLY_SCHEDULED,SF_S1_C08_M02,SensorFast,637,0.6871628910463862,CANONICAL_INPUT_ID_NOT_PROVEN_ADMISSION_ORDER,L_RING
CELF,FULLY_SCHEDULED,SF_S1_C08_M03,SensorFast,638,0.6882416396979504,CANONICAL_INPUT_ID_NOT_PROVEN_ADMISSION_ORDER,L_RING
CELF,FULLY_SCHEDULED,SF_S1_C08_M04,SensorFast,639,0.6893203883495146,CANONICAL_INPUT_ID_NOT_PROVEN_ADMISSION_ORDER,L_RING
CELF,FULLY_SCHEDULED,SF_S1_C09_M01,SensorFast,640,0.6903991370010788,CANONICAL_INPUT_ID_NOT_PROVEN_ADMISSION_ORDER,L_RING
CELF,FULLY_SCHEDULED,SF_S1_C09_M02,SensorFast,641,0.6914778856526429,CANONICAL_INPUT_ID_NOT_PROVEN_ADMISSION_ORDER,L_RING
CELF,FULLY_SCHEDULED,SF_S1_C09_M03,SensorFast,642,0.6925566343042071,CANONICAL_INPUT_ID_NOT_PROVEN_ADMISSION_ORDER,L_RING
CELF,FULLY_SCHEDULED,SF_S1_C09_M04,SensorFast,643,0.6936353829557713,CANONICAL_INPUT_ID_NOT_PROVEN_ADMISSION_ORDER,L_RING
CELF,FULLY_SCHEDULED,SF_S1_C10_M01,SensorFast,644,0.6947141316073355,CANONICAL_INPUT_ID_NOT_PROVEN_ADMISSION_ORDER,L_RING
CELF,FULLY_SCHEDULED,SF_S1_C10_M02,SensorFast,645,0.6957928802588996,CANONICAL_INPUT_ID_NOT_PROVEN_ADMISSION_ORDER,L_RING
CELF,FULLY_SCHEDULED,SF_S1_C10_M03,SensorFast,646,0.6968716289104638,CANONICAL_INPUT_ID_NOT_PROVEN_ADMISSION_ORDER,L_RING
CELF,FULLY_SCHEDULED,SF_S1_C10_M04,SensorFast,647,0.697950377562028,CANONICAL_INPUT_ID_NOT_PROVEN_ADMISSION_ORDER,L_RING
CELF,FULLY_SCHEDULED,SF_S1_C11_M01,SensorFast,648,0.6990291262135923,CANONICAL_INPUT_ID_NOT_PROVEN_ADMISSION_ORDER,L_RING
CELF,FULLY_SCHEDULED,SF_S1_C11_M02,SensorFast,649,0.7001078748651565,CANONICAL_INPUT_ID_NOT_PROVEN_ADMISSION_ORDER,L_RING
CELF,FULLY_SCHEDULED,SF_S1_C11_M03,SensorFast,650,0.7011866235167206,CANONICAL_INPUT_ID_NOT_PROVEN_ADMISSION_ORDER,L_RING
CELF,FULLY_SCHEDULED,SF_S1_C11_M04,SensorFast,651,0.7022653721682848,CANONICAL_INPUT_ID_NOT_PROVEN_ADMISSION_ORDER,L_RING
CELF,FULLY_SCHEDULED,SF_S1_C12_M01,SensorFast,652,0.703344120819849,CANONICAL_INPUT_ID_NOT_PROVEN_ADMISSION_ORDER,L_RING
CELF,FULLY_SCHEDULED,SF_S1_C12_M02,SensorFast,653,0.7044228694714132,CANONICAL_INPUT_ID_NOT_PROVEN_ADMISSION_ORDER,L_RING
CELF,FULLY_SCHEDULED,SF_S1_C12_M03,SensorFast,654,0.7055016181229773,CANONICAL_INPUT_ID_NOT_PROVEN_ADMISSION_ORDER,L_RING
CELF,FULLY_SCHEDULED,SF_S1_C12_M04,SensorFast,655,0.7065803667745415,CANONICAL_INPUT_ID_NOT_PROVEN_ADMISSION_ORDER,L_RING
CELF,FULLY_SCHEDULED,SF_S1_C13_M01,SensorFast,656,0.7076591154261057,CANONICAL_INPUT_ID_NOT_PROVEN_ADMISSION_ORDER,L_RING
CELF,FULLY_SCHEDULED,SF_S1_C13_M02,SensorFast,657,0.7087378640776699,CANONICAL_INPUT_ID_NOT_PROVEN_ADMISSION_ORDER,L_RING
CELF,FULLY_SCHEDULED,SF_S1_C13_M03,SensorFast,658,0.7098166127292341,CANONICAL_INPUT_ID_NOT_PROVEN_ADMISSION_ORDER,L_RING
CELF,FULLY_SCHEDULED,SF_S1_C13_M04,SensorFast,659,0.7108953613807982,CANONICAL_INPUT_ID_NOT_PROVEN_ADMISSION_ORDER,L_RING
CELF,FULLY_SCHEDULED,SF_S1_C14_M01,SensorFast,660,0.7119741100323624,CANONICAL_INPUT_ID_NOT_PROVEN_ADMISSION_ORDER,L_RING
CELF,FULLY_SCHEDULED,SF_S1_C14_M02,SensorFast,661,0.7130528586839266,CANONICAL_INPUT_ID_NOT_PROVEN_ADMISSION_ORDER,L_RING
CELF,FULLY_SCHEDULED,SF_S1_C14_M03,SensorFast,662,0.7141316073354909,CANONICAL_INPUT_ID_NOT_PROVEN_ADMISSION_ORDER,L_RING
CELF,FULLY_SCHEDULED,SF_S1_C14_M04,SensorFast,663,0.7152103559870551,CANONICAL_INPUT_ID_NOT_PROVEN_ADMISSION_ORDER,L_RING
CELF,FULLY_SCHEDULED,SF_S1_C15_M01,SensorFast,664,0.7162891046386192,CANONICAL_INPUT_ID_NOT_PROVEN_ADMISSION_ORDER,L_RING
CELF,FULLY_SCHEDULED,SF_S1_C15_M02,SensorFast,665,0.7173678532901834,CANONICAL_INPUT_ID_NOT_PROVEN_ADMISSION_ORDER,L_RING
CELF,FULLY_SCHEDULED,SF_S1_C15_M03,SensorFast,666,0.7184466019417476,CANONICAL_INPUT_ID_NOT_PROVEN_ADMISSION_ORDER,L_RING
CELF,FULLY_SCHEDULED,SF_S1_C15_M04,SensorFast,667,0.7195253505933118,CANONICAL_INPUT_ID_NOT_PROVEN_ADMISSION_ORDER,L_RING
CELF,FULLY_SCHEDULED,SF_S1_C16_M01,SensorFast,668,0.7206040992448759,CANONICAL_INPUT_ID_NOT_PROVEN_ADMISSION_ORDER,L_RING
CELF,FULLY_SCHEDULED,SF_S1_C16_M02,SensorFast,669,0.7216828478964401,CANONICAL_INPUT_ID_NOT_PROVEN_ADMISSION_ORDER,L_RING
CELF,FULLY_SCHEDULED,SF_S1_C16_M03,SensorFast,670,0.7227615965480043,CANONICAL_INPUT_ID_NOT_PROVEN_ADMISSION_ORDER,L_RING
CELF,FULLY_SCHEDULED,SF_S1_C16_M04,SensorFast,671,0.7238403451995685,CANONICAL_INPUT_ID_NOT_PROVEN_ADMISSION_ORDER,L_RING
CELF,FULLY_SCHEDULED,SF_S2_C01_M01,SensorFast,672,0.7249190938511327,CANONICAL_INPUT_ID_NOT_PROVEN_ADMISSION_ORDER,L_RING
CELF,FULLY_SCHEDULED,SF_S2_C01_M02,SensorFast,673,0.7259978425026968,CANONICAL_INPUT_ID_NOT_PROVEN_ADMISSION_ORDER,L_RING
CELF,FULLY_SCHEDULED,SF_S2_C01_M03,SensorFast,674,0.727076591154261,CANONICAL_INPUT_ID_NOT_PROVEN_ADMISSION_ORDER,L_RING
CELF,FULLY_SCHEDULED,SF_S2_C01_M04,SensorFast,675,0.7281553398058253,CANONICAL_INPUT_ID_NOT_PROVEN_ADMISSION_ORDER,L_RING
CELF,FULLY_SCHEDULED,SF_S2_C02_M01,SensorFast,676,0.7292340884573895,CANONICAL_INPUT_ID_NOT_PROVEN_ADMISSION_ORDER,L_RING
CELF,FULLY_SCHEDULED,SF_S2_C02_M02,SensorFast,677,0.7303128371089536,CANONICAL_INPUT_ID_NOT_PROVEN_ADMISSION_ORDER,L_RING
CELF,FULLY_SCHEDULED,SF_S2_C02_M03,SensorFast,678,0.7313915857605178,CANONICAL_INPUT_ID_NOT_PROVEN_ADMISSION_ORDER,L_RING
CELF,FULLY_SCHEDULED,SF_S2_C02_M04,SensorFast,679,0.732470334412082,CANONICAL_INPUT_ID_NOT_PROVEN_ADMISSION_ORDER,L_RING
CELF,FULLY_SCHEDULED,SF_S2_C03_M01,SensorFast,680,0.7335490830636462,CANONICAL_INPUT_ID_NOT_PROVEN_ADMISSION_ORDER,L_RING
CELF,FULLY_SCHEDULED,SF_S2_C03_M02,SensorFast,681,0.7346278317152104,CANONICAL_INPUT_ID_NOT_PROVEN_ADMISSION_ORDER,L_RING
CELF,FULLY_SCHEDULED,SF_S2_C03_M03,SensorFast,682,0.7357065803667745,CANONICAL_INPUT_ID_NOT_PROVEN_ADMISSION_ORDER,L_RING
CELF,FULLY_SCHEDULED,SF_S2_C03_M04,SensorFast,683,0.7367853290183387,CANONICAL_INPUT_ID_NOT_PROVEN_ADMISSION_ORDER,L_RING
CELF,FULLY_SCHEDULED,SF_S2_C04_M01,SensorFast,684,0.7378640776699029,CANONICAL_INPUT_ID_NOT_PROVEN_ADMISSION_ORDER,L_RING
CELF,FULLY_SCHEDULED,SF_S2_C04_M02,SensorFast,685,0.7389428263214671,CANONICAL_INPUT_ID_NOT_PROVEN_ADMISSION_ORDER,L_RING
CELF,FULLY_SCHEDULED,SF_S2_C04_M03,SensorFast,686,0.7400215749730313,CANONICAL_INPUT_ID_NOT_PROVEN_ADMISSION_ORDER,L_RING
CELF,FULLY_SCHEDULED,SF_S2_C04_M04,SensorFast,687,0.7411003236245954,CANONICAL_INPUT_ID_NOT_PROVEN_ADMISSION_ORDER,L_RING
CELF,FULLY_SCHEDULED,SF_S2_C05_M01,SensorFast,688,0.7421790722761596,CANONICAL_INPUT_ID_NOT_PROVEN_ADMISSION_ORDER,L_RING
CELF,FULLY_SCHEDULED,SF_S2_C05_M02,SensorFast,689,0.7432578209277239,CANONICAL_INPUT_ID_NOT_PROVEN_ADMISSION_ORDER,L_RING
CELF,FULLY_SCHEDULED,SF_S2_C05_M03,SensorFast,690,0.7443365695792881,CANONICAL_INPUT_ID_NOT_PROVEN_ADMISSION_ORDER,L_RING
CELF,FULLY_SCHEDULED,SF_S2_C05_M04,SensorFast,691,0.7454153182308522,CANONICAL_INPUT_ID_NOT_PROVEN_ADMISSION_ORDER,L_RING
CELF,FULLY_SCHEDULED,SF_S2_C06_M01,SensorFast,692,0.7464940668824164,CANONICAL_INPUT_ID_NOT_PROVEN_ADMISSION_ORDER,L_RING
CELF,FULLY_SCHEDULED,SF_S2_C06_M02,SensorFast,693,0.7475728155339806,CANONICAL_INPUT_ID_NOT_PROVEN_ADMISSION_ORDER,L_RING
CELF,FULLY_SCHEDULED,SF_S2_C06_M03,SensorFast,694,0.7486515641855448,CANONICAL_INPUT_ID_NOT_PROVEN_ADMISSION_ORDER,L_RING
CELF,FULLY_SCHEDULED,SF_S2_C06_M04,SensorFast,695,0.749730312837109,CANONICAL_INPUT_ID_NOT_PROVEN_ADMISSION_ORDER,L_RING
CELF,FULLY_SCHEDULED,SF_S2_C07_M01,SensorFast,696,0.7508090614886731,CANONICAL_INPUT_ID_NOT_PROVEN_ADMISSION_ORDER,L_RING
CELF,FULLY_SCHEDULED,SF_S2_C07_M02,SensorFast,697,0.7518878101402373,CANONICAL_INPUT_ID_NOT_PROVEN_ADMISSION_ORDER,L_RING
CELF,FULLY_SCHEDULED,SF_S2_C07_M03,SensorFast,698,0.7529665587918015,CANONICAL_INPUT_ID_NOT_PROVEN_ADMISSION_ORDER,L_RING
CELF,FULLY_SCHEDULED,SF_S2_C07_M04,SensorFast,699,0.7540453074433657,CANONICAL_INPUT_ID_NOT_PROVEN_ADMISSION_ORDER,L_RING
CELF,FULLY_SCHEDULED,SF_S2_C08_M01,SensorFast,700,0.7551240560949298,CANONICAL_INPUT_ID_NOT_PROVEN_ADMISSION_ORDER,L_RING
CELF,FULLY_SCHEDULED,SF_S2_C08_M02,SensorFast,701,0.756202804746494,CANONICAL_INPUT_ID_NOT_PROVEN_ADMISSION_ORDER,L_RING
CELF,FULLY_SCHEDULED,SF_S2_C08_M03,SensorFast,702,0.7572815533980582,CANONICAL_INPUT_ID_NOT_PROVEN_ADMISSION_ORDER,L_RING
CELF,FULLY_SCHEDULED,SF_S2_C08_M04,SensorFast,703,0.7583603020496225,CANONICAL_INPUT_ID_NOT_PROVEN_ADMISSION_ORDER,L_RING
CELF,FULLY_SCHEDULED,SF_S2_C09_M01,SensorFast,704,0.7594390507011867,CANONICAL_INPUT_ID_NOT_PROVEN_ADMISSION_ORDER,L_RING
CELF,FULLY_SCHEDULED,SF_S2_C09_M02,SensorFast,705,0.7605177993527508,CANONICAL_INPUT_ID_NOT_PROVEN_ADMISSION_ORDER,L_RING
CELF,FULLY_SCHEDULED,SF_S2_C09_M03,SensorFast,706,0.761596548004315,CANONICAL_INPUT_ID_NOT_PROVEN_ADMISSION_ORDER,L_RING
CELF,FULLY_SCHEDULED,SF_S2_C09_M04,SensorFast,707,0.7626752966558792,CANONICAL_INPUT_ID_NOT_PROVEN_ADMISSION_ORDER,L_RING
CELF,FULLY_SCHEDULED,SF_S2_C10_M01,SensorFast,708,0.7637540453074434,CANONICAL_INPUT_ID_NOT_PROVEN_ADMISSION_ORDER,L_RING
CELF,FULLY_SCHEDULED,SF_S2_C10_M02,SensorFast,709,0.7648327939590076,CANONICAL_INPUT_ID_NOT_PROVEN_ADMISSION_ORDER,L_RING
CELF,FULLY_SCHEDULED,SF_S2_C10_M03,SensorFast,710,0.7659115426105717,CANONICAL_INPUT_ID_NOT_PROVEN_ADMISSION_ORDER,L_RING
CELF,FULLY_SCHEDULED,SF_S2_C10_M04,SensorFast,711,0.7669902912621359,CANONICAL_INPUT_ID_NOT_PROVEN_ADMISSION_ORDER,L_RING
CELF,FULLY_SCHEDULED,SF_S2_C11_M01,SensorFast,712,0.7680690399137001,CANONICAL_INPUT_ID_NOT_PROVEN_ADMISSION_ORDER,L_RING
CELF,FULLY_SCHEDULED,SF_S2_C11_M02,SensorFast,713,0.7691477885652643,CANONICAL_INPUT_ID_NOT_PROVEN_ADMISSION_ORDER,L_RING
CELF,FULLY_SCHEDULED,SF_S2_C11_M03,SensorFast,714,0.7702265372168284,CANONICAL_INPUT_ID_NOT_PROVEN_ADMISSION_ORDER,L_RING
CELF,FULLY_SCHEDULED,SF_S2_C11_M04,SensorFast,715,0.7713052858683926,CANONICAL_INPUT_ID_NOT_PROVEN_ADMISSION_ORDER,L_RING
CELF,FULLY_SCHEDULED,SF_S2_C12_M01,SensorFast,716,0.7723840345199569,CANONICAL_INPUT_ID_NOT_PROVEN_ADMISSION_ORDER,L_RING
CELF,FULLY_SCHEDULED,SF_S2_C12_M02,SensorFast,717,0.7734627831715211,CANONICAL_INPUT_ID_NOT_PROVEN_ADMISSION_ORDER,L_RING
CELF,FULLY_SCHEDULED,SF_S2_C12_M03,SensorFast,718,0.7745415318230853,CANONICAL_INPUT_ID_NOT_PROVEN_ADMISSION_ORDER,L_RING
CELF,FULLY_SCHEDULED,SF_S2_C12_M04,SensorFast,719,0.7756202804746494,CANONICAL_INPUT_ID_NOT_PROVEN_ADMISSION_ORDER,L_RING
CELF,FULLY_SCHEDULED,SF_S2_C13_M01,SensorFast,720,0.7766990291262136,CANONICAL_INPUT_ID_NOT_PROVEN_ADMISSION_ORDER,L_RING
CELF,FULLY_SCHEDULED,SF_S2_C13_M02,SensorFast,721,0.7777777777777778,CANONICAL_INPUT_ID_NOT_PROVEN_ADMISSION_ORDER,L_RING
CELF,FULLY_SCHEDULED,SF_S2_C13_M03,SensorFast,722,0.778856526429342,CANONICAL_INPUT_ID_NOT_PROVEN_ADMISSION_ORDER,L_RING
CELF,FULLY_SCHEDULED,SF_S2_C13_M04,SensorFast,723,0.7799352750809061,CANONICAL_INPUT_ID_NOT_PROVEN_ADMISSION_ORDER,L_RING
CELF,FULLY_SCHEDULED,SF_S2_C14_M01,SensorFast,724,0.7810140237324703,CANONICAL_INPUT_ID_NOT_PROVEN_ADMISSION_ORDER,L_RING
CELF,FULLY_SCHEDULED,SF_S2_C14_M02,SensorFast,725,0.7820927723840345,CANONICAL_INPUT_ID_NOT_PROVEN_ADMISSION_ORDER,L_RING
CELF,FULLY_SCHEDULED,SF_S2_C14_M03,SensorFast,726,0.7831715210355987,CANONICAL_INPUT_ID_NOT_PROVEN_ADMISSION_ORDER,L_RING
CELF,FULLY_SCHEDULED,SF_S2_C14_M04,SensorFast,727,0.7842502696871629,CANONICAL_INPUT_ID_NOT_PROVEN_ADMISSION_ORDER,L_RING
CELF,FULLY_SCHEDULED,SF_S2_C15_M01,SensorFast,728,0.785329018338727,CANONICAL_INPUT_ID_NOT_PROVEN_ADMISSION_ORDER,L_RING
CELF,FULLY_SCHEDULED,SF_S2_C15_M02,SensorFast,729,0.7864077669902912,CANONICAL_INPUT_ID_NOT_PROVEN_ADMISSION_ORDER,L_RING
CELF,FULLY_SCHEDULED,SF_S2_C15_M03,SensorFast,730,0.7874865156418555,CANONICAL_INPUT_ID_NOT_PROVEN_ADMISSION_ORDER,L_RING
CELF,FULLY_SCHEDULED,SF_S2_C15_M04,SensorFast,731,0.7885652642934197,CANONICAL_INPUT_ID_NOT_PROVEN_ADMISSION_ORDER,L_RING
CELF,FULLY_SCHEDULED,SF_S2_C16_M01,SensorFast,732,0.7896440129449838,CANONICAL_INPUT_ID_NOT_PROVEN_ADMISSION_ORDER,L_RING
CELF,FULLY_SCHEDULED,SF_S2_C16_M02,SensorFast,733,0.790722761596548,CANONICAL_INPUT_ID_NOT_PROVEN_ADMISSION_ORDER,L_RING
CELF,FULLY_SCHEDULED,SF_S2_C16_M03,SensorFast,734,0.7918015102481122,CANONICAL_INPUT_ID_NOT_PROVEN_ADMISSION_ORDER,L_RING
CELF,FULLY_SCHEDULED,SF_S2_C16_M04,SensorFast,735,0.7928802588996764,CANONICAL_INPUT_ID_NOT_PROVEN_ADMISSION_ORDER,L_RING
CELF,FULLY_SCHEDULED,SF_S3_C01_M01,SensorFast,736,0.7939590075512406,CANONICAL_INPUT_ID_NOT_PROVEN_ADMISSION_ORDER,L_RING
CELF,FULLY_SCHEDULED,SF_S3_C01_M02,SensorFast,737,0.7950377562028047,CANONICAL_INPUT_ID_NOT_PROVEN_ADMISSION_ORDER,L_RING
CELF,FULLY_SCHEDULED,SF_S3_C01_M03,SensorFast,738,0.7961165048543689,CANONICAL_INPUT_ID_NOT_PROVEN_ADMISSION_ORDER,L_RING
CELF,FULLY_SCHEDULED,SF_S3_C01_M04,SensorFast,739,0.7971952535059331,CANONICAL_INPUT_ID_NOT_PROVEN_ADMISSION_ORDER,L_RING
CELF,FULLY_SCHEDULED,SF_S3_C02_M01,SensorFast,740,0.7982740021574973,CANONICAL_INPUT_ID_NOT_PROVEN_ADMISSION_ORDER,L_RING
CELF,FULLY_SCHEDULED,SF_S3_C02_M02,SensorFast,741,0.7993527508090615,CANONICAL_INPUT_ID_NOT_PROVEN_ADMISSION_ORDER,L_RING
CELF,FULLY_SCHEDULED,SF_S3_C02_M03,SensorFast,742,0.8004314994606256,CANONICAL_INPUT_ID_NOT_PROVEN_ADMISSION_ORDER,L_RING
CELF,FULLY_SCHEDULED,SF_S3_C02_M04,SensorFast,743,0.8015102481121898,CANONICAL_INPUT_ID_NOT_PROVEN_ADMISSION_ORDER,L_RING
CELF,FULLY_SCHEDULED,SF_S3_C03_M01,SensorFast,744,0.8025889967637541,CANONICAL_INPUT_ID_NOT_PROVEN_ADMISSION_ORDER,L_RING
CELF,FULLY_SCHEDULED,SF_S3_C03_M02,SensorFast,745,0.8036677454153183,CANONICAL_INPUT_ID_NOT_PROVEN_ADMISSION_ORDER,L_RING
CELF,FULLY_SCHEDULED,SF_S3_C03_M03,SensorFast,746,0.8047464940668824,CANONICAL_INPUT_ID_NOT_PROVEN_ADMISSION_ORDER,L_RING
CELF,FULLY_SCHEDULED,SF_S3_C03_M04,SensorFast,747,0.8058252427184466,CANONICAL_INPUT_ID_NOT_PROVEN_ADMISSION_ORDER,L_RING
CELF,FULLY_SCHEDULED,SF_S3_C04_M01,SensorFast,748,0.8069039913700108,CANONICAL_INPUT_ID_NOT_PROVEN_ADMISSION_ORDER,L_RING
CELF,FULLY_SCHEDULED,SF_S3_C04_M02,SensorFast,749,0.807982740021575,CANONICAL_INPUT_ID_NOT_PROVEN_ADMISSION_ORDER,L_RING
CELF,FULLY_SCHEDULED,SF_S3_C04_M03,SensorFast,750,0.8090614886731392,CANONICAL_INPUT_ID_NOT_PROVEN_ADMISSION_ORDER,L_RING
CELF,FULLY_SCHEDULED,SF_S3_C04_M04,SensorFast,751,0.8101402373247033,CANONICAL_INPUT_ID_NOT_PROVEN_ADMISSION_ORDER,L_RING
CELF,FULLY_SCHEDULED,SF_S3_C05_M01,SensorFast,752,0.8112189859762675,CANONICAL_INPUT_ID_NOT_PROVEN_ADMISSION_ORDER,L_RING
CELF,FULLY_SCHEDULED,SF_S3_C05_M02,SensorFast,753,0.8122977346278317,CANONICAL_INPUT_ID_NOT_PROVEN_ADMISSION_ORDER,L_RING
CELF,FULLY_SCHEDULED,SF_S3_C05_M03,SensorFast,754,0.8133764832793959,CANONICAL_INPUT_ID_NOT_PROVEN_ADMISSION_ORDER,L_RING
CELF,FULLY_SCHEDULED,SF_S3_C05_M04,SensorFast,755,0.81445523193096,CANONICAL_INPUT_ID_NOT_PROVEN_ADMISSION_ORDER,L_RING
CELF,FULLY_SCHEDULED,SF_S3_C06_M01,SensorFast,756,0.8155339805825242,CANONICAL_INPUT_ID_NOT_PROVEN_ADMISSION_ORDER,L_RING
CELF,FULLY_SCHEDULED,SF_S3_C06_M02,SensorFast,757,0.8166127292340885,CANONICAL_INPUT_ID_NOT_PROVEN_ADMISSION_ORDER,L_RING
CELF,FULLY_SCHEDULED,SF_S3_C06_M03,SensorFast,758,0.8176914778856527,CANONICAL_INPUT_ID_NOT_PROVEN_ADMISSION_ORDER,L_RING
CELF,FULLY_SCHEDULED,SF_S3_C06_M04,SensorFast,759,0.8187702265372169,CANONICAL_INPUT_ID_NOT_PROVEN_ADMISSION_ORDER,L_RING
CELF,FULLY_SCHEDULED,SF_S3_C07_M01,SensorFast,760,0.819848975188781,CANONICAL_INPUT_ID_NOT_PROVEN_ADMISSION_ORDER,L_RING
CELF,FULLY_SCHEDULED,SF_S3_C07_M02,SensorFast,761,0.8209277238403452,CANONICAL_INPUT_ID_NOT_PROVEN_ADMISSION_ORDER,L_RING
CELF,FULLY_SCHEDULED,SF_S3_C07_M03,SensorFast,762,0.8220064724919094,CANONICAL_INPUT_ID_NOT_PROVEN_ADMISSION_ORDER,L_RING
CELF,FULLY_SCHEDULED,SF_S3_C07_M04,SensorFast,763,0.8230852211434736,CANONICAL_INPUT_ID_NOT_PROVEN_ADMISSION_ORDER,L_RING
CELF,FULLY_SCHEDULED,SF_S3_C08_M01,SensorFast,764,0.8241639697950378,CANONICAL_INPUT_ID_NOT_PROVEN_ADMISSION_ORDER,L_RING
CELF,FULLY_SCHEDULED,SF_S3_C08_M02,SensorFast,765,0.8252427184466019,CANONICAL_INPUT_ID_NOT_PROVEN_ADMISSION_ORDER,L_RING
CELF,FULLY_SCHEDULED,SF_S3_C08_M03,SensorFast,766,0.8263214670981661,CANONICAL_INPUT_ID_NOT_PROVEN_ADMISSION_ORDER,L_RING
CELF,FULLY_SCHEDULED,SF_S3_C08_M04,SensorFast,767,0.8274002157497303,CANONICAL_INPUT_ID_NOT_PROVEN_ADMISSION_ORDER,L_RING
CELF,FULLY_SCHEDULED,SF_S3_C09_M01,SensorFast,768,0.8284789644012945,CANONICAL_INPUT_ID_NOT_PROVEN_ADMISSION_ORDER,L_RING
CELF,FULLY_SCHEDULED,SF_S3_C09_M02,SensorFast,769,0.8295577130528586,CANONICAL_INPUT_ID_NOT_PROVEN_ADMISSION_ORDER,L_RING
CELF,FULLY_SCHEDULED,SF_S3_C09_M03,SensorFast,770,0.8306364617044228,CANONICAL_INPUT_ID_NOT_PROVEN_ADMISSION_ORDER,L_RING
CELF,FULLY_SCHEDULED,SF_S3_C09_M04,SensorFast,771,0.8317152103559871,CANONICAL_INPUT_ID_NOT_PROVEN_ADMISSION_ORDER,L_RING
CELF,FULLY_SCHEDULED,SF_S3_C10_M01,SensorFast,772,0.8327939590075513,CANONICAL_INPUT_ID_NOT_PROVEN_ADMISSION_ORDER,L_RING
CELF,FULLY_SCHEDULED,SF_S3_C10_M02,SensorFast,773,0.8338727076591155,CANONICAL_INPUT_ID_NOT_PROVEN_ADMISSION_ORDER,L_RING
CELF,FULLY_SCHEDULED,SF_S3_C10_M03,SensorFast,774,0.8349514563106796,CANONICAL_INPUT_ID_NOT_PROVEN_ADMISSION_ORDER,L_RING
CELF,FULLY_SCHEDULED,SF_S3_C10_M04,SensorFast,775,0.8360302049622438,CANONICAL_INPUT_ID_NOT_PROVEN_ADMISSION_ORDER,L_RING
CELF,FULLY_SCHEDULED,SF_S3_C11_M01,SensorFast,776,0.837108953613808,CANONICAL_INPUT_ID_NOT_PROVEN_ADMISSION_ORDER,L_RING
CELF,FULLY_SCHEDULED,SF_S3_C11_M02,SensorFast,777,0.8381877022653722,CANONICAL_INPUT_ID_NOT_PROVEN_ADMISSION_ORDER,L_RING
CELF,FULLY_SCHEDULED,SF_S3_C11_M03,SensorFast,778,0.8392664509169363,CANONICAL_INPUT_ID_NOT_PROVEN_ADMISSION_ORDER,L_RING
CELF,FULLY_SCHEDULED,SF_S3_C11_M04,SensorFast,779,0.8403451995685005,CANONICAL_INPUT_ID_NOT_PROVEN_ADMISSION_ORDER,L_RING
CELF,FULLY_SCHEDULED,SF_S3_C12_M01,SensorFast,780,0.8414239482200647,CANONICAL_INPUT_ID_NOT_PROVEN_ADMISSION_ORDER,L_RING
CELF,FULLY_SCHEDULED,SF_S3_C12_M02,SensorFast,781,0.8425026968716289,CANONICAL_INPUT_ID_NOT_PROVEN_ADMISSION_ORDER,L_RING
CELF,FULLY_SCHEDULED,SF_S3_C12_M03,SensorFast,782,0.8435814455231931,CANONICAL_INPUT_ID_NOT_PROVEN_ADMISSION_ORDER,L_RING
CELF,FULLY_SCHEDULED,SF_S3_C12_M04,SensorFast,783,0.8446601941747572,CANONICAL_INPUT_ID_NOT_PROVEN_ADMISSION_ORDER,L_RING
CELF,FULLY_SCHEDULED,SF_S3_C13_M01,SensorFast,784,0.8457389428263214,CANONICAL_INPUT_ID_NOT_PROVEN_ADMISSION_ORDER,L_RING
CELF,FULLY_SCHEDULED,SF_S3_C13_M02,SensorFast,785,0.8468176914778857,CANONICAL_INPUT_ID_NOT_PROVEN_ADMISSION_ORDER,L_RING
CELF,FULLY_SCHEDULED,SF_S3_C13_M03,SensorFast,786,0.8478964401294499,CANONICAL_INPUT_ID_NOT_PROVEN_ADMISSION_ORDER,L_RING
CELF,FULLY_SCHEDULED,SF_S3_C13_M04,SensorFast,787,0.8489751887810141,CANONICAL_INPUT_ID_NOT_PROVEN_ADMISSION_ORDER,L_RING
CELF,FULLY_SCHEDULED,SF_S3_C14_M01,SensorFast,788,0.8500539374325782,CANONICAL_INPUT_ID_NOT_PROVEN_ADMISSION_ORDER,L_RING
CELF,FULLY_SCHEDULED,SF_S3_C14_M02,SensorFast,789,0.8511326860841424,CANONICAL_INPUT_ID_NOT_PROVEN_ADMISSION_ORDER,L_RING
CELF,FULLY_SCHEDULED,SF_S3_C14_M03,SensorFast,790,0.8522114347357066,CANONICAL_INPUT_ID_NOT_PROVEN_ADMISSION_ORDER,L_RING
CELF,FULLY_SCHEDULED,SF_S3_C14_M04,SensorFast,791,0.8532901833872708,CANONICAL_INPUT_ID_NOT_PROVEN_ADMISSION_ORDER,L_RING
CELF,FULLY_SCHEDULED,SF_S3_C15_M01,SensorFast,792,0.8543689320388349,CANONICAL_INPUT_ID_NOT_PROVEN_ADMISSION_ORDER,L_RING
CELF,FULLY_SCHEDULED,SF_S3_C15_M02,SensorFast,793,0.8554476806903991,CANONICAL_INPUT_ID_NOT_PROVEN_ADMISSION_ORDER,L_RING
CELF,FULLY_SCHEDULED,SF_S3_C15_M03,SensorFast,794,0.8565264293419633,CANONICAL_INPUT_ID_NOT_PROVEN_ADMISSION_ORDER,L_RING
CELF,FULLY_SCHEDULED,SF_S3_C15_M04,SensorFast,795,0.8576051779935275,CANONICAL_INPUT_ID_NOT_PROVEN_ADMISSION_ORDER,L_RING
CELF,FULLY_SCHEDULED,SF_S3_C16_M01,SensorFast,796,0.8586839266450917,CANONICAL_INPUT_ID_NOT_PROVEN_ADMISSION_ORDER,L_RING
CELF,FULLY_SCHEDULED,SF_S3_C16_M02,SensorFast,797,0.8597626752966558,CANONICAL_INPUT_ID_NOT_PROVEN_ADMISSION_ORDER,L_RING
CELF,FULLY_SCHEDULED,SF_S3_C16_M03,SensorFast,798,0.86084142394822,CANONICAL_INPUT_ID_NOT_PROVEN_ADMISSION_ORDER,L_RING
CELF,FULLY_SCHEDULED,SF_S3_C16_M04,SensorFast,799,0.8619201725997843,CANONICAL_INPUT_ID_NOT_PROVEN_ADMISSION_ORDER,L_RING
CELF,FULLY_SCHEDULED,SF_S4_C01_M01,SensorFast,800,0.8629989212513485,CANONICAL_INPUT_ID_NOT_PROVEN_ADMISSION_ORDER,L_RING
CELF,FULLY_SCHEDULED,SF_S4_C01_M02,SensorFast,801,0.8640776699029126,CANONICAL_INPUT_ID_NOT_PROVEN_ADMISSION_ORDER,L_RING
CELF,FULLY_SCHEDULED,SF_S4_C01_M03,SensorFast,802,0.8651564185544768,CANONICAL_INPUT_ID_NOT_PROVEN_ADMISSION_ORDER,L_RING
CELF,FULLY_SCHEDULED,SF_S4_C01_M04,SensorFast,803,0.866235167206041,CANONICAL_INPUT_ID_NOT_PROVEN_ADMISSION_ORDER,L_RING
CELF,FULLY_SCHEDULED,SF_S4_C02_M01,SensorFast,804,0.8673139158576052,CANONICAL_INPUT_ID_NOT_PROVEN_ADMISSION_ORDER,L_RING
CELF,FULLY_SCHEDULED,SF_S4_C02_M02,SensorFast,805,0.8683926645091694,CANONICAL_INPUT_ID_NOT_PROVEN_ADMISSION_ORDER,L_RING
CELF,FULLY_SCHEDULED,SF_S4_C02_M03,SensorFast,806,0.8694714131607335,CANONICAL_INPUT_ID_NOT_PROVEN_ADMISSION_ORDER,L_RING
CELF,FULLY_SCHEDULED,SF_S4_C02_M04,SensorFast,807,0.8705501618122977,CANONICAL_INPUT_ID_NOT_PROVEN_ADMISSION_ORDER,L_RING
CELF,FULLY_SCHEDULED,SF_S4_C03_M01,SensorFast,808,0.8716289104638619,CANONICAL_INPUT_ID_NOT_PROVEN_ADMISSION_ORDER,L_RING
CELF,FULLY_SCHEDULED,SF_S4_C03_M02,SensorFast,809,0.8727076591154261,CANONICAL_INPUT_ID_NOT_PROVEN_ADMISSION_ORDER,L_RING
CELF,FULLY_SCHEDULED,SF_S4_C03_M03,SensorFast,810,0.8737864077669902,CANONICAL_INPUT_ID_NOT_PROVEN_ADMISSION_ORDER,L_RING
CELF,FULLY_SCHEDULED,SF_S4_C03_M04,SensorFast,811,0.8748651564185544,CANONICAL_INPUT_ID_NOT_PROVEN_ADMISSION_ORDER,L_RING
CELF,FULLY_SCHEDULED,SF_S4_C04_M01,SensorFast,812,0.8759439050701187,CANONICAL_INPUT_ID_NOT_PROVEN_ADMISSION_ORDER,L_RING
CELF,FULLY_SCHEDULED,SF_S4_C04_M02,SensorFast,813,0.8770226537216829,CANONICAL_INPUT_ID_NOT_PROVEN_ADMISSION_ORDER,L_RING
CELF,FULLY_SCHEDULED,SF_S4_C04_M03,SensorFast,814,0.8781014023732471,CANONICAL_INPUT_ID_NOT_PROVEN_ADMISSION_ORDER,L_RING
CELF,FULLY_SCHEDULED,SF_S4_C04_M04,SensorFast,815,0.8791801510248112,CANONICAL_INPUT_ID_NOT_PROVEN_ADMISSION_ORDER,L_RING
CELF,FULLY_SCHEDULED,SF_S4_C05_M01,SensorFast,816,0.8802588996763754,CANONICAL_INPUT_ID_NOT_PROVEN_ADMISSION_ORDER,L_RING
CELF,FULLY_SCHEDULED,SF_S4_C05_M02,SensorFast,817,0.8813376483279396,CANONICAL_INPUT_ID_NOT_PROVEN_ADMISSION_ORDER,L_RING
CELF,FULLY_SCHEDULED,SF_S4_C05_M03,SensorFast,818,0.8824163969795038,CANONICAL_INPUT_ID_NOT_PROVEN_ADMISSION_ORDER,L_RING
CELF,FULLY_SCHEDULED,SF_S4_C05_M04,SensorFast,819,0.883495145631068,CANONICAL_INPUT_ID_NOT_PROVEN_ADMISSION_ORDER,L_RING
CELF,FULLY_SCHEDULED,SF_S4_C06_M01,SensorFast,820,0.8845738942826321,CANONICAL_INPUT_ID_NOT_PROVEN_ADMISSION_ORDER,L_RING
CELF,FULLY_SCHEDULED,SF_S4_C06_M02,SensorFast,821,0.8856526429341963,CANONICAL_INPUT_ID_NOT_PROVEN_ADMISSION_ORDER,L_RING
CELF,FULLY_SCHEDULED,SF_S4_C06_M03,SensorFast,822,0.8867313915857605,CANONICAL_INPUT_ID_NOT_PROVEN_ADMISSION_ORDER,L_RING
CELF,FULLY_SCHEDULED,SF_S4_C06_M04,SensorFast,823,0.8878101402373247,CANONICAL_INPUT_ID_NOT_PROVEN_ADMISSION_ORDER,L_RING
CELF,FULLY_SCHEDULED,SF_S4_C07_M01,SensorFast,824,0.8888888888888888,CANONICAL_INPUT_ID_NOT_PROVEN_ADMISSION_ORDER,L_RING
CELF,FULLY_SCHEDULED,SF_S4_C07_M02,SensorFast,825,0.889967637540453,CANONICAL_INPUT_ID_NOT_PROVEN_ADMISSION_ORDER,L_RING
CELF,FULLY_SCHEDULED,SF_S4_C07_M03,SensorFast,826,0.8910463861920173,CANONICAL_INPUT_ID_NOT_PROVEN_ADMISSION_ORDER,L_RING
CELF,FULLY_SCHEDULED,SF_S4_C07_M04,SensorFast,827,0.8921251348435815,CANONICAL_INPUT_ID_NOT_PROVEN_ADMISSION_ORDER,L_RING
CELF,FULLY_SCHEDULED,SF_S4_C08_M01,SensorFast,828,0.8932038834951457,CANONICAL_INPUT_ID_NOT_PROVEN_ADMISSION_ORDER,L_RING
CELF,FULLY_SCHEDULED,SF_S4_C08_M02,SensorFast,829,0.8942826321467098,CANONICAL_INPUT_ID_NOT_PROVEN_ADMISSION_ORDER,L_RING
CELF,FULLY_SCHEDULED,SF_S4_C08_M03,SensorFast,830,0.895361380798274,CANONICAL_INPUT_ID_NOT_PROVEN_ADMISSION_ORDER,L_RING
CELF,FULLY_SCHEDULED,SF_S4_C08_M04,SensorFast,831,0.8964401294498382,CANONICAL_INPUT_ID_NOT_PROVEN_ADMISSION_ORDER,L_RING
CELF,FULLY_SCHEDULED,SF_S4_C09_M01,SensorFast,832,0.8975188781014024,CANONICAL_INPUT_ID_NOT_PROVEN_ADMISSION_ORDER,L_RING
CELF,FULLY_SCHEDULED,SF_S4_C09_M02,SensorFast,833,0.8985976267529665,CANONICAL_INPUT_ID_NOT_PROVEN_ADMISSION_ORDER,L_RING
CELF,FULLY_SCHEDULED,SF_S4_C09_M03,SensorFast,834,0.8996763754045307,CANONICAL_INPUT_ID_NOT_PROVEN_ADMISSION_ORDER,L_RING
CELF,FULLY_SCHEDULED,SF_S4_C09_M04,SensorFast,835,0.9007551240560949,CANONICAL_INPUT_ID_NOT_PROVEN_ADMISSION_ORDER,L_RING
CELF,FULLY_SCHEDULED,SF_S4_C10_M01,SensorFast,836,0.9018338727076591,CANONICAL_INPUT_ID_NOT_PROVEN_ADMISSION_ORDER,L_RING
CELF,FULLY_SCHEDULED,SF_S4_C10_M02,SensorFast,837,0.9029126213592233,CANONICAL_INPUT_ID_NOT_PROVEN_ADMISSION_ORDER,L_RING
CELF,FULLY_SCHEDULED,SF_S4_C10_M03,SensorFast,838,0.9039913700107874,CANONICAL_INPUT_ID_NOT_PROVEN_ADMISSION_ORDER,L_RING
CELF,FULLY_SCHEDULED,SF_S4_C10_M04,SensorFast,839,0.9050701186623517,CANONICAL_INPUT_ID_NOT_PROVEN_ADMISSION_ORDER,L_RING
CELF,FULLY_SCHEDULED,SF_S4_C11_M01,SensorFast,840,0.9061488673139159,CANONICAL_INPUT_ID_NOT_PROVEN_ADMISSION_ORDER,L_RING
CELF,FULLY_SCHEDULED,SF_S4_C11_M02,SensorFast,841,0.9072276159654801,CANONICAL_INPUT_ID_NOT_PROVEN_ADMISSION_ORDER,L_RING
CELF,FULLY_SCHEDULED,SF_S4_C11_M03,SensorFast,842,0.9083063646170443,CANONICAL_INPUT_ID_NOT_PROVEN_ADMISSION_ORDER,L_RING
CELF,FULLY_SCHEDULED,SF_S4_C11_M04,SensorFast,843,0.9093851132686084,CANONICAL_INPUT_ID_NOT_PROVEN_ADMISSION_ORDER,L_RING
CELF,FULLY_SCHEDULED,SF_S4_C12_M01,SensorFast,844,0.9104638619201726,CANONICAL_INPUT_ID_NOT_PROVEN_ADMISSION_ORDER,L_RING
CELF,FULLY_SCHEDULED,SF_S4_C12_M02,SensorFast,845,0.9115426105717368,CANONICAL_INPUT_ID_NOT_PROVEN_ADMISSION_ORDER,L_RING
CELF,FULLY_SCHEDULED,SF_S4_C12_M03,SensorFast,846,0.912621359223301,CANONICAL_INPUT_ID_NOT_PROVEN_ADMISSION_ORDER,L_RING
CELF,FULLY_SCHEDULED,SF_S4_C12_M04,SensorFast,847,0.9137001078748651,CANONICAL_INPUT_ID_NOT_PROVEN_ADMISSION_ORDER,L_RING
CELF,FULLY_SCHEDULED,SF_S4_C13_M01,SensorFast,848,0.9147788565264293,CANONICAL_INPUT_ID_NOT_PROVEN_ADMISSION_ORDER,L_RING
CELF,FULLY_SCHEDULED,SF_S4_C13_M02,SensorFast,849,0.9158576051779935,CANONICAL_INPUT_ID_NOT_PROVEN_ADMISSION_ORDER,L_RING
CELF,FULLY_SCHEDULED,SF_S4_C13_M03,SensorFast,850,0.9169363538295577,CANONICAL_INPUT_ID_NOT_PROVEN_ADMISSION_ORDER,L_RING
CELF,FULLY_SCHEDULED,SF_S4_C13_M04,SensorFast,851,0.918015102481122,CANONICAL_INPUT_ID_NOT_PROVEN_ADMISSION_ORDER,L_RING
CELF,FULLY_SCHEDULED,SF_S4_C14_M01,SensorFast,852,0.919093851132686,CANONICAL_INPUT_ID_NOT_PROVEN_ADMISSION_ORDER,L_RING
CELF,FULLY_SCHEDULED,SF_S4_C14_M02,SensorFast,853,0.9201725997842503,CANONICAL_INPUT_ID_NOT_PROVEN_ADMISSION_ORDER,L_RING
CELF,FULLY_SCHEDULED,SF_S4_C14_M03,SensorFast,854,0.9212513484358145,CANONICAL_INPUT_ID_NOT_PROVEN_ADMISSION_ORDER,L_RING
CELF,FULLY_SCHEDULED,SF_S4_C14_M04,SensorFast,855,0.9223300970873787,CANONICAL_INPUT_ID_NOT_PROVEN_ADMISSION_ORDER,L_RING
CELF,FULLY_SCHEDULED,SF_S4_C15_M01,SensorFast,856,0.9234088457389428,CANONICAL_INPUT_ID_NOT_PROVEN_ADMISSION_ORDER,L_RING
CELF,FULLY_SCHEDULED,SF_S4_C15_M02,SensorFast,857,0.924487594390507,CANONICAL_INPUT_ID_NOT_PROVEN_ADMISSION_ORDER,L_RING
CELF,FULLY_SCHEDULED,SF_S4_C15_M03,SensorFast,858,0.9255663430420712,CANONICAL_INPUT_ID_NOT_PROVEN_ADMISSION_ORDER,L_RING
CELF,FULLY_SCHEDULED,SF_S4_C15_M04,SensorFast,859,0.9266450916936354,CANONICAL_INPUT_ID_NOT_PROVEN_ADMISSION_ORDER,L_RING
CELF,FULLY_SCHEDULED,SF_S4_C16_M01,SensorFast,860,0.9277238403451996,CANONICAL_INPUT_ID_NOT_PROVEN_ADMISSION_ORDER,L_RING
CELF,FULLY_SCHEDULED,SF_S4_C16_M02,SensorFast,861,0.9288025889967637,CANONICAL_INPUT_ID_NOT_PROVEN_ADMISSION_ORDER,L_RING
CELF,FULLY_SCHEDULED,SF_S4_C16_M03,SensorFast,862,0.9298813376483279,CANONICAL_INPUT_ID_NOT_PROVEN_ADMISSION_ORDER,L_RING
CELF,FULLY_SCHEDULED,SF_S4_C16_M04,SensorFast,863,0.9309600862998921,CANONICAL_INPUT_ID_NOT_PROVEN_ADMISSION_ORDER,L_RING
CELF,FULLY_SCHEDULED,STAT_PLC_C01_M01,MachineStatus,864,0.9320388349514563,CANONICAL_INPUT_ID_NOT_PROVEN_ADMISSION_ORDER,L_RING
CELF,FULLY_SCHEDULED,STAT_PLC_C01_M02,MachineStatus,865,0.9331175836030206,CANONICAL_INPUT_ID_NOT_PROVEN_ADMISSION_ORDER,L_RING
CELF,FULLY_SCHEDULED,STAT_PLC_C01_M03,MachineStatus,866,0.9341963322545846,CANONICAL_INPUT_ID_NOT_PROVEN_ADMISSION_ORDER,L_RING
CELF,FULLY_SCHEDULED,STAT_PLC_C01_M04,MachineStatus,867,0.9352750809061489,CANONICAL_INPUT_ID_NOT_PROVEN_ADMISSION_ORDER,L_RING
CELF,FULLY_SCHEDULED,STAT_PLC_C02_M01,MachineStatus,868,0.9363538295577131,CANONICAL_INPUT_ID_NOT_PROVEN_ADMISSION_ORDER,L_RING
CELF,FULLY_SCHEDULED,STAT_PLC_C02_M02,MachineStatus,869,0.9374325782092773,CANONICAL_INPUT_ID_NOT_PROVEN_ADMISSION_ORDER,L_RING
CELF,FULLY_SCHEDULED,STAT_PLC_C02_M03,MachineStatus,870,0.9385113268608414,CANONICAL_INPUT_ID_NOT_PROVEN_ADMISSION_ORDER,L_RING
CELF,FULLY_SCHEDULED,STAT_PLC_C02_M04,MachineStatus,871,0.9395900755124056,CANONICAL_INPUT_ID_NOT_PROVEN_ADMISSION_ORDER,L_RING
CELF,FULLY_SCHEDULED,STAT_PLC_C03_M01,MachineStatus,872,0.9406688241639698,CANONICAL_INPUT_ID_NOT_PROVEN_ADMISSION_ORDER,L_RING
CELF,FULLY_SCHEDULED,STAT_PLC_C03_M02,MachineStatus,873,0.941747572815534,CANONICAL_INPUT_ID_NOT_PROVEN_ADMISSION_ORDER,L_RING
CELF,FULLY_SCHEDULED,STAT_PLC_C03_M03,MachineStatus,874,0.9428263214670982,CANONICAL_INPUT_ID_NOT_PROVEN_ADMISSION_ORDER,L_RING
CELF,FULLY_SCHEDULED,STAT_PLC_C03_M04,MachineStatus,875,0.9439050701186623,CANONICAL_INPUT_ID_NOT_PROVEN_ADMISSION_ORDER,L_RING
CELF,FULLY_SCHEDULED,STAT_PLC_C04_M01,MachineStatus,876,0.9449838187702265,CANONICAL_INPUT_ID_NOT_PROVEN_ADMISSION_ORDER,L_RING
CELF,FULLY_SCHEDULED,STAT_PLC_C04_M02,MachineStatus,877,0.9460625674217907,CANONICAL_INPUT_ID_NOT_PROVEN_ADMISSION_ORDER,L_RING
CELF,FULLY_SCHEDULED,STAT_PLC_C04_M03,MachineStatus,878,0.9471413160733549,CANONICAL_INPUT_ID_NOT_PROVEN_ADMISSION_ORDER,L_RING
CELF,FULLY_SCHEDULED,STAT_PLC_C04_M04,MachineStatus,879,0.948220064724919,CANONICAL_INPUT_ID_NOT_PROVEN_ADMISSION_ORDER,L_RING
CELF,FULLY_SCHEDULED,STAT_PLC_C05_M01,MachineStatus,880,0.9492988133764833,CANONICAL_INPUT_ID_NOT_PROVEN_ADMISSION_ORDER,L_RING
CELF,FULLY_SCHEDULED,STAT_PLC_C05_M02,MachineStatus,881,0.9503775620280475,CANONICAL_INPUT_ID_NOT_PROVEN_ADMISSION_ORDER,L_RING
CELF,FULLY_SCHEDULED,STAT_PLC_C05_M03,MachineStatus,882,0.9514563106796117,CANONICAL_INPUT_ID_NOT_PROVEN_ADMISSION_ORDER,L_RING
CELF,FULLY_SCHEDULED,STAT_PLC_C05_M04,MachineStatus,883,0.9525350593311759,CANONICAL_INPUT_ID_NOT_PROVEN_ADMISSION_ORDER,L_RING
CELF,FULLY_SCHEDULED,STAT_PLC_C06_M01,MachineStatus,884,0.95361380798274,CANONICAL_INPUT_ID_NOT_PROVEN_ADMISSION_ORDER,L_RING
CELF,FULLY_SCHEDULED,STAT_PLC_C06_M02,MachineStatus,885,0.9546925566343042,CANONICAL_INPUT_ID_NOT_PROVEN_ADMISSION_ORDER,L_RING
CELF,FULLY_SCHEDULED,STAT_PLC_C06_M03,MachineStatus,886,0.9557713052858684,CANONICAL_INPUT_ID_NOT_PROVEN_ADMISSION_ORDER,L_RING
CELF,FULLY_SCHEDULED,STAT_PLC_C06_M04,MachineStatus,887,0.9568500539374326,CANONICAL_INPUT_ID_NOT_PROVEN_ADMISSION_ORDER,L_RING
CELF,FULLY_SCHEDULED,STAT_PLC_C07_M01,MachineStatus,888,0.9579288025889967,CANONICAL_INPUT_ID_NOT_PROVEN_ADMISSION_ORDER,L_RING
CELF,FULLY_SCHEDULED,STAT_PLC_C07_M02,MachineStatus,889,0.9590075512405609,CANONICAL_INPUT_ID_NOT_PROVEN_ADMISSION_ORDER,L_RING
CELF,FULLY_SCHEDULED,STAT_PLC_C07_M03,MachineStatus,890,0.9600862998921251,CANONICAL_INPUT_ID_NOT_PROVEN_ADMISSION_ORDER,L_RING
CELF,FULLY_SCHEDULED,STAT_PLC_C07_M04,MachineStatus,891,0.9611650485436893,CANONICAL_INPUT_ID_NOT_PROVEN_ADMISSION_ORDER,L_RING
CELF,FULLY_SCHEDULED,STAT_PLC_C08_M01,MachineStatus,892,0.9622437971952535,CANONICAL_INPUT_ID_NOT_PROVEN_ADMISSION_ORDER,L_RING
CELF,FULLY_SCHEDULED,STAT_PLC_C08_M02,MachineStatus,893,0.9633225458468176,CANONICAL_INPUT_ID_NOT_PROVEN_ADMISSION_ORDER,L_RING
CELF,FULLY_SCHEDULED,STAT_PLC_C08_M03,MachineStatus,894,0.9644012944983819,CANONICAL_INPUT_ID_NOT_PROVEN_ADMISSION_ORDER,L_RING
CELF,FULLY_SCHEDULED,STAT_PLC_C08_M04,MachineStatus,895,0.9654800431499461,CANONICAL_INPUT_ID_NOT_PROVEN_ADMISSION_ORDER,L_RING
CELF,FULLY_SCHEDULED,STAT_PLC_C09_M01,MachineStatus,896,0.9665587918015103,CANONICAL_INPUT_ID_NOT_PROVEN_ADMISSION_ORDER,L_RING
CELF,FULLY_SCHEDULED,STAT_PLC_C09_M02,MachineStatus,897,0.9676375404530745,CANONICAL_INPUT_ID_NOT_PROVEN_ADMISSION_ORDER,L_RING
CELF,FULLY_SCHEDULED,STAT_PLC_C09_M03,MachineStatus,898,0.9687162891046386,CANONICAL_INPUT_ID_NOT_PROVEN_ADMISSION_ORDER,L_RING
CELF,FULLY_SCHEDULED,STAT_PLC_C09_M04,MachineStatus,899,0.9697950377562028,CANONICAL_INPUT_ID_NOT_PROVEN_ADMISSION_ORDER,L_RING
CELF,FULLY_SCHEDULED,STAT_PLC_C10_M01,MachineStatus,900,0.970873786407767,CANONICAL_INPUT_ID_NOT_PROVEN_ADMISSION_ORDER,L_RING
CELF,FULLY_SCHEDULED,STAT_PLC_C10_M02,MachineStatus,901,0.9719525350593312,CANONICAL_INPUT_ID_NOT_PROVEN_ADMISSION_ORDER,L_RING
CELF,FULLY_SCHEDULED,STAT_PLC_C10_M03,MachineStatus,902,0.9730312837108953,CANONICAL_INPUT_ID_NOT_PROVEN_ADMISSION_ORDER,L_RING
CELF,FULLY_SCHEDULED,STAT_PLC_C10_M04,MachineStatus,903,0.9741100323624595,CANONICAL_INPUT_ID_NOT_PROVEN_ADMISSION_ORDER,L_RING
CELF,FULLY_SCHEDULED,STAT_PLC_C11_M01,MachineStatus,904,0.9751887810140237,CANONICAL_INPUT_ID_NOT_PROVEN_ADMISSION_ORDER,L_RING
CELF,FULLY_SCHEDULED,STAT_PLC_C11_M02,MachineStatus,905,0.9762675296655879,CANONICAL_INPUT_ID_NOT_PROVEN_ADMISSION_ORDER,L_RING
CELF,FULLY_SCHEDULED,STAT_PLC_C11_M03,MachineStatus,906,0.9773462783171522,CANONICAL_INPUT_ID_NOT_PROVEN_ADMISSION_ORDER,L_RING
CELF,FULLY_SCHEDULED,STAT_PLC_C11_M04,MachineStatus,907,0.9784250269687162,CANONICAL_INPUT_ID_NOT_PROVEN_ADMISSION_ORDER,L_RING
CELF,FULLY_SCHEDULED,STAT_PLC_C12_M01,MachineStatus,908,0.9795037756202805,CANONICAL_INPUT_ID_NOT_PROVEN_ADMISSION_ORDER,L_RING
CELF,FULLY_SCHEDULED,STAT_PLC_C12_M02,MachineStatus,909,0.9805825242718447,CANONICAL_INPUT_ID_NOT_PROVEN_ADMISSION_ORDER,L_RING
CELF,FULLY_SCHEDULED,STAT_PLC_C12_M03,MachineStatus,910,0.9816612729234089,CANONICAL_INPUT_ID_NOT_PROVEN_ADMISSION_ORDER,L_RING
CELF,FULLY_SCHEDULED,STAT_PLC_C12_M04,MachineStatus,911,0.982740021574973,CANONICAL_INPUT_ID_NOT_PROVEN_ADMISSION_ORDER,L_RING
CELF,FULLY_SCHEDULED,STAT_PLC_C13_M01,MachineStatus,912,0.9838187702265372,CANONICAL_INPUT_ID_NOT_PROVEN_ADMISSION_ORDER,L_RING
CELF,FULLY_SCHEDULED,STAT_PLC_C13_M02,MachineStatus,913,0.9848975188781014,CANONICAL_INPUT_ID_NOT_PROVEN_ADMISSION_ORDER,L_RING
CELF,FULLY_SCHEDULED,STAT_PLC_C13_M03,MachineStatus,914,0.9859762675296656,CANONICAL_INPUT_ID_NOT_PROVEN_ADMISSION_ORDER,L_RING
CELF,FULLY_SCHEDULED,STAT_PLC_C13_M04,MachineStatus,915,0.9870550161812298,CANONICAL_INPUT_ID_NOT_PROVEN_ADMISSION_ORDER,L_RING
CELF,FULLY_SCHEDULED,STAT_PLC_C14_M01,MachineStatus,916,0.9881337648327939,CANONICAL_INPUT_ID_NOT_PROVEN_ADMISSION_ORDER,L_RING
CELF,FULLY_SCHEDULED,STAT_PLC_C14_M02,MachineStatus,917,0.9892125134843581,CANONICAL_INPUT_ID_NOT_PROVEN_ADMISSION_ORDER,L_RING
CELF,FULLY_SCHEDULED,STAT_PLC_C14_M03,MachineStatus,918,0.9902912621359223,CANONICAL_INPUT_ID_NOT_PROVEN_ADMISSION_ORDER,L_RING
CELF,FULLY_SCHEDULED,STAT_PLC_C14_M04,MachineStatus,919,0.9913700107874865,CANONICAL_INPUT_ID_NOT_PROVEN_ADMISSION_ORDER,L_RING
CELF,FULLY_SCHEDULED,STAT_PLC_C15_M01,MachineStatus,920,0.9924487594390508,CANONICAL_INPUT_ID_NOT_PROVEN_ADMISSION_ORDER,L_RING
CELF,FULLY_SCHEDULED,STAT_PLC_C15_M02,MachineStatus,921,0.9935275080906149,CANONICAL_INPUT_ID_NOT_PROVEN_ADMISSION_ORDER,L_RING
CELF,FULLY_SCHEDULED,STAT_PLC_C15_M03,MachineStatus,922,0.9946062567421791,CANONICAL_INPUT_ID_NOT_PROVEN_ADMISSION_ORDER,L_RING
CELF,FULLY_SCHEDULED,STAT_PLC_C15_M04,MachineStatus,923,0.9956850053937433,CANONICAL_INPUT_ID_NOT_PROVEN_ADMISSION_ORDER,L_RING
CELF,FULLY_SCHEDULED,STAT_PLC_C16_M01,MachineStatus,924,0.9967637540453075,CANONICAL_INPUT_ID_NOT_PROVEN_ADMISSION_ORDER,L_RING
CELF,FULLY_SCHEDULED,STAT_PLC_C16_M02,MachineStatus,925,0.9978425026968716,CANONICAL_INPUT_ID_NOT_PROVEN_ADMISSION_ORDER,L_RING
CELF,FULLY_SCHEDULED,STAT_PLC_C16_M03,MachineStatus,926,0.9989212513484358,CANONICAL_INPUT_ID_NOT_PROVEN_ADMISSION_ORDER,L_RING
CELF,FULLY_SCHEDULED,STAT_PLC_C16_M04,MachineStatus,927,1.0,CANONICAL_INPUT_ID_NOT_PROVEN_ADMISSION_ORDER,L_RING
H2S,FULLY_SCHEDULED,CMD_PLC_C01_M01_A1_C01_M01,ControlCommand,0,0.0,CANONICAL_INPUT_ID_NOT_PROVEN_ADMISSION_ORDER,L_REDSTAR
H2S,FULLY_SCHEDULED,CMD_PLC_C01_M01_A2_C01_M01,ControlCommand,1,0.0010787486515641855,CANONICAL_INPUT_ID_NOT_PROVEN_ADMISSION_ORDER,L_REDSTAR
H2S,FULLY_SCHEDULED,CMD_PLC_C01_M01_A3_C01_M01,ControlCommand,2,0.002157497303128371,CANONICAL_INPUT_ID_NOT_PROVEN_ADMISSION_ORDER,L_REDSTAR
H2S,FULLY_SCHEDULED,CMD_PLC_C01_M01_A4_C01_M01,ControlCommand,3,0.003236245954692557,CANONICAL_INPUT_ID_NOT_PROVEN_ADMISSION_ORDER,L_REDSTAR
H2S,FULLY_SCHEDULED,CMD_PLC_C01_M02_A1_C01_M02,ControlCommand,4,0.004314994606256742,CANONICAL_INPUT_ID_NOT_PROVEN_ADMISSION_ORDER,L_REDSTAR
H2S,FULLY_SCHEDULED,CMD_PLC_C01_M02_A2_C01_M02,ControlCommand,5,0.005393743257820928,CANONICAL_INPUT_ID_NOT_PROVEN_ADMISSION_ORDER,L_REDSTAR
H2S,FULLY_SCHEDULED,CMD_PLC_C01_M02_A3_C01_M02,ControlCommand,6,0.006472491909385114,CANONICAL_INPUT_ID_NOT_PROVEN_ADMISSION_ORDER,L_REDSTAR
H2S,FULLY_SCHEDULED,CMD_PLC_C01_M02_A4_C01_M02,ControlCommand,7,0.007551240560949299,CANONICAL_INPUT_ID_NOT_PROVEN_ADMISSION_ORDER,L_REDSTAR
H2S,FULLY_SCHEDULED,CMD_PLC_C01_M03_A1_C01_M03,ControlCommand,8,0.008629989212513484,CANONICAL_INPUT_ID_NOT_PROVEN_ADMISSION_ORDER,L_REDSTAR
H2S,FULLY_SCHEDULED,CMD_PLC_C01_M03_A2_C01_M03,ControlCommand,9,0.009708737864077669,CANONICAL_INPUT_ID_NOT_PROVEN_ADMISSION_ORDER,L_REDSTAR
H2S,FULLY_SCHEDULED,CMD_PLC_C01_M03_A3_C01_M03,ControlCommand,10,0.010787486515641856,CANONICAL_INPUT_ID_NOT_PROVEN_ADMISSION_ORDER,L_REDSTAR
H2S,FULLY_SCHEDULED,CMD_PLC_C01_M03_A4_C01_M03,ControlCommand,11,0.011866235167206042,CANONICAL_INPUT_ID_NOT_PROVEN_ADMISSION_ORDER,L_REDSTAR
H2S,FULLY_SCHEDULED,CMD_PLC_C01_M04_A1_C01_M04,ControlCommand,12,0.012944983818770227,CANONICAL_INPUT_ID_NOT_PROVEN_ADMISSION_ORDER,L_REDSTAR
H2S,FULLY_SCHEDULED,CMD_PLC_C01_M04_A2_C01_M04,ControlCommand,13,0.014023732470334413,CANONICAL_INPUT_ID_NOT_PROVEN_ADMISSION_ORDER,L_REDSTAR
H2S,FULLY_SCHEDULED,CMD_PLC_C01_M04_A3_C01_M04,ControlCommand,14,0.015102481121898598,CANONICAL_INPUT_ID_NOT_PROVEN_ADMISSION_ORDER,L_REDSTAR
H2S,FULLY_SCHEDULED,CMD_PLC_C01_M04_A4_C01_M04,ControlCommand,15,0.016181229773462782,CANONICAL_INPUT_ID_NOT_PROVEN_ADMISSION_ORDER,L_REDSTAR
H2S,FULLY_SCHEDULED,CMD_PLC_C02_M01_A1_C02_M01,ControlCommand,16,0.017259978425026967,CANONICAL_INPUT_ID_NOT_PROVEN_ADMISSION_ORDER,L_REDSTAR
H2S,FULLY_SCHEDULED,CMD_PLC_C02_M01_A2_C02_M01,ControlCommand,17,0.018338727076591153,CANONICAL_INPUT_ID_NOT_PROVEN_ADMISSION_ORDER,L_REDSTAR
H2S,FULLY_SCHEDULED,CMD_PLC_C02_M01_A3_C02_M01,ControlCommand,18,0.019417475728155338,CANONICAL_INPUT_ID_NOT_PROVEN_ADMISSION_ORDER,L_REDSTAR
H2S,FULLY_SCHEDULED,CMD_PLC_C02_M01_A4_C02_M01,ControlCommand,19,0.020496224379719527,CANONICAL_INPUT_ID_NOT_PROVEN_ADMISSION_ORDER,L_REDSTAR
H2S,FULLY_SCHEDULED,CMD_PLC_C02_M02_A1_C02_M02,ControlCommand,20,0.021574973031283712,CANONICAL_INPUT_ID_NOT_PROVEN_ADMISSION_ORDER,L_REDSTAR
H2S,FULLY_SCHEDULED,CMD_PLC_C02_M02_A2_C02_M02,ControlCommand,21,0.022653721682847898,CANONICAL_INPUT_ID_NOT_PROVEN_ADMISSION_ORDER,L_REDSTAR
H2S,FULLY_SCHEDULED,CMD_PLC_C02_M02_A3_C02_M02,ControlCommand,22,0.023732470334412083,CANONICAL_INPUT_ID_NOT_PROVEN_ADMISSION_ORDER,L_REDSTAR
H2S,FULLY_SCHEDULED,CMD_PLC_C02_M02_A4_C02_M02,ControlCommand,23,0.02481121898597627,CANONICAL_INPUT_ID_NOT_PROVEN_ADMISSION_ORDER,L_REDSTAR
H2S,FULLY_SCHEDULED,CMD_PLC_C02_M03_A1_C02_M03,ControlCommand,24,0.025889967637540454,CANONICAL_INPUT_ID_NOT_PROVEN_ADMISSION_ORDER,L_REDSTAR
H2S,FULLY_SCHEDULED,CMD_PLC_C02_M03_A2_C02_M03,ControlCommand,25,0.02696871628910464,CANONICAL_INPUT_ID_NOT_PROVEN_ADMISSION_ORDER,L_REDSTAR
H2S,FULLY_SCHEDULED,CMD_PLC_C02_M03_A3_C02_M03,ControlCommand,26,0.028047464940668825,CANONICAL_INPUT_ID_NOT_PROVEN_ADMISSION_ORDER,L_REDSTAR
H2S,FULLY_SCHEDULED,CMD_PLC_C02_M03_A4_C02_M03,ControlCommand,27,0.02912621359223301,CANONICAL_INPUT_ID_NOT_PROVEN_ADMISSION_ORDER,L_REDSTAR
H2S,FULLY_SCHEDULED,CMD_PLC_C02_M04_A1_C02_M04,ControlCommand,28,0.030204962243797196,CANONICAL_INPUT_ID_NOT_PROVEN_ADMISSION_ORDER,L_REDSTAR
H2S,FULLY_SCHEDULED,CMD_PLC_C02_M04_A2_C02_M04,ControlCommand,29,0.03128371089536138,CANONICAL_INPUT_ID_NOT_PROVEN_ADMISSION_ORDER,L_REDSTAR
H2S,FULLY_SCHEDULED,CMD_PLC_C02_M04_A3_C02_M04,ControlCommand,30,0.032362459546925564,CANONICAL_INPUT_ID_NOT_PROVEN_ADMISSION_ORDER,L_REDSTAR
H2S,ZERO_SCHEDULED,CMD_PLC_C02_M04_A4_C02_M04,ControlCommand,31,0.03344120819848975,CANONICAL_INPUT_ID_NOT_PROVEN_ADMISSION_ORDER,L_REDSTAR
H2S,FULLY_SCHEDULED,CMD_PLC_C03_M01_A1_C03_M01,ControlCommand,32,0.034519956850053934,CANONICAL_INPUT_ID_NOT_PROVEN_ADMISSION_ORDER,L_REDSTAR
H2S,FULLY_SCHEDULED,CMD_PLC_C03_M01_A2_C03_M01,ControlCommand,33,0.03559870550161812,CANONICAL_INPUT_ID_NOT_PROVEN_ADMISSION_ORDER,L_REDSTAR
H2S,FULLY_SCHEDULED,CMD_PLC_C03_M01_A3_C03_M01,ControlCommand,34,0.036677454153182305,CANONICAL_INPUT_ID_NOT_PROVEN_ADMISSION_ORDER,L_REDSTAR
H2S,FULLY_SCHEDULED,CMD_PLC_C03_M01_A4_C03_M01,ControlCommand,35,0.037756202804746494,CANONICAL_INPUT_ID_NOT_PROVEN_ADMISSION_ORDER,L_REDSTAR
H2S,FULLY_SCHEDULED,CMD_PLC_C03_M02_A1_C03_M02,ControlCommand,36,0.038834951456310676,CANONICAL_INPUT_ID_NOT_PROVEN_ADMISSION_ORDER,L_REDSTAR
H2S,FULLY_SCHEDULED,CMD_PLC_C03_M02_A2_C03_M02,ControlCommand,37,0.039913700107874865,CANONICAL_INPUT_ID_NOT_PROVEN_ADMISSION_ORDER,L_REDSTAR
H2S,FULLY_SCHEDULED,CMD_PLC_C03_M02_A3_C03_M02,ControlCommand,38,0.040992448759439054,CANONICAL_INPUT_ID_NOT_PROVEN_ADMISSION_ORDER,L_REDSTAR
H2S,FULLY_SCHEDULED,CMD_PLC_C03_M02_A4_C03_M02,ControlCommand,39,0.042071197411003236,CANONICAL_INPUT_ID_NOT_PROVEN_ADMISSION_ORDER,L_REDSTAR
H2S,FULLY_SCHEDULED,CMD_PLC_C03_M03_A1_C03_M03,ControlCommand,40,0.043149946062567425,CANONICAL_INPUT_ID_NOT_PROVEN_ADMISSION_ORDER,L_REDSTAR
H2S,FULLY_SCHEDULED,CMD_PLC_C03_M03_A2_C03_M03,ControlCommand,41,0.04422869471413161,CANONICAL_INPUT_ID_NOT_PROVEN_ADMISSION_ORDER,L_REDSTAR
H2S,FULLY_SCHEDULED,CMD_PLC_C03_M03_A3_C03_M03,ControlCommand,42,0.045307443365695796,CANONICAL_INPUT_ID_NOT_PROVEN_ADMISSION_ORDER,L_REDSTAR
H2S,FULLY_SCHEDULED,CMD_PLC_C03_M03_A4_C03_M03,ControlCommand,43,0.04638619201725998,CANONICAL_INPUT_ID_NOT_PROVEN_ADMISSION_ORDER,L_REDSTAR
H2S,FULLY_SCHEDULED,CMD_PLC_C03_M04_A1_C03_M04,ControlCommand,44,0.04746494066882417,CANONICAL_INPUT_ID_NOT_PROVEN_ADMISSION_ORDER,L_REDSTAR
H2S,FULLY_SCHEDULED,CMD_PLC_C03_M04_A2_C03_M04,ControlCommand,45,0.04854368932038835,CANONICAL_INPUT_ID_NOT_PROVEN_ADMISSION_ORDER,L_REDSTAR
H2S,FULLY_SCHEDULED,CMD_PLC_C03_M04_A3_C03_M04,ControlCommand,46,0.04962243797195254,CANONICAL_INPUT_ID_NOT_PROVEN_ADMISSION_ORDER,L_REDSTAR
H2S,FULLY_SCHEDULED,CMD_PLC_C03_M04_A4_C03_M04,ControlCommand,47,0.05070118662351672,CANONICAL_INPUT_ID_NOT_PROVEN_ADMISSION_ORDER,L_REDSTAR
H2S,FULLY_SCHEDULED,CMD_PLC_C04_M01_A1_C04_M01,ControlCommand,48,0.05177993527508091,CANONICAL_INPUT_ID_NOT_PROVEN_ADMISSION_ORDER,L_REDSTAR
H2S,FULLY_SCHEDULED,CMD_PLC_C04_M01_A2_C04_M01,ControlCommand,49,0.05285868392664509,CANONICAL_INPUT_ID_NOT_PROVEN_ADMISSION_ORDER,L_REDSTAR
H2S,FULLY_SCHEDULED,CMD_PLC_C04_M01_A3_C04_M01,ControlCommand,50,0.05393743257820928,CANONICAL_INPUT_ID_NOT_PROVEN_ADMISSION_ORDER,L_REDSTAR
H2S,FULLY_SCHEDULED,CMD_PLC_C04_M01_A4_C04_M01,ControlCommand,51,0.05501618122977346,CANONICAL_INPUT_ID_NOT_PROVEN_ADMISSION_ORDER,L_REDSTAR
H2S,FULLY_SCHEDULED,CMD_PLC_C04_M02_A1_C04_M02,ControlCommand,52,0.05609492988133765,CANONICAL_INPUT_ID_NOT_PROVEN_ADMISSION_ORDER,L_REDSTAR
H2S,FULLY_SCHEDULED,CMD_PLC_C04_M02_A2_C04_M02,ControlCommand,53,0.05717367853290183,CANONICAL_INPUT_ID_NOT_PROVEN_ADMISSION_ORDER,L_REDSTAR
H2S,FULLY_SCHEDULED,CMD_PLC_C04_M02_A3_C04_M02,ControlCommand,54,0.05825242718446602,CANONICAL_INPUT_ID_NOT_PROVEN_ADMISSION_ORDER,L_REDSTAR
H2S,FULLY_SCHEDULED,CMD_PLC_C04_M02_A4_C04_M02,ControlCommand,55,0.0593311758360302,CANONICAL_INPUT_ID_NOT_PROVEN_ADMISSION_ORDER,L_REDSTAR
H2S,FULLY_SCHEDULED,CMD_PLC_C04_M03_A1_C04_M03,ControlCommand,56,0.06040992448759439,CANONICAL_INPUT_ID_NOT_PROVEN_ADMISSION_ORDER,L_REDSTAR
H2S,FULLY_SCHEDULED,CMD_PLC_C04_M03_A2_C04_M03,ControlCommand,57,0.061488673139158574,CANONICAL_INPUT_ID_NOT_PROVEN_ADMISSION_ORDER,L_REDSTAR
H2S,FULLY_SCHEDULED,CMD_PLC_C04_M03_A3_C04_M03,ControlCommand,58,0.06256742179072276,CANONICAL_INPUT_ID_NOT_PROVEN_ADMISSION_ORDER,L_REDSTAR
H2S,FULLY_SCHEDULED,CMD_PLC_C04_M03_A4_C04_M03,ControlCommand,59,0.06364617044228695,CANONICAL_INPUT_ID_NOT_PROVEN_ADMISSION_ORDER,L_REDSTAR
H2S,FULLY_SCHEDULED,CMD_PLC_C04_M04_A1_C04_M04,ControlCommand,60,0.06472491909385113,CANONICAL_INPUT_ID_NOT_PROVEN_ADMISSION_ORDER,L_REDSTAR
H2S,FULLY_SCHEDULED,CMD_PLC_C04_M04_A2_C04_M04,ControlCommand,61,0.06580366774541532,CANONICAL_INPUT_ID_NOT_PROVEN_ADMISSION_ORDER,L_REDSTAR
H2S,FULLY_SCHEDULED,CMD_PLC_C04_M04_A3_C04_M04,ControlCommand,62,0.0668824163969795,CANONICAL_INPUT_ID_NOT_PROVEN_ADMISSION_ORDER,L_REDSTAR
H2S,FULLY_SCHEDULED,CMD_PLC_C04_M04_A4_C04_M04,ControlCommand,63,0.06796116504854369,CANONICAL_INPUT_ID_NOT_PROVEN_ADMISSION_ORDER,L_REDSTAR
H2S,FULLY_SCHEDULED,CMD_PLC_C05_M01_A1_C05_M01,ControlCommand,64,0.06903991370010787,CANONICAL_INPUT_ID_NOT_PROVEN_ADMISSION_ORDER,L_REDSTAR
H2S,FULLY_SCHEDULED,CMD_PLC_C05_M01_A2_C05_M01,ControlCommand,65,0.07011866235167206,CANONICAL_INPUT_ID_NOT_PROVEN_ADMISSION_ORDER,L_REDSTAR
H2S,FULLY_SCHEDULED,CMD_PLC_C05_M01_A3_C05_M01,ControlCommand,66,0.07119741100323625,CANONICAL_INPUT_ID_NOT_PROVEN_ADMISSION_ORDER,L_REDSTAR
H2S,FULLY_SCHEDULED,CMD_PLC_C05_M01_A4_C05_M01,ControlCommand,67,0.07227615965480043,CANONICAL_INPUT_ID_NOT_PROVEN_ADMISSION_ORDER,L_REDSTAR
H2S,FULLY_SCHEDULED,CMD_PLC_C05_M02_A1_C05_M02,ControlCommand,68,0.07335490830636461,CANONICAL_INPUT_ID_NOT_PROVEN_ADMISSION_ORDER,L_REDSTAR
H2S,FULLY_SCHEDULED,CMD_PLC_C05_M02_A2_C05_M02,ControlCommand,69,0.0744336569579288,CANONICAL_INPUT_ID_NOT_PROVEN_ADMISSION_ORDER,L_REDSTAR
H2S,FULLY_SCHEDULED,CMD_PLC_C05_M02_A3_C05_M02,ControlCommand,70,0.07551240560949299,CANONICAL_INPUT_ID_NOT_PROVEN_ADMISSION_ORDER,L_REDSTAR
H2S,FULLY_SCHEDULED,CMD_PLC_C05_M02_A4_C05_M02,ControlCommand,71,0.07659115426105717,CANONICAL_INPUT_ID_NOT_PROVEN_ADMISSION_ORDER,L_REDSTAR
H2S,FULLY_SCHEDULED,CMD_PLC_C05_M03_A1_C05_M03,ControlCommand,72,0.07766990291262135,CANONICAL_INPUT_ID_NOT_PROVEN_ADMISSION_ORDER,L_REDSTAR
H2S,FULLY_SCHEDULED,CMD_PLC_C05_M03_A2_C05_M03,ControlCommand,73,0.07874865156418555,CANONICAL_INPUT_ID_NOT_PROVEN_ADMISSION_ORDER,L_REDSTAR
H2S,FULLY_SCHEDULED,CMD_PLC_C05_M03_A3_C05_M03,ControlCommand,74,0.07982740021574973,CANONICAL_INPUT_ID_NOT_PROVEN_ADMISSION_ORDER,L_REDSTAR
H2S,FULLY_SCHEDULED,CMD_PLC_C05_M03_A4_C05_M03,ControlCommand,75,0.08090614886731391,CANONICAL_INPUT_ID_NOT_PROVEN_ADMISSION_ORDER,L_REDSTAR
H2S,FULLY_SCHEDULED,CMD_PLC_C05_M04_A1_C05_M04,ControlCommand,76,0.08198489751887811,CANONICAL_INPUT_ID_NOT_PROVEN_ADMISSION_ORDER,L_REDSTAR
H2S,FULLY_SCHEDULED,CMD_PLC_C05_M04_A2_C05_M04,ControlCommand,77,0.08306364617044229,CANONICAL_INPUT_ID_NOT_PROVEN_ADMISSION_ORDER,L_REDSTAR
H2S,FULLY_SCHEDULED,CMD_PLC_C05_M04_A3_C05_M04,ControlCommand,78,0.08414239482200647,CANONICAL_INPUT_ID_NOT_PROVEN_ADMISSION_ORDER,L_REDSTAR
H2S,FULLY_SCHEDULED,CMD_PLC_C05_M04_A4_C05_M04,ControlCommand,79,0.08522114347357065,CANONICAL_INPUT_ID_NOT_PROVEN_ADMISSION_ORDER,L_REDSTAR
H2S,FULLY_SCHEDULED,CMD_PLC_C06_M01_A1_C06_M01,ControlCommand,80,0.08629989212513485,CANONICAL_INPUT_ID_NOT_PROVEN_ADMISSION_ORDER,L_REDSTAR
H2S,FULLY_SCHEDULED,CMD_PLC_C06_M01_A2_C06_M01,ControlCommand,81,0.08737864077669903,CANONICAL_INPUT_ID_NOT_PROVEN_ADMISSION_ORDER,L_REDSTAR
H2S,FULLY_SCHEDULED,CMD_PLC_C06_M01_A3_C06_M01,ControlCommand,82,0.08845738942826321,CANONICAL_INPUT_ID_NOT_PROVEN_ADMISSION_ORDER,L_REDSTAR
H2S,FULLY_SCHEDULED,CMD_PLC_C06_M01_A4_C06_M01,ControlCommand,83,0.0895361380798274,CANONICAL_INPUT_ID_NOT_PROVEN_ADMISSION_ORDER,L_REDSTAR
H2S,FULLY_SCHEDULED,CMD_PLC_C06_M02_A1_C06_M02,ControlCommand,84,0.09061488673139159,CANONICAL_INPUT_ID_NOT_PROVEN_ADMISSION_ORDER,L_REDSTAR
H2S,ZERO_SCHEDULED,CMD_PLC_C06_M02_A2_C06_M02,ControlCommand,85,0.09169363538295577,CANONICAL_INPUT_ID_NOT_PROVEN_ADMISSION_ORDER,L_REDSTAR
H2S,FULLY_SCHEDULED,CMD_PLC_C06_M02_A3_C06_M02,ControlCommand,86,0.09277238403451996,CANONICAL_INPUT_ID_NOT_PROVEN_ADMISSION_ORDER,L_REDSTAR
H2S,ZERO_SCHEDULED,CMD_PLC_C06_M02_A4_C06_M02,ControlCommand,87,0.09385113268608414,CANONICAL_INPUT_ID_NOT_PROVEN_ADMISSION_ORDER,L_REDSTAR
H2S,FULLY_SCHEDULED,CMD_PLC_C06_M03_A1_C06_M03,ControlCommand,88,0.09492988133764833,CANONICAL_INPUT_ID_NOT_PROVEN_ADMISSION_ORDER,L_REDSTAR
H2S,FULLY_SCHEDULED,CMD_PLC_C06_M03_A2_C06_M03,ControlCommand,89,0.09600862998921252,CANONICAL_INPUT_ID_NOT_PROVEN_ADMISSION_ORDER,L_REDSTAR
H2S,FULLY_SCHEDULED,CMD_PLC_C06_M03_A3_C06_M03,ControlCommand,90,0.0970873786407767,CANONICAL_INPUT_ID_NOT_PROVEN_ADMISSION_ORDER,L_REDSTAR
H2S,FULLY_SCHEDULED,CMD_PLC_C06_M03_A4_C06_M03,ControlCommand,91,0.09816612729234088,CANONICAL_INPUT_ID_NOT_PROVEN_ADMISSION_ORDER,L_REDSTAR
H2S,FULLY_SCHEDULED,CMD_PLC_C06_M04_A1_C06_M04,ControlCommand,92,0.09924487594390508,CANONICAL_INPUT_ID_NOT_PROVEN_ADMISSION_ORDER,L_REDSTAR
H2S,FULLY_SCHEDULED,CMD_PLC_C06_M04_A2_C06_M04,ControlCommand,93,0.10032362459546926,CANONICAL_INPUT_ID_NOT_PROVEN_ADMISSION_ORDER,L_REDSTAR
H2S,FULLY_SCHEDULED,CMD_PLC_C06_M04_A3_C06_M04,ControlCommand,94,0.10140237324703344,CANONICAL_INPUT_ID_NOT_PROVEN_ADMISSION_ORDER,L_REDSTAR
H2S,FULLY_SCHEDULED,CMD_PLC_C06_M04_A4_C06_M04,ControlCommand,95,0.10248112189859762,CANONICAL_INPUT_ID_NOT_PROVEN_ADMISSION_ORDER,L_REDSTAR
H2S,FULLY_SCHEDULED,CMD_PLC_C07_M01_A1_C07_M01,ControlCommand,96,0.10355987055016182,CANONICAL_INPUT_ID_NOT_PROVEN_ADMISSION_ORDER,L_REDSTAR
H2S,FULLY_SCHEDULED,CMD_PLC_C07_M01_A2_C07_M01,ControlCommand,97,0.104638619201726,CANONICAL_INPUT_ID_NOT_PROVEN_ADMISSION_ORDER,L_REDSTAR
H2S,FULLY_SCHEDULED,CMD_PLC_C07_M01_A3_C07_M01,ControlCommand,98,0.10571736785329018,CANONICAL_INPUT_ID_NOT_PROVEN_ADMISSION_ORDER,L_REDSTAR
H2S,FULLY_SCHEDULED,CMD_PLC_C07_M01_A4_C07_M01,ControlCommand,99,0.10679611650485436,CANONICAL_INPUT_ID_NOT_PROVEN_ADMISSION_ORDER,L_REDSTAR
H2S,FULLY_SCHEDULED,CMD_PLC_C07_M02_A1_C07_M02,ControlCommand,100,0.10787486515641856,CANONICAL_INPUT_ID_NOT_PROVEN_ADMISSION_ORDER,L_REDSTAR
H2S,FULLY_SCHEDULED,CMD_PLC_C07_M02_A2_C07_M02,ControlCommand,101,0.10895361380798274,CANONICAL_INPUT_ID_NOT_PROVEN_ADMISSION_ORDER,L_REDSTAR
H2S,FULLY_SCHEDULED,CMD_PLC_C07_M02_A3_C07_M02,ControlCommand,102,0.11003236245954692,CANONICAL_INPUT_ID_NOT_PROVEN_ADMISSION_ORDER,L_REDSTAR
H2S,FULLY_SCHEDULED,CMD_PLC_C07_M02_A4_C07_M02,ControlCommand,103,0.1111111111111111,CANONICAL_INPUT_ID_NOT_PROVEN_ADMISSION_ORDER,L_REDSTAR
H2S,FULLY_SCHEDULED,CMD_PLC_C07_M03_A1_C07_M03,ControlCommand,104,0.1121898597626753,CANONICAL_INPUT_ID_NOT_PROVEN_ADMISSION_ORDER,L_REDSTAR
H2S,FULLY_SCHEDULED,CMD_PLC_C07_M03_A2_C07_M03,ControlCommand,105,0.11326860841423948,CANONICAL_INPUT_ID_NOT_PROVEN_ADMISSION_ORDER,L_REDSTAR
H2S,FULLY_SCHEDULED,CMD_PLC_C07_M03_A3_C07_M03,ControlCommand,106,0.11434735706580366,CANONICAL_INPUT_ID_NOT_PROVEN_ADMISSION_ORDER,L_REDSTAR
H2S,FULLY_SCHEDULED,CMD_PLC_C07_M03_A4_C07_M03,ControlCommand,107,0.11542610571736785,CANONICAL_INPUT_ID_NOT_PROVEN_ADMISSION_ORDER,L_REDSTAR
H2S,FULLY_SCHEDULED,CMD_PLC_C07_M04_A1_C07_M04,ControlCommand,108,0.11650485436893204,CANONICAL_INPUT_ID_NOT_PROVEN_ADMISSION_ORDER,L_REDSTAR
H2S,FULLY_SCHEDULED,CMD_PLC_C07_M04_A2_C07_M04,ControlCommand,109,0.11758360302049622,CANONICAL_INPUT_ID_NOT_PROVEN_ADMISSION_ORDER,L_REDSTAR
H2S,FULLY_SCHEDULED,CMD_PLC_C07_M04_A3_C07_M04,ControlCommand,110,0.1186623516720604,CANONICAL_INPUT_ID_NOT_PROVEN_ADMISSION_ORDER,L_REDSTAR
H2S,FULLY_SCHEDULED,CMD_PLC_C07_M04_A4_C07_M04,ControlCommand,111,0.11974110032362459,CANONICAL_INPUT_ID_NOT_PROVEN_ADMISSION_ORDER,L_REDSTAR
H2S,FULLY_SCHEDULED,CMD_PLC_C08_M01_A1_C08_M01,ControlCommand,112,0.12081984897518878,CANONICAL_INPUT_ID_NOT_PROVEN_ADMISSION_ORDER,L_REDSTAR
H2S,FULLY_SCHEDULED,CMD_PLC_C08_M01_A2_C08_M01,ControlCommand,113,0.12189859762675297,CANONICAL_INPUT_ID_NOT_PROVEN_ADMISSION_ORDER,L_REDSTAR
H2S,FULLY_SCHEDULED,CMD_PLC_C08_M01_A3_C08_M01,ControlCommand,114,0.12297734627831715,CANONICAL_INPUT_ID_NOT_PROVEN_ADMISSION_ORDER,L_REDSTAR
H2S,FULLY_SCHEDULED,CMD_PLC_C08_M01_A4_C08_M01,ControlCommand,115,0.12405609492988134,CANONICAL_INPUT_ID_NOT_PROVEN_ADMISSION_ORDER,L_REDSTAR
H2S,FULLY_SCHEDULED,CMD_PLC_C08_M02_A1_C08_M02,ControlCommand,116,0.12513484358144553,CANONICAL_INPUT_ID_NOT_PROVEN_ADMISSION_ORDER,L_REDSTAR
H2S,FULLY_SCHEDULED,CMD_PLC_C08_M02_A2_C08_M02,ControlCommand,117,0.1262135922330097,CANONICAL_INPUT_ID_NOT_PROVEN_ADMISSION_ORDER,L_REDSTAR
H2S,FULLY_SCHEDULED,CMD_PLC_C08_M02_A3_C08_M02,ControlCommand,118,0.1272923408845739,CANONICAL_INPUT_ID_NOT_PROVEN_ADMISSION_ORDER,L_REDSTAR
H2S,FULLY_SCHEDULED,CMD_PLC_C08_M02_A4_C08_M02,ControlCommand,119,0.12837108953613807,CANONICAL_INPUT_ID_NOT_PROVEN_ADMISSION_ORDER,L_REDSTAR
H2S,FULLY_SCHEDULED,CMD_PLC_C08_M03_A1_C08_M03,ControlCommand,120,0.12944983818770225,CANONICAL_INPUT_ID_NOT_PROVEN_ADMISSION_ORDER,L_REDSTAR
H2S,FULLY_SCHEDULED,CMD_PLC_C08_M03_A2_C08_M03,ControlCommand,121,0.13052858683926646,CANONICAL_INPUT_ID_NOT_PROVEN_ADMISSION_ORDER,L_REDSTAR
H2S,FULLY_SCHEDULED,CMD_PLC_C08_M03_A3_C08_M03,ControlCommand,122,0.13160733549083065,CANONICAL_INPUT_ID_NOT_PROVEN_ADMISSION_ORDER,L_REDSTAR
H2S,FULLY_SCHEDULED,CMD_PLC_C08_M03_A4_C08_M03,ControlCommand,123,0.13268608414239483,CANONICAL_INPUT_ID_NOT_PROVEN_ADMISSION_ORDER,L_REDSTAR
H2S,FULLY_SCHEDULED,CMD_PLC_C08_M04_A1_C08_M04,ControlCommand,124,0.133764832793959,CANONICAL_INPUT_ID_NOT_PROVEN_ADMISSION_ORDER,L_REDSTAR
H2S,FULLY_SCHEDULED,CMD_PLC_C08_M04_A2_C08_M04,ControlCommand,125,0.1348435814455232,CANONICAL_INPUT_ID_NOT_PROVEN_ADMISSION_ORDER,L_REDSTAR
H2S,FULLY_SCHEDULED,CMD_PLC_C08_M04_A3_C08_M04,ControlCommand,126,0.13592233009708737,CANONICAL_INPUT_ID_NOT_PROVEN_ADMISSION_ORDER,L_REDSTAR
H2S,FULLY_SCHEDULED,CMD_PLC_C08_M04_A4_C08_M04,ControlCommand,127,0.13700107874865156,CANONICAL_INPUT_ID_NOT_PROVEN_ADMISSION_ORDER,L_REDSTAR
H2S,FULLY_SCHEDULED,CMD_PLC_C09_M01_A1_C09_M01,ControlCommand,128,0.13807982740021574,CANONICAL_INPUT_ID_NOT_PROVEN_ADMISSION_ORDER,L_REDSTAR
H2S,FULLY_SCHEDULED,CMD_PLC_C09_M01_A2_C09_M01,ControlCommand,129,0.13915857605177995,CANONICAL_INPUT_ID_NOT_PROVEN_ADMISSION_ORDER,L_REDSTAR
H2S,FULLY_SCHEDULED,CMD_PLC_C09_M01_A3_C09_M01,ControlCommand,130,0.14023732470334413,CANONICAL_INPUT_ID_NOT_PROVEN_ADMISSION_ORDER,L_REDSTAR
H2S,FULLY_SCHEDULED,CMD_PLC_C09_M01_A4_C09_M01,ControlCommand,131,0.1413160733549083,CANONICAL_INPUT_ID_NOT_PROVEN_ADMISSION_ORDER,L_REDSTAR
H2S,FULLY_SCHEDULED,CMD_PLC_C09_M02_A1_C09_M02,ControlCommand,132,0.1423948220064725,CANONICAL_INPUT_ID_NOT_PROVEN_ADMISSION_ORDER,L_REDSTAR
H2S,FULLY_SCHEDULED,CMD_PLC_C09_M02_A2_C09_M02,ControlCommand,133,0.14347357065803668,CANONICAL_INPUT_ID_NOT_PROVEN_ADMISSION_ORDER,L_REDSTAR
H2S,FULLY_SCHEDULED,CMD_PLC_C09_M02_A3_C09_M02,ControlCommand,134,0.14455231930960086,CANONICAL_INPUT_ID_NOT_PROVEN_ADMISSION_ORDER,L_REDSTAR
H2S,ZERO_SCHEDULED,CMD_PLC_C09_M02_A4_C09_M02,ControlCommand,135,0.14563106796116504,CANONICAL_INPUT_ID_NOT_PROVEN_ADMISSION_ORDER,L_REDSTAR
H2S,FULLY_SCHEDULED,CMD_PLC_C09_M03_A1_C09_M03,ControlCommand,136,0.14670981661272922,CANONICAL_INPUT_ID_NOT_PROVEN_ADMISSION_ORDER,L_REDSTAR
H2S,FULLY_SCHEDULED,CMD_PLC_C09_M03_A2_C09_M03,ControlCommand,137,0.14778856526429343,CANONICAL_INPUT_ID_NOT_PROVEN_ADMISSION_ORDER,L_REDSTAR
H2S,FULLY_SCHEDULED,CMD_PLC_C09_M03_A3_C09_M03,ControlCommand,138,0.1488673139158576,CANONICAL_INPUT_ID_NOT_PROVEN_ADMISSION_ORDER,L_REDSTAR
H2S,FULLY_SCHEDULED,CMD_PLC_C09_M03_A4_C09_M03,ControlCommand,139,0.1499460625674218,CANONICAL_INPUT_ID_NOT_PROVEN_ADMISSION_ORDER,L_REDSTAR
H2S,FULLY_SCHEDULED,CMD_PLC_C09_M04_A1_C09_M04,ControlCommand,140,0.15102481121898598,CANONICAL_INPUT_ID_NOT_PROVEN_ADMISSION_ORDER,L_REDSTAR
H2S,FULLY_SCHEDULED,CMD_PLC_C09_M04_A2_C09_M04,ControlCommand,141,0.15210355987055016,CANONICAL_INPUT_ID_NOT_PROVEN_ADMISSION_ORDER,L_REDSTAR
H2S,FULLY_SCHEDULED,CMD_PLC_C09_M04_A3_C09_M04,ControlCommand,142,0.15318230852211434,CANONICAL_INPUT_ID_NOT_PROVEN_ADMISSION_ORDER,L_REDSTAR
H2S,FULLY_SCHEDULED,CMD_PLC_C09_M04_A4_C09_M04,ControlCommand,143,0.15426105717367852,CANONICAL_INPUT_ID_NOT_PROVEN_ADMISSION_ORDER,L_REDSTAR
H2S,FULLY_SCHEDULED,CMD_PLC_C10_M01_A1_C10_M01,ControlCommand,144,0.1553398058252427,CANONICAL_INPUT_ID_NOT_PROVEN_ADMISSION_ORDER,L_REDSTAR
H2S,FULLY_SCHEDULED,CMD_PLC_C10_M01_A2_C10_M01,ControlCommand,145,0.15641855447680691,CANONICAL_INPUT_ID_NOT_PROVEN_ADMISSION_ORDER,L_REDSTAR
H2S,FULLY_SCHEDULED,CMD_PLC_C10_M01_A3_C10_M01,ControlCommand,146,0.1574973031283711,CANONICAL_INPUT_ID_NOT_PROVEN_ADMISSION_ORDER,L_REDSTAR
H2S,FULLY_SCHEDULED,CMD_PLC_C10_M01_A4_C10_M01,ControlCommand,147,0.15857605177993528,CANONICAL_INPUT_ID_NOT_PROVEN_ADMISSION_ORDER,L_REDSTAR
H2S,FULLY_SCHEDULED,CMD_PLC_C10_M02_A1_C10_M02,ControlCommand,148,0.15965480043149946,CANONICAL_INPUT_ID_NOT_PROVEN_ADMISSION_ORDER,L_REDSTAR
H2S,FULLY_SCHEDULED,CMD_PLC_C10_M02_A2_C10_M02,ControlCommand,149,0.16073354908306364,CANONICAL_INPUT_ID_NOT_PROVEN_ADMISSION_ORDER,L_REDSTAR
H2S,FULLY_SCHEDULED,CMD_PLC_C10_M02_A3_C10_M02,ControlCommand,150,0.16181229773462782,CANONICAL_INPUT_ID_NOT_PROVEN_ADMISSION_ORDER,L_REDSTAR
H2S,FULLY_SCHEDULED,CMD_PLC_C10_M02_A4_C10_M02,ControlCommand,151,0.162891046386192,CANONICAL_INPUT_ID_NOT_PROVEN_ADMISSION_ORDER,L_REDSTAR
H2S,FULLY_SCHEDULED,CMD_PLC_C10_M03_A1_C10_M03,ControlCommand,152,0.16396979503775622,CANONICAL_INPUT_ID_NOT_PROVEN_ADMISSION_ORDER,L_REDSTAR
H2S,FULLY_SCHEDULED,CMD_PLC_C10_M03_A2_C10_M03,ControlCommand,153,0.1650485436893204,CANONICAL_INPUT_ID_NOT_PROVEN_ADMISSION_ORDER,L_REDSTAR
H2S,FULLY_SCHEDULED,CMD_PLC_C10_M03_A3_C10_M03,ControlCommand,154,0.16612729234088458,CANONICAL_INPUT_ID_NOT_PROVEN_ADMISSION_ORDER,L_REDSTAR
H2S,FULLY_SCHEDULED,CMD_PLC_C10_M03_A4_C10_M03,ControlCommand,155,0.16720604099244876,CANONICAL_INPUT_ID_NOT_PROVEN_ADMISSION_ORDER,L_REDSTAR
H2S,FULLY_SCHEDULED,CMD_PLC_C10_M04_A1_C10_M04,ControlCommand,156,0.16828478964401294,CANONICAL_INPUT_ID_NOT_PROVEN_ADMISSION_ORDER,L_REDSTAR
H2S,FULLY_SCHEDULED,CMD_PLC_C10_M04_A2_C10_M04,ControlCommand,157,0.16936353829557713,CANONICAL_INPUT_ID_NOT_PROVEN_ADMISSION_ORDER,L_REDSTAR
H2S,FULLY_SCHEDULED,CMD_PLC_C10_M04_A3_C10_M04,ControlCommand,158,0.1704422869471413,CANONICAL_INPUT_ID_NOT_PROVEN_ADMISSION_ORDER,L_REDSTAR
H2S,FULLY_SCHEDULED,CMD_PLC_C10_M04_A4_C10_M04,ControlCommand,159,0.1715210355987055,CANONICAL_INPUT_ID_NOT_PROVEN_ADMISSION_ORDER,L_REDSTAR
H2S,FULLY_SCHEDULED,CMD_PLC_C11_M01_A1_C11_M01,ControlCommand,160,0.1725997842502697,CANONICAL_INPUT_ID_NOT_PROVEN_ADMISSION_ORDER,L_REDSTAR
H2S,FULLY_SCHEDULED,CMD_PLC_C11_M01_A2_C11_M01,ControlCommand,161,0.17367853290183388,CANONICAL_INPUT_ID_NOT_PROVEN_ADMISSION_ORDER,L_REDSTAR
H2S,FULLY_SCHEDULED,CMD_PLC_C11_M01_A3_C11_M01,ControlCommand,162,0.17475728155339806,CANONICAL_INPUT_ID_NOT_PROVEN_ADMISSION_ORDER,L_REDSTAR
H2S,FULLY_SCHEDULED,CMD_PLC_C11_M01_A4_C11_M01,ControlCommand,163,0.17583603020496225,CANONICAL_INPUT_ID_NOT_PROVEN_ADMISSION_ORDER,L_REDSTAR
H2S,FULLY_SCHEDULED,CMD_PLC_C11_M02_A1_C11_M02,ControlCommand,164,0.17691477885652643,CANONICAL_INPUT_ID_NOT_PROVEN_ADMISSION_ORDER,L_REDSTAR
H2S,FULLY_SCHEDULED,CMD_PLC_C11_M02_A2_C11_M02,ControlCommand,165,0.1779935275080906,CANONICAL_INPUT_ID_NOT_PROVEN_ADMISSION_ORDER,L_REDSTAR
H2S,FULLY_SCHEDULED,CMD_PLC_C11_M02_A3_C11_M02,ControlCommand,166,0.1790722761596548,CANONICAL_INPUT_ID_NOT_PROVEN_ADMISSION_ORDER,L_REDSTAR
H2S,FULLY_SCHEDULED,CMD_PLC_C11_M02_A4_C11_M02,ControlCommand,167,0.18015102481121897,CANONICAL_INPUT_ID_NOT_PROVEN_ADMISSION_ORDER,L_REDSTAR
H2S,FULLY_SCHEDULED,CMD_PLC_C11_M03_A1_C11_M03,ControlCommand,168,0.18122977346278318,CANONICAL_INPUT_ID_NOT_PROVEN_ADMISSION_ORDER,L_REDSTAR
H2S,FULLY_SCHEDULED,CMD_PLC_C11_M03_A2_C11_M03,ControlCommand,169,0.18230852211434737,CANONICAL_INPUT_ID_NOT_PROVEN_ADMISSION_ORDER,L_REDSTAR
H2S,FULLY_SCHEDULED,CMD_PLC_C11_M03_A3_C11_M03,ControlCommand,170,0.18338727076591155,CANONICAL_INPUT_ID_NOT_PROVEN_ADMISSION_ORDER,L_REDSTAR
H2S,FULLY_SCHEDULED,CMD_PLC_C11_M03_A4_C11_M03,ControlCommand,171,0.18446601941747573,CANONICAL_INPUT_ID_NOT_PROVEN_ADMISSION_ORDER,L_REDSTAR
H2S,FULLY_SCHEDULED,CMD_PLC_C11_M04_A1_C11_M04,ControlCommand,172,0.1855447680690399,CANONICAL_INPUT_ID_NOT_PROVEN_ADMISSION_ORDER,L_REDSTAR
H2S,ZERO_SCHEDULED,CMD_PLC_C11_M04_A2_C11_M04,ControlCommand,173,0.1866235167206041,CANONICAL_INPUT_ID_NOT_PROVEN_ADMISSION_ORDER,L_REDSTAR
H2S,FULLY_SCHEDULED,CMD_PLC_C11_M04_A3_C11_M04,ControlCommand,174,0.18770226537216828,CANONICAL_INPUT_ID_NOT_PROVEN_ADMISSION_ORDER,L_REDSTAR
H2S,FULLY_SCHEDULED,CMD_PLC_C11_M04_A4_C11_M04,ControlCommand,175,0.18878101402373246,CANONICAL_INPUT_ID_NOT_PROVEN_ADMISSION_ORDER,L_REDSTAR
H2S,FULLY_SCHEDULED,CMD_PLC_C12_M01_A1_C12_M01,ControlCommand,176,0.18985976267529667,CANONICAL_INPUT_ID_NOT_PROVEN_ADMISSION_ORDER,L_REDSTAR
H2S,FULLY_SCHEDULED,CMD_PLC_C12_M01_A2_C12_M01,ControlCommand,177,0.19093851132686085,CANONICAL_INPUT_ID_NOT_PROVEN_ADMISSION_ORDER,L_REDSTAR
H2S,FULLY_SCHEDULED,CMD_PLC_C12_M01_A3_C12_M01,ControlCommand,178,0.19201725997842503,CANONICAL_INPUT_ID_NOT_PROVEN_ADMISSION_ORDER,L_REDSTAR
H2S,ZERO_SCHEDULED,CMD_PLC_C12_M01_A4_C12_M01,ControlCommand,179,0.1930960086299892,CANONICAL_INPUT_ID_NOT_PROVEN_ADMISSION_ORDER,L_REDSTAR
H2S,FULLY_SCHEDULED,CMD_PLC_C12_M02_A1_C12_M02,ControlCommand,180,0.1941747572815534,CANONICAL_INPUT_ID_NOT_PROVEN_ADMISSION_ORDER,L_REDSTAR
H2S,FULLY_SCHEDULED,CMD_PLC_C12_M02_A2_C12_M02,ControlCommand,181,0.19525350593311758,CANONICAL_INPUT_ID_NOT_PROVEN_ADMISSION_ORDER,L_REDSTAR
H2S,FULLY_SCHEDULED,CMD_PLC_C12_M02_A3_C12_M02,ControlCommand,182,0.19633225458468176,CANONICAL_INPUT_ID_NOT_PROVEN_ADMISSION_ORDER,L_REDSTAR
H2S,FULLY_SCHEDULED,CMD_PLC_C12_M02_A4_C12_M02,ControlCommand,183,0.19741100323624594,CANONICAL_INPUT_ID_NOT_PROVEN_ADMISSION_ORDER,L_REDSTAR
H2S,FULLY_SCHEDULED,CMD_PLC_C12_M03_A1_C12_M03,ControlCommand,184,0.19848975188781015,CANONICAL_INPUT_ID_NOT_PROVEN_ADMISSION_ORDER,L_REDSTAR
H2S,FULLY_SCHEDULED,CMD_PLC_C12_M03_A2_C12_M03,ControlCommand,185,0.19956850053937433,CANONICAL_INPUT_ID_NOT_PROVEN_ADMISSION_ORDER,L_REDSTAR
H2S,FULLY_SCHEDULED,CMD_PLC_C12_M03_A3_C12_M03,ControlCommand,186,0.20064724919093851,CANONICAL_INPUT_ID_NOT_PROVEN_ADMISSION_ORDER,L_REDSTAR
H2S,FULLY_SCHEDULED,CMD_PLC_C12_M03_A4_C12_M03,ControlCommand,187,0.2017259978425027,CANONICAL_INPUT_ID_NOT_PROVEN_ADMISSION_ORDER,L_REDSTAR
H2S,FULLY_SCHEDULED,CMD_PLC_C12_M04_A1_C12_M04,ControlCommand,188,0.20280474649406688,CANONICAL_INPUT_ID_NOT_PROVEN_ADMISSION_ORDER,L_REDSTAR
H2S,FULLY_SCHEDULED,CMD_PLC_C12_M04_A2_C12_M04,ControlCommand,189,0.20388349514563106,CANONICAL_INPUT_ID_NOT_PROVEN_ADMISSION_ORDER,L_REDSTAR
H2S,FULLY_SCHEDULED,CMD_PLC_C12_M04_A3_C12_M04,ControlCommand,190,0.20496224379719524,CANONICAL_INPUT_ID_NOT_PROVEN_ADMISSION_ORDER,L_REDSTAR
H2S,FULLY_SCHEDULED,CMD_PLC_C12_M04_A4_C12_M04,ControlCommand,191,0.20604099244875945,CANONICAL_INPUT_ID_NOT_PROVEN_ADMISSION_ORDER,L_REDSTAR
H2S,FULLY_SCHEDULED,CMD_PLC_C13_M01_A1_C13_M01,ControlCommand,192,0.20711974110032363,CANONICAL_INPUT_ID_NOT_PROVEN_ADMISSION_ORDER,L_REDSTAR
H2S,FULLY_SCHEDULED,CMD_PLC_C13_M01_A2_C13_M01,ControlCommand,193,0.20819848975188782,CANONICAL_INPUT_ID_NOT_PROVEN_ADMISSION_ORDER,L_REDSTAR
H2S,FULLY_SCHEDULED,CMD_PLC_C13_M01_A3_C13_M01,ControlCommand,194,0.209277238403452,CANONICAL_INPUT_ID_NOT_PROVEN_ADMISSION_ORDER,L_REDSTAR
H2S,FULLY_SCHEDULED,CMD_PLC_C13_M01_A4_C13_M01,ControlCommand,195,0.21035598705501618,CANONICAL_INPUT_ID_NOT_PROVEN_ADMISSION_ORDER,L_REDSTAR
H2S,FULLY_SCHEDULED,CMD_PLC_C13_M02_A1_C13_M02,ControlCommand,196,0.21143473570658036,CANONICAL_INPUT_ID_NOT_PROVEN_ADMISSION_ORDER,L_REDSTAR
H2S,FULLY_SCHEDULED,CMD_PLC_C13_M02_A2_C13_M02,ControlCommand,197,0.21251348435814454,CANONICAL_INPUT_ID_NOT_PROVEN_ADMISSION_ORDER,L_REDSTAR
H2S,FULLY_SCHEDULED,CMD_PLC_C13_M02_A3_C13_M02,ControlCommand,198,0.21359223300970873,CANONICAL_INPUT_ID_NOT_PROVEN_ADMISSION_ORDER,L_REDSTAR
H2S,ZERO_SCHEDULED,CMD_PLC_C13_M02_A4_C13_M02,ControlCommand,199,0.21467098166127294,CANONICAL_INPUT_ID_NOT_PROVEN_ADMISSION_ORDER,L_REDSTAR
H2S,FULLY_SCHEDULED,CMD_PLC_C13_M03_A1_C13_M03,ControlCommand,200,0.21574973031283712,CANONICAL_INPUT_ID_NOT_PROVEN_ADMISSION_ORDER,L_REDSTAR
H2S,FULLY_SCHEDULED,CMD_PLC_C13_M03_A2_C13_M03,ControlCommand,201,0.2168284789644013,CANONICAL_INPUT_ID_NOT_PROVEN_ADMISSION_ORDER,L_REDSTAR
H2S,FULLY_SCHEDULED,CMD_PLC_C13_M03_A3_C13_M03,ControlCommand,202,0.21790722761596548,CANONICAL_INPUT_ID_NOT_PROVEN_ADMISSION_ORDER,L_REDSTAR
H2S,ZERO_SCHEDULED,CMD_PLC_C13_M03_A4_C13_M03,ControlCommand,203,0.21898597626752966,CANONICAL_INPUT_ID_NOT_PROVEN_ADMISSION_ORDER,L_REDSTAR
H2S,FULLY_SCHEDULED,CMD_PLC_C13_M04_A1_C13_M04,ControlCommand,204,0.22006472491909385,CANONICAL_INPUT_ID_NOT_PROVEN_ADMISSION_ORDER,L_REDSTAR
H2S,FULLY_SCHEDULED,CMD_PLC_C13_M04_A2_C13_M04,ControlCommand,205,0.22114347357065803,CANONICAL_INPUT_ID_NOT_PROVEN_ADMISSION_ORDER,L_REDSTAR
H2S,FULLY_SCHEDULED,CMD_PLC_C13_M04_A3_C13_M04,ControlCommand,206,0.2222222222222222,CANONICAL_INPUT_ID_NOT_PROVEN_ADMISSION_ORDER,L_REDSTAR
H2S,FULLY_SCHEDULED,CMD_PLC_C13_M04_A4_C13_M04,ControlCommand,207,0.22330097087378642,CANONICAL_INPUT_ID_NOT_PROVEN_ADMISSION_ORDER,L_REDSTAR
H2S,FULLY_SCHEDULED,CMD_PLC_C14_M01_A1_C14_M01,ControlCommand,208,0.2243797195253506,CANONICAL_INPUT_ID_NOT_PROVEN_ADMISSION_ORDER,L_REDSTAR
H2S,FULLY_SCHEDULED,CMD_PLC_C14_M01_A2_C14_M01,ControlCommand,209,0.22545846817691478,CANONICAL_INPUT_ID_NOT_PROVEN_ADMISSION_ORDER,L_REDSTAR
H2S,FULLY_SCHEDULED,CMD_PLC_C14_M01_A3_C14_M01,ControlCommand,210,0.22653721682847897,CANONICAL_INPUT_ID_NOT_PROVEN_ADMISSION_ORDER,L_REDSTAR
H2S,FULLY_SCHEDULED,CMD_PLC_C14_M01_A4_C14_M01,ControlCommand,211,0.22761596548004315,CANONICAL_INPUT_ID_NOT_PROVEN_ADMISSION_ORDER,L_REDSTAR
H2S,FULLY_SCHEDULED,CMD_PLC_C14_M02_A1_C14_M02,ControlCommand,212,0.22869471413160733,CANONICAL_INPUT_ID_NOT_PROVEN_ADMISSION_ORDER,L_REDSTAR
H2S,FULLY_SCHEDULED,CMD_PLC_C14_M02_A2_C14_M02,ControlCommand,213,0.2297734627831715,CANONICAL_INPUT_ID_NOT_PROVEN_ADMISSION_ORDER,L_REDSTAR
H2S,FULLY_SCHEDULED,CMD_PLC_C14_M02_A3_C14_M02,ControlCommand,214,0.2308522114347357,CANONICAL_INPUT_ID_NOT_PROVEN_ADMISSION_ORDER,L_REDSTAR
H2S,FULLY_SCHEDULED,CMD_PLC_C14_M02_A4_C14_M02,ControlCommand,215,0.2319309600862999,CANONICAL_INPUT_ID_NOT_PROVEN_ADMISSION_ORDER,L_REDSTAR
H2S,FULLY_SCHEDULED,CMD_PLC_C14_M03_A1_C14_M03,ControlCommand,216,0.23300970873786409,CANONICAL_INPUT_ID_NOT_PROVEN_ADMISSION_ORDER,L_REDSTAR
H2S,FULLY_SCHEDULED,CMD_PLC_C14_M03_A2_C14_M03,ControlCommand,217,0.23408845738942827,CANONICAL_INPUT_ID_NOT_PROVEN_ADMISSION_ORDER,L_REDSTAR
H2S,FULLY_SCHEDULED,CMD_PLC_C14_M03_A3_C14_M03,ControlCommand,218,0.23516720604099245,CANONICAL_INPUT_ID_NOT_PROVEN_ADMISSION_ORDER,L_REDSTAR
H2S,ZERO_SCHEDULED,CMD_PLC_C14_M03_A4_C14_M03,ControlCommand,219,0.23624595469255663,CANONICAL_INPUT_ID_NOT_PROVEN_ADMISSION_ORDER,L_REDSTAR
H2S,FULLY_SCHEDULED,CMD_PLC_C14_M04_A1_C14_M04,ControlCommand,220,0.2373247033441208,CANONICAL_INPUT_ID_NOT_PROVEN_ADMISSION_ORDER,L_REDSTAR
H2S,FULLY_SCHEDULED,CMD_PLC_C14_M04_A2_C14_M04,ControlCommand,221,0.238403451995685,CANONICAL_INPUT_ID_NOT_PROVEN_ADMISSION_ORDER,L_REDSTAR
H2S,FULLY_SCHEDULED,CMD_PLC_C14_M04_A3_C14_M04,ControlCommand,222,0.23948220064724918,CANONICAL_INPUT_ID_NOT_PROVEN_ADMISSION_ORDER,L_REDSTAR
H2S,FULLY_SCHEDULED,CMD_PLC_C14_M04_A4_C14_M04,ControlCommand,223,0.2405609492988134,CANONICAL_INPUT_ID_NOT_PROVEN_ADMISSION_ORDER,L_REDSTAR
H2S,FULLY_SCHEDULED,CMD_PLC_C15_M01_A1_C15_M01,ControlCommand,224,0.24163969795037757,CANONICAL_INPUT_ID_NOT_PROVEN_ADMISSION_ORDER,L_REDSTAR
H2S,FULLY_SCHEDULED,CMD_PLC_C15_M01_A2_C15_M01,ControlCommand,225,0.24271844660194175,CANONICAL_INPUT_ID_NOT_PROVEN_ADMISSION_ORDER,L_REDSTAR
H2S,FULLY_SCHEDULED,CMD_PLC_C15_M01_A3_C15_M01,ControlCommand,226,0.24379719525350593,CANONICAL_INPUT_ID_NOT_PROVEN_ADMISSION_ORDER,L_REDSTAR
H2S,FULLY_SCHEDULED,CMD_PLC_C15_M01_A4_C15_M01,ControlCommand,227,0.24487594390507011,CANONICAL_INPUT_ID_NOT_PROVEN_ADMISSION_ORDER,L_REDSTAR
H2S,FULLY_SCHEDULED,CMD_PLC_C15_M02_A1_C15_M02,ControlCommand,228,0.2459546925566343,CANONICAL_INPUT_ID_NOT_PROVEN_ADMISSION_ORDER,L_REDSTAR
H2S,FULLY_SCHEDULED,CMD_PLC_C15_M02_A2_C15_M02,ControlCommand,229,0.24703344120819848,CANONICAL_INPUT_ID_NOT_PROVEN_ADMISSION_ORDER,L_REDSTAR
H2S,FULLY_SCHEDULED,CMD_PLC_C15_M02_A3_C15_M02,ControlCommand,230,0.2481121898597627,CANONICAL_INPUT_ID_NOT_PROVEN_ADMISSION_ORDER,L_REDSTAR
H2S,FULLY_SCHEDULED,CMD_PLC_C15_M02_A4_C15_M02,ControlCommand,231,0.24919093851132687,CANONICAL_INPUT_ID_NOT_PROVEN_ADMISSION_ORDER,L_REDSTAR
H2S,FULLY_SCHEDULED,CMD_PLC_C15_M03_A1_C15_M03,ControlCommand,232,0.25026968716289105,CANONICAL_INPUT_ID_NOT_PROVEN_ADMISSION_ORDER,L_REDSTAR
H2S,FULLY_SCHEDULED,CMD_PLC_C15_M03_A2_C15_M03,ControlCommand,233,0.2513484358144552,CANONICAL_INPUT_ID_NOT_PROVEN_ADMISSION_ORDER,L_REDSTAR
H2S,FULLY_SCHEDULED,CMD_PLC_C15_M03_A3_C15_M03,ControlCommand,234,0.2524271844660194,CANONICAL_INPUT_ID_NOT_PROVEN_ADMISSION_ORDER,L_REDSTAR
H2S,FULLY_SCHEDULED,CMD_PLC_C15_M03_A4_C15_M03,ControlCommand,235,0.2535059331175836,CANONICAL_INPUT_ID_NOT_PROVEN_ADMISSION_ORDER,L_REDSTAR
H2S,FULLY_SCHEDULED,CMD_PLC_C15_M04_A1_C15_M04,ControlCommand,236,0.2545846817691478,CANONICAL_INPUT_ID_NOT_PROVEN_ADMISSION_ORDER,L_REDSTAR
H2S,FULLY_SCHEDULED,CMD_PLC_C15_M04_A2_C15_M04,ControlCommand,237,0.255663430420712,CANONICAL_INPUT_ID_NOT_PROVEN_ADMISSION_ORDER,L_REDSTAR
H2S,FULLY_SCHEDULED,CMD_PLC_C15_M04_A3_C15_M04,ControlCommand,238,0.25674217907227614,CANONICAL_INPUT_ID_NOT_PROVEN_ADMISSION_ORDER,L_REDSTAR
H2S,ZERO_SCHEDULED,CMD_PLC_C15_M04_A4_C15_M04,ControlCommand,239,0.25782092772384035,CANONICAL_INPUT_ID_NOT_PROVEN_ADMISSION_ORDER,L_REDSTAR
H2S,FULLY_SCHEDULED,CMD_PLC_C16_M01_A1_C16_M01,ControlCommand,240,0.2588996763754045,CANONICAL_INPUT_ID_NOT_PROVEN_ADMISSION_ORDER,L_REDSTAR
H2S,FULLY_SCHEDULED,CMD_PLC_C16_M01_A2_C16_M01,ControlCommand,241,0.2599784250269687,CANONICAL_INPUT_ID_NOT_PROVEN_ADMISSION_ORDER,L_REDSTAR
H2S,FULLY_SCHEDULED,CMD_PLC_C16_M01_A3_C16_M01,ControlCommand,242,0.26105717367853293,CANONICAL_INPUT_ID_NOT_PROVEN_ADMISSION_ORDER,L_REDSTAR
H2S,FULLY_SCHEDULED,CMD_PLC_C16_M01_A4_C16_M01,ControlCommand,243,0.2621359223300971,CANONICAL_INPUT_ID_NOT_PROVEN_ADMISSION_ORDER,L_REDSTAR
H2S,FULLY_SCHEDULED,CMD_PLC_C16_M02_A1_C16_M02,ControlCommand,244,0.2632146709816613,CANONICAL_INPUT_ID_NOT_PROVEN_ADMISSION_ORDER,L_REDSTAR
H2S,FULLY_SCHEDULED,CMD_PLC_C16_M02_A2_C16_M02,ControlCommand,245,0.26429341963322545,CANONICAL_INPUT_ID_NOT_PROVEN_ADMISSION_ORDER,L_REDSTAR
H2S,FULLY_SCHEDULED,CMD_PLC_C16_M02_A3_C16_M02,ControlCommand,246,0.26537216828478966,CANONICAL_INPUT_ID_NOT_PROVEN_ADMISSION_ORDER,L_REDSTAR
H2S,FULLY_SCHEDULED,CMD_PLC_C16_M02_A4_C16_M02,ControlCommand,247,0.2664509169363538,CANONICAL_INPUT_ID_NOT_PROVEN_ADMISSION_ORDER,L_REDSTAR
H2S,FULLY_SCHEDULED,CMD_PLC_C16_M03_A1_C16_M03,ControlCommand,248,0.267529665587918,CANONICAL_INPUT_ID_NOT_PROVEN_ADMISSION_ORDER,L_REDSTAR
H2S,FULLY_SCHEDULED,CMD_PLC_C16_M03_A2_C16_M03,ControlCommand,249,0.2686084142394822,CANONICAL_INPUT_ID_NOT_PROVEN_ADMISSION_ORDER,L_REDSTAR
H2S,ZERO_SCHEDULED,CMD_PLC_C16_M03_A3_C16_M03,ControlCommand,250,0.2696871628910464,CANONICAL_INPUT_ID_NOT_PROVEN_ADMISSION_ORDER,L_REDSTAR
H2S,FULLY_SCHEDULED,CMD_PLC_C16_M03_A4_C16_M03,ControlCommand,251,0.2707659115426106,CANONICAL_INPUT_ID_NOT_PROVEN_ADMISSION_ORDER,L_REDSTAR
H2S,FULLY_SCHEDULED,CMD_PLC_C16_M04_A1_C16_M04,ControlCommand,252,0.27184466019417475,CANONICAL_INPUT_ID_NOT_PROVEN_ADMISSION_ORDER,L_REDSTAR
H2S,FULLY_SCHEDULED,CMD_PLC_C16_M04_A2_C16_M04,ControlCommand,253,0.27292340884573896,CANONICAL_INPUT_ID_NOT_PROVEN_ADMISSION_ORDER,L_REDSTAR
H2S,FULLY_SCHEDULED,CMD_PLC_C16_M04_A3_C16_M04,ControlCommand,254,0.2740021574973031,CANONICAL_INPUT_ID_NOT_PROVEN_ADMISSION_ORDER,L_REDSTAR
H2S,FULLY_SCHEDULED,CMD_PLC_C16_M04_A4_C16_M04,ControlCommand,255,0.2750809061488673,CANONICAL_INPUT_ID_NOT_PROVEN_ADMISSION_ORDER,L_REDSTAR
H2S,FULLY_SCHEDULED,COORD_CC_C01_PLC_C01_M01,MachineCoordination,256,0.2761596548004315,CANONICAL_INPUT_ID_NOT_PROVEN_ADMISSION_ORDER,L_REDSTAR
H2S,FULLY_SCHEDULED,COORD_CC_C01_PLC_C01_M02,MachineCoordination,257,0.2772384034519957,CANONICAL_INPUT_ID_NOT_PROVEN_ADMISSION_ORDER,L_REDSTAR
H2S,FULLY_SCHEDULED,COORD_CC_C01_PLC_C01_M03,MachineCoordination,258,0.2783171521035599,CANONICAL_INPUT_ID_NOT_PROVEN_ADMISSION_ORDER,L_REDSTAR
H2S,FULLY_SCHEDULED,COORD_CC_C01_PLC_C01_M04,MachineCoordination,259,0.27939590075512405,CANONICAL_INPUT_ID_NOT_PROVEN_ADMISSION_ORDER,L_REDSTAR
H2S,FULLY_SCHEDULED,COORD_CC_C02_PLC_C02_M01,MachineCoordination,260,0.28047464940668826,CANONICAL_INPUT_ID_NOT_PROVEN_ADMISSION_ORDER,L_REDSTAR
H2S,FULLY_SCHEDULED,COORD_CC_C02_PLC_C02_M02,MachineCoordination,261,0.2815533980582524,CANONICAL_INPUT_ID_NOT_PROVEN_ADMISSION_ORDER,L_REDSTAR
H2S,FULLY_SCHEDULED,COORD_CC_C02_PLC_C02_M03,MachineCoordination,262,0.2826321467098166,CANONICAL_INPUT_ID_NOT_PROVEN_ADMISSION_ORDER,L_REDSTAR
H2S,FULLY_SCHEDULED,COORD_CC_C02_PLC_C02_M04,MachineCoordination,263,0.2837108953613808,CANONICAL_INPUT_ID_NOT_PROVEN_ADMISSION_ORDER,L_REDSTAR
H2S,FULLY_SCHEDULED,COORD_CC_C03_PLC_C03_M01,MachineCoordination,264,0.284789644012945,CANONICAL_INPUT_ID_NOT_PROVEN_ADMISSION_ORDER,L_REDSTAR
H2S,FULLY_SCHEDULED,COORD_CC_C03_PLC_C03_M02,MachineCoordination,265,0.2858683926645092,CANONICAL_INPUT_ID_NOT_PROVEN_ADMISSION_ORDER,L_REDSTAR
H2S,FULLY_SCHEDULED,COORD_CC_C03_PLC_C03_M03,MachineCoordination,266,0.28694714131607335,CANONICAL_INPUT_ID_NOT_PROVEN_ADMISSION_ORDER,L_REDSTAR
H2S,FULLY_SCHEDULED,COORD_CC_C03_PLC_C03_M04,MachineCoordination,267,0.28802588996763756,CANONICAL_INPUT_ID_NOT_PROVEN_ADMISSION_ORDER,L_REDSTAR
H2S,FULLY_SCHEDULED,COORD_CC_C04_PLC_C04_M01,MachineCoordination,268,0.2891046386192017,CANONICAL_INPUT_ID_NOT_PROVEN_ADMISSION_ORDER,L_REDSTAR
H2S,FULLY_SCHEDULED,COORD_CC_C04_PLC_C04_M02,MachineCoordination,269,0.2901833872707659,CANONICAL_INPUT_ID_NOT_PROVEN_ADMISSION_ORDER,L_REDSTAR
H2S,FULLY_SCHEDULED,COORD_CC_C04_PLC_C04_M03,MachineCoordination,270,0.2912621359223301,CANONICAL_INPUT_ID_NOT_PROVEN_ADMISSION_ORDER,L_REDSTAR
H2S,FULLY_SCHEDULED,COORD_CC_C04_PLC_C04_M04,MachineCoordination,271,0.2923408845738943,CANONICAL_INPUT_ID_NOT_PROVEN_ADMISSION_ORDER,L_REDSTAR
H2S,FULLY_SCHEDULED,COORD_CC_C05_PLC_C05_M01,MachineCoordination,272,0.29341963322545844,CANONICAL_INPUT_ID_NOT_PROVEN_ADMISSION_ORDER,L_REDSTAR
H2S,ZERO_SCHEDULED,COORD_CC_C05_PLC_C05_M02,MachineCoordination,273,0.29449838187702265,CANONICAL_INPUT_ID_NOT_PROVEN_ADMISSION_ORDER,L_REDSTAR
H2S,FULLY_SCHEDULED,COORD_CC_C05_PLC_C05_M03,MachineCoordination,274,0.29557713052858686,CANONICAL_INPUT_ID_NOT_PROVEN_ADMISSION_ORDER,L_REDSTAR
H2S,FULLY_SCHEDULED,COORD_CC_C05_PLC_C05_M04,MachineCoordination,275,0.296655879180151,CANONICAL_INPUT_ID_NOT_PROVEN_ADMISSION_ORDER,L_REDSTAR
H2S,FULLY_SCHEDULED,COORD_CC_C06_PLC_C06_M01,MachineCoordination,276,0.2977346278317152,CANONICAL_INPUT_ID_NOT_PROVEN_ADMISSION_ORDER,L_REDSTAR
H2S,FULLY_SCHEDULED,COORD_CC_C06_PLC_C06_M02,MachineCoordination,277,0.2988133764832794,CANONICAL_INPUT_ID_NOT_PROVEN_ADMISSION_ORDER,L_REDSTAR
H2S,FULLY_SCHEDULED,COORD_CC_C06_PLC_C06_M03,MachineCoordination,278,0.2998921251348436,CANONICAL_INPUT_ID_NOT_PROVEN_ADMISSION_ORDER,L_REDSTAR
H2S,FULLY_SCHEDULED,COORD_CC_C06_PLC_C06_M04,MachineCoordination,279,0.30097087378640774,CANONICAL_INPUT_ID_NOT_PROVEN_ADMISSION_ORDER,L_REDSTAR
H2S,FULLY_SCHEDULED,COORD_CC_C07_PLC_C07_M01,MachineCoordination,280,0.30204962243797195,CANONICAL_INPUT_ID_NOT_PROVEN_ADMISSION_ORDER,L_REDSTAR
H2S,FULLY_SCHEDULED,COORD_CC_C07_PLC_C07_M02,MachineCoordination,281,0.30312837108953616,CANONICAL_INPUT_ID_NOT_PROVEN_ADMISSION_ORDER,L_REDSTAR
H2S,FULLY_SCHEDULED,COORD_CC_C07_PLC_C07_M03,MachineCoordination,282,0.3042071197411003,CANONICAL_INPUT_ID_NOT_PROVEN_ADMISSION_ORDER,L_REDSTAR
H2S,FULLY_SCHEDULED,COORD_CC_C07_PLC_C07_M04,MachineCoordination,283,0.30528586839266453,CANONICAL_INPUT_ID_NOT_PROVEN_ADMISSION_ORDER,L_REDSTAR
H2S,FULLY_SCHEDULED,COORD_CC_C08_PLC_C08_M01,MachineCoordination,284,0.3063646170442287,CANONICAL_INPUT_ID_NOT_PROVEN_ADMISSION_ORDER,L_REDSTAR
H2S,FULLY_SCHEDULED,COORD_CC_C08_PLC_C08_M02,MachineCoordination,285,0.3074433656957929,CANONICAL_INPUT_ID_NOT_PROVEN_ADMISSION_ORDER,L_REDSTAR
H2S,FULLY_SCHEDULED,COORD_CC_C08_PLC_C08_M03,MachineCoordination,286,0.30852211434735705,CANONICAL_INPUT_ID_NOT_PROVEN_ADMISSION_ORDER,L_REDSTAR
H2S,FULLY_SCHEDULED,COORD_CC_C08_PLC_C08_M04,MachineCoordination,287,0.30960086299892126,CANONICAL_INPUT_ID_NOT_PROVEN_ADMISSION_ORDER,L_REDSTAR
H2S,FULLY_SCHEDULED,COORD_CC_C09_PLC_C09_M01,MachineCoordination,288,0.3106796116504854,CANONICAL_INPUT_ID_NOT_PROVEN_ADMISSION_ORDER,L_REDSTAR
H2S,FULLY_SCHEDULED,COORD_CC_C09_PLC_C09_M02,MachineCoordination,289,0.3117583603020496,CANONICAL_INPUT_ID_NOT_PROVEN_ADMISSION_ORDER,L_REDSTAR
H2S,FULLY_SCHEDULED,COORD_CC_C09_PLC_C09_M03,MachineCoordination,290,0.31283710895361383,CANONICAL_INPUT_ID_NOT_PROVEN_ADMISSION_ORDER,L_REDSTAR
H2S,FULLY_SCHEDULED,COORD_CC_C09_PLC_C09_M04,MachineCoordination,291,0.313915857605178,CANONICAL_INPUT_ID_NOT_PROVEN_ADMISSION_ORDER,L_REDSTAR
H2S,FULLY_SCHEDULED,COORD_CC_C10_PLC_C10_M01,MachineCoordination,292,0.3149946062567422,CANONICAL_INPUT_ID_NOT_PROVEN_ADMISSION_ORDER,L_REDSTAR
H2S,FULLY_SCHEDULED,COORD_CC_C10_PLC_C10_M02,MachineCoordination,293,0.31607335490830635,CANONICAL_INPUT_ID_NOT_PROVEN_ADMISSION_ORDER,L_REDSTAR
H2S,FULLY_SCHEDULED,COORD_CC_C10_PLC_C10_M03,MachineCoordination,294,0.31715210355987056,CANONICAL_INPUT_ID_NOT_PROVEN_ADMISSION_ORDER,L_REDSTAR
H2S,FULLY_SCHEDULED,COORD_CC_C10_PLC_C10_M04,MachineCoordination,295,0.3182308522114347,CANONICAL_INPUT_ID_NOT_PROVEN_ADMISSION_ORDER,L_REDSTAR
H2S,FULLY_SCHEDULED,COORD_CC_C11_PLC_C11_M01,MachineCoordination,296,0.3193096008629989,CANONICAL_INPUT_ID_NOT_PROVEN_ADMISSION_ORDER,L_REDSTAR
H2S,FULLY_SCHEDULED,COORD_CC_C11_PLC_C11_M02,MachineCoordination,297,0.32038834951456313,CANONICAL_INPUT_ID_NOT_PROVEN_ADMISSION_ORDER,L_REDSTAR
H2S,FULLY_SCHEDULED,COORD_CC_C11_PLC_C11_M03,MachineCoordination,298,0.3214670981661273,CANONICAL_INPUT_ID_NOT_PROVEN_ADMISSION_ORDER,L_REDSTAR
H2S,FULLY_SCHEDULED,COORD_CC_C11_PLC_C11_M04,MachineCoordination,299,0.3225458468176915,CANONICAL_INPUT_ID_NOT_PROVEN_ADMISSION_ORDER,L_REDSTAR
H2S,FULLY_SCHEDULED,COORD_CC_C12_PLC_C12_M01,MachineCoordination,300,0.32362459546925565,CANONICAL_INPUT_ID_NOT_PROVEN_ADMISSION_ORDER,L_REDSTAR
H2S,FULLY_SCHEDULED,COORD_CC_C12_PLC_C12_M02,MachineCoordination,301,0.32470334412081986,CANONICAL_INPUT_ID_NOT_PROVEN_ADMISSION_ORDER,L_REDSTAR
H2S,FULLY_SCHEDULED,COORD_CC_C12_PLC_C12_M03,MachineCoordination,302,0.325782092772384,CANONICAL_INPUT_ID_NOT_PROVEN_ADMISSION_ORDER,L_REDSTAR
H2S,FULLY_SCHEDULED,COORD_CC_C12_PLC_C12_M04,MachineCoordination,303,0.3268608414239482,CANONICAL_INPUT_ID_NOT_PROVEN_ADMISSION_ORDER,L_REDSTAR
H2S,FULLY_SCHEDULED,COORD_CC_C13_PLC_C13_M01,MachineCoordination,304,0.32793959007551243,CANONICAL_INPUT_ID_NOT_PROVEN_ADMISSION_ORDER,L_REDSTAR
H2S,FULLY_SCHEDULED,COORD_CC_C13_PLC_C13_M02,MachineCoordination,305,0.3290183387270766,CANONICAL_INPUT_ID_NOT_PROVEN_ADMISSION_ORDER,L_REDSTAR
H2S,FULLY_SCHEDULED,COORD_CC_C13_PLC_C13_M03,MachineCoordination,306,0.3300970873786408,CANONICAL_INPUT_ID_NOT_PROVEN_ADMISSION_ORDER,L_REDSTAR
H2S,FULLY_SCHEDULED,COORD_CC_C13_PLC_C13_M04,MachineCoordination,307,0.33117583603020495,CANONICAL_INPUT_ID_NOT_PROVEN_ADMISSION_ORDER,L_REDSTAR
H2S,FULLY_SCHEDULED,COORD_CC_C14_PLC_C14_M01,MachineCoordination,308,0.33225458468176916,CANONICAL_INPUT_ID_NOT_PROVEN_ADMISSION_ORDER,L_REDSTAR
H2S,FULLY_SCHEDULED,COORD_CC_C14_PLC_C14_M02,MachineCoordination,309,0.3333333333333333,CANONICAL_INPUT_ID_NOT_PROVEN_ADMISSION_ORDER,L_REDSTAR
H2S,FULLY_SCHEDULED,COORD_CC_C14_PLC_C14_M03,MachineCoordination,310,0.3344120819848975,CANONICAL_INPUT_ID_NOT_PROVEN_ADMISSION_ORDER,L_REDSTAR
H2S,FULLY_SCHEDULED,COORD_CC_C14_PLC_C14_M04,MachineCoordination,311,0.3354908306364617,CANONICAL_INPUT_ID_NOT_PROVEN_ADMISSION_ORDER,L_REDSTAR
H2S,FULLY_SCHEDULED,COORD_CC_C15_PLC_C15_M01,MachineCoordination,312,0.3365695792880259,CANONICAL_INPUT_ID_NOT_PROVEN_ADMISSION_ORDER,L_REDSTAR
H2S,FULLY_SCHEDULED,COORD_CC_C15_PLC_C15_M02,MachineCoordination,313,0.3376483279395901,CANONICAL_INPUT_ID_NOT_PROVEN_ADMISSION_ORDER,L_REDSTAR
H2S,FULLY_SCHEDULED,COORD_CC_C15_PLC_C15_M03,MachineCoordination,314,0.33872707659115425,CANONICAL_INPUT_ID_NOT_PROVEN_ADMISSION_ORDER,L_REDSTAR
H2S,FULLY_SCHEDULED,COORD_CC_C15_PLC_C15_M04,MachineCoordination,315,0.33980582524271846,CANONICAL_INPUT_ID_NOT_PROVEN_ADMISSION_ORDER,L_REDSTAR
H2S,FULLY_SCHEDULED,COORD_CC_C16_PLC_C16_M01,MachineCoordination,316,0.3408845738942826,CANONICAL_INPUT_ID_NOT_PROVEN_ADMISSION_ORDER,L_REDSTAR
H2S,FULLY_SCHEDULED,COORD_CC_C16_PLC_C16_M02,MachineCoordination,317,0.3419633225458468,CANONICAL_INPUT_ID_NOT_PROVEN_ADMISSION_ORDER,L_REDSTAR
H2S,FULLY_SCHEDULED,COORD_CC_C16_PLC_C16_M03,MachineCoordination,318,0.343042071197411,CANONICAL_INPUT_ID_NOT_PROVEN_ADMISSION_ORDER,L_REDSTAR
H2S,FULLY_SCHEDULED,COORD_CC_C16_PLC_C16_M04,MachineCoordination,319,0.3441208198489752,CANONICAL_INPUT_ID_NOT_PROVEN_ADMISSION_ORDER,L_REDSTAR
H2S,FULLY_SCHEDULED,IC_NEXT_CC_C01,InterCellNext,320,0.3451995685005394,CANONICAL_INPUT_ID_NOT_PROVEN_ADMISSION_ORDER,L_REDSTAR
H2S,FULLY_SCHEDULED,IC_NEXT_CC_C02,InterCellNext,321,0.34627831715210355,CANONICAL_INPUT_ID_NOT_PROVEN_ADMISSION_ORDER,L_REDSTAR
H2S,FULLY_SCHEDULED,IC_NEXT_CC_C03,InterCellNext,322,0.34735706580366776,CANONICAL_INPUT_ID_NOT_PROVEN_ADMISSION_ORDER,L_REDSTAR
H2S,FULLY_SCHEDULED,IC_NEXT_CC_C04,InterCellNext,323,0.3484358144552319,CANONICAL_INPUT_ID_NOT_PROVEN_ADMISSION_ORDER,L_REDSTAR
H2S,FULLY_SCHEDULED,IC_NEXT_CC_C05,InterCellNext,324,0.34951456310679613,CANONICAL_INPUT_ID_NOT_PROVEN_ADMISSION_ORDER,L_REDSTAR
H2S,FULLY_SCHEDULED,IC_NEXT_CC_C06,InterCellNext,325,0.3505933117583603,CANONICAL_INPUT_ID_NOT_PROVEN_ADMISSION_ORDER,L_REDSTAR
H2S,FULLY_SCHEDULED,IC_NEXT_CC_C07,InterCellNext,326,0.3516720604099245,CANONICAL_INPUT_ID_NOT_PROVEN_ADMISSION_ORDER,L_REDSTAR
H2S,FULLY_SCHEDULED,IC_NEXT_CC_C08,InterCellNext,327,0.35275080906148865,CANONICAL_INPUT_ID_NOT_PROVEN_ADMISSION_ORDER,L_REDSTAR
H2S,FULLY_SCHEDULED,IC_NEXT_CC_C09,InterCellNext,328,0.35382955771305286,CANONICAL_INPUT_ID_NOT_PROVEN_ADMISSION_ORDER,L_REDSTAR
H2S,FULLY_SCHEDULED,IC_NEXT_CC_C10,InterCellNext,329,0.35490830636461707,CANONICAL_INPUT_ID_NOT_PROVEN_ADMISSION_ORDER,L_REDSTAR
H2S,FULLY_SCHEDULED,IC_NEXT_CC_C11,InterCellNext,330,0.3559870550161812,CANONICAL_INPUT_ID_NOT_PROVEN_ADMISSION_ORDER,L_REDSTAR
H2S,FULLY_SCHEDULED,IC_NEXT_CC_C12,InterCellNext,331,0.35706580366774543,CANONICAL_INPUT_ID_NOT_PROVEN_ADMISSION_ORDER,L_REDSTAR
H2S,FULLY_SCHEDULED,IC_NEXT_CC_C13,InterCellNext,332,0.3581445523193096,CANONICAL_INPUT_ID_NOT_PROVEN_ADMISSION_ORDER,L_REDSTAR
H2S,FULLY_SCHEDULED,IC_NEXT_CC_C14,InterCellNext,333,0.3592233009708738,CANONICAL_INPUT_ID_NOT_PROVEN_ADMISSION_ORDER,L_REDSTAR
H2S,FULLY_SCHEDULED,IC_NEXT_CC_C15,InterCellNext,334,0.36030204962243795,CANONICAL_INPUT_ID_NOT_PROVEN_ADMISSION_ORDER,L_REDSTAR
H2S,FULLY_SCHEDULED,IC_NEXT_CC_C16,InterCellNext,335,0.36138079827400216,CANONICAL_INPUT_ID_NOT_PROVEN_ADMISSION_ORDER,L_REDSTAR
H2S,FULLY_SCHEDULED,IC_PREV_CC_C01,InterCellPrevious,336,0.36245954692556637,CANONICAL_INPUT_ID_NOT_PROVEN_ADMISSION_ORDER,L_REDSTAR
H2S,FULLY_SCHEDULED,IC_PREV_CC_C02,InterCellPrevious,337,0.3635382955771305,CANONICAL_INPUT_ID_NOT_PROVEN_ADMISSION_ORDER,L_REDSTAR
H2S,ZERO_SCHEDULED,IC_PREV_CC_C03,InterCellPrevious,338,0.36461704422869473,CANONICAL_INPUT_ID_NOT_PROVEN_ADMISSION_ORDER,L_REDSTAR
H2S,FULLY_SCHEDULED,IC_PREV_CC_C04,InterCellPrevious,339,0.3656957928802589,CANONICAL_INPUT_ID_NOT_PROVEN_ADMISSION_ORDER,L_REDSTAR
H2S,FULLY_SCHEDULED,IC_PREV_CC_C05,InterCellPrevious,340,0.3667745415318231,CANONICAL_INPUT_ID_NOT_PROVEN_ADMISSION_ORDER,L_REDSTAR
H2S,FULLY_SCHEDULED,IC_PREV_CC_C06,InterCellPrevious,341,0.36785329018338725,CANONICAL_INPUT_ID_NOT_PROVEN_ADMISSION_ORDER,L_REDSTAR
H2S,FULLY_SCHEDULED,IC_PREV_CC_C07,InterCellPrevious,342,0.36893203883495146,CANONICAL_INPUT_ID_NOT_PROVEN_ADMISSION_ORDER,L_REDSTAR
H2S,FULLY_SCHEDULED,IC_PREV_CC_C08,InterCellPrevious,343,0.37001078748651567,CANONICAL_INPUT_ID_NOT_PROVEN_ADMISSION_ORDER,L_REDSTAR
H2S,FULLY_SCHEDULED,IC_PREV_CC_C09,InterCellPrevious,344,0.3710895361380798,CANONICAL_INPUT_ID_NOT_PROVEN_ADMISSION_ORDER,L_REDSTAR
H2S,FULLY_SCHEDULED,IC_PREV_CC_C10,InterCellPrevious,345,0.37216828478964403,CANONICAL_INPUT_ID_NOT_PROVEN_ADMISSION_ORDER,L_REDSTAR
H2S,FULLY_SCHEDULED,IC_PREV_CC_C11,InterCellPrevious,346,0.3732470334412082,CANONICAL_INPUT_ID_NOT_PROVEN_ADMISSION_ORDER,L_REDSTAR
H2S,FULLY_SCHEDULED,IC_PREV_CC_C12,InterCellPrevious,347,0.3743257820927724,CANONICAL_INPUT_ID_NOT_PROVEN_ADMISSION_ORDER,L_REDSTAR
H2S,FULLY_SCHEDULED,IC_PREV_CC_C13,InterCellPrevious,348,0.37540453074433655,CANONICAL_INPUT_ID_NOT_PROVEN_ADMISSION_ORDER,L_REDSTAR
H2S,FULLY_SCHEDULED,IC_PREV_CC_C14,InterCellPrevious,349,0.37648327939590076,CANONICAL_INPUT_ID_NOT_PROVEN_ADMISSION_ORDER,L_REDSTAR
H2S,FULLY_SCHEDULED,IC_PREV_CC_C15,InterCellPrevious,350,0.3775620280474649,CANONICAL_INPUT_ID_NOT_PROVEN_ADMISSION_ORDER,L_REDSTAR
H2S,FULLY_SCHEDULED,IC_PREV_CC_C16,InterCellPrevious,351,0.3786407766990291,CANONICAL_INPUT_ID_NOT_PROVEN_ADMISSION_ORDER,L_REDSTAR
H2S,FULLY_SCHEDULED,SC_S1_C01_M01,SensorCyclic,352,0.37971952535059333,CANONICAL_INPUT_ID_NOT_PROVEN_ADMISSION_ORDER,L_REDSTAR
H2S,FULLY_SCHEDULED,SC_S1_C01_M02,SensorCyclic,353,0.3807982740021575,CANONICAL_INPUT_ID_NOT_PROVEN_ADMISSION_ORDER,L_REDSTAR
H2S,FULLY_SCHEDULED,SC_S1_C01_M03,SensorCyclic,354,0.3818770226537217,CANONICAL_INPUT_ID_NOT_PROVEN_ADMISSION_ORDER,L_REDSTAR
H2S,FULLY_SCHEDULED,SC_S1_C01_M04,SensorCyclic,355,0.38295577130528585,CANONICAL_INPUT_ID_NOT_PROVEN_ADMISSION_ORDER,L_REDSTAR
H2S,FULLY_SCHEDULED,SC_S1_C02_M01,SensorCyclic,356,0.38403451995685006,CANONICAL_INPUT_ID_NOT_PROVEN_ADMISSION_ORDER,L_REDSTAR
H2S,FULLY_SCHEDULED,SC_S1_C02_M02,SensorCyclic,357,0.3851132686084142,CANONICAL_INPUT_ID_NOT_PROVEN_ADMISSION_ORDER,L_REDSTAR
H2S,FULLY_SCHEDULED,SC_S1_C02_M03,SensorCyclic,358,0.3861920172599784,CANONICAL_INPUT_ID_NOT_PROVEN_ADMISSION_ORDER,L_REDSTAR
H2S,FULLY_SCHEDULED,SC_S1_C02_M04,SensorCyclic,359,0.38727076591154264,CANONICAL_INPUT_ID_NOT_PROVEN_ADMISSION_ORDER,L_REDSTAR
H2S,FULLY_SCHEDULED,SC_S1_C03_M01,SensorCyclic,360,0.3883495145631068,CANONICAL_INPUT_ID_NOT_PROVEN_ADMISSION_ORDER,L_REDSTAR
H2S,FULLY_SCHEDULED,SC_S1_C03_M02,SensorCyclic,361,0.389428263214671,CANONICAL_INPUT_ID_NOT_PROVEN_ADMISSION_ORDER,L_REDSTAR
H2S,FULLY_SCHEDULED,SC_S1_C03_M03,SensorCyclic,362,0.39050701186623515,CANONICAL_INPUT_ID_NOT_PROVEN_ADMISSION_ORDER,L_REDSTAR
H2S,FULLY_SCHEDULED,SC_S1_C03_M04,SensorCyclic,363,0.39158576051779936,CANONICAL_INPUT_ID_NOT_PROVEN_ADMISSION_ORDER,L_REDSTAR
H2S,FULLY_SCHEDULED,SC_S1_C04_M01,SensorCyclic,364,0.3926645091693635,CANONICAL_INPUT_ID_NOT_PROVEN_ADMISSION_ORDER,L_REDSTAR
H2S,FULLY_SCHEDULED,SC_S1_C04_M02,SensorCyclic,365,0.39374325782092773,CANONICAL_INPUT_ID_NOT_PROVEN_ADMISSION_ORDER,L_REDSTAR
H2S,FULLY_SCHEDULED,SC_S1_C04_M03,SensorCyclic,366,0.3948220064724919,CANONICAL_INPUT_ID_NOT_PROVEN_ADMISSION_ORDER,L_REDSTAR
H2S,FULLY_SCHEDULED,SC_S1_C04_M04,SensorCyclic,367,0.3959007551240561,CANONICAL_INPUT_ID_NOT_PROVEN_ADMISSION_ORDER,L_REDSTAR
H2S,FULLY_SCHEDULED,SC_S1_C05_M01,SensorCyclic,368,0.3969795037756203,CANONICAL_INPUT_ID_NOT_PROVEN_ADMISSION_ORDER,L_REDSTAR
H2S,FULLY_SCHEDULED,SC_S1_C05_M02,SensorCyclic,369,0.39805825242718446,CANONICAL_INPUT_ID_NOT_PROVEN_ADMISSION_ORDER,L_REDSTAR
H2S,FULLY_SCHEDULED,SC_S1_C05_M03,SensorCyclic,370,0.39913700107874867,CANONICAL_INPUT_ID_NOT_PROVEN_ADMISSION_ORDER,L_REDSTAR
H2S,FULLY_SCHEDULED,SC_S1_C05_M04,SensorCyclic,371,0.4002157497303128,CANONICAL_INPUT_ID_NOT_PROVEN_ADMISSION_ORDER,L_REDSTAR
H2S,FULLY_SCHEDULED,SC_S1_C06_M01,SensorCyclic,372,0.40129449838187703,CANONICAL_INPUT_ID_NOT_PROVEN_ADMISSION_ORDER,L_REDSTAR
H2S,FULLY_SCHEDULED,SC_S1_C06_M02,SensorCyclic,373,0.4023732470334412,CANONICAL_INPUT_ID_NOT_PROVEN_ADMISSION_ORDER,L_REDSTAR
H2S,FULLY_SCHEDULED,SC_S1_C06_M03,SensorCyclic,374,0.4034519956850054,CANONICAL_INPUT_ID_NOT_PROVEN_ADMISSION_ORDER,L_REDSTAR
H2S,FULLY_SCHEDULED,SC_S1_C06_M04,SensorCyclic,375,0.4045307443365696,CANONICAL_INPUT_ID_NOT_PROVEN_ADMISSION_ORDER,L_REDSTAR
H2S,FULLY_SCHEDULED,SC_S1_C07_M01,SensorCyclic,376,0.40560949298813376,CANONICAL_INPUT_ID_NOT_PROVEN_ADMISSION_ORDER,L_REDSTAR
H2S,FULLY_SCHEDULED,SC_S1_C07_M02,SensorCyclic,377,0.40668824163969797,CANONICAL_INPUT_ID_NOT_PROVEN_ADMISSION_ORDER,L_REDSTAR
H2S,FULLY_SCHEDULED,SC_S1_C07_M03,SensorCyclic,378,0.4077669902912621,CANONICAL_INPUT_ID_NOT_PROVEN_ADMISSION_ORDER,L_REDSTAR
H2S,FULLY_SCHEDULED,SC_S1_C07_M04,SensorCyclic,379,0.40884573894282633,CANONICAL_INPUT_ID_NOT_PROVEN_ADMISSION_ORDER,L_REDSTAR
H2S,FULLY_SCHEDULED,SC_S1_C08_M01,SensorCyclic,380,0.4099244875943905,CANONICAL_INPUT_ID_NOT_PROVEN_ADMISSION_ORDER,L_REDSTAR
H2S,FULLY_SCHEDULED,SC_S1_C08_M02,SensorCyclic,381,0.4110032362459547,CANONICAL_INPUT_ID_NOT_PROVEN_ADMISSION_ORDER,L_REDSTAR
H2S,FULLY_SCHEDULED,SC_S1_C08_M03,SensorCyclic,382,0.4120819848975189,CANONICAL_INPUT_ID_NOT_PROVEN_ADMISSION_ORDER,L_REDSTAR
H2S,FULLY_SCHEDULED,SC_S1_C08_M04,SensorCyclic,383,0.41316073354908306,CANONICAL_INPUT_ID_NOT_PROVEN_ADMISSION_ORDER,L_REDSTAR
H2S,FULLY_SCHEDULED,SC_S1_C09_M01,SensorCyclic,384,0.41423948220064727,CANONICAL_INPUT_ID_NOT_PROVEN_ADMISSION_ORDER,L_REDSTAR
H2S,FULLY_SCHEDULED,SC_S1_C09_M02,SensorCyclic,385,0.4153182308522114,CANONICAL_INPUT_ID_NOT_PROVEN_ADMISSION_ORDER,L_REDSTAR
H2S,FULLY_SCHEDULED,SC_S1_C09_M03,SensorCyclic,386,0.41639697950377563,CANONICAL_INPUT_ID_NOT_PROVEN_ADMISSION_ORDER,L_REDSTAR
H2S,FULLY_SCHEDULED,SC_S1_C09_M04,SensorCyclic,387,0.4174757281553398,CANONICAL_INPUT_ID_NOT_PROVEN_ADMISSION_ORDER,L_REDSTAR
H2S,FULLY_SCHEDULED,SC_S1_C10_M01,SensorCyclic,388,0.418554476806904,CANONICAL_INPUT_ID_NOT_PROVEN_ADMISSION_ORDER,L_REDSTAR
H2S,FULLY_SCHEDULED,SC_S1_C10_M02,SensorCyclic,389,0.41963322545846815,CANONICAL_INPUT_ID_NOT_PROVEN_ADMISSION_ORDER,L_REDSTAR
H2S,FULLY_SCHEDULED,SC_S1_C10_M03,SensorCyclic,390,0.42071197411003236,CANONICAL_INPUT_ID_NOT_PROVEN_ADMISSION_ORDER,L_REDSTAR
H2S,FULLY_SCHEDULED,SC_S1_C10_M04,SensorCyclic,391,0.42179072276159657,CANONICAL_INPUT_ID_NOT_PROVEN_ADMISSION_ORDER,L_REDSTAR
H2S,FULLY_SCHEDULED,SC_S1_C11_M01,SensorCyclic,392,0.4228694714131607,CANONICAL_INPUT_ID_NOT_PROVEN_ADMISSION_ORDER,L_REDSTAR
H2S,FULLY_SCHEDULED,SC_S1_C11_M02,SensorCyclic,393,0.42394822006472493,CANONICAL_INPUT_ID_NOT_PROVEN_ADMISSION_ORDER,L_REDSTAR
H2S,FULLY_SCHEDULED,SC_S1_C11_M03,SensorCyclic,394,0.4250269687162891,CANONICAL_INPUT_ID_NOT_PROVEN_ADMISSION_ORDER,L_REDSTAR
H2S,FULLY_SCHEDULED,SC_S1_C11_M04,SensorCyclic,395,0.4261057173678533,CANONICAL_INPUT_ID_NOT_PROVEN_ADMISSION_ORDER,L_REDSTAR
H2S,FULLY_SCHEDULED,SC_S1_C12_M01,SensorCyclic,396,0.42718446601941745,CANONICAL_INPUT_ID_NOT_PROVEN_ADMISSION_ORDER,L_REDSTAR
H2S,FULLY_SCHEDULED,SC_S1_C12_M02,SensorCyclic,397,0.42826321467098166,CANONICAL_INPUT_ID_NOT_PROVEN_ADMISSION_ORDER,L_REDSTAR
H2S,FULLY_SCHEDULED,SC_S1_C12_M03,SensorCyclic,398,0.42934196332254587,CANONICAL_INPUT_ID_NOT_PROVEN_ADMISSION_ORDER,L_REDSTAR
H2S,FULLY_SCHEDULED,SC_S1_C12_M04,SensorCyclic,399,0.43042071197411,CANONICAL_INPUT_ID_NOT_PROVEN_ADMISSION_ORDER,L_REDSTAR
H2S,FULLY_SCHEDULED,SC_S1_C13_M01,SensorCyclic,400,0.43149946062567424,CANONICAL_INPUT_ID_NOT_PROVEN_ADMISSION_ORDER,L_REDSTAR
H2S,FULLY_SCHEDULED,SC_S1_C13_M02,SensorCyclic,401,0.4325782092772384,CANONICAL_INPUT_ID_NOT_PROVEN_ADMISSION_ORDER,L_REDSTAR
H2S,FULLY_SCHEDULED,SC_S1_C13_M03,SensorCyclic,402,0.4336569579288026,CANONICAL_INPUT_ID_NOT_PROVEN_ADMISSION_ORDER,L_REDSTAR
H2S,FULLY_SCHEDULED,SC_S1_C13_M04,SensorCyclic,403,0.43473570658036675,CANONICAL_INPUT_ID_NOT_PROVEN_ADMISSION_ORDER,L_REDSTAR
H2S,FULLY_SCHEDULED,SC_S1_C14_M01,SensorCyclic,404,0.43581445523193096,CANONICAL_INPUT_ID_NOT_PROVEN_ADMISSION_ORDER,L_REDSTAR
H2S,FULLY_SCHEDULED,SC_S1_C14_M02,SensorCyclic,405,0.4368932038834951,CANONICAL_INPUT_ID_NOT_PROVEN_ADMISSION_ORDER,L_REDSTAR
H2S,FULLY_SCHEDULED,SC_S1_C14_M03,SensorCyclic,406,0.43797195253505933,CANONICAL_INPUT_ID_NOT_PROVEN_ADMISSION_ORDER,L_REDSTAR
H2S,FULLY_SCHEDULED,SC_S1_C14_M04,SensorCyclic,407,0.43905070118662354,CANONICAL_INPUT_ID_NOT_PROVEN_ADMISSION_ORDER,L_REDSTAR
H2S,FULLY_SCHEDULED,SC_S1_C15_M01,SensorCyclic,408,0.4401294498381877,CANONICAL_INPUT_ID_NOT_PROVEN_ADMISSION_ORDER,L_REDSTAR
H2S,FULLY_SCHEDULED,SC_S1_C15_M02,SensorCyclic,409,0.4412081984897519,CANONICAL_INPUT_ID_NOT_PROVEN_ADMISSION_ORDER,L_REDSTAR
H2S,FULLY_SCHEDULED,SC_S1_C15_M03,SensorCyclic,410,0.44228694714131606,CANONICAL_INPUT_ID_NOT_PROVEN_ADMISSION_ORDER,L_REDSTAR
H2S,FULLY_SCHEDULED,SC_S1_C15_M04,SensorCyclic,411,0.44336569579288027,CANONICAL_INPUT_ID_NOT_PROVEN_ADMISSION_ORDER,L_REDSTAR
H2S,FULLY_SCHEDULED,SC_S1_C16_M01,SensorCyclic,412,0.4444444444444444,CANONICAL_INPUT_ID_NOT_PROVEN_ADMISSION_ORDER,L_REDSTAR
H2S,FULLY_SCHEDULED,SC_S1_C16_M02,SensorCyclic,413,0.44552319309600863,CANONICAL_INPUT_ID_NOT_PROVEN_ADMISSION_ORDER,L_REDSTAR
H2S,FULLY_SCHEDULED,SC_S1_C16_M03,SensorCyclic,414,0.44660194174757284,CANONICAL_INPUT_ID_NOT_PROVEN_ADMISSION_ORDER,L_REDSTAR
H2S,FULLY_SCHEDULED,SC_S1_C16_M04,SensorCyclic,415,0.447680690399137,CANONICAL_INPUT_ID_NOT_PROVEN_ADMISSION_ORDER,L_REDSTAR
H2S,FULLY_SCHEDULED,SC_S2_C01_M01,SensorCyclic,416,0.4487594390507012,CANONICAL_INPUT_ID_NOT_PROVEN_ADMISSION_ORDER,L_REDSTAR
H2S,FULLY_SCHEDULED,SC_S2_C01_M02,SensorCyclic,417,0.44983818770226536,CANONICAL_INPUT_ID_NOT_PROVEN_ADMISSION_ORDER,L_REDSTAR
H2S,FULLY_SCHEDULED,SC_S2_C01_M03,SensorCyclic,418,0.45091693635382957,CANONICAL_INPUT_ID_NOT_PROVEN_ADMISSION_ORDER,L_REDSTAR
H2S,FULLY_SCHEDULED,SC_S2_C01_M04,SensorCyclic,419,0.4519956850053937,CANONICAL_INPUT_ID_NOT_PROVEN_ADMISSION_ORDER,L_REDSTAR
H2S,FULLY_SCHEDULED,SC_S2_C02_M01,SensorCyclic,420,0.45307443365695793,CANONICAL_INPUT_ID_NOT_PROVEN_ADMISSION_ORDER,L_REDSTAR
H2S,FULLY_SCHEDULED,SC_S2_C02_M02,SensorCyclic,421,0.45415318230852214,CANONICAL_INPUT_ID_NOT_PROVEN_ADMISSION_ORDER,L_REDSTAR
H2S,FULLY_SCHEDULED,SC_S2_C02_M03,SensorCyclic,422,0.4552319309600863,CANONICAL_INPUT_ID_NOT_PROVEN_ADMISSION_ORDER,L_REDSTAR
H2S,FULLY_SCHEDULED,SC_S2_C02_M04,SensorCyclic,423,0.4563106796116505,CANONICAL_INPUT_ID_NOT_PROVEN_ADMISSION_ORDER,L_REDSTAR
H2S,FULLY_SCHEDULED,SC_S2_C03_M01,SensorCyclic,424,0.45738942826321466,CANONICAL_INPUT_ID_NOT_PROVEN_ADMISSION_ORDER,L_REDSTAR
H2S,FULLY_SCHEDULED,SC_S2_C03_M02,SensorCyclic,425,0.45846817691477887,CANONICAL_INPUT_ID_NOT_PROVEN_ADMISSION_ORDER,L_REDSTAR
H2S,FULLY_SCHEDULED,SC_S2_C03_M03,SensorCyclic,426,0.459546925566343,CANONICAL_INPUT_ID_NOT_PROVEN_ADMISSION_ORDER,L_REDSTAR
H2S,FULLY_SCHEDULED,SC_S2_C03_M04,SensorCyclic,427,0.46062567421790723,CANONICAL_INPUT_ID_NOT_PROVEN_ADMISSION_ORDER,L_REDSTAR
H2S,FULLY_SCHEDULED,SC_S2_C04_M01,SensorCyclic,428,0.4617044228694714,CANONICAL_INPUT_ID_NOT_PROVEN_ADMISSION_ORDER,L_REDSTAR
H2S,FULLY_SCHEDULED,SC_S2_C04_M02,SensorCyclic,429,0.4627831715210356,CANONICAL_INPUT_ID_NOT_PROVEN_ADMISSION_ORDER,L_REDSTAR
H2S,FULLY_SCHEDULED,SC_S2_C04_M03,SensorCyclic,430,0.4638619201725998,CANONICAL_INPUT_ID_NOT_PROVEN_ADMISSION_ORDER,L_REDSTAR
H2S,FULLY_SCHEDULED,SC_S2_C04_M04,SensorCyclic,431,0.46494066882416396,CANONICAL_INPUT_ID_NOT_PROVEN_ADMISSION_ORDER,L_REDSTAR
H2S,FULLY_SCHEDULED,SC_S2_C05_M01,SensorCyclic,432,0.46601941747572817,CANONICAL_INPUT_ID_NOT_PROVEN_ADMISSION_ORDER,L_REDSTAR
H2S,FULLY_SCHEDULED,SC_S2_C05_M02,SensorCyclic,433,0.4670981661272923,CANONICAL_INPUT_ID_NOT_PROVEN_ADMISSION_ORDER,L_REDSTAR
H2S,FULLY_SCHEDULED,SC_S2_C05_M03,SensorCyclic,434,0.46817691477885653,CANONICAL_INPUT_ID_NOT_PROVEN_ADMISSION_ORDER,L_REDSTAR
H2S,FULLY_SCHEDULED,SC_S2_C05_M04,SensorCyclic,435,0.4692556634304207,CANONICAL_INPUT_ID_NOT_PROVEN_ADMISSION_ORDER,L_REDSTAR
H2S,FULLY_SCHEDULED,SC_S2_C06_M01,SensorCyclic,436,0.4703344120819849,CANONICAL_INPUT_ID_NOT_PROVEN_ADMISSION_ORDER,L_REDSTAR
H2S,FULLY_SCHEDULED,SC_S2_C06_M02,SensorCyclic,437,0.4714131607335491,CANONICAL_INPUT_ID_NOT_PROVEN_ADMISSION_ORDER,L_REDSTAR
H2S,FULLY_SCHEDULED,SC_S2_C06_M03,SensorCyclic,438,0.47249190938511326,CANONICAL_INPUT_ID_NOT_PROVEN_ADMISSION_ORDER,L_REDSTAR
H2S,FULLY_SCHEDULED,SC_S2_C06_M04,SensorCyclic,439,0.47357065803667747,CANONICAL_INPUT_ID_NOT_PROVEN_ADMISSION_ORDER,L_REDSTAR
H2S,FULLY_SCHEDULED,SC_S2_C07_M01,SensorCyclic,440,0.4746494066882416,CANONICAL_INPUT_ID_NOT_PROVEN_ADMISSION_ORDER,L_REDSTAR
H2S,FULLY_SCHEDULED,SC_S2_C07_M02,SensorCyclic,441,0.47572815533980584,CANONICAL_INPUT_ID_NOT_PROVEN_ADMISSION_ORDER,L_REDSTAR
H2S,FULLY_SCHEDULED,SC_S2_C07_M03,SensorCyclic,442,0.47680690399137,CANONICAL_INPUT_ID_NOT_PROVEN_ADMISSION_ORDER,L_REDSTAR
H2S,FULLY_SCHEDULED,SC_S2_C07_M04,SensorCyclic,443,0.4778856526429342,CANONICAL_INPUT_ID_NOT_PROVEN_ADMISSION_ORDER,L_REDSTAR
H2S,FULLY_SCHEDULED,SC_S2_C08_M01,SensorCyclic,444,0.47896440129449835,CANONICAL_INPUT_ID_NOT_PROVEN_ADMISSION_ORDER,L_REDSTAR
H2S,FULLY_SCHEDULED,SC_S2_C08_M02,SensorCyclic,445,0.48004314994606256,CANONICAL_INPUT_ID_NOT_PROVEN_ADMISSION_ORDER,L_REDSTAR
H2S,FULLY_SCHEDULED,SC_S2_C08_M03,SensorCyclic,446,0.4811218985976268,CANONICAL_INPUT_ID_NOT_PROVEN_ADMISSION_ORDER,L_REDSTAR
H2S,FULLY_SCHEDULED,SC_S2_C08_M04,SensorCyclic,447,0.48220064724919093,CANONICAL_INPUT_ID_NOT_PROVEN_ADMISSION_ORDER,L_REDSTAR
H2S,FULLY_SCHEDULED,SC_S2_C09_M01,SensorCyclic,448,0.48327939590075514,CANONICAL_INPUT_ID_NOT_PROVEN_ADMISSION_ORDER,L_REDSTAR
H2S,FULLY_SCHEDULED,SC_S2_C09_M02,SensorCyclic,449,0.4843581445523193,CANONICAL_INPUT_ID_NOT_PROVEN_ADMISSION_ORDER,L_REDSTAR
H2S,FULLY_SCHEDULED,SC_S2_C09_M03,SensorCyclic,450,0.4854368932038835,CANONICAL_INPUT_ID_NOT_PROVEN_ADMISSION_ORDER,L_REDSTAR
H2S,FULLY_SCHEDULED,SC_S2_C09_M04,SensorCyclic,451,0.48651564185544766,CANONICAL_INPUT_ID_NOT_PROVEN_ADMISSION_ORDER,L_REDSTAR
H2S,FULLY_SCHEDULED,SC_S2_C10_M01,SensorCyclic,452,0.48759439050701187,CANONICAL_INPUT_ID_NOT_PROVEN_ADMISSION_ORDER,L_REDSTAR
H2S,FULLY_SCHEDULED,SC_S2_C10_M02,SensorCyclic,453,0.4886731391585761,CANONICAL_INPUT_ID_NOT_PROVEN_ADMISSION_ORDER,L_REDSTAR
H2S,FULLY_SCHEDULED,SC_S2_C10_M03,SensorCyclic,454,0.48975188781014023,CANONICAL_INPUT_ID_NOT_PROVEN_ADMISSION_ORDER,L_REDSTAR
H2S,FULLY_SCHEDULED,SC_S2_C10_M04,SensorCyclic,455,0.49083063646170444,CANONICAL_INPUT_ID_NOT_PROVEN_ADMISSION_ORDER,L_REDSTAR
H2S,FULLY_SCHEDULED,SC_S2_C11_M01,SensorCyclic,456,0.4919093851132686,CANONICAL_INPUT_ID_NOT_PROVEN_ADMISSION_ORDER,L_REDSTAR
H2S,FULLY_SCHEDULED,SC_S2_C11_M02,SensorCyclic,457,0.4929881337648328,CANONICAL_INPUT_ID_NOT_PROVEN_ADMISSION_ORDER,L_REDSTAR
H2S,FULLY_SCHEDULED,SC_S2_C11_M03,SensorCyclic,458,0.49406688241639696,CANONICAL_INPUT_ID_NOT_PROVEN_ADMISSION_ORDER,L_REDSTAR
H2S,FULLY_SCHEDULED,SC_S2_C11_M04,SensorCyclic,459,0.49514563106796117,CANONICAL_INPUT_ID_NOT_PROVEN_ADMISSION_ORDER,L_REDSTAR
H2S,FULLY_SCHEDULED,SC_S2_C12_M01,SensorCyclic,460,0.4962243797195254,CANONICAL_INPUT_ID_NOT_PROVEN_ADMISSION_ORDER,L_REDSTAR
H2S,FULLY_SCHEDULED,SC_S2_C12_M02,SensorCyclic,461,0.49730312837108953,CANONICAL_INPUT_ID_NOT_PROVEN_ADMISSION_ORDER,L_REDSTAR
H2S,FULLY_SCHEDULED,SC_S2_C12_M03,SensorCyclic,462,0.49838187702265374,CANONICAL_INPUT_ID_NOT_PROVEN_ADMISSION_ORDER,L_REDSTAR
H2S,FULLY_SCHEDULED,SC_S2_C12_M04,SensorCyclic,463,0.4994606256742179,CANONICAL_INPUT_ID_NOT_PROVEN_ADMISSION_ORDER,L_REDSTAR
H2S,FULLY_SCHEDULED,SC_S2_C13_M01,SensorCyclic,464,0.5005393743257821,CANONICAL_INPUT_ID_NOT_PROVEN_ADMISSION_ORDER,L_REDSTAR
H2S,FULLY_SCHEDULED,SC_S2_C13_M02,SensorCyclic,465,0.5016181229773463,CANONICAL_INPUT_ID_NOT_PROVEN_ADMISSION_ORDER,L_REDSTAR
H2S,FULLY_SCHEDULED,SC_S2_C13_M03,SensorCyclic,466,0.5026968716289104,CANONICAL_INPUT_ID_NOT_PROVEN_ADMISSION_ORDER,L_REDSTAR
H2S,FULLY_SCHEDULED,SC_S2_C13_M04,SensorCyclic,467,0.5037756202804746,CANONICAL_INPUT_ID_NOT_PROVEN_ADMISSION_ORDER,L_REDSTAR
H2S,FULLY_SCHEDULED,SC_S2_C14_M01,SensorCyclic,468,0.5048543689320388,CANONICAL_INPUT_ID_NOT_PROVEN_ADMISSION_ORDER,L_REDSTAR
H2S,FULLY_SCHEDULED,SC_S2_C14_M02,SensorCyclic,469,0.505933117583603,CANONICAL_INPUT_ID_NOT_PROVEN_ADMISSION_ORDER,L_REDSTAR
H2S,FULLY_SCHEDULED,SC_S2_C14_M03,SensorCyclic,470,0.5070118662351673,CANONICAL_INPUT_ID_NOT_PROVEN_ADMISSION_ORDER,L_REDSTAR
H2S,FULLY_SCHEDULED,SC_S2_C14_M04,SensorCyclic,471,0.5080906148867314,CANONICAL_INPUT_ID_NOT_PROVEN_ADMISSION_ORDER,L_REDSTAR
H2S,FULLY_SCHEDULED,SC_S2_C15_M01,SensorCyclic,472,0.5091693635382956,CANONICAL_INPUT_ID_NOT_PROVEN_ADMISSION_ORDER,L_REDSTAR
H2S,FULLY_SCHEDULED,SC_S2_C15_M02,SensorCyclic,473,0.5102481121898598,CANONICAL_INPUT_ID_NOT_PROVEN_ADMISSION_ORDER,L_REDSTAR
H2S,FULLY_SCHEDULED,SC_S2_C15_M03,SensorCyclic,474,0.511326860841424,CANONICAL_INPUT_ID_NOT_PROVEN_ADMISSION_ORDER,L_REDSTAR
H2S,FULLY_SCHEDULED,SC_S2_C15_M04,SensorCyclic,475,0.5124056094929881,CANONICAL_INPUT_ID_NOT_PROVEN_ADMISSION_ORDER,L_REDSTAR
H2S,FULLY_SCHEDULED,SC_S2_C16_M01,SensorCyclic,476,0.5134843581445523,CANONICAL_INPUT_ID_NOT_PROVEN_ADMISSION_ORDER,L_REDSTAR
H2S,FULLY_SCHEDULED,SC_S2_C16_M02,SensorCyclic,477,0.5145631067961165,CANONICAL_INPUT_ID_NOT_PROVEN_ADMISSION_ORDER,L_REDSTAR
H2S,FULLY_SCHEDULED,SC_S2_C16_M03,SensorCyclic,478,0.5156418554476807,CANONICAL_INPUT_ID_NOT_PROVEN_ADMISSION_ORDER,L_REDSTAR
H2S,FULLY_SCHEDULED,SC_S2_C16_M04,SensorCyclic,479,0.5167206040992449,CANONICAL_INPUT_ID_NOT_PROVEN_ADMISSION_ORDER,L_REDSTAR
H2S,FULLY_SCHEDULED,SC_S3_C01_M01,SensorCyclic,480,0.517799352750809,CANONICAL_INPUT_ID_NOT_PROVEN_ADMISSION_ORDER,L_REDSTAR
H2S,FULLY_SCHEDULED,SC_S3_C01_M02,SensorCyclic,481,0.5188781014023732,CANONICAL_INPUT_ID_NOT_PROVEN_ADMISSION_ORDER,L_REDSTAR
H2S,FULLY_SCHEDULED,SC_S3_C01_M03,SensorCyclic,482,0.5199568500539374,CANONICAL_INPUT_ID_NOT_PROVEN_ADMISSION_ORDER,L_REDSTAR
H2S,FULLY_SCHEDULED,SC_S3_C01_M04,SensorCyclic,483,0.5210355987055016,CANONICAL_INPUT_ID_NOT_PROVEN_ADMISSION_ORDER,L_REDSTAR
H2S,FULLY_SCHEDULED,SC_S3_C02_M01,SensorCyclic,484,0.5221143473570659,CANONICAL_INPUT_ID_NOT_PROVEN_ADMISSION_ORDER,L_REDSTAR
H2S,FULLY_SCHEDULED,SC_S3_C02_M02,SensorCyclic,485,0.52319309600863,CANONICAL_INPUT_ID_NOT_PROVEN_ADMISSION_ORDER,L_REDSTAR
H2S,FULLY_SCHEDULED,SC_S3_C02_M03,SensorCyclic,486,0.5242718446601942,CANONICAL_INPUT_ID_NOT_PROVEN_ADMISSION_ORDER,L_REDSTAR
H2S,FULLY_SCHEDULED,SC_S3_C02_M04,SensorCyclic,487,0.5253505933117584,CANONICAL_INPUT_ID_NOT_PROVEN_ADMISSION_ORDER,L_REDSTAR
H2S,FULLY_SCHEDULED,SC_S3_C03_M01,SensorCyclic,488,0.5264293419633226,CANONICAL_INPUT_ID_NOT_PROVEN_ADMISSION_ORDER,L_REDSTAR
H2S,FULLY_SCHEDULED,SC_S3_C03_M02,SensorCyclic,489,0.5275080906148867,CANONICAL_INPUT_ID_NOT_PROVEN_ADMISSION_ORDER,L_REDSTAR
H2S,FULLY_SCHEDULED,SC_S3_C03_M03,SensorCyclic,490,0.5285868392664509,CANONICAL_INPUT_ID_NOT_PROVEN_ADMISSION_ORDER,L_REDSTAR
H2S,FULLY_SCHEDULED,SC_S3_C03_M04,SensorCyclic,491,0.5296655879180151,CANONICAL_INPUT_ID_NOT_PROVEN_ADMISSION_ORDER,L_REDSTAR
H2S,FULLY_SCHEDULED,SC_S3_C04_M01,SensorCyclic,492,0.5307443365695793,CANONICAL_INPUT_ID_NOT_PROVEN_ADMISSION_ORDER,L_REDSTAR
H2S,FULLY_SCHEDULED,SC_S3_C04_M02,SensorCyclic,493,0.5318230852211435,CANONICAL_INPUT_ID_NOT_PROVEN_ADMISSION_ORDER,L_REDSTAR
H2S,FULLY_SCHEDULED,SC_S3_C04_M03,SensorCyclic,494,0.5329018338727076,CANONICAL_INPUT_ID_NOT_PROVEN_ADMISSION_ORDER,L_REDSTAR
H2S,FULLY_SCHEDULED,SC_S3_C04_M04,SensorCyclic,495,0.5339805825242718,CANONICAL_INPUT_ID_NOT_PROVEN_ADMISSION_ORDER,L_REDSTAR
H2S,FULLY_SCHEDULED,SC_S3_C05_M01,SensorCyclic,496,0.535059331175836,CANONICAL_INPUT_ID_NOT_PROVEN_ADMISSION_ORDER,L_REDSTAR
H2S,FULLY_SCHEDULED,SC_S3_C05_M02,SensorCyclic,497,0.5361380798274002,CANONICAL_INPUT_ID_NOT_PROVEN_ADMISSION_ORDER,L_REDSTAR
H2S,FULLY_SCHEDULED,SC_S3_C05_M03,SensorCyclic,498,0.5372168284789643,CANONICAL_INPUT_ID_NOT_PROVEN_ADMISSION_ORDER,L_REDSTAR
H2S,FULLY_SCHEDULED,SC_S3_C05_M04,SensorCyclic,499,0.5382955771305286,CANONICAL_INPUT_ID_NOT_PROVEN_ADMISSION_ORDER,L_REDSTAR
H2S,FULLY_SCHEDULED,SC_S3_C06_M01,SensorCyclic,500,0.5393743257820928,CANONICAL_INPUT_ID_NOT_PROVEN_ADMISSION_ORDER,L_REDSTAR
H2S,FULLY_SCHEDULED,SC_S3_C06_M02,SensorCyclic,501,0.540453074433657,CANONICAL_INPUT_ID_NOT_PROVEN_ADMISSION_ORDER,L_REDSTAR
H2S,FULLY_SCHEDULED,SC_S3_C06_M03,SensorCyclic,502,0.5415318230852212,CANONICAL_INPUT_ID_NOT_PROVEN_ADMISSION_ORDER,L_REDSTAR
H2S,FULLY_SCHEDULED,SC_S3_C06_M04,SensorCyclic,503,0.5426105717367853,CANONICAL_INPUT_ID_NOT_PROVEN_ADMISSION_ORDER,L_REDSTAR
H2S,FULLY_SCHEDULED,SC_S3_C07_M01,SensorCyclic,504,0.5436893203883495,CANONICAL_INPUT_ID_NOT_PROVEN_ADMISSION_ORDER,L_REDSTAR
H2S,FULLY_SCHEDULED,SC_S3_C07_M02,SensorCyclic,505,0.5447680690399137,CANONICAL_INPUT_ID_NOT_PROVEN_ADMISSION_ORDER,L_REDSTAR
H2S,FULLY_SCHEDULED,SC_S3_C07_M03,SensorCyclic,506,0.5458468176914779,CANONICAL_INPUT_ID_NOT_PROVEN_ADMISSION_ORDER,L_REDSTAR
H2S,FULLY_SCHEDULED,SC_S3_C07_M04,SensorCyclic,507,0.5469255663430421,CANONICAL_INPUT_ID_NOT_PROVEN_ADMISSION_ORDER,L_REDSTAR
H2S,FULLY_SCHEDULED,SC_S3_C08_M01,SensorCyclic,508,0.5480043149946062,CANONICAL_INPUT_ID_NOT_PROVEN_ADMISSION_ORDER,L_REDSTAR
H2S,FULLY_SCHEDULED,SC_S3_C08_M02,SensorCyclic,509,0.5490830636461704,CANONICAL_INPUT_ID_NOT_PROVEN_ADMISSION_ORDER,L_REDSTAR
H2S,FULLY_SCHEDULED,SC_S3_C08_M03,SensorCyclic,510,0.5501618122977346,CANONICAL_INPUT_ID_NOT_PROVEN_ADMISSION_ORDER,L_REDSTAR
H2S,FULLY_SCHEDULED,SC_S3_C08_M04,SensorCyclic,511,0.5512405609492989,CANONICAL_INPUT_ID_NOT_PROVEN_ADMISSION_ORDER,L_REDSTAR
H2S,FULLY_SCHEDULED,SC_S3_C09_M01,SensorCyclic,512,0.552319309600863,CANONICAL_INPUT_ID_NOT_PROVEN_ADMISSION_ORDER,L_REDSTAR
H2S,FULLY_SCHEDULED,SC_S3_C09_M02,SensorCyclic,513,0.5533980582524272,CANONICAL_INPUT_ID_NOT_PROVEN_ADMISSION_ORDER,L_REDSTAR
H2S,FULLY_SCHEDULED,SC_S3_C09_M03,SensorCyclic,514,0.5544768069039914,CANONICAL_INPUT_ID_NOT_PROVEN_ADMISSION_ORDER,L_REDSTAR
H2S,FULLY_SCHEDULED,SC_S3_C09_M04,SensorCyclic,515,0.5555555555555556,CANONICAL_INPUT_ID_NOT_PROVEN_ADMISSION_ORDER,L_REDSTAR
H2S,FULLY_SCHEDULED,SC_S3_C10_M01,SensorCyclic,516,0.5566343042071198,CANONICAL_INPUT_ID_NOT_PROVEN_ADMISSION_ORDER,L_REDSTAR
H2S,FULLY_SCHEDULED,SC_S3_C10_M02,SensorCyclic,517,0.5577130528586839,CANONICAL_INPUT_ID_NOT_PROVEN_ADMISSION_ORDER,L_REDSTAR
H2S,FULLY_SCHEDULED,SC_S3_C10_M03,SensorCyclic,518,0.5587918015102481,CANONICAL_INPUT_ID_NOT_PROVEN_ADMISSION_ORDER,L_REDSTAR
H2S,FULLY_SCHEDULED,SC_S3_C10_M04,SensorCyclic,519,0.5598705501618123,CANONICAL_INPUT_ID_NOT_PROVEN_ADMISSION_ORDER,L_REDSTAR
H2S,FULLY_SCHEDULED,SC_S3_C11_M01,SensorCyclic,520,0.5609492988133765,CANONICAL_INPUT_ID_NOT_PROVEN_ADMISSION_ORDER,L_REDSTAR
H2S,FULLY_SCHEDULED,SC_S3_C11_M02,SensorCyclic,521,0.5620280474649406,CANONICAL_INPUT_ID_NOT_PROVEN_ADMISSION_ORDER,L_REDSTAR
H2S,FULLY_SCHEDULED,SC_S3_C11_M03,SensorCyclic,522,0.5631067961165048,CANONICAL_INPUT_ID_NOT_PROVEN_ADMISSION_ORDER,L_REDSTAR
H2S,FULLY_SCHEDULED,SC_S3_C11_M04,SensorCyclic,523,0.564185544768069,CANONICAL_INPUT_ID_NOT_PROVEN_ADMISSION_ORDER,L_REDSTAR
H2S,FULLY_SCHEDULED,SC_S3_C12_M01,SensorCyclic,524,0.5652642934196332,CANONICAL_INPUT_ID_NOT_PROVEN_ADMISSION_ORDER,L_REDSTAR
H2S,FULLY_SCHEDULED,SC_S3_C12_M02,SensorCyclic,525,0.5663430420711975,CANONICAL_INPUT_ID_NOT_PROVEN_ADMISSION_ORDER,L_REDSTAR
H2S,FULLY_SCHEDULED,SC_S3_C12_M03,SensorCyclic,526,0.5674217907227616,CANONICAL_INPUT_ID_NOT_PROVEN_ADMISSION_ORDER,L_REDSTAR
H2S,FULLY_SCHEDULED,SC_S3_C12_M04,SensorCyclic,527,0.5685005393743258,CANONICAL_INPUT_ID_NOT_PROVEN_ADMISSION_ORDER,L_REDSTAR
H2S,FULLY_SCHEDULED,SC_S3_C13_M01,SensorCyclic,528,0.56957928802589,CANONICAL_INPUT_ID_NOT_PROVEN_ADMISSION_ORDER,L_REDSTAR
H2S,FULLY_SCHEDULED,SC_S3_C13_M02,SensorCyclic,529,0.5706580366774542,CANONICAL_INPUT_ID_NOT_PROVEN_ADMISSION_ORDER,L_REDSTAR
H2S,FULLY_SCHEDULED,SC_S3_C13_M03,SensorCyclic,530,0.5717367853290184,CANONICAL_INPUT_ID_NOT_PROVEN_ADMISSION_ORDER,L_REDSTAR
H2S,FULLY_SCHEDULED,SC_S3_C13_M04,SensorCyclic,531,0.5728155339805825,CANONICAL_INPUT_ID_NOT_PROVEN_ADMISSION_ORDER,L_REDSTAR
H2S,FULLY_SCHEDULED,SC_S3_C14_M01,SensorCyclic,532,0.5738942826321467,CANONICAL_INPUT_ID_NOT_PROVEN_ADMISSION_ORDER,L_REDSTAR
H2S,FULLY_SCHEDULED,SC_S3_C14_M02,SensorCyclic,533,0.5749730312837109,CANONICAL_INPUT_ID_NOT_PROVEN_ADMISSION_ORDER,L_REDSTAR
H2S,FULLY_SCHEDULED,SC_S3_C14_M03,SensorCyclic,534,0.5760517799352751,CANONICAL_INPUT_ID_NOT_PROVEN_ADMISSION_ORDER,L_REDSTAR
H2S,FULLY_SCHEDULED,SC_S3_C14_M04,SensorCyclic,535,0.5771305285868392,CANONICAL_INPUT_ID_NOT_PROVEN_ADMISSION_ORDER,L_REDSTAR
H2S,FULLY_SCHEDULED,SC_S3_C15_M01,SensorCyclic,536,0.5782092772384034,CANONICAL_INPUT_ID_NOT_PROVEN_ADMISSION_ORDER,L_REDSTAR
H2S,FULLY_SCHEDULED,SC_S3_C15_M02,SensorCyclic,537,0.5792880258899676,CANONICAL_INPUT_ID_NOT_PROVEN_ADMISSION_ORDER,L_REDSTAR
H2S,FULLY_SCHEDULED,SC_S3_C15_M03,SensorCyclic,538,0.5803667745415318,CANONICAL_INPUT_ID_NOT_PROVEN_ADMISSION_ORDER,L_REDSTAR
H2S,FULLY_SCHEDULED,SC_S3_C15_M04,SensorCyclic,539,0.5814455231930961,CANONICAL_INPUT_ID_NOT_PROVEN_ADMISSION_ORDER,L_REDSTAR
H2S,FULLY_SCHEDULED,SC_S3_C16_M01,SensorCyclic,540,0.5825242718446602,CANONICAL_INPUT_ID_NOT_PROVEN_ADMISSION_ORDER,L_REDSTAR
H2S,FULLY_SCHEDULED,SC_S3_C16_M02,SensorCyclic,541,0.5836030204962244,CANONICAL_INPUT_ID_NOT_PROVEN_ADMISSION_ORDER,L_REDSTAR
H2S,FULLY_SCHEDULED,SC_S3_C16_M03,SensorCyclic,542,0.5846817691477886,CANONICAL_INPUT_ID_NOT_PROVEN_ADMISSION_ORDER,L_REDSTAR
H2S,FULLY_SCHEDULED,SC_S3_C16_M04,SensorCyclic,543,0.5857605177993528,CANONICAL_INPUT_ID_NOT_PROVEN_ADMISSION_ORDER,L_REDSTAR
H2S,FULLY_SCHEDULED,SC_S4_C01_M01,SensorCyclic,544,0.5868392664509169,CANONICAL_INPUT_ID_NOT_PROVEN_ADMISSION_ORDER,L_REDSTAR
H2S,FULLY_SCHEDULED,SC_S4_C01_M02,SensorCyclic,545,0.5879180151024811,CANONICAL_INPUT_ID_NOT_PROVEN_ADMISSION_ORDER,L_REDSTAR
H2S,FULLY_SCHEDULED,SC_S4_C01_M03,SensorCyclic,546,0.5889967637540453,CANONICAL_INPUT_ID_NOT_PROVEN_ADMISSION_ORDER,L_REDSTAR
H2S,FULLY_SCHEDULED,SC_S4_C01_M04,SensorCyclic,547,0.5900755124056095,CANONICAL_INPUT_ID_NOT_PROVEN_ADMISSION_ORDER,L_REDSTAR
H2S,FULLY_SCHEDULED,SC_S4_C02_M01,SensorCyclic,548,0.5911542610571737,CANONICAL_INPUT_ID_NOT_PROVEN_ADMISSION_ORDER,L_REDSTAR
H2S,FULLY_SCHEDULED,SC_S4_C02_M02,SensorCyclic,549,0.5922330097087378,CANONICAL_INPUT_ID_NOT_PROVEN_ADMISSION_ORDER,L_REDSTAR
H2S,FULLY_SCHEDULED,SC_S4_C02_M03,SensorCyclic,550,0.593311758360302,CANONICAL_INPUT_ID_NOT_PROVEN_ADMISSION_ORDER,L_REDSTAR
H2S,FULLY_SCHEDULED,SC_S4_C02_M04,SensorCyclic,551,0.5943905070118662,CANONICAL_INPUT_ID_NOT_PROVEN_ADMISSION_ORDER,L_REDSTAR
H2S,FULLY_SCHEDULED,SC_S4_C03_M01,SensorCyclic,552,0.5954692556634305,CANONICAL_INPUT_ID_NOT_PROVEN_ADMISSION_ORDER,L_REDSTAR
H2S,FULLY_SCHEDULED,SC_S4_C03_M02,SensorCyclic,553,0.5965480043149946,CANONICAL_INPUT_ID_NOT_PROVEN_ADMISSION_ORDER,L_REDSTAR
H2S,FULLY_SCHEDULED,SC_S4_C03_M03,SensorCyclic,554,0.5976267529665588,CANONICAL_INPUT_ID_NOT_PROVEN_ADMISSION_ORDER,L_REDSTAR
H2S,FULLY_SCHEDULED,SC_S4_C03_M04,SensorCyclic,555,0.598705501618123,CANONICAL_INPUT_ID_NOT_PROVEN_ADMISSION_ORDER,L_REDSTAR
H2S,FULLY_SCHEDULED,SC_S4_C04_M01,SensorCyclic,556,0.5997842502696872,CANONICAL_INPUT_ID_NOT_PROVEN_ADMISSION_ORDER,L_REDSTAR
H2S,FULLY_SCHEDULED,SC_S4_C04_M02,SensorCyclic,557,0.6008629989212514,CANONICAL_INPUT_ID_NOT_PROVEN_ADMISSION_ORDER,L_REDSTAR
H2S,FULLY_SCHEDULED,SC_S4_C04_M03,SensorCyclic,558,0.6019417475728155,CANONICAL_INPUT_ID_NOT_PROVEN_ADMISSION_ORDER,L_REDSTAR
H2S,FULLY_SCHEDULED,SC_S4_C04_M04,SensorCyclic,559,0.6030204962243797,CANONICAL_INPUT_ID_NOT_PROVEN_ADMISSION_ORDER,L_REDSTAR
H2S,FULLY_SCHEDULED,SC_S4_C05_M01,SensorCyclic,560,0.6040992448759439,CANONICAL_INPUT_ID_NOT_PROVEN_ADMISSION_ORDER,L_REDSTAR
H2S,FULLY_SCHEDULED,SC_S4_C05_M02,SensorCyclic,561,0.6051779935275081,CANONICAL_INPUT_ID_NOT_PROVEN_ADMISSION_ORDER,L_REDSTAR
H2S,FULLY_SCHEDULED,SC_S4_C05_M03,SensorCyclic,562,0.6062567421790723,CANONICAL_INPUT_ID_NOT_PROVEN_ADMISSION_ORDER,L_REDSTAR
H2S,FULLY_SCHEDULED,SC_S4_C05_M04,SensorCyclic,563,0.6073354908306364,CANONICAL_INPUT_ID_NOT_PROVEN_ADMISSION_ORDER,L_REDSTAR
H2S,FULLY_SCHEDULED,SC_S4_C06_M01,SensorCyclic,564,0.6084142394822006,CANONICAL_INPUT_ID_NOT_PROVEN_ADMISSION_ORDER,L_REDSTAR
H2S,FULLY_SCHEDULED,SC_S4_C06_M02,SensorCyclic,565,0.6094929881337648,CANONICAL_INPUT_ID_NOT_PROVEN_ADMISSION_ORDER,L_REDSTAR
H2S,FULLY_SCHEDULED,SC_S4_C06_M03,SensorCyclic,566,0.6105717367853291,CANONICAL_INPUT_ID_NOT_PROVEN_ADMISSION_ORDER,L_REDSTAR
H2S,FULLY_SCHEDULED,SC_S4_C06_M04,SensorCyclic,567,0.6116504854368932,CANONICAL_INPUT_ID_NOT_PROVEN_ADMISSION_ORDER,L_REDSTAR
H2S,FULLY_SCHEDULED,SC_S4_C07_M01,SensorCyclic,568,0.6127292340884574,CANONICAL_INPUT_ID_NOT_PROVEN_ADMISSION_ORDER,L_REDSTAR
H2S,FULLY_SCHEDULED,SC_S4_C07_M02,SensorCyclic,569,0.6138079827400216,CANONICAL_INPUT_ID_NOT_PROVEN_ADMISSION_ORDER,L_REDSTAR
H2S,FULLY_SCHEDULED,SC_S4_C07_M03,SensorCyclic,570,0.6148867313915858,CANONICAL_INPUT_ID_NOT_PROVEN_ADMISSION_ORDER,L_REDSTAR
H2S,FULLY_SCHEDULED,SC_S4_C07_M04,SensorCyclic,571,0.61596548004315,CANONICAL_INPUT_ID_NOT_PROVEN_ADMISSION_ORDER,L_REDSTAR
H2S,FULLY_SCHEDULED,SC_S4_C08_M01,SensorCyclic,572,0.6170442286947141,CANONICAL_INPUT_ID_NOT_PROVEN_ADMISSION_ORDER,L_REDSTAR
H2S,FULLY_SCHEDULED,SC_S4_C08_M02,SensorCyclic,573,0.6181229773462783,CANONICAL_INPUT_ID_NOT_PROVEN_ADMISSION_ORDER,L_REDSTAR
H2S,FULLY_SCHEDULED,SC_S4_C08_M03,SensorCyclic,574,0.6192017259978425,CANONICAL_INPUT_ID_NOT_PROVEN_ADMISSION_ORDER,L_REDSTAR
H2S,FULLY_SCHEDULED,SC_S4_C08_M04,SensorCyclic,575,0.6202804746494067,CANONICAL_INPUT_ID_NOT_PROVEN_ADMISSION_ORDER,L_REDSTAR
H2S,FULLY_SCHEDULED,SC_S4_C09_M01,SensorCyclic,576,0.6213592233009708,CANONICAL_INPUT_ID_NOT_PROVEN_ADMISSION_ORDER,L_REDSTAR
H2S,FULLY_SCHEDULED,SC_S4_C09_M02,SensorCyclic,577,0.622437971952535,CANONICAL_INPUT_ID_NOT_PROVEN_ADMISSION_ORDER,L_REDSTAR
H2S,FULLY_SCHEDULED,SC_S4_C09_M03,SensorCyclic,578,0.6235167206040992,CANONICAL_INPUT_ID_NOT_PROVEN_ADMISSION_ORDER,L_REDSTAR
H2S,FULLY_SCHEDULED,SC_S4_C09_M04,SensorCyclic,579,0.6245954692556634,CANONICAL_INPUT_ID_NOT_PROVEN_ADMISSION_ORDER,L_REDSTAR
H2S,FULLY_SCHEDULED,SC_S4_C10_M01,SensorCyclic,580,0.6256742179072277,CANONICAL_INPUT_ID_NOT_PROVEN_ADMISSION_ORDER,L_REDSTAR
H2S,FULLY_SCHEDULED,SC_S4_C10_M02,SensorCyclic,581,0.6267529665587918,CANONICAL_INPUT_ID_NOT_PROVEN_ADMISSION_ORDER,L_REDSTAR
H2S,FULLY_SCHEDULED,SC_S4_C10_M03,SensorCyclic,582,0.627831715210356,CANONICAL_INPUT_ID_NOT_PROVEN_ADMISSION_ORDER,L_REDSTAR
H2S,FULLY_SCHEDULED,SC_S4_C10_M04,SensorCyclic,583,0.6289104638619202,CANONICAL_INPUT_ID_NOT_PROVEN_ADMISSION_ORDER,L_REDSTAR
H2S,FULLY_SCHEDULED,SC_S4_C11_M01,SensorCyclic,584,0.6299892125134844,CANONICAL_INPUT_ID_NOT_PROVEN_ADMISSION_ORDER,L_REDSTAR
H2S,FULLY_SCHEDULED,SC_S4_C11_M02,SensorCyclic,585,0.6310679611650486,CANONICAL_INPUT_ID_NOT_PROVEN_ADMISSION_ORDER,L_REDSTAR
H2S,FULLY_SCHEDULED,SC_S4_C11_M03,SensorCyclic,586,0.6321467098166127,CANONICAL_INPUT_ID_NOT_PROVEN_ADMISSION_ORDER,L_REDSTAR
H2S,FULLY_SCHEDULED,SC_S4_C11_M04,SensorCyclic,587,0.6332254584681769,CANONICAL_INPUT_ID_NOT_PROVEN_ADMISSION_ORDER,L_REDSTAR
H2S,FULLY_SCHEDULED,SC_S4_C12_M01,SensorCyclic,588,0.6343042071197411,CANONICAL_INPUT_ID_NOT_PROVEN_ADMISSION_ORDER,L_REDSTAR
H2S,FULLY_SCHEDULED,SC_S4_C12_M02,SensorCyclic,589,0.6353829557713053,CANONICAL_INPUT_ID_NOT_PROVEN_ADMISSION_ORDER,L_REDSTAR
H2S,FULLY_SCHEDULED,SC_S4_C12_M03,SensorCyclic,590,0.6364617044228694,CANONICAL_INPUT_ID_NOT_PROVEN_ADMISSION_ORDER,L_REDSTAR
H2S,FULLY_SCHEDULED,SC_S4_C12_M04,SensorCyclic,591,0.6375404530744336,CANONICAL_INPUT_ID_NOT_PROVEN_ADMISSION_ORDER,L_REDSTAR
H2S,FULLY_SCHEDULED,SC_S4_C13_M01,SensorCyclic,592,0.6386192017259978,CANONICAL_INPUT_ID_NOT_PROVEN_ADMISSION_ORDER,L_REDSTAR
H2S,FULLY_SCHEDULED,SC_S4_C13_M02,SensorCyclic,593,0.639697950377562,CANONICAL_INPUT_ID_NOT_PROVEN_ADMISSION_ORDER,L_REDSTAR
H2S,FULLY_SCHEDULED,SC_S4_C13_M03,SensorCyclic,594,0.6407766990291263,CANONICAL_INPUT_ID_NOT_PROVEN_ADMISSION_ORDER,L_REDSTAR
H2S,FULLY_SCHEDULED,SC_S4_C13_M04,SensorCyclic,595,0.6418554476806904,CANONICAL_INPUT_ID_NOT_PROVEN_ADMISSION_ORDER,L_REDSTAR
H2S,FULLY_SCHEDULED,SC_S4_C14_M01,SensorCyclic,596,0.6429341963322546,CANONICAL_INPUT_ID_NOT_PROVEN_ADMISSION_ORDER,L_REDSTAR
H2S,FULLY_SCHEDULED,SC_S4_C14_M02,SensorCyclic,597,0.6440129449838188,CANONICAL_INPUT_ID_NOT_PROVEN_ADMISSION_ORDER,L_REDSTAR
H2S,FULLY_SCHEDULED,SC_S4_C14_M03,SensorCyclic,598,0.645091693635383,CANONICAL_INPUT_ID_NOT_PROVEN_ADMISSION_ORDER,L_REDSTAR
H2S,FULLY_SCHEDULED,SC_S4_C14_M04,SensorCyclic,599,0.6461704422869471,CANONICAL_INPUT_ID_NOT_PROVEN_ADMISSION_ORDER,L_REDSTAR
H2S,FULLY_SCHEDULED,SC_S4_C15_M01,SensorCyclic,600,0.6472491909385113,CANONICAL_INPUT_ID_NOT_PROVEN_ADMISSION_ORDER,L_REDSTAR
H2S,FULLY_SCHEDULED,SC_S4_C15_M02,SensorCyclic,601,0.6483279395900755,CANONICAL_INPUT_ID_NOT_PROVEN_ADMISSION_ORDER,L_REDSTAR
H2S,FULLY_SCHEDULED,SC_S4_C15_M03,SensorCyclic,602,0.6494066882416397,CANONICAL_INPUT_ID_NOT_PROVEN_ADMISSION_ORDER,L_REDSTAR
H2S,FULLY_SCHEDULED,SC_S4_C15_M04,SensorCyclic,603,0.6504854368932039,CANONICAL_INPUT_ID_NOT_PROVEN_ADMISSION_ORDER,L_REDSTAR
H2S,FULLY_SCHEDULED,SC_S4_C16_M01,SensorCyclic,604,0.651564185544768,CANONICAL_INPUT_ID_NOT_PROVEN_ADMISSION_ORDER,L_REDSTAR
H2S,FULLY_SCHEDULED,SC_S4_C16_M02,SensorCyclic,605,0.6526429341963322,CANONICAL_INPUT_ID_NOT_PROVEN_ADMISSION_ORDER,L_REDSTAR
H2S,FULLY_SCHEDULED,SC_S4_C16_M03,SensorCyclic,606,0.6537216828478964,CANONICAL_INPUT_ID_NOT_PROVEN_ADMISSION_ORDER,L_REDSTAR
H2S,FULLY_SCHEDULED,SC_S4_C16_M04,SensorCyclic,607,0.6548004314994607,CANONICAL_INPUT_ID_NOT_PROVEN_ADMISSION_ORDER,L_REDSTAR
H2S,FULLY_SCHEDULED,SF_S1_C01_M01,SensorFast,608,0.6558791801510249,CANONICAL_INPUT_ID_NOT_PROVEN_ADMISSION_ORDER,L_REDSTAR
H2S,FULLY_SCHEDULED,SF_S1_C01_M02,SensorFast,609,0.656957928802589,CANONICAL_INPUT_ID_NOT_PROVEN_ADMISSION_ORDER,L_REDSTAR
H2S,FULLY_SCHEDULED,SF_S1_C01_M03,SensorFast,610,0.6580366774541532,CANONICAL_INPUT_ID_NOT_PROVEN_ADMISSION_ORDER,L_REDSTAR
H2S,FULLY_SCHEDULED,SF_S1_C01_M04,SensorFast,611,0.6591154261057174,CANONICAL_INPUT_ID_NOT_PROVEN_ADMISSION_ORDER,L_REDSTAR
H2S,FULLY_SCHEDULED,SF_S1_C02_M01,SensorFast,612,0.6601941747572816,CANONICAL_INPUT_ID_NOT_PROVEN_ADMISSION_ORDER,L_REDSTAR
H2S,FULLY_SCHEDULED,SF_S1_C02_M02,SensorFast,613,0.6612729234088457,CANONICAL_INPUT_ID_NOT_PROVEN_ADMISSION_ORDER,L_REDSTAR
H2S,FULLY_SCHEDULED,SF_S1_C02_M03,SensorFast,614,0.6623516720604099,CANONICAL_INPUT_ID_NOT_PROVEN_ADMISSION_ORDER,L_REDSTAR
H2S,FULLY_SCHEDULED,SF_S1_C02_M04,SensorFast,615,0.6634304207119741,CANONICAL_INPUT_ID_NOT_PROVEN_ADMISSION_ORDER,L_REDSTAR
H2S,FULLY_SCHEDULED,SF_S1_C03_M01,SensorFast,616,0.6645091693635383,CANONICAL_INPUT_ID_NOT_PROVEN_ADMISSION_ORDER,L_REDSTAR
H2S,FULLY_SCHEDULED,SF_S1_C03_M02,SensorFast,617,0.6655879180151025,CANONICAL_INPUT_ID_NOT_PROVEN_ADMISSION_ORDER,L_REDSTAR
H2S,FULLY_SCHEDULED,SF_S1_C03_M03,SensorFast,618,0.6666666666666666,CANONICAL_INPUT_ID_NOT_PROVEN_ADMISSION_ORDER,L_REDSTAR
H2S,FULLY_SCHEDULED,SF_S1_C03_M04,SensorFast,619,0.6677454153182308,CANONICAL_INPUT_ID_NOT_PROVEN_ADMISSION_ORDER,L_REDSTAR
H2S,FULLY_SCHEDULED,SF_S1_C04_M01,SensorFast,620,0.668824163969795,CANONICAL_INPUT_ID_NOT_PROVEN_ADMISSION_ORDER,L_REDSTAR
H2S,FULLY_SCHEDULED,SF_S1_C04_M02,SensorFast,621,0.6699029126213593,CANONICAL_INPUT_ID_NOT_PROVEN_ADMISSION_ORDER,L_REDSTAR
H2S,FULLY_SCHEDULED,SF_S1_C04_M03,SensorFast,622,0.6709816612729234,CANONICAL_INPUT_ID_NOT_PROVEN_ADMISSION_ORDER,L_REDSTAR
H2S,FULLY_SCHEDULED,SF_S1_C04_M04,SensorFast,623,0.6720604099244876,CANONICAL_INPUT_ID_NOT_PROVEN_ADMISSION_ORDER,L_REDSTAR
H2S,FULLY_SCHEDULED,SF_S1_C05_M01,SensorFast,624,0.6731391585760518,CANONICAL_INPUT_ID_NOT_PROVEN_ADMISSION_ORDER,L_REDSTAR
H2S,FULLY_SCHEDULED,SF_S1_C05_M02,SensorFast,625,0.674217907227616,CANONICAL_INPUT_ID_NOT_PROVEN_ADMISSION_ORDER,L_REDSTAR
H2S,FULLY_SCHEDULED,SF_S1_C05_M03,SensorFast,626,0.6752966558791802,CANONICAL_INPUT_ID_NOT_PROVEN_ADMISSION_ORDER,L_REDSTAR
H2S,FULLY_SCHEDULED,SF_S1_C05_M04,SensorFast,627,0.6763754045307443,CANONICAL_INPUT_ID_NOT_PROVEN_ADMISSION_ORDER,L_REDSTAR
H2S,FULLY_SCHEDULED,SF_S1_C06_M01,SensorFast,628,0.6774541531823085,CANONICAL_INPUT_ID_NOT_PROVEN_ADMISSION_ORDER,L_REDSTAR
H2S,FULLY_SCHEDULED,SF_S1_C06_M02,SensorFast,629,0.6785329018338727,CANONICAL_INPUT_ID_NOT_PROVEN_ADMISSION_ORDER,L_REDSTAR
H2S,FULLY_SCHEDULED,SF_S1_C06_M03,SensorFast,630,0.6796116504854369,CANONICAL_INPUT_ID_NOT_PROVEN_ADMISSION_ORDER,L_REDSTAR
H2S,FULLY_SCHEDULED,SF_S1_C06_M04,SensorFast,631,0.6806903991370011,CANONICAL_INPUT_ID_NOT_PROVEN_ADMISSION_ORDER,L_REDSTAR
H2S,FULLY_SCHEDULED,SF_S1_C07_M01,SensorFast,632,0.6817691477885652,CANONICAL_INPUT_ID_NOT_PROVEN_ADMISSION_ORDER,L_REDSTAR
H2S,FULLY_SCHEDULED,SF_S1_C07_M02,SensorFast,633,0.6828478964401294,CANONICAL_INPUT_ID_NOT_PROVEN_ADMISSION_ORDER,L_REDSTAR
H2S,FULLY_SCHEDULED,SF_S1_C07_M03,SensorFast,634,0.6839266450916937,CANONICAL_INPUT_ID_NOT_PROVEN_ADMISSION_ORDER,L_REDSTAR
H2S,FULLY_SCHEDULED,SF_S1_C07_M04,SensorFast,635,0.6850053937432579,CANONICAL_INPUT_ID_NOT_PROVEN_ADMISSION_ORDER,L_REDSTAR
H2S,FULLY_SCHEDULED,SF_S1_C08_M01,SensorFast,636,0.686084142394822,CANONICAL_INPUT_ID_NOT_PROVEN_ADMISSION_ORDER,L_REDSTAR
H2S,FULLY_SCHEDULED,SF_S1_C08_M02,SensorFast,637,0.6871628910463862,CANONICAL_INPUT_ID_NOT_PROVEN_ADMISSION_ORDER,L_REDSTAR
H2S,FULLY_SCHEDULED,SF_S1_C08_M03,SensorFast,638,0.6882416396979504,CANONICAL_INPUT_ID_NOT_PROVEN_ADMISSION_ORDER,L_REDSTAR
H2S,FULLY_SCHEDULED,SF_S1_C08_M04,SensorFast,639,0.6893203883495146,CANONICAL_INPUT_ID_NOT_PROVEN_ADMISSION_ORDER,L_REDSTAR
H2S,FULLY_SCHEDULED,SF_S1_C09_M01,SensorFast,640,0.6903991370010788,CANONICAL_INPUT_ID_NOT_PROVEN_ADMISSION_ORDER,L_REDSTAR
H2S,FULLY_SCHEDULED,SF_S1_C09_M02,SensorFast,641,0.6914778856526429,CANONICAL_INPUT_ID_NOT_PROVEN_ADMISSION_ORDER,L_REDSTAR
H2S,FULLY_SCHEDULED,SF_S1_C09_M03,SensorFast,642,0.6925566343042071,CANONICAL_INPUT_ID_NOT_PROVEN_ADMISSION_ORDER,L_REDSTAR
H2S,FULLY_SCHEDULED,SF_S1_C09_M04,SensorFast,643,0.6936353829557713,CANONICAL_INPUT_ID_NOT_PROVEN_ADMISSION_ORDER,L_REDSTAR
H2S,FULLY_SCHEDULED,SF_S1_C10_M01,SensorFast,644,0.6947141316073355,CANONICAL_INPUT_ID_NOT_PROVEN_ADMISSION_ORDER,L_REDSTAR
H2S,FULLY_SCHEDULED,SF_S1_C10_M02,SensorFast,645,0.6957928802588996,CANONICAL_INPUT_ID_NOT_PROVEN_ADMISSION_ORDER,L_REDSTAR
H2S,FULLY_SCHEDULED,SF_S1_C10_M03,SensorFast,646,0.6968716289104638,CANONICAL_INPUT_ID_NOT_PROVEN_ADMISSION_ORDER,L_REDSTAR
H2S,FULLY_SCHEDULED,SF_S1_C10_M04,SensorFast,647,0.697950377562028,CANONICAL_INPUT_ID_NOT_PROVEN_ADMISSION_ORDER,L_REDSTAR
H2S,FULLY_SCHEDULED,SF_S1_C11_M01,SensorFast,648,0.6990291262135923,CANONICAL_INPUT_ID_NOT_PROVEN_ADMISSION_ORDER,L_REDSTAR
H2S,FULLY_SCHEDULED,SF_S1_C11_M02,SensorFast,649,0.7001078748651565,CANONICAL_INPUT_ID_NOT_PROVEN_ADMISSION_ORDER,L_REDSTAR
H2S,FULLY_SCHEDULED,SF_S1_C11_M03,SensorFast,650,0.7011866235167206,CANONICAL_INPUT_ID_NOT_PROVEN_ADMISSION_ORDER,L_REDSTAR
H2S,FULLY_SCHEDULED,SF_S1_C11_M04,SensorFast,651,0.7022653721682848,CANONICAL_INPUT_ID_NOT_PROVEN_ADMISSION_ORDER,L_REDSTAR
H2S,FULLY_SCHEDULED,SF_S1_C12_M01,SensorFast,652,0.703344120819849,CANONICAL_INPUT_ID_NOT_PROVEN_ADMISSION_ORDER,L_REDSTAR
H2S,FULLY_SCHEDULED,SF_S1_C12_M02,SensorFast,653,0.7044228694714132,CANONICAL_INPUT_ID_NOT_PROVEN_ADMISSION_ORDER,L_REDSTAR
H2S,FULLY_SCHEDULED,SF_S1_C12_M03,SensorFast,654,0.7055016181229773,CANONICAL_INPUT_ID_NOT_PROVEN_ADMISSION_ORDER,L_REDSTAR
H2S,FULLY_SCHEDULED,SF_S1_C12_M04,SensorFast,655,0.7065803667745415,CANONICAL_INPUT_ID_NOT_PROVEN_ADMISSION_ORDER,L_REDSTAR
H2S,FULLY_SCHEDULED,SF_S1_C13_M01,SensorFast,656,0.7076591154261057,CANONICAL_INPUT_ID_NOT_PROVEN_ADMISSION_ORDER,L_REDSTAR
H2S,FULLY_SCHEDULED,SF_S1_C13_M02,SensorFast,657,0.7087378640776699,CANONICAL_INPUT_ID_NOT_PROVEN_ADMISSION_ORDER,L_REDSTAR
H2S,FULLY_SCHEDULED,SF_S1_C13_M03,SensorFast,658,0.7098166127292341,CANONICAL_INPUT_ID_NOT_PROVEN_ADMISSION_ORDER,L_REDSTAR
H2S,FULLY_SCHEDULED,SF_S1_C13_M04,SensorFast,659,0.7108953613807982,CANONICAL_INPUT_ID_NOT_PROVEN_ADMISSION_ORDER,L_REDSTAR
H2S,FULLY_SCHEDULED,SF_S1_C14_M01,SensorFast,660,0.7119741100323624,CANONICAL_INPUT_ID_NOT_PROVEN_ADMISSION_ORDER,L_REDSTAR
H2S,FULLY_SCHEDULED,SF_S1_C14_M02,SensorFast,661,0.7130528586839266,CANONICAL_INPUT_ID_NOT_PROVEN_ADMISSION_ORDER,L_REDSTAR
H2S,FULLY_SCHEDULED,SF_S1_C14_M03,SensorFast,662,0.7141316073354909,CANONICAL_INPUT_ID_NOT_PROVEN_ADMISSION_ORDER,L_REDSTAR
H2S,FULLY_SCHEDULED,SF_S1_C14_M04,SensorFast,663,0.7152103559870551,CANONICAL_INPUT_ID_NOT_PROVEN_ADMISSION_ORDER,L_REDSTAR
H2S,FULLY_SCHEDULED,SF_S1_C15_M01,SensorFast,664,0.7162891046386192,CANONICAL_INPUT_ID_NOT_PROVEN_ADMISSION_ORDER,L_REDSTAR
H2S,FULLY_SCHEDULED,SF_S1_C15_M02,SensorFast,665,0.7173678532901834,CANONICAL_INPUT_ID_NOT_PROVEN_ADMISSION_ORDER,L_REDSTAR
H2S,FULLY_SCHEDULED,SF_S1_C15_M03,SensorFast,666,0.7184466019417476,CANONICAL_INPUT_ID_NOT_PROVEN_ADMISSION_ORDER,L_REDSTAR
H2S,FULLY_SCHEDULED,SF_S1_C15_M04,SensorFast,667,0.7195253505933118,CANONICAL_INPUT_ID_NOT_PROVEN_ADMISSION_ORDER,L_REDSTAR
H2S,FULLY_SCHEDULED,SF_S1_C16_M01,SensorFast,668,0.7206040992448759,CANONICAL_INPUT_ID_NOT_PROVEN_ADMISSION_ORDER,L_REDSTAR
H2S,FULLY_SCHEDULED,SF_S1_C16_M02,SensorFast,669,0.7216828478964401,CANONICAL_INPUT_ID_NOT_PROVEN_ADMISSION_ORDER,L_REDSTAR
H2S,FULLY_SCHEDULED,SF_S1_C16_M03,SensorFast,670,0.7227615965480043,CANONICAL_INPUT_ID_NOT_PROVEN_ADMISSION_ORDER,L_REDSTAR
H2S,FULLY_SCHEDULED,SF_S1_C16_M04,SensorFast,671,0.7238403451995685,CANONICAL_INPUT_ID_NOT_PROVEN_ADMISSION_ORDER,L_REDSTAR
H2S,FULLY_SCHEDULED,SF_S2_C01_M01,SensorFast,672,0.7249190938511327,CANONICAL_INPUT_ID_NOT_PROVEN_ADMISSION_ORDER,L_REDSTAR
H2S,FULLY_SCHEDULED,SF_S2_C01_M02,SensorFast,673,0.7259978425026968,CANONICAL_INPUT_ID_NOT_PROVEN_ADMISSION_ORDER,L_REDSTAR
H2S,FULLY_SCHEDULED,SF_S2_C01_M03,SensorFast,674,0.727076591154261,CANONICAL_INPUT_ID_NOT_PROVEN_ADMISSION_ORDER,L_REDSTAR
H2S,FULLY_SCHEDULED,SF_S2_C01_M04,SensorFast,675,0.7281553398058253,CANONICAL_INPUT_ID_NOT_PROVEN_ADMISSION_ORDER,L_REDSTAR
H2S,FULLY_SCHEDULED,SF_S2_C02_M01,SensorFast,676,0.7292340884573895,CANONICAL_INPUT_ID_NOT_PROVEN_ADMISSION_ORDER,L_REDSTAR
H2S,FULLY_SCHEDULED,SF_S2_C02_M02,SensorFast,677,0.7303128371089536,CANONICAL_INPUT_ID_NOT_PROVEN_ADMISSION_ORDER,L_REDSTAR
H2S,FULLY_SCHEDULED,SF_S2_C02_M03,SensorFast,678,0.7313915857605178,CANONICAL_INPUT_ID_NOT_PROVEN_ADMISSION_ORDER,L_REDSTAR
H2S,FULLY_SCHEDULED,SF_S2_C02_M04,SensorFast,679,0.732470334412082,CANONICAL_INPUT_ID_NOT_PROVEN_ADMISSION_ORDER,L_REDSTAR
H2S,FULLY_SCHEDULED,SF_S2_C03_M01,SensorFast,680,0.7335490830636462,CANONICAL_INPUT_ID_NOT_PROVEN_ADMISSION_ORDER,L_REDSTAR
H2S,FULLY_SCHEDULED,SF_S2_C03_M02,SensorFast,681,0.7346278317152104,CANONICAL_INPUT_ID_NOT_PROVEN_ADMISSION_ORDER,L_REDSTAR
H2S,FULLY_SCHEDULED,SF_S2_C03_M03,SensorFast,682,0.7357065803667745,CANONICAL_INPUT_ID_NOT_PROVEN_ADMISSION_ORDER,L_REDSTAR
H2S,FULLY_SCHEDULED,SF_S2_C03_M04,SensorFast,683,0.7367853290183387,CANONICAL_INPUT_ID_NOT_PROVEN_ADMISSION_ORDER,L_REDSTAR
H2S,FULLY_SCHEDULED,SF_S2_C04_M01,SensorFast,684,0.7378640776699029,CANONICAL_INPUT_ID_NOT_PROVEN_ADMISSION_ORDER,L_REDSTAR
H2S,FULLY_SCHEDULED,SF_S2_C04_M02,SensorFast,685,0.7389428263214671,CANONICAL_INPUT_ID_NOT_PROVEN_ADMISSION_ORDER,L_REDSTAR
H2S,FULLY_SCHEDULED,SF_S2_C04_M03,SensorFast,686,0.7400215749730313,CANONICAL_INPUT_ID_NOT_PROVEN_ADMISSION_ORDER,L_REDSTAR
H2S,FULLY_SCHEDULED,SF_S2_C04_M04,SensorFast,687,0.7411003236245954,CANONICAL_INPUT_ID_NOT_PROVEN_ADMISSION_ORDER,L_REDSTAR
H2S,FULLY_SCHEDULED,SF_S2_C05_M01,SensorFast,688,0.7421790722761596,CANONICAL_INPUT_ID_NOT_PROVEN_ADMISSION_ORDER,L_REDSTAR
H2S,FULLY_SCHEDULED,SF_S2_C05_M02,SensorFast,689,0.7432578209277239,CANONICAL_INPUT_ID_NOT_PROVEN_ADMISSION_ORDER,L_REDSTAR
H2S,FULLY_SCHEDULED,SF_S2_C05_M03,SensorFast,690,0.7443365695792881,CANONICAL_INPUT_ID_NOT_PROVEN_ADMISSION_ORDER,L_REDSTAR
H2S,FULLY_SCHEDULED,SF_S2_C05_M04,SensorFast,691,0.7454153182308522,CANONICAL_INPUT_ID_NOT_PROVEN_ADMISSION_ORDER,L_REDSTAR
H2S,FULLY_SCHEDULED,SF_S2_C06_M01,SensorFast,692,0.7464940668824164,CANONICAL_INPUT_ID_NOT_PROVEN_ADMISSION_ORDER,L_REDSTAR
H2S,FULLY_SCHEDULED,SF_S2_C06_M02,SensorFast,693,0.7475728155339806,CANONICAL_INPUT_ID_NOT_PROVEN_ADMISSION_ORDER,L_REDSTAR
H2S,FULLY_SCHEDULED,SF_S2_C06_M03,SensorFast,694,0.7486515641855448,CANONICAL_INPUT_ID_NOT_PROVEN_ADMISSION_ORDER,L_REDSTAR
H2S,FULLY_SCHEDULED,SF_S2_C06_M04,SensorFast,695,0.749730312837109,CANONICAL_INPUT_ID_NOT_PROVEN_ADMISSION_ORDER,L_REDSTAR
H2S,FULLY_SCHEDULED,SF_S2_C07_M01,SensorFast,696,0.7508090614886731,CANONICAL_INPUT_ID_NOT_PROVEN_ADMISSION_ORDER,L_REDSTAR
H2S,FULLY_SCHEDULED,SF_S2_C07_M02,SensorFast,697,0.7518878101402373,CANONICAL_INPUT_ID_NOT_PROVEN_ADMISSION_ORDER,L_REDSTAR
H2S,FULLY_SCHEDULED,SF_S2_C07_M03,SensorFast,698,0.7529665587918015,CANONICAL_INPUT_ID_NOT_PROVEN_ADMISSION_ORDER,L_REDSTAR
H2S,FULLY_SCHEDULED,SF_S2_C07_M04,SensorFast,699,0.7540453074433657,CANONICAL_INPUT_ID_NOT_PROVEN_ADMISSION_ORDER,L_REDSTAR
H2S,FULLY_SCHEDULED,SF_S2_C08_M01,SensorFast,700,0.7551240560949298,CANONICAL_INPUT_ID_NOT_PROVEN_ADMISSION_ORDER,L_REDSTAR
H2S,FULLY_SCHEDULED,SF_S2_C08_M02,SensorFast,701,0.756202804746494,CANONICAL_INPUT_ID_NOT_PROVEN_ADMISSION_ORDER,L_REDSTAR
H2S,FULLY_SCHEDULED,SF_S2_C08_M03,SensorFast,702,0.7572815533980582,CANONICAL_INPUT_ID_NOT_PROVEN_ADMISSION_ORDER,L_REDSTAR
H2S,FULLY_SCHEDULED,SF_S2_C08_M04,SensorFast,703,0.7583603020496225,CANONICAL_INPUT_ID_NOT_PROVEN_ADMISSION_ORDER,L_REDSTAR
H2S,FULLY_SCHEDULED,SF_S2_C09_M01,SensorFast,704,0.7594390507011867,CANONICAL_INPUT_ID_NOT_PROVEN_ADMISSION_ORDER,L_REDSTAR
H2S,FULLY_SCHEDULED,SF_S2_C09_M02,SensorFast,705,0.7605177993527508,CANONICAL_INPUT_ID_NOT_PROVEN_ADMISSION_ORDER,L_REDSTAR
H2S,FULLY_SCHEDULED,SF_S2_C09_M03,SensorFast,706,0.761596548004315,CANONICAL_INPUT_ID_NOT_PROVEN_ADMISSION_ORDER,L_REDSTAR
H2S,FULLY_SCHEDULED,SF_S2_C09_M04,SensorFast,707,0.7626752966558792,CANONICAL_INPUT_ID_NOT_PROVEN_ADMISSION_ORDER,L_REDSTAR
H2S,FULLY_SCHEDULED,SF_S2_C10_M01,SensorFast,708,0.7637540453074434,CANONICAL_INPUT_ID_NOT_PROVEN_ADMISSION_ORDER,L_REDSTAR
H2S,FULLY_SCHEDULED,SF_S2_C10_M02,SensorFast,709,0.7648327939590076,CANONICAL_INPUT_ID_NOT_PROVEN_ADMISSION_ORDER,L_REDSTAR
H2S,FULLY_SCHEDULED,SF_S2_C10_M03,SensorFast,710,0.7659115426105717,CANONICAL_INPUT_ID_NOT_PROVEN_ADMISSION_ORDER,L_REDSTAR
H2S,FULLY_SCHEDULED,SF_S2_C10_M04,SensorFast,711,0.7669902912621359,CANONICAL_INPUT_ID_NOT_PROVEN_ADMISSION_ORDER,L_REDSTAR
H2S,FULLY_SCHEDULED,SF_S2_C11_M01,SensorFast,712,0.7680690399137001,CANONICAL_INPUT_ID_NOT_PROVEN_ADMISSION_ORDER,L_REDSTAR
H2S,FULLY_SCHEDULED,SF_S2_C11_M02,SensorFast,713,0.7691477885652643,CANONICAL_INPUT_ID_NOT_PROVEN_ADMISSION_ORDER,L_REDSTAR
H2S,FULLY_SCHEDULED,SF_S2_C11_M03,SensorFast,714,0.7702265372168284,CANONICAL_INPUT_ID_NOT_PROVEN_ADMISSION_ORDER,L_REDSTAR
H2S,FULLY_SCHEDULED,SF_S2_C11_M04,SensorFast,715,0.7713052858683926,CANONICAL_INPUT_ID_NOT_PROVEN_ADMISSION_ORDER,L_REDSTAR
H2S,FULLY_SCHEDULED,SF_S2_C12_M01,SensorFast,716,0.7723840345199569,CANONICAL_INPUT_ID_NOT_PROVEN_ADMISSION_ORDER,L_REDSTAR
H2S,FULLY_SCHEDULED,SF_S2_C12_M02,SensorFast,717,0.7734627831715211,CANONICAL_INPUT_ID_NOT_PROVEN_ADMISSION_ORDER,L_REDSTAR
H2S,FULLY_SCHEDULED,SF_S2_C12_M03,SensorFast,718,0.7745415318230853,CANONICAL_INPUT_ID_NOT_PROVEN_ADMISSION_ORDER,L_REDSTAR
H2S,FULLY_SCHEDULED,SF_S2_C12_M04,SensorFast,719,0.7756202804746494,CANONICAL_INPUT_ID_NOT_PROVEN_ADMISSION_ORDER,L_REDSTAR
H2S,FULLY_SCHEDULED,SF_S2_C13_M01,SensorFast,720,0.7766990291262136,CANONICAL_INPUT_ID_NOT_PROVEN_ADMISSION_ORDER,L_REDSTAR
H2S,FULLY_SCHEDULED,SF_S2_C13_M02,SensorFast,721,0.7777777777777778,CANONICAL_INPUT_ID_NOT_PROVEN_ADMISSION_ORDER,L_REDSTAR
H2S,FULLY_SCHEDULED,SF_S2_C13_M03,SensorFast,722,0.778856526429342,CANONICAL_INPUT_ID_NOT_PROVEN_ADMISSION_ORDER,L_REDSTAR
H2S,FULLY_SCHEDULED,SF_S2_C13_M04,SensorFast,723,0.7799352750809061,CANONICAL_INPUT_ID_NOT_PROVEN_ADMISSION_ORDER,L_REDSTAR
H2S,FULLY_SCHEDULED,SF_S2_C14_M01,SensorFast,724,0.7810140237324703,CANONICAL_INPUT_ID_NOT_PROVEN_ADMISSION_ORDER,L_REDSTAR
H2S,FULLY_SCHEDULED,SF_S2_C14_M02,SensorFast,725,0.7820927723840345,CANONICAL_INPUT_ID_NOT_PROVEN_ADMISSION_ORDER,L_REDSTAR
H2S,FULLY_SCHEDULED,SF_S2_C14_M03,SensorFast,726,0.7831715210355987,CANONICAL_INPUT_ID_NOT_PROVEN_ADMISSION_ORDER,L_REDSTAR
H2S,FULLY_SCHEDULED,SF_S2_C14_M04,SensorFast,727,0.7842502696871629,CANONICAL_INPUT_ID_NOT_PROVEN_ADMISSION_ORDER,L_REDSTAR
H2S,FULLY_SCHEDULED,SF_S2_C15_M01,SensorFast,728,0.785329018338727,CANONICAL_INPUT_ID_NOT_PROVEN_ADMISSION_ORDER,L_REDSTAR
H2S,FULLY_SCHEDULED,SF_S2_C15_M02,SensorFast,729,0.7864077669902912,CANONICAL_INPUT_ID_NOT_PROVEN_ADMISSION_ORDER,L_REDSTAR
H2S,FULLY_SCHEDULED,SF_S2_C15_M03,SensorFast,730,0.7874865156418555,CANONICAL_INPUT_ID_NOT_PROVEN_ADMISSION_ORDER,L_REDSTAR
H2S,FULLY_SCHEDULED,SF_S2_C15_M04,SensorFast,731,0.7885652642934197,CANONICAL_INPUT_ID_NOT_PROVEN_ADMISSION_ORDER,L_REDSTAR
H2S,FULLY_SCHEDULED,SF_S2_C16_M01,SensorFast,732,0.7896440129449838,CANONICAL_INPUT_ID_NOT_PROVEN_ADMISSION_ORDER,L_REDSTAR
H2S,FULLY_SCHEDULED,SF_S2_C16_M02,SensorFast,733,0.790722761596548,CANONICAL_INPUT_ID_NOT_PROVEN_ADMISSION_ORDER,L_REDSTAR
H2S,FULLY_SCHEDULED,SF_S2_C16_M03,SensorFast,734,0.7918015102481122,CANONICAL_INPUT_ID_NOT_PROVEN_ADMISSION_ORDER,L_REDSTAR
H2S,FULLY_SCHEDULED,SF_S2_C16_M04,SensorFast,735,0.7928802588996764,CANONICAL_INPUT_ID_NOT_PROVEN_ADMISSION_ORDER,L_REDSTAR
H2S,FULLY_SCHEDULED,SF_S3_C01_M01,SensorFast,736,0.7939590075512406,CANONICAL_INPUT_ID_NOT_PROVEN_ADMISSION_ORDER,L_REDSTAR
H2S,FULLY_SCHEDULED,SF_S3_C01_M02,SensorFast,737,0.7950377562028047,CANONICAL_INPUT_ID_NOT_PROVEN_ADMISSION_ORDER,L_REDSTAR
H2S,FULLY_SCHEDULED,SF_S3_C01_M03,SensorFast,738,0.7961165048543689,CANONICAL_INPUT_ID_NOT_PROVEN_ADMISSION_ORDER,L_REDSTAR
H2S,FULLY_SCHEDULED,SF_S3_C01_M04,SensorFast,739,0.7971952535059331,CANONICAL_INPUT_ID_NOT_PROVEN_ADMISSION_ORDER,L_REDSTAR
H2S,FULLY_SCHEDULED,SF_S3_C02_M01,SensorFast,740,0.7982740021574973,CANONICAL_INPUT_ID_NOT_PROVEN_ADMISSION_ORDER,L_REDSTAR
H2S,FULLY_SCHEDULED,SF_S3_C02_M02,SensorFast,741,0.7993527508090615,CANONICAL_INPUT_ID_NOT_PROVEN_ADMISSION_ORDER,L_REDSTAR
H2S,FULLY_SCHEDULED,SF_S3_C02_M03,SensorFast,742,0.8004314994606256,CANONICAL_INPUT_ID_NOT_PROVEN_ADMISSION_ORDER,L_REDSTAR
H2S,FULLY_SCHEDULED,SF_S3_C02_M04,SensorFast,743,0.8015102481121898,CANONICAL_INPUT_ID_NOT_PROVEN_ADMISSION_ORDER,L_REDSTAR
H2S,FULLY_SCHEDULED,SF_S3_C03_M01,SensorFast,744,0.8025889967637541,CANONICAL_INPUT_ID_NOT_PROVEN_ADMISSION_ORDER,L_REDSTAR
H2S,FULLY_SCHEDULED,SF_S3_C03_M02,SensorFast,745,0.8036677454153183,CANONICAL_INPUT_ID_NOT_PROVEN_ADMISSION_ORDER,L_REDSTAR
H2S,FULLY_SCHEDULED,SF_S3_C03_M03,SensorFast,746,0.8047464940668824,CANONICAL_INPUT_ID_NOT_PROVEN_ADMISSION_ORDER,L_REDSTAR
H2S,FULLY_SCHEDULED,SF_S3_C03_M04,SensorFast,747,0.8058252427184466,CANONICAL_INPUT_ID_NOT_PROVEN_ADMISSION_ORDER,L_REDSTAR
H2S,FULLY_SCHEDULED,SF_S3_C04_M01,SensorFast,748,0.8069039913700108,CANONICAL_INPUT_ID_NOT_PROVEN_ADMISSION_ORDER,L_REDSTAR
H2S,FULLY_SCHEDULED,SF_S3_C04_M02,SensorFast,749,0.807982740021575,CANONICAL_INPUT_ID_NOT_PROVEN_ADMISSION_ORDER,L_REDSTAR
H2S,FULLY_SCHEDULED,SF_S3_C04_M03,SensorFast,750,0.8090614886731392,CANONICAL_INPUT_ID_NOT_PROVEN_ADMISSION_ORDER,L_REDSTAR
H2S,FULLY_SCHEDULED,SF_S3_C04_M04,SensorFast,751,0.8101402373247033,CANONICAL_INPUT_ID_NOT_PROVEN_ADMISSION_ORDER,L_REDSTAR
H2S,FULLY_SCHEDULED,SF_S3_C05_M01,SensorFast,752,0.8112189859762675,CANONICAL_INPUT_ID_NOT_PROVEN_ADMISSION_ORDER,L_REDSTAR
H2S,FULLY_SCHEDULED,SF_S3_C05_M02,SensorFast,753,0.8122977346278317,CANONICAL_INPUT_ID_NOT_PROVEN_ADMISSION_ORDER,L_REDSTAR
H2S,FULLY_SCHEDULED,SF_S3_C05_M03,SensorFast,754,0.8133764832793959,CANONICAL_INPUT_ID_NOT_PROVEN_ADMISSION_ORDER,L_REDSTAR
H2S,FULLY_SCHEDULED,SF_S3_C05_M04,SensorFast,755,0.81445523193096,CANONICAL_INPUT_ID_NOT_PROVEN_ADMISSION_ORDER,L_REDSTAR
H2S,FULLY_SCHEDULED,SF_S3_C06_M01,SensorFast,756,0.8155339805825242,CANONICAL_INPUT_ID_NOT_PROVEN_ADMISSION_ORDER,L_REDSTAR
H2S,FULLY_SCHEDULED,SF_S3_C06_M02,SensorFast,757,0.8166127292340885,CANONICAL_INPUT_ID_NOT_PROVEN_ADMISSION_ORDER,L_REDSTAR
H2S,FULLY_SCHEDULED,SF_S3_C06_M03,SensorFast,758,0.8176914778856527,CANONICAL_INPUT_ID_NOT_PROVEN_ADMISSION_ORDER,L_REDSTAR
H2S,FULLY_SCHEDULED,SF_S3_C06_M04,SensorFast,759,0.8187702265372169,CANONICAL_INPUT_ID_NOT_PROVEN_ADMISSION_ORDER,L_REDSTAR
H2S,FULLY_SCHEDULED,SF_S3_C07_M01,SensorFast,760,0.819848975188781,CANONICAL_INPUT_ID_NOT_PROVEN_ADMISSION_ORDER,L_REDSTAR
H2S,FULLY_SCHEDULED,SF_S3_C07_M02,SensorFast,761,0.8209277238403452,CANONICAL_INPUT_ID_NOT_PROVEN_ADMISSION_ORDER,L_REDSTAR
H2S,FULLY_SCHEDULED,SF_S3_C07_M03,SensorFast,762,0.8220064724919094,CANONICAL_INPUT_ID_NOT_PROVEN_ADMISSION_ORDER,L_REDSTAR
H2S,FULLY_SCHEDULED,SF_S3_C07_M04,SensorFast,763,0.8230852211434736,CANONICAL_INPUT_ID_NOT_PROVEN_ADMISSION_ORDER,L_REDSTAR
H2S,FULLY_SCHEDULED,SF_S3_C08_M01,SensorFast,764,0.8241639697950378,CANONICAL_INPUT_ID_NOT_PROVEN_ADMISSION_ORDER,L_REDSTAR
H2S,FULLY_SCHEDULED,SF_S3_C08_M02,SensorFast,765,0.8252427184466019,CANONICAL_INPUT_ID_NOT_PROVEN_ADMISSION_ORDER,L_REDSTAR
H2S,FULLY_SCHEDULED,SF_S3_C08_M03,SensorFast,766,0.8263214670981661,CANONICAL_INPUT_ID_NOT_PROVEN_ADMISSION_ORDER,L_REDSTAR
H2S,FULLY_SCHEDULED,SF_S3_C08_M04,SensorFast,767,0.8274002157497303,CANONICAL_INPUT_ID_NOT_PROVEN_ADMISSION_ORDER,L_REDSTAR
H2S,FULLY_SCHEDULED,SF_S3_C09_M01,SensorFast,768,0.8284789644012945,CANONICAL_INPUT_ID_NOT_PROVEN_ADMISSION_ORDER,L_REDSTAR
H2S,FULLY_SCHEDULED,SF_S3_C09_M02,SensorFast,769,0.8295577130528586,CANONICAL_INPUT_ID_NOT_PROVEN_ADMISSION_ORDER,L_REDSTAR
H2S,FULLY_SCHEDULED,SF_S3_C09_M03,SensorFast,770,0.8306364617044228,CANONICAL_INPUT_ID_NOT_PROVEN_ADMISSION_ORDER,L_REDSTAR
H2S,FULLY_SCHEDULED,SF_S3_C09_M04,SensorFast,771,0.8317152103559871,CANONICAL_INPUT_ID_NOT_PROVEN_ADMISSION_ORDER,L_REDSTAR
H2S,FULLY_SCHEDULED,SF_S3_C10_M01,SensorFast,772,0.8327939590075513,CANONICAL_INPUT_ID_NOT_PROVEN_ADMISSION_ORDER,L_REDSTAR
H2S,FULLY_SCHEDULED,SF_S3_C10_M02,SensorFast,773,0.8338727076591155,CANONICAL_INPUT_ID_NOT_PROVEN_ADMISSION_ORDER,L_REDSTAR
H2S,FULLY_SCHEDULED,SF_S3_C10_M03,SensorFast,774,0.8349514563106796,CANONICAL_INPUT_ID_NOT_PROVEN_ADMISSION_ORDER,L_REDSTAR
H2S,FULLY_SCHEDULED,SF_S3_C10_M04,SensorFast,775,0.8360302049622438,CANONICAL_INPUT_ID_NOT_PROVEN_ADMISSION_ORDER,L_REDSTAR
H2S,FULLY_SCHEDULED,SF_S3_C11_M01,SensorFast,776,0.837108953613808,CANONICAL_INPUT_ID_NOT_PROVEN_ADMISSION_ORDER,L_REDSTAR
H2S,FULLY_SCHEDULED,SF_S3_C11_M02,SensorFast,777,0.8381877022653722,CANONICAL_INPUT_ID_NOT_PROVEN_ADMISSION_ORDER,L_REDSTAR
H2S,FULLY_SCHEDULED,SF_S3_C11_M03,SensorFast,778,0.8392664509169363,CANONICAL_INPUT_ID_NOT_PROVEN_ADMISSION_ORDER,L_REDSTAR
H2S,FULLY_SCHEDULED,SF_S3_C11_M04,SensorFast,779,0.8403451995685005,CANONICAL_INPUT_ID_NOT_PROVEN_ADMISSION_ORDER,L_REDSTAR
H2S,FULLY_SCHEDULED,SF_S3_C12_M01,SensorFast,780,0.8414239482200647,CANONICAL_INPUT_ID_NOT_PROVEN_ADMISSION_ORDER,L_REDSTAR
H2S,FULLY_SCHEDULED,SF_S3_C12_M02,SensorFast,781,0.8425026968716289,CANONICAL_INPUT_ID_NOT_PROVEN_ADMISSION_ORDER,L_REDSTAR
H2S,FULLY_SCHEDULED,SF_S3_C12_M03,SensorFast,782,0.8435814455231931,CANONICAL_INPUT_ID_NOT_PROVEN_ADMISSION_ORDER,L_REDSTAR
H2S,FULLY_SCHEDULED,SF_S3_C12_M04,SensorFast,783,0.8446601941747572,CANONICAL_INPUT_ID_NOT_PROVEN_ADMISSION_ORDER,L_REDSTAR
H2S,FULLY_SCHEDULED,SF_S3_C13_M01,SensorFast,784,0.8457389428263214,CANONICAL_INPUT_ID_NOT_PROVEN_ADMISSION_ORDER,L_REDSTAR
H2S,FULLY_SCHEDULED,SF_S3_C13_M02,SensorFast,785,0.8468176914778857,CANONICAL_INPUT_ID_NOT_PROVEN_ADMISSION_ORDER,L_REDSTAR
H2S,FULLY_SCHEDULED,SF_S3_C13_M03,SensorFast,786,0.8478964401294499,CANONICAL_INPUT_ID_NOT_PROVEN_ADMISSION_ORDER,L_REDSTAR
H2S,FULLY_SCHEDULED,SF_S3_C13_M04,SensorFast,787,0.8489751887810141,CANONICAL_INPUT_ID_NOT_PROVEN_ADMISSION_ORDER,L_REDSTAR
H2S,FULLY_SCHEDULED,SF_S3_C14_M01,SensorFast,788,0.8500539374325782,CANONICAL_INPUT_ID_NOT_PROVEN_ADMISSION_ORDER,L_REDSTAR
H2S,FULLY_SCHEDULED,SF_S3_C14_M02,SensorFast,789,0.8511326860841424,CANONICAL_INPUT_ID_NOT_PROVEN_ADMISSION_ORDER,L_REDSTAR
H2S,FULLY_SCHEDULED,SF_S3_C14_M03,SensorFast,790,0.8522114347357066,CANONICAL_INPUT_ID_NOT_PROVEN_ADMISSION_ORDER,L_REDSTAR
H2S,FULLY_SCHEDULED,SF_S3_C14_M04,SensorFast,791,0.8532901833872708,CANONICAL_INPUT_ID_NOT_PROVEN_ADMISSION_ORDER,L_REDSTAR
H2S,FULLY_SCHEDULED,SF_S3_C15_M01,SensorFast,792,0.8543689320388349,CANONICAL_INPUT_ID_NOT_PROVEN_ADMISSION_ORDER,L_REDSTAR
H2S,FULLY_SCHEDULED,SF_S3_C15_M02,SensorFast,793,0.8554476806903991,CANONICAL_INPUT_ID_NOT_PROVEN_ADMISSION_ORDER,L_REDSTAR
H2S,FULLY_SCHEDULED,SF_S3_C15_M03,SensorFast,794,0.8565264293419633,CANONICAL_INPUT_ID_NOT_PROVEN_ADMISSION_ORDER,L_REDSTAR
H2S,FULLY_SCHEDULED,SF_S3_C15_M04,SensorFast,795,0.8576051779935275,CANONICAL_INPUT_ID_NOT_PROVEN_ADMISSION_ORDER,L_REDSTAR
H2S,FULLY_SCHEDULED,SF_S3_C16_M01,SensorFast,796,0.8586839266450917,CANONICAL_INPUT_ID_NOT_PROVEN_ADMISSION_ORDER,L_REDSTAR
H2S,FULLY_SCHEDULED,SF_S3_C16_M02,SensorFast,797,0.8597626752966558,CANONICAL_INPUT_ID_NOT_PROVEN_ADMISSION_ORDER,L_REDSTAR
H2S,FULLY_SCHEDULED,SF_S3_C16_M03,SensorFast,798,0.86084142394822,CANONICAL_INPUT_ID_NOT_PROVEN_ADMISSION_ORDER,L_REDSTAR
H2S,FULLY_SCHEDULED,SF_S3_C16_M04,SensorFast,799,0.8619201725997843,CANONICAL_INPUT_ID_NOT_PROVEN_ADMISSION_ORDER,L_REDSTAR
H2S,FULLY_SCHEDULED,SF_S4_C01_M01,SensorFast,800,0.8629989212513485,CANONICAL_INPUT_ID_NOT_PROVEN_ADMISSION_ORDER,L_REDSTAR
H2S,FULLY_SCHEDULED,SF_S4_C01_M02,SensorFast,801,0.8640776699029126,CANONICAL_INPUT_ID_NOT_PROVEN_ADMISSION_ORDER,L_REDSTAR
H2S,FULLY_SCHEDULED,SF_S4_C01_M03,SensorFast,802,0.8651564185544768,CANONICAL_INPUT_ID_NOT_PROVEN_ADMISSION_ORDER,L_REDSTAR
H2S,FULLY_SCHEDULED,SF_S4_C01_M04,SensorFast,803,0.866235167206041,CANONICAL_INPUT_ID_NOT_PROVEN_ADMISSION_ORDER,L_REDSTAR
H2S,FULLY_SCHEDULED,SF_S4_C02_M01,SensorFast,804,0.8673139158576052,CANONICAL_INPUT_ID_NOT_PROVEN_ADMISSION_ORDER,L_REDSTAR
H2S,FULLY_SCHEDULED,SF_S4_C02_M02,SensorFast,805,0.8683926645091694,CANONICAL_INPUT_ID_NOT_PROVEN_ADMISSION_ORDER,L_REDSTAR
H2S,FULLY_SCHEDULED,SF_S4_C02_M03,SensorFast,806,0.8694714131607335,CANONICAL_INPUT_ID_NOT_PROVEN_ADMISSION_ORDER,L_REDSTAR
H2S,FULLY_SCHEDULED,SF_S4_C02_M04,SensorFast,807,0.8705501618122977,CANONICAL_INPUT_ID_NOT_PROVEN_ADMISSION_ORDER,L_REDSTAR
H2S,FULLY_SCHEDULED,SF_S4_C03_M01,SensorFast,808,0.8716289104638619,CANONICAL_INPUT_ID_NOT_PROVEN_ADMISSION_ORDER,L_REDSTAR
H2S,FULLY_SCHEDULED,SF_S4_C03_M02,SensorFast,809,0.8727076591154261,CANONICAL_INPUT_ID_NOT_PROVEN_ADMISSION_ORDER,L_REDSTAR
H2S,FULLY_SCHEDULED,SF_S4_C03_M03,SensorFast,810,0.8737864077669902,CANONICAL_INPUT_ID_NOT_PROVEN_ADMISSION_ORDER,L_REDSTAR
H2S,FULLY_SCHEDULED,SF_S4_C03_M04,SensorFast,811,0.8748651564185544,CANONICAL_INPUT_ID_NOT_PROVEN_ADMISSION_ORDER,L_REDSTAR
H2S,FULLY_SCHEDULED,SF_S4_C04_M01,SensorFast,812,0.8759439050701187,CANONICAL_INPUT_ID_NOT_PROVEN_ADMISSION_ORDER,L_REDSTAR
H2S,FULLY_SCHEDULED,SF_S4_C04_M02,SensorFast,813,0.8770226537216829,CANONICAL_INPUT_ID_NOT_PROVEN_ADMISSION_ORDER,L_REDSTAR
H2S,FULLY_SCHEDULED,SF_S4_C04_M03,SensorFast,814,0.8781014023732471,CANONICAL_INPUT_ID_NOT_PROVEN_ADMISSION_ORDER,L_REDSTAR
H2S,FULLY_SCHEDULED,SF_S4_C04_M04,SensorFast,815,0.8791801510248112,CANONICAL_INPUT_ID_NOT_PROVEN_ADMISSION_ORDER,L_REDSTAR
H2S,FULLY_SCHEDULED,SF_S4_C05_M01,SensorFast,816,0.8802588996763754,CANONICAL_INPUT_ID_NOT_PROVEN_ADMISSION_ORDER,L_REDSTAR
H2S,FULLY_SCHEDULED,SF_S4_C05_M02,SensorFast,817,0.8813376483279396,CANONICAL_INPUT_ID_NOT_PROVEN_ADMISSION_ORDER,L_REDSTAR
H2S,FULLY_SCHEDULED,SF_S4_C05_M03,SensorFast,818,0.8824163969795038,CANONICAL_INPUT_ID_NOT_PROVEN_ADMISSION_ORDER,L_REDSTAR
H2S,FULLY_SCHEDULED,SF_S4_C05_M04,SensorFast,819,0.883495145631068,CANONICAL_INPUT_ID_NOT_PROVEN_ADMISSION_ORDER,L_REDSTAR
H2S,FULLY_SCHEDULED,SF_S4_C06_M01,SensorFast,820,0.8845738942826321,CANONICAL_INPUT_ID_NOT_PROVEN_ADMISSION_ORDER,L_REDSTAR
H2S,FULLY_SCHEDULED,SF_S4_C06_M02,SensorFast,821,0.8856526429341963,CANONICAL_INPUT_ID_NOT_PROVEN_ADMISSION_ORDER,L_REDSTAR
H2S,FULLY_SCHEDULED,SF_S4_C06_M03,SensorFast,822,0.8867313915857605,CANONICAL_INPUT_ID_NOT_PROVEN_ADMISSION_ORDER,L_REDSTAR
H2S,FULLY_SCHEDULED,SF_S4_C06_M04,SensorFast,823,0.8878101402373247,CANONICAL_INPUT_ID_NOT_PROVEN_ADMISSION_ORDER,L_REDSTAR
H2S,FULLY_SCHEDULED,SF_S4_C07_M01,SensorFast,824,0.8888888888888888,CANONICAL_INPUT_ID_NOT_PROVEN_ADMISSION_ORDER,L_REDSTAR
H2S,FULLY_SCHEDULED,SF_S4_C07_M02,SensorFast,825,0.889967637540453,CANONICAL_INPUT_ID_NOT_PROVEN_ADMISSION_ORDER,L_REDSTAR
H2S,FULLY_SCHEDULED,SF_S4_C07_M03,SensorFast,826,0.8910463861920173,CANONICAL_INPUT_ID_NOT_PROVEN_ADMISSION_ORDER,L_REDSTAR
H2S,FULLY_SCHEDULED,SF_S4_C07_M04,SensorFast,827,0.8921251348435815,CANONICAL_INPUT_ID_NOT_PROVEN_ADMISSION_ORDER,L_REDSTAR
H2S,FULLY_SCHEDULED,SF_S4_C08_M01,SensorFast,828,0.8932038834951457,CANONICAL_INPUT_ID_NOT_PROVEN_ADMISSION_ORDER,L_REDSTAR
H2S,FULLY_SCHEDULED,SF_S4_C08_M02,SensorFast,829,0.8942826321467098,CANONICAL_INPUT_ID_NOT_PROVEN_ADMISSION_ORDER,L_REDSTAR
H2S,FULLY_SCHEDULED,SF_S4_C08_M03,SensorFast,830,0.895361380798274,CANONICAL_INPUT_ID_NOT_PROVEN_ADMISSION_ORDER,L_REDSTAR
H2S,FULLY_SCHEDULED,SF_S4_C08_M04,SensorFast,831,0.8964401294498382,CANONICAL_INPUT_ID_NOT_PROVEN_ADMISSION_ORDER,L_REDSTAR
H2S,FULLY_SCHEDULED,SF_S4_C09_M01,SensorFast,832,0.8975188781014024,CANONICAL_INPUT_ID_NOT_PROVEN_ADMISSION_ORDER,L_REDSTAR
H2S,FULLY_SCHEDULED,SF_S4_C09_M02,SensorFast,833,0.8985976267529665,CANONICAL_INPUT_ID_NOT_PROVEN_ADMISSION_ORDER,L_REDSTAR
H2S,FULLY_SCHEDULED,SF_S4_C09_M03,SensorFast,834,0.8996763754045307,CANONICAL_INPUT_ID_NOT_PROVEN_ADMISSION_ORDER,L_REDSTAR
H2S,FULLY_SCHEDULED,SF_S4_C09_M04,SensorFast,835,0.9007551240560949,CANONICAL_INPUT_ID_NOT_PROVEN_ADMISSION_ORDER,L_REDSTAR
H2S,FULLY_SCHEDULED,SF_S4_C10_M01,SensorFast,836,0.9018338727076591,CANONICAL_INPUT_ID_NOT_PROVEN_ADMISSION_ORDER,L_REDSTAR
H2S,FULLY_SCHEDULED,SF_S4_C10_M02,SensorFast,837,0.9029126213592233,CANONICAL_INPUT_ID_NOT_PROVEN_ADMISSION_ORDER,L_REDSTAR
H2S,FULLY_SCHEDULED,SF_S4_C10_M03,SensorFast,838,0.9039913700107874,CANONICAL_INPUT_ID_NOT_PROVEN_ADMISSION_ORDER,L_REDSTAR
H2S,FULLY_SCHEDULED,SF_S4_C10_M04,SensorFast,839,0.9050701186623517,CANONICAL_INPUT_ID_NOT_PROVEN_ADMISSION_ORDER,L_REDSTAR
H2S,FULLY_SCHEDULED,SF_S4_C11_M01,SensorFast,840,0.9061488673139159,CANONICAL_INPUT_ID_NOT_PROVEN_ADMISSION_ORDER,L_REDSTAR
H2S,FULLY_SCHEDULED,SF_S4_C11_M02,SensorFast,841,0.9072276159654801,CANONICAL_INPUT_ID_NOT_PROVEN_ADMISSION_ORDER,L_REDSTAR
H2S,FULLY_SCHEDULED,SF_S4_C11_M03,SensorFast,842,0.9083063646170443,CANONICAL_INPUT_ID_NOT_PROVEN_ADMISSION_ORDER,L_REDSTAR
H2S,FULLY_SCHEDULED,SF_S4_C11_M04,SensorFast,843,0.9093851132686084,CANONICAL_INPUT_ID_NOT_PROVEN_ADMISSION_ORDER,L_REDSTAR
H2S,FULLY_SCHEDULED,SF_S4_C12_M01,SensorFast,844,0.9104638619201726,CANONICAL_INPUT_ID_NOT_PROVEN_ADMISSION_ORDER,L_REDSTAR
H2S,FULLY_SCHEDULED,SF_S4_C12_M02,SensorFast,845,0.9115426105717368,CANONICAL_INPUT_ID_NOT_PROVEN_ADMISSION_ORDER,L_REDSTAR
H2S,FULLY_SCHEDULED,SF_S4_C12_M03,SensorFast,846,0.912621359223301,CANONICAL_INPUT_ID_NOT_PROVEN_ADMISSION_ORDER,L_REDSTAR
H2S,FULLY_SCHEDULED,SF_S4_C12_M04,SensorFast,847,0.9137001078748651,CANONICAL_INPUT_ID_NOT_PROVEN_ADMISSION_ORDER,L_REDSTAR
H2S,FULLY_SCHEDULED,SF_S4_C13_M01,SensorFast,848,0.9147788565264293,CANONICAL_INPUT_ID_NOT_PROVEN_ADMISSION_ORDER,L_REDSTAR
H2S,FULLY_SCHEDULED,SF_S4_C13_M02,SensorFast,849,0.9158576051779935,CANONICAL_INPUT_ID_NOT_PROVEN_ADMISSION_ORDER,L_REDSTAR
H2S,FULLY_SCHEDULED,SF_S4_C13_M03,SensorFast,850,0.9169363538295577,CANONICAL_INPUT_ID_NOT_PROVEN_ADMISSION_ORDER,L_REDSTAR
H2S,FULLY_SCHEDULED,SF_S4_C13_M04,SensorFast,851,0.918015102481122,CANONICAL_INPUT_ID_NOT_PROVEN_ADMISSION_ORDER,L_REDSTAR
H2S,FULLY_SCHEDULED,SF_S4_C14_M01,SensorFast,852,0.919093851132686,CANONICAL_INPUT_ID_NOT_PROVEN_ADMISSION_ORDER,L_REDSTAR
H2S,FULLY_SCHEDULED,SF_S4_C14_M02,SensorFast,853,0.9201725997842503,CANONICAL_INPUT_ID_NOT_PROVEN_ADMISSION_ORDER,L_REDSTAR
H2S,FULLY_SCHEDULED,SF_S4_C14_M03,SensorFast,854,0.9212513484358145,CANONICAL_INPUT_ID_NOT_PROVEN_ADMISSION_ORDER,L_REDSTAR
H2S,FULLY_SCHEDULED,SF_S4_C14_M04,SensorFast,855,0.9223300970873787,CANONICAL_INPUT_ID_NOT_PROVEN_ADMISSION_ORDER,L_REDSTAR
H2S,FULLY_SCHEDULED,SF_S4_C15_M01,SensorFast,856,0.9234088457389428,CANONICAL_INPUT_ID_NOT_PROVEN_ADMISSION_ORDER,L_REDSTAR
H2S,FULLY_SCHEDULED,SF_S4_C15_M02,SensorFast,857,0.924487594390507,CANONICAL_INPUT_ID_NOT_PROVEN_ADMISSION_ORDER,L_REDSTAR
H2S,FULLY_SCHEDULED,SF_S4_C15_M03,SensorFast,858,0.9255663430420712,CANONICAL_INPUT_ID_NOT_PROVEN_ADMISSION_ORDER,L_REDSTAR
H2S,FULLY_SCHEDULED,SF_S4_C15_M04,SensorFast,859,0.9266450916936354,CANONICAL_INPUT_ID_NOT_PROVEN_ADMISSION_ORDER,L_REDSTAR
H2S,FULLY_SCHEDULED,SF_S4_C16_M01,SensorFast,860,0.9277238403451996,CANONICAL_INPUT_ID_NOT_PROVEN_ADMISSION_ORDER,L_REDSTAR
H2S,FULLY_SCHEDULED,SF_S4_C16_M02,SensorFast,861,0.9288025889967637,CANONICAL_INPUT_ID_NOT_PROVEN_ADMISSION_ORDER,L_REDSTAR
H2S,FULLY_SCHEDULED,SF_S4_C16_M03,SensorFast,862,0.9298813376483279,CANONICAL_INPUT_ID_NOT_PROVEN_ADMISSION_ORDER,L_REDSTAR
H2S,FULLY_SCHEDULED,SF_S4_C16_M04,SensorFast,863,0.9309600862998921,CANONICAL_INPUT_ID_NOT_PROVEN_ADMISSION_ORDER,L_REDSTAR
H2S,FULLY_SCHEDULED,STAT_PLC_C01_M01,MachineStatus,864,0.9320388349514563,CANONICAL_INPUT_ID_NOT_PROVEN_ADMISSION_ORDER,L_REDSTAR
H2S,FULLY_SCHEDULED,STAT_PLC_C01_M02,MachineStatus,865,0.9331175836030206,CANONICAL_INPUT_ID_NOT_PROVEN_ADMISSION_ORDER,L_REDSTAR
H2S,FULLY_SCHEDULED,STAT_PLC_C01_M03,MachineStatus,866,0.9341963322545846,CANONICAL_INPUT_ID_NOT_PROVEN_ADMISSION_ORDER,L_REDSTAR
H2S,FULLY_SCHEDULED,STAT_PLC_C01_M04,MachineStatus,867,0.9352750809061489,CANONICAL_INPUT_ID_NOT_PROVEN_ADMISSION_ORDER,L_REDSTAR
H2S,FULLY_SCHEDULED,STAT_PLC_C02_M01,MachineStatus,868,0.9363538295577131,CANONICAL_INPUT_ID_NOT_PROVEN_ADMISSION_ORDER,L_REDSTAR
H2S,FULLY_SCHEDULED,STAT_PLC_C02_M02,MachineStatus,869,0.9374325782092773,CANONICAL_INPUT_ID_NOT_PROVEN_ADMISSION_ORDER,L_REDSTAR
H2S,FULLY_SCHEDULED,STAT_PLC_C02_M03,MachineStatus,870,0.9385113268608414,CANONICAL_INPUT_ID_NOT_PROVEN_ADMISSION_ORDER,L_REDSTAR
H2S,FULLY_SCHEDULED,STAT_PLC_C02_M04,MachineStatus,871,0.9395900755124056,CANONICAL_INPUT_ID_NOT_PROVEN_ADMISSION_ORDER,L_REDSTAR
H2S,FULLY_SCHEDULED,STAT_PLC_C03_M01,MachineStatus,872,0.9406688241639698,CANONICAL_INPUT_ID_NOT_PROVEN_ADMISSION_ORDER,L_REDSTAR
H2S,FULLY_SCHEDULED,STAT_PLC_C03_M02,MachineStatus,873,0.941747572815534,CANONICAL_INPUT_ID_NOT_PROVEN_ADMISSION_ORDER,L_REDSTAR
H2S,FULLY_SCHEDULED,STAT_PLC_C03_M03,MachineStatus,874,0.9428263214670982,CANONICAL_INPUT_ID_NOT_PROVEN_ADMISSION_ORDER,L_REDSTAR
H2S,FULLY_SCHEDULED,STAT_PLC_C03_M04,MachineStatus,875,0.9439050701186623,CANONICAL_INPUT_ID_NOT_PROVEN_ADMISSION_ORDER,L_REDSTAR
H2S,FULLY_SCHEDULED,STAT_PLC_C04_M01,MachineStatus,876,0.9449838187702265,CANONICAL_INPUT_ID_NOT_PROVEN_ADMISSION_ORDER,L_REDSTAR
H2S,FULLY_SCHEDULED,STAT_PLC_C04_M02,MachineStatus,877,0.9460625674217907,CANONICAL_INPUT_ID_NOT_PROVEN_ADMISSION_ORDER,L_REDSTAR
H2S,FULLY_SCHEDULED,STAT_PLC_C04_M03,MachineStatus,878,0.9471413160733549,CANONICAL_INPUT_ID_NOT_PROVEN_ADMISSION_ORDER,L_REDSTAR
H2S,FULLY_SCHEDULED,STAT_PLC_C04_M04,MachineStatus,879,0.948220064724919,CANONICAL_INPUT_ID_NOT_PROVEN_ADMISSION_ORDER,L_REDSTAR
H2S,FULLY_SCHEDULED,STAT_PLC_C05_M01,MachineStatus,880,0.9492988133764833,CANONICAL_INPUT_ID_NOT_PROVEN_ADMISSION_ORDER,L_REDSTAR
H2S,FULLY_SCHEDULED,STAT_PLC_C05_M02,MachineStatus,881,0.9503775620280475,CANONICAL_INPUT_ID_NOT_PROVEN_ADMISSION_ORDER,L_REDSTAR
H2S,FULLY_SCHEDULED,STAT_PLC_C05_M03,MachineStatus,882,0.9514563106796117,CANONICAL_INPUT_ID_NOT_PROVEN_ADMISSION_ORDER,L_REDSTAR
H2S,ZERO_SCHEDULED,STAT_PLC_C05_M04,MachineStatus,883,0.9525350593311759,CANONICAL_INPUT_ID_NOT_PROVEN_ADMISSION_ORDER,L_REDSTAR
H2S,FULLY_SCHEDULED,STAT_PLC_C06_M01,MachineStatus,884,0.95361380798274,CANONICAL_INPUT_ID_NOT_PROVEN_ADMISSION_ORDER,L_REDSTAR
H2S,FULLY_SCHEDULED,STAT_PLC_C06_M02,MachineStatus,885,0.9546925566343042,CANONICAL_INPUT_ID_NOT_PROVEN_ADMISSION_ORDER,L_REDSTAR
H2S,FULLY_SCHEDULED,STAT_PLC_C06_M03,MachineStatus,886,0.9557713052858684,CANONICAL_INPUT_ID_NOT_PROVEN_ADMISSION_ORDER,L_REDSTAR
H2S,FULLY_SCHEDULED,STAT_PLC_C06_M04,MachineStatus,887,0.9568500539374326,CANONICAL_INPUT_ID_NOT_PROVEN_ADMISSION_ORDER,L_REDSTAR
H2S,FULLY_SCHEDULED,STAT_PLC_C07_M01,MachineStatus,888,0.9579288025889967,CANONICAL_INPUT_ID_NOT_PROVEN_ADMISSION_ORDER,L_REDSTAR
H2S,FULLY_SCHEDULED,STAT_PLC_C07_M02,MachineStatus,889,0.9590075512405609,CANONICAL_INPUT_ID_NOT_PROVEN_ADMISSION_ORDER,L_REDSTAR
H2S,FULLY_SCHEDULED,STAT_PLC_C07_M03,MachineStatus,890,0.9600862998921251,CANONICAL_INPUT_ID_NOT_PROVEN_ADMISSION_ORDER,L_REDSTAR
H2S,FULLY_SCHEDULED,STAT_PLC_C07_M04,MachineStatus,891,0.9611650485436893,CANONICAL_INPUT_ID_NOT_PROVEN_ADMISSION_ORDER,L_REDSTAR
H2S,FULLY_SCHEDULED,STAT_PLC_C08_M01,MachineStatus,892,0.9622437971952535,CANONICAL_INPUT_ID_NOT_PROVEN_ADMISSION_ORDER,L_REDSTAR
H2S,FULLY_SCHEDULED,STAT_PLC_C08_M02,MachineStatus,893,0.9633225458468176,CANONICAL_INPUT_ID_NOT_PROVEN_ADMISSION_ORDER,L_REDSTAR
H2S,FULLY_SCHEDULED,STAT_PLC_C08_M03,MachineStatus,894,0.9644012944983819,CANONICAL_INPUT_ID_NOT_PROVEN_ADMISSION_ORDER,L_REDSTAR
H2S,FULLY_SCHEDULED,STAT_PLC_C08_M04,MachineStatus,895,0.9654800431499461,CANONICAL_INPUT_ID_NOT_PROVEN_ADMISSION_ORDER,L_REDSTAR
H2S,FULLY_SCHEDULED,STAT_PLC_C09_M01,MachineStatus,896,0.9665587918015103,CANONICAL_INPUT_ID_NOT_PROVEN_ADMISSION_ORDER,L_REDSTAR
H2S,FULLY_SCHEDULED,STAT_PLC_C09_M02,MachineStatus,897,0.9676375404530745,CANONICAL_INPUT_ID_NOT_PROVEN_ADMISSION_ORDER,L_REDSTAR
H2S,FULLY_SCHEDULED,STAT_PLC_C09_M03,MachineStatus,898,0.9687162891046386,CANONICAL_INPUT_ID_NOT_PROVEN_ADMISSION_ORDER,L_REDSTAR
H2S,FULLY_SCHEDULED,STAT_PLC_C09_M04,MachineStatus,899,0.9697950377562028,CANONICAL_INPUT_ID_NOT_PROVEN_ADMISSION_ORDER,L_REDSTAR
H2S,FULLY_SCHEDULED,STAT_PLC_C10_M01,MachineStatus,900,0.970873786407767,CANONICAL_INPUT_ID_NOT_PROVEN_ADMISSION_ORDER,L_REDSTAR
H2S,FULLY_SCHEDULED,STAT_PLC_C10_M02,MachineStatus,901,0.9719525350593312,CANONICAL_INPUT_ID_NOT_PROVEN_ADMISSION_ORDER,L_REDSTAR
H2S,FULLY_SCHEDULED,STAT_PLC_C10_M03,MachineStatus,902,0.9730312837108953,CANONICAL_INPUT_ID_NOT_PROVEN_ADMISSION_ORDER,L_REDSTAR
H2S,FULLY_SCHEDULED,STAT_PLC_C10_M04,MachineStatus,903,0.9741100323624595,CANONICAL_INPUT_ID_NOT_PROVEN_ADMISSION_ORDER,L_REDSTAR
H2S,FULLY_SCHEDULED,STAT_PLC_C11_M01,MachineStatus,904,0.9751887810140237,CANONICAL_INPUT_ID_NOT_PROVEN_ADMISSION_ORDER,L_REDSTAR
H2S,FULLY_SCHEDULED,STAT_PLC_C11_M02,MachineStatus,905,0.9762675296655879,CANONICAL_INPUT_ID_NOT_PROVEN_ADMISSION_ORDER,L_REDSTAR
H2S,FULLY_SCHEDULED,STAT_PLC_C11_M03,MachineStatus,906,0.9773462783171522,CANONICAL_INPUT_ID_NOT_PROVEN_ADMISSION_ORDER,L_REDSTAR
H2S,FULLY_SCHEDULED,STAT_PLC_C11_M04,MachineStatus,907,0.9784250269687162,CANONICAL_INPUT_ID_NOT_PROVEN_ADMISSION_ORDER,L_REDSTAR
H2S,FULLY_SCHEDULED,STAT_PLC_C12_M01,MachineStatus,908,0.9795037756202805,CANONICAL_INPUT_ID_NOT_PROVEN_ADMISSION_ORDER,L_REDSTAR
H2S,FULLY_SCHEDULED,STAT_PLC_C12_M02,MachineStatus,909,0.9805825242718447,CANONICAL_INPUT_ID_NOT_PROVEN_ADMISSION_ORDER,L_REDSTAR
H2S,FULLY_SCHEDULED,STAT_PLC_C12_M03,MachineStatus,910,0.9816612729234089,CANONICAL_INPUT_ID_NOT_PROVEN_ADMISSION_ORDER,L_REDSTAR
H2S,FULLY_SCHEDULED,STAT_PLC_C12_M04,MachineStatus,911,0.982740021574973,CANONICAL_INPUT_ID_NOT_PROVEN_ADMISSION_ORDER,L_REDSTAR
H2S,FULLY_SCHEDULED,STAT_PLC_C13_M01,MachineStatus,912,0.9838187702265372,CANONICAL_INPUT_ID_NOT_PROVEN_ADMISSION_ORDER,L_REDSTAR
H2S,FULLY_SCHEDULED,STAT_PLC_C13_M02,MachineStatus,913,0.9848975188781014,CANONICAL_INPUT_ID_NOT_PROVEN_ADMISSION_ORDER,L_REDSTAR
H2S,FULLY_SCHEDULED,STAT_PLC_C13_M03,MachineStatus,914,0.9859762675296656,CANONICAL_INPUT_ID_NOT_PROVEN_ADMISSION_ORDER,L_REDSTAR
H2S,FULLY_SCHEDULED,STAT_PLC_C13_M04,MachineStatus,915,0.9870550161812298,CANONICAL_INPUT_ID_NOT_PROVEN_ADMISSION_ORDER,L_REDSTAR
H2S,FULLY_SCHEDULED,STAT_PLC_C14_M01,MachineStatus,916,0.9881337648327939,CANONICAL_INPUT_ID_NOT_PROVEN_ADMISSION_ORDER,L_REDSTAR
H2S,FULLY_SCHEDULED,STAT_PLC_C14_M02,MachineStatus,917,0.9892125134843581,CANONICAL_INPUT_ID_NOT_PROVEN_ADMISSION_ORDER,L_REDSTAR
H2S,FULLY_SCHEDULED,STAT_PLC_C14_M03,MachineStatus,918,0.9902912621359223,CANONICAL_INPUT_ID_NOT_PROVEN_ADMISSION_ORDER,L_REDSTAR
H2S,FULLY_SCHEDULED,STAT_PLC_C14_M04,MachineStatus,919,0.9913700107874865,CANONICAL_INPUT_ID_NOT_PROVEN_ADMISSION_ORDER,L_REDSTAR
H2S,FULLY_SCHEDULED,STAT_PLC_C15_M01,MachineStatus,920,0.9924487594390508,CANONICAL_INPUT_ID_NOT_PROVEN_ADMISSION_ORDER,L_REDSTAR
H2S,FULLY_SCHEDULED,STAT_PLC_C15_M02,MachineStatus,921,0.9935275080906149,CANONICAL_INPUT_ID_NOT_PROVEN_ADMISSION_ORDER,L_REDSTAR
H2S,FULLY_SCHEDULED,STAT_PLC_C15_M03,MachineStatus,922,0.9946062567421791,CANONICAL_INPUT_ID_NOT_PROVEN_ADMISSION_ORDER,L_REDSTAR
H2S,FULLY_SCHEDULED,STAT_PLC_C15_M04,MachineStatus,923,0.9956850053937433,CANONICAL_INPUT_ID_NOT_PROVEN_ADMISSION_ORDER,L_REDSTAR
H2S,FULLY_SCHEDULED,STAT_PLC_C16_M01,MachineStatus,924,0.9967637540453075,CANONICAL_INPUT_ID_NOT_PROVEN_ADMISSION_ORDER,L_REDSTAR
H2S,FULLY_SCHEDULED,STAT_PLC_C16_M02,MachineStatus,925,0.9978425026968716,CANONICAL_INPUT_ID_NOT_PROVEN_ADMISSION_ORDER,L_REDSTAR
H2S,FULLY_SCHEDULED,STAT_PLC_C16_M03,MachineStatus,926,0.9989212513484358,CANONICAL_INPUT_ID_NOT_PROVEN_ADMISSION_ORDER,L_REDSTAR
H2S,FULLY_SCHEDULED,STAT_PLC_C16_M04,MachineStatus,927,1.0,CANONICAL_INPUT_ID_NOT_PROVEN_ADMISSION_ORDER,L_REDSTAR
CELF,FULLY_SCHEDULED,CMD_PLC_C01_M01_A1_C01_M01,ControlCommand,0,0.0,CANONICAL_INPUT_ID_NOT_PROVEN_ADMISSION_ORDER,L_REDSTAR
CELF,FULLY_SCHEDULED,CMD_PLC_C01_M01_A2_C01_M01,ControlCommand,1,0.0010787486515641855,CANONICAL_INPUT_ID_NOT_PROVEN_ADMISSION_ORDER,L_REDSTAR
CELF,FULLY_SCHEDULED,CMD_PLC_C01_M01_A3_C01_M01,ControlCommand,2,0.002157497303128371,CANONICAL_INPUT_ID_NOT_PROVEN_ADMISSION_ORDER,L_REDSTAR
CELF,FULLY_SCHEDULED,CMD_PLC_C01_M01_A4_C01_M01,ControlCommand,3,0.003236245954692557,CANONICAL_INPUT_ID_NOT_PROVEN_ADMISSION_ORDER,L_REDSTAR
CELF,FULLY_SCHEDULED,CMD_PLC_C01_M02_A1_C01_M02,ControlCommand,4,0.004314994606256742,CANONICAL_INPUT_ID_NOT_PROVEN_ADMISSION_ORDER,L_REDSTAR
CELF,FULLY_SCHEDULED,CMD_PLC_C01_M02_A2_C01_M02,ControlCommand,5,0.005393743257820928,CANONICAL_INPUT_ID_NOT_PROVEN_ADMISSION_ORDER,L_REDSTAR
CELF,FULLY_SCHEDULED,CMD_PLC_C01_M02_A3_C01_M02,ControlCommand,6,0.006472491909385114,CANONICAL_INPUT_ID_NOT_PROVEN_ADMISSION_ORDER,L_REDSTAR
CELF,FULLY_SCHEDULED,CMD_PLC_C01_M02_A4_C01_M02,ControlCommand,7,0.007551240560949299,CANONICAL_INPUT_ID_NOT_PROVEN_ADMISSION_ORDER,L_REDSTAR
CELF,FULLY_SCHEDULED,CMD_PLC_C01_M03_A1_C01_M03,ControlCommand,8,0.008629989212513484,CANONICAL_INPUT_ID_NOT_PROVEN_ADMISSION_ORDER,L_REDSTAR
CELF,FULLY_SCHEDULED,CMD_PLC_C01_M03_A2_C01_M03,ControlCommand,9,0.009708737864077669,CANONICAL_INPUT_ID_NOT_PROVEN_ADMISSION_ORDER,L_REDSTAR
CELF,FULLY_SCHEDULED,CMD_PLC_C01_M03_A3_C01_M03,ControlCommand,10,0.010787486515641856,CANONICAL_INPUT_ID_NOT_PROVEN_ADMISSION_ORDER,L_REDSTAR
CELF,FULLY_SCHEDULED,CMD_PLC_C01_M03_A4_C01_M03,ControlCommand,11,0.011866235167206042,CANONICAL_INPUT_ID_NOT_PROVEN_ADMISSION_ORDER,L_REDSTAR
CELF,FULLY_SCHEDULED,CMD_PLC_C01_M04_A1_C01_M04,ControlCommand,12,0.012944983818770227,CANONICAL_INPUT_ID_NOT_PROVEN_ADMISSION_ORDER,L_REDSTAR
CELF,FULLY_SCHEDULED,CMD_PLC_C01_M04_A2_C01_M04,ControlCommand,13,0.014023732470334413,CANONICAL_INPUT_ID_NOT_PROVEN_ADMISSION_ORDER,L_REDSTAR
CELF,FULLY_SCHEDULED,CMD_PLC_C01_M04_A3_C01_M04,ControlCommand,14,0.015102481121898598,CANONICAL_INPUT_ID_NOT_PROVEN_ADMISSION_ORDER,L_REDSTAR
CELF,FULLY_SCHEDULED,CMD_PLC_C01_M04_A4_C01_M04,ControlCommand,15,0.016181229773462782,CANONICAL_INPUT_ID_NOT_PROVEN_ADMISSION_ORDER,L_REDSTAR
CELF,FULLY_SCHEDULED,CMD_PLC_C02_M01_A1_C02_M01,ControlCommand,16,0.017259978425026967,CANONICAL_INPUT_ID_NOT_PROVEN_ADMISSION_ORDER,L_REDSTAR
CELF,FULLY_SCHEDULED,CMD_PLC_C02_M01_A2_C02_M01,ControlCommand,17,0.018338727076591153,CANONICAL_INPUT_ID_NOT_PROVEN_ADMISSION_ORDER,L_REDSTAR
CELF,FULLY_SCHEDULED,CMD_PLC_C02_M01_A3_C02_M01,ControlCommand,18,0.019417475728155338,CANONICAL_INPUT_ID_NOT_PROVEN_ADMISSION_ORDER,L_REDSTAR
CELF,FULLY_SCHEDULED,CMD_PLC_C02_M01_A4_C02_M01,ControlCommand,19,0.020496224379719527,CANONICAL_INPUT_ID_NOT_PROVEN_ADMISSION_ORDER,L_REDSTAR
CELF,FULLY_SCHEDULED,CMD_PLC_C02_M02_A1_C02_M02,ControlCommand,20,0.021574973031283712,CANONICAL_INPUT_ID_NOT_PROVEN_ADMISSION_ORDER,L_REDSTAR
CELF,FULLY_SCHEDULED,CMD_PLC_C02_M02_A2_C02_M02,ControlCommand,21,0.022653721682847898,CANONICAL_INPUT_ID_NOT_PROVEN_ADMISSION_ORDER,L_REDSTAR
CELF,FULLY_SCHEDULED,CMD_PLC_C02_M02_A3_C02_M02,ControlCommand,22,0.023732470334412083,CANONICAL_INPUT_ID_NOT_PROVEN_ADMISSION_ORDER,L_REDSTAR
CELF,FULLY_SCHEDULED,CMD_PLC_C02_M02_A4_C02_M02,ControlCommand,23,0.02481121898597627,CANONICAL_INPUT_ID_NOT_PROVEN_ADMISSION_ORDER,L_REDSTAR
CELF,FULLY_SCHEDULED,CMD_PLC_C02_M03_A1_C02_M03,ControlCommand,24,0.025889967637540454,CANONICAL_INPUT_ID_NOT_PROVEN_ADMISSION_ORDER,L_REDSTAR
CELF,FULLY_SCHEDULED,CMD_PLC_C02_M03_A2_C02_M03,ControlCommand,25,0.02696871628910464,CANONICAL_INPUT_ID_NOT_PROVEN_ADMISSION_ORDER,L_REDSTAR
CELF,FULLY_SCHEDULED,CMD_PLC_C02_M03_A3_C02_M03,ControlCommand,26,0.028047464940668825,CANONICAL_INPUT_ID_NOT_PROVEN_ADMISSION_ORDER,L_REDSTAR
CELF,FULLY_SCHEDULED,CMD_PLC_C02_M03_A4_C02_M03,ControlCommand,27,0.02912621359223301,CANONICAL_INPUT_ID_NOT_PROVEN_ADMISSION_ORDER,L_REDSTAR
CELF,FULLY_SCHEDULED,CMD_PLC_C02_M04_A1_C02_M04,ControlCommand,28,0.030204962243797196,CANONICAL_INPUT_ID_NOT_PROVEN_ADMISSION_ORDER,L_REDSTAR
CELF,FULLY_SCHEDULED,CMD_PLC_C02_M04_A2_C02_M04,ControlCommand,29,0.03128371089536138,CANONICAL_INPUT_ID_NOT_PROVEN_ADMISSION_ORDER,L_REDSTAR
CELF,FULLY_SCHEDULED,CMD_PLC_C02_M04_A3_C02_M04,ControlCommand,30,0.032362459546925564,CANONICAL_INPUT_ID_NOT_PROVEN_ADMISSION_ORDER,L_REDSTAR
CELF,ZERO_SCHEDULED,CMD_PLC_C02_M04_A4_C02_M04,ControlCommand,31,0.03344120819848975,CANONICAL_INPUT_ID_NOT_PROVEN_ADMISSION_ORDER,L_REDSTAR
CELF,FULLY_SCHEDULED,CMD_PLC_C03_M01_A1_C03_M01,ControlCommand,32,0.034519956850053934,CANONICAL_INPUT_ID_NOT_PROVEN_ADMISSION_ORDER,L_REDSTAR
CELF,FULLY_SCHEDULED,CMD_PLC_C03_M01_A2_C03_M01,ControlCommand,33,0.03559870550161812,CANONICAL_INPUT_ID_NOT_PROVEN_ADMISSION_ORDER,L_REDSTAR
CELF,FULLY_SCHEDULED,CMD_PLC_C03_M01_A3_C03_M01,ControlCommand,34,0.036677454153182305,CANONICAL_INPUT_ID_NOT_PROVEN_ADMISSION_ORDER,L_REDSTAR
CELF,FULLY_SCHEDULED,CMD_PLC_C03_M01_A4_C03_M01,ControlCommand,35,0.037756202804746494,CANONICAL_INPUT_ID_NOT_PROVEN_ADMISSION_ORDER,L_REDSTAR
CELF,FULLY_SCHEDULED,CMD_PLC_C03_M02_A1_C03_M02,ControlCommand,36,0.038834951456310676,CANONICAL_INPUT_ID_NOT_PROVEN_ADMISSION_ORDER,L_REDSTAR
CELF,FULLY_SCHEDULED,CMD_PLC_C03_M02_A2_C03_M02,ControlCommand,37,0.039913700107874865,CANONICAL_INPUT_ID_NOT_PROVEN_ADMISSION_ORDER,L_REDSTAR
CELF,FULLY_SCHEDULED,CMD_PLC_C03_M02_A3_C03_M02,ControlCommand,38,0.040992448759439054,CANONICAL_INPUT_ID_NOT_PROVEN_ADMISSION_ORDER,L_REDSTAR
CELF,FULLY_SCHEDULED,CMD_PLC_C03_M02_A4_C03_M02,ControlCommand,39,0.042071197411003236,CANONICAL_INPUT_ID_NOT_PROVEN_ADMISSION_ORDER,L_REDSTAR
CELF,FULLY_SCHEDULED,CMD_PLC_C03_M03_A1_C03_M03,ControlCommand,40,0.043149946062567425,CANONICAL_INPUT_ID_NOT_PROVEN_ADMISSION_ORDER,L_REDSTAR
CELF,FULLY_SCHEDULED,CMD_PLC_C03_M03_A2_C03_M03,ControlCommand,41,0.04422869471413161,CANONICAL_INPUT_ID_NOT_PROVEN_ADMISSION_ORDER,L_REDSTAR
CELF,FULLY_SCHEDULED,CMD_PLC_C03_M03_A3_C03_M03,ControlCommand,42,0.045307443365695796,CANONICAL_INPUT_ID_NOT_PROVEN_ADMISSION_ORDER,L_REDSTAR
CELF,FULLY_SCHEDULED,CMD_PLC_C03_M03_A4_C03_M03,ControlCommand,43,0.04638619201725998,CANONICAL_INPUT_ID_NOT_PROVEN_ADMISSION_ORDER,L_REDSTAR
CELF,FULLY_SCHEDULED,CMD_PLC_C03_M04_A1_C03_M04,ControlCommand,44,0.04746494066882417,CANONICAL_INPUT_ID_NOT_PROVEN_ADMISSION_ORDER,L_REDSTAR
CELF,FULLY_SCHEDULED,CMD_PLC_C03_M04_A2_C03_M04,ControlCommand,45,0.04854368932038835,CANONICAL_INPUT_ID_NOT_PROVEN_ADMISSION_ORDER,L_REDSTAR
CELF,FULLY_SCHEDULED,CMD_PLC_C03_M04_A3_C03_M04,ControlCommand,46,0.04962243797195254,CANONICAL_INPUT_ID_NOT_PROVEN_ADMISSION_ORDER,L_REDSTAR
CELF,FULLY_SCHEDULED,CMD_PLC_C03_M04_A4_C03_M04,ControlCommand,47,0.05070118662351672,CANONICAL_INPUT_ID_NOT_PROVEN_ADMISSION_ORDER,L_REDSTAR
CELF,FULLY_SCHEDULED,CMD_PLC_C04_M01_A1_C04_M01,ControlCommand,48,0.05177993527508091,CANONICAL_INPUT_ID_NOT_PROVEN_ADMISSION_ORDER,L_REDSTAR
CELF,FULLY_SCHEDULED,CMD_PLC_C04_M01_A2_C04_M01,ControlCommand,49,0.05285868392664509,CANONICAL_INPUT_ID_NOT_PROVEN_ADMISSION_ORDER,L_REDSTAR
CELF,FULLY_SCHEDULED,CMD_PLC_C04_M01_A3_C04_M01,ControlCommand,50,0.05393743257820928,CANONICAL_INPUT_ID_NOT_PROVEN_ADMISSION_ORDER,L_REDSTAR
CELF,FULLY_SCHEDULED,CMD_PLC_C04_M01_A4_C04_M01,ControlCommand,51,0.05501618122977346,CANONICAL_INPUT_ID_NOT_PROVEN_ADMISSION_ORDER,L_REDSTAR
CELF,FULLY_SCHEDULED,CMD_PLC_C04_M02_A1_C04_M02,ControlCommand,52,0.05609492988133765,CANONICAL_INPUT_ID_NOT_PROVEN_ADMISSION_ORDER,L_REDSTAR
CELF,FULLY_SCHEDULED,CMD_PLC_C04_M02_A2_C04_M02,ControlCommand,53,0.05717367853290183,CANONICAL_INPUT_ID_NOT_PROVEN_ADMISSION_ORDER,L_REDSTAR
CELF,FULLY_SCHEDULED,CMD_PLC_C04_M02_A3_C04_M02,ControlCommand,54,0.05825242718446602,CANONICAL_INPUT_ID_NOT_PROVEN_ADMISSION_ORDER,L_REDSTAR
CELF,FULLY_SCHEDULED,CMD_PLC_C04_M02_A4_C04_M02,ControlCommand,55,0.0593311758360302,CANONICAL_INPUT_ID_NOT_PROVEN_ADMISSION_ORDER,L_REDSTAR
CELF,FULLY_SCHEDULED,CMD_PLC_C04_M03_A1_C04_M03,ControlCommand,56,0.06040992448759439,CANONICAL_INPUT_ID_NOT_PROVEN_ADMISSION_ORDER,L_REDSTAR
CELF,FULLY_SCHEDULED,CMD_PLC_C04_M03_A2_C04_M03,ControlCommand,57,0.061488673139158574,CANONICAL_INPUT_ID_NOT_PROVEN_ADMISSION_ORDER,L_REDSTAR
CELF,FULLY_SCHEDULED,CMD_PLC_C04_M03_A3_C04_M03,ControlCommand,58,0.06256742179072276,CANONICAL_INPUT_ID_NOT_PROVEN_ADMISSION_ORDER,L_REDSTAR
CELF,FULLY_SCHEDULED,CMD_PLC_C04_M03_A4_C04_M03,ControlCommand,59,0.06364617044228695,CANONICAL_INPUT_ID_NOT_PROVEN_ADMISSION_ORDER,L_REDSTAR
CELF,FULLY_SCHEDULED,CMD_PLC_C04_M04_A1_C04_M04,ControlCommand,60,0.06472491909385113,CANONICAL_INPUT_ID_NOT_PROVEN_ADMISSION_ORDER,L_REDSTAR
CELF,FULLY_SCHEDULED,CMD_PLC_C04_M04_A2_C04_M04,ControlCommand,61,0.06580366774541532,CANONICAL_INPUT_ID_NOT_PROVEN_ADMISSION_ORDER,L_REDSTAR
CELF,FULLY_SCHEDULED,CMD_PLC_C04_M04_A3_C04_M04,ControlCommand,62,0.0668824163969795,CANONICAL_INPUT_ID_NOT_PROVEN_ADMISSION_ORDER,L_REDSTAR
CELF,FULLY_SCHEDULED,CMD_PLC_C04_M04_A4_C04_M04,ControlCommand,63,0.06796116504854369,CANONICAL_INPUT_ID_NOT_PROVEN_ADMISSION_ORDER,L_REDSTAR
CELF,FULLY_SCHEDULED,CMD_PLC_C05_M01_A1_C05_M01,ControlCommand,64,0.06903991370010787,CANONICAL_INPUT_ID_NOT_PROVEN_ADMISSION_ORDER,L_REDSTAR
CELF,FULLY_SCHEDULED,CMD_PLC_C05_M01_A2_C05_M01,ControlCommand,65,0.07011866235167206,CANONICAL_INPUT_ID_NOT_PROVEN_ADMISSION_ORDER,L_REDSTAR
CELF,FULLY_SCHEDULED,CMD_PLC_C05_M01_A3_C05_M01,ControlCommand,66,0.07119741100323625,CANONICAL_INPUT_ID_NOT_PROVEN_ADMISSION_ORDER,L_REDSTAR
CELF,FULLY_SCHEDULED,CMD_PLC_C05_M01_A4_C05_M01,ControlCommand,67,0.07227615965480043,CANONICAL_INPUT_ID_NOT_PROVEN_ADMISSION_ORDER,L_REDSTAR
CELF,FULLY_SCHEDULED,CMD_PLC_C05_M02_A1_C05_M02,ControlCommand,68,0.07335490830636461,CANONICAL_INPUT_ID_NOT_PROVEN_ADMISSION_ORDER,L_REDSTAR
CELF,FULLY_SCHEDULED,CMD_PLC_C05_M02_A2_C05_M02,ControlCommand,69,0.0744336569579288,CANONICAL_INPUT_ID_NOT_PROVEN_ADMISSION_ORDER,L_REDSTAR
CELF,FULLY_SCHEDULED,CMD_PLC_C05_M02_A3_C05_M02,ControlCommand,70,0.07551240560949299,CANONICAL_INPUT_ID_NOT_PROVEN_ADMISSION_ORDER,L_REDSTAR
CELF,FULLY_SCHEDULED,CMD_PLC_C05_M02_A4_C05_M02,ControlCommand,71,0.07659115426105717,CANONICAL_INPUT_ID_NOT_PROVEN_ADMISSION_ORDER,L_REDSTAR
CELF,FULLY_SCHEDULED,CMD_PLC_C05_M03_A1_C05_M03,ControlCommand,72,0.07766990291262135,CANONICAL_INPUT_ID_NOT_PROVEN_ADMISSION_ORDER,L_REDSTAR
CELF,FULLY_SCHEDULED,CMD_PLC_C05_M03_A2_C05_M03,ControlCommand,73,0.07874865156418555,CANONICAL_INPUT_ID_NOT_PROVEN_ADMISSION_ORDER,L_REDSTAR
CELF,FULLY_SCHEDULED,CMD_PLC_C05_M03_A3_C05_M03,ControlCommand,74,0.07982740021574973,CANONICAL_INPUT_ID_NOT_PROVEN_ADMISSION_ORDER,L_REDSTAR
CELF,FULLY_SCHEDULED,CMD_PLC_C05_M03_A4_C05_M03,ControlCommand,75,0.08090614886731391,CANONICAL_INPUT_ID_NOT_PROVEN_ADMISSION_ORDER,L_REDSTAR
CELF,FULLY_SCHEDULED,CMD_PLC_C05_M04_A1_C05_M04,ControlCommand,76,0.08198489751887811,CANONICAL_INPUT_ID_NOT_PROVEN_ADMISSION_ORDER,L_REDSTAR
CELF,ZERO_SCHEDULED,CMD_PLC_C05_M04_A2_C05_M04,ControlCommand,77,0.08306364617044229,CANONICAL_INPUT_ID_NOT_PROVEN_ADMISSION_ORDER,L_REDSTAR
CELF,FULLY_SCHEDULED,CMD_PLC_C05_M04_A3_C05_M04,ControlCommand,78,0.08414239482200647,CANONICAL_INPUT_ID_NOT_PROVEN_ADMISSION_ORDER,L_REDSTAR
CELF,FULLY_SCHEDULED,CMD_PLC_C05_M04_A4_C05_M04,ControlCommand,79,0.08522114347357065,CANONICAL_INPUT_ID_NOT_PROVEN_ADMISSION_ORDER,L_REDSTAR
CELF,FULLY_SCHEDULED,CMD_PLC_C06_M01_A1_C06_M01,ControlCommand,80,0.08629989212513485,CANONICAL_INPUT_ID_NOT_PROVEN_ADMISSION_ORDER,L_REDSTAR
CELF,FULLY_SCHEDULED,CMD_PLC_C06_M01_A2_C06_M01,ControlCommand,81,0.08737864077669903,CANONICAL_INPUT_ID_NOT_PROVEN_ADMISSION_ORDER,L_REDSTAR
CELF,FULLY_SCHEDULED,CMD_PLC_C06_M01_A3_C06_M01,ControlCommand,82,0.08845738942826321,CANONICAL_INPUT_ID_NOT_PROVEN_ADMISSION_ORDER,L_REDSTAR
CELF,FULLY_SCHEDULED,CMD_PLC_C06_M01_A4_C06_M01,ControlCommand,83,0.0895361380798274,CANONICAL_INPUT_ID_NOT_PROVEN_ADMISSION_ORDER,L_REDSTAR
CELF,FULLY_SCHEDULED,CMD_PLC_C06_M02_A1_C06_M02,ControlCommand,84,0.09061488673139159,CANONICAL_INPUT_ID_NOT_PROVEN_ADMISSION_ORDER,L_REDSTAR
CELF,ZERO_SCHEDULED,CMD_PLC_C06_M02_A2_C06_M02,ControlCommand,85,0.09169363538295577,CANONICAL_INPUT_ID_NOT_PROVEN_ADMISSION_ORDER,L_REDSTAR
CELF,FULLY_SCHEDULED,CMD_PLC_C06_M02_A3_C06_M02,ControlCommand,86,0.09277238403451996,CANONICAL_INPUT_ID_NOT_PROVEN_ADMISSION_ORDER,L_REDSTAR
CELF,ZERO_SCHEDULED,CMD_PLC_C06_M02_A4_C06_M02,ControlCommand,87,0.09385113268608414,CANONICAL_INPUT_ID_NOT_PROVEN_ADMISSION_ORDER,L_REDSTAR
CELF,FULLY_SCHEDULED,CMD_PLC_C06_M03_A1_C06_M03,ControlCommand,88,0.09492988133764833,CANONICAL_INPUT_ID_NOT_PROVEN_ADMISSION_ORDER,L_REDSTAR
CELF,FULLY_SCHEDULED,CMD_PLC_C06_M03_A2_C06_M03,ControlCommand,89,0.09600862998921252,CANONICAL_INPUT_ID_NOT_PROVEN_ADMISSION_ORDER,L_REDSTAR
CELF,FULLY_SCHEDULED,CMD_PLC_C06_M03_A3_C06_M03,ControlCommand,90,0.0970873786407767,CANONICAL_INPUT_ID_NOT_PROVEN_ADMISSION_ORDER,L_REDSTAR
CELF,FULLY_SCHEDULED,CMD_PLC_C06_M03_A4_C06_M03,ControlCommand,91,0.09816612729234088,CANONICAL_INPUT_ID_NOT_PROVEN_ADMISSION_ORDER,L_REDSTAR
CELF,FULLY_SCHEDULED,CMD_PLC_C06_M04_A1_C06_M04,ControlCommand,92,0.09924487594390508,CANONICAL_INPUT_ID_NOT_PROVEN_ADMISSION_ORDER,L_REDSTAR
CELF,FULLY_SCHEDULED,CMD_PLC_C06_M04_A2_C06_M04,ControlCommand,93,0.10032362459546926,CANONICAL_INPUT_ID_NOT_PROVEN_ADMISSION_ORDER,L_REDSTAR
CELF,FULLY_SCHEDULED,CMD_PLC_C06_M04_A3_C06_M04,ControlCommand,94,0.10140237324703344,CANONICAL_INPUT_ID_NOT_PROVEN_ADMISSION_ORDER,L_REDSTAR
CELF,FULLY_SCHEDULED,CMD_PLC_C06_M04_A4_C06_M04,ControlCommand,95,0.10248112189859762,CANONICAL_INPUT_ID_NOT_PROVEN_ADMISSION_ORDER,L_REDSTAR
CELF,FULLY_SCHEDULED,CMD_PLC_C07_M01_A1_C07_M01,ControlCommand,96,0.10355987055016182,CANONICAL_INPUT_ID_NOT_PROVEN_ADMISSION_ORDER,L_REDSTAR
CELF,FULLY_SCHEDULED,CMD_PLC_C07_M01_A2_C07_M01,ControlCommand,97,0.104638619201726,CANONICAL_INPUT_ID_NOT_PROVEN_ADMISSION_ORDER,L_REDSTAR
CELF,FULLY_SCHEDULED,CMD_PLC_C07_M01_A3_C07_M01,ControlCommand,98,0.10571736785329018,CANONICAL_INPUT_ID_NOT_PROVEN_ADMISSION_ORDER,L_REDSTAR
CELF,FULLY_SCHEDULED,CMD_PLC_C07_M01_A4_C07_M01,ControlCommand,99,0.10679611650485436,CANONICAL_INPUT_ID_NOT_PROVEN_ADMISSION_ORDER,L_REDSTAR
CELF,FULLY_SCHEDULED,CMD_PLC_C07_M02_A1_C07_M02,ControlCommand,100,0.10787486515641856,CANONICAL_INPUT_ID_NOT_PROVEN_ADMISSION_ORDER,L_REDSTAR
CELF,FULLY_SCHEDULED,CMD_PLC_C07_M02_A2_C07_M02,ControlCommand,101,0.10895361380798274,CANONICAL_INPUT_ID_NOT_PROVEN_ADMISSION_ORDER,L_REDSTAR
CELF,FULLY_SCHEDULED,CMD_PLC_C07_M02_A3_C07_M02,ControlCommand,102,0.11003236245954692,CANONICAL_INPUT_ID_NOT_PROVEN_ADMISSION_ORDER,L_REDSTAR
CELF,FULLY_SCHEDULED,CMD_PLC_C07_M02_A4_C07_M02,ControlCommand,103,0.1111111111111111,CANONICAL_INPUT_ID_NOT_PROVEN_ADMISSION_ORDER,L_REDSTAR
CELF,FULLY_SCHEDULED,CMD_PLC_C07_M03_A1_C07_M03,ControlCommand,104,0.1121898597626753,CANONICAL_INPUT_ID_NOT_PROVEN_ADMISSION_ORDER,L_REDSTAR
CELF,FULLY_SCHEDULED,CMD_PLC_C07_M03_A2_C07_M03,ControlCommand,105,0.11326860841423948,CANONICAL_INPUT_ID_NOT_PROVEN_ADMISSION_ORDER,L_REDSTAR
CELF,FULLY_SCHEDULED,CMD_PLC_C07_M03_A3_C07_M03,ControlCommand,106,0.11434735706580366,CANONICAL_INPUT_ID_NOT_PROVEN_ADMISSION_ORDER,L_REDSTAR
CELF,FULLY_SCHEDULED,CMD_PLC_C07_M03_A4_C07_M03,ControlCommand,107,0.11542610571736785,CANONICAL_INPUT_ID_NOT_PROVEN_ADMISSION_ORDER,L_REDSTAR
CELF,FULLY_SCHEDULED,CMD_PLC_C07_M04_A1_C07_M04,ControlCommand,108,0.11650485436893204,CANONICAL_INPUT_ID_NOT_PROVEN_ADMISSION_ORDER,L_REDSTAR
CELF,FULLY_SCHEDULED,CMD_PLC_C07_M04_A2_C07_M04,ControlCommand,109,0.11758360302049622,CANONICAL_INPUT_ID_NOT_PROVEN_ADMISSION_ORDER,L_REDSTAR
CELF,FULLY_SCHEDULED,CMD_PLC_C07_M04_A3_C07_M04,ControlCommand,110,0.1186623516720604,CANONICAL_INPUT_ID_NOT_PROVEN_ADMISSION_ORDER,L_REDSTAR
CELF,FULLY_SCHEDULED,CMD_PLC_C07_M04_A4_C07_M04,ControlCommand,111,0.11974110032362459,CANONICAL_INPUT_ID_NOT_PROVEN_ADMISSION_ORDER,L_REDSTAR
CELF,FULLY_SCHEDULED,CMD_PLC_C08_M01_A1_C08_M01,ControlCommand,112,0.12081984897518878,CANONICAL_INPUT_ID_NOT_PROVEN_ADMISSION_ORDER,L_REDSTAR
CELF,FULLY_SCHEDULED,CMD_PLC_C08_M01_A2_C08_M01,ControlCommand,113,0.12189859762675297,CANONICAL_INPUT_ID_NOT_PROVEN_ADMISSION_ORDER,L_REDSTAR
CELF,FULLY_SCHEDULED,CMD_PLC_C08_M01_A3_C08_M01,ControlCommand,114,0.12297734627831715,CANONICAL_INPUT_ID_NOT_PROVEN_ADMISSION_ORDER,L_REDSTAR
CELF,FULLY_SCHEDULED,CMD_PLC_C08_M01_A4_C08_M01,ControlCommand,115,0.12405609492988134,CANONICAL_INPUT_ID_NOT_PROVEN_ADMISSION_ORDER,L_REDSTAR
CELF,FULLY_SCHEDULED,CMD_PLC_C08_M02_A1_C08_M02,ControlCommand,116,0.12513484358144553,CANONICAL_INPUT_ID_NOT_PROVEN_ADMISSION_ORDER,L_REDSTAR
CELF,FULLY_SCHEDULED,CMD_PLC_C08_M02_A2_C08_M02,ControlCommand,117,0.1262135922330097,CANONICAL_INPUT_ID_NOT_PROVEN_ADMISSION_ORDER,L_REDSTAR
CELF,FULLY_SCHEDULED,CMD_PLC_C08_M02_A3_C08_M02,ControlCommand,118,0.1272923408845739,CANONICAL_INPUT_ID_NOT_PROVEN_ADMISSION_ORDER,L_REDSTAR
CELF,FULLY_SCHEDULED,CMD_PLC_C08_M02_A4_C08_M02,ControlCommand,119,0.12837108953613807,CANONICAL_INPUT_ID_NOT_PROVEN_ADMISSION_ORDER,L_REDSTAR
CELF,FULLY_SCHEDULED,CMD_PLC_C08_M03_A1_C08_M03,ControlCommand,120,0.12944983818770225,CANONICAL_INPUT_ID_NOT_PROVEN_ADMISSION_ORDER,L_REDSTAR
CELF,FULLY_SCHEDULED,CMD_PLC_C08_M03_A2_C08_M03,ControlCommand,121,0.13052858683926646,CANONICAL_INPUT_ID_NOT_PROVEN_ADMISSION_ORDER,L_REDSTAR
CELF,FULLY_SCHEDULED,CMD_PLC_C08_M03_A3_C08_M03,ControlCommand,122,0.13160733549083065,CANONICAL_INPUT_ID_NOT_PROVEN_ADMISSION_ORDER,L_REDSTAR
CELF,FULLY_SCHEDULED,CMD_PLC_C08_M03_A4_C08_M03,ControlCommand,123,0.13268608414239483,CANONICAL_INPUT_ID_NOT_PROVEN_ADMISSION_ORDER,L_REDSTAR
CELF,FULLY_SCHEDULED,CMD_PLC_C08_M04_A1_C08_M04,ControlCommand,124,0.133764832793959,CANONICAL_INPUT_ID_NOT_PROVEN_ADMISSION_ORDER,L_REDSTAR
CELF,FULLY_SCHEDULED,CMD_PLC_C08_M04_A2_C08_M04,ControlCommand,125,0.1348435814455232,CANONICAL_INPUT_ID_NOT_PROVEN_ADMISSION_ORDER,L_REDSTAR
CELF,FULLY_SCHEDULED,CMD_PLC_C08_M04_A3_C08_M04,ControlCommand,126,0.13592233009708737,CANONICAL_INPUT_ID_NOT_PROVEN_ADMISSION_ORDER,L_REDSTAR
CELF,FULLY_SCHEDULED,CMD_PLC_C08_M04_A4_C08_M04,ControlCommand,127,0.13700107874865156,CANONICAL_INPUT_ID_NOT_PROVEN_ADMISSION_ORDER,L_REDSTAR
CELF,FULLY_SCHEDULED,CMD_PLC_C09_M01_A1_C09_M01,ControlCommand,128,0.13807982740021574,CANONICAL_INPUT_ID_NOT_PROVEN_ADMISSION_ORDER,L_REDSTAR
CELF,FULLY_SCHEDULED,CMD_PLC_C09_M01_A2_C09_M01,ControlCommand,129,0.13915857605177995,CANONICAL_INPUT_ID_NOT_PROVEN_ADMISSION_ORDER,L_REDSTAR
CELF,FULLY_SCHEDULED,CMD_PLC_C09_M01_A3_C09_M01,ControlCommand,130,0.14023732470334413,CANONICAL_INPUT_ID_NOT_PROVEN_ADMISSION_ORDER,L_REDSTAR
CELF,FULLY_SCHEDULED,CMD_PLC_C09_M01_A4_C09_M01,ControlCommand,131,0.1413160733549083,CANONICAL_INPUT_ID_NOT_PROVEN_ADMISSION_ORDER,L_REDSTAR
CELF,FULLY_SCHEDULED,CMD_PLC_C09_M02_A1_C09_M02,ControlCommand,132,0.1423948220064725,CANONICAL_INPUT_ID_NOT_PROVEN_ADMISSION_ORDER,L_REDSTAR
CELF,FULLY_SCHEDULED,CMD_PLC_C09_M02_A2_C09_M02,ControlCommand,133,0.14347357065803668,CANONICAL_INPUT_ID_NOT_PROVEN_ADMISSION_ORDER,L_REDSTAR
CELF,FULLY_SCHEDULED,CMD_PLC_C09_M02_A3_C09_M02,ControlCommand,134,0.14455231930960086,CANONICAL_INPUT_ID_NOT_PROVEN_ADMISSION_ORDER,L_REDSTAR
CELF,ZERO_SCHEDULED,CMD_PLC_C09_M02_A4_C09_M02,ControlCommand,135,0.14563106796116504,CANONICAL_INPUT_ID_NOT_PROVEN_ADMISSION_ORDER,L_REDSTAR
CELF,FULLY_SCHEDULED,CMD_PLC_C09_M03_A1_C09_M03,ControlCommand,136,0.14670981661272922,CANONICAL_INPUT_ID_NOT_PROVEN_ADMISSION_ORDER,L_REDSTAR
CELF,FULLY_SCHEDULED,CMD_PLC_C09_M03_A2_C09_M03,ControlCommand,137,0.14778856526429343,CANONICAL_INPUT_ID_NOT_PROVEN_ADMISSION_ORDER,L_REDSTAR
CELF,FULLY_SCHEDULED,CMD_PLC_C09_M03_A3_C09_M03,ControlCommand,138,0.1488673139158576,CANONICAL_INPUT_ID_NOT_PROVEN_ADMISSION_ORDER,L_REDSTAR
CELF,FULLY_SCHEDULED,CMD_PLC_C09_M03_A4_C09_M03,ControlCommand,139,0.1499460625674218,CANONICAL_INPUT_ID_NOT_PROVEN_ADMISSION_ORDER,L_REDSTAR
CELF,FULLY_SCHEDULED,CMD_PLC_C09_M04_A1_C09_M04,ControlCommand,140,0.15102481121898598,CANONICAL_INPUT_ID_NOT_PROVEN_ADMISSION_ORDER,L_REDSTAR
CELF,FULLY_SCHEDULED,CMD_PLC_C09_M04_A2_C09_M04,ControlCommand,141,0.15210355987055016,CANONICAL_INPUT_ID_NOT_PROVEN_ADMISSION_ORDER,L_REDSTAR
CELF,FULLY_SCHEDULED,CMD_PLC_C09_M04_A3_C09_M04,ControlCommand,142,0.15318230852211434,CANONICAL_INPUT_ID_NOT_PROVEN_ADMISSION_ORDER,L_REDSTAR
CELF,FULLY_SCHEDULED,CMD_PLC_C09_M04_A4_C09_M04,ControlCommand,143,0.15426105717367852,CANONICAL_INPUT_ID_NOT_PROVEN_ADMISSION_ORDER,L_REDSTAR
CELF,FULLY_SCHEDULED,CMD_PLC_C10_M01_A1_C10_M01,ControlCommand,144,0.1553398058252427,CANONICAL_INPUT_ID_NOT_PROVEN_ADMISSION_ORDER,L_REDSTAR
CELF,FULLY_SCHEDULED,CMD_PLC_C10_M01_A2_C10_M01,ControlCommand,145,0.15641855447680691,CANONICAL_INPUT_ID_NOT_PROVEN_ADMISSION_ORDER,L_REDSTAR
CELF,FULLY_SCHEDULED,CMD_PLC_C10_M01_A3_C10_M01,ControlCommand,146,0.1574973031283711,CANONICAL_INPUT_ID_NOT_PROVEN_ADMISSION_ORDER,L_REDSTAR
CELF,FULLY_SCHEDULED,CMD_PLC_C10_M01_A4_C10_M01,ControlCommand,147,0.15857605177993528,CANONICAL_INPUT_ID_NOT_PROVEN_ADMISSION_ORDER,L_REDSTAR
CELF,FULLY_SCHEDULED,CMD_PLC_C10_M02_A1_C10_M02,ControlCommand,148,0.15965480043149946,CANONICAL_INPUT_ID_NOT_PROVEN_ADMISSION_ORDER,L_REDSTAR
CELF,FULLY_SCHEDULED,CMD_PLC_C10_M02_A2_C10_M02,ControlCommand,149,0.16073354908306364,CANONICAL_INPUT_ID_NOT_PROVEN_ADMISSION_ORDER,L_REDSTAR
CELF,FULLY_SCHEDULED,CMD_PLC_C10_M02_A3_C10_M02,ControlCommand,150,0.16181229773462782,CANONICAL_INPUT_ID_NOT_PROVEN_ADMISSION_ORDER,L_REDSTAR
CELF,FULLY_SCHEDULED,CMD_PLC_C10_M02_A4_C10_M02,ControlCommand,151,0.162891046386192,CANONICAL_INPUT_ID_NOT_PROVEN_ADMISSION_ORDER,L_REDSTAR
CELF,FULLY_SCHEDULED,CMD_PLC_C10_M03_A1_C10_M03,ControlCommand,152,0.16396979503775622,CANONICAL_INPUT_ID_NOT_PROVEN_ADMISSION_ORDER,L_REDSTAR
CELF,FULLY_SCHEDULED,CMD_PLC_C10_M03_A2_C10_M03,ControlCommand,153,0.1650485436893204,CANONICAL_INPUT_ID_NOT_PROVEN_ADMISSION_ORDER,L_REDSTAR
CELF,FULLY_SCHEDULED,CMD_PLC_C10_M03_A3_C10_M03,ControlCommand,154,0.16612729234088458,CANONICAL_INPUT_ID_NOT_PROVEN_ADMISSION_ORDER,L_REDSTAR
CELF,FULLY_SCHEDULED,CMD_PLC_C10_M03_A4_C10_M03,ControlCommand,155,0.16720604099244876,CANONICAL_INPUT_ID_NOT_PROVEN_ADMISSION_ORDER,L_REDSTAR
CELF,FULLY_SCHEDULED,CMD_PLC_C10_M04_A1_C10_M04,ControlCommand,156,0.16828478964401294,CANONICAL_INPUT_ID_NOT_PROVEN_ADMISSION_ORDER,L_REDSTAR
CELF,FULLY_SCHEDULED,CMD_PLC_C10_M04_A2_C10_M04,ControlCommand,157,0.16936353829557713,CANONICAL_INPUT_ID_NOT_PROVEN_ADMISSION_ORDER,L_REDSTAR
CELF,FULLY_SCHEDULED,CMD_PLC_C10_M04_A3_C10_M04,ControlCommand,158,0.1704422869471413,CANONICAL_INPUT_ID_NOT_PROVEN_ADMISSION_ORDER,L_REDSTAR
CELF,FULLY_SCHEDULED,CMD_PLC_C10_M04_A4_C10_M04,ControlCommand,159,0.1715210355987055,CANONICAL_INPUT_ID_NOT_PROVEN_ADMISSION_ORDER,L_REDSTAR
CELF,FULLY_SCHEDULED,CMD_PLC_C11_M01_A1_C11_M01,ControlCommand,160,0.1725997842502697,CANONICAL_INPUT_ID_NOT_PROVEN_ADMISSION_ORDER,L_REDSTAR
CELF,FULLY_SCHEDULED,CMD_PLC_C11_M01_A2_C11_M01,ControlCommand,161,0.17367853290183388,CANONICAL_INPUT_ID_NOT_PROVEN_ADMISSION_ORDER,L_REDSTAR
CELF,FULLY_SCHEDULED,CMD_PLC_C11_M01_A3_C11_M01,ControlCommand,162,0.17475728155339806,CANONICAL_INPUT_ID_NOT_PROVEN_ADMISSION_ORDER,L_REDSTAR
CELF,FULLY_SCHEDULED,CMD_PLC_C11_M01_A4_C11_M01,ControlCommand,163,0.17583603020496225,CANONICAL_INPUT_ID_NOT_PROVEN_ADMISSION_ORDER,L_REDSTAR
CELF,FULLY_SCHEDULED,CMD_PLC_C11_M02_A1_C11_M02,ControlCommand,164,0.17691477885652643,CANONICAL_INPUT_ID_NOT_PROVEN_ADMISSION_ORDER,L_REDSTAR
CELF,FULLY_SCHEDULED,CMD_PLC_C11_M02_A2_C11_M02,ControlCommand,165,0.1779935275080906,CANONICAL_INPUT_ID_NOT_PROVEN_ADMISSION_ORDER,L_REDSTAR
CELF,FULLY_SCHEDULED,CMD_PLC_C11_M02_A3_C11_M02,ControlCommand,166,0.1790722761596548,CANONICAL_INPUT_ID_NOT_PROVEN_ADMISSION_ORDER,L_REDSTAR
CELF,FULLY_SCHEDULED,CMD_PLC_C11_M02_A4_C11_M02,ControlCommand,167,0.18015102481121897,CANONICAL_INPUT_ID_NOT_PROVEN_ADMISSION_ORDER,L_REDSTAR
CELF,FULLY_SCHEDULED,CMD_PLC_C11_M03_A1_C11_M03,ControlCommand,168,0.18122977346278318,CANONICAL_INPUT_ID_NOT_PROVEN_ADMISSION_ORDER,L_REDSTAR
CELF,FULLY_SCHEDULED,CMD_PLC_C11_M03_A2_C11_M03,ControlCommand,169,0.18230852211434737,CANONICAL_INPUT_ID_NOT_PROVEN_ADMISSION_ORDER,L_REDSTAR
CELF,FULLY_SCHEDULED,CMD_PLC_C11_M03_A3_C11_M03,ControlCommand,170,0.18338727076591155,CANONICAL_INPUT_ID_NOT_PROVEN_ADMISSION_ORDER,L_REDSTAR
CELF,FULLY_SCHEDULED,CMD_PLC_C11_M03_A4_C11_M03,ControlCommand,171,0.18446601941747573,CANONICAL_INPUT_ID_NOT_PROVEN_ADMISSION_ORDER,L_REDSTAR
CELF,FULLY_SCHEDULED,CMD_PLC_C11_M04_A1_C11_M04,ControlCommand,172,0.1855447680690399,CANONICAL_INPUT_ID_NOT_PROVEN_ADMISSION_ORDER,L_REDSTAR
CELF,ZERO_SCHEDULED,CMD_PLC_C11_M04_A2_C11_M04,ControlCommand,173,0.1866235167206041,CANONICAL_INPUT_ID_NOT_PROVEN_ADMISSION_ORDER,L_REDSTAR
CELF,FULLY_SCHEDULED,CMD_PLC_C11_M04_A3_C11_M04,ControlCommand,174,0.18770226537216828,CANONICAL_INPUT_ID_NOT_PROVEN_ADMISSION_ORDER,L_REDSTAR
CELF,FULLY_SCHEDULED,CMD_PLC_C11_M04_A4_C11_M04,ControlCommand,175,0.18878101402373246,CANONICAL_INPUT_ID_NOT_PROVEN_ADMISSION_ORDER,L_REDSTAR
CELF,FULLY_SCHEDULED,CMD_PLC_C12_M01_A1_C12_M01,ControlCommand,176,0.18985976267529667,CANONICAL_INPUT_ID_NOT_PROVEN_ADMISSION_ORDER,L_REDSTAR
CELF,FULLY_SCHEDULED,CMD_PLC_C12_M01_A2_C12_M01,ControlCommand,177,0.19093851132686085,CANONICAL_INPUT_ID_NOT_PROVEN_ADMISSION_ORDER,L_REDSTAR
CELF,FULLY_SCHEDULED,CMD_PLC_C12_M01_A3_C12_M01,ControlCommand,178,0.19201725997842503,CANONICAL_INPUT_ID_NOT_PROVEN_ADMISSION_ORDER,L_REDSTAR
CELF,ZERO_SCHEDULED,CMD_PLC_C12_M01_A4_C12_M01,ControlCommand,179,0.1930960086299892,CANONICAL_INPUT_ID_NOT_PROVEN_ADMISSION_ORDER,L_REDSTAR
CELF,FULLY_SCHEDULED,CMD_PLC_C12_M02_A1_C12_M02,ControlCommand,180,0.1941747572815534,CANONICAL_INPUT_ID_NOT_PROVEN_ADMISSION_ORDER,L_REDSTAR
CELF,FULLY_SCHEDULED,CMD_PLC_C12_M02_A2_C12_M02,ControlCommand,181,0.19525350593311758,CANONICAL_INPUT_ID_NOT_PROVEN_ADMISSION_ORDER,L_REDSTAR
CELF,FULLY_SCHEDULED,CMD_PLC_C12_M02_A3_C12_M02,ControlCommand,182,0.19633225458468176,CANONICAL_INPUT_ID_NOT_PROVEN_ADMISSION_ORDER,L_REDSTAR
CELF,FULLY_SCHEDULED,CMD_PLC_C12_M02_A4_C12_M02,ControlCommand,183,0.19741100323624594,CANONICAL_INPUT_ID_NOT_PROVEN_ADMISSION_ORDER,L_REDSTAR
CELF,FULLY_SCHEDULED,CMD_PLC_C12_M03_A1_C12_M03,ControlCommand,184,0.19848975188781015,CANONICAL_INPUT_ID_NOT_PROVEN_ADMISSION_ORDER,L_REDSTAR
CELF,FULLY_SCHEDULED,CMD_PLC_C12_M03_A2_C12_M03,ControlCommand,185,0.19956850053937433,CANONICAL_INPUT_ID_NOT_PROVEN_ADMISSION_ORDER,L_REDSTAR
CELF,FULLY_SCHEDULED,CMD_PLC_C12_M03_A3_C12_M03,ControlCommand,186,0.20064724919093851,CANONICAL_INPUT_ID_NOT_PROVEN_ADMISSION_ORDER,L_REDSTAR
CELF,FULLY_SCHEDULED,CMD_PLC_C12_M03_A4_C12_M03,ControlCommand,187,0.2017259978425027,CANONICAL_INPUT_ID_NOT_PROVEN_ADMISSION_ORDER,L_REDSTAR
CELF,FULLY_SCHEDULED,CMD_PLC_C12_M04_A1_C12_M04,ControlCommand,188,0.20280474649406688,CANONICAL_INPUT_ID_NOT_PROVEN_ADMISSION_ORDER,L_REDSTAR
CELF,FULLY_SCHEDULED,CMD_PLC_C12_M04_A2_C12_M04,ControlCommand,189,0.20388349514563106,CANONICAL_INPUT_ID_NOT_PROVEN_ADMISSION_ORDER,L_REDSTAR
CELF,FULLY_SCHEDULED,CMD_PLC_C12_M04_A3_C12_M04,ControlCommand,190,0.20496224379719524,CANONICAL_INPUT_ID_NOT_PROVEN_ADMISSION_ORDER,L_REDSTAR
CELF,FULLY_SCHEDULED,CMD_PLC_C12_M04_A4_C12_M04,ControlCommand,191,0.20604099244875945,CANONICAL_INPUT_ID_NOT_PROVEN_ADMISSION_ORDER,L_REDSTAR
CELF,FULLY_SCHEDULED,CMD_PLC_C13_M01_A1_C13_M01,ControlCommand,192,0.20711974110032363,CANONICAL_INPUT_ID_NOT_PROVEN_ADMISSION_ORDER,L_REDSTAR
CELF,FULLY_SCHEDULED,CMD_PLC_C13_M01_A2_C13_M01,ControlCommand,193,0.20819848975188782,CANONICAL_INPUT_ID_NOT_PROVEN_ADMISSION_ORDER,L_REDSTAR
CELF,FULLY_SCHEDULED,CMD_PLC_C13_M01_A3_C13_M01,ControlCommand,194,0.209277238403452,CANONICAL_INPUT_ID_NOT_PROVEN_ADMISSION_ORDER,L_REDSTAR
CELF,FULLY_SCHEDULED,CMD_PLC_C13_M01_A4_C13_M01,ControlCommand,195,0.21035598705501618,CANONICAL_INPUT_ID_NOT_PROVEN_ADMISSION_ORDER,L_REDSTAR
CELF,FULLY_SCHEDULED,CMD_PLC_C13_M02_A1_C13_M02,ControlCommand,196,0.21143473570658036,CANONICAL_INPUT_ID_NOT_PROVEN_ADMISSION_ORDER,L_REDSTAR
CELF,FULLY_SCHEDULED,CMD_PLC_C13_M02_A2_C13_M02,ControlCommand,197,0.21251348435814454,CANONICAL_INPUT_ID_NOT_PROVEN_ADMISSION_ORDER,L_REDSTAR
CELF,FULLY_SCHEDULED,CMD_PLC_C13_M02_A3_C13_M02,ControlCommand,198,0.21359223300970873,CANONICAL_INPUT_ID_NOT_PROVEN_ADMISSION_ORDER,L_REDSTAR
CELF,ZERO_SCHEDULED,CMD_PLC_C13_M02_A4_C13_M02,ControlCommand,199,0.21467098166127294,CANONICAL_INPUT_ID_NOT_PROVEN_ADMISSION_ORDER,L_REDSTAR
CELF,FULLY_SCHEDULED,CMD_PLC_C13_M03_A1_C13_M03,ControlCommand,200,0.21574973031283712,CANONICAL_INPUT_ID_NOT_PROVEN_ADMISSION_ORDER,L_REDSTAR
CELF,FULLY_SCHEDULED,CMD_PLC_C13_M03_A2_C13_M03,ControlCommand,201,0.2168284789644013,CANONICAL_INPUT_ID_NOT_PROVEN_ADMISSION_ORDER,L_REDSTAR
CELF,FULLY_SCHEDULED,CMD_PLC_C13_M03_A3_C13_M03,ControlCommand,202,0.21790722761596548,CANONICAL_INPUT_ID_NOT_PROVEN_ADMISSION_ORDER,L_REDSTAR
CELF,ZERO_SCHEDULED,CMD_PLC_C13_M03_A4_C13_M03,ControlCommand,203,0.21898597626752966,CANONICAL_INPUT_ID_NOT_PROVEN_ADMISSION_ORDER,L_REDSTAR
CELF,FULLY_SCHEDULED,CMD_PLC_C13_M04_A1_C13_M04,ControlCommand,204,0.22006472491909385,CANONICAL_INPUT_ID_NOT_PROVEN_ADMISSION_ORDER,L_REDSTAR
CELF,FULLY_SCHEDULED,CMD_PLC_C13_M04_A2_C13_M04,ControlCommand,205,0.22114347357065803,CANONICAL_INPUT_ID_NOT_PROVEN_ADMISSION_ORDER,L_REDSTAR
CELF,FULLY_SCHEDULED,CMD_PLC_C13_M04_A3_C13_M04,ControlCommand,206,0.2222222222222222,CANONICAL_INPUT_ID_NOT_PROVEN_ADMISSION_ORDER,L_REDSTAR
CELF,FULLY_SCHEDULED,CMD_PLC_C13_M04_A4_C13_M04,ControlCommand,207,0.22330097087378642,CANONICAL_INPUT_ID_NOT_PROVEN_ADMISSION_ORDER,L_REDSTAR
CELF,FULLY_SCHEDULED,CMD_PLC_C14_M01_A1_C14_M01,ControlCommand,208,0.2243797195253506,CANONICAL_INPUT_ID_NOT_PROVEN_ADMISSION_ORDER,L_REDSTAR
CELF,FULLY_SCHEDULED,CMD_PLC_C14_M01_A2_C14_M01,ControlCommand,209,0.22545846817691478,CANONICAL_INPUT_ID_NOT_PROVEN_ADMISSION_ORDER,L_REDSTAR
CELF,FULLY_SCHEDULED,CMD_PLC_C14_M01_A3_C14_M01,ControlCommand,210,0.22653721682847897,CANONICAL_INPUT_ID_NOT_PROVEN_ADMISSION_ORDER,L_REDSTAR
CELF,FULLY_SCHEDULED,CMD_PLC_C14_M01_A4_C14_M01,ControlCommand,211,0.22761596548004315,CANONICAL_INPUT_ID_NOT_PROVEN_ADMISSION_ORDER,L_REDSTAR
CELF,FULLY_SCHEDULED,CMD_PLC_C14_M02_A1_C14_M02,ControlCommand,212,0.22869471413160733,CANONICAL_INPUT_ID_NOT_PROVEN_ADMISSION_ORDER,L_REDSTAR
CELF,FULLY_SCHEDULED,CMD_PLC_C14_M02_A2_C14_M02,ControlCommand,213,0.2297734627831715,CANONICAL_INPUT_ID_NOT_PROVEN_ADMISSION_ORDER,L_REDSTAR
CELF,FULLY_SCHEDULED,CMD_PLC_C14_M02_A3_C14_M02,ControlCommand,214,0.2308522114347357,CANONICAL_INPUT_ID_NOT_PROVEN_ADMISSION_ORDER,L_REDSTAR
CELF,FULLY_SCHEDULED,CMD_PLC_C14_M02_A4_C14_M02,ControlCommand,215,0.2319309600862999,CANONICAL_INPUT_ID_NOT_PROVEN_ADMISSION_ORDER,L_REDSTAR
CELF,FULLY_SCHEDULED,CMD_PLC_C14_M03_A1_C14_M03,ControlCommand,216,0.23300970873786409,CANONICAL_INPUT_ID_NOT_PROVEN_ADMISSION_ORDER,L_REDSTAR
CELF,FULLY_SCHEDULED,CMD_PLC_C14_M03_A2_C14_M03,ControlCommand,217,0.23408845738942827,CANONICAL_INPUT_ID_NOT_PROVEN_ADMISSION_ORDER,L_REDSTAR
CELF,FULLY_SCHEDULED,CMD_PLC_C14_M03_A3_C14_M03,ControlCommand,218,0.23516720604099245,CANONICAL_INPUT_ID_NOT_PROVEN_ADMISSION_ORDER,L_REDSTAR
CELF,ZERO_SCHEDULED,CMD_PLC_C14_M03_A4_C14_M03,ControlCommand,219,0.23624595469255663,CANONICAL_INPUT_ID_NOT_PROVEN_ADMISSION_ORDER,L_REDSTAR
CELF,FULLY_SCHEDULED,CMD_PLC_C14_M04_A1_C14_M04,ControlCommand,220,0.2373247033441208,CANONICAL_INPUT_ID_NOT_PROVEN_ADMISSION_ORDER,L_REDSTAR
CELF,FULLY_SCHEDULED,CMD_PLC_C14_M04_A2_C14_M04,ControlCommand,221,0.238403451995685,CANONICAL_INPUT_ID_NOT_PROVEN_ADMISSION_ORDER,L_REDSTAR
CELF,FULLY_SCHEDULED,CMD_PLC_C14_M04_A3_C14_M04,ControlCommand,222,0.23948220064724918,CANONICAL_INPUT_ID_NOT_PROVEN_ADMISSION_ORDER,L_REDSTAR
CELF,FULLY_SCHEDULED,CMD_PLC_C14_M04_A4_C14_M04,ControlCommand,223,0.2405609492988134,CANONICAL_INPUT_ID_NOT_PROVEN_ADMISSION_ORDER,L_REDSTAR
CELF,FULLY_SCHEDULED,CMD_PLC_C15_M01_A1_C15_M01,ControlCommand,224,0.24163969795037757,CANONICAL_INPUT_ID_NOT_PROVEN_ADMISSION_ORDER,L_REDSTAR
CELF,FULLY_SCHEDULED,CMD_PLC_C15_M01_A2_C15_M01,ControlCommand,225,0.24271844660194175,CANONICAL_INPUT_ID_NOT_PROVEN_ADMISSION_ORDER,L_REDSTAR
CELF,FULLY_SCHEDULED,CMD_PLC_C15_M01_A3_C15_M01,ControlCommand,226,0.24379719525350593,CANONICAL_INPUT_ID_NOT_PROVEN_ADMISSION_ORDER,L_REDSTAR
CELF,FULLY_SCHEDULED,CMD_PLC_C15_M01_A4_C15_M01,ControlCommand,227,0.24487594390507011,CANONICAL_INPUT_ID_NOT_PROVEN_ADMISSION_ORDER,L_REDSTAR
CELF,FULLY_SCHEDULED,CMD_PLC_C15_M02_A1_C15_M02,ControlCommand,228,0.2459546925566343,CANONICAL_INPUT_ID_NOT_PROVEN_ADMISSION_ORDER,L_REDSTAR
CELF,FULLY_SCHEDULED,CMD_PLC_C15_M02_A2_C15_M02,ControlCommand,229,0.24703344120819848,CANONICAL_INPUT_ID_NOT_PROVEN_ADMISSION_ORDER,L_REDSTAR
CELF,FULLY_SCHEDULED,CMD_PLC_C15_M02_A3_C15_M02,ControlCommand,230,0.2481121898597627,CANONICAL_INPUT_ID_NOT_PROVEN_ADMISSION_ORDER,L_REDSTAR
CELF,FULLY_SCHEDULED,CMD_PLC_C15_M02_A4_C15_M02,ControlCommand,231,0.24919093851132687,CANONICAL_INPUT_ID_NOT_PROVEN_ADMISSION_ORDER,L_REDSTAR
CELF,FULLY_SCHEDULED,CMD_PLC_C15_M03_A1_C15_M03,ControlCommand,232,0.25026968716289105,CANONICAL_INPUT_ID_NOT_PROVEN_ADMISSION_ORDER,L_REDSTAR
CELF,FULLY_SCHEDULED,CMD_PLC_C15_M03_A2_C15_M03,ControlCommand,233,0.2513484358144552,CANONICAL_INPUT_ID_NOT_PROVEN_ADMISSION_ORDER,L_REDSTAR
CELF,FULLY_SCHEDULED,CMD_PLC_C15_M03_A3_C15_M03,ControlCommand,234,0.2524271844660194,CANONICAL_INPUT_ID_NOT_PROVEN_ADMISSION_ORDER,L_REDSTAR
CELF,FULLY_SCHEDULED,CMD_PLC_C15_M03_A4_C15_M03,ControlCommand,235,0.2535059331175836,CANONICAL_INPUT_ID_NOT_PROVEN_ADMISSION_ORDER,L_REDSTAR
CELF,FULLY_SCHEDULED,CMD_PLC_C15_M04_A1_C15_M04,ControlCommand,236,0.2545846817691478,CANONICAL_INPUT_ID_NOT_PROVEN_ADMISSION_ORDER,L_REDSTAR
CELF,FULLY_SCHEDULED,CMD_PLC_C15_M04_A2_C15_M04,ControlCommand,237,0.255663430420712,CANONICAL_INPUT_ID_NOT_PROVEN_ADMISSION_ORDER,L_REDSTAR
CELF,FULLY_SCHEDULED,CMD_PLC_C15_M04_A3_C15_M04,ControlCommand,238,0.25674217907227614,CANONICAL_INPUT_ID_NOT_PROVEN_ADMISSION_ORDER,L_REDSTAR
CELF,ZERO_SCHEDULED,CMD_PLC_C15_M04_A4_C15_M04,ControlCommand,239,0.25782092772384035,CANONICAL_INPUT_ID_NOT_PROVEN_ADMISSION_ORDER,L_REDSTAR
CELF,FULLY_SCHEDULED,CMD_PLC_C16_M01_A1_C16_M01,ControlCommand,240,0.2588996763754045,CANONICAL_INPUT_ID_NOT_PROVEN_ADMISSION_ORDER,L_REDSTAR
CELF,FULLY_SCHEDULED,CMD_PLC_C16_M01_A2_C16_M01,ControlCommand,241,0.2599784250269687,CANONICAL_INPUT_ID_NOT_PROVEN_ADMISSION_ORDER,L_REDSTAR
CELF,FULLY_SCHEDULED,CMD_PLC_C16_M01_A3_C16_M01,ControlCommand,242,0.26105717367853293,CANONICAL_INPUT_ID_NOT_PROVEN_ADMISSION_ORDER,L_REDSTAR
CELF,FULLY_SCHEDULED,CMD_PLC_C16_M01_A4_C16_M01,ControlCommand,243,0.2621359223300971,CANONICAL_INPUT_ID_NOT_PROVEN_ADMISSION_ORDER,L_REDSTAR
CELF,FULLY_SCHEDULED,CMD_PLC_C16_M02_A1_C16_M02,ControlCommand,244,0.2632146709816613,CANONICAL_INPUT_ID_NOT_PROVEN_ADMISSION_ORDER,L_REDSTAR
CELF,FULLY_SCHEDULED,CMD_PLC_C16_M02_A2_C16_M02,ControlCommand,245,0.26429341963322545,CANONICAL_INPUT_ID_NOT_PROVEN_ADMISSION_ORDER,L_REDSTAR
CELF,FULLY_SCHEDULED,CMD_PLC_C16_M02_A3_C16_M02,ControlCommand,246,0.26537216828478966,CANONICAL_INPUT_ID_NOT_PROVEN_ADMISSION_ORDER,L_REDSTAR
CELF,FULLY_SCHEDULED,CMD_PLC_C16_M02_A4_C16_M02,ControlCommand,247,0.2664509169363538,CANONICAL_INPUT_ID_NOT_PROVEN_ADMISSION_ORDER,L_REDSTAR
CELF,FULLY_SCHEDULED,CMD_PLC_C16_M03_A1_C16_M03,ControlCommand,248,0.267529665587918,CANONICAL_INPUT_ID_NOT_PROVEN_ADMISSION_ORDER,L_REDSTAR
CELF,FULLY_SCHEDULED,CMD_PLC_C16_M03_A2_C16_M03,ControlCommand,249,0.2686084142394822,CANONICAL_INPUT_ID_NOT_PROVEN_ADMISSION_ORDER,L_REDSTAR
CELF,ZERO_SCHEDULED,CMD_PLC_C16_M03_A3_C16_M03,ControlCommand,250,0.2696871628910464,CANONICAL_INPUT_ID_NOT_PROVEN_ADMISSION_ORDER,L_REDSTAR
CELF,FULLY_SCHEDULED,CMD_PLC_C16_M03_A4_C16_M03,ControlCommand,251,0.2707659115426106,CANONICAL_INPUT_ID_NOT_PROVEN_ADMISSION_ORDER,L_REDSTAR
CELF,FULLY_SCHEDULED,CMD_PLC_C16_M04_A1_C16_M04,ControlCommand,252,0.27184466019417475,CANONICAL_INPUT_ID_NOT_PROVEN_ADMISSION_ORDER,L_REDSTAR
CELF,FULLY_SCHEDULED,CMD_PLC_C16_M04_A2_C16_M04,ControlCommand,253,0.27292340884573896,CANONICAL_INPUT_ID_NOT_PROVEN_ADMISSION_ORDER,L_REDSTAR
CELF,FULLY_SCHEDULED,CMD_PLC_C16_M04_A3_C16_M04,ControlCommand,254,0.2740021574973031,CANONICAL_INPUT_ID_NOT_PROVEN_ADMISSION_ORDER,L_REDSTAR
CELF,FULLY_SCHEDULED,CMD_PLC_C16_M04_A4_C16_M04,ControlCommand,255,0.2750809061488673,CANONICAL_INPUT_ID_NOT_PROVEN_ADMISSION_ORDER,L_REDSTAR
CELF,FULLY_SCHEDULED,COORD_CC_C01_PLC_C01_M01,MachineCoordination,256,0.2761596548004315,CANONICAL_INPUT_ID_NOT_PROVEN_ADMISSION_ORDER,L_REDSTAR
CELF,FULLY_SCHEDULED,COORD_CC_C01_PLC_C01_M02,MachineCoordination,257,0.2772384034519957,CANONICAL_INPUT_ID_NOT_PROVEN_ADMISSION_ORDER,L_REDSTAR
CELF,FULLY_SCHEDULED,COORD_CC_C01_PLC_C01_M03,MachineCoordination,258,0.2783171521035599,CANONICAL_INPUT_ID_NOT_PROVEN_ADMISSION_ORDER,L_REDSTAR
CELF,FULLY_SCHEDULED,COORD_CC_C01_PLC_C01_M04,MachineCoordination,259,0.27939590075512405,CANONICAL_INPUT_ID_NOT_PROVEN_ADMISSION_ORDER,L_REDSTAR
CELF,FULLY_SCHEDULED,COORD_CC_C02_PLC_C02_M01,MachineCoordination,260,0.28047464940668826,CANONICAL_INPUT_ID_NOT_PROVEN_ADMISSION_ORDER,L_REDSTAR
CELF,FULLY_SCHEDULED,COORD_CC_C02_PLC_C02_M02,MachineCoordination,261,0.2815533980582524,CANONICAL_INPUT_ID_NOT_PROVEN_ADMISSION_ORDER,L_REDSTAR
CELF,FULLY_SCHEDULED,COORD_CC_C02_PLC_C02_M03,MachineCoordination,262,0.2826321467098166,CANONICAL_INPUT_ID_NOT_PROVEN_ADMISSION_ORDER,L_REDSTAR
CELF,FULLY_SCHEDULED,COORD_CC_C02_PLC_C02_M04,MachineCoordination,263,0.2837108953613808,CANONICAL_INPUT_ID_NOT_PROVEN_ADMISSION_ORDER,L_REDSTAR
CELF,ZERO_SCHEDULED,COORD_CC_C03_PLC_C03_M01,MachineCoordination,264,0.284789644012945,CANONICAL_INPUT_ID_NOT_PROVEN_ADMISSION_ORDER,L_REDSTAR
CELF,FULLY_SCHEDULED,COORD_CC_C03_PLC_C03_M02,MachineCoordination,265,0.2858683926645092,CANONICAL_INPUT_ID_NOT_PROVEN_ADMISSION_ORDER,L_REDSTAR
CELF,FULLY_SCHEDULED,COORD_CC_C03_PLC_C03_M03,MachineCoordination,266,0.28694714131607335,CANONICAL_INPUT_ID_NOT_PROVEN_ADMISSION_ORDER,L_REDSTAR
CELF,FULLY_SCHEDULED,COORD_CC_C03_PLC_C03_M04,MachineCoordination,267,0.28802588996763756,CANONICAL_INPUT_ID_NOT_PROVEN_ADMISSION_ORDER,L_REDSTAR
CELF,FULLY_SCHEDULED,COORD_CC_C04_PLC_C04_M01,MachineCoordination,268,0.2891046386192017,CANONICAL_INPUT_ID_NOT_PROVEN_ADMISSION_ORDER,L_REDSTAR
CELF,FULLY_SCHEDULED,COORD_CC_C04_PLC_C04_M02,MachineCoordination,269,0.2901833872707659,CANONICAL_INPUT_ID_NOT_PROVEN_ADMISSION_ORDER,L_REDSTAR
CELF,FULLY_SCHEDULED,COORD_CC_C04_PLC_C04_M03,MachineCoordination,270,0.2912621359223301,CANONICAL_INPUT_ID_NOT_PROVEN_ADMISSION_ORDER,L_REDSTAR
CELF,FULLY_SCHEDULED,COORD_CC_C04_PLC_C04_M04,MachineCoordination,271,0.2923408845738943,CANONICAL_INPUT_ID_NOT_PROVEN_ADMISSION_ORDER,L_REDSTAR
CELF,FULLY_SCHEDULED,COORD_CC_C05_PLC_C05_M01,MachineCoordination,272,0.29341963322545844,CANONICAL_INPUT_ID_NOT_PROVEN_ADMISSION_ORDER,L_REDSTAR
CELF,ZERO_SCHEDULED,COORD_CC_C05_PLC_C05_M02,MachineCoordination,273,0.29449838187702265,CANONICAL_INPUT_ID_NOT_PROVEN_ADMISSION_ORDER,L_REDSTAR
CELF,FULLY_SCHEDULED,COORD_CC_C05_PLC_C05_M03,MachineCoordination,274,0.29557713052858686,CANONICAL_INPUT_ID_NOT_PROVEN_ADMISSION_ORDER,L_REDSTAR
CELF,FULLY_SCHEDULED,COORD_CC_C05_PLC_C05_M04,MachineCoordination,275,0.296655879180151,CANONICAL_INPUT_ID_NOT_PROVEN_ADMISSION_ORDER,L_REDSTAR
CELF,FULLY_SCHEDULED,COORD_CC_C06_PLC_C06_M01,MachineCoordination,276,0.2977346278317152,CANONICAL_INPUT_ID_NOT_PROVEN_ADMISSION_ORDER,L_REDSTAR
CELF,FULLY_SCHEDULED,COORD_CC_C06_PLC_C06_M02,MachineCoordination,277,0.2988133764832794,CANONICAL_INPUT_ID_NOT_PROVEN_ADMISSION_ORDER,L_REDSTAR
CELF,FULLY_SCHEDULED,COORD_CC_C06_PLC_C06_M03,MachineCoordination,278,0.2998921251348436,CANONICAL_INPUT_ID_NOT_PROVEN_ADMISSION_ORDER,L_REDSTAR
CELF,FULLY_SCHEDULED,COORD_CC_C06_PLC_C06_M04,MachineCoordination,279,0.30097087378640774,CANONICAL_INPUT_ID_NOT_PROVEN_ADMISSION_ORDER,L_REDSTAR
CELF,FULLY_SCHEDULED,COORD_CC_C07_PLC_C07_M01,MachineCoordination,280,0.30204962243797195,CANONICAL_INPUT_ID_NOT_PROVEN_ADMISSION_ORDER,L_REDSTAR
CELF,FULLY_SCHEDULED,COORD_CC_C07_PLC_C07_M02,MachineCoordination,281,0.30312837108953616,CANONICAL_INPUT_ID_NOT_PROVEN_ADMISSION_ORDER,L_REDSTAR
CELF,FULLY_SCHEDULED,COORD_CC_C07_PLC_C07_M03,MachineCoordination,282,0.3042071197411003,CANONICAL_INPUT_ID_NOT_PROVEN_ADMISSION_ORDER,L_REDSTAR
CELF,FULLY_SCHEDULED,COORD_CC_C07_PLC_C07_M04,MachineCoordination,283,0.30528586839266453,CANONICAL_INPUT_ID_NOT_PROVEN_ADMISSION_ORDER,L_REDSTAR
CELF,FULLY_SCHEDULED,COORD_CC_C08_PLC_C08_M01,MachineCoordination,284,0.3063646170442287,CANONICAL_INPUT_ID_NOT_PROVEN_ADMISSION_ORDER,L_REDSTAR
CELF,FULLY_SCHEDULED,COORD_CC_C08_PLC_C08_M02,MachineCoordination,285,0.3074433656957929,CANONICAL_INPUT_ID_NOT_PROVEN_ADMISSION_ORDER,L_REDSTAR
CELF,FULLY_SCHEDULED,COORD_CC_C08_PLC_C08_M03,MachineCoordination,286,0.30852211434735705,CANONICAL_INPUT_ID_NOT_PROVEN_ADMISSION_ORDER,L_REDSTAR
CELF,FULLY_SCHEDULED,COORD_CC_C08_PLC_C08_M04,MachineCoordination,287,0.30960086299892126,CANONICAL_INPUT_ID_NOT_PROVEN_ADMISSION_ORDER,L_REDSTAR
CELF,FULLY_SCHEDULED,COORD_CC_C09_PLC_C09_M01,MachineCoordination,288,0.3106796116504854,CANONICAL_INPUT_ID_NOT_PROVEN_ADMISSION_ORDER,L_REDSTAR
CELF,FULLY_SCHEDULED,COORD_CC_C09_PLC_C09_M02,MachineCoordination,289,0.3117583603020496,CANONICAL_INPUT_ID_NOT_PROVEN_ADMISSION_ORDER,L_REDSTAR
CELF,FULLY_SCHEDULED,COORD_CC_C09_PLC_C09_M03,MachineCoordination,290,0.31283710895361383,CANONICAL_INPUT_ID_NOT_PROVEN_ADMISSION_ORDER,L_REDSTAR
CELF,FULLY_SCHEDULED,COORD_CC_C09_PLC_C09_M04,MachineCoordination,291,0.313915857605178,CANONICAL_INPUT_ID_NOT_PROVEN_ADMISSION_ORDER,L_REDSTAR
CELF,FULLY_SCHEDULED,COORD_CC_C10_PLC_C10_M01,MachineCoordination,292,0.3149946062567422,CANONICAL_INPUT_ID_NOT_PROVEN_ADMISSION_ORDER,L_REDSTAR
CELF,FULLY_SCHEDULED,COORD_CC_C10_PLC_C10_M02,MachineCoordination,293,0.31607335490830635,CANONICAL_INPUT_ID_NOT_PROVEN_ADMISSION_ORDER,L_REDSTAR
CELF,FULLY_SCHEDULED,COORD_CC_C10_PLC_C10_M03,MachineCoordination,294,0.31715210355987056,CANONICAL_INPUT_ID_NOT_PROVEN_ADMISSION_ORDER,L_REDSTAR
CELF,FULLY_SCHEDULED,COORD_CC_C10_PLC_C10_M04,MachineCoordination,295,0.3182308522114347,CANONICAL_INPUT_ID_NOT_PROVEN_ADMISSION_ORDER,L_REDSTAR
CELF,FULLY_SCHEDULED,COORD_CC_C11_PLC_C11_M01,MachineCoordination,296,0.3193096008629989,CANONICAL_INPUT_ID_NOT_PROVEN_ADMISSION_ORDER,L_REDSTAR
CELF,FULLY_SCHEDULED,COORD_CC_C11_PLC_C11_M02,MachineCoordination,297,0.32038834951456313,CANONICAL_INPUT_ID_NOT_PROVEN_ADMISSION_ORDER,L_REDSTAR
CELF,FULLY_SCHEDULED,COORD_CC_C11_PLC_C11_M03,MachineCoordination,298,0.3214670981661273,CANONICAL_INPUT_ID_NOT_PROVEN_ADMISSION_ORDER,L_REDSTAR
CELF,FULLY_SCHEDULED,COORD_CC_C11_PLC_C11_M04,MachineCoordination,299,0.3225458468176915,CANONICAL_INPUT_ID_NOT_PROVEN_ADMISSION_ORDER,L_REDSTAR
CELF,FULLY_SCHEDULED,COORD_CC_C12_PLC_C12_M01,MachineCoordination,300,0.32362459546925565,CANONICAL_INPUT_ID_NOT_PROVEN_ADMISSION_ORDER,L_REDSTAR
CELF,FULLY_SCHEDULED,COORD_CC_C12_PLC_C12_M02,MachineCoordination,301,0.32470334412081986,CANONICAL_INPUT_ID_NOT_PROVEN_ADMISSION_ORDER,L_REDSTAR
CELF,FULLY_SCHEDULED,COORD_CC_C12_PLC_C12_M03,MachineCoordination,302,0.325782092772384,CANONICAL_INPUT_ID_NOT_PROVEN_ADMISSION_ORDER,L_REDSTAR
CELF,FULLY_SCHEDULED,COORD_CC_C12_PLC_C12_M04,MachineCoordination,303,0.3268608414239482,CANONICAL_INPUT_ID_NOT_PROVEN_ADMISSION_ORDER,L_REDSTAR
CELF,FULLY_SCHEDULED,COORD_CC_C13_PLC_C13_M01,MachineCoordination,304,0.32793959007551243,CANONICAL_INPUT_ID_NOT_PROVEN_ADMISSION_ORDER,L_REDSTAR
CELF,FULLY_SCHEDULED,COORD_CC_C13_PLC_C13_M02,MachineCoordination,305,0.3290183387270766,CANONICAL_INPUT_ID_NOT_PROVEN_ADMISSION_ORDER,L_REDSTAR
CELF,FULLY_SCHEDULED,COORD_CC_C13_PLC_C13_M03,MachineCoordination,306,0.3300970873786408,CANONICAL_INPUT_ID_NOT_PROVEN_ADMISSION_ORDER,L_REDSTAR
CELF,FULLY_SCHEDULED,COORD_CC_C13_PLC_C13_M04,MachineCoordination,307,0.33117583603020495,CANONICAL_INPUT_ID_NOT_PROVEN_ADMISSION_ORDER,L_REDSTAR
CELF,FULLY_SCHEDULED,COORD_CC_C14_PLC_C14_M01,MachineCoordination,308,0.33225458468176916,CANONICAL_INPUT_ID_NOT_PROVEN_ADMISSION_ORDER,L_REDSTAR
CELF,FULLY_SCHEDULED,COORD_CC_C14_PLC_C14_M02,MachineCoordination,309,0.3333333333333333,CANONICAL_INPUT_ID_NOT_PROVEN_ADMISSION_ORDER,L_REDSTAR
CELF,FULLY_SCHEDULED,COORD_CC_C14_PLC_C14_M03,MachineCoordination,310,0.3344120819848975,CANONICAL_INPUT_ID_NOT_PROVEN_ADMISSION_ORDER,L_REDSTAR
CELF,FULLY_SCHEDULED,COORD_CC_C14_PLC_C14_M04,MachineCoordination,311,0.3354908306364617,CANONICAL_INPUT_ID_NOT_PROVEN_ADMISSION_ORDER,L_REDSTAR
CELF,FULLY_SCHEDULED,COORD_CC_C15_PLC_C15_M01,MachineCoordination,312,0.3365695792880259,CANONICAL_INPUT_ID_NOT_PROVEN_ADMISSION_ORDER,L_REDSTAR
CELF,FULLY_SCHEDULED,COORD_CC_C15_PLC_C15_M02,MachineCoordination,313,0.3376483279395901,CANONICAL_INPUT_ID_NOT_PROVEN_ADMISSION_ORDER,L_REDSTAR
CELF,FULLY_SCHEDULED,COORD_CC_C15_PLC_C15_M03,MachineCoordination,314,0.33872707659115425,CANONICAL_INPUT_ID_NOT_PROVEN_ADMISSION_ORDER,L_REDSTAR
CELF,FULLY_SCHEDULED,COORD_CC_C15_PLC_C15_M04,MachineCoordination,315,0.33980582524271846,CANONICAL_INPUT_ID_NOT_PROVEN_ADMISSION_ORDER,L_REDSTAR
CELF,FULLY_SCHEDULED,COORD_CC_C16_PLC_C16_M01,MachineCoordination,316,0.3408845738942826,CANONICAL_INPUT_ID_NOT_PROVEN_ADMISSION_ORDER,L_REDSTAR
CELF,FULLY_SCHEDULED,COORD_CC_C16_PLC_C16_M02,MachineCoordination,317,0.3419633225458468,CANONICAL_INPUT_ID_NOT_PROVEN_ADMISSION_ORDER,L_REDSTAR
CELF,FULLY_SCHEDULED,COORD_CC_C16_PLC_C16_M03,MachineCoordination,318,0.343042071197411,CANONICAL_INPUT_ID_NOT_PROVEN_ADMISSION_ORDER,L_REDSTAR
CELF,FULLY_SCHEDULED,COORD_CC_C16_PLC_C16_M04,MachineCoordination,319,0.3441208198489752,CANONICAL_INPUT_ID_NOT_PROVEN_ADMISSION_ORDER,L_REDSTAR
CELF,FULLY_SCHEDULED,IC_NEXT_CC_C01,InterCellNext,320,0.3451995685005394,CANONICAL_INPUT_ID_NOT_PROVEN_ADMISSION_ORDER,L_REDSTAR
CELF,FULLY_SCHEDULED,IC_NEXT_CC_C02,InterCellNext,321,0.34627831715210355,CANONICAL_INPUT_ID_NOT_PROVEN_ADMISSION_ORDER,L_REDSTAR
CELF,FULLY_SCHEDULED,IC_NEXT_CC_C03,InterCellNext,322,0.34735706580366776,CANONICAL_INPUT_ID_NOT_PROVEN_ADMISSION_ORDER,L_REDSTAR
CELF,FULLY_SCHEDULED,IC_NEXT_CC_C04,InterCellNext,323,0.3484358144552319,CANONICAL_INPUT_ID_NOT_PROVEN_ADMISSION_ORDER,L_REDSTAR
CELF,FULLY_SCHEDULED,IC_NEXT_CC_C05,InterCellNext,324,0.34951456310679613,CANONICAL_INPUT_ID_NOT_PROVEN_ADMISSION_ORDER,L_REDSTAR
CELF,FULLY_SCHEDULED,IC_NEXT_CC_C06,InterCellNext,325,0.3505933117583603,CANONICAL_INPUT_ID_NOT_PROVEN_ADMISSION_ORDER,L_REDSTAR
CELF,FULLY_SCHEDULED,IC_NEXT_CC_C07,InterCellNext,326,0.3516720604099245,CANONICAL_INPUT_ID_NOT_PROVEN_ADMISSION_ORDER,L_REDSTAR
CELF,FULLY_SCHEDULED,IC_NEXT_CC_C08,InterCellNext,327,0.35275080906148865,CANONICAL_INPUT_ID_NOT_PROVEN_ADMISSION_ORDER,L_REDSTAR
CELF,FULLY_SCHEDULED,IC_NEXT_CC_C09,InterCellNext,328,0.35382955771305286,CANONICAL_INPUT_ID_NOT_PROVEN_ADMISSION_ORDER,L_REDSTAR
CELF,FULLY_SCHEDULED,IC_NEXT_CC_C10,InterCellNext,329,0.35490830636461707,CANONICAL_INPUT_ID_NOT_PROVEN_ADMISSION_ORDER,L_REDSTAR
CELF,FULLY_SCHEDULED,IC_NEXT_CC_C11,InterCellNext,330,0.3559870550161812,CANONICAL_INPUT_ID_NOT_PROVEN_ADMISSION_ORDER,L_REDSTAR
CELF,FULLY_SCHEDULED,IC_NEXT_CC_C12,InterCellNext,331,0.35706580366774543,CANONICAL_INPUT_ID_NOT_PROVEN_ADMISSION_ORDER,L_REDSTAR
CELF,FULLY_SCHEDULED,IC_NEXT_CC_C13,InterCellNext,332,0.3581445523193096,CANONICAL_INPUT_ID_NOT_PROVEN_ADMISSION_ORDER,L_REDSTAR
CELF,FULLY_SCHEDULED,IC_NEXT_CC_C14,InterCellNext,333,0.3592233009708738,CANONICAL_INPUT_ID_NOT_PROVEN_ADMISSION_ORDER,L_REDSTAR
CELF,FULLY_SCHEDULED,IC_NEXT_CC_C15,InterCellNext,334,0.36030204962243795,CANONICAL_INPUT_ID_NOT_PROVEN_ADMISSION_ORDER,L_REDSTAR
CELF,FULLY_SCHEDULED,IC_NEXT_CC_C16,InterCellNext,335,0.36138079827400216,CANONICAL_INPUT_ID_NOT_PROVEN_ADMISSION_ORDER,L_REDSTAR
CELF,FULLY_SCHEDULED,IC_PREV_CC_C01,InterCellPrevious,336,0.36245954692556637,CANONICAL_INPUT_ID_NOT_PROVEN_ADMISSION_ORDER,L_REDSTAR
CELF,FULLY_SCHEDULED,IC_PREV_CC_C02,InterCellPrevious,337,0.3635382955771305,CANONICAL_INPUT_ID_NOT_PROVEN_ADMISSION_ORDER,L_REDSTAR
CELF,FULLY_SCHEDULED,IC_PREV_CC_C03,InterCellPrevious,338,0.36461704422869473,CANONICAL_INPUT_ID_NOT_PROVEN_ADMISSION_ORDER,L_REDSTAR
CELF,FULLY_SCHEDULED,IC_PREV_CC_C04,InterCellPrevious,339,0.3656957928802589,CANONICAL_INPUT_ID_NOT_PROVEN_ADMISSION_ORDER,L_REDSTAR
CELF,FULLY_SCHEDULED,IC_PREV_CC_C05,InterCellPrevious,340,0.3667745415318231,CANONICAL_INPUT_ID_NOT_PROVEN_ADMISSION_ORDER,L_REDSTAR
CELF,FULLY_SCHEDULED,IC_PREV_CC_C06,InterCellPrevious,341,0.36785329018338725,CANONICAL_INPUT_ID_NOT_PROVEN_ADMISSION_ORDER,L_REDSTAR
CELF,FULLY_SCHEDULED,IC_PREV_CC_C07,InterCellPrevious,342,0.36893203883495146,CANONICAL_INPUT_ID_NOT_PROVEN_ADMISSION_ORDER,L_REDSTAR
CELF,FULLY_SCHEDULED,IC_PREV_CC_C08,InterCellPrevious,343,0.37001078748651567,CANONICAL_INPUT_ID_NOT_PROVEN_ADMISSION_ORDER,L_REDSTAR
CELF,FULLY_SCHEDULED,IC_PREV_CC_C09,InterCellPrevious,344,0.3710895361380798,CANONICAL_INPUT_ID_NOT_PROVEN_ADMISSION_ORDER,L_REDSTAR
CELF,FULLY_SCHEDULED,IC_PREV_CC_C10,InterCellPrevious,345,0.37216828478964403,CANONICAL_INPUT_ID_NOT_PROVEN_ADMISSION_ORDER,L_REDSTAR
CELF,FULLY_SCHEDULED,IC_PREV_CC_C11,InterCellPrevious,346,0.3732470334412082,CANONICAL_INPUT_ID_NOT_PROVEN_ADMISSION_ORDER,L_REDSTAR
CELF,FULLY_SCHEDULED,IC_PREV_CC_C12,InterCellPrevious,347,0.3743257820927724,CANONICAL_INPUT_ID_NOT_PROVEN_ADMISSION_ORDER,L_REDSTAR
CELF,FULLY_SCHEDULED,IC_PREV_CC_C13,InterCellPrevious,348,0.37540453074433655,CANONICAL_INPUT_ID_NOT_PROVEN_ADMISSION_ORDER,L_REDSTAR
CELF,FULLY_SCHEDULED,IC_PREV_CC_C14,InterCellPrevious,349,0.37648327939590076,CANONICAL_INPUT_ID_NOT_PROVEN_ADMISSION_ORDER,L_REDSTAR
CELF,FULLY_SCHEDULED,IC_PREV_CC_C15,InterCellPrevious,350,0.3775620280474649,CANONICAL_INPUT_ID_NOT_PROVEN_ADMISSION_ORDER,L_REDSTAR
CELF,FULLY_SCHEDULED,IC_PREV_CC_C16,InterCellPrevious,351,0.3786407766990291,CANONICAL_INPUT_ID_NOT_PROVEN_ADMISSION_ORDER,L_REDSTAR
CELF,FULLY_SCHEDULED,SC_S1_C01_M01,SensorCyclic,352,0.37971952535059333,CANONICAL_INPUT_ID_NOT_PROVEN_ADMISSION_ORDER,L_REDSTAR
CELF,FULLY_SCHEDULED,SC_S1_C01_M02,SensorCyclic,353,0.3807982740021575,CANONICAL_INPUT_ID_NOT_PROVEN_ADMISSION_ORDER,L_REDSTAR
CELF,FULLY_SCHEDULED,SC_S1_C01_M03,SensorCyclic,354,0.3818770226537217,CANONICAL_INPUT_ID_NOT_PROVEN_ADMISSION_ORDER,L_REDSTAR
CELF,FULLY_SCHEDULED,SC_S1_C01_M04,SensorCyclic,355,0.38295577130528585,CANONICAL_INPUT_ID_NOT_PROVEN_ADMISSION_ORDER,L_REDSTAR
CELF,FULLY_SCHEDULED,SC_S1_C02_M01,SensorCyclic,356,0.38403451995685006,CANONICAL_INPUT_ID_NOT_PROVEN_ADMISSION_ORDER,L_REDSTAR
CELF,FULLY_SCHEDULED,SC_S1_C02_M02,SensorCyclic,357,0.3851132686084142,CANONICAL_INPUT_ID_NOT_PROVEN_ADMISSION_ORDER,L_REDSTAR
CELF,FULLY_SCHEDULED,SC_S1_C02_M03,SensorCyclic,358,0.3861920172599784,CANONICAL_INPUT_ID_NOT_PROVEN_ADMISSION_ORDER,L_REDSTAR
CELF,FULLY_SCHEDULED,SC_S1_C02_M04,SensorCyclic,359,0.38727076591154264,CANONICAL_INPUT_ID_NOT_PROVEN_ADMISSION_ORDER,L_REDSTAR
CELF,FULLY_SCHEDULED,SC_S1_C03_M01,SensorCyclic,360,0.3883495145631068,CANONICAL_INPUT_ID_NOT_PROVEN_ADMISSION_ORDER,L_REDSTAR
CELF,FULLY_SCHEDULED,SC_S1_C03_M02,SensorCyclic,361,0.389428263214671,CANONICAL_INPUT_ID_NOT_PROVEN_ADMISSION_ORDER,L_REDSTAR
CELF,FULLY_SCHEDULED,SC_S1_C03_M03,SensorCyclic,362,0.39050701186623515,CANONICAL_INPUT_ID_NOT_PROVEN_ADMISSION_ORDER,L_REDSTAR
CELF,FULLY_SCHEDULED,SC_S1_C03_M04,SensorCyclic,363,0.39158576051779936,CANONICAL_INPUT_ID_NOT_PROVEN_ADMISSION_ORDER,L_REDSTAR
CELF,FULLY_SCHEDULED,SC_S1_C04_M01,SensorCyclic,364,0.3926645091693635,CANONICAL_INPUT_ID_NOT_PROVEN_ADMISSION_ORDER,L_REDSTAR
CELF,FULLY_SCHEDULED,SC_S1_C04_M02,SensorCyclic,365,0.39374325782092773,CANONICAL_INPUT_ID_NOT_PROVEN_ADMISSION_ORDER,L_REDSTAR
CELF,FULLY_SCHEDULED,SC_S1_C04_M03,SensorCyclic,366,0.3948220064724919,CANONICAL_INPUT_ID_NOT_PROVEN_ADMISSION_ORDER,L_REDSTAR
CELF,FULLY_SCHEDULED,SC_S1_C04_M04,SensorCyclic,367,0.3959007551240561,CANONICAL_INPUT_ID_NOT_PROVEN_ADMISSION_ORDER,L_REDSTAR
CELF,FULLY_SCHEDULED,SC_S1_C05_M01,SensorCyclic,368,0.3969795037756203,CANONICAL_INPUT_ID_NOT_PROVEN_ADMISSION_ORDER,L_REDSTAR
CELF,FULLY_SCHEDULED,SC_S1_C05_M02,SensorCyclic,369,0.39805825242718446,CANONICAL_INPUT_ID_NOT_PROVEN_ADMISSION_ORDER,L_REDSTAR
CELF,FULLY_SCHEDULED,SC_S1_C05_M03,SensorCyclic,370,0.39913700107874867,CANONICAL_INPUT_ID_NOT_PROVEN_ADMISSION_ORDER,L_REDSTAR
CELF,FULLY_SCHEDULED,SC_S1_C05_M04,SensorCyclic,371,0.4002157497303128,CANONICAL_INPUT_ID_NOT_PROVEN_ADMISSION_ORDER,L_REDSTAR
CELF,FULLY_SCHEDULED,SC_S1_C06_M01,SensorCyclic,372,0.40129449838187703,CANONICAL_INPUT_ID_NOT_PROVEN_ADMISSION_ORDER,L_REDSTAR
CELF,FULLY_SCHEDULED,SC_S1_C06_M02,SensorCyclic,373,0.4023732470334412,CANONICAL_INPUT_ID_NOT_PROVEN_ADMISSION_ORDER,L_REDSTAR
CELF,FULLY_SCHEDULED,SC_S1_C06_M03,SensorCyclic,374,0.4034519956850054,CANONICAL_INPUT_ID_NOT_PROVEN_ADMISSION_ORDER,L_REDSTAR
CELF,FULLY_SCHEDULED,SC_S1_C06_M04,SensorCyclic,375,0.4045307443365696,CANONICAL_INPUT_ID_NOT_PROVEN_ADMISSION_ORDER,L_REDSTAR
CELF,FULLY_SCHEDULED,SC_S1_C07_M01,SensorCyclic,376,0.40560949298813376,CANONICAL_INPUT_ID_NOT_PROVEN_ADMISSION_ORDER,L_REDSTAR
CELF,FULLY_SCHEDULED,SC_S1_C07_M02,SensorCyclic,377,0.40668824163969797,CANONICAL_INPUT_ID_NOT_PROVEN_ADMISSION_ORDER,L_REDSTAR
CELF,FULLY_SCHEDULED,SC_S1_C07_M03,SensorCyclic,378,0.4077669902912621,CANONICAL_INPUT_ID_NOT_PROVEN_ADMISSION_ORDER,L_REDSTAR
CELF,FULLY_SCHEDULED,SC_S1_C07_M04,SensorCyclic,379,0.40884573894282633,CANONICAL_INPUT_ID_NOT_PROVEN_ADMISSION_ORDER,L_REDSTAR
CELF,FULLY_SCHEDULED,SC_S1_C08_M01,SensorCyclic,380,0.4099244875943905,CANONICAL_INPUT_ID_NOT_PROVEN_ADMISSION_ORDER,L_REDSTAR
CELF,FULLY_SCHEDULED,SC_S1_C08_M02,SensorCyclic,381,0.4110032362459547,CANONICAL_INPUT_ID_NOT_PROVEN_ADMISSION_ORDER,L_REDSTAR
CELF,FULLY_SCHEDULED,SC_S1_C08_M03,SensorCyclic,382,0.4120819848975189,CANONICAL_INPUT_ID_NOT_PROVEN_ADMISSION_ORDER,L_REDSTAR
CELF,FULLY_SCHEDULED,SC_S1_C08_M04,SensorCyclic,383,0.41316073354908306,CANONICAL_INPUT_ID_NOT_PROVEN_ADMISSION_ORDER,L_REDSTAR
CELF,FULLY_SCHEDULED,SC_S1_C09_M01,SensorCyclic,384,0.41423948220064727,CANONICAL_INPUT_ID_NOT_PROVEN_ADMISSION_ORDER,L_REDSTAR
CELF,FULLY_SCHEDULED,SC_S1_C09_M02,SensorCyclic,385,0.4153182308522114,CANONICAL_INPUT_ID_NOT_PROVEN_ADMISSION_ORDER,L_REDSTAR
CELF,FULLY_SCHEDULED,SC_S1_C09_M03,SensorCyclic,386,0.41639697950377563,CANONICAL_INPUT_ID_NOT_PROVEN_ADMISSION_ORDER,L_REDSTAR
CELF,FULLY_SCHEDULED,SC_S1_C09_M04,SensorCyclic,387,0.4174757281553398,CANONICAL_INPUT_ID_NOT_PROVEN_ADMISSION_ORDER,L_REDSTAR
CELF,FULLY_SCHEDULED,SC_S1_C10_M01,SensorCyclic,388,0.418554476806904,CANONICAL_INPUT_ID_NOT_PROVEN_ADMISSION_ORDER,L_REDSTAR
CELF,FULLY_SCHEDULED,SC_S1_C10_M02,SensorCyclic,389,0.41963322545846815,CANONICAL_INPUT_ID_NOT_PROVEN_ADMISSION_ORDER,L_REDSTAR
CELF,FULLY_SCHEDULED,SC_S1_C10_M03,SensorCyclic,390,0.42071197411003236,CANONICAL_INPUT_ID_NOT_PROVEN_ADMISSION_ORDER,L_REDSTAR
CELF,FULLY_SCHEDULED,SC_S1_C10_M04,SensorCyclic,391,0.42179072276159657,CANONICAL_INPUT_ID_NOT_PROVEN_ADMISSION_ORDER,L_REDSTAR
CELF,FULLY_SCHEDULED,SC_S1_C11_M01,SensorCyclic,392,0.4228694714131607,CANONICAL_INPUT_ID_NOT_PROVEN_ADMISSION_ORDER,L_REDSTAR
CELF,FULLY_SCHEDULED,SC_S1_C11_M02,SensorCyclic,393,0.42394822006472493,CANONICAL_INPUT_ID_NOT_PROVEN_ADMISSION_ORDER,L_REDSTAR
CELF,FULLY_SCHEDULED,SC_S1_C11_M03,SensorCyclic,394,0.4250269687162891,CANONICAL_INPUT_ID_NOT_PROVEN_ADMISSION_ORDER,L_REDSTAR
CELF,FULLY_SCHEDULED,SC_S1_C11_M04,SensorCyclic,395,0.4261057173678533,CANONICAL_INPUT_ID_NOT_PROVEN_ADMISSION_ORDER,L_REDSTAR
CELF,FULLY_SCHEDULED,SC_S1_C12_M01,SensorCyclic,396,0.42718446601941745,CANONICAL_INPUT_ID_NOT_PROVEN_ADMISSION_ORDER,L_REDSTAR
CELF,FULLY_SCHEDULED,SC_S1_C12_M02,SensorCyclic,397,0.42826321467098166,CANONICAL_INPUT_ID_NOT_PROVEN_ADMISSION_ORDER,L_REDSTAR
CELF,FULLY_SCHEDULED,SC_S1_C12_M03,SensorCyclic,398,0.42934196332254587,CANONICAL_INPUT_ID_NOT_PROVEN_ADMISSION_ORDER,L_REDSTAR
CELF,FULLY_SCHEDULED,SC_S1_C12_M04,SensorCyclic,399,0.43042071197411,CANONICAL_INPUT_ID_NOT_PROVEN_ADMISSION_ORDER,L_REDSTAR
CELF,FULLY_SCHEDULED,SC_S1_C13_M01,SensorCyclic,400,0.43149946062567424,CANONICAL_INPUT_ID_NOT_PROVEN_ADMISSION_ORDER,L_REDSTAR
CELF,FULLY_SCHEDULED,SC_S1_C13_M02,SensorCyclic,401,0.4325782092772384,CANONICAL_INPUT_ID_NOT_PROVEN_ADMISSION_ORDER,L_REDSTAR
CELF,FULLY_SCHEDULED,SC_S1_C13_M03,SensorCyclic,402,0.4336569579288026,CANONICAL_INPUT_ID_NOT_PROVEN_ADMISSION_ORDER,L_REDSTAR
CELF,FULLY_SCHEDULED,SC_S1_C13_M04,SensorCyclic,403,0.43473570658036675,CANONICAL_INPUT_ID_NOT_PROVEN_ADMISSION_ORDER,L_REDSTAR
CELF,FULLY_SCHEDULED,SC_S1_C14_M01,SensorCyclic,404,0.43581445523193096,CANONICAL_INPUT_ID_NOT_PROVEN_ADMISSION_ORDER,L_REDSTAR
CELF,FULLY_SCHEDULED,SC_S1_C14_M02,SensorCyclic,405,0.4368932038834951,CANONICAL_INPUT_ID_NOT_PROVEN_ADMISSION_ORDER,L_REDSTAR
CELF,FULLY_SCHEDULED,SC_S1_C14_M03,SensorCyclic,406,0.43797195253505933,CANONICAL_INPUT_ID_NOT_PROVEN_ADMISSION_ORDER,L_REDSTAR
CELF,FULLY_SCHEDULED,SC_S1_C14_M04,SensorCyclic,407,0.43905070118662354,CANONICAL_INPUT_ID_NOT_PROVEN_ADMISSION_ORDER,L_REDSTAR
CELF,FULLY_SCHEDULED,SC_S1_C15_M01,SensorCyclic,408,0.4401294498381877,CANONICAL_INPUT_ID_NOT_PROVEN_ADMISSION_ORDER,L_REDSTAR
CELF,FULLY_SCHEDULED,SC_S1_C15_M02,SensorCyclic,409,0.4412081984897519,CANONICAL_INPUT_ID_NOT_PROVEN_ADMISSION_ORDER,L_REDSTAR
CELF,FULLY_SCHEDULED,SC_S1_C15_M03,SensorCyclic,410,0.44228694714131606,CANONICAL_INPUT_ID_NOT_PROVEN_ADMISSION_ORDER,L_REDSTAR
CELF,FULLY_SCHEDULED,SC_S1_C15_M04,SensorCyclic,411,0.44336569579288027,CANONICAL_INPUT_ID_NOT_PROVEN_ADMISSION_ORDER,L_REDSTAR
CELF,FULLY_SCHEDULED,SC_S1_C16_M01,SensorCyclic,412,0.4444444444444444,CANONICAL_INPUT_ID_NOT_PROVEN_ADMISSION_ORDER,L_REDSTAR
CELF,FULLY_SCHEDULED,SC_S1_C16_M02,SensorCyclic,413,0.44552319309600863,CANONICAL_INPUT_ID_NOT_PROVEN_ADMISSION_ORDER,L_REDSTAR
CELF,FULLY_SCHEDULED,SC_S1_C16_M03,SensorCyclic,414,0.44660194174757284,CANONICAL_INPUT_ID_NOT_PROVEN_ADMISSION_ORDER,L_REDSTAR
CELF,FULLY_SCHEDULED,SC_S1_C16_M04,SensorCyclic,415,0.447680690399137,CANONICAL_INPUT_ID_NOT_PROVEN_ADMISSION_ORDER,L_REDSTAR
CELF,FULLY_SCHEDULED,SC_S2_C01_M01,SensorCyclic,416,0.4487594390507012,CANONICAL_INPUT_ID_NOT_PROVEN_ADMISSION_ORDER,L_REDSTAR
CELF,FULLY_SCHEDULED,SC_S2_C01_M02,SensorCyclic,417,0.44983818770226536,CANONICAL_INPUT_ID_NOT_PROVEN_ADMISSION_ORDER,L_REDSTAR
CELF,FULLY_SCHEDULED,SC_S2_C01_M03,SensorCyclic,418,0.45091693635382957,CANONICAL_INPUT_ID_NOT_PROVEN_ADMISSION_ORDER,L_REDSTAR
CELF,FULLY_SCHEDULED,SC_S2_C01_M04,SensorCyclic,419,0.4519956850053937,CANONICAL_INPUT_ID_NOT_PROVEN_ADMISSION_ORDER,L_REDSTAR
CELF,FULLY_SCHEDULED,SC_S2_C02_M01,SensorCyclic,420,0.45307443365695793,CANONICAL_INPUT_ID_NOT_PROVEN_ADMISSION_ORDER,L_REDSTAR
CELF,FULLY_SCHEDULED,SC_S2_C02_M02,SensorCyclic,421,0.45415318230852214,CANONICAL_INPUT_ID_NOT_PROVEN_ADMISSION_ORDER,L_REDSTAR
CELF,FULLY_SCHEDULED,SC_S2_C02_M03,SensorCyclic,422,0.4552319309600863,CANONICAL_INPUT_ID_NOT_PROVEN_ADMISSION_ORDER,L_REDSTAR
CELF,FULLY_SCHEDULED,SC_S2_C02_M04,SensorCyclic,423,0.4563106796116505,CANONICAL_INPUT_ID_NOT_PROVEN_ADMISSION_ORDER,L_REDSTAR
CELF,FULLY_SCHEDULED,SC_S2_C03_M01,SensorCyclic,424,0.45738942826321466,CANONICAL_INPUT_ID_NOT_PROVEN_ADMISSION_ORDER,L_REDSTAR
CELF,FULLY_SCHEDULED,SC_S2_C03_M02,SensorCyclic,425,0.45846817691477887,CANONICAL_INPUT_ID_NOT_PROVEN_ADMISSION_ORDER,L_REDSTAR
CELF,FULLY_SCHEDULED,SC_S2_C03_M03,SensorCyclic,426,0.459546925566343,CANONICAL_INPUT_ID_NOT_PROVEN_ADMISSION_ORDER,L_REDSTAR
CELF,FULLY_SCHEDULED,SC_S2_C03_M04,SensorCyclic,427,0.46062567421790723,CANONICAL_INPUT_ID_NOT_PROVEN_ADMISSION_ORDER,L_REDSTAR
CELF,FULLY_SCHEDULED,SC_S2_C04_M01,SensorCyclic,428,0.4617044228694714,CANONICAL_INPUT_ID_NOT_PROVEN_ADMISSION_ORDER,L_REDSTAR
CELF,FULLY_SCHEDULED,SC_S2_C04_M02,SensorCyclic,429,0.4627831715210356,CANONICAL_INPUT_ID_NOT_PROVEN_ADMISSION_ORDER,L_REDSTAR
CELF,FULLY_SCHEDULED,SC_S2_C04_M03,SensorCyclic,430,0.4638619201725998,CANONICAL_INPUT_ID_NOT_PROVEN_ADMISSION_ORDER,L_REDSTAR
CELF,FULLY_SCHEDULED,SC_S2_C04_M04,SensorCyclic,431,0.46494066882416396,CANONICAL_INPUT_ID_NOT_PROVEN_ADMISSION_ORDER,L_REDSTAR
CELF,FULLY_SCHEDULED,SC_S2_C05_M01,SensorCyclic,432,0.46601941747572817,CANONICAL_INPUT_ID_NOT_PROVEN_ADMISSION_ORDER,L_REDSTAR
CELF,FULLY_SCHEDULED,SC_S2_C05_M02,SensorCyclic,433,0.4670981661272923,CANONICAL_INPUT_ID_NOT_PROVEN_ADMISSION_ORDER,L_REDSTAR
CELF,FULLY_SCHEDULED,SC_S2_C05_M03,SensorCyclic,434,0.46817691477885653,CANONICAL_INPUT_ID_NOT_PROVEN_ADMISSION_ORDER,L_REDSTAR
CELF,FULLY_SCHEDULED,SC_S2_C05_M04,SensorCyclic,435,0.4692556634304207,CANONICAL_INPUT_ID_NOT_PROVEN_ADMISSION_ORDER,L_REDSTAR
CELF,FULLY_SCHEDULED,SC_S2_C06_M01,SensorCyclic,436,0.4703344120819849,CANONICAL_INPUT_ID_NOT_PROVEN_ADMISSION_ORDER,L_REDSTAR
CELF,FULLY_SCHEDULED,SC_S2_C06_M02,SensorCyclic,437,0.4714131607335491,CANONICAL_INPUT_ID_NOT_PROVEN_ADMISSION_ORDER,L_REDSTAR
CELF,FULLY_SCHEDULED,SC_S2_C06_M03,SensorCyclic,438,0.47249190938511326,CANONICAL_INPUT_ID_NOT_PROVEN_ADMISSION_ORDER,L_REDSTAR
CELF,FULLY_SCHEDULED,SC_S2_C06_M04,SensorCyclic,439,0.47357065803667747,CANONICAL_INPUT_ID_NOT_PROVEN_ADMISSION_ORDER,L_REDSTAR
CELF,FULLY_SCHEDULED,SC_S2_C07_M01,SensorCyclic,440,0.4746494066882416,CANONICAL_INPUT_ID_NOT_PROVEN_ADMISSION_ORDER,L_REDSTAR
CELF,FULLY_SCHEDULED,SC_S2_C07_M02,SensorCyclic,441,0.47572815533980584,CANONICAL_INPUT_ID_NOT_PROVEN_ADMISSION_ORDER,L_REDSTAR
CELF,FULLY_SCHEDULED,SC_S2_C07_M03,SensorCyclic,442,0.47680690399137,CANONICAL_INPUT_ID_NOT_PROVEN_ADMISSION_ORDER,L_REDSTAR
CELF,FULLY_SCHEDULED,SC_S2_C07_M04,SensorCyclic,443,0.4778856526429342,CANONICAL_INPUT_ID_NOT_PROVEN_ADMISSION_ORDER,L_REDSTAR
CELF,FULLY_SCHEDULED,SC_S2_C08_M01,SensorCyclic,444,0.47896440129449835,CANONICAL_INPUT_ID_NOT_PROVEN_ADMISSION_ORDER,L_REDSTAR
CELF,FULLY_SCHEDULED,SC_S2_C08_M02,SensorCyclic,445,0.48004314994606256,CANONICAL_INPUT_ID_NOT_PROVEN_ADMISSION_ORDER,L_REDSTAR
CELF,FULLY_SCHEDULED,SC_S2_C08_M03,SensorCyclic,446,0.4811218985976268,CANONICAL_INPUT_ID_NOT_PROVEN_ADMISSION_ORDER,L_REDSTAR
CELF,FULLY_SCHEDULED,SC_S2_C08_M04,SensorCyclic,447,0.48220064724919093,CANONICAL_INPUT_ID_NOT_PROVEN_ADMISSION_ORDER,L_REDSTAR
CELF,FULLY_SCHEDULED,SC_S2_C09_M01,SensorCyclic,448,0.48327939590075514,CANONICAL_INPUT_ID_NOT_PROVEN_ADMISSION_ORDER,L_REDSTAR
CELF,FULLY_SCHEDULED,SC_S2_C09_M02,SensorCyclic,449,0.4843581445523193,CANONICAL_INPUT_ID_NOT_PROVEN_ADMISSION_ORDER,L_REDSTAR
CELF,FULLY_SCHEDULED,SC_S2_C09_M03,SensorCyclic,450,0.4854368932038835,CANONICAL_INPUT_ID_NOT_PROVEN_ADMISSION_ORDER,L_REDSTAR
CELF,FULLY_SCHEDULED,SC_S2_C09_M04,SensorCyclic,451,0.48651564185544766,CANONICAL_INPUT_ID_NOT_PROVEN_ADMISSION_ORDER,L_REDSTAR
CELF,FULLY_SCHEDULED,SC_S2_C10_M01,SensorCyclic,452,0.48759439050701187,CANONICAL_INPUT_ID_NOT_PROVEN_ADMISSION_ORDER,L_REDSTAR
CELF,FULLY_SCHEDULED,SC_S2_C10_M02,SensorCyclic,453,0.4886731391585761,CANONICAL_INPUT_ID_NOT_PROVEN_ADMISSION_ORDER,L_REDSTAR
CELF,FULLY_SCHEDULED,SC_S2_C10_M03,SensorCyclic,454,0.48975188781014023,CANONICAL_INPUT_ID_NOT_PROVEN_ADMISSION_ORDER,L_REDSTAR
CELF,FULLY_SCHEDULED,SC_S2_C10_M04,SensorCyclic,455,0.49083063646170444,CANONICAL_INPUT_ID_NOT_PROVEN_ADMISSION_ORDER,L_REDSTAR
CELF,FULLY_SCHEDULED,SC_S2_C11_M01,SensorCyclic,456,0.4919093851132686,CANONICAL_INPUT_ID_NOT_PROVEN_ADMISSION_ORDER,L_REDSTAR
CELF,FULLY_SCHEDULED,SC_S2_C11_M02,SensorCyclic,457,0.4929881337648328,CANONICAL_INPUT_ID_NOT_PROVEN_ADMISSION_ORDER,L_REDSTAR
CELF,FULLY_SCHEDULED,SC_S2_C11_M03,SensorCyclic,458,0.49406688241639696,CANONICAL_INPUT_ID_NOT_PROVEN_ADMISSION_ORDER,L_REDSTAR
CELF,FULLY_SCHEDULED,SC_S2_C11_M04,SensorCyclic,459,0.49514563106796117,CANONICAL_INPUT_ID_NOT_PROVEN_ADMISSION_ORDER,L_REDSTAR
CELF,FULLY_SCHEDULED,SC_S2_C12_M01,SensorCyclic,460,0.4962243797195254,CANONICAL_INPUT_ID_NOT_PROVEN_ADMISSION_ORDER,L_REDSTAR
CELF,FULLY_SCHEDULED,SC_S2_C12_M02,SensorCyclic,461,0.49730312837108953,CANONICAL_INPUT_ID_NOT_PROVEN_ADMISSION_ORDER,L_REDSTAR
CELF,FULLY_SCHEDULED,SC_S2_C12_M03,SensorCyclic,462,0.49838187702265374,CANONICAL_INPUT_ID_NOT_PROVEN_ADMISSION_ORDER,L_REDSTAR
CELF,FULLY_SCHEDULED,SC_S2_C12_M04,SensorCyclic,463,0.4994606256742179,CANONICAL_INPUT_ID_NOT_PROVEN_ADMISSION_ORDER,L_REDSTAR
CELF,FULLY_SCHEDULED,SC_S2_C13_M01,SensorCyclic,464,0.5005393743257821,CANONICAL_INPUT_ID_NOT_PROVEN_ADMISSION_ORDER,L_REDSTAR
CELF,FULLY_SCHEDULED,SC_S2_C13_M02,SensorCyclic,465,0.5016181229773463,CANONICAL_INPUT_ID_NOT_PROVEN_ADMISSION_ORDER,L_REDSTAR
CELF,FULLY_SCHEDULED,SC_S2_C13_M03,SensorCyclic,466,0.5026968716289104,CANONICAL_INPUT_ID_NOT_PROVEN_ADMISSION_ORDER,L_REDSTAR
CELF,FULLY_SCHEDULED,SC_S2_C13_M04,SensorCyclic,467,0.5037756202804746,CANONICAL_INPUT_ID_NOT_PROVEN_ADMISSION_ORDER,L_REDSTAR
CELF,FULLY_SCHEDULED,SC_S2_C14_M01,SensorCyclic,468,0.5048543689320388,CANONICAL_INPUT_ID_NOT_PROVEN_ADMISSION_ORDER,L_REDSTAR
CELF,FULLY_SCHEDULED,SC_S2_C14_M02,SensorCyclic,469,0.505933117583603,CANONICAL_INPUT_ID_NOT_PROVEN_ADMISSION_ORDER,L_REDSTAR
CELF,FULLY_SCHEDULED,SC_S2_C14_M03,SensorCyclic,470,0.5070118662351673,CANONICAL_INPUT_ID_NOT_PROVEN_ADMISSION_ORDER,L_REDSTAR
CELF,FULLY_SCHEDULED,SC_S2_C14_M04,SensorCyclic,471,0.5080906148867314,CANONICAL_INPUT_ID_NOT_PROVEN_ADMISSION_ORDER,L_REDSTAR
CELF,FULLY_SCHEDULED,SC_S2_C15_M01,SensorCyclic,472,0.5091693635382956,CANONICAL_INPUT_ID_NOT_PROVEN_ADMISSION_ORDER,L_REDSTAR
CELF,FULLY_SCHEDULED,SC_S2_C15_M02,SensorCyclic,473,0.5102481121898598,CANONICAL_INPUT_ID_NOT_PROVEN_ADMISSION_ORDER,L_REDSTAR
CELF,FULLY_SCHEDULED,SC_S2_C15_M03,SensorCyclic,474,0.511326860841424,CANONICAL_INPUT_ID_NOT_PROVEN_ADMISSION_ORDER,L_REDSTAR
CELF,FULLY_SCHEDULED,SC_S2_C15_M04,SensorCyclic,475,0.5124056094929881,CANONICAL_INPUT_ID_NOT_PROVEN_ADMISSION_ORDER,L_REDSTAR
CELF,FULLY_SCHEDULED,SC_S2_C16_M01,SensorCyclic,476,0.5134843581445523,CANONICAL_INPUT_ID_NOT_PROVEN_ADMISSION_ORDER,L_REDSTAR
CELF,FULLY_SCHEDULED,SC_S2_C16_M02,SensorCyclic,477,0.5145631067961165,CANONICAL_INPUT_ID_NOT_PROVEN_ADMISSION_ORDER,L_REDSTAR
CELF,FULLY_SCHEDULED,SC_S2_C16_M03,SensorCyclic,478,0.5156418554476807,CANONICAL_INPUT_ID_NOT_PROVEN_ADMISSION_ORDER,L_REDSTAR
CELF,FULLY_SCHEDULED,SC_S2_C16_M04,SensorCyclic,479,0.5167206040992449,CANONICAL_INPUT_ID_NOT_PROVEN_ADMISSION_ORDER,L_REDSTAR
CELF,FULLY_SCHEDULED,SC_S3_C01_M01,SensorCyclic,480,0.517799352750809,CANONICAL_INPUT_ID_NOT_PROVEN_ADMISSION_ORDER,L_REDSTAR
CELF,FULLY_SCHEDULED,SC_S3_C01_M02,SensorCyclic,481,0.5188781014023732,CANONICAL_INPUT_ID_NOT_PROVEN_ADMISSION_ORDER,L_REDSTAR
CELF,FULLY_SCHEDULED,SC_S3_C01_M03,SensorCyclic,482,0.5199568500539374,CANONICAL_INPUT_ID_NOT_PROVEN_ADMISSION_ORDER,L_REDSTAR
CELF,FULLY_SCHEDULED,SC_S3_C01_M04,SensorCyclic,483,0.5210355987055016,CANONICAL_INPUT_ID_NOT_PROVEN_ADMISSION_ORDER,L_REDSTAR
CELF,FULLY_SCHEDULED,SC_S3_C02_M01,SensorCyclic,484,0.5221143473570659,CANONICAL_INPUT_ID_NOT_PROVEN_ADMISSION_ORDER,L_REDSTAR
CELF,FULLY_SCHEDULED,SC_S3_C02_M02,SensorCyclic,485,0.52319309600863,CANONICAL_INPUT_ID_NOT_PROVEN_ADMISSION_ORDER,L_REDSTAR
CELF,FULLY_SCHEDULED,SC_S3_C02_M03,SensorCyclic,486,0.5242718446601942,CANONICAL_INPUT_ID_NOT_PROVEN_ADMISSION_ORDER,L_REDSTAR
CELF,FULLY_SCHEDULED,SC_S3_C02_M04,SensorCyclic,487,0.5253505933117584,CANONICAL_INPUT_ID_NOT_PROVEN_ADMISSION_ORDER,L_REDSTAR
CELF,FULLY_SCHEDULED,SC_S3_C03_M01,SensorCyclic,488,0.5264293419633226,CANONICAL_INPUT_ID_NOT_PROVEN_ADMISSION_ORDER,L_REDSTAR
CELF,FULLY_SCHEDULED,SC_S3_C03_M02,SensorCyclic,489,0.5275080906148867,CANONICAL_INPUT_ID_NOT_PROVEN_ADMISSION_ORDER,L_REDSTAR
CELF,FULLY_SCHEDULED,SC_S3_C03_M03,SensorCyclic,490,0.5285868392664509,CANONICAL_INPUT_ID_NOT_PROVEN_ADMISSION_ORDER,L_REDSTAR
CELF,FULLY_SCHEDULED,SC_S3_C03_M04,SensorCyclic,491,0.5296655879180151,CANONICAL_INPUT_ID_NOT_PROVEN_ADMISSION_ORDER,L_REDSTAR
CELF,FULLY_SCHEDULED,SC_S3_C04_M01,SensorCyclic,492,0.5307443365695793,CANONICAL_INPUT_ID_NOT_PROVEN_ADMISSION_ORDER,L_REDSTAR
CELF,FULLY_SCHEDULED,SC_S3_C04_M02,SensorCyclic,493,0.5318230852211435,CANONICAL_INPUT_ID_NOT_PROVEN_ADMISSION_ORDER,L_REDSTAR
CELF,FULLY_SCHEDULED,SC_S3_C04_M03,SensorCyclic,494,0.5329018338727076,CANONICAL_INPUT_ID_NOT_PROVEN_ADMISSION_ORDER,L_REDSTAR
CELF,FULLY_SCHEDULED,SC_S3_C04_M04,SensorCyclic,495,0.5339805825242718,CANONICAL_INPUT_ID_NOT_PROVEN_ADMISSION_ORDER,L_REDSTAR
CELF,FULLY_SCHEDULED,SC_S3_C05_M01,SensorCyclic,496,0.535059331175836,CANONICAL_INPUT_ID_NOT_PROVEN_ADMISSION_ORDER,L_REDSTAR
CELF,FULLY_SCHEDULED,SC_S3_C05_M02,SensorCyclic,497,0.5361380798274002,CANONICAL_INPUT_ID_NOT_PROVEN_ADMISSION_ORDER,L_REDSTAR
CELF,FULLY_SCHEDULED,SC_S3_C05_M03,SensorCyclic,498,0.5372168284789643,CANONICAL_INPUT_ID_NOT_PROVEN_ADMISSION_ORDER,L_REDSTAR
CELF,FULLY_SCHEDULED,SC_S3_C05_M04,SensorCyclic,499,0.5382955771305286,CANONICAL_INPUT_ID_NOT_PROVEN_ADMISSION_ORDER,L_REDSTAR
CELF,FULLY_SCHEDULED,SC_S3_C06_M01,SensorCyclic,500,0.5393743257820928,CANONICAL_INPUT_ID_NOT_PROVEN_ADMISSION_ORDER,L_REDSTAR
CELF,FULLY_SCHEDULED,SC_S3_C06_M02,SensorCyclic,501,0.540453074433657,CANONICAL_INPUT_ID_NOT_PROVEN_ADMISSION_ORDER,L_REDSTAR
CELF,FULLY_SCHEDULED,SC_S3_C06_M03,SensorCyclic,502,0.5415318230852212,CANONICAL_INPUT_ID_NOT_PROVEN_ADMISSION_ORDER,L_REDSTAR
CELF,FULLY_SCHEDULED,SC_S3_C06_M04,SensorCyclic,503,0.5426105717367853,CANONICAL_INPUT_ID_NOT_PROVEN_ADMISSION_ORDER,L_REDSTAR
CELF,FULLY_SCHEDULED,SC_S3_C07_M01,SensorCyclic,504,0.5436893203883495,CANONICAL_INPUT_ID_NOT_PROVEN_ADMISSION_ORDER,L_REDSTAR
CELF,FULLY_SCHEDULED,SC_S3_C07_M02,SensorCyclic,505,0.5447680690399137,CANONICAL_INPUT_ID_NOT_PROVEN_ADMISSION_ORDER,L_REDSTAR
CELF,FULLY_SCHEDULED,SC_S3_C07_M03,SensorCyclic,506,0.5458468176914779,CANONICAL_INPUT_ID_NOT_PROVEN_ADMISSION_ORDER,L_REDSTAR
CELF,FULLY_SCHEDULED,SC_S3_C07_M04,SensorCyclic,507,0.5469255663430421,CANONICAL_INPUT_ID_NOT_PROVEN_ADMISSION_ORDER,L_REDSTAR
CELF,FULLY_SCHEDULED,SC_S3_C08_M01,SensorCyclic,508,0.5480043149946062,CANONICAL_INPUT_ID_NOT_PROVEN_ADMISSION_ORDER,L_REDSTAR
CELF,FULLY_SCHEDULED,SC_S3_C08_M02,SensorCyclic,509,0.5490830636461704,CANONICAL_INPUT_ID_NOT_PROVEN_ADMISSION_ORDER,L_REDSTAR
CELF,FULLY_SCHEDULED,SC_S3_C08_M03,SensorCyclic,510,0.5501618122977346,CANONICAL_INPUT_ID_NOT_PROVEN_ADMISSION_ORDER,L_REDSTAR
CELF,FULLY_SCHEDULED,SC_S3_C08_M04,SensorCyclic,511,0.5512405609492989,CANONICAL_INPUT_ID_NOT_PROVEN_ADMISSION_ORDER,L_REDSTAR
CELF,FULLY_SCHEDULED,SC_S3_C09_M01,SensorCyclic,512,0.552319309600863,CANONICAL_INPUT_ID_NOT_PROVEN_ADMISSION_ORDER,L_REDSTAR
CELF,FULLY_SCHEDULED,SC_S3_C09_M02,SensorCyclic,513,0.5533980582524272,CANONICAL_INPUT_ID_NOT_PROVEN_ADMISSION_ORDER,L_REDSTAR
CELF,FULLY_SCHEDULED,SC_S3_C09_M03,SensorCyclic,514,0.5544768069039914,CANONICAL_INPUT_ID_NOT_PROVEN_ADMISSION_ORDER,L_REDSTAR
CELF,FULLY_SCHEDULED,SC_S3_C09_M04,SensorCyclic,515,0.5555555555555556,CANONICAL_INPUT_ID_NOT_PROVEN_ADMISSION_ORDER,L_REDSTAR
CELF,FULLY_SCHEDULED,SC_S3_C10_M01,SensorCyclic,516,0.5566343042071198,CANONICAL_INPUT_ID_NOT_PROVEN_ADMISSION_ORDER,L_REDSTAR
CELF,FULLY_SCHEDULED,SC_S3_C10_M02,SensorCyclic,517,0.5577130528586839,CANONICAL_INPUT_ID_NOT_PROVEN_ADMISSION_ORDER,L_REDSTAR
CELF,FULLY_SCHEDULED,SC_S3_C10_M03,SensorCyclic,518,0.5587918015102481,CANONICAL_INPUT_ID_NOT_PROVEN_ADMISSION_ORDER,L_REDSTAR
CELF,FULLY_SCHEDULED,SC_S3_C10_M04,SensorCyclic,519,0.5598705501618123,CANONICAL_INPUT_ID_NOT_PROVEN_ADMISSION_ORDER,L_REDSTAR
CELF,FULLY_SCHEDULED,SC_S3_C11_M01,SensorCyclic,520,0.5609492988133765,CANONICAL_INPUT_ID_NOT_PROVEN_ADMISSION_ORDER,L_REDSTAR
CELF,FULLY_SCHEDULED,SC_S3_C11_M02,SensorCyclic,521,0.5620280474649406,CANONICAL_INPUT_ID_NOT_PROVEN_ADMISSION_ORDER,L_REDSTAR
CELF,FULLY_SCHEDULED,SC_S3_C11_M03,SensorCyclic,522,0.5631067961165048,CANONICAL_INPUT_ID_NOT_PROVEN_ADMISSION_ORDER,L_REDSTAR
CELF,FULLY_SCHEDULED,SC_S3_C11_M04,SensorCyclic,523,0.564185544768069,CANONICAL_INPUT_ID_NOT_PROVEN_ADMISSION_ORDER,L_REDSTAR
CELF,FULLY_SCHEDULED,SC_S3_C12_M01,SensorCyclic,524,0.5652642934196332,CANONICAL_INPUT_ID_NOT_PROVEN_ADMISSION_ORDER,L_REDSTAR
CELF,FULLY_SCHEDULED,SC_S3_C12_M02,SensorCyclic,525,0.5663430420711975,CANONICAL_INPUT_ID_NOT_PROVEN_ADMISSION_ORDER,L_REDSTAR
CELF,FULLY_SCHEDULED,SC_S3_C12_M03,SensorCyclic,526,0.5674217907227616,CANONICAL_INPUT_ID_NOT_PROVEN_ADMISSION_ORDER,L_REDSTAR
CELF,FULLY_SCHEDULED,SC_S3_C12_M04,SensorCyclic,527,0.5685005393743258,CANONICAL_INPUT_ID_NOT_PROVEN_ADMISSION_ORDER,L_REDSTAR
CELF,FULLY_SCHEDULED,SC_S3_C13_M01,SensorCyclic,528,0.56957928802589,CANONICAL_INPUT_ID_NOT_PROVEN_ADMISSION_ORDER,L_REDSTAR
CELF,FULLY_SCHEDULED,SC_S3_C13_M02,SensorCyclic,529,0.5706580366774542,CANONICAL_INPUT_ID_NOT_PROVEN_ADMISSION_ORDER,L_REDSTAR
CELF,FULLY_SCHEDULED,SC_S3_C13_M03,SensorCyclic,530,0.5717367853290184,CANONICAL_INPUT_ID_NOT_PROVEN_ADMISSION_ORDER,L_REDSTAR
CELF,FULLY_SCHEDULED,SC_S3_C13_M04,SensorCyclic,531,0.5728155339805825,CANONICAL_INPUT_ID_NOT_PROVEN_ADMISSION_ORDER,L_REDSTAR
CELF,FULLY_SCHEDULED,SC_S3_C14_M01,SensorCyclic,532,0.5738942826321467,CANONICAL_INPUT_ID_NOT_PROVEN_ADMISSION_ORDER,L_REDSTAR
CELF,FULLY_SCHEDULED,SC_S3_C14_M02,SensorCyclic,533,0.5749730312837109,CANONICAL_INPUT_ID_NOT_PROVEN_ADMISSION_ORDER,L_REDSTAR
CELF,FULLY_SCHEDULED,SC_S3_C14_M03,SensorCyclic,534,0.5760517799352751,CANONICAL_INPUT_ID_NOT_PROVEN_ADMISSION_ORDER,L_REDSTAR
CELF,FULLY_SCHEDULED,SC_S3_C14_M04,SensorCyclic,535,0.5771305285868392,CANONICAL_INPUT_ID_NOT_PROVEN_ADMISSION_ORDER,L_REDSTAR
CELF,FULLY_SCHEDULED,SC_S3_C15_M01,SensorCyclic,536,0.5782092772384034,CANONICAL_INPUT_ID_NOT_PROVEN_ADMISSION_ORDER,L_REDSTAR
CELF,FULLY_SCHEDULED,SC_S3_C15_M02,SensorCyclic,537,0.5792880258899676,CANONICAL_INPUT_ID_NOT_PROVEN_ADMISSION_ORDER,L_REDSTAR
CELF,FULLY_SCHEDULED,SC_S3_C15_M03,SensorCyclic,538,0.5803667745415318,CANONICAL_INPUT_ID_NOT_PROVEN_ADMISSION_ORDER,L_REDSTAR
CELF,FULLY_SCHEDULED,SC_S3_C15_M04,SensorCyclic,539,0.5814455231930961,CANONICAL_INPUT_ID_NOT_PROVEN_ADMISSION_ORDER,L_REDSTAR
CELF,FULLY_SCHEDULED,SC_S3_C16_M01,SensorCyclic,540,0.5825242718446602,CANONICAL_INPUT_ID_NOT_PROVEN_ADMISSION_ORDER,L_REDSTAR
CELF,FULLY_SCHEDULED,SC_S3_C16_M02,SensorCyclic,541,0.5836030204962244,CANONICAL_INPUT_ID_NOT_PROVEN_ADMISSION_ORDER,L_REDSTAR
CELF,FULLY_SCHEDULED,SC_S3_C16_M03,SensorCyclic,542,0.5846817691477886,CANONICAL_INPUT_ID_NOT_PROVEN_ADMISSION_ORDER,L_REDSTAR
CELF,FULLY_SCHEDULED,SC_S3_C16_M04,SensorCyclic,543,0.5857605177993528,CANONICAL_INPUT_ID_NOT_PROVEN_ADMISSION_ORDER,L_REDSTAR
CELF,FULLY_SCHEDULED,SC_S4_C01_M01,SensorCyclic,544,0.5868392664509169,CANONICAL_INPUT_ID_NOT_PROVEN_ADMISSION_ORDER,L_REDSTAR
CELF,FULLY_SCHEDULED,SC_S4_C01_M02,SensorCyclic,545,0.5879180151024811,CANONICAL_INPUT_ID_NOT_PROVEN_ADMISSION_ORDER,L_REDSTAR
CELF,FULLY_SCHEDULED,SC_S4_C01_M03,SensorCyclic,546,0.5889967637540453,CANONICAL_INPUT_ID_NOT_PROVEN_ADMISSION_ORDER,L_REDSTAR
CELF,FULLY_SCHEDULED,SC_S4_C01_M04,SensorCyclic,547,0.5900755124056095,CANONICAL_INPUT_ID_NOT_PROVEN_ADMISSION_ORDER,L_REDSTAR
CELF,FULLY_SCHEDULED,SC_S4_C02_M01,SensorCyclic,548,0.5911542610571737,CANONICAL_INPUT_ID_NOT_PROVEN_ADMISSION_ORDER,L_REDSTAR
CELF,FULLY_SCHEDULED,SC_S4_C02_M02,SensorCyclic,549,0.5922330097087378,CANONICAL_INPUT_ID_NOT_PROVEN_ADMISSION_ORDER,L_REDSTAR
CELF,FULLY_SCHEDULED,SC_S4_C02_M03,SensorCyclic,550,0.593311758360302,CANONICAL_INPUT_ID_NOT_PROVEN_ADMISSION_ORDER,L_REDSTAR
CELF,FULLY_SCHEDULED,SC_S4_C02_M04,SensorCyclic,551,0.5943905070118662,CANONICAL_INPUT_ID_NOT_PROVEN_ADMISSION_ORDER,L_REDSTAR
CELF,FULLY_SCHEDULED,SC_S4_C03_M01,SensorCyclic,552,0.5954692556634305,CANONICAL_INPUT_ID_NOT_PROVEN_ADMISSION_ORDER,L_REDSTAR
CELF,FULLY_SCHEDULED,SC_S4_C03_M02,SensorCyclic,553,0.5965480043149946,CANONICAL_INPUT_ID_NOT_PROVEN_ADMISSION_ORDER,L_REDSTAR
CELF,FULLY_SCHEDULED,SC_S4_C03_M03,SensorCyclic,554,0.5976267529665588,CANONICAL_INPUT_ID_NOT_PROVEN_ADMISSION_ORDER,L_REDSTAR
CELF,FULLY_SCHEDULED,SC_S4_C03_M04,SensorCyclic,555,0.598705501618123,CANONICAL_INPUT_ID_NOT_PROVEN_ADMISSION_ORDER,L_REDSTAR
CELF,FULLY_SCHEDULED,SC_S4_C04_M01,SensorCyclic,556,0.5997842502696872,CANONICAL_INPUT_ID_NOT_PROVEN_ADMISSION_ORDER,L_REDSTAR
CELF,FULLY_SCHEDULED,SC_S4_C04_M02,SensorCyclic,557,0.6008629989212514,CANONICAL_INPUT_ID_NOT_PROVEN_ADMISSION_ORDER,L_REDSTAR
CELF,FULLY_SCHEDULED,SC_S4_C04_M03,SensorCyclic,558,0.6019417475728155,CANONICAL_INPUT_ID_NOT_PROVEN_ADMISSION_ORDER,L_REDSTAR
CELF,FULLY_SCHEDULED,SC_S4_C04_M04,SensorCyclic,559,0.6030204962243797,CANONICAL_INPUT_ID_NOT_PROVEN_ADMISSION_ORDER,L_REDSTAR
CELF,FULLY_SCHEDULED,SC_S4_C05_M01,SensorCyclic,560,0.6040992448759439,CANONICAL_INPUT_ID_NOT_PROVEN_ADMISSION_ORDER,L_REDSTAR
CELF,FULLY_SCHEDULED,SC_S4_C05_M02,SensorCyclic,561,0.6051779935275081,CANONICAL_INPUT_ID_NOT_PROVEN_ADMISSION_ORDER,L_REDSTAR
CELF,FULLY_SCHEDULED,SC_S4_C05_M03,SensorCyclic,562,0.6062567421790723,CANONICAL_INPUT_ID_NOT_PROVEN_ADMISSION_ORDER,L_REDSTAR
CELF,FULLY_SCHEDULED,SC_S4_C05_M04,SensorCyclic,563,0.6073354908306364,CANONICAL_INPUT_ID_NOT_PROVEN_ADMISSION_ORDER,L_REDSTAR
CELF,FULLY_SCHEDULED,SC_S4_C06_M01,SensorCyclic,564,0.6084142394822006,CANONICAL_INPUT_ID_NOT_PROVEN_ADMISSION_ORDER,L_REDSTAR
CELF,FULLY_SCHEDULED,SC_S4_C06_M02,SensorCyclic,565,0.6094929881337648,CANONICAL_INPUT_ID_NOT_PROVEN_ADMISSION_ORDER,L_REDSTAR
CELF,FULLY_SCHEDULED,SC_S4_C06_M03,SensorCyclic,566,0.6105717367853291,CANONICAL_INPUT_ID_NOT_PROVEN_ADMISSION_ORDER,L_REDSTAR
CELF,FULLY_SCHEDULED,SC_S4_C06_M04,SensorCyclic,567,0.6116504854368932,CANONICAL_INPUT_ID_NOT_PROVEN_ADMISSION_ORDER,L_REDSTAR
CELF,FULLY_SCHEDULED,SC_S4_C07_M01,SensorCyclic,568,0.6127292340884574,CANONICAL_INPUT_ID_NOT_PROVEN_ADMISSION_ORDER,L_REDSTAR
CELF,FULLY_SCHEDULED,SC_S4_C07_M02,SensorCyclic,569,0.6138079827400216,CANONICAL_INPUT_ID_NOT_PROVEN_ADMISSION_ORDER,L_REDSTAR
CELF,FULLY_SCHEDULED,SC_S4_C07_M03,SensorCyclic,570,0.6148867313915858,CANONICAL_INPUT_ID_NOT_PROVEN_ADMISSION_ORDER,L_REDSTAR
CELF,FULLY_SCHEDULED,SC_S4_C07_M04,SensorCyclic,571,0.61596548004315,CANONICAL_INPUT_ID_NOT_PROVEN_ADMISSION_ORDER,L_REDSTAR
CELF,FULLY_SCHEDULED,SC_S4_C08_M01,SensorCyclic,572,0.6170442286947141,CANONICAL_INPUT_ID_NOT_PROVEN_ADMISSION_ORDER,L_REDSTAR
CELF,FULLY_SCHEDULED,SC_S4_C08_M02,SensorCyclic,573,0.6181229773462783,CANONICAL_INPUT_ID_NOT_PROVEN_ADMISSION_ORDER,L_REDSTAR
CELF,FULLY_SCHEDULED,SC_S4_C08_M03,SensorCyclic,574,0.6192017259978425,CANONICAL_INPUT_ID_NOT_PROVEN_ADMISSION_ORDER,L_REDSTAR
CELF,FULLY_SCHEDULED,SC_S4_C08_M04,SensorCyclic,575,0.6202804746494067,CANONICAL_INPUT_ID_NOT_PROVEN_ADMISSION_ORDER,L_REDSTAR
CELF,FULLY_SCHEDULED,SC_S4_C09_M01,SensorCyclic,576,0.6213592233009708,CANONICAL_INPUT_ID_NOT_PROVEN_ADMISSION_ORDER,L_REDSTAR
CELF,FULLY_SCHEDULED,SC_S4_C09_M02,SensorCyclic,577,0.622437971952535,CANONICAL_INPUT_ID_NOT_PROVEN_ADMISSION_ORDER,L_REDSTAR
CELF,FULLY_SCHEDULED,SC_S4_C09_M03,SensorCyclic,578,0.6235167206040992,CANONICAL_INPUT_ID_NOT_PROVEN_ADMISSION_ORDER,L_REDSTAR
CELF,FULLY_SCHEDULED,SC_S4_C09_M04,SensorCyclic,579,0.6245954692556634,CANONICAL_INPUT_ID_NOT_PROVEN_ADMISSION_ORDER,L_REDSTAR
CELF,FULLY_SCHEDULED,SC_S4_C10_M01,SensorCyclic,580,0.6256742179072277,CANONICAL_INPUT_ID_NOT_PROVEN_ADMISSION_ORDER,L_REDSTAR
CELF,FULLY_SCHEDULED,SC_S4_C10_M02,SensorCyclic,581,0.6267529665587918,CANONICAL_INPUT_ID_NOT_PROVEN_ADMISSION_ORDER,L_REDSTAR
CELF,FULLY_SCHEDULED,SC_S4_C10_M03,SensorCyclic,582,0.627831715210356,CANONICAL_INPUT_ID_NOT_PROVEN_ADMISSION_ORDER,L_REDSTAR
CELF,FULLY_SCHEDULED,SC_S4_C10_M04,SensorCyclic,583,0.6289104638619202,CANONICAL_INPUT_ID_NOT_PROVEN_ADMISSION_ORDER,L_REDSTAR
CELF,FULLY_SCHEDULED,SC_S4_C11_M01,SensorCyclic,584,0.6299892125134844,CANONICAL_INPUT_ID_NOT_PROVEN_ADMISSION_ORDER,L_REDSTAR
CELF,FULLY_SCHEDULED,SC_S4_C11_M02,SensorCyclic,585,0.6310679611650486,CANONICAL_INPUT_ID_NOT_PROVEN_ADMISSION_ORDER,L_REDSTAR
CELF,FULLY_SCHEDULED,SC_S4_C11_M03,SensorCyclic,586,0.6321467098166127,CANONICAL_INPUT_ID_NOT_PROVEN_ADMISSION_ORDER,L_REDSTAR
CELF,FULLY_SCHEDULED,SC_S4_C11_M04,SensorCyclic,587,0.6332254584681769,CANONICAL_INPUT_ID_NOT_PROVEN_ADMISSION_ORDER,L_REDSTAR
CELF,FULLY_SCHEDULED,SC_S4_C12_M01,SensorCyclic,588,0.6343042071197411,CANONICAL_INPUT_ID_NOT_PROVEN_ADMISSION_ORDER,L_REDSTAR
CELF,FULLY_SCHEDULED,SC_S4_C12_M02,SensorCyclic,589,0.6353829557713053,CANONICAL_INPUT_ID_NOT_PROVEN_ADMISSION_ORDER,L_REDSTAR
CELF,FULLY_SCHEDULED,SC_S4_C12_M03,SensorCyclic,590,0.6364617044228694,CANONICAL_INPUT_ID_NOT_PROVEN_ADMISSION_ORDER,L_REDSTAR
CELF,FULLY_SCHEDULED,SC_S4_C12_M04,SensorCyclic,591,0.6375404530744336,CANONICAL_INPUT_ID_NOT_PROVEN_ADMISSION_ORDER,L_REDSTAR
CELF,FULLY_SCHEDULED,SC_S4_C13_M01,SensorCyclic,592,0.6386192017259978,CANONICAL_INPUT_ID_NOT_PROVEN_ADMISSION_ORDER,L_REDSTAR
CELF,FULLY_SCHEDULED,SC_S4_C13_M02,SensorCyclic,593,0.639697950377562,CANONICAL_INPUT_ID_NOT_PROVEN_ADMISSION_ORDER,L_REDSTAR
CELF,FULLY_SCHEDULED,SC_S4_C13_M03,SensorCyclic,594,0.6407766990291263,CANONICAL_INPUT_ID_NOT_PROVEN_ADMISSION_ORDER,L_REDSTAR
CELF,FULLY_SCHEDULED,SC_S4_C13_M04,SensorCyclic,595,0.6418554476806904,CANONICAL_INPUT_ID_NOT_PROVEN_ADMISSION_ORDER,L_REDSTAR
CELF,FULLY_SCHEDULED,SC_S4_C14_M01,SensorCyclic,596,0.6429341963322546,CANONICAL_INPUT_ID_NOT_PROVEN_ADMISSION_ORDER,L_REDSTAR
CELF,FULLY_SCHEDULED,SC_S4_C14_M02,SensorCyclic,597,0.6440129449838188,CANONICAL_INPUT_ID_NOT_PROVEN_ADMISSION_ORDER,L_REDSTAR
CELF,FULLY_SCHEDULED,SC_S4_C14_M03,SensorCyclic,598,0.645091693635383,CANONICAL_INPUT_ID_NOT_PROVEN_ADMISSION_ORDER,L_REDSTAR
CELF,FULLY_SCHEDULED,SC_S4_C14_M04,SensorCyclic,599,0.6461704422869471,CANONICAL_INPUT_ID_NOT_PROVEN_ADMISSION_ORDER,L_REDSTAR
CELF,FULLY_SCHEDULED,SC_S4_C15_M01,SensorCyclic,600,0.6472491909385113,CANONICAL_INPUT_ID_NOT_PROVEN_ADMISSION_ORDER,L_REDSTAR
CELF,FULLY_SCHEDULED,SC_S4_C15_M02,SensorCyclic,601,0.6483279395900755,CANONICAL_INPUT_ID_NOT_PROVEN_ADMISSION_ORDER,L_REDSTAR
CELF,FULLY_SCHEDULED,SC_S4_C15_M03,SensorCyclic,602,0.6494066882416397,CANONICAL_INPUT_ID_NOT_PROVEN_ADMISSION_ORDER,L_REDSTAR
CELF,FULLY_SCHEDULED,SC_S4_C15_M04,SensorCyclic,603,0.6504854368932039,CANONICAL_INPUT_ID_NOT_PROVEN_ADMISSION_ORDER,L_REDSTAR
CELF,FULLY_SCHEDULED,SC_S4_C16_M01,SensorCyclic,604,0.651564185544768,CANONICAL_INPUT_ID_NOT_PROVEN_ADMISSION_ORDER,L_REDSTAR
CELF,FULLY_SCHEDULED,SC_S4_C16_M02,SensorCyclic,605,0.6526429341963322,CANONICAL_INPUT_ID_NOT_PROVEN_ADMISSION_ORDER,L_REDSTAR
CELF,FULLY_SCHEDULED,SC_S4_C16_M03,SensorCyclic,606,0.6537216828478964,CANONICAL_INPUT_ID_NOT_PROVEN_ADMISSION_ORDER,L_REDSTAR
CELF,FULLY_SCHEDULED,SC_S4_C16_M04,SensorCyclic,607,0.6548004314994607,CANONICAL_INPUT_ID_NOT_PROVEN_ADMISSION_ORDER,L_REDSTAR
CELF,FULLY_SCHEDULED,SF_S1_C01_M01,SensorFast,608,0.6558791801510249,CANONICAL_INPUT_ID_NOT_PROVEN_ADMISSION_ORDER,L_REDSTAR
CELF,FULLY_SCHEDULED,SF_S1_C01_M02,SensorFast,609,0.656957928802589,CANONICAL_INPUT_ID_NOT_PROVEN_ADMISSION_ORDER,L_REDSTAR
CELF,FULLY_SCHEDULED,SF_S1_C01_M03,SensorFast,610,0.6580366774541532,CANONICAL_INPUT_ID_NOT_PROVEN_ADMISSION_ORDER,L_REDSTAR
CELF,FULLY_SCHEDULED,SF_S1_C01_M04,SensorFast,611,0.6591154261057174,CANONICAL_INPUT_ID_NOT_PROVEN_ADMISSION_ORDER,L_REDSTAR
CELF,FULLY_SCHEDULED,SF_S1_C02_M01,SensorFast,612,0.6601941747572816,CANONICAL_INPUT_ID_NOT_PROVEN_ADMISSION_ORDER,L_REDSTAR
CELF,FULLY_SCHEDULED,SF_S1_C02_M02,SensorFast,613,0.6612729234088457,CANONICAL_INPUT_ID_NOT_PROVEN_ADMISSION_ORDER,L_REDSTAR
CELF,FULLY_SCHEDULED,SF_S1_C02_M03,SensorFast,614,0.6623516720604099,CANONICAL_INPUT_ID_NOT_PROVEN_ADMISSION_ORDER,L_REDSTAR
CELF,FULLY_SCHEDULED,SF_S1_C02_M04,SensorFast,615,0.6634304207119741,CANONICAL_INPUT_ID_NOT_PROVEN_ADMISSION_ORDER,L_REDSTAR
CELF,FULLY_SCHEDULED,SF_S1_C03_M01,SensorFast,616,0.6645091693635383,CANONICAL_INPUT_ID_NOT_PROVEN_ADMISSION_ORDER,L_REDSTAR
CELF,FULLY_SCHEDULED,SF_S1_C03_M02,SensorFast,617,0.6655879180151025,CANONICAL_INPUT_ID_NOT_PROVEN_ADMISSION_ORDER,L_REDSTAR
CELF,FULLY_SCHEDULED,SF_S1_C03_M03,SensorFast,618,0.6666666666666666,CANONICAL_INPUT_ID_NOT_PROVEN_ADMISSION_ORDER,L_REDSTAR
CELF,FULLY_SCHEDULED,SF_S1_C03_M04,SensorFast,619,0.6677454153182308,CANONICAL_INPUT_ID_NOT_PROVEN_ADMISSION_ORDER,L_REDSTAR
CELF,FULLY_SCHEDULED,SF_S1_C04_M01,SensorFast,620,0.668824163969795,CANONICAL_INPUT_ID_NOT_PROVEN_ADMISSION_ORDER,L_REDSTAR
CELF,FULLY_SCHEDULED,SF_S1_C04_M02,SensorFast,621,0.6699029126213593,CANONICAL_INPUT_ID_NOT_PROVEN_ADMISSION_ORDER,L_REDSTAR
CELF,FULLY_SCHEDULED,SF_S1_C04_M03,SensorFast,622,0.6709816612729234,CANONICAL_INPUT_ID_NOT_PROVEN_ADMISSION_ORDER,L_REDSTAR
CELF,FULLY_SCHEDULED,SF_S1_C04_M04,SensorFast,623,0.6720604099244876,CANONICAL_INPUT_ID_NOT_PROVEN_ADMISSION_ORDER,L_REDSTAR
CELF,FULLY_SCHEDULED,SF_S1_C05_M01,SensorFast,624,0.6731391585760518,CANONICAL_INPUT_ID_NOT_PROVEN_ADMISSION_ORDER,L_REDSTAR
CELF,FULLY_SCHEDULED,SF_S1_C05_M02,SensorFast,625,0.674217907227616,CANONICAL_INPUT_ID_NOT_PROVEN_ADMISSION_ORDER,L_REDSTAR
CELF,FULLY_SCHEDULED,SF_S1_C05_M03,SensorFast,626,0.6752966558791802,CANONICAL_INPUT_ID_NOT_PROVEN_ADMISSION_ORDER,L_REDSTAR
CELF,FULLY_SCHEDULED,SF_S1_C05_M04,SensorFast,627,0.6763754045307443,CANONICAL_INPUT_ID_NOT_PROVEN_ADMISSION_ORDER,L_REDSTAR
CELF,FULLY_SCHEDULED,SF_S1_C06_M01,SensorFast,628,0.6774541531823085,CANONICAL_INPUT_ID_NOT_PROVEN_ADMISSION_ORDER,L_REDSTAR
CELF,FULLY_SCHEDULED,SF_S1_C06_M02,SensorFast,629,0.6785329018338727,CANONICAL_INPUT_ID_NOT_PROVEN_ADMISSION_ORDER,L_REDSTAR
CELF,FULLY_SCHEDULED,SF_S1_C06_M03,SensorFast,630,0.6796116504854369,CANONICAL_INPUT_ID_NOT_PROVEN_ADMISSION_ORDER,L_REDSTAR
CELF,FULLY_SCHEDULED,SF_S1_C06_M04,SensorFast,631,0.6806903991370011,CANONICAL_INPUT_ID_NOT_PROVEN_ADMISSION_ORDER,L_REDSTAR
CELF,FULLY_SCHEDULED,SF_S1_C07_M01,SensorFast,632,0.6817691477885652,CANONICAL_INPUT_ID_NOT_PROVEN_ADMISSION_ORDER,L_REDSTAR
CELF,FULLY_SCHEDULED,SF_S1_C07_M02,SensorFast,633,0.6828478964401294,CANONICAL_INPUT_ID_NOT_PROVEN_ADMISSION_ORDER,L_REDSTAR
CELF,FULLY_SCHEDULED,SF_S1_C07_M03,SensorFast,634,0.6839266450916937,CANONICAL_INPUT_ID_NOT_PROVEN_ADMISSION_ORDER,L_REDSTAR
CELF,FULLY_SCHEDULED,SF_S1_C07_M04,SensorFast,635,0.6850053937432579,CANONICAL_INPUT_ID_NOT_PROVEN_ADMISSION_ORDER,L_REDSTAR
CELF,FULLY_SCHEDULED,SF_S1_C08_M01,SensorFast,636,0.686084142394822,CANONICAL_INPUT_ID_NOT_PROVEN_ADMISSION_ORDER,L_REDSTAR
CELF,FULLY_SCHEDULED,SF_S1_C08_M02,SensorFast,637,0.6871628910463862,CANONICAL_INPUT_ID_NOT_PROVEN_ADMISSION_ORDER,L_REDSTAR
CELF,FULLY_SCHEDULED,SF_S1_C08_M03,SensorFast,638,0.6882416396979504,CANONICAL_INPUT_ID_NOT_PROVEN_ADMISSION_ORDER,L_REDSTAR
CELF,FULLY_SCHEDULED,SF_S1_C08_M04,SensorFast,639,0.6893203883495146,CANONICAL_INPUT_ID_NOT_PROVEN_ADMISSION_ORDER,L_REDSTAR
CELF,FULLY_SCHEDULED,SF_S1_C09_M01,SensorFast,640,0.6903991370010788,CANONICAL_INPUT_ID_NOT_PROVEN_ADMISSION_ORDER,L_REDSTAR
CELF,FULLY_SCHEDULED,SF_S1_C09_M02,SensorFast,641,0.6914778856526429,CANONICAL_INPUT_ID_NOT_PROVEN_ADMISSION_ORDER,L_REDSTAR
CELF,FULLY_SCHEDULED,SF_S1_C09_M03,SensorFast,642,0.6925566343042071,CANONICAL_INPUT_ID_NOT_PROVEN_ADMISSION_ORDER,L_REDSTAR
CELF,FULLY_SCHEDULED,SF_S1_C09_M04,SensorFast,643,0.6936353829557713,CANONICAL_INPUT_ID_NOT_PROVEN_ADMISSION_ORDER,L_REDSTAR
CELF,FULLY_SCHEDULED,SF_S1_C10_M01,SensorFast,644,0.6947141316073355,CANONICAL_INPUT_ID_NOT_PROVEN_ADMISSION_ORDER,L_REDSTAR
CELF,FULLY_SCHEDULED,SF_S1_C10_M02,SensorFast,645,0.6957928802588996,CANONICAL_INPUT_ID_NOT_PROVEN_ADMISSION_ORDER,L_REDSTAR
CELF,FULLY_SCHEDULED,SF_S1_C10_M03,SensorFast,646,0.6968716289104638,CANONICAL_INPUT_ID_NOT_PROVEN_ADMISSION_ORDER,L_REDSTAR
CELF,FULLY_SCHEDULED,SF_S1_C10_M04,SensorFast,647,0.697950377562028,CANONICAL_INPUT_ID_NOT_PROVEN_ADMISSION_ORDER,L_REDSTAR
CELF,FULLY_SCHEDULED,SF_S1_C11_M01,SensorFast,648,0.6990291262135923,CANONICAL_INPUT_ID_NOT_PROVEN_ADMISSION_ORDER,L_REDSTAR
CELF,FULLY_SCHEDULED,SF_S1_C11_M02,SensorFast,649,0.7001078748651565,CANONICAL_INPUT_ID_NOT_PROVEN_ADMISSION_ORDER,L_REDSTAR
CELF,FULLY_SCHEDULED,SF_S1_C11_M03,SensorFast,650,0.7011866235167206,CANONICAL_INPUT_ID_NOT_PROVEN_ADMISSION_ORDER,L_REDSTAR
CELF,FULLY_SCHEDULED,SF_S1_C11_M04,SensorFast,651,0.7022653721682848,CANONICAL_INPUT_ID_NOT_PROVEN_ADMISSION_ORDER,L_REDSTAR
CELF,FULLY_SCHEDULED,SF_S1_C12_M01,SensorFast,652,0.703344120819849,CANONICAL_INPUT_ID_NOT_PROVEN_ADMISSION_ORDER,L_REDSTAR
CELF,FULLY_SCHEDULED,SF_S1_C12_M02,SensorFast,653,0.7044228694714132,CANONICAL_INPUT_ID_NOT_PROVEN_ADMISSION_ORDER,L_REDSTAR
CELF,FULLY_SCHEDULED,SF_S1_C12_M03,SensorFast,654,0.7055016181229773,CANONICAL_INPUT_ID_NOT_PROVEN_ADMISSION_ORDER,L_REDSTAR
CELF,FULLY_SCHEDULED,SF_S1_C12_M04,SensorFast,655,0.7065803667745415,CANONICAL_INPUT_ID_NOT_PROVEN_ADMISSION_ORDER,L_REDSTAR
CELF,FULLY_SCHEDULED,SF_S1_C13_M01,SensorFast,656,0.7076591154261057,CANONICAL_INPUT_ID_NOT_PROVEN_ADMISSION_ORDER,L_REDSTAR
CELF,FULLY_SCHEDULED,SF_S1_C13_M02,SensorFast,657,0.7087378640776699,CANONICAL_INPUT_ID_NOT_PROVEN_ADMISSION_ORDER,L_REDSTAR
CELF,FULLY_SCHEDULED,SF_S1_C13_M03,SensorFast,658,0.7098166127292341,CANONICAL_INPUT_ID_NOT_PROVEN_ADMISSION_ORDER,L_REDSTAR
CELF,FULLY_SCHEDULED,SF_S1_C13_M04,SensorFast,659,0.7108953613807982,CANONICAL_INPUT_ID_NOT_PROVEN_ADMISSION_ORDER,L_REDSTAR
CELF,FULLY_SCHEDULED,SF_S1_C14_M01,SensorFast,660,0.7119741100323624,CANONICAL_INPUT_ID_NOT_PROVEN_ADMISSION_ORDER,L_REDSTAR
CELF,FULLY_SCHEDULED,SF_S1_C14_M02,SensorFast,661,0.7130528586839266,CANONICAL_INPUT_ID_NOT_PROVEN_ADMISSION_ORDER,L_REDSTAR
CELF,FULLY_SCHEDULED,SF_S1_C14_M03,SensorFast,662,0.7141316073354909,CANONICAL_INPUT_ID_NOT_PROVEN_ADMISSION_ORDER,L_REDSTAR
CELF,FULLY_SCHEDULED,SF_S1_C14_M04,SensorFast,663,0.7152103559870551,CANONICAL_INPUT_ID_NOT_PROVEN_ADMISSION_ORDER,L_REDSTAR
CELF,FULLY_SCHEDULED,SF_S1_C15_M01,SensorFast,664,0.7162891046386192,CANONICAL_INPUT_ID_NOT_PROVEN_ADMISSION_ORDER,L_REDSTAR
CELF,FULLY_SCHEDULED,SF_S1_C15_M02,SensorFast,665,0.7173678532901834,CANONICAL_INPUT_ID_NOT_PROVEN_ADMISSION_ORDER,L_REDSTAR
CELF,FULLY_SCHEDULED,SF_S1_C15_M03,SensorFast,666,0.7184466019417476,CANONICAL_INPUT_ID_NOT_PROVEN_ADMISSION_ORDER,L_REDSTAR
CELF,FULLY_SCHEDULED,SF_S1_C15_M04,SensorFast,667,0.7195253505933118,CANONICAL_INPUT_ID_NOT_PROVEN_ADMISSION_ORDER,L_REDSTAR
CELF,FULLY_SCHEDULED,SF_S1_C16_M01,SensorFast,668,0.7206040992448759,CANONICAL_INPUT_ID_NOT_PROVEN_ADMISSION_ORDER,L_REDSTAR
CELF,FULLY_SCHEDULED,SF_S1_C16_M02,SensorFast,669,0.7216828478964401,CANONICAL_INPUT_ID_NOT_PROVEN_ADMISSION_ORDER,L_REDSTAR
CELF,FULLY_SCHEDULED,SF_S1_C16_M03,SensorFast,670,0.7227615965480043,CANONICAL_INPUT_ID_NOT_PROVEN_ADMISSION_ORDER,L_REDSTAR
CELF,FULLY_SCHEDULED,SF_S1_C16_M04,SensorFast,671,0.7238403451995685,CANONICAL_INPUT_ID_NOT_PROVEN_ADMISSION_ORDER,L_REDSTAR
CELF,FULLY_SCHEDULED,SF_S2_C01_M01,SensorFast,672,0.7249190938511327,CANONICAL_INPUT_ID_NOT_PROVEN_ADMISSION_ORDER,L_REDSTAR
CELF,FULLY_SCHEDULED,SF_S2_C01_M02,SensorFast,673,0.7259978425026968,CANONICAL_INPUT_ID_NOT_PROVEN_ADMISSION_ORDER,L_REDSTAR
CELF,FULLY_SCHEDULED,SF_S2_C01_M03,SensorFast,674,0.727076591154261,CANONICAL_INPUT_ID_NOT_PROVEN_ADMISSION_ORDER,L_REDSTAR
CELF,FULLY_SCHEDULED,SF_S2_C01_M04,SensorFast,675,0.7281553398058253,CANONICAL_INPUT_ID_NOT_PROVEN_ADMISSION_ORDER,L_REDSTAR
CELF,FULLY_SCHEDULED,SF_S2_C02_M01,SensorFast,676,0.7292340884573895,CANONICAL_INPUT_ID_NOT_PROVEN_ADMISSION_ORDER,L_REDSTAR
CELF,FULLY_SCHEDULED,SF_S2_C02_M02,SensorFast,677,0.7303128371089536,CANONICAL_INPUT_ID_NOT_PROVEN_ADMISSION_ORDER,L_REDSTAR
CELF,FULLY_SCHEDULED,SF_S2_C02_M03,SensorFast,678,0.7313915857605178,CANONICAL_INPUT_ID_NOT_PROVEN_ADMISSION_ORDER,L_REDSTAR
CELF,FULLY_SCHEDULED,SF_S2_C02_M04,SensorFast,679,0.732470334412082,CANONICAL_INPUT_ID_NOT_PROVEN_ADMISSION_ORDER,L_REDSTAR
CELF,FULLY_SCHEDULED,SF_S2_C03_M01,SensorFast,680,0.7335490830636462,CANONICAL_INPUT_ID_NOT_PROVEN_ADMISSION_ORDER,L_REDSTAR
CELF,FULLY_SCHEDULED,SF_S2_C03_M02,SensorFast,681,0.7346278317152104,CANONICAL_INPUT_ID_NOT_PROVEN_ADMISSION_ORDER,L_REDSTAR
CELF,FULLY_SCHEDULED,SF_S2_C03_M03,SensorFast,682,0.7357065803667745,CANONICAL_INPUT_ID_NOT_PROVEN_ADMISSION_ORDER,L_REDSTAR
CELF,FULLY_SCHEDULED,SF_S2_C03_M04,SensorFast,683,0.7367853290183387,CANONICAL_INPUT_ID_NOT_PROVEN_ADMISSION_ORDER,L_REDSTAR
CELF,FULLY_SCHEDULED,SF_S2_C04_M01,SensorFast,684,0.7378640776699029,CANONICAL_INPUT_ID_NOT_PROVEN_ADMISSION_ORDER,L_REDSTAR
CELF,FULLY_SCHEDULED,SF_S2_C04_M02,SensorFast,685,0.7389428263214671,CANONICAL_INPUT_ID_NOT_PROVEN_ADMISSION_ORDER,L_REDSTAR
CELF,FULLY_SCHEDULED,SF_S2_C04_M03,SensorFast,686,0.7400215749730313,CANONICAL_INPUT_ID_NOT_PROVEN_ADMISSION_ORDER,L_REDSTAR
CELF,FULLY_SCHEDULED,SF_S2_C04_M04,SensorFast,687,0.7411003236245954,CANONICAL_INPUT_ID_NOT_PROVEN_ADMISSION_ORDER,L_REDSTAR
CELF,FULLY_SCHEDULED,SF_S2_C05_M01,SensorFast,688,0.7421790722761596,CANONICAL_INPUT_ID_NOT_PROVEN_ADMISSION_ORDER,L_REDSTAR
CELF,FULLY_SCHEDULED,SF_S2_C05_M02,SensorFast,689,0.7432578209277239,CANONICAL_INPUT_ID_NOT_PROVEN_ADMISSION_ORDER,L_REDSTAR
CELF,FULLY_SCHEDULED,SF_S2_C05_M03,SensorFast,690,0.7443365695792881,CANONICAL_INPUT_ID_NOT_PROVEN_ADMISSION_ORDER,L_REDSTAR
CELF,FULLY_SCHEDULED,SF_S2_C05_M04,SensorFast,691,0.7454153182308522,CANONICAL_INPUT_ID_NOT_PROVEN_ADMISSION_ORDER,L_REDSTAR
CELF,FULLY_SCHEDULED,SF_S2_C06_M01,SensorFast,692,0.7464940668824164,CANONICAL_INPUT_ID_NOT_PROVEN_ADMISSION_ORDER,L_REDSTAR
CELF,FULLY_SCHEDULED,SF_S2_C06_M02,SensorFast,693,0.7475728155339806,CANONICAL_INPUT_ID_NOT_PROVEN_ADMISSION_ORDER,L_REDSTAR
CELF,FULLY_SCHEDULED,SF_S2_C06_M03,SensorFast,694,0.7486515641855448,CANONICAL_INPUT_ID_NOT_PROVEN_ADMISSION_ORDER,L_REDSTAR
CELF,FULLY_SCHEDULED,SF_S2_C06_M04,SensorFast,695,0.749730312837109,CANONICAL_INPUT_ID_NOT_PROVEN_ADMISSION_ORDER,L_REDSTAR
CELF,FULLY_SCHEDULED,SF_S2_C07_M01,SensorFast,696,0.7508090614886731,CANONICAL_INPUT_ID_NOT_PROVEN_ADMISSION_ORDER,L_REDSTAR
CELF,FULLY_SCHEDULED,SF_S2_C07_M02,SensorFast,697,0.7518878101402373,CANONICAL_INPUT_ID_NOT_PROVEN_ADMISSION_ORDER,L_REDSTAR
CELF,FULLY_SCHEDULED,SF_S2_C07_M03,SensorFast,698,0.7529665587918015,CANONICAL_INPUT_ID_NOT_PROVEN_ADMISSION_ORDER,L_REDSTAR
CELF,FULLY_SCHEDULED,SF_S2_C07_M04,SensorFast,699,0.7540453074433657,CANONICAL_INPUT_ID_NOT_PROVEN_ADMISSION_ORDER,L_REDSTAR
CELF,FULLY_SCHEDULED,SF_S2_C08_M01,SensorFast,700,0.7551240560949298,CANONICAL_INPUT_ID_NOT_PROVEN_ADMISSION_ORDER,L_REDSTAR
CELF,FULLY_SCHEDULED,SF_S2_C08_M02,SensorFast,701,0.756202804746494,CANONICAL_INPUT_ID_NOT_PROVEN_ADMISSION_ORDER,L_REDSTAR
CELF,FULLY_SCHEDULED,SF_S2_C08_M03,SensorFast,702,0.7572815533980582,CANONICAL_INPUT_ID_NOT_PROVEN_ADMISSION_ORDER,L_REDSTAR
CELF,FULLY_SCHEDULED,SF_S2_C08_M04,SensorFast,703,0.7583603020496225,CANONICAL_INPUT_ID_NOT_PROVEN_ADMISSION_ORDER,L_REDSTAR
CELF,FULLY_SCHEDULED,SF_S2_C09_M01,SensorFast,704,0.7594390507011867,CANONICAL_INPUT_ID_NOT_PROVEN_ADMISSION_ORDER,L_REDSTAR
CELF,FULLY_SCHEDULED,SF_S2_C09_M02,SensorFast,705,0.7605177993527508,CANONICAL_INPUT_ID_NOT_PROVEN_ADMISSION_ORDER,L_REDSTAR
CELF,FULLY_SCHEDULED,SF_S2_C09_M03,SensorFast,706,0.761596548004315,CANONICAL_INPUT_ID_NOT_PROVEN_ADMISSION_ORDER,L_REDSTAR
CELF,FULLY_SCHEDULED,SF_S2_C09_M04,SensorFast,707,0.7626752966558792,CANONICAL_INPUT_ID_NOT_PROVEN_ADMISSION_ORDER,L_REDSTAR
CELF,FULLY_SCHEDULED,SF_S2_C10_M01,SensorFast,708,0.7637540453074434,CANONICAL_INPUT_ID_NOT_PROVEN_ADMISSION_ORDER,L_REDSTAR
CELF,FULLY_SCHEDULED,SF_S2_C10_M02,SensorFast,709,0.7648327939590076,CANONICAL_INPUT_ID_NOT_PROVEN_ADMISSION_ORDER,L_REDSTAR
CELF,FULLY_SCHEDULED,SF_S2_C10_M03,SensorFast,710,0.7659115426105717,CANONICAL_INPUT_ID_NOT_PROVEN_ADMISSION_ORDER,L_REDSTAR
CELF,FULLY_SCHEDULED,SF_S2_C10_M04,SensorFast,711,0.7669902912621359,CANONICAL_INPUT_ID_NOT_PROVEN_ADMISSION_ORDER,L_REDSTAR
CELF,FULLY_SCHEDULED,SF_S2_C11_M01,SensorFast,712,0.7680690399137001,CANONICAL_INPUT_ID_NOT_PROVEN_ADMISSION_ORDER,L_REDSTAR
CELF,FULLY_SCHEDULED,SF_S2_C11_M02,SensorFast,713,0.7691477885652643,CANONICAL_INPUT_ID_NOT_PROVEN_ADMISSION_ORDER,L_REDSTAR
CELF,FULLY_SCHEDULED,SF_S2_C11_M03,SensorFast,714,0.7702265372168284,CANONICAL_INPUT_ID_NOT_PROVEN_ADMISSION_ORDER,L_REDSTAR
CELF,FULLY_SCHEDULED,SF_S2_C11_M04,SensorFast,715,0.7713052858683926,CANONICAL_INPUT_ID_NOT_PROVEN_ADMISSION_ORDER,L_REDSTAR
CELF,FULLY_SCHEDULED,SF_S2_C12_M01,SensorFast,716,0.7723840345199569,CANONICAL_INPUT_ID_NOT_PROVEN_ADMISSION_ORDER,L_REDSTAR
CELF,FULLY_SCHEDULED,SF_S2_C12_M02,SensorFast,717,0.7734627831715211,CANONICAL_INPUT_ID_NOT_PROVEN_ADMISSION_ORDER,L_REDSTAR
CELF,FULLY_SCHEDULED,SF_S2_C12_M03,SensorFast,718,0.7745415318230853,CANONICAL_INPUT_ID_NOT_PROVEN_ADMISSION_ORDER,L_REDSTAR
CELF,FULLY_SCHEDULED,SF_S2_C12_M04,SensorFast,719,0.7756202804746494,CANONICAL_INPUT_ID_NOT_PROVEN_ADMISSION_ORDER,L_REDSTAR
CELF,FULLY_SCHEDULED,SF_S2_C13_M01,SensorFast,720,0.7766990291262136,CANONICAL_INPUT_ID_NOT_PROVEN_ADMISSION_ORDER,L_REDSTAR
CELF,FULLY_SCHEDULED,SF_S2_C13_M02,SensorFast,721,0.7777777777777778,CANONICAL_INPUT_ID_NOT_PROVEN_ADMISSION_ORDER,L_REDSTAR
CELF,FULLY_SCHEDULED,SF_S2_C13_M03,SensorFast,722,0.778856526429342,CANONICAL_INPUT_ID_NOT_PROVEN_ADMISSION_ORDER,L_REDSTAR
CELF,FULLY_SCHEDULED,SF_S2_C13_M04,SensorFast,723,0.7799352750809061,CANONICAL_INPUT_ID_NOT_PROVEN_ADMISSION_ORDER,L_REDSTAR
CELF,FULLY_SCHEDULED,SF_S2_C14_M01,SensorFast,724,0.7810140237324703,CANONICAL_INPUT_ID_NOT_PROVEN_ADMISSION_ORDER,L_REDSTAR
CELF,FULLY_SCHEDULED,SF_S2_C14_M02,SensorFast,725,0.7820927723840345,CANONICAL_INPUT_ID_NOT_PROVEN_ADMISSION_ORDER,L_REDSTAR
CELF,FULLY_SCHEDULED,SF_S2_C14_M03,SensorFast,726,0.7831715210355987,CANONICAL_INPUT_ID_NOT_PROVEN_ADMISSION_ORDER,L_REDSTAR
CELF,FULLY_SCHEDULED,SF_S2_C14_M04,SensorFast,727,0.7842502696871629,CANONICAL_INPUT_ID_NOT_PROVEN_ADMISSION_ORDER,L_REDSTAR
CELF,FULLY_SCHEDULED,SF_S2_C15_M01,SensorFast,728,0.785329018338727,CANONICAL_INPUT_ID_NOT_PROVEN_ADMISSION_ORDER,L_REDSTAR
CELF,FULLY_SCHEDULED,SF_S2_C15_M02,SensorFast,729,0.7864077669902912,CANONICAL_INPUT_ID_NOT_PROVEN_ADMISSION_ORDER,L_REDSTAR
CELF,FULLY_SCHEDULED,SF_S2_C15_M03,SensorFast,730,0.7874865156418555,CANONICAL_INPUT_ID_NOT_PROVEN_ADMISSION_ORDER,L_REDSTAR
CELF,FULLY_SCHEDULED,SF_S2_C15_M04,SensorFast,731,0.7885652642934197,CANONICAL_INPUT_ID_NOT_PROVEN_ADMISSION_ORDER,L_REDSTAR
CELF,FULLY_SCHEDULED,SF_S2_C16_M01,SensorFast,732,0.7896440129449838,CANONICAL_INPUT_ID_NOT_PROVEN_ADMISSION_ORDER,L_REDSTAR
CELF,FULLY_SCHEDULED,SF_S2_C16_M02,SensorFast,733,0.790722761596548,CANONICAL_INPUT_ID_NOT_PROVEN_ADMISSION_ORDER,L_REDSTAR
CELF,FULLY_SCHEDULED,SF_S2_C16_M03,SensorFast,734,0.7918015102481122,CANONICAL_INPUT_ID_NOT_PROVEN_ADMISSION_ORDER,L_REDSTAR
CELF,FULLY_SCHEDULED,SF_S2_C16_M04,SensorFast,735,0.7928802588996764,CANONICAL_INPUT_ID_NOT_PROVEN_ADMISSION_ORDER,L_REDSTAR
CELF,FULLY_SCHEDULED,SF_S3_C01_M01,SensorFast,736,0.7939590075512406,CANONICAL_INPUT_ID_NOT_PROVEN_ADMISSION_ORDER,L_REDSTAR
CELF,FULLY_SCHEDULED,SF_S3_C01_M02,SensorFast,737,0.7950377562028047,CANONICAL_INPUT_ID_NOT_PROVEN_ADMISSION_ORDER,L_REDSTAR
CELF,FULLY_SCHEDULED,SF_S3_C01_M03,SensorFast,738,0.7961165048543689,CANONICAL_INPUT_ID_NOT_PROVEN_ADMISSION_ORDER,L_REDSTAR
CELF,FULLY_SCHEDULED,SF_S3_C01_M04,SensorFast,739,0.7971952535059331,CANONICAL_INPUT_ID_NOT_PROVEN_ADMISSION_ORDER,L_REDSTAR
CELF,FULLY_SCHEDULED,SF_S3_C02_M01,SensorFast,740,0.7982740021574973,CANONICAL_INPUT_ID_NOT_PROVEN_ADMISSION_ORDER,L_REDSTAR
CELF,FULLY_SCHEDULED,SF_S3_C02_M02,SensorFast,741,0.7993527508090615,CANONICAL_INPUT_ID_NOT_PROVEN_ADMISSION_ORDER,L_REDSTAR
CELF,FULLY_SCHEDULED,SF_S3_C02_M03,SensorFast,742,0.8004314994606256,CANONICAL_INPUT_ID_NOT_PROVEN_ADMISSION_ORDER,L_REDSTAR
CELF,FULLY_SCHEDULED,SF_S3_C02_M04,SensorFast,743,0.8015102481121898,CANONICAL_INPUT_ID_NOT_PROVEN_ADMISSION_ORDER,L_REDSTAR
CELF,FULLY_SCHEDULED,SF_S3_C03_M01,SensorFast,744,0.8025889967637541,CANONICAL_INPUT_ID_NOT_PROVEN_ADMISSION_ORDER,L_REDSTAR
CELF,FULLY_SCHEDULED,SF_S3_C03_M02,SensorFast,745,0.8036677454153183,CANONICAL_INPUT_ID_NOT_PROVEN_ADMISSION_ORDER,L_REDSTAR
CELF,FULLY_SCHEDULED,SF_S3_C03_M03,SensorFast,746,0.8047464940668824,CANONICAL_INPUT_ID_NOT_PROVEN_ADMISSION_ORDER,L_REDSTAR
CELF,FULLY_SCHEDULED,SF_S3_C03_M04,SensorFast,747,0.8058252427184466,CANONICAL_INPUT_ID_NOT_PROVEN_ADMISSION_ORDER,L_REDSTAR
CELF,FULLY_SCHEDULED,SF_S3_C04_M01,SensorFast,748,0.8069039913700108,CANONICAL_INPUT_ID_NOT_PROVEN_ADMISSION_ORDER,L_REDSTAR
CELF,FULLY_SCHEDULED,SF_S3_C04_M02,SensorFast,749,0.807982740021575,CANONICAL_INPUT_ID_NOT_PROVEN_ADMISSION_ORDER,L_REDSTAR
CELF,FULLY_SCHEDULED,SF_S3_C04_M03,SensorFast,750,0.8090614886731392,CANONICAL_INPUT_ID_NOT_PROVEN_ADMISSION_ORDER,L_REDSTAR
CELF,FULLY_SCHEDULED,SF_S3_C04_M04,SensorFast,751,0.8101402373247033,CANONICAL_INPUT_ID_NOT_PROVEN_ADMISSION_ORDER,L_REDSTAR
CELF,FULLY_SCHEDULED,SF_S3_C05_M01,SensorFast,752,0.8112189859762675,CANONICAL_INPUT_ID_NOT_PROVEN_ADMISSION_ORDER,L_REDSTAR
CELF,FULLY_SCHEDULED,SF_S3_C05_M02,SensorFast,753,0.8122977346278317,CANONICAL_INPUT_ID_NOT_PROVEN_ADMISSION_ORDER,L_REDSTAR
CELF,FULLY_SCHEDULED,SF_S3_C05_M03,SensorFast,754,0.8133764832793959,CANONICAL_INPUT_ID_NOT_PROVEN_ADMISSION_ORDER,L_REDSTAR
CELF,FULLY_SCHEDULED,SF_S3_C05_M04,SensorFast,755,0.81445523193096,CANONICAL_INPUT_ID_NOT_PROVEN_ADMISSION_ORDER,L_REDSTAR
CELF,FULLY_SCHEDULED,SF_S3_C06_M01,SensorFast,756,0.8155339805825242,CANONICAL_INPUT_ID_NOT_PROVEN_ADMISSION_ORDER,L_REDSTAR
CELF,FULLY_SCHEDULED,SF_S3_C06_M02,SensorFast,757,0.8166127292340885,CANONICAL_INPUT_ID_NOT_PROVEN_ADMISSION_ORDER,L_REDSTAR
CELF,FULLY_SCHEDULED,SF_S3_C06_M03,SensorFast,758,0.8176914778856527,CANONICAL_INPUT_ID_NOT_PROVEN_ADMISSION_ORDER,L_REDSTAR
CELF,FULLY_SCHEDULED,SF_S3_C06_M04,SensorFast,759,0.8187702265372169,CANONICAL_INPUT_ID_NOT_PROVEN_ADMISSION_ORDER,L_REDSTAR
CELF,FULLY_SCHEDULED,SF_S3_C07_M01,SensorFast,760,0.819848975188781,CANONICAL_INPUT_ID_NOT_PROVEN_ADMISSION_ORDER,L_REDSTAR
CELF,FULLY_SCHEDULED,SF_S3_C07_M02,SensorFast,761,0.8209277238403452,CANONICAL_INPUT_ID_NOT_PROVEN_ADMISSION_ORDER,L_REDSTAR
CELF,FULLY_SCHEDULED,SF_S3_C07_M03,SensorFast,762,0.8220064724919094,CANONICAL_INPUT_ID_NOT_PROVEN_ADMISSION_ORDER,L_REDSTAR
CELF,FULLY_SCHEDULED,SF_S3_C07_M04,SensorFast,763,0.8230852211434736,CANONICAL_INPUT_ID_NOT_PROVEN_ADMISSION_ORDER,L_REDSTAR
CELF,FULLY_SCHEDULED,SF_S3_C08_M01,SensorFast,764,0.8241639697950378,CANONICAL_INPUT_ID_NOT_PROVEN_ADMISSION_ORDER,L_REDSTAR
CELF,FULLY_SCHEDULED,SF_S3_C08_M02,SensorFast,765,0.8252427184466019,CANONICAL_INPUT_ID_NOT_PROVEN_ADMISSION_ORDER,L_REDSTAR
CELF,FULLY_SCHEDULED,SF_S3_C08_M03,SensorFast,766,0.8263214670981661,CANONICAL_INPUT_ID_NOT_PROVEN_ADMISSION_ORDER,L_REDSTAR
CELF,FULLY_SCHEDULED,SF_S3_C08_M04,SensorFast,767,0.8274002157497303,CANONICAL_INPUT_ID_NOT_PROVEN_ADMISSION_ORDER,L_REDSTAR
CELF,FULLY_SCHEDULED,SF_S3_C09_M01,SensorFast,768,0.8284789644012945,CANONICAL_INPUT_ID_NOT_PROVEN_ADMISSION_ORDER,L_REDSTAR
CELF,FULLY_SCHEDULED,SF_S3_C09_M02,SensorFast,769,0.8295577130528586,CANONICAL_INPUT_ID_NOT_PROVEN_ADMISSION_ORDER,L_REDSTAR
CELF,FULLY_SCHEDULED,SF_S3_C09_M03,SensorFast,770,0.8306364617044228,CANONICAL_INPUT_ID_NOT_PROVEN_ADMISSION_ORDER,L_REDSTAR
CELF,FULLY_SCHEDULED,SF_S3_C09_M04,SensorFast,771,0.8317152103559871,CANONICAL_INPUT_ID_NOT_PROVEN_ADMISSION_ORDER,L_REDSTAR
CELF,FULLY_SCHEDULED,SF_S3_C10_M01,SensorFast,772,0.8327939590075513,CANONICAL_INPUT_ID_NOT_PROVEN_ADMISSION_ORDER,L_REDSTAR
CELF,FULLY_SCHEDULED,SF_S3_C10_M02,SensorFast,773,0.8338727076591155,CANONICAL_INPUT_ID_NOT_PROVEN_ADMISSION_ORDER,L_REDSTAR
CELF,FULLY_SCHEDULED,SF_S3_C10_M03,SensorFast,774,0.8349514563106796,CANONICAL_INPUT_ID_NOT_PROVEN_ADMISSION_ORDER,L_REDSTAR
CELF,FULLY_SCHEDULED,SF_S3_C10_M04,SensorFast,775,0.8360302049622438,CANONICAL_INPUT_ID_NOT_PROVEN_ADMISSION_ORDER,L_REDSTAR
CELF,FULLY_SCHEDULED,SF_S3_C11_M01,SensorFast,776,0.837108953613808,CANONICAL_INPUT_ID_NOT_PROVEN_ADMISSION_ORDER,L_REDSTAR
CELF,FULLY_SCHEDULED,SF_S3_C11_M02,SensorFast,777,0.8381877022653722,CANONICAL_INPUT_ID_NOT_PROVEN_ADMISSION_ORDER,L_REDSTAR
CELF,FULLY_SCHEDULED,SF_S3_C11_M03,SensorFast,778,0.8392664509169363,CANONICAL_INPUT_ID_NOT_PROVEN_ADMISSION_ORDER,L_REDSTAR
CELF,FULLY_SCHEDULED,SF_S3_C11_M04,SensorFast,779,0.8403451995685005,CANONICAL_INPUT_ID_NOT_PROVEN_ADMISSION_ORDER,L_REDSTAR
CELF,FULLY_SCHEDULED,SF_S3_C12_M01,SensorFast,780,0.8414239482200647,CANONICAL_INPUT_ID_NOT_PROVEN_ADMISSION_ORDER,L_REDSTAR
CELF,FULLY_SCHEDULED,SF_S3_C12_M02,SensorFast,781,0.8425026968716289,CANONICAL_INPUT_ID_NOT_PROVEN_ADMISSION_ORDER,L_REDSTAR
CELF,FULLY_SCHEDULED,SF_S3_C12_M03,SensorFast,782,0.8435814455231931,CANONICAL_INPUT_ID_NOT_PROVEN_ADMISSION_ORDER,L_REDSTAR
CELF,FULLY_SCHEDULED,SF_S3_C12_M04,SensorFast,783,0.8446601941747572,CANONICAL_INPUT_ID_NOT_PROVEN_ADMISSION_ORDER,L_REDSTAR
CELF,FULLY_SCHEDULED,SF_S3_C13_M01,SensorFast,784,0.8457389428263214,CANONICAL_INPUT_ID_NOT_PROVEN_ADMISSION_ORDER,L_REDSTAR
CELF,FULLY_SCHEDULED,SF_S3_C13_M02,SensorFast,785,0.8468176914778857,CANONICAL_INPUT_ID_NOT_PROVEN_ADMISSION_ORDER,L_REDSTAR
CELF,FULLY_SCHEDULED,SF_S3_C13_M03,SensorFast,786,0.8478964401294499,CANONICAL_INPUT_ID_NOT_PROVEN_ADMISSION_ORDER,L_REDSTAR
CELF,FULLY_SCHEDULED,SF_S3_C13_M04,SensorFast,787,0.8489751887810141,CANONICAL_INPUT_ID_NOT_PROVEN_ADMISSION_ORDER,L_REDSTAR
CELF,FULLY_SCHEDULED,SF_S3_C14_M01,SensorFast,788,0.8500539374325782,CANONICAL_INPUT_ID_NOT_PROVEN_ADMISSION_ORDER,L_REDSTAR
CELF,FULLY_SCHEDULED,SF_S3_C14_M02,SensorFast,789,0.8511326860841424,CANONICAL_INPUT_ID_NOT_PROVEN_ADMISSION_ORDER,L_REDSTAR
CELF,FULLY_SCHEDULED,SF_S3_C14_M03,SensorFast,790,0.8522114347357066,CANONICAL_INPUT_ID_NOT_PROVEN_ADMISSION_ORDER,L_REDSTAR
CELF,FULLY_SCHEDULED,SF_S3_C14_M04,SensorFast,791,0.8532901833872708,CANONICAL_INPUT_ID_NOT_PROVEN_ADMISSION_ORDER,L_REDSTAR
CELF,FULLY_SCHEDULED,SF_S3_C15_M01,SensorFast,792,0.8543689320388349,CANONICAL_INPUT_ID_NOT_PROVEN_ADMISSION_ORDER,L_REDSTAR
CELF,FULLY_SCHEDULED,SF_S3_C15_M02,SensorFast,793,0.8554476806903991,CANONICAL_INPUT_ID_NOT_PROVEN_ADMISSION_ORDER,L_REDSTAR
CELF,FULLY_SCHEDULED,SF_S3_C15_M03,SensorFast,794,0.8565264293419633,CANONICAL_INPUT_ID_NOT_PROVEN_ADMISSION_ORDER,L_REDSTAR
CELF,FULLY_SCHEDULED,SF_S3_C15_M04,SensorFast,795,0.8576051779935275,CANONICAL_INPUT_ID_NOT_PROVEN_ADMISSION_ORDER,L_REDSTAR
CELF,FULLY_SCHEDULED,SF_S3_C16_M01,SensorFast,796,0.8586839266450917,CANONICAL_INPUT_ID_NOT_PROVEN_ADMISSION_ORDER,L_REDSTAR
CELF,FULLY_SCHEDULED,SF_S3_C16_M02,SensorFast,797,0.8597626752966558,CANONICAL_INPUT_ID_NOT_PROVEN_ADMISSION_ORDER,L_REDSTAR
CELF,FULLY_SCHEDULED,SF_S3_C16_M03,SensorFast,798,0.86084142394822,CANONICAL_INPUT_ID_NOT_PROVEN_ADMISSION_ORDER,L_REDSTAR
CELF,FULLY_SCHEDULED,SF_S3_C16_M04,SensorFast,799,0.8619201725997843,CANONICAL_INPUT_ID_NOT_PROVEN_ADMISSION_ORDER,L_REDSTAR
CELF,FULLY_SCHEDULED,SF_S4_C01_M01,SensorFast,800,0.8629989212513485,CANONICAL_INPUT_ID_NOT_PROVEN_ADMISSION_ORDER,L_REDSTAR
CELF,FULLY_SCHEDULED,SF_S4_C01_M02,SensorFast,801,0.8640776699029126,CANONICAL_INPUT_ID_NOT_PROVEN_ADMISSION_ORDER,L_REDSTAR
CELF,FULLY_SCHEDULED,SF_S4_C01_M03,SensorFast,802,0.8651564185544768,CANONICAL_INPUT_ID_NOT_PROVEN_ADMISSION_ORDER,L_REDSTAR
CELF,FULLY_SCHEDULED,SF_S4_C01_M04,SensorFast,803,0.866235167206041,CANONICAL_INPUT_ID_NOT_PROVEN_ADMISSION_ORDER,L_REDSTAR
CELF,FULLY_SCHEDULED,SF_S4_C02_M01,SensorFast,804,0.8673139158576052,CANONICAL_INPUT_ID_NOT_PROVEN_ADMISSION_ORDER,L_REDSTAR
CELF,FULLY_SCHEDULED,SF_S4_C02_M02,SensorFast,805,0.8683926645091694,CANONICAL_INPUT_ID_NOT_PROVEN_ADMISSION_ORDER,L_REDSTAR
CELF,FULLY_SCHEDULED,SF_S4_C02_M03,SensorFast,806,0.8694714131607335,CANONICAL_INPUT_ID_NOT_PROVEN_ADMISSION_ORDER,L_REDSTAR
CELF,FULLY_SCHEDULED,SF_S4_C02_M04,SensorFast,807,0.8705501618122977,CANONICAL_INPUT_ID_NOT_PROVEN_ADMISSION_ORDER,L_REDSTAR
CELF,FULLY_SCHEDULED,SF_S4_C03_M01,SensorFast,808,0.8716289104638619,CANONICAL_INPUT_ID_NOT_PROVEN_ADMISSION_ORDER,L_REDSTAR
CELF,FULLY_SCHEDULED,SF_S4_C03_M02,SensorFast,809,0.8727076591154261,CANONICAL_INPUT_ID_NOT_PROVEN_ADMISSION_ORDER,L_REDSTAR
CELF,FULLY_SCHEDULED,SF_S4_C03_M03,SensorFast,810,0.8737864077669902,CANONICAL_INPUT_ID_NOT_PROVEN_ADMISSION_ORDER,L_REDSTAR
CELF,FULLY_SCHEDULED,SF_S4_C03_M04,SensorFast,811,0.8748651564185544,CANONICAL_INPUT_ID_NOT_PROVEN_ADMISSION_ORDER,L_REDSTAR
CELF,FULLY_SCHEDULED,SF_S4_C04_M01,SensorFast,812,0.8759439050701187,CANONICAL_INPUT_ID_NOT_PROVEN_ADMISSION_ORDER,L_REDSTAR
CELF,FULLY_SCHEDULED,SF_S4_C04_M02,SensorFast,813,0.8770226537216829,CANONICAL_INPUT_ID_NOT_PROVEN_ADMISSION_ORDER,L_REDSTAR
CELF,FULLY_SCHEDULED,SF_S4_C04_M03,SensorFast,814,0.8781014023732471,CANONICAL_INPUT_ID_NOT_PROVEN_ADMISSION_ORDER,L_REDSTAR
CELF,FULLY_SCHEDULED,SF_S4_C04_M04,SensorFast,815,0.8791801510248112,CANONICAL_INPUT_ID_NOT_PROVEN_ADMISSION_ORDER,L_REDSTAR
CELF,FULLY_SCHEDULED,SF_S4_C05_M01,SensorFast,816,0.8802588996763754,CANONICAL_INPUT_ID_NOT_PROVEN_ADMISSION_ORDER,L_REDSTAR
CELF,FULLY_SCHEDULED,SF_S4_C05_M02,SensorFast,817,0.8813376483279396,CANONICAL_INPUT_ID_NOT_PROVEN_ADMISSION_ORDER,L_REDSTAR
CELF,FULLY_SCHEDULED,SF_S4_C05_M03,SensorFast,818,0.8824163969795038,CANONICAL_INPUT_ID_NOT_PROVEN_ADMISSION_ORDER,L_REDSTAR
CELF,FULLY_SCHEDULED,SF_S4_C05_M04,SensorFast,819,0.883495145631068,CANONICAL_INPUT_ID_NOT_PROVEN_ADMISSION_ORDER,L_REDSTAR
CELF,FULLY_SCHEDULED,SF_S4_C06_M01,SensorFast,820,0.8845738942826321,CANONICAL_INPUT_ID_NOT_PROVEN_ADMISSION_ORDER,L_REDSTAR
CELF,FULLY_SCHEDULED,SF_S4_C06_M02,SensorFast,821,0.8856526429341963,CANONICAL_INPUT_ID_NOT_PROVEN_ADMISSION_ORDER,L_REDSTAR
CELF,FULLY_SCHEDULED,SF_S4_C06_M03,SensorFast,822,0.8867313915857605,CANONICAL_INPUT_ID_NOT_PROVEN_ADMISSION_ORDER,L_REDSTAR
CELF,FULLY_SCHEDULED,SF_S4_C06_M04,SensorFast,823,0.8878101402373247,CANONICAL_INPUT_ID_NOT_PROVEN_ADMISSION_ORDER,L_REDSTAR
CELF,FULLY_SCHEDULED,SF_S4_C07_M01,SensorFast,824,0.8888888888888888,CANONICAL_INPUT_ID_NOT_PROVEN_ADMISSION_ORDER,L_REDSTAR
CELF,FULLY_SCHEDULED,SF_S4_C07_M02,SensorFast,825,0.889967637540453,CANONICAL_INPUT_ID_NOT_PROVEN_ADMISSION_ORDER,L_REDSTAR
CELF,FULLY_SCHEDULED,SF_S4_C07_M03,SensorFast,826,0.8910463861920173,CANONICAL_INPUT_ID_NOT_PROVEN_ADMISSION_ORDER,L_REDSTAR
CELF,FULLY_SCHEDULED,SF_S4_C07_M04,SensorFast,827,0.8921251348435815,CANONICAL_INPUT_ID_NOT_PROVEN_ADMISSION_ORDER,L_REDSTAR
CELF,FULLY_SCHEDULED,SF_S4_C08_M01,SensorFast,828,0.8932038834951457,CANONICAL_INPUT_ID_NOT_PROVEN_ADMISSION_ORDER,L_REDSTAR
CELF,FULLY_SCHEDULED,SF_S4_C08_M02,SensorFast,829,0.8942826321467098,CANONICAL_INPUT_ID_NOT_PROVEN_ADMISSION_ORDER,L_REDSTAR
CELF,FULLY_SCHEDULED,SF_S4_C08_M03,SensorFast,830,0.895361380798274,CANONICAL_INPUT_ID_NOT_PROVEN_ADMISSION_ORDER,L_REDSTAR
CELF,FULLY_SCHEDULED,SF_S4_C08_M04,SensorFast,831,0.8964401294498382,CANONICAL_INPUT_ID_NOT_PROVEN_ADMISSION_ORDER,L_REDSTAR
CELF,FULLY_SCHEDULED,SF_S4_C09_M01,SensorFast,832,0.8975188781014024,CANONICAL_INPUT_ID_NOT_PROVEN_ADMISSION_ORDER,L_REDSTAR
CELF,FULLY_SCHEDULED,SF_S4_C09_M02,SensorFast,833,0.8985976267529665,CANONICAL_INPUT_ID_NOT_PROVEN_ADMISSION_ORDER,L_REDSTAR
CELF,FULLY_SCHEDULED,SF_S4_C09_M03,SensorFast,834,0.8996763754045307,CANONICAL_INPUT_ID_NOT_PROVEN_ADMISSION_ORDER,L_REDSTAR
CELF,FULLY_SCHEDULED,SF_S4_C09_M04,SensorFast,835,0.9007551240560949,CANONICAL_INPUT_ID_NOT_PROVEN_ADMISSION_ORDER,L_REDSTAR
CELF,FULLY_SCHEDULED,SF_S4_C10_M01,SensorFast,836,0.9018338727076591,CANONICAL_INPUT_ID_NOT_PROVEN_ADMISSION_ORDER,L_REDSTAR
CELF,FULLY_SCHEDULED,SF_S4_C10_M02,SensorFast,837,0.9029126213592233,CANONICAL_INPUT_ID_NOT_PROVEN_ADMISSION_ORDER,L_REDSTAR
CELF,FULLY_SCHEDULED,SF_S4_C10_M03,SensorFast,838,0.9039913700107874,CANONICAL_INPUT_ID_NOT_PROVEN_ADMISSION_ORDER,L_REDSTAR
CELF,FULLY_SCHEDULED,SF_S4_C10_M04,SensorFast,839,0.9050701186623517,CANONICAL_INPUT_ID_NOT_PROVEN_ADMISSION_ORDER,L_REDSTAR
CELF,FULLY_SCHEDULED,SF_S4_C11_M01,SensorFast,840,0.9061488673139159,CANONICAL_INPUT_ID_NOT_PROVEN_ADMISSION_ORDER,L_REDSTAR
CELF,FULLY_SCHEDULED,SF_S4_C11_M02,SensorFast,841,0.9072276159654801,CANONICAL_INPUT_ID_NOT_PROVEN_ADMISSION_ORDER,L_REDSTAR
CELF,FULLY_SCHEDULED,SF_S4_C11_M03,SensorFast,842,0.9083063646170443,CANONICAL_INPUT_ID_NOT_PROVEN_ADMISSION_ORDER,L_REDSTAR
CELF,FULLY_SCHEDULED,SF_S4_C11_M04,SensorFast,843,0.9093851132686084,CANONICAL_INPUT_ID_NOT_PROVEN_ADMISSION_ORDER,L_REDSTAR
CELF,FULLY_SCHEDULED,SF_S4_C12_M01,SensorFast,844,0.9104638619201726,CANONICAL_INPUT_ID_NOT_PROVEN_ADMISSION_ORDER,L_REDSTAR
CELF,FULLY_SCHEDULED,SF_S4_C12_M02,SensorFast,845,0.9115426105717368,CANONICAL_INPUT_ID_NOT_PROVEN_ADMISSION_ORDER,L_REDSTAR
CELF,FULLY_SCHEDULED,SF_S4_C12_M03,SensorFast,846,0.912621359223301,CANONICAL_INPUT_ID_NOT_PROVEN_ADMISSION_ORDER,L_REDSTAR
CELF,FULLY_SCHEDULED,SF_S4_C12_M04,SensorFast,847,0.9137001078748651,CANONICAL_INPUT_ID_NOT_PROVEN_ADMISSION_ORDER,L_REDSTAR
CELF,FULLY_SCHEDULED,SF_S4_C13_M01,SensorFast,848,0.9147788565264293,CANONICAL_INPUT_ID_NOT_PROVEN_ADMISSION_ORDER,L_REDSTAR
CELF,FULLY_SCHEDULED,SF_S4_C13_M02,SensorFast,849,0.9158576051779935,CANONICAL_INPUT_ID_NOT_PROVEN_ADMISSION_ORDER,L_REDSTAR
CELF,FULLY_SCHEDULED,SF_S4_C13_M03,SensorFast,850,0.9169363538295577,CANONICAL_INPUT_ID_NOT_PROVEN_ADMISSION_ORDER,L_REDSTAR
CELF,FULLY_SCHEDULED,SF_S4_C13_M04,SensorFast,851,0.918015102481122,CANONICAL_INPUT_ID_NOT_PROVEN_ADMISSION_ORDER,L_REDSTAR
CELF,FULLY_SCHEDULED,SF_S4_C14_M01,SensorFast,852,0.919093851132686,CANONICAL_INPUT_ID_NOT_PROVEN_ADMISSION_ORDER,L_REDSTAR
CELF,FULLY_SCHEDULED,SF_S4_C14_M02,SensorFast,853,0.9201725997842503,CANONICAL_INPUT_ID_NOT_PROVEN_ADMISSION_ORDER,L_REDSTAR
CELF,FULLY_SCHEDULED,SF_S4_C14_M03,SensorFast,854,0.9212513484358145,CANONICAL_INPUT_ID_NOT_PROVEN_ADMISSION_ORDER,L_REDSTAR
CELF,FULLY_SCHEDULED,SF_S4_C14_M04,SensorFast,855,0.9223300970873787,CANONICAL_INPUT_ID_NOT_PROVEN_ADMISSION_ORDER,L_REDSTAR
CELF,FULLY_SCHEDULED,SF_S4_C15_M01,SensorFast,856,0.9234088457389428,CANONICAL_INPUT_ID_NOT_PROVEN_ADMISSION_ORDER,L_REDSTAR
CELF,FULLY_SCHEDULED,SF_S4_C15_M02,SensorFast,857,0.924487594390507,CANONICAL_INPUT_ID_NOT_PROVEN_ADMISSION_ORDER,L_REDSTAR
CELF,FULLY_SCHEDULED,SF_S4_C15_M03,SensorFast,858,0.9255663430420712,CANONICAL_INPUT_ID_NOT_PROVEN_ADMISSION_ORDER,L_REDSTAR
CELF,FULLY_SCHEDULED,SF_S4_C15_M04,SensorFast,859,0.9266450916936354,CANONICAL_INPUT_ID_NOT_PROVEN_ADMISSION_ORDER,L_REDSTAR
CELF,FULLY_SCHEDULED,SF_S4_C16_M01,SensorFast,860,0.9277238403451996,CANONICAL_INPUT_ID_NOT_PROVEN_ADMISSION_ORDER,L_REDSTAR
CELF,FULLY_SCHEDULED,SF_S4_C16_M02,SensorFast,861,0.9288025889967637,CANONICAL_INPUT_ID_NOT_PROVEN_ADMISSION_ORDER,L_REDSTAR
CELF,FULLY_SCHEDULED,SF_S4_C16_M03,SensorFast,862,0.9298813376483279,CANONICAL_INPUT_ID_NOT_PROVEN_ADMISSION_ORDER,L_REDSTAR
CELF,FULLY_SCHEDULED,SF_S4_C16_M04,SensorFast,863,0.9309600862998921,CANONICAL_INPUT_ID_NOT_PROVEN_ADMISSION_ORDER,L_REDSTAR
CELF,FULLY_SCHEDULED,STAT_PLC_C01_M01,MachineStatus,864,0.9320388349514563,CANONICAL_INPUT_ID_NOT_PROVEN_ADMISSION_ORDER,L_REDSTAR
CELF,FULLY_SCHEDULED,STAT_PLC_C01_M02,MachineStatus,865,0.9331175836030206,CANONICAL_INPUT_ID_NOT_PROVEN_ADMISSION_ORDER,L_REDSTAR
CELF,FULLY_SCHEDULED,STAT_PLC_C01_M03,MachineStatus,866,0.9341963322545846,CANONICAL_INPUT_ID_NOT_PROVEN_ADMISSION_ORDER,L_REDSTAR
CELF,FULLY_SCHEDULED,STAT_PLC_C01_M04,MachineStatus,867,0.9352750809061489,CANONICAL_INPUT_ID_NOT_PROVEN_ADMISSION_ORDER,L_REDSTAR
CELF,FULLY_SCHEDULED,STAT_PLC_C02_M01,MachineStatus,868,0.9363538295577131,CANONICAL_INPUT_ID_NOT_PROVEN_ADMISSION_ORDER,L_REDSTAR
CELF,FULLY_SCHEDULED,STAT_PLC_C02_M02,MachineStatus,869,0.9374325782092773,CANONICAL_INPUT_ID_NOT_PROVEN_ADMISSION_ORDER,L_REDSTAR
CELF,FULLY_SCHEDULED,STAT_PLC_C02_M03,MachineStatus,870,0.9385113268608414,CANONICAL_INPUT_ID_NOT_PROVEN_ADMISSION_ORDER,L_REDSTAR
CELF,FULLY_SCHEDULED,STAT_PLC_C02_M04,MachineStatus,871,0.9395900755124056,CANONICAL_INPUT_ID_NOT_PROVEN_ADMISSION_ORDER,L_REDSTAR
CELF,FULLY_SCHEDULED,STAT_PLC_C03_M01,MachineStatus,872,0.9406688241639698,CANONICAL_INPUT_ID_NOT_PROVEN_ADMISSION_ORDER,L_REDSTAR
CELF,FULLY_SCHEDULED,STAT_PLC_C03_M02,MachineStatus,873,0.941747572815534,CANONICAL_INPUT_ID_NOT_PROVEN_ADMISSION_ORDER,L_REDSTAR
CELF,FULLY_SCHEDULED,STAT_PLC_C03_M03,MachineStatus,874,0.9428263214670982,CANONICAL_INPUT_ID_NOT_PROVEN_ADMISSION_ORDER,L_REDSTAR
CELF,FULLY_SCHEDULED,STAT_PLC_C03_M04,MachineStatus,875,0.9439050701186623,CANONICAL_INPUT_ID_NOT_PROVEN_ADMISSION_ORDER,L_REDSTAR
CELF,FULLY_SCHEDULED,STAT_PLC_C04_M01,MachineStatus,876,0.9449838187702265,CANONICAL_INPUT_ID_NOT_PROVEN_ADMISSION_ORDER,L_REDSTAR
CELF,FULLY_SCHEDULED,STAT_PLC_C04_M02,MachineStatus,877,0.9460625674217907,CANONICAL_INPUT_ID_NOT_PROVEN_ADMISSION_ORDER,L_REDSTAR
CELF,FULLY_SCHEDULED,STAT_PLC_C04_M03,MachineStatus,878,0.9471413160733549,CANONICAL_INPUT_ID_NOT_PROVEN_ADMISSION_ORDER,L_REDSTAR
CELF,FULLY_SCHEDULED,STAT_PLC_C04_M04,MachineStatus,879,0.948220064724919,CANONICAL_INPUT_ID_NOT_PROVEN_ADMISSION_ORDER,L_REDSTAR
CELF,FULLY_SCHEDULED,STAT_PLC_C05_M01,MachineStatus,880,0.9492988133764833,CANONICAL_INPUT_ID_NOT_PROVEN_ADMISSION_ORDER,L_REDSTAR
CELF,FULLY_SCHEDULED,STAT_PLC_C05_M02,MachineStatus,881,0.9503775620280475,CANONICAL_INPUT_ID_NOT_PROVEN_ADMISSION_ORDER,L_REDSTAR
CELF,FULLY_SCHEDULED,STAT_PLC_C05_M03,MachineStatus,882,0.9514563106796117,CANONICAL_INPUT_ID_NOT_PROVEN_ADMISSION_ORDER,L_REDSTAR
CELF,FULLY_SCHEDULED,STAT_PLC_C05_M04,MachineStatus,883,0.9525350593311759,CANONICAL_INPUT_ID_NOT_PROVEN_ADMISSION_ORDER,L_REDSTAR
CELF,FULLY_SCHEDULED,STAT_PLC_C06_M01,MachineStatus,884,0.95361380798274,CANONICAL_INPUT_ID_NOT_PROVEN_ADMISSION_ORDER,L_REDSTAR
CELF,FULLY_SCHEDULED,STAT_PLC_C06_M02,MachineStatus,885,0.9546925566343042,CANONICAL_INPUT_ID_NOT_PROVEN_ADMISSION_ORDER,L_REDSTAR
CELF,FULLY_SCHEDULED,STAT_PLC_C06_M03,MachineStatus,886,0.9557713052858684,CANONICAL_INPUT_ID_NOT_PROVEN_ADMISSION_ORDER,L_REDSTAR
CELF,FULLY_SCHEDULED,STAT_PLC_C06_M04,MachineStatus,887,0.9568500539374326,CANONICAL_INPUT_ID_NOT_PROVEN_ADMISSION_ORDER,L_REDSTAR
CELF,FULLY_SCHEDULED,STAT_PLC_C07_M01,MachineStatus,888,0.9579288025889967,CANONICAL_INPUT_ID_NOT_PROVEN_ADMISSION_ORDER,L_REDSTAR
CELF,FULLY_SCHEDULED,STAT_PLC_C07_M02,MachineStatus,889,0.9590075512405609,CANONICAL_INPUT_ID_NOT_PROVEN_ADMISSION_ORDER,L_REDSTAR
CELF,FULLY_SCHEDULED,STAT_PLC_C07_M03,MachineStatus,890,0.9600862998921251,CANONICAL_INPUT_ID_NOT_PROVEN_ADMISSION_ORDER,L_REDSTAR
CELF,FULLY_SCHEDULED,STAT_PLC_C07_M04,MachineStatus,891,0.9611650485436893,CANONICAL_INPUT_ID_NOT_PROVEN_ADMISSION_ORDER,L_REDSTAR
CELF,FULLY_SCHEDULED,STAT_PLC_C08_M01,MachineStatus,892,0.9622437971952535,CANONICAL_INPUT_ID_NOT_PROVEN_ADMISSION_ORDER,L_REDSTAR
CELF,FULLY_SCHEDULED,STAT_PLC_C08_M02,MachineStatus,893,0.9633225458468176,CANONICAL_INPUT_ID_NOT_PROVEN_ADMISSION_ORDER,L_REDSTAR
CELF,FULLY_SCHEDULED,STAT_PLC_C08_M03,MachineStatus,894,0.9644012944983819,CANONICAL_INPUT_ID_NOT_PROVEN_ADMISSION_ORDER,L_REDSTAR
CELF,FULLY_SCHEDULED,STAT_PLC_C08_M04,MachineStatus,895,0.9654800431499461,CANONICAL_INPUT_ID_NOT_PROVEN_ADMISSION_ORDER,L_REDSTAR
CELF,FULLY_SCHEDULED,STAT_PLC_C09_M01,MachineStatus,896,0.9665587918015103,CANONICAL_INPUT_ID_NOT_PROVEN_ADMISSION_ORDER,L_REDSTAR
CELF,FULLY_SCHEDULED,STAT_PLC_C09_M02,MachineStatus,897,0.9676375404530745,CANONICAL_INPUT_ID_NOT_PROVEN_ADMISSION_ORDER,L_REDSTAR
CELF,FULLY_SCHEDULED,STAT_PLC_C09_M03,MachineStatus,898,0.9687162891046386,CANONICAL_INPUT_ID_NOT_PROVEN_ADMISSION_ORDER,L_REDSTAR
CELF,FULLY_SCHEDULED,STAT_PLC_C09_M04,MachineStatus,899,0.9697950377562028,CANONICAL_INPUT_ID_NOT_PROVEN_ADMISSION_ORDER,L_REDSTAR
CELF,FULLY_SCHEDULED,STAT_PLC_C10_M01,MachineStatus,900,0.970873786407767,CANONICAL_INPUT_ID_NOT_PROVEN_ADMISSION_ORDER,L_REDSTAR
CELF,FULLY_SCHEDULED,STAT_PLC_C10_M02,MachineStatus,901,0.9719525350593312,CANONICAL_INPUT_ID_NOT_PROVEN_ADMISSION_ORDER,L_REDSTAR
CELF,FULLY_SCHEDULED,STAT_PLC_C10_M03,MachineStatus,902,0.9730312837108953,CANONICAL_INPUT_ID_NOT_PROVEN_ADMISSION_ORDER,L_REDSTAR
CELF,FULLY_SCHEDULED,STAT_PLC_C10_M04,MachineStatus,903,0.9741100323624595,CANONICAL_INPUT_ID_NOT_PROVEN_ADMISSION_ORDER,L_REDSTAR
CELF,FULLY_SCHEDULED,STAT_PLC_C11_M01,MachineStatus,904,0.9751887810140237,CANONICAL_INPUT_ID_NOT_PROVEN_ADMISSION_ORDER,L_REDSTAR
CELF,FULLY_SCHEDULED,STAT_PLC_C11_M02,MachineStatus,905,0.9762675296655879,CANONICAL_INPUT_ID_NOT_PROVEN_ADMISSION_ORDER,L_REDSTAR
CELF,FULLY_SCHEDULED,STAT_PLC_C11_M03,MachineStatus,906,0.9773462783171522,CANONICAL_INPUT_ID_NOT_PROVEN_ADMISSION_ORDER,L_REDSTAR
CELF,FULLY_SCHEDULED,STAT_PLC_C11_M04,MachineStatus,907,0.9784250269687162,CANONICAL_INPUT_ID_NOT_PROVEN_ADMISSION_ORDER,L_REDSTAR
CELF,FULLY_SCHEDULED,STAT_PLC_C12_M01,MachineStatus,908,0.9795037756202805,CANONICAL_INPUT_ID_NOT_PROVEN_ADMISSION_ORDER,L_REDSTAR
CELF,FULLY_SCHEDULED,STAT_PLC_C12_M02,MachineStatus,909,0.9805825242718447,CANONICAL_INPUT_ID_NOT_PROVEN_ADMISSION_ORDER,L_REDSTAR
CELF,FULLY_SCHEDULED,STAT_PLC_C12_M03,MachineStatus,910,0.9816612729234089,CANONICAL_INPUT_ID_NOT_PROVEN_ADMISSION_ORDER,L_REDSTAR
CELF,FULLY_SCHEDULED,STAT_PLC_C12_M04,MachineStatus,911,0.982740021574973,CANONICAL_INPUT_ID_NOT_PROVEN_ADMISSION_ORDER,L_REDSTAR
CELF,FULLY_SCHEDULED,STAT_PLC_C13_M01,MachineStatus,912,0.9838187702265372,CANONICAL_INPUT_ID_NOT_PROVEN_ADMISSION_ORDER,L_REDSTAR
CELF,FULLY_SCHEDULED,STAT_PLC_C13_M02,MachineStatus,913,0.9848975188781014,CANONICAL_INPUT_ID_NOT_PROVEN_ADMISSION_ORDER,L_REDSTAR
CELF,FULLY_SCHEDULED,STAT_PLC_C13_M03,MachineStatus,914,0.9859762675296656,CANONICAL_INPUT_ID_NOT_PROVEN_ADMISSION_ORDER,L_REDSTAR
CELF,FULLY_SCHEDULED,STAT_PLC_C13_M04,MachineStatus,915,0.9870550161812298,CANONICAL_INPUT_ID_NOT_PROVEN_ADMISSION_ORDER,L_REDSTAR
CELF,FULLY_SCHEDULED,STAT_PLC_C14_M01,MachineStatus,916,0.9881337648327939,CANONICAL_INPUT_ID_NOT_PROVEN_ADMISSION_ORDER,L_REDSTAR
CELF,FULLY_SCHEDULED,STAT_PLC_C14_M02,MachineStatus,917,0.9892125134843581,CANONICAL_INPUT_ID_NOT_PROVEN_ADMISSION_ORDER,L_REDSTAR
CELF,FULLY_SCHEDULED,STAT_PLC_C14_M03,MachineStatus,918,0.9902912621359223,CANONICAL_INPUT_ID_NOT_PROVEN_ADMISSION_ORDER,L_REDSTAR
CELF,FULLY_SCHEDULED,STAT_PLC_C14_M04,MachineStatus,919,0.9913700107874865,CANONICAL_INPUT_ID_NOT_PROVEN_ADMISSION_ORDER,L_REDSTAR
CELF,FULLY_SCHEDULED,STAT_PLC_C15_M01,MachineStatus,920,0.9924487594390508,CANONICAL_INPUT_ID_NOT_PROVEN_ADMISSION_ORDER,L_REDSTAR
CELF,FULLY_SCHEDULED,STAT_PLC_C15_M02,MachineStatus,921,0.9935275080906149,CANONICAL_INPUT_ID_NOT_PROVEN_ADMISSION_ORDER,L_REDSTAR
CELF,FULLY_SCHEDULED,STAT_PLC_C15_M03,MachineStatus,922,0.9946062567421791,CANONICAL_INPUT_ID_NOT_PROVEN_ADMISSION_ORDER,L_REDSTAR
CELF,FULLY_SCHEDULED,STAT_PLC_C15_M04,MachineStatus,923,0.9956850053937433,CANONICAL_INPUT_ID_NOT_PROVEN_ADMISSION_ORDER,L_REDSTAR
CELF,FULLY_SCHEDULED,STAT_PLC_C16_M01,MachineStatus,924,0.9967637540453075,CANONICAL_INPUT_ID_NOT_PROVEN_ADMISSION_ORDER,L_REDSTAR
CELF,FULLY_SCHEDULED,STAT_PLC_C16_M02,MachineStatus,925,0.9978425026968716,CANONICAL_INPUT_ID_NOT_PROVEN_ADMISSION_ORDER,L_REDSTAR
CELF,FULLY_SCHEDULED,STAT_PLC_C16_M03,MachineStatus,926,0.9989212513484358,CANONICAL_INPUT_ID_NOT_PROVEN_ADMISSION_ORDER,L_REDSTAR
CELF,FULLY_SCHEDULED,STAT_PLC_C16_M04,MachineStatus,927,1.0,CANONICAL_INPUT_ID_NOT_PROVEN_ADMISSION_ORDER,L_REDSTAR
H2S,FULLY_SCHEDULED,CMD_PLC_C01_M01_A1_C01_M01,ControlCommand,0,0.0,CANONICAL_INPUT_ID_NOT_PROVEN_ADMISSION_ORDER,L_ROR
H2S,FULLY_SCHEDULED,CMD_PLC_C01_M01_A2_C01_M01,ControlCommand,1,0.0010787486515641855,CANONICAL_INPUT_ID_NOT_PROVEN_ADMISSION_ORDER,L_ROR
H2S,FULLY_SCHEDULED,CMD_PLC_C01_M01_A3_C01_M01,ControlCommand,2,0.002157497303128371,CANONICAL_INPUT_ID_NOT_PROVEN_ADMISSION_ORDER,L_ROR
H2S,FULLY_SCHEDULED,CMD_PLC_C01_M01_A4_C01_M01,ControlCommand,3,0.003236245954692557,CANONICAL_INPUT_ID_NOT_PROVEN_ADMISSION_ORDER,L_ROR
H2S,FULLY_SCHEDULED,CMD_PLC_C01_M02_A1_C01_M02,ControlCommand,4,0.004314994606256742,CANONICAL_INPUT_ID_NOT_PROVEN_ADMISSION_ORDER,L_ROR
H2S,FULLY_SCHEDULED,CMD_PLC_C01_M02_A2_C01_M02,ControlCommand,5,0.005393743257820928,CANONICAL_INPUT_ID_NOT_PROVEN_ADMISSION_ORDER,L_ROR
H2S,FULLY_SCHEDULED,CMD_PLC_C01_M02_A3_C01_M02,ControlCommand,6,0.006472491909385114,CANONICAL_INPUT_ID_NOT_PROVEN_ADMISSION_ORDER,L_ROR
H2S,FULLY_SCHEDULED,CMD_PLC_C01_M02_A4_C01_M02,ControlCommand,7,0.007551240560949299,CANONICAL_INPUT_ID_NOT_PROVEN_ADMISSION_ORDER,L_ROR
H2S,FULLY_SCHEDULED,CMD_PLC_C01_M03_A1_C01_M03,ControlCommand,8,0.008629989212513484,CANONICAL_INPUT_ID_NOT_PROVEN_ADMISSION_ORDER,L_ROR
H2S,FULLY_SCHEDULED,CMD_PLC_C01_M03_A2_C01_M03,ControlCommand,9,0.009708737864077669,CANONICAL_INPUT_ID_NOT_PROVEN_ADMISSION_ORDER,L_ROR
H2S,FULLY_SCHEDULED,CMD_PLC_C01_M03_A3_C01_M03,ControlCommand,10,0.010787486515641856,CANONICAL_INPUT_ID_NOT_PROVEN_ADMISSION_ORDER,L_ROR
H2S,FULLY_SCHEDULED,CMD_PLC_C01_M03_A4_C01_M03,ControlCommand,11,0.011866235167206042,CANONICAL_INPUT_ID_NOT_PROVEN_ADMISSION_ORDER,L_ROR
H2S,FULLY_SCHEDULED,CMD_PLC_C01_M04_A1_C01_M04,ControlCommand,12,0.012944983818770227,CANONICAL_INPUT_ID_NOT_PROVEN_ADMISSION_ORDER,L_ROR
H2S,FULLY_SCHEDULED,CMD_PLC_C01_M04_A2_C01_M04,ControlCommand,13,0.014023732470334413,CANONICAL_INPUT_ID_NOT_PROVEN_ADMISSION_ORDER,L_ROR
H2S,FULLY_SCHEDULED,CMD_PLC_C01_M04_A3_C01_M04,ControlCommand,14,0.015102481121898598,CANONICAL_INPUT_ID_NOT_PROVEN_ADMISSION_ORDER,L_ROR
H2S,FULLY_SCHEDULED,CMD_PLC_C01_M04_A4_C01_M04,ControlCommand,15,0.016181229773462782,CANONICAL_INPUT_ID_NOT_PROVEN_ADMISSION_ORDER,L_ROR
H2S,FULLY_SCHEDULED,CMD_PLC_C02_M01_A1_C02_M01,ControlCommand,16,0.017259978425026967,CANONICAL_INPUT_ID_NOT_PROVEN_ADMISSION_ORDER,L_ROR
H2S,FULLY_SCHEDULED,CMD_PLC_C02_M01_A2_C02_M01,ControlCommand,17,0.018338727076591153,CANONICAL_INPUT_ID_NOT_PROVEN_ADMISSION_ORDER,L_ROR
H2S,FULLY_SCHEDULED,CMD_PLC_C02_M01_A3_C02_M01,ControlCommand,18,0.019417475728155338,CANONICAL_INPUT_ID_NOT_PROVEN_ADMISSION_ORDER,L_ROR
H2S,FULLY_SCHEDULED,CMD_PLC_C02_M01_A4_C02_M01,ControlCommand,19,0.020496224379719527,CANONICAL_INPUT_ID_NOT_PROVEN_ADMISSION_ORDER,L_ROR
H2S,FULLY_SCHEDULED,CMD_PLC_C02_M02_A1_C02_M02,ControlCommand,20,0.021574973031283712,CANONICAL_INPUT_ID_NOT_PROVEN_ADMISSION_ORDER,L_ROR
H2S,FULLY_SCHEDULED,CMD_PLC_C02_M02_A2_C02_M02,ControlCommand,21,0.022653721682847898,CANONICAL_INPUT_ID_NOT_PROVEN_ADMISSION_ORDER,L_ROR
H2S,FULLY_SCHEDULED,CMD_PLC_C02_M02_A3_C02_M02,ControlCommand,22,0.023732470334412083,CANONICAL_INPUT_ID_NOT_PROVEN_ADMISSION_ORDER,L_ROR
H2S,FULLY_SCHEDULED,CMD_PLC_C02_M02_A4_C02_M02,ControlCommand,23,0.02481121898597627,CANONICAL_INPUT_ID_NOT_PROVEN_ADMISSION_ORDER,L_ROR
H2S,FULLY_SCHEDULED,CMD_PLC_C02_M03_A1_C02_M03,ControlCommand,24,0.025889967637540454,CANONICAL_INPUT_ID_NOT_PROVEN_ADMISSION_ORDER,L_ROR
H2S,FULLY_SCHEDULED,CMD_PLC_C02_M03_A2_C02_M03,ControlCommand,25,0.02696871628910464,CANONICAL_INPUT_ID_NOT_PROVEN_ADMISSION_ORDER,L_ROR
H2S,FULLY_SCHEDULED,CMD_PLC_C02_M03_A3_C02_M03,ControlCommand,26,0.028047464940668825,CANONICAL_INPUT_ID_NOT_PROVEN_ADMISSION_ORDER,L_ROR
H2S,FULLY_SCHEDULED,CMD_PLC_C02_M03_A4_C02_M03,ControlCommand,27,0.02912621359223301,CANONICAL_INPUT_ID_NOT_PROVEN_ADMISSION_ORDER,L_ROR
H2S,FULLY_SCHEDULED,CMD_PLC_C02_M04_A1_C02_M04,ControlCommand,28,0.030204962243797196,CANONICAL_INPUT_ID_NOT_PROVEN_ADMISSION_ORDER,L_ROR
H2S,FULLY_SCHEDULED,CMD_PLC_C02_M04_A2_C02_M04,ControlCommand,29,0.03128371089536138,CANONICAL_INPUT_ID_NOT_PROVEN_ADMISSION_ORDER,L_ROR
H2S,FULLY_SCHEDULED,CMD_PLC_C02_M04_A3_C02_M04,ControlCommand,30,0.032362459546925564,CANONICAL_INPUT_ID_NOT_PROVEN_ADMISSION_ORDER,L_ROR
H2S,ZERO_SCHEDULED,CMD_PLC_C02_M04_A4_C02_M04,ControlCommand,31,0.03344120819848975,CANONICAL_INPUT_ID_NOT_PROVEN_ADMISSION_ORDER,L_ROR
H2S,FULLY_SCHEDULED,CMD_PLC_C03_M01_A1_C03_M01,ControlCommand,32,0.034519956850053934,CANONICAL_INPUT_ID_NOT_PROVEN_ADMISSION_ORDER,L_ROR
H2S,FULLY_SCHEDULED,CMD_PLC_C03_M01_A2_C03_M01,ControlCommand,33,0.03559870550161812,CANONICAL_INPUT_ID_NOT_PROVEN_ADMISSION_ORDER,L_ROR
H2S,FULLY_SCHEDULED,CMD_PLC_C03_M01_A3_C03_M01,ControlCommand,34,0.036677454153182305,CANONICAL_INPUT_ID_NOT_PROVEN_ADMISSION_ORDER,L_ROR
H2S,FULLY_SCHEDULED,CMD_PLC_C03_M01_A4_C03_M01,ControlCommand,35,0.037756202804746494,CANONICAL_INPUT_ID_NOT_PROVEN_ADMISSION_ORDER,L_ROR
H2S,FULLY_SCHEDULED,CMD_PLC_C03_M02_A1_C03_M02,ControlCommand,36,0.038834951456310676,CANONICAL_INPUT_ID_NOT_PROVEN_ADMISSION_ORDER,L_ROR
H2S,FULLY_SCHEDULED,CMD_PLC_C03_M02_A2_C03_M02,ControlCommand,37,0.039913700107874865,CANONICAL_INPUT_ID_NOT_PROVEN_ADMISSION_ORDER,L_ROR
H2S,FULLY_SCHEDULED,CMD_PLC_C03_M02_A3_C03_M02,ControlCommand,38,0.040992448759439054,CANONICAL_INPUT_ID_NOT_PROVEN_ADMISSION_ORDER,L_ROR
H2S,FULLY_SCHEDULED,CMD_PLC_C03_M02_A4_C03_M02,ControlCommand,39,0.042071197411003236,CANONICAL_INPUT_ID_NOT_PROVEN_ADMISSION_ORDER,L_ROR
H2S,FULLY_SCHEDULED,CMD_PLC_C03_M03_A1_C03_M03,ControlCommand,40,0.043149946062567425,CANONICAL_INPUT_ID_NOT_PROVEN_ADMISSION_ORDER,L_ROR
H2S,FULLY_SCHEDULED,CMD_PLC_C03_M03_A2_C03_M03,ControlCommand,41,0.04422869471413161,CANONICAL_INPUT_ID_NOT_PROVEN_ADMISSION_ORDER,L_ROR
H2S,FULLY_SCHEDULED,CMD_PLC_C03_M03_A3_C03_M03,ControlCommand,42,0.045307443365695796,CANONICAL_INPUT_ID_NOT_PROVEN_ADMISSION_ORDER,L_ROR
H2S,FULLY_SCHEDULED,CMD_PLC_C03_M03_A4_C03_M03,ControlCommand,43,0.04638619201725998,CANONICAL_INPUT_ID_NOT_PROVEN_ADMISSION_ORDER,L_ROR
H2S,FULLY_SCHEDULED,CMD_PLC_C03_M04_A1_C03_M04,ControlCommand,44,0.04746494066882417,CANONICAL_INPUT_ID_NOT_PROVEN_ADMISSION_ORDER,L_ROR
H2S,FULLY_SCHEDULED,CMD_PLC_C03_M04_A2_C03_M04,ControlCommand,45,0.04854368932038835,CANONICAL_INPUT_ID_NOT_PROVEN_ADMISSION_ORDER,L_ROR
H2S,FULLY_SCHEDULED,CMD_PLC_C03_M04_A3_C03_M04,ControlCommand,46,0.04962243797195254,CANONICAL_INPUT_ID_NOT_PROVEN_ADMISSION_ORDER,L_ROR
H2S,FULLY_SCHEDULED,CMD_PLC_C03_M04_A4_C03_M04,ControlCommand,47,0.05070118662351672,CANONICAL_INPUT_ID_NOT_PROVEN_ADMISSION_ORDER,L_ROR
H2S,FULLY_SCHEDULED,CMD_PLC_C04_M01_A1_C04_M01,ControlCommand,48,0.05177993527508091,CANONICAL_INPUT_ID_NOT_PROVEN_ADMISSION_ORDER,L_ROR
H2S,FULLY_SCHEDULED,CMD_PLC_C04_M01_A2_C04_M01,ControlCommand,49,0.05285868392664509,CANONICAL_INPUT_ID_NOT_PROVEN_ADMISSION_ORDER,L_ROR
H2S,FULLY_SCHEDULED,CMD_PLC_C04_M01_A3_C04_M01,ControlCommand,50,0.05393743257820928,CANONICAL_INPUT_ID_NOT_PROVEN_ADMISSION_ORDER,L_ROR
H2S,FULLY_SCHEDULED,CMD_PLC_C04_M01_A4_C04_M01,ControlCommand,51,0.05501618122977346,CANONICAL_INPUT_ID_NOT_PROVEN_ADMISSION_ORDER,L_ROR
H2S,FULLY_SCHEDULED,CMD_PLC_C04_M02_A1_C04_M02,ControlCommand,52,0.05609492988133765,CANONICAL_INPUT_ID_NOT_PROVEN_ADMISSION_ORDER,L_ROR
H2S,FULLY_SCHEDULED,CMD_PLC_C04_M02_A2_C04_M02,ControlCommand,53,0.05717367853290183,CANONICAL_INPUT_ID_NOT_PROVEN_ADMISSION_ORDER,L_ROR
H2S,FULLY_SCHEDULED,CMD_PLC_C04_M02_A3_C04_M02,ControlCommand,54,0.05825242718446602,CANONICAL_INPUT_ID_NOT_PROVEN_ADMISSION_ORDER,L_ROR
H2S,FULLY_SCHEDULED,CMD_PLC_C04_M02_A4_C04_M02,ControlCommand,55,0.0593311758360302,CANONICAL_INPUT_ID_NOT_PROVEN_ADMISSION_ORDER,L_ROR
H2S,FULLY_SCHEDULED,CMD_PLC_C04_M03_A1_C04_M03,ControlCommand,56,0.06040992448759439,CANONICAL_INPUT_ID_NOT_PROVEN_ADMISSION_ORDER,L_ROR
H2S,FULLY_SCHEDULED,CMD_PLC_C04_M03_A2_C04_M03,ControlCommand,57,0.061488673139158574,CANONICAL_INPUT_ID_NOT_PROVEN_ADMISSION_ORDER,L_ROR
H2S,FULLY_SCHEDULED,CMD_PLC_C04_M03_A3_C04_M03,ControlCommand,58,0.06256742179072276,CANONICAL_INPUT_ID_NOT_PROVEN_ADMISSION_ORDER,L_ROR
H2S,FULLY_SCHEDULED,CMD_PLC_C04_M03_A4_C04_M03,ControlCommand,59,0.06364617044228695,CANONICAL_INPUT_ID_NOT_PROVEN_ADMISSION_ORDER,L_ROR
H2S,FULLY_SCHEDULED,CMD_PLC_C04_M04_A1_C04_M04,ControlCommand,60,0.06472491909385113,CANONICAL_INPUT_ID_NOT_PROVEN_ADMISSION_ORDER,L_ROR
H2S,FULLY_SCHEDULED,CMD_PLC_C04_M04_A2_C04_M04,ControlCommand,61,0.06580366774541532,CANONICAL_INPUT_ID_NOT_PROVEN_ADMISSION_ORDER,L_ROR
H2S,FULLY_SCHEDULED,CMD_PLC_C04_M04_A3_C04_M04,ControlCommand,62,0.0668824163969795,CANONICAL_INPUT_ID_NOT_PROVEN_ADMISSION_ORDER,L_ROR
H2S,FULLY_SCHEDULED,CMD_PLC_C04_M04_A4_C04_M04,ControlCommand,63,0.06796116504854369,CANONICAL_INPUT_ID_NOT_PROVEN_ADMISSION_ORDER,L_ROR
H2S,FULLY_SCHEDULED,CMD_PLC_C05_M01_A1_C05_M01,ControlCommand,64,0.06903991370010787,CANONICAL_INPUT_ID_NOT_PROVEN_ADMISSION_ORDER,L_ROR
H2S,FULLY_SCHEDULED,CMD_PLC_C05_M01_A2_C05_M01,ControlCommand,65,0.07011866235167206,CANONICAL_INPUT_ID_NOT_PROVEN_ADMISSION_ORDER,L_ROR
H2S,FULLY_SCHEDULED,CMD_PLC_C05_M01_A3_C05_M01,ControlCommand,66,0.07119741100323625,CANONICAL_INPUT_ID_NOT_PROVEN_ADMISSION_ORDER,L_ROR
H2S,FULLY_SCHEDULED,CMD_PLC_C05_M01_A4_C05_M01,ControlCommand,67,0.07227615965480043,CANONICAL_INPUT_ID_NOT_PROVEN_ADMISSION_ORDER,L_ROR
H2S,FULLY_SCHEDULED,CMD_PLC_C05_M02_A1_C05_M02,ControlCommand,68,0.07335490830636461,CANONICAL_INPUT_ID_NOT_PROVEN_ADMISSION_ORDER,L_ROR
H2S,FULLY_SCHEDULED,CMD_PLC_C05_M02_A2_C05_M02,ControlCommand,69,0.0744336569579288,CANONICAL_INPUT_ID_NOT_PROVEN_ADMISSION_ORDER,L_ROR
H2S,FULLY_SCHEDULED,CMD_PLC_C05_M02_A3_C05_M02,ControlCommand,70,0.07551240560949299,CANONICAL_INPUT_ID_NOT_PROVEN_ADMISSION_ORDER,L_ROR
H2S,FULLY_SCHEDULED,CMD_PLC_C05_M02_A4_C05_M02,ControlCommand,71,0.07659115426105717,CANONICAL_INPUT_ID_NOT_PROVEN_ADMISSION_ORDER,L_ROR
H2S,FULLY_SCHEDULED,CMD_PLC_C05_M03_A1_C05_M03,ControlCommand,72,0.07766990291262135,CANONICAL_INPUT_ID_NOT_PROVEN_ADMISSION_ORDER,L_ROR
H2S,FULLY_SCHEDULED,CMD_PLC_C05_M03_A2_C05_M03,ControlCommand,73,0.07874865156418555,CANONICAL_INPUT_ID_NOT_PROVEN_ADMISSION_ORDER,L_ROR
H2S,FULLY_SCHEDULED,CMD_PLC_C05_M03_A3_C05_M03,ControlCommand,74,0.07982740021574973,CANONICAL_INPUT_ID_NOT_PROVEN_ADMISSION_ORDER,L_ROR
H2S,FULLY_SCHEDULED,CMD_PLC_C05_M03_A4_C05_M03,ControlCommand,75,0.08090614886731391,CANONICAL_INPUT_ID_NOT_PROVEN_ADMISSION_ORDER,L_ROR
H2S,FULLY_SCHEDULED,CMD_PLC_C05_M04_A1_C05_M04,ControlCommand,76,0.08198489751887811,CANONICAL_INPUT_ID_NOT_PROVEN_ADMISSION_ORDER,L_ROR
H2S,FULLY_SCHEDULED,CMD_PLC_C05_M04_A2_C05_M04,ControlCommand,77,0.08306364617044229,CANONICAL_INPUT_ID_NOT_PROVEN_ADMISSION_ORDER,L_ROR
H2S,FULLY_SCHEDULED,CMD_PLC_C05_M04_A3_C05_M04,ControlCommand,78,0.08414239482200647,CANONICAL_INPUT_ID_NOT_PROVEN_ADMISSION_ORDER,L_ROR
H2S,FULLY_SCHEDULED,CMD_PLC_C05_M04_A4_C05_M04,ControlCommand,79,0.08522114347357065,CANONICAL_INPUT_ID_NOT_PROVEN_ADMISSION_ORDER,L_ROR
H2S,FULLY_SCHEDULED,CMD_PLC_C06_M01_A1_C06_M01,ControlCommand,80,0.08629989212513485,CANONICAL_INPUT_ID_NOT_PROVEN_ADMISSION_ORDER,L_ROR
H2S,FULLY_SCHEDULED,CMD_PLC_C06_M01_A2_C06_M01,ControlCommand,81,0.08737864077669903,CANONICAL_INPUT_ID_NOT_PROVEN_ADMISSION_ORDER,L_ROR
H2S,FULLY_SCHEDULED,CMD_PLC_C06_M01_A3_C06_M01,ControlCommand,82,0.08845738942826321,CANONICAL_INPUT_ID_NOT_PROVEN_ADMISSION_ORDER,L_ROR
H2S,FULLY_SCHEDULED,CMD_PLC_C06_M01_A4_C06_M01,ControlCommand,83,0.0895361380798274,CANONICAL_INPUT_ID_NOT_PROVEN_ADMISSION_ORDER,L_ROR
H2S,FULLY_SCHEDULED,CMD_PLC_C06_M02_A1_C06_M02,ControlCommand,84,0.09061488673139159,CANONICAL_INPUT_ID_NOT_PROVEN_ADMISSION_ORDER,L_ROR
H2S,ZERO_SCHEDULED,CMD_PLC_C06_M02_A2_C06_M02,ControlCommand,85,0.09169363538295577,CANONICAL_INPUT_ID_NOT_PROVEN_ADMISSION_ORDER,L_ROR
H2S,FULLY_SCHEDULED,CMD_PLC_C06_M02_A3_C06_M02,ControlCommand,86,0.09277238403451996,CANONICAL_INPUT_ID_NOT_PROVEN_ADMISSION_ORDER,L_ROR
H2S,ZERO_SCHEDULED,CMD_PLC_C06_M02_A4_C06_M02,ControlCommand,87,0.09385113268608414,CANONICAL_INPUT_ID_NOT_PROVEN_ADMISSION_ORDER,L_ROR
H2S,FULLY_SCHEDULED,CMD_PLC_C06_M03_A1_C06_M03,ControlCommand,88,0.09492988133764833,CANONICAL_INPUT_ID_NOT_PROVEN_ADMISSION_ORDER,L_ROR
H2S,FULLY_SCHEDULED,CMD_PLC_C06_M03_A2_C06_M03,ControlCommand,89,0.09600862998921252,CANONICAL_INPUT_ID_NOT_PROVEN_ADMISSION_ORDER,L_ROR
H2S,FULLY_SCHEDULED,CMD_PLC_C06_M03_A3_C06_M03,ControlCommand,90,0.0970873786407767,CANONICAL_INPUT_ID_NOT_PROVEN_ADMISSION_ORDER,L_ROR
H2S,FULLY_SCHEDULED,CMD_PLC_C06_M03_A4_C06_M03,ControlCommand,91,0.09816612729234088,CANONICAL_INPUT_ID_NOT_PROVEN_ADMISSION_ORDER,L_ROR
H2S,FULLY_SCHEDULED,CMD_PLC_C06_M04_A1_C06_M04,ControlCommand,92,0.09924487594390508,CANONICAL_INPUT_ID_NOT_PROVEN_ADMISSION_ORDER,L_ROR
H2S,FULLY_SCHEDULED,CMD_PLC_C06_M04_A2_C06_M04,ControlCommand,93,0.10032362459546926,CANONICAL_INPUT_ID_NOT_PROVEN_ADMISSION_ORDER,L_ROR
H2S,FULLY_SCHEDULED,CMD_PLC_C06_M04_A3_C06_M04,ControlCommand,94,0.10140237324703344,CANONICAL_INPUT_ID_NOT_PROVEN_ADMISSION_ORDER,L_ROR
H2S,FULLY_SCHEDULED,CMD_PLC_C06_M04_A4_C06_M04,ControlCommand,95,0.10248112189859762,CANONICAL_INPUT_ID_NOT_PROVEN_ADMISSION_ORDER,L_ROR
H2S,FULLY_SCHEDULED,CMD_PLC_C07_M01_A1_C07_M01,ControlCommand,96,0.10355987055016182,CANONICAL_INPUT_ID_NOT_PROVEN_ADMISSION_ORDER,L_ROR
H2S,FULLY_SCHEDULED,CMD_PLC_C07_M01_A2_C07_M01,ControlCommand,97,0.104638619201726,CANONICAL_INPUT_ID_NOT_PROVEN_ADMISSION_ORDER,L_ROR
H2S,FULLY_SCHEDULED,CMD_PLC_C07_M01_A3_C07_M01,ControlCommand,98,0.10571736785329018,CANONICAL_INPUT_ID_NOT_PROVEN_ADMISSION_ORDER,L_ROR
H2S,FULLY_SCHEDULED,CMD_PLC_C07_M01_A4_C07_M01,ControlCommand,99,0.10679611650485436,CANONICAL_INPUT_ID_NOT_PROVEN_ADMISSION_ORDER,L_ROR
H2S,FULLY_SCHEDULED,CMD_PLC_C07_M02_A1_C07_M02,ControlCommand,100,0.10787486515641856,CANONICAL_INPUT_ID_NOT_PROVEN_ADMISSION_ORDER,L_ROR
H2S,FULLY_SCHEDULED,CMD_PLC_C07_M02_A2_C07_M02,ControlCommand,101,0.10895361380798274,CANONICAL_INPUT_ID_NOT_PROVEN_ADMISSION_ORDER,L_ROR
H2S,FULLY_SCHEDULED,CMD_PLC_C07_M02_A3_C07_M02,ControlCommand,102,0.11003236245954692,CANONICAL_INPUT_ID_NOT_PROVEN_ADMISSION_ORDER,L_ROR
H2S,FULLY_SCHEDULED,CMD_PLC_C07_M02_A4_C07_M02,ControlCommand,103,0.1111111111111111,CANONICAL_INPUT_ID_NOT_PROVEN_ADMISSION_ORDER,L_ROR
H2S,FULLY_SCHEDULED,CMD_PLC_C07_M03_A1_C07_M03,ControlCommand,104,0.1121898597626753,CANONICAL_INPUT_ID_NOT_PROVEN_ADMISSION_ORDER,L_ROR
H2S,FULLY_SCHEDULED,CMD_PLC_C07_M03_A2_C07_M03,ControlCommand,105,0.11326860841423948,CANONICAL_INPUT_ID_NOT_PROVEN_ADMISSION_ORDER,L_ROR
H2S,FULLY_SCHEDULED,CMD_PLC_C07_M03_A3_C07_M03,ControlCommand,106,0.11434735706580366,CANONICAL_INPUT_ID_NOT_PROVEN_ADMISSION_ORDER,L_ROR
H2S,FULLY_SCHEDULED,CMD_PLC_C07_M03_A4_C07_M03,ControlCommand,107,0.11542610571736785,CANONICAL_INPUT_ID_NOT_PROVEN_ADMISSION_ORDER,L_ROR
H2S,FULLY_SCHEDULED,CMD_PLC_C07_M04_A1_C07_M04,ControlCommand,108,0.11650485436893204,CANONICAL_INPUT_ID_NOT_PROVEN_ADMISSION_ORDER,L_ROR
H2S,FULLY_SCHEDULED,CMD_PLC_C07_M04_A2_C07_M04,ControlCommand,109,0.11758360302049622,CANONICAL_INPUT_ID_NOT_PROVEN_ADMISSION_ORDER,L_ROR
H2S,FULLY_SCHEDULED,CMD_PLC_C07_M04_A3_C07_M04,ControlCommand,110,0.1186623516720604,CANONICAL_INPUT_ID_NOT_PROVEN_ADMISSION_ORDER,L_ROR
H2S,FULLY_SCHEDULED,CMD_PLC_C07_M04_A4_C07_M04,ControlCommand,111,0.11974110032362459,CANONICAL_INPUT_ID_NOT_PROVEN_ADMISSION_ORDER,L_ROR
H2S,FULLY_SCHEDULED,CMD_PLC_C08_M01_A1_C08_M01,ControlCommand,112,0.12081984897518878,CANONICAL_INPUT_ID_NOT_PROVEN_ADMISSION_ORDER,L_ROR
H2S,FULLY_SCHEDULED,CMD_PLC_C08_M01_A2_C08_M01,ControlCommand,113,0.12189859762675297,CANONICAL_INPUT_ID_NOT_PROVEN_ADMISSION_ORDER,L_ROR
H2S,FULLY_SCHEDULED,CMD_PLC_C08_M01_A3_C08_M01,ControlCommand,114,0.12297734627831715,CANONICAL_INPUT_ID_NOT_PROVEN_ADMISSION_ORDER,L_ROR
H2S,FULLY_SCHEDULED,CMD_PLC_C08_M01_A4_C08_M01,ControlCommand,115,0.12405609492988134,CANONICAL_INPUT_ID_NOT_PROVEN_ADMISSION_ORDER,L_ROR
H2S,FULLY_SCHEDULED,CMD_PLC_C08_M02_A1_C08_M02,ControlCommand,116,0.12513484358144553,CANONICAL_INPUT_ID_NOT_PROVEN_ADMISSION_ORDER,L_ROR
H2S,FULLY_SCHEDULED,CMD_PLC_C08_M02_A2_C08_M02,ControlCommand,117,0.1262135922330097,CANONICAL_INPUT_ID_NOT_PROVEN_ADMISSION_ORDER,L_ROR
H2S,FULLY_SCHEDULED,CMD_PLC_C08_M02_A3_C08_M02,ControlCommand,118,0.1272923408845739,CANONICAL_INPUT_ID_NOT_PROVEN_ADMISSION_ORDER,L_ROR
H2S,FULLY_SCHEDULED,CMD_PLC_C08_M02_A4_C08_M02,ControlCommand,119,0.12837108953613807,CANONICAL_INPUT_ID_NOT_PROVEN_ADMISSION_ORDER,L_ROR
H2S,FULLY_SCHEDULED,CMD_PLC_C08_M03_A1_C08_M03,ControlCommand,120,0.12944983818770225,CANONICAL_INPUT_ID_NOT_PROVEN_ADMISSION_ORDER,L_ROR
H2S,FULLY_SCHEDULED,CMD_PLC_C08_M03_A2_C08_M03,ControlCommand,121,0.13052858683926646,CANONICAL_INPUT_ID_NOT_PROVEN_ADMISSION_ORDER,L_ROR
H2S,FULLY_SCHEDULED,CMD_PLC_C08_M03_A3_C08_M03,ControlCommand,122,0.13160733549083065,CANONICAL_INPUT_ID_NOT_PROVEN_ADMISSION_ORDER,L_ROR
H2S,FULLY_SCHEDULED,CMD_PLC_C08_M03_A4_C08_M03,ControlCommand,123,0.13268608414239483,CANONICAL_INPUT_ID_NOT_PROVEN_ADMISSION_ORDER,L_ROR
H2S,FULLY_SCHEDULED,CMD_PLC_C08_M04_A1_C08_M04,ControlCommand,124,0.133764832793959,CANONICAL_INPUT_ID_NOT_PROVEN_ADMISSION_ORDER,L_ROR
H2S,FULLY_SCHEDULED,CMD_PLC_C08_M04_A2_C08_M04,ControlCommand,125,0.1348435814455232,CANONICAL_INPUT_ID_NOT_PROVEN_ADMISSION_ORDER,L_ROR
H2S,FULLY_SCHEDULED,CMD_PLC_C08_M04_A3_C08_M04,ControlCommand,126,0.13592233009708737,CANONICAL_INPUT_ID_NOT_PROVEN_ADMISSION_ORDER,L_ROR
H2S,FULLY_SCHEDULED,CMD_PLC_C08_M04_A4_C08_M04,ControlCommand,127,0.13700107874865156,CANONICAL_INPUT_ID_NOT_PROVEN_ADMISSION_ORDER,L_ROR
H2S,FULLY_SCHEDULED,CMD_PLC_C09_M01_A1_C09_M01,ControlCommand,128,0.13807982740021574,CANONICAL_INPUT_ID_NOT_PROVEN_ADMISSION_ORDER,L_ROR
H2S,FULLY_SCHEDULED,CMD_PLC_C09_M01_A2_C09_M01,ControlCommand,129,0.13915857605177995,CANONICAL_INPUT_ID_NOT_PROVEN_ADMISSION_ORDER,L_ROR
H2S,FULLY_SCHEDULED,CMD_PLC_C09_M01_A3_C09_M01,ControlCommand,130,0.14023732470334413,CANONICAL_INPUT_ID_NOT_PROVEN_ADMISSION_ORDER,L_ROR
H2S,FULLY_SCHEDULED,CMD_PLC_C09_M01_A4_C09_M01,ControlCommand,131,0.1413160733549083,CANONICAL_INPUT_ID_NOT_PROVEN_ADMISSION_ORDER,L_ROR
H2S,FULLY_SCHEDULED,CMD_PLC_C09_M02_A1_C09_M02,ControlCommand,132,0.1423948220064725,CANONICAL_INPUT_ID_NOT_PROVEN_ADMISSION_ORDER,L_ROR
H2S,FULLY_SCHEDULED,CMD_PLC_C09_M02_A2_C09_M02,ControlCommand,133,0.14347357065803668,CANONICAL_INPUT_ID_NOT_PROVEN_ADMISSION_ORDER,L_ROR
H2S,FULLY_SCHEDULED,CMD_PLC_C09_M02_A3_C09_M02,ControlCommand,134,0.14455231930960086,CANONICAL_INPUT_ID_NOT_PROVEN_ADMISSION_ORDER,L_ROR
H2S,ZERO_SCHEDULED,CMD_PLC_C09_M02_A4_C09_M02,ControlCommand,135,0.14563106796116504,CANONICAL_INPUT_ID_NOT_PROVEN_ADMISSION_ORDER,L_ROR
H2S,FULLY_SCHEDULED,CMD_PLC_C09_M03_A1_C09_M03,ControlCommand,136,0.14670981661272922,CANONICAL_INPUT_ID_NOT_PROVEN_ADMISSION_ORDER,L_ROR
H2S,FULLY_SCHEDULED,CMD_PLC_C09_M03_A2_C09_M03,ControlCommand,137,0.14778856526429343,CANONICAL_INPUT_ID_NOT_PROVEN_ADMISSION_ORDER,L_ROR
H2S,FULLY_SCHEDULED,CMD_PLC_C09_M03_A3_C09_M03,ControlCommand,138,0.1488673139158576,CANONICAL_INPUT_ID_NOT_PROVEN_ADMISSION_ORDER,L_ROR
H2S,FULLY_SCHEDULED,CMD_PLC_C09_M03_A4_C09_M03,ControlCommand,139,0.1499460625674218,CANONICAL_INPUT_ID_NOT_PROVEN_ADMISSION_ORDER,L_ROR
H2S,FULLY_SCHEDULED,CMD_PLC_C09_M04_A1_C09_M04,ControlCommand,140,0.15102481121898598,CANONICAL_INPUT_ID_NOT_PROVEN_ADMISSION_ORDER,L_ROR
H2S,FULLY_SCHEDULED,CMD_PLC_C09_M04_A2_C09_M04,ControlCommand,141,0.15210355987055016,CANONICAL_INPUT_ID_NOT_PROVEN_ADMISSION_ORDER,L_ROR
H2S,FULLY_SCHEDULED,CMD_PLC_C09_M04_A3_C09_M04,ControlCommand,142,0.15318230852211434,CANONICAL_INPUT_ID_NOT_PROVEN_ADMISSION_ORDER,L_ROR
H2S,FULLY_SCHEDULED,CMD_PLC_C09_M04_A4_C09_M04,ControlCommand,143,0.15426105717367852,CANONICAL_INPUT_ID_NOT_PROVEN_ADMISSION_ORDER,L_ROR
H2S,FULLY_SCHEDULED,CMD_PLC_C10_M01_A1_C10_M01,ControlCommand,144,0.1553398058252427,CANONICAL_INPUT_ID_NOT_PROVEN_ADMISSION_ORDER,L_ROR
H2S,FULLY_SCHEDULED,CMD_PLC_C10_M01_A2_C10_M01,ControlCommand,145,0.15641855447680691,CANONICAL_INPUT_ID_NOT_PROVEN_ADMISSION_ORDER,L_ROR
H2S,FULLY_SCHEDULED,CMD_PLC_C10_M01_A3_C10_M01,ControlCommand,146,0.1574973031283711,CANONICAL_INPUT_ID_NOT_PROVEN_ADMISSION_ORDER,L_ROR
H2S,FULLY_SCHEDULED,CMD_PLC_C10_M01_A4_C10_M01,ControlCommand,147,0.15857605177993528,CANONICAL_INPUT_ID_NOT_PROVEN_ADMISSION_ORDER,L_ROR
H2S,FULLY_SCHEDULED,CMD_PLC_C10_M02_A1_C10_M02,ControlCommand,148,0.15965480043149946,CANONICAL_INPUT_ID_NOT_PROVEN_ADMISSION_ORDER,L_ROR
H2S,FULLY_SCHEDULED,CMD_PLC_C10_M02_A2_C10_M02,ControlCommand,149,0.16073354908306364,CANONICAL_INPUT_ID_NOT_PROVEN_ADMISSION_ORDER,L_ROR
H2S,FULLY_SCHEDULED,CMD_PLC_C10_M02_A3_C10_M02,ControlCommand,150,0.16181229773462782,CANONICAL_INPUT_ID_NOT_PROVEN_ADMISSION_ORDER,L_ROR
H2S,FULLY_SCHEDULED,CMD_PLC_C10_M02_A4_C10_M02,ControlCommand,151,0.162891046386192,CANONICAL_INPUT_ID_NOT_PROVEN_ADMISSION_ORDER,L_ROR
H2S,FULLY_SCHEDULED,CMD_PLC_C10_M03_A1_C10_M03,ControlCommand,152,0.16396979503775622,CANONICAL_INPUT_ID_NOT_PROVEN_ADMISSION_ORDER,L_ROR
H2S,FULLY_SCHEDULED,CMD_PLC_C10_M03_A2_C10_M03,ControlCommand,153,0.1650485436893204,CANONICAL_INPUT_ID_NOT_PROVEN_ADMISSION_ORDER,L_ROR
H2S,FULLY_SCHEDULED,CMD_PLC_C10_M03_A3_C10_M03,ControlCommand,154,0.16612729234088458,CANONICAL_INPUT_ID_NOT_PROVEN_ADMISSION_ORDER,L_ROR
H2S,FULLY_SCHEDULED,CMD_PLC_C10_M03_A4_C10_M03,ControlCommand,155,0.16720604099244876,CANONICAL_INPUT_ID_NOT_PROVEN_ADMISSION_ORDER,L_ROR
H2S,FULLY_SCHEDULED,CMD_PLC_C10_M04_A1_C10_M04,ControlCommand,156,0.16828478964401294,CANONICAL_INPUT_ID_NOT_PROVEN_ADMISSION_ORDER,L_ROR
H2S,FULLY_SCHEDULED,CMD_PLC_C10_M04_A2_C10_M04,ControlCommand,157,0.16936353829557713,CANONICAL_INPUT_ID_NOT_PROVEN_ADMISSION_ORDER,L_ROR
H2S,FULLY_SCHEDULED,CMD_PLC_C10_M04_A3_C10_M04,ControlCommand,158,0.1704422869471413,CANONICAL_INPUT_ID_NOT_PROVEN_ADMISSION_ORDER,L_ROR
H2S,FULLY_SCHEDULED,CMD_PLC_C10_M04_A4_C10_M04,ControlCommand,159,0.1715210355987055,CANONICAL_INPUT_ID_NOT_PROVEN_ADMISSION_ORDER,L_ROR
H2S,FULLY_SCHEDULED,CMD_PLC_C11_M01_A1_C11_M01,ControlCommand,160,0.1725997842502697,CANONICAL_INPUT_ID_NOT_PROVEN_ADMISSION_ORDER,L_ROR
H2S,FULLY_SCHEDULED,CMD_PLC_C11_M01_A2_C11_M01,ControlCommand,161,0.17367853290183388,CANONICAL_INPUT_ID_NOT_PROVEN_ADMISSION_ORDER,L_ROR
H2S,FULLY_SCHEDULED,CMD_PLC_C11_M01_A3_C11_M01,ControlCommand,162,0.17475728155339806,CANONICAL_INPUT_ID_NOT_PROVEN_ADMISSION_ORDER,L_ROR
H2S,FULLY_SCHEDULED,CMD_PLC_C11_M01_A4_C11_M01,ControlCommand,163,0.17583603020496225,CANONICAL_INPUT_ID_NOT_PROVEN_ADMISSION_ORDER,L_ROR
H2S,FULLY_SCHEDULED,CMD_PLC_C11_M02_A1_C11_M02,ControlCommand,164,0.17691477885652643,CANONICAL_INPUT_ID_NOT_PROVEN_ADMISSION_ORDER,L_ROR
H2S,FULLY_SCHEDULED,CMD_PLC_C11_M02_A2_C11_M02,ControlCommand,165,0.1779935275080906,CANONICAL_INPUT_ID_NOT_PROVEN_ADMISSION_ORDER,L_ROR
H2S,FULLY_SCHEDULED,CMD_PLC_C11_M02_A3_C11_M02,ControlCommand,166,0.1790722761596548,CANONICAL_INPUT_ID_NOT_PROVEN_ADMISSION_ORDER,L_ROR
H2S,FULLY_SCHEDULED,CMD_PLC_C11_M02_A4_C11_M02,ControlCommand,167,0.18015102481121897,CANONICAL_INPUT_ID_NOT_PROVEN_ADMISSION_ORDER,L_ROR
H2S,FULLY_SCHEDULED,CMD_PLC_C11_M03_A1_C11_M03,ControlCommand,168,0.18122977346278318,CANONICAL_INPUT_ID_NOT_PROVEN_ADMISSION_ORDER,L_ROR
H2S,FULLY_SCHEDULED,CMD_PLC_C11_M03_A2_C11_M03,ControlCommand,169,0.18230852211434737,CANONICAL_INPUT_ID_NOT_PROVEN_ADMISSION_ORDER,L_ROR
H2S,FULLY_SCHEDULED,CMD_PLC_C11_M03_A3_C11_M03,ControlCommand,170,0.18338727076591155,CANONICAL_INPUT_ID_NOT_PROVEN_ADMISSION_ORDER,L_ROR
H2S,FULLY_SCHEDULED,CMD_PLC_C11_M03_A4_C11_M03,ControlCommand,171,0.18446601941747573,CANONICAL_INPUT_ID_NOT_PROVEN_ADMISSION_ORDER,L_ROR
H2S,FULLY_SCHEDULED,CMD_PLC_C11_M04_A1_C11_M04,ControlCommand,172,0.1855447680690399,CANONICAL_INPUT_ID_NOT_PROVEN_ADMISSION_ORDER,L_ROR
H2S,ZERO_SCHEDULED,CMD_PLC_C11_M04_A2_C11_M04,ControlCommand,173,0.1866235167206041,CANONICAL_INPUT_ID_NOT_PROVEN_ADMISSION_ORDER,L_ROR
H2S,FULLY_SCHEDULED,CMD_PLC_C11_M04_A3_C11_M04,ControlCommand,174,0.18770226537216828,CANONICAL_INPUT_ID_NOT_PROVEN_ADMISSION_ORDER,L_ROR
H2S,FULLY_SCHEDULED,CMD_PLC_C11_M04_A4_C11_M04,ControlCommand,175,0.18878101402373246,CANONICAL_INPUT_ID_NOT_PROVEN_ADMISSION_ORDER,L_ROR
H2S,FULLY_SCHEDULED,CMD_PLC_C12_M01_A1_C12_M01,ControlCommand,176,0.18985976267529667,CANONICAL_INPUT_ID_NOT_PROVEN_ADMISSION_ORDER,L_ROR
H2S,FULLY_SCHEDULED,CMD_PLC_C12_M01_A2_C12_M01,ControlCommand,177,0.19093851132686085,CANONICAL_INPUT_ID_NOT_PROVEN_ADMISSION_ORDER,L_ROR
H2S,FULLY_SCHEDULED,CMD_PLC_C12_M01_A3_C12_M01,ControlCommand,178,0.19201725997842503,CANONICAL_INPUT_ID_NOT_PROVEN_ADMISSION_ORDER,L_ROR
H2S,ZERO_SCHEDULED,CMD_PLC_C12_M01_A4_C12_M01,ControlCommand,179,0.1930960086299892,CANONICAL_INPUT_ID_NOT_PROVEN_ADMISSION_ORDER,L_ROR
H2S,FULLY_SCHEDULED,CMD_PLC_C12_M02_A1_C12_M02,ControlCommand,180,0.1941747572815534,CANONICAL_INPUT_ID_NOT_PROVEN_ADMISSION_ORDER,L_ROR
H2S,FULLY_SCHEDULED,CMD_PLC_C12_M02_A2_C12_M02,ControlCommand,181,0.19525350593311758,CANONICAL_INPUT_ID_NOT_PROVEN_ADMISSION_ORDER,L_ROR
H2S,FULLY_SCHEDULED,CMD_PLC_C12_M02_A3_C12_M02,ControlCommand,182,0.19633225458468176,CANONICAL_INPUT_ID_NOT_PROVEN_ADMISSION_ORDER,L_ROR
H2S,FULLY_SCHEDULED,CMD_PLC_C12_M02_A4_C12_M02,ControlCommand,183,0.19741100323624594,CANONICAL_INPUT_ID_NOT_PROVEN_ADMISSION_ORDER,L_ROR
H2S,FULLY_SCHEDULED,CMD_PLC_C12_M03_A1_C12_M03,ControlCommand,184,0.19848975188781015,CANONICAL_INPUT_ID_NOT_PROVEN_ADMISSION_ORDER,L_ROR
H2S,FULLY_SCHEDULED,CMD_PLC_C12_M03_A2_C12_M03,ControlCommand,185,0.19956850053937433,CANONICAL_INPUT_ID_NOT_PROVEN_ADMISSION_ORDER,L_ROR
H2S,FULLY_SCHEDULED,CMD_PLC_C12_M03_A3_C12_M03,ControlCommand,186,0.20064724919093851,CANONICAL_INPUT_ID_NOT_PROVEN_ADMISSION_ORDER,L_ROR
H2S,FULLY_SCHEDULED,CMD_PLC_C12_M03_A4_C12_M03,ControlCommand,187,0.2017259978425027,CANONICAL_INPUT_ID_NOT_PROVEN_ADMISSION_ORDER,L_ROR
H2S,FULLY_SCHEDULED,CMD_PLC_C12_M04_A1_C12_M04,ControlCommand,188,0.20280474649406688,CANONICAL_INPUT_ID_NOT_PROVEN_ADMISSION_ORDER,L_ROR
H2S,FULLY_SCHEDULED,CMD_PLC_C12_M04_A2_C12_M04,ControlCommand,189,0.20388349514563106,CANONICAL_INPUT_ID_NOT_PROVEN_ADMISSION_ORDER,L_ROR
H2S,FULLY_SCHEDULED,CMD_PLC_C12_M04_A3_C12_M04,ControlCommand,190,0.20496224379719524,CANONICAL_INPUT_ID_NOT_PROVEN_ADMISSION_ORDER,L_ROR
H2S,FULLY_SCHEDULED,CMD_PLC_C12_M04_A4_C12_M04,ControlCommand,191,0.20604099244875945,CANONICAL_INPUT_ID_NOT_PROVEN_ADMISSION_ORDER,L_ROR
H2S,FULLY_SCHEDULED,CMD_PLC_C13_M01_A1_C13_M01,ControlCommand,192,0.20711974110032363,CANONICAL_INPUT_ID_NOT_PROVEN_ADMISSION_ORDER,L_ROR
H2S,FULLY_SCHEDULED,CMD_PLC_C13_M01_A2_C13_M01,ControlCommand,193,0.20819848975188782,CANONICAL_INPUT_ID_NOT_PROVEN_ADMISSION_ORDER,L_ROR
H2S,FULLY_SCHEDULED,CMD_PLC_C13_M01_A3_C13_M01,ControlCommand,194,0.209277238403452,CANONICAL_INPUT_ID_NOT_PROVEN_ADMISSION_ORDER,L_ROR
H2S,FULLY_SCHEDULED,CMD_PLC_C13_M01_A4_C13_M01,ControlCommand,195,0.21035598705501618,CANONICAL_INPUT_ID_NOT_PROVEN_ADMISSION_ORDER,L_ROR
H2S,FULLY_SCHEDULED,CMD_PLC_C13_M02_A1_C13_M02,ControlCommand,196,0.21143473570658036,CANONICAL_INPUT_ID_NOT_PROVEN_ADMISSION_ORDER,L_ROR
H2S,FULLY_SCHEDULED,CMD_PLC_C13_M02_A2_C13_M02,ControlCommand,197,0.21251348435814454,CANONICAL_INPUT_ID_NOT_PROVEN_ADMISSION_ORDER,L_ROR
H2S,FULLY_SCHEDULED,CMD_PLC_C13_M02_A3_C13_M02,ControlCommand,198,0.21359223300970873,CANONICAL_INPUT_ID_NOT_PROVEN_ADMISSION_ORDER,L_ROR
H2S,ZERO_SCHEDULED,CMD_PLC_C13_M02_A4_C13_M02,ControlCommand,199,0.21467098166127294,CANONICAL_INPUT_ID_NOT_PROVEN_ADMISSION_ORDER,L_ROR
H2S,FULLY_SCHEDULED,CMD_PLC_C13_M03_A1_C13_M03,ControlCommand,200,0.21574973031283712,CANONICAL_INPUT_ID_NOT_PROVEN_ADMISSION_ORDER,L_ROR
H2S,FULLY_SCHEDULED,CMD_PLC_C13_M03_A2_C13_M03,ControlCommand,201,0.2168284789644013,CANONICAL_INPUT_ID_NOT_PROVEN_ADMISSION_ORDER,L_ROR
H2S,FULLY_SCHEDULED,CMD_PLC_C13_M03_A3_C13_M03,ControlCommand,202,0.21790722761596548,CANONICAL_INPUT_ID_NOT_PROVEN_ADMISSION_ORDER,L_ROR
H2S,ZERO_SCHEDULED,CMD_PLC_C13_M03_A4_C13_M03,ControlCommand,203,0.21898597626752966,CANONICAL_INPUT_ID_NOT_PROVEN_ADMISSION_ORDER,L_ROR
H2S,FULLY_SCHEDULED,CMD_PLC_C13_M04_A1_C13_M04,ControlCommand,204,0.22006472491909385,CANONICAL_INPUT_ID_NOT_PROVEN_ADMISSION_ORDER,L_ROR
H2S,FULLY_SCHEDULED,CMD_PLC_C13_M04_A2_C13_M04,ControlCommand,205,0.22114347357065803,CANONICAL_INPUT_ID_NOT_PROVEN_ADMISSION_ORDER,L_ROR
H2S,FULLY_SCHEDULED,CMD_PLC_C13_M04_A3_C13_M04,ControlCommand,206,0.2222222222222222,CANONICAL_INPUT_ID_NOT_PROVEN_ADMISSION_ORDER,L_ROR
H2S,FULLY_SCHEDULED,CMD_PLC_C13_M04_A4_C13_M04,ControlCommand,207,0.22330097087378642,CANONICAL_INPUT_ID_NOT_PROVEN_ADMISSION_ORDER,L_ROR
H2S,FULLY_SCHEDULED,CMD_PLC_C14_M01_A1_C14_M01,ControlCommand,208,0.2243797195253506,CANONICAL_INPUT_ID_NOT_PROVEN_ADMISSION_ORDER,L_ROR
H2S,FULLY_SCHEDULED,CMD_PLC_C14_M01_A2_C14_M01,ControlCommand,209,0.22545846817691478,CANONICAL_INPUT_ID_NOT_PROVEN_ADMISSION_ORDER,L_ROR
H2S,FULLY_SCHEDULED,CMD_PLC_C14_M01_A3_C14_M01,ControlCommand,210,0.22653721682847897,CANONICAL_INPUT_ID_NOT_PROVEN_ADMISSION_ORDER,L_ROR
H2S,FULLY_SCHEDULED,CMD_PLC_C14_M01_A4_C14_M01,ControlCommand,211,0.22761596548004315,CANONICAL_INPUT_ID_NOT_PROVEN_ADMISSION_ORDER,L_ROR
H2S,FULLY_SCHEDULED,CMD_PLC_C14_M02_A1_C14_M02,ControlCommand,212,0.22869471413160733,CANONICAL_INPUT_ID_NOT_PROVEN_ADMISSION_ORDER,L_ROR
H2S,FULLY_SCHEDULED,CMD_PLC_C14_M02_A2_C14_M02,ControlCommand,213,0.2297734627831715,CANONICAL_INPUT_ID_NOT_PROVEN_ADMISSION_ORDER,L_ROR
H2S,FULLY_SCHEDULED,CMD_PLC_C14_M02_A3_C14_M02,ControlCommand,214,0.2308522114347357,CANONICAL_INPUT_ID_NOT_PROVEN_ADMISSION_ORDER,L_ROR
H2S,FULLY_SCHEDULED,CMD_PLC_C14_M02_A4_C14_M02,ControlCommand,215,0.2319309600862999,CANONICAL_INPUT_ID_NOT_PROVEN_ADMISSION_ORDER,L_ROR
H2S,FULLY_SCHEDULED,CMD_PLC_C14_M03_A1_C14_M03,ControlCommand,216,0.23300970873786409,CANONICAL_INPUT_ID_NOT_PROVEN_ADMISSION_ORDER,L_ROR
H2S,FULLY_SCHEDULED,CMD_PLC_C14_M03_A2_C14_M03,ControlCommand,217,0.23408845738942827,CANONICAL_INPUT_ID_NOT_PROVEN_ADMISSION_ORDER,L_ROR
H2S,FULLY_SCHEDULED,CMD_PLC_C14_M03_A3_C14_M03,ControlCommand,218,0.23516720604099245,CANONICAL_INPUT_ID_NOT_PROVEN_ADMISSION_ORDER,L_ROR
H2S,ZERO_SCHEDULED,CMD_PLC_C14_M03_A4_C14_M03,ControlCommand,219,0.23624595469255663,CANONICAL_INPUT_ID_NOT_PROVEN_ADMISSION_ORDER,L_ROR
H2S,FULLY_SCHEDULED,CMD_PLC_C14_M04_A1_C14_M04,ControlCommand,220,0.2373247033441208,CANONICAL_INPUT_ID_NOT_PROVEN_ADMISSION_ORDER,L_ROR
H2S,FULLY_SCHEDULED,CMD_PLC_C14_M04_A2_C14_M04,ControlCommand,221,0.238403451995685,CANONICAL_INPUT_ID_NOT_PROVEN_ADMISSION_ORDER,L_ROR
H2S,FULLY_SCHEDULED,CMD_PLC_C14_M04_A3_C14_M04,ControlCommand,222,0.23948220064724918,CANONICAL_INPUT_ID_NOT_PROVEN_ADMISSION_ORDER,L_ROR
H2S,FULLY_SCHEDULED,CMD_PLC_C14_M04_A4_C14_M04,ControlCommand,223,0.2405609492988134,CANONICAL_INPUT_ID_NOT_PROVEN_ADMISSION_ORDER,L_ROR
H2S,FULLY_SCHEDULED,CMD_PLC_C15_M01_A1_C15_M01,ControlCommand,224,0.24163969795037757,CANONICAL_INPUT_ID_NOT_PROVEN_ADMISSION_ORDER,L_ROR
H2S,FULLY_SCHEDULED,CMD_PLC_C15_M01_A2_C15_M01,ControlCommand,225,0.24271844660194175,CANONICAL_INPUT_ID_NOT_PROVEN_ADMISSION_ORDER,L_ROR
H2S,FULLY_SCHEDULED,CMD_PLC_C15_M01_A3_C15_M01,ControlCommand,226,0.24379719525350593,CANONICAL_INPUT_ID_NOT_PROVEN_ADMISSION_ORDER,L_ROR
H2S,FULLY_SCHEDULED,CMD_PLC_C15_M01_A4_C15_M01,ControlCommand,227,0.24487594390507011,CANONICAL_INPUT_ID_NOT_PROVEN_ADMISSION_ORDER,L_ROR
H2S,FULLY_SCHEDULED,CMD_PLC_C15_M02_A1_C15_M02,ControlCommand,228,0.2459546925566343,CANONICAL_INPUT_ID_NOT_PROVEN_ADMISSION_ORDER,L_ROR
H2S,FULLY_SCHEDULED,CMD_PLC_C15_M02_A2_C15_M02,ControlCommand,229,0.24703344120819848,CANONICAL_INPUT_ID_NOT_PROVEN_ADMISSION_ORDER,L_ROR
H2S,FULLY_SCHEDULED,CMD_PLC_C15_M02_A3_C15_M02,ControlCommand,230,0.2481121898597627,CANONICAL_INPUT_ID_NOT_PROVEN_ADMISSION_ORDER,L_ROR
H2S,FULLY_SCHEDULED,CMD_PLC_C15_M02_A4_C15_M02,ControlCommand,231,0.24919093851132687,CANONICAL_INPUT_ID_NOT_PROVEN_ADMISSION_ORDER,L_ROR
H2S,FULLY_SCHEDULED,CMD_PLC_C15_M03_A1_C15_M03,ControlCommand,232,0.25026968716289105,CANONICAL_INPUT_ID_NOT_PROVEN_ADMISSION_ORDER,L_ROR
H2S,FULLY_SCHEDULED,CMD_PLC_C15_M03_A2_C15_M03,ControlCommand,233,0.2513484358144552,CANONICAL_INPUT_ID_NOT_PROVEN_ADMISSION_ORDER,L_ROR
H2S,FULLY_SCHEDULED,CMD_PLC_C15_M03_A3_C15_M03,ControlCommand,234,0.2524271844660194,CANONICAL_INPUT_ID_NOT_PROVEN_ADMISSION_ORDER,L_ROR
H2S,FULLY_SCHEDULED,CMD_PLC_C15_M03_A4_C15_M03,ControlCommand,235,0.2535059331175836,CANONICAL_INPUT_ID_NOT_PROVEN_ADMISSION_ORDER,L_ROR
H2S,FULLY_SCHEDULED,CMD_PLC_C15_M04_A1_C15_M04,ControlCommand,236,0.2545846817691478,CANONICAL_INPUT_ID_NOT_PROVEN_ADMISSION_ORDER,L_ROR
H2S,FULLY_SCHEDULED,CMD_PLC_C15_M04_A2_C15_M04,ControlCommand,237,0.255663430420712,CANONICAL_INPUT_ID_NOT_PROVEN_ADMISSION_ORDER,L_ROR
H2S,FULLY_SCHEDULED,CMD_PLC_C15_M04_A3_C15_M04,ControlCommand,238,0.25674217907227614,CANONICAL_INPUT_ID_NOT_PROVEN_ADMISSION_ORDER,L_ROR
H2S,ZERO_SCHEDULED,CMD_PLC_C15_M04_A4_C15_M04,ControlCommand,239,0.25782092772384035,CANONICAL_INPUT_ID_NOT_PROVEN_ADMISSION_ORDER,L_ROR
H2S,FULLY_SCHEDULED,CMD_PLC_C16_M01_A1_C16_M01,ControlCommand,240,0.2588996763754045,CANONICAL_INPUT_ID_NOT_PROVEN_ADMISSION_ORDER,L_ROR
H2S,FULLY_SCHEDULED,CMD_PLC_C16_M01_A2_C16_M01,ControlCommand,241,0.2599784250269687,CANONICAL_INPUT_ID_NOT_PROVEN_ADMISSION_ORDER,L_ROR
H2S,FULLY_SCHEDULED,CMD_PLC_C16_M01_A3_C16_M01,ControlCommand,242,0.26105717367853293,CANONICAL_INPUT_ID_NOT_PROVEN_ADMISSION_ORDER,L_ROR
H2S,FULLY_SCHEDULED,CMD_PLC_C16_M01_A4_C16_M01,ControlCommand,243,0.2621359223300971,CANONICAL_INPUT_ID_NOT_PROVEN_ADMISSION_ORDER,L_ROR
H2S,FULLY_SCHEDULED,CMD_PLC_C16_M02_A1_C16_M02,ControlCommand,244,0.2632146709816613,CANONICAL_INPUT_ID_NOT_PROVEN_ADMISSION_ORDER,L_ROR
H2S,FULLY_SCHEDULED,CMD_PLC_C16_M02_A2_C16_M02,ControlCommand,245,0.26429341963322545,CANONICAL_INPUT_ID_NOT_PROVEN_ADMISSION_ORDER,L_ROR
H2S,FULLY_SCHEDULED,CMD_PLC_C16_M02_A3_C16_M02,ControlCommand,246,0.26537216828478966,CANONICAL_INPUT_ID_NOT_PROVEN_ADMISSION_ORDER,L_ROR
H2S,FULLY_SCHEDULED,CMD_PLC_C16_M02_A4_C16_M02,ControlCommand,247,0.2664509169363538,CANONICAL_INPUT_ID_NOT_PROVEN_ADMISSION_ORDER,L_ROR
H2S,FULLY_SCHEDULED,CMD_PLC_C16_M03_A1_C16_M03,ControlCommand,248,0.267529665587918,CANONICAL_INPUT_ID_NOT_PROVEN_ADMISSION_ORDER,L_ROR
H2S,FULLY_SCHEDULED,CMD_PLC_C16_M03_A2_C16_M03,ControlCommand,249,0.2686084142394822,CANONICAL_INPUT_ID_NOT_PROVEN_ADMISSION_ORDER,L_ROR
H2S,ZERO_SCHEDULED,CMD_PLC_C16_M03_A3_C16_M03,ControlCommand,250,0.2696871628910464,CANONICAL_INPUT_ID_NOT_PROVEN_ADMISSION_ORDER,L_ROR
H2S,FULLY_SCHEDULED,CMD_PLC_C16_M03_A4_C16_M03,ControlCommand,251,0.2707659115426106,CANONICAL_INPUT_ID_NOT_PROVEN_ADMISSION_ORDER,L_ROR
H2S,FULLY_SCHEDULED,CMD_PLC_C16_M04_A1_C16_M04,ControlCommand,252,0.27184466019417475,CANONICAL_INPUT_ID_NOT_PROVEN_ADMISSION_ORDER,L_ROR
H2S,FULLY_SCHEDULED,CMD_PLC_C16_M04_A2_C16_M04,ControlCommand,253,0.27292340884573896,CANONICAL_INPUT_ID_NOT_PROVEN_ADMISSION_ORDER,L_ROR
H2S,FULLY_SCHEDULED,CMD_PLC_C16_M04_A3_C16_M04,ControlCommand,254,0.2740021574973031,CANONICAL_INPUT_ID_NOT_PROVEN_ADMISSION_ORDER,L_ROR
H2S,FULLY_SCHEDULED,CMD_PLC_C16_M04_A4_C16_M04,ControlCommand,255,0.2750809061488673,CANONICAL_INPUT_ID_NOT_PROVEN_ADMISSION_ORDER,L_ROR
H2S,FULLY_SCHEDULED,COORD_CC_C01_PLC_C01_M01,MachineCoordination,256,0.2761596548004315,CANONICAL_INPUT_ID_NOT_PROVEN_ADMISSION_ORDER,L_ROR
H2S,FULLY_SCHEDULED,COORD_CC_C01_PLC_C01_M02,MachineCoordination,257,0.2772384034519957,CANONICAL_INPUT_ID_NOT_PROVEN_ADMISSION_ORDER,L_ROR
H2S,FULLY_SCHEDULED,COORD_CC_C01_PLC_C01_M03,MachineCoordination,258,0.2783171521035599,CANONICAL_INPUT_ID_NOT_PROVEN_ADMISSION_ORDER,L_ROR
H2S,FULLY_SCHEDULED,COORD_CC_C01_PLC_C01_M04,MachineCoordination,259,0.27939590075512405,CANONICAL_INPUT_ID_NOT_PROVEN_ADMISSION_ORDER,L_ROR
H2S,FULLY_SCHEDULED,COORD_CC_C02_PLC_C02_M01,MachineCoordination,260,0.28047464940668826,CANONICAL_INPUT_ID_NOT_PROVEN_ADMISSION_ORDER,L_ROR
H2S,FULLY_SCHEDULED,COORD_CC_C02_PLC_C02_M02,MachineCoordination,261,0.2815533980582524,CANONICAL_INPUT_ID_NOT_PROVEN_ADMISSION_ORDER,L_ROR
H2S,FULLY_SCHEDULED,COORD_CC_C02_PLC_C02_M03,MachineCoordination,262,0.2826321467098166,CANONICAL_INPUT_ID_NOT_PROVEN_ADMISSION_ORDER,L_ROR
H2S,FULLY_SCHEDULED,COORD_CC_C02_PLC_C02_M04,MachineCoordination,263,0.2837108953613808,CANONICAL_INPUT_ID_NOT_PROVEN_ADMISSION_ORDER,L_ROR
H2S,FULLY_SCHEDULED,COORD_CC_C03_PLC_C03_M01,MachineCoordination,264,0.284789644012945,CANONICAL_INPUT_ID_NOT_PROVEN_ADMISSION_ORDER,L_ROR
H2S,FULLY_SCHEDULED,COORD_CC_C03_PLC_C03_M02,MachineCoordination,265,0.2858683926645092,CANONICAL_INPUT_ID_NOT_PROVEN_ADMISSION_ORDER,L_ROR
H2S,FULLY_SCHEDULED,COORD_CC_C03_PLC_C03_M03,MachineCoordination,266,0.28694714131607335,CANONICAL_INPUT_ID_NOT_PROVEN_ADMISSION_ORDER,L_ROR
H2S,FULLY_SCHEDULED,COORD_CC_C03_PLC_C03_M04,MachineCoordination,267,0.28802588996763756,CANONICAL_INPUT_ID_NOT_PROVEN_ADMISSION_ORDER,L_ROR
H2S,FULLY_SCHEDULED,COORD_CC_C04_PLC_C04_M01,MachineCoordination,268,0.2891046386192017,CANONICAL_INPUT_ID_NOT_PROVEN_ADMISSION_ORDER,L_ROR
H2S,FULLY_SCHEDULED,COORD_CC_C04_PLC_C04_M02,MachineCoordination,269,0.2901833872707659,CANONICAL_INPUT_ID_NOT_PROVEN_ADMISSION_ORDER,L_ROR
H2S,FULLY_SCHEDULED,COORD_CC_C04_PLC_C04_M03,MachineCoordination,270,0.2912621359223301,CANONICAL_INPUT_ID_NOT_PROVEN_ADMISSION_ORDER,L_ROR
H2S,FULLY_SCHEDULED,COORD_CC_C04_PLC_C04_M04,MachineCoordination,271,0.2923408845738943,CANONICAL_INPUT_ID_NOT_PROVEN_ADMISSION_ORDER,L_ROR
H2S,FULLY_SCHEDULED,COORD_CC_C05_PLC_C05_M01,MachineCoordination,272,0.29341963322545844,CANONICAL_INPUT_ID_NOT_PROVEN_ADMISSION_ORDER,L_ROR
H2S,ZERO_SCHEDULED,COORD_CC_C05_PLC_C05_M02,MachineCoordination,273,0.29449838187702265,CANONICAL_INPUT_ID_NOT_PROVEN_ADMISSION_ORDER,L_ROR
H2S,FULLY_SCHEDULED,COORD_CC_C05_PLC_C05_M03,MachineCoordination,274,0.29557713052858686,CANONICAL_INPUT_ID_NOT_PROVEN_ADMISSION_ORDER,L_ROR
H2S,FULLY_SCHEDULED,COORD_CC_C05_PLC_C05_M04,MachineCoordination,275,0.296655879180151,CANONICAL_INPUT_ID_NOT_PROVEN_ADMISSION_ORDER,L_ROR
H2S,FULLY_SCHEDULED,COORD_CC_C06_PLC_C06_M01,MachineCoordination,276,0.2977346278317152,CANONICAL_INPUT_ID_NOT_PROVEN_ADMISSION_ORDER,L_ROR
H2S,FULLY_SCHEDULED,COORD_CC_C06_PLC_C06_M02,MachineCoordination,277,0.2988133764832794,CANONICAL_INPUT_ID_NOT_PROVEN_ADMISSION_ORDER,L_ROR
H2S,FULLY_SCHEDULED,COORD_CC_C06_PLC_C06_M03,MachineCoordination,278,0.2998921251348436,CANONICAL_INPUT_ID_NOT_PROVEN_ADMISSION_ORDER,L_ROR
H2S,FULLY_SCHEDULED,COORD_CC_C06_PLC_C06_M04,MachineCoordination,279,0.30097087378640774,CANONICAL_INPUT_ID_NOT_PROVEN_ADMISSION_ORDER,L_ROR
H2S,FULLY_SCHEDULED,COORD_CC_C07_PLC_C07_M01,MachineCoordination,280,0.30204962243797195,CANONICAL_INPUT_ID_NOT_PROVEN_ADMISSION_ORDER,L_ROR
H2S,FULLY_SCHEDULED,COORD_CC_C07_PLC_C07_M02,MachineCoordination,281,0.30312837108953616,CANONICAL_INPUT_ID_NOT_PROVEN_ADMISSION_ORDER,L_ROR
H2S,FULLY_SCHEDULED,COORD_CC_C07_PLC_C07_M03,MachineCoordination,282,0.3042071197411003,CANONICAL_INPUT_ID_NOT_PROVEN_ADMISSION_ORDER,L_ROR
H2S,FULLY_SCHEDULED,COORD_CC_C07_PLC_C07_M04,MachineCoordination,283,0.30528586839266453,CANONICAL_INPUT_ID_NOT_PROVEN_ADMISSION_ORDER,L_ROR
H2S,FULLY_SCHEDULED,COORD_CC_C08_PLC_C08_M01,MachineCoordination,284,0.3063646170442287,CANONICAL_INPUT_ID_NOT_PROVEN_ADMISSION_ORDER,L_ROR
H2S,FULLY_SCHEDULED,COORD_CC_C08_PLC_C08_M02,MachineCoordination,285,0.3074433656957929,CANONICAL_INPUT_ID_NOT_PROVEN_ADMISSION_ORDER,L_ROR
H2S,FULLY_SCHEDULED,COORD_CC_C08_PLC_C08_M03,MachineCoordination,286,0.30852211434735705,CANONICAL_INPUT_ID_NOT_PROVEN_ADMISSION_ORDER,L_ROR
H2S,FULLY_SCHEDULED,COORD_CC_C08_PLC_C08_M04,MachineCoordination,287,0.30960086299892126,CANONICAL_INPUT_ID_NOT_PROVEN_ADMISSION_ORDER,L_ROR
H2S,FULLY_SCHEDULED,COORD_CC_C09_PLC_C09_M01,MachineCoordination,288,0.3106796116504854,CANONICAL_INPUT_ID_NOT_PROVEN_ADMISSION_ORDER,L_ROR
H2S,FULLY_SCHEDULED,COORD_CC_C09_PLC_C09_M02,MachineCoordination,289,0.3117583603020496,CANONICAL_INPUT_ID_NOT_PROVEN_ADMISSION_ORDER,L_ROR
H2S,FULLY_SCHEDULED,COORD_CC_C09_PLC_C09_M03,MachineCoordination,290,0.31283710895361383,CANONICAL_INPUT_ID_NOT_PROVEN_ADMISSION_ORDER,L_ROR
H2S,FULLY_SCHEDULED,COORD_CC_C09_PLC_C09_M04,MachineCoordination,291,0.313915857605178,CANONICAL_INPUT_ID_NOT_PROVEN_ADMISSION_ORDER,L_ROR
H2S,FULLY_SCHEDULED,COORD_CC_C10_PLC_C10_M01,MachineCoordination,292,0.3149946062567422,CANONICAL_INPUT_ID_NOT_PROVEN_ADMISSION_ORDER,L_ROR
H2S,FULLY_SCHEDULED,COORD_CC_C10_PLC_C10_M02,MachineCoordination,293,0.31607335490830635,CANONICAL_INPUT_ID_NOT_PROVEN_ADMISSION_ORDER,L_ROR
H2S,FULLY_SCHEDULED,COORD_CC_C10_PLC_C10_M03,MachineCoordination,294,0.31715210355987056,CANONICAL_INPUT_ID_NOT_PROVEN_ADMISSION_ORDER,L_ROR
H2S,FULLY_SCHEDULED,COORD_CC_C10_PLC_C10_M04,MachineCoordination,295,0.3182308522114347,CANONICAL_INPUT_ID_NOT_PROVEN_ADMISSION_ORDER,L_ROR
H2S,FULLY_SCHEDULED,COORD_CC_C11_PLC_C11_M01,MachineCoordination,296,0.3193096008629989,CANONICAL_INPUT_ID_NOT_PROVEN_ADMISSION_ORDER,L_ROR
H2S,FULLY_SCHEDULED,COORD_CC_C11_PLC_C11_M02,MachineCoordination,297,0.32038834951456313,CANONICAL_INPUT_ID_NOT_PROVEN_ADMISSION_ORDER,L_ROR
H2S,FULLY_SCHEDULED,COORD_CC_C11_PLC_C11_M03,MachineCoordination,298,0.3214670981661273,CANONICAL_INPUT_ID_NOT_PROVEN_ADMISSION_ORDER,L_ROR
H2S,FULLY_SCHEDULED,COORD_CC_C11_PLC_C11_M04,MachineCoordination,299,0.3225458468176915,CANONICAL_INPUT_ID_NOT_PROVEN_ADMISSION_ORDER,L_ROR
H2S,FULLY_SCHEDULED,COORD_CC_C12_PLC_C12_M01,MachineCoordination,300,0.32362459546925565,CANONICAL_INPUT_ID_NOT_PROVEN_ADMISSION_ORDER,L_ROR
H2S,FULLY_SCHEDULED,COORD_CC_C12_PLC_C12_M02,MachineCoordination,301,0.32470334412081986,CANONICAL_INPUT_ID_NOT_PROVEN_ADMISSION_ORDER,L_ROR
H2S,FULLY_SCHEDULED,COORD_CC_C12_PLC_C12_M03,MachineCoordination,302,0.325782092772384,CANONICAL_INPUT_ID_NOT_PROVEN_ADMISSION_ORDER,L_ROR
H2S,FULLY_SCHEDULED,COORD_CC_C12_PLC_C12_M04,MachineCoordination,303,0.3268608414239482,CANONICAL_INPUT_ID_NOT_PROVEN_ADMISSION_ORDER,L_ROR
H2S,FULLY_SCHEDULED,COORD_CC_C13_PLC_C13_M01,MachineCoordination,304,0.32793959007551243,CANONICAL_INPUT_ID_NOT_PROVEN_ADMISSION_ORDER,L_ROR
H2S,FULLY_SCHEDULED,COORD_CC_C13_PLC_C13_M02,MachineCoordination,305,0.3290183387270766,CANONICAL_INPUT_ID_NOT_PROVEN_ADMISSION_ORDER,L_ROR
H2S,FULLY_SCHEDULED,COORD_CC_C13_PLC_C13_M03,MachineCoordination,306,0.3300970873786408,CANONICAL_INPUT_ID_NOT_PROVEN_ADMISSION_ORDER,L_ROR
H2S,FULLY_SCHEDULED,COORD_CC_C13_PLC_C13_M04,MachineCoordination,307,0.33117583603020495,CANONICAL_INPUT_ID_NOT_PROVEN_ADMISSION_ORDER,L_ROR
H2S,FULLY_SCHEDULED,COORD_CC_C14_PLC_C14_M01,MachineCoordination,308,0.33225458468176916,CANONICAL_INPUT_ID_NOT_PROVEN_ADMISSION_ORDER,L_ROR
H2S,FULLY_SCHEDULED,COORD_CC_C14_PLC_C14_M02,MachineCoordination,309,0.3333333333333333,CANONICAL_INPUT_ID_NOT_PROVEN_ADMISSION_ORDER,L_ROR
H2S,FULLY_SCHEDULED,COORD_CC_C14_PLC_C14_M03,MachineCoordination,310,0.3344120819848975,CANONICAL_INPUT_ID_NOT_PROVEN_ADMISSION_ORDER,L_ROR
H2S,FULLY_SCHEDULED,COORD_CC_C14_PLC_C14_M04,MachineCoordination,311,0.3354908306364617,CANONICAL_INPUT_ID_NOT_PROVEN_ADMISSION_ORDER,L_ROR
H2S,FULLY_SCHEDULED,COORD_CC_C15_PLC_C15_M01,MachineCoordination,312,0.3365695792880259,CANONICAL_INPUT_ID_NOT_PROVEN_ADMISSION_ORDER,L_ROR
H2S,FULLY_SCHEDULED,COORD_CC_C15_PLC_C15_M02,MachineCoordination,313,0.3376483279395901,CANONICAL_INPUT_ID_NOT_PROVEN_ADMISSION_ORDER,L_ROR
H2S,FULLY_SCHEDULED,COORD_CC_C15_PLC_C15_M03,MachineCoordination,314,0.33872707659115425,CANONICAL_INPUT_ID_NOT_PROVEN_ADMISSION_ORDER,L_ROR
H2S,FULLY_SCHEDULED,COORD_CC_C15_PLC_C15_M04,MachineCoordination,315,0.33980582524271846,CANONICAL_INPUT_ID_NOT_PROVEN_ADMISSION_ORDER,L_ROR
H2S,FULLY_SCHEDULED,COORD_CC_C16_PLC_C16_M01,MachineCoordination,316,0.3408845738942826,CANONICAL_INPUT_ID_NOT_PROVEN_ADMISSION_ORDER,L_ROR
H2S,FULLY_SCHEDULED,COORD_CC_C16_PLC_C16_M02,MachineCoordination,317,0.3419633225458468,CANONICAL_INPUT_ID_NOT_PROVEN_ADMISSION_ORDER,L_ROR
H2S,FULLY_SCHEDULED,COORD_CC_C16_PLC_C16_M03,MachineCoordination,318,0.343042071197411,CANONICAL_INPUT_ID_NOT_PROVEN_ADMISSION_ORDER,L_ROR
H2S,FULLY_SCHEDULED,COORD_CC_C16_PLC_C16_M04,MachineCoordination,319,0.3441208198489752,CANONICAL_INPUT_ID_NOT_PROVEN_ADMISSION_ORDER,L_ROR
H2S,FULLY_SCHEDULED,IC_NEXT_CC_C01,InterCellNext,320,0.3451995685005394,CANONICAL_INPUT_ID_NOT_PROVEN_ADMISSION_ORDER,L_ROR
H2S,FULLY_SCHEDULED,IC_NEXT_CC_C02,InterCellNext,321,0.34627831715210355,CANONICAL_INPUT_ID_NOT_PROVEN_ADMISSION_ORDER,L_ROR
H2S,FULLY_SCHEDULED,IC_NEXT_CC_C03,InterCellNext,322,0.34735706580366776,CANONICAL_INPUT_ID_NOT_PROVEN_ADMISSION_ORDER,L_ROR
H2S,FULLY_SCHEDULED,IC_NEXT_CC_C04,InterCellNext,323,0.3484358144552319,CANONICAL_INPUT_ID_NOT_PROVEN_ADMISSION_ORDER,L_ROR
H2S,FULLY_SCHEDULED,IC_NEXT_CC_C05,InterCellNext,324,0.34951456310679613,CANONICAL_INPUT_ID_NOT_PROVEN_ADMISSION_ORDER,L_ROR
H2S,FULLY_SCHEDULED,IC_NEXT_CC_C06,InterCellNext,325,0.3505933117583603,CANONICAL_INPUT_ID_NOT_PROVEN_ADMISSION_ORDER,L_ROR
H2S,FULLY_SCHEDULED,IC_NEXT_CC_C07,InterCellNext,326,0.3516720604099245,CANONICAL_INPUT_ID_NOT_PROVEN_ADMISSION_ORDER,L_ROR
H2S,FULLY_SCHEDULED,IC_NEXT_CC_C08,InterCellNext,327,0.35275080906148865,CANONICAL_INPUT_ID_NOT_PROVEN_ADMISSION_ORDER,L_ROR
H2S,FULLY_SCHEDULED,IC_NEXT_CC_C09,InterCellNext,328,0.35382955771305286,CANONICAL_INPUT_ID_NOT_PROVEN_ADMISSION_ORDER,L_ROR
H2S,FULLY_SCHEDULED,IC_NEXT_CC_C10,InterCellNext,329,0.35490830636461707,CANONICAL_INPUT_ID_NOT_PROVEN_ADMISSION_ORDER,L_ROR
H2S,FULLY_SCHEDULED,IC_NEXT_CC_C11,InterCellNext,330,0.3559870550161812,CANONICAL_INPUT_ID_NOT_PROVEN_ADMISSION_ORDER,L_ROR
H2S,FULLY_SCHEDULED,IC_NEXT_CC_C12,InterCellNext,331,0.35706580366774543,CANONICAL_INPUT_ID_NOT_PROVEN_ADMISSION_ORDER,L_ROR
H2S,FULLY_SCHEDULED,IC_NEXT_CC_C13,InterCellNext,332,0.3581445523193096,CANONICAL_INPUT_ID_NOT_PROVEN_ADMISSION_ORDER,L_ROR
H2S,FULLY_SCHEDULED,IC_NEXT_CC_C14,InterCellNext,333,0.3592233009708738,CANONICAL_INPUT_ID_NOT_PROVEN_ADMISSION_ORDER,L_ROR
H2S,FULLY_SCHEDULED,IC_NEXT_CC_C15,InterCellNext,334,0.36030204962243795,CANONICAL_INPUT_ID_NOT_PROVEN_ADMISSION_ORDER,L_ROR
H2S,FULLY_SCHEDULED,IC_NEXT_CC_C16,InterCellNext,335,0.36138079827400216,CANONICAL_INPUT_ID_NOT_PROVEN_ADMISSION_ORDER,L_ROR
H2S,FULLY_SCHEDULED,IC_PREV_CC_C01,InterCellPrevious,336,0.36245954692556637,CANONICAL_INPUT_ID_NOT_PROVEN_ADMISSION_ORDER,L_ROR
H2S,FULLY_SCHEDULED,IC_PREV_CC_C02,InterCellPrevious,337,0.3635382955771305,CANONICAL_INPUT_ID_NOT_PROVEN_ADMISSION_ORDER,L_ROR
H2S,ZERO_SCHEDULED,IC_PREV_CC_C03,InterCellPrevious,338,0.36461704422869473,CANONICAL_INPUT_ID_NOT_PROVEN_ADMISSION_ORDER,L_ROR
H2S,FULLY_SCHEDULED,IC_PREV_CC_C04,InterCellPrevious,339,0.3656957928802589,CANONICAL_INPUT_ID_NOT_PROVEN_ADMISSION_ORDER,L_ROR
H2S,FULLY_SCHEDULED,IC_PREV_CC_C05,InterCellPrevious,340,0.3667745415318231,CANONICAL_INPUT_ID_NOT_PROVEN_ADMISSION_ORDER,L_ROR
H2S,FULLY_SCHEDULED,IC_PREV_CC_C06,InterCellPrevious,341,0.36785329018338725,CANONICAL_INPUT_ID_NOT_PROVEN_ADMISSION_ORDER,L_ROR
H2S,FULLY_SCHEDULED,IC_PREV_CC_C07,InterCellPrevious,342,0.36893203883495146,CANONICAL_INPUT_ID_NOT_PROVEN_ADMISSION_ORDER,L_ROR
H2S,FULLY_SCHEDULED,IC_PREV_CC_C08,InterCellPrevious,343,0.37001078748651567,CANONICAL_INPUT_ID_NOT_PROVEN_ADMISSION_ORDER,L_ROR
H2S,FULLY_SCHEDULED,IC_PREV_CC_C09,InterCellPrevious,344,0.3710895361380798,CANONICAL_INPUT_ID_NOT_PROVEN_ADMISSION_ORDER,L_ROR
H2S,FULLY_SCHEDULED,IC_PREV_CC_C10,InterCellPrevious,345,0.37216828478964403,CANONICAL_INPUT_ID_NOT_PROVEN_ADMISSION_ORDER,L_ROR
H2S,FULLY_SCHEDULED,IC_PREV_CC_C11,InterCellPrevious,346,0.3732470334412082,CANONICAL_INPUT_ID_NOT_PROVEN_ADMISSION_ORDER,L_ROR
H2S,FULLY_SCHEDULED,IC_PREV_CC_C12,InterCellPrevious,347,0.3743257820927724,CANONICAL_INPUT_ID_NOT_PROVEN_ADMISSION_ORDER,L_ROR
H2S,FULLY_SCHEDULED,IC_PREV_CC_C13,InterCellPrevious,348,0.37540453074433655,CANONICAL_INPUT_ID_NOT_PROVEN_ADMISSION_ORDER,L_ROR
H2S,FULLY_SCHEDULED,IC_PREV_CC_C14,InterCellPrevious,349,0.37648327939590076,CANONICAL_INPUT_ID_NOT_PROVEN_ADMISSION_ORDER,L_ROR
H2S,FULLY_SCHEDULED,IC_PREV_CC_C15,InterCellPrevious,350,0.3775620280474649,CANONICAL_INPUT_ID_NOT_PROVEN_ADMISSION_ORDER,L_ROR
H2S,FULLY_SCHEDULED,IC_PREV_CC_C16,InterCellPrevious,351,0.3786407766990291,CANONICAL_INPUT_ID_NOT_PROVEN_ADMISSION_ORDER,L_ROR
H2S,FULLY_SCHEDULED,SC_S1_C01_M01,SensorCyclic,352,0.37971952535059333,CANONICAL_INPUT_ID_NOT_PROVEN_ADMISSION_ORDER,L_ROR
H2S,FULLY_SCHEDULED,SC_S1_C01_M02,SensorCyclic,353,0.3807982740021575,CANONICAL_INPUT_ID_NOT_PROVEN_ADMISSION_ORDER,L_ROR
H2S,FULLY_SCHEDULED,SC_S1_C01_M03,SensorCyclic,354,0.3818770226537217,CANONICAL_INPUT_ID_NOT_PROVEN_ADMISSION_ORDER,L_ROR
H2S,FULLY_SCHEDULED,SC_S1_C01_M04,SensorCyclic,355,0.38295577130528585,CANONICAL_INPUT_ID_NOT_PROVEN_ADMISSION_ORDER,L_ROR
H2S,FULLY_SCHEDULED,SC_S1_C02_M01,SensorCyclic,356,0.38403451995685006,CANONICAL_INPUT_ID_NOT_PROVEN_ADMISSION_ORDER,L_ROR
H2S,FULLY_SCHEDULED,SC_S1_C02_M02,SensorCyclic,357,0.3851132686084142,CANONICAL_INPUT_ID_NOT_PROVEN_ADMISSION_ORDER,L_ROR
H2S,FULLY_SCHEDULED,SC_S1_C02_M03,SensorCyclic,358,0.3861920172599784,CANONICAL_INPUT_ID_NOT_PROVEN_ADMISSION_ORDER,L_ROR
H2S,FULLY_SCHEDULED,SC_S1_C02_M04,SensorCyclic,359,0.38727076591154264,CANONICAL_INPUT_ID_NOT_PROVEN_ADMISSION_ORDER,L_ROR
H2S,FULLY_SCHEDULED,SC_S1_C03_M01,SensorCyclic,360,0.3883495145631068,CANONICAL_INPUT_ID_NOT_PROVEN_ADMISSION_ORDER,L_ROR
H2S,FULLY_SCHEDULED,SC_S1_C03_M02,SensorCyclic,361,0.389428263214671,CANONICAL_INPUT_ID_NOT_PROVEN_ADMISSION_ORDER,L_ROR
H2S,FULLY_SCHEDULED,SC_S1_C03_M03,SensorCyclic,362,0.39050701186623515,CANONICAL_INPUT_ID_NOT_PROVEN_ADMISSION_ORDER,L_ROR
H2S,FULLY_SCHEDULED,SC_S1_C03_M04,SensorCyclic,363,0.39158576051779936,CANONICAL_INPUT_ID_NOT_PROVEN_ADMISSION_ORDER,L_ROR
H2S,FULLY_SCHEDULED,SC_S1_C04_M01,SensorCyclic,364,0.3926645091693635,CANONICAL_INPUT_ID_NOT_PROVEN_ADMISSION_ORDER,L_ROR
H2S,FULLY_SCHEDULED,SC_S1_C04_M02,SensorCyclic,365,0.39374325782092773,CANONICAL_INPUT_ID_NOT_PROVEN_ADMISSION_ORDER,L_ROR
H2S,FULLY_SCHEDULED,SC_S1_C04_M03,SensorCyclic,366,0.3948220064724919,CANONICAL_INPUT_ID_NOT_PROVEN_ADMISSION_ORDER,L_ROR
H2S,FULLY_SCHEDULED,SC_S1_C04_M04,SensorCyclic,367,0.3959007551240561,CANONICAL_INPUT_ID_NOT_PROVEN_ADMISSION_ORDER,L_ROR
H2S,FULLY_SCHEDULED,SC_S1_C05_M01,SensorCyclic,368,0.3969795037756203,CANONICAL_INPUT_ID_NOT_PROVEN_ADMISSION_ORDER,L_ROR
H2S,FULLY_SCHEDULED,SC_S1_C05_M02,SensorCyclic,369,0.39805825242718446,CANONICAL_INPUT_ID_NOT_PROVEN_ADMISSION_ORDER,L_ROR
H2S,FULLY_SCHEDULED,SC_S1_C05_M03,SensorCyclic,370,0.39913700107874867,CANONICAL_INPUT_ID_NOT_PROVEN_ADMISSION_ORDER,L_ROR
H2S,FULLY_SCHEDULED,SC_S1_C05_M04,SensorCyclic,371,0.4002157497303128,CANONICAL_INPUT_ID_NOT_PROVEN_ADMISSION_ORDER,L_ROR
H2S,FULLY_SCHEDULED,SC_S1_C06_M01,SensorCyclic,372,0.40129449838187703,CANONICAL_INPUT_ID_NOT_PROVEN_ADMISSION_ORDER,L_ROR
H2S,FULLY_SCHEDULED,SC_S1_C06_M02,SensorCyclic,373,0.4023732470334412,CANONICAL_INPUT_ID_NOT_PROVEN_ADMISSION_ORDER,L_ROR
H2S,FULLY_SCHEDULED,SC_S1_C06_M03,SensorCyclic,374,0.4034519956850054,CANONICAL_INPUT_ID_NOT_PROVEN_ADMISSION_ORDER,L_ROR
H2S,FULLY_SCHEDULED,SC_S1_C06_M04,SensorCyclic,375,0.4045307443365696,CANONICAL_INPUT_ID_NOT_PROVEN_ADMISSION_ORDER,L_ROR
H2S,FULLY_SCHEDULED,SC_S1_C07_M01,SensorCyclic,376,0.40560949298813376,CANONICAL_INPUT_ID_NOT_PROVEN_ADMISSION_ORDER,L_ROR
H2S,FULLY_SCHEDULED,SC_S1_C07_M02,SensorCyclic,377,0.40668824163969797,CANONICAL_INPUT_ID_NOT_PROVEN_ADMISSION_ORDER,L_ROR
H2S,FULLY_SCHEDULED,SC_S1_C07_M03,SensorCyclic,378,0.4077669902912621,CANONICAL_INPUT_ID_NOT_PROVEN_ADMISSION_ORDER,L_ROR
H2S,FULLY_SCHEDULED,SC_S1_C07_M04,SensorCyclic,379,0.40884573894282633,CANONICAL_INPUT_ID_NOT_PROVEN_ADMISSION_ORDER,L_ROR
H2S,FULLY_SCHEDULED,SC_S1_C08_M01,SensorCyclic,380,0.4099244875943905,CANONICAL_INPUT_ID_NOT_PROVEN_ADMISSION_ORDER,L_ROR
H2S,FULLY_SCHEDULED,SC_S1_C08_M02,SensorCyclic,381,0.4110032362459547,CANONICAL_INPUT_ID_NOT_PROVEN_ADMISSION_ORDER,L_ROR
H2S,FULLY_SCHEDULED,SC_S1_C08_M03,SensorCyclic,382,0.4120819848975189,CANONICAL_INPUT_ID_NOT_PROVEN_ADMISSION_ORDER,L_ROR
H2S,FULLY_SCHEDULED,SC_S1_C08_M04,SensorCyclic,383,0.41316073354908306,CANONICAL_INPUT_ID_NOT_PROVEN_ADMISSION_ORDER,L_ROR
H2S,FULLY_SCHEDULED,SC_S1_C09_M01,SensorCyclic,384,0.41423948220064727,CANONICAL_INPUT_ID_NOT_PROVEN_ADMISSION_ORDER,L_ROR
H2S,FULLY_SCHEDULED,SC_S1_C09_M02,SensorCyclic,385,0.4153182308522114,CANONICAL_INPUT_ID_NOT_PROVEN_ADMISSION_ORDER,L_ROR
H2S,FULLY_SCHEDULED,SC_S1_C09_M03,SensorCyclic,386,0.41639697950377563,CANONICAL_INPUT_ID_NOT_PROVEN_ADMISSION_ORDER,L_ROR
H2S,FULLY_SCHEDULED,SC_S1_C09_M04,SensorCyclic,387,0.4174757281553398,CANONICAL_INPUT_ID_NOT_PROVEN_ADMISSION_ORDER,L_ROR
H2S,FULLY_SCHEDULED,SC_S1_C10_M01,SensorCyclic,388,0.418554476806904,CANONICAL_INPUT_ID_NOT_PROVEN_ADMISSION_ORDER,L_ROR
H2S,FULLY_SCHEDULED,SC_S1_C10_M02,SensorCyclic,389,0.41963322545846815,CANONICAL_INPUT_ID_NOT_PROVEN_ADMISSION_ORDER,L_ROR
H2S,FULLY_SCHEDULED,SC_S1_C10_M03,SensorCyclic,390,0.42071197411003236,CANONICAL_INPUT_ID_NOT_PROVEN_ADMISSION_ORDER,L_ROR
H2S,FULLY_SCHEDULED,SC_S1_C10_M04,SensorCyclic,391,0.42179072276159657,CANONICAL_INPUT_ID_NOT_PROVEN_ADMISSION_ORDER,L_ROR
H2S,FULLY_SCHEDULED,SC_S1_C11_M01,SensorCyclic,392,0.4228694714131607,CANONICAL_INPUT_ID_NOT_PROVEN_ADMISSION_ORDER,L_ROR
H2S,FULLY_SCHEDULED,SC_S1_C11_M02,SensorCyclic,393,0.42394822006472493,CANONICAL_INPUT_ID_NOT_PROVEN_ADMISSION_ORDER,L_ROR
H2S,FULLY_SCHEDULED,SC_S1_C11_M03,SensorCyclic,394,0.4250269687162891,CANONICAL_INPUT_ID_NOT_PROVEN_ADMISSION_ORDER,L_ROR
H2S,FULLY_SCHEDULED,SC_S1_C11_M04,SensorCyclic,395,0.4261057173678533,CANONICAL_INPUT_ID_NOT_PROVEN_ADMISSION_ORDER,L_ROR
H2S,FULLY_SCHEDULED,SC_S1_C12_M01,SensorCyclic,396,0.42718446601941745,CANONICAL_INPUT_ID_NOT_PROVEN_ADMISSION_ORDER,L_ROR
H2S,FULLY_SCHEDULED,SC_S1_C12_M02,SensorCyclic,397,0.42826321467098166,CANONICAL_INPUT_ID_NOT_PROVEN_ADMISSION_ORDER,L_ROR
H2S,FULLY_SCHEDULED,SC_S1_C12_M03,SensorCyclic,398,0.42934196332254587,CANONICAL_INPUT_ID_NOT_PROVEN_ADMISSION_ORDER,L_ROR
H2S,FULLY_SCHEDULED,SC_S1_C12_M04,SensorCyclic,399,0.43042071197411,CANONICAL_INPUT_ID_NOT_PROVEN_ADMISSION_ORDER,L_ROR
H2S,FULLY_SCHEDULED,SC_S1_C13_M01,SensorCyclic,400,0.43149946062567424,CANONICAL_INPUT_ID_NOT_PROVEN_ADMISSION_ORDER,L_ROR
H2S,FULLY_SCHEDULED,SC_S1_C13_M02,SensorCyclic,401,0.4325782092772384,CANONICAL_INPUT_ID_NOT_PROVEN_ADMISSION_ORDER,L_ROR
H2S,FULLY_SCHEDULED,SC_S1_C13_M03,SensorCyclic,402,0.4336569579288026,CANONICAL_INPUT_ID_NOT_PROVEN_ADMISSION_ORDER,L_ROR
H2S,FULLY_SCHEDULED,SC_S1_C13_M04,SensorCyclic,403,0.43473570658036675,CANONICAL_INPUT_ID_NOT_PROVEN_ADMISSION_ORDER,L_ROR
H2S,FULLY_SCHEDULED,SC_S1_C14_M01,SensorCyclic,404,0.43581445523193096,CANONICAL_INPUT_ID_NOT_PROVEN_ADMISSION_ORDER,L_ROR
H2S,FULLY_SCHEDULED,SC_S1_C14_M02,SensorCyclic,405,0.4368932038834951,CANONICAL_INPUT_ID_NOT_PROVEN_ADMISSION_ORDER,L_ROR
H2S,FULLY_SCHEDULED,SC_S1_C14_M03,SensorCyclic,406,0.43797195253505933,CANONICAL_INPUT_ID_NOT_PROVEN_ADMISSION_ORDER,L_ROR
H2S,FULLY_SCHEDULED,SC_S1_C14_M04,SensorCyclic,407,0.43905070118662354,CANONICAL_INPUT_ID_NOT_PROVEN_ADMISSION_ORDER,L_ROR
H2S,FULLY_SCHEDULED,SC_S1_C15_M01,SensorCyclic,408,0.4401294498381877,CANONICAL_INPUT_ID_NOT_PROVEN_ADMISSION_ORDER,L_ROR
H2S,FULLY_SCHEDULED,SC_S1_C15_M02,SensorCyclic,409,0.4412081984897519,CANONICAL_INPUT_ID_NOT_PROVEN_ADMISSION_ORDER,L_ROR
H2S,FULLY_SCHEDULED,SC_S1_C15_M03,SensorCyclic,410,0.44228694714131606,CANONICAL_INPUT_ID_NOT_PROVEN_ADMISSION_ORDER,L_ROR
H2S,FULLY_SCHEDULED,SC_S1_C15_M04,SensorCyclic,411,0.44336569579288027,CANONICAL_INPUT_ID_NOT_PROVEN_ADMISSION_ORDER,L_ROR
H2S,FULLY_SCHEDULED,SC_S1_C16_M01,SensorCyclic,412,0.4444444444444444,CANONICAL_INPUT_ID_NOT_PROVEN_ADMISSION_ORDER,L_ROR
H2S,FULLY_SCHEDULED,SC_S1_C16_M02,SensorCyclic,413,0.44552319309600863,CANONICAL_INPUT_ID_NOT_PROVEN_ADMISSION_ORDER,L_ROR
H2S,FULLY_SCHEDULED,SC_S1_C16_M03,SensorCyclic,414,0.44660194174757284,CANONICAL_INPUT_ID_NOT_PROVEN_ADMISSION_ORDER,L_ROR
H2S,FULLY_SCHEDULED,SC_S1_C16_M04,SensorCyclic,415,0.447680690399137,CANONICAL_INPUT_ID_NOT_PROVEN_ADMISSION_ORDER,L_ROR
H2S,FULLY_SCHEDULED,SC_S2_C01_M01,SensorCyclic,416,0.4487594390507012,CANONICAL_INPUT_ID_NOT_PROVEN_ADMISSION_ORDER,L_ROR
H2S,FULLY_SCHEDULED,SC_S2_C01_M02,SensorCyclic,417,0.44983818770226536,CANONICAL_INPUT_ID_NOT_PROVEN_ADMISSION_ORDER,L_ROR
H2S,FULLY_SCHEDULED,SC_S2_C01_M03,SensorCyclic,418,0.45091693635382957,CANONICAL_INPUT_ID_NOT_PROVEN_ADMISSION_ORDER,L_ROR
H2S,FULLY_SCHEDULED,SC_S2_C01_M04,SensorCyclic,419,0.4519956850053937,CANONICAL_INPUT_ID_NOT_PROVEN_ADMISSION_ORDER,L_ROR
H2S,FULLY_SCHEDULED,SC_S2_C02_M01,SensorCyclic,420,0.45307443365695793,CANONICAL_INPUT_ID_NOT_PROVEN_ADMISSION_ORDER,L_ROR
H2S,FULLY_SCHEDULED,SC_S2_C02_M02,SensorCyclic,421,0.45415318230852214,CANONICAL_INPUT_ID_NOT_PROVEN_ADMISSION_ORDER,L_ROR
H2S,FULLY_SCHEDULED,SC_S2_C02_M03,SensorCyclic,422,0.4552319309600863,CANONICAL_INPUT_ID_NOT_PROVEN_ADMISSION_ORDER,L_ROR
H2S,FULLY_SCHEDULED,SC_S2_C02_M04,SensorCyclic,423,0.4563106796116505,CANONICAL_INPUT_ID_NOT_PROVEN_ADMISSION_ORDER,L_ROR
H2S,FULLY_SCHEDULED,SC_S2_C03_M01,SensorCyclic,424,0.45738942826321466,CANONICAL_INPUT_ID_NOT_PROVEN_ADMISSION_ORDER,L_ROR
H2S,FULLY_SCHEDULED,SC_S2_C03_M02,SensorCyclic,425,0.45846817691477887,CANONICAL_INPUT_ID_NOT_PROVEN_ADMISSION_ORDER,L_ROR
H2S,FULLY_SCHEDULED,SC_S2_C03_M03,SensorCyclic,426,0.459546925566343,CANONICAL_INPUT_ID_NOT_PROVEN_ADMISSION_ORDER,L_ROR
H2S,FULLY_SCHEDULED,SC_S2_C03_M04,SensorCyclic,427,0.46062567421790723,CANONICAL_INPUT_ID_NOT_PROVEN_ADMISSION_ORDER,L_ROR
H2S,FULLY_SCHEDULED,SC_S2_C04_M01,SensorCyclic,428,0.4617044228694714,CANONICAL_INPUT_ID_NOT_PROVEN_ADMISSION_ORDER,L_ROR
H2S,FULLY_SCHEDULED,SC_S2_C04_M02,SensorCyclic,429,0.4627831715210356,CANONICAL_INPUT_ID_NOT_PROVEN_ADMISSION_ORDER,L_ROR
H2S,FULLY_SCHEDULED,SC_S2_C04_M03,SensorCyclic,430,0.4638619201725998,CANONICAL_INPUT_ID_NOT_PROVEN_ADMISSION_ORDER,L_ROR
H2S,FULLY_SCHEDULED,SC_S2_C04_M04,SensorCyclic,431,0.46494066882416396,CANONICAL_INPUT_ID_NOT_PROVEN_ADMISSION_ORDER,L_ROR
H2S,FULLY_SCHEDULED,SC_S2_C05_M01,SensorCyclic,432,0.46601941747572817,CANONICAL_INPUT_ID_NOT_PROVEN_ADMISSION_ORDER,L_ROR
H2S,FULLY_SCHEDULED,SC_S2_C05_M02,SensorCyclic,433,0.4670981661272923,CANONICAL_INPUT_ID_NOT_PROVEN_ADMISSION_ORDER,L_ROR
H2S,FULLY_SCHEDULED,SC_S2_C05_M03,SensorCyclic,434,0.46817691477885653,CANONICAL_INPUT_ID_NOT_PROVEN_ADMISSION_ORDER,L_ROR
H2S,FULLY_SCHEDULED,SC_S2_C05_M04,SensorCyclic,435,0.4692556634304207,CANONICAL_INPUT_ID_NOT_PROVEN_ADMISSION_ORDER,L_ROR
H2S,FULLY_SCHEDULED,SC_S2_C06_M01,SensorCyclic,436,0.4703344120819849,CANONICAL_INPUT_ID_NOT_PROVEN_ADMISSION_ORDER,L_ROR
H2S,FULLY_SCHEDULED,SC_S2_C06_M02,SensorCyclic,437,0.4714131607335491,CANONICAL_INPUT_ID_NOT_PROVEN_ADMISSION_ORDER,L_ROR
H2S,FULLY_SCHEDULED,SC_S2_C06_M03,SensorCyclic,438,0.47249190938511326,CANONICAL_INPUT_ID_NOT_PROVEN_ADMISSION_ORDER,L_ROR
H2S,FULLY_SCHEDULED,SC_S2_C06_M04,SensorCyclic,439,0.47357065803667747,CANONICAL_INPUT_ID_NOT_PROVEN_ADMISSION_ORDER,L_ROR
H2S,FULLY_SCHEDULED,SC_S2_C07_M01,SensorCyclic,440,0.4746494066882416,CANONICAL_INPUT_ID_NOT_PROVEN_ADMISSION_ORDER,L_ROR
H2S,FULLY_SCHEDULED,SC_S2_C07_M02,SensorCyclic,441,0.47572815533980584,CANONICAL_INPUT_ID_NOT_PROVEN_ADMISSION_ORDER,L_ROR
H2S,FULLY_SCHEDULED,SC_S2_C07_M03,SensorCyclic,442,0.47680690399137,CANONICAL_INPUT_ID_NOT_PROVEN_ADMISSION_ORDER,L_ROR
H2S,FULLY_SCHEDULED,SC_S2_C07_M04,SensorCyclic,443,0.4778856526429342,CANONICAL_INPUT_ID_NOT_PROVEN_ADMISSION_ORDER,L_ROR
H2S,FULLY_SCHEDULED,SC_S2_C08_M01,SensorCyclic,444,0.47896440129449835,CANONICAL_INPUT_ID_NOT_PROVEN_ADMISSION_ORDER,L_ROR
H2S,FULLY_SCHEDULED,SC_S2_C08_M02,SensorCyclic,445,0.48004314994606256,CANONICAL_INPUT_ID_NOT_PROVEN_ADMISSION_ORDER,L_ROR
H2S,FULLY_SCHEDULED,SC_S2_C08_M03,SensorCyclic,446,0.4811218985976268,CANONICAL_INPUT_ID_NOT_PROVEN_ADMISSION_ORDER,L_ROR
H2S,FULLY_SCHEDULED,SC_S2_C08_M04,SensorCyclic,447,0.48220064724919093,CANONICAL_INPUT_ID_NOT_PROVEN_ADMISSION_ORDER,L_ROR
H2S,FULLY_SCHEDULED,SC_S2_C09_M01,SensorCyclic,448,0.48327939590075514,CANONICAL_INPUT_ID_NOT_PROVEN_ADMISSION_ORDER,L_ROR
H2S,FULLY_SCHEDULED,SC_S2_C09_M02,SensorCyclic,449,0.4843581445523193,CANONICAL_INPUT_ID_NOT_PROVEN_ADMISSION_ORDER,L_ROR
H2S,FULLY_SCHEDULED,SC_S2_C09_M03,SensorCyclic,450,0.4854368932038835,CANONICAL_INPUT_ID_NOT_PROVEN_ADMISSION_ORDER,L_ROR
H2S,FULLY_SCHEDULED,SC_S2_C09_M04,SensorCyclic,451,0.48651564185544766,CANONICAL_INPUT_ID_NOT_PROVEN_ADMISSION_ORDER,L_ROR
H2S,FULLY_SCHEDULED,SC_S2_C10_M01,SensorCyclic,452,0.48759439050701187,CANONICAL_INPUT_ID_NOT_PROVEN_ADMISSION_ORDER,L_ROR
H2S,FULLY_SCHEDULED,SC_S2_C10_M02,SensorCyclic,453,0.4886731391585761,CANONICAL_INPUT_ID_NOT_PROVEN_ADMISSION_ORDER,L_ROR
H2S,FULLY_SCHEDULED,SC_S2_C10_M03,SensorCyclic,454,0.48975188781014023,CANONICAL_INPUT_ID_NOT_PROVEN_ADMISSION_ORDER,L_ROR
H2S,FULLY_SCHEDULED,SC_S2_C10_M04,SensorCyclic,455,0.49083063646170444,CANONICAL_INPUT_ID_NOT_PROVEN_ADMISSION_ORDER,L_ROR
H2S,FULLY_SCHEDULED,SC_S2_C11_M01,SensorCyclic,456,0.4919093851132686,CANONICAL_INPUT_ID_NOT_PROVEN_ADMISSION_ORDER,L_ROR
H2S,FULLY_SCHEDULED,SC_S2_C11_M02,SensorCyclic,457,0.4929881337648328,CANONICAL_INPUT_ID_NOT_PROVEN_ADMISSION_ORDER,L_ROR
H2S,FULLY_SCHEDULED,SC_S2_C11_M03,SensorCyclic,458,0.49406688241639696,CANONICAL_INPUT_ID_NOT_PROVEN_ADMISSION_ORDER,L_ROR
H2S,FULLY_SCHEDULED,SC_S2_C11_M04,SensorCyclic,459,0.49514563106796117,CANONICAL_INPUT_ID_NOT_PROVEN_ADMISSION_ORDER,L_ROR
H2S,FULLY_SCHEDULED,SC_S2_C12_M01,SensorCyclic,460,0.4962243797195254,CANONICAL_INPUT_ID_NOT_PROVEN_ADMISSION_ORDER,L_ROR
H2S,FULLY_SCHEDULED,SC_S2_C12_M02,SensorCyclic,461,0.49730312837108953,CANONICAL_INPUT_ID_NOT_PROVEN_ADMISSION_ORDER,L_ROR
H2S,FULLY_SCHEDULED,SC_S2_C12_M03,SensorCyclic,462,0.49838187702265374,CANONICAL_INPUT_ID_NOT_PROVEN_ADMISSION_ORDER,L_ROR
H2S,FULLY_SCHEDULED,SC_S2_C12_M04,SensorCyclic,463,0.4994606256742179,CANONICAL_INPUT_ID_NOT_PROVEN_ADMISSION_ORDER,L_ROR
H2S,FULLY_SCHEDULED,SC_S2_C13_M01,SensorCyclic,464,0.5005393743257821,CANONICAL_INPUT_ID_NOT_PROVEN_ADMISSION_ORDER,L_ROR
H2S,FULLY_SCHEDULED,SC_S2_C13_M02,SensorCyclic,465,0.5016181229773463,CANONICAL_INPUT_ID_NOT_PROVEN_ADMISSION_ORDER,L_ROR
H2S,FULLY_SCHEDULED,SC_S2_C13_M03,SensorCyclic,466,0.5026968716289104,CANONICAL_INPUT_ID_NOT_PROVEN_ADMISSION_ORDER,L_ROR
H2S,FULLY_SCHEDULED,SC_S2_C13_M04,SensorCyclic,467,0.5037756202804746,CANONICAL_INPUT_ID_NOT_PROVEN_ADMISSION_ORDER,L_ROR
H2S,FULLY_SCHEDULED,SC_S2_C14_M01,SensorCyclic,468,0.5048543689320388,CANONICAL_INPUT_ID_NOT_PROVEN_ADMISSION_ORDER,L_ROR
H2S,FULLY_SCHEDULED,SC_S2_C14_M02,SensorCyclic,469,0.505933117583603,CANONICAL_INPUT_ID_NOT_PROVEN_ADMISSION_ORDER,L_ROR
H2S,FULLY_SCHEDULED,SC_S2_C14_M03,SensorCyclic,470,0.5070118662351673,CANONICAL_INPUT_ID_NOT_PROVEN_ADMISSION_ORDER,L_ROR
H2S,FULLY_SCHEDULED,SC_S2_C14_M04,SensorCyclic,471,0.5080906148867314,CANONICAL_INPUT_ID_NOT_PROVEN_ADMISSION_ORDER,L_ROR
H2S,FULLY_SCHEDULED,SC_S2_C15_M01,SensorCyclic,472,0.5091693635382956,CANONICAL_INPUT_ID_NOT_PROVEN_ADMISSION_ORDER,L_ROR
H2S,FULLY_SCHEDULED,SC_S2_C15_M02,SensorCyclic,473,0.5102481121898598,CANONICAL_INPUT_ID_NOT_PROVEN_ADMISSION_ORDER,L_ROR
H2S,FULLY_SCHEDULED,SC_S2_C15_M03,SensorCyclic,474,0.511326860841424,CANONICAL_INPUT_ID_NOT_PROVEN_ADMISSION_ORDER,L_ROR
H2S,FULLY_SCHEDULED,SC_S2_C15_M04,SensorCyclic,475,0.5124056094929881,CANONICAL_INPUT_ID_NOT_PROVEN_ADMISSION_ORDER,L_ROR
H2S,FULLY_SCHEDULED,SC_S2_C16_M01,SensorCyclic,476,0.5134843581445523,CANONICAL_INPUT_ID_NOT_PROVEN_ADMISSION_ORDER,L_ROR
H2S,FULLY_SCHEDULED,SC_S2_C16_M02,SensorCyclic,477,0.5145631067961165,CANONICAL_INPUT_ID_NOT_PROVEN_ADMISSION_ORDER,L_ROR
H2S,FULLY_SCHEDULED,SC_S2_C16_M03,SensorCyclic,478,0.5156418554476807,CANONICAL_INPUT_ID_NOT_PROVEN_ADMISSION_ORDER,L_ROR
H2S,FULLY_SCHEDULED,SC_S2_C16_M04,SensorCyclic,479,0.5167206040992449,CANONICAL_INPUT_ID_NOT_PROVEN_ADMISSION_ORDER,L_ROR
H2S,FULLY_SCHEDULED,SC_S3_C01_M01,SensorCyclic,480,0.517799352750809,CANONICAL_INPUT_ID_NOT_PROVEN_ADMISSION_ORDER,L_ROR
H2S,FULLY_SCHEDULED,SC_S3_C01_M02,SensorCyclic,481,0.5188781014023732,CANONICAL_INPUT_ID_NOT_PROVEN_ADMISSION_ORDER,L_ROR
H2S,FULLY_SCHEDULED,SC_S3_C01_M03,SensorCyclic,482,0.5199568500539374,CANONICAL_INPUT_ID_NOT_PROVEN_ADMISSION_ORDER,L_ROR
H2S,FULLY_SCHEDULED,SC_S3_C01_M04,SensorCyclic,483,0.5210355987055016,CANONICAL_INPUT_ID_NOT_PROVEN_ADMISSION_ORDER,L_ROR
H2S,FULLY_SCHEDULED,SC_S3_C02_M01,SensorCyclic,484,0.5221143473570659,CANONICAL_INPUT_ID_NOT_PROVEN_ADMISSION_ORDER,L_ROR
H2S,FULLY_SCHEDULED,SC_S3_C02_M02,SensorCyclic,485,0.52319309600863,CANONICAL_INPUT_ID_NOT_PROVEN_ADMISSION_ORDER,L_ROR
H2S,FULLY_SCHEDULED,SC_S3_C02_M03,SensorCyclic,486,0.5242718446601942,CANONICAL_INPUT_ID_NOT_PROVEN_ADMISSION_ORDER,L_ROR
H2S,FULLY_SCHEDULED,SC_S3_C02_M04,SensorCyclic,487,0.5253505933117584,CANONICAL_INPUT_ID_NOT_PROVEN_ADMISSION_ORDER,L_ROR
H2S,FULLY_SCHEDULED,SC_S3_C03_M01,SensorCyclic,488,0.5264293419633226,CANONICAL_INPUT_ID_NOT_PROVEN_ADMISSION_ORDER,L_ROR
H2S,FULLY_SCHEDULED,SC_S3_C03_M02,SensorCyclic,489,0.5275080906148867,CANONICAL_INPUT_ID_NOT_PROVEN_ADMISSION_ORDER,L_ROR
H2S,FULLY_SCHEDULED,SC_S3_C03_M03,SensorCyclic,490,0.5285868392664509,CANONICAL_INPUT_ID_NOT_PROVEN_ADMISSION_ORDER,L_ROR
H2S,FULLY_SCHEDULED,SC_S3_C03_M04,SensorCyclic,491,0.5296655879180151,CANONICAL_INPUT_ID_NOT_PROVEN_ADMISSION_ORDER,L_ROR
H2S,FULLY_SCHEDULED,SC_S3_C04_M01,SensorCyclic,492,0.5307443365695793,CANONICAL_INPUT_ID_NOT_PROVEN_ADMISSION_ORDER,L_ROR
H2S,FULLY_SCHEDULED,SC_S3_C04_M02,SensorCyclic,493,0.5318230852211435,CANONICAL_INPUT_ID_NOT_PROVEN_ADMISSION_ORDER,L_ROR
H2S,FULLY_SCHEDULED,SC_S3_C04_M03,SensorCyclic,494,0.5329018338727076,CANONICAL_INPUT_ID_NOT_PROVEN_ADMISSION_ORDER,L_ROR
H2S,FULLY_SCHEDULED,SC_S3_C04_M04,SensorCyclic,495,0.5339805825242718,CANONICAL_INPUT_ID_NOT_PROVEN_ADMISSION_ORDER,L_ROR
H2S,FULLY_SCHEDULED,SC_S3_C05_M01,SensorCyclic,496,0.535059331175836,CANONICAL_INPUT_ID_NOT_PROVEN_ADMISSION_ORDER,L_ROR
H2S,FULLY_SCHEDULED,SC_S3_C05_M02,SensorCyclic,497,0.5361380798274002,CANONICAL_INPUT_ID_NOT_PROVEN_ADMISSION_ORDER,L_ROR
H2S,FULLY_SCHEDULED,SC_S3_C05_M03,SensorCyclic,498,0.5372168284789643,CANONICAL_INPUT_ID_NOT_PROVEN_ADMISSION_ORDER,L_ROR
H2S,FULLY_SCHEDULED,SC_S3_C05_M04,SensorCyclic,499,0.5382955771305286,CANONICAL_INPUT_ID_NOT_PROVEN_ADMISSION_ORDER,L_ROR
H2S,FULLY_SCHEDULED,SC_S3_C06_M01,SensorCyclic,500,0.5393743257820928,CANONICAL_INPUT_ID_NOT_PROVEN_ADMISSION_ORDER,L_ROR
H2S,FULLY_SCHEDULED,SC_S3_C06_M02,SensorCyclic,501,0.540453074433657,CANONICAL_INPUT_ID_NOT_PROVEN_ADMISSION_ORDER,L_ROR
H2S,FULLY_SCHEDULED,SC_S3_C06_M03,SensorCyclic,502,0.5415318230852212,CANONICAL_INPUT_ID_NOT_PROVEN_ADMISSION_ORDER,L_ROR
H2S,FULLY_SCHEDULED,SC_S3_C06_M04,SensorCyclic,503,0.5426105717367853,CANONICAL_INPUT_ID_NOT_PROVEN_ADMISSION_ORDER,L_ROR
H2S,FULLY_SCHEDULED,SC_S3_C07_M01,SensorCyclic,504,0.5436893203883495,CANONICAL_INPUT_ID_NOT_PROVEN_ADMISSION_ORDER,L_ROR
H2S,FULLY_SCHEDULED,SC_S3_C07_M02,SensorCyclic,505,0.5447680690399137,CANONICAL_INPUT_ID_NOT_PROVEN_ADMISSION_ORDER,L_ROR
H2S,FULLY_SCHEDULED,SC_S3_C07_M03,SensorCyclic,506,0.5458468176914779,CANONICAL_INPUT_ID_NOT_PROVEN_ADMISSION_ORDER,L_ROR
H2S,FULLY_SCHEDULED,SC_S3_C07_M04,SensorCyclic,507,0.5469255663430421,CANONICAL_INPUT_ID_NOT_PROVEN_ADMISSION_ORDER,L_ROR
H2S,FULLY_SCHEDULED,SC_S3_C08_M01,SensorCyclic,508,0.5480043149946062,CANONICAL_INPUT_ID_NOT_PROVEN_ADMISSION_ORDER,L_ROR
H2S,FULLY_SCHEDULED,SC_S3_C08_M02,SensorCyclic,509,0.5490830636461704,CANONICAL_INPUT_ID_NOT_PROVEN_ADMISSION_ORDER,L_ROR
H2S,FULLY_SCHEDULED,SC_S3_C08_M03,SensorCyclic,510,0.5501618122977346,CANONICAL_INPUT_ID_NOT_PROVEN_ADMISSION_ORDER,L_ROR
H2S,FULLY_SCHEDULED,SC_S3_C08_M04,SensorCyclic,511,0.5512405609492989,CANONICAL_INPUT_ID_NOT_PROVEN_ADMISSION_ORDER,L_ROR
H2S,FULLY_SCHEDULED,SC_S3_C09_M01,SensorCyclic,512,0.552319309600863,CANONICAL_INPUT_ID_NOT_PROVEN_ADMISSION_ORDER,L_ROR
H2S,FULLY_SCHEDULED,SC_S3_C09_M02,SensorCyclic,513,0.5533980582524272,CANONICAL_INPUT_ID_NOT_PROVEN_ADMISSION_ORDER,L_ROR
H2S,FULLY_SCHEDULED,SC_S3_C09_M03,SensorCyclic,514,0.5544768069039914,CANONICAL_INPUT_ID_NOT_PROVEN_ADMISSION_ORDER,L_ROR
H2S,FULLY_SCHEDULED,SC_S3_C09_M04,SensorCyclic,515,0.5555555555555556,CANONICAL_INPUT_ID_NOT_PROVEN_ADMISSION_ORDER,L_ROR
H2S,FULLY_SCHEDULED,SC_S3_C10_M01,SensorCyclic,516,0.5566343042071198,CANONICAL_INPUT_ID_NOT_PROVEN_ADMISSION_ORDER,L_ROR
H2S,FULLY_SCHEDULED,SC_S3_C10_M02,SensorCyclic,517,0.5577130528586839,CANONICAL_INPUT_ID_NOT_PROVEN_ADMISSION_ORDER,L_ROR
H2S,FULLY_SCHEDULED,SC_S3_C10_M03,SensorCyclic,518,0.5587918015102481,CANONICAL_INPUT_ID_NOT_PROVEN_ADMISSION_ORDER,L_ROR
H2S,FULLY_SCHEDULED,SC_S3_C10_M04,SensorCyclic,519,0.5598705501618123,CANONICAL_INPUT_ID_NOT_PROVEN_ADMISSION_ORDER,L_ROR
H2S,FULLY_SCHEDULED,SC_S3_C11_M01,SensorCyclic,520,0.5609492988133765,CANONICAL_INPUT_ID_NOT_PROVEN_ADMISSION_ORDER,L_ROR
H2S,FULLY_SCHEDULED,SC_S3_C11_M02,SensorCyclic,521,0.5620280474649406,CANONICAL_INPUT_ID_NOT_PROVEN_ADMISSION_ORDER,L_ROR
H2S,FULLY_SCHEDULED,SC_S3_C11_M03,SensorCyclic,522,0.5631067961165048,CANONICAL_INPUT_ID_NOT_PROVEN_ADMISSION_ORDER,L_ROR
H2S,FULLY_SCHEDULED,SC_S3_C11_M04,SensorCyclic,523,0.564185544768069,CANONICAL_INPUT_ID_NOT_PROVEN_ADMISSION_ORDER,L_ROR
H2S,FULLY_SCHEDULED,SC_S3_C12_M01,SensorCyclic,524,0.5652642934196332,CANONICAL_INPUT_ID_NOT_PROVEN_ADMISSION_ORDER,L_ROR
H2S,FULLY_SCHEDULED,SC_S3_C12_M02,SensorCyclic,525,0.5663430420711975,CANONICAL_INPUT_ID_NOT_PROVEN_ADMISSION_ORDER,L_ROR
H2S,FULLY_SCHEDULED,SC_S3_C12_M03,SensorCyclic,526,0.5674217907227616,CANONICAL_INPUT_ID_NOT_PROVEN_ADMISSION_ORDER,L_ROR
H2S,FULLY_SCHEDULED,SC_S3_C12_M04,SensorCyclic,527,0.5685005393743258,CANONICAL_INPUT_ID_NOT_PROVEN_ADMISSION_ORDER,L_ROR
H2S,FULLY_SCHEDULED,SC_S3_C13_M01,SensorCyclic,528,0.56957928802589,CANONICAL_INPUT_ID_NOT_PROVEN_ADMISSION_ORDER,L_ROR
H2S,FULLY_SCHEDULED,SC_S3_C13_M02,SensorCyclic,529,0.5706580366774542,CANONICAL_INPUT_ID_NOT_PROVEN_ADMISSION_ORDER,L_ROR
H2S,FULLY_SCHEDULED,SC_S3_C13_M03,SensorCyclic,530,0.5717367853290184,CANONICAL_INPUT_ID_NOT_PROVEN_ADMISSION_ORDER,L_ROR
H2S,FULLY_SCHEDULED,SC_S3_C13_M04,SensorCyclic,531,0.5728155339805825,CANONICAL_INPUT_ID_NOT_PROVEN_ADMISSION_ORDER,L_ROR
H2S,FULLY_SCHEDULED,SC_S3_C14_M01,SensorCyclic,532,0.5738942826321467,CANONICAL_INPUT_ID_NOT_PROVEN_ADMISSION_ORDER,L_ROR
H2S,FULLY_SCHEDULED,SC_S3_C14_M02,SensorCyclic,533,0.5749730312837109,CANONICAL_INPUT_ID_NOT_PROVEN_ADMISSION_ORDER,L_ROR
H2S,FULLY_SCHEDULED,SC_S3_C14_M03,SensorCyclic,534,0.5760517799352751,CANONICAL_INPUT_ID_NOT_PROVEN_ADMISSION_ORDER,L_ROR
H2S,FULLY_SCHEDULED,SC_S3_C14_M04,SensorCyclic,535,0.5771305285868392,CANONICAL_INPUT_ID_NOT_PROVEN_ADMISSION_ORDER,L_ROR
H2S,FULLY_SCHEDULED,SC_S3_C15_M01,SensorCyclic,536,0.5782092772384034,CANONICAL_INPUT_ID_NOT_PROVEN_ADMISSION_ORDER,L_ROR
H2S,FULLY_SCHEDULED,SC_S3_C15_M02,SensorCyclic,537,0.5792880258899676,CANONICAL_INPUT_ID_NOT_PROVEN_ADMISSION_ORDER,L_ROR
H2S,FULLY_SCHEDULED,SC_S3_C15_M03,SensorCyclic,538,0.5803667745415318,CANONICAL_INPUT_ID_NOT_PROVEN_ADMISSION_ORDER,L_ROR
H2S,FULLY_SCHEDULED,SC_S3_C15_M04,SensorCyclic,539,0.5814455231930961,CANONICAL_INPUT_ID_NOT_PROVEN_ADMISSION_ORDER,L_ROR
H2S,FULLY_SCHEDULED,SC_S3_C16_M01,SensorCyclic,540,0.5825242718446602,CANONICAL_INPUT_ID_NOT_PROVEN_ADMISSION_ORDER,L_ROR
H2S,FULLY_SCHEDULED,SC_S3_C16_M02,SensorCyclic,541,0.5836030204962244,CANONICAL_INPUT_ID_NOT_PROVEN_ADMISSION_ORDER,L_ROR
H2S,FULLY_SCHEDULED,SC_S3_C16_M03,SensorCyclic,542,0.5846817691477886,CANONICAL_INPUT_ID_NOT_PROVEN_ADMISSION_ORDER,L_ROR
H2S,FULLY_SCHEDULED,SC_S3_C16_M04,SensorCyclic,543,0.5857605177993528,CANONICAL_INPUT_ID_NOT_PROVEN_ADMISSION_ORDER,L_ROR
H2S,FULLY_SCHEDULED,SC_S4_C01_M01,SensorCyclic,544,0.5868392664509169,CANONICAL_INPUT_ID_NOT_PROVEN_ADMISSION_ORDER,L_ROR
H2S,FULLY_SCHEDULED,SC_S4_C01_M02,SensorCyclic,545,0.5879180151024811,CANONICAL_INPUT_ID_NOT_PROVEN_ADMISSION_ORDER,L_ROR
H2S,FULLY_SCHEDULED,SC_S4_C01_M03,SensorCyclic,546,0.5889967637540453,CANONICAL_INPUT_ID_NOT_PROVEN_ADMISSION_ORDER,L_ROR
H2S,FULLY_SCHEDULED,SC_S4_C01_M04,SensorCyclic,547,0.5900755124056095,CANONICAL_INPUT_ID_NOT_PROVEN_ADMISSION_ORDER,L_ROR
H2S,FULLY_SCHEDULED,SC_S4_C02_M01,SensorCyclic,548,0.5911542610571737,CANONICAL_INPUT_ID_NOT_PROVEN_ADMISSION_ORDER,L_ROR
H2S,FULLY_SCHEDULED,SC_S4_C02_M02,SensorCyclic,549,0.5922330097087378,CANONICAL_INPUT_ID_NOT_PROVEN_ADMISSION_ORDER,L_ROR
H2S,FULLY_SCHEDULED,SC_S4_C02_M03,SensorCyclic,550,0.593311758360302,CANONICAL_INPUT_ID_NOT_PROVEN_ADMISSION_ORDER,L_ROR
H2S,FULLY_SCHEDULED,SC_S4_C02_M04,SensorCyclic,551,0.5943905070118662,CANONICAL_INPUT_ID_NOT_PROVEN_ADMISSION_ORDER,L_ROR
H2S,FULLY_SCHEDULED,SC_S4_C03_M01,SensorCyclic,552,0.5954692556634305,CANONICAL_INPUT_ID_NOT_PROVEN_ADMISSION_ORDER,L_ROR
H2S,FULLY_SCHEDULED,SC_S4_C03_M02,SensorCyclic,553,0.5965480043149946,CANONICAL_INPUT_ID_NOT_PROVEN_ADMISSION_ORDER,L_ROR
H2S,FULLY_SCHEDULED,SC_S4_C03_M03,SensorCyclic,554,0.5976267529665588,CANONICAL_INPUT_ID_NOT_PROVEN_ADMISSION_ORDER,L_ROR
H2S,FULLY_SCHEDULED,SC_S4_C03_M04,SensorCyclic,555,0.598705501618123,CANONICAL_INPUT_ID_NOT_PROVEN_ADMISSION_ORDER,L_ROR
H2S,FULLY_SCHEDULED,SC_S4_C04_M01,SensorCyclic,556,0.5997842502696872,CANONICAL_INPUT_ID_NOT_PROVEN_ADMISSION_ORDER,L_ROR
H2S,FULLY_SCHEDULED,SC_S4_C04_M02,SensorCyclic,557,0.6008629989212514,CANONICAL_INPUT_ID_NOT_PROVEN_ADMISSION_ORDER,L_ROR
H2S,FULLY_SCHEDULED,SC_S4_C04_M03,SensorCyclic,558,0.6019417475728155,CANONICAL_INPUT_ID_NOT_PROVEN_ADMISSION_ORDER,L_ROR
H2S,FULLY_SCHEDULED,SC_S4_C04_M04,SensorCyclic,559,0.6030204962243797,CANONICAL_INPUT_ID_NOT_PROVEN_ADMISSION_ORDER,L_ROR
H2S,FULLY_SCHEDULED,SC_S4_C05_M01,SensorCyclic,560,0.6040992448759439,CANONICAL_INPUT_ID_NOT_PROVEN_ADMISSION_ORDER,L_ROR
H2S,FULLY_SCHEDULED,SC_S4_C05_M02,SensorCyclic,561,0.6051779935275081,CANONICAL_INPUT_ID_NOT_PROVEN_ADMISSION_ORDER,L_ROR
H2S,FULLY_SCHEDULED,SC_S4_C05_M03,SensorCyclic,562,0.6062567421790723,CANONICAL_INPUT_ID_NOT_PROVEN_ADMISSION_ORDER,L_ROR
H2S,FULLY_SCHEDULED,SC_S4_C05_M04,SensorCyclic,563,0.6073354908306364,CANONICAL_INPUT_ID_NOT_PROVEN_ADMISSION_ORDER,L_ROR
H2S,FULLY_SCHEDULED,SC_S4_C06_M01,SensorCyclic,564,0.6084142394822006,CANONICAL_INPUT_ID_NOT_PROVEN_ADMISSION_ORDER,L_ROR
H2S,FULLY_SCHEDULED,SC_S4_C06_M02,SensorCyclic,565,0.6094929881337648,CANONICAL_INPUT_ID_NOT_PROVEN_ADMISSION_ORDER,L_ROR
H2S,FULLY_SCHEDULED,SC_S4_C06_M03,SensorCyclic,566,0.6105717367853291,CANONICAL_INPUT_ID_NOT_PROVEN_ADMISSION_ORDER,L_ROR
H2S,FULLY_SCHEDULED,SC_S4_C06_M04,SensorCyclic,567,0.6116504854368932,CANONICAL_INPUT_ID_NOT_PROVEN_ADMISSION_ORDER,L_ROR
H2S,FULLY_SCHEDULED,SC_S4_C07_M01,SensorCyclic,568,0.6127292340884574,CANONICAL_INPUT_ID_NOT_PROVEN_ADMISSION_ORDER,L_ROR
H2S,FULLY_SCHEDULED,SC_S4_C07_M02,SensorCyclic,569,0.6138079827400216,CANONICAL_INPUT_ID_NOT_PROVEN_ADMISSION_ORDER,L_ROR
H2S,FULLY_SCHEDULED,SC_S4_C07_M03,SensorCyclic,570,0.6148867313915858,CANONICAL_INPUT_ID_NOT_PROVEN_ADMISSION_ORDER,L_ROR
H2S,FULLY_SCHEDULED,SC_S4_C07_M04,SensorCyclic,571,0.61596548004315,CANONICAL_INPUT_ID_NOT_PROVEN_ADMISSION_ORDER,L_ROR
H2S,FULLY_SCHEDULED,SC_S4_C08_M01,SensorCyclic,572,0.6170442286947141,CANONICAL_INPUT_ID_NOT_PROVEN_ADMISSION_ORDER,L_ROR
H2S,FULLY_SCHEDULED,SC_S4_C08_M02,SensorCyclic,573,0.6181229773462783,CANONICAL_INPUT_ID_NOT_PROVEN_ADMISSION_ORDER,L_ROR
H2S,FULLY_SCHEDULED,SC_S4_C08_M03,SensorCyclic,574,0.6192017259978425,CANONICAL_INPUT_ID_NOT_PROVEN_ADMISSION_ORDER,L_ROR
H2S,FULLY_SCHEDULED,SC_S4_C08_M04,SensorCyclic,575,0.6202804746494067,CANONICAL_INPUT_ID_NOT_PROVEN_ADMISSION_ORDER,L_ROR
H2S,FULLY_SCHEDULED,SC_S4_C09_M01,SensorCyclic,576,0.6213592233009708,CANONICAL_INPUT_ID_NOT_PROVEN_ADMISSION_ORDER,L_ROR
H2S,FULLY_SCHEDULED,SC_S4_C09_M02,SensorCyclic,577,0.622437971952535,CANONICAL_INPUT_ID_NOT_PROVEN_ADMISSION_ORDER,L_ROR
H2S,FULLY_SCHEDULED,SC_S4_C09_M03,SensorCyclic,578,0.6235167206040992,CANONICAL_INPUT_ID_NOT_PROVEN_ADMISSION_ORDER,L_ROR
H2S,FULLY_SCHEDULED,SC_S4_C09_M04,SensorCyclic,579,0.6245954692556634,CANONICAL_INPUT_ID_NOT_PROVEN_ADMISSION_ORDER,L_ROR
H2S,FULLY_SCHEDULED,SC_S4_C10_M01,SensorCyclic,580,0.6256742179072277,CANONICAL_INPUT_ID_NOT_PROVEN_ADMISSION_ORDER,L_ROR
H2S,FULLY_SCHEDULED,SC_S4_C10_M02,SensorCyclic,581,0.6267529665587918,CANONICAL_INPUT_ID_NOT_PROVEN_ADMISSION_ORDER,L_ROR
H2S,FULLY_SCHEDULED,SC_S4_C10_M03,SensorCyclic,582,0.627831715210356,CANONICAL_INPUT_ID_NOT_PROVEN_ADMISSION_ORDER,L_ROR
H2S,FULLY_SCHEDULED,SC_S4_C10_M04,SensorCyclic,583,0.6289104638619202,CANONICAL_INPUT_ID_NOT_PROVEN_ADMISSION_ORDER,L_ROR
H2S,FULLY_SCHEDULED,SC_S4_C11_M01,SensorCyclic,584,0.6299892125134844,CANONICAL_INPUT_ID_NOT_PROVEN_ADMISSION_ORDER,L_ROR
H2S,FULLY_SCHEDULED,SC_S4_C11_M02,SensorCyclic,585,0.6310679611650486,CANONICAL_INPUT_ID_NOT_PROVEN_ADMISSION_ORDER,L_ROR
H2S,FULLY_SCHEDULED,SC_S4_C11_M03,SensorCyclic,586,0.6321467098166127,CANONICAL_INPUT_ID_NOT_PROVEN_ADMISSION_ORDER,L_ROR
H2S,FULLY_SCHEDULED,SC_S4_C11_M04,SensorCyclic,587,0.6332254584681769,CANONICAL_INPUT_ID_NOT_PROVEN_ADMISSION_ORDER,L_ROR
H2S,FULLY_SCHEDULED,SC_S4_C12_M01,SensorCyclic,588,0.6343042071197411,CANONICAL_INPUT_ID_NOT_PROVEN_ADMISSION_ORDER,L_ROR
H2S,FULLY_SCHEDULED,SC_S4_C12_M02,SensorCyclic,589,0.6353829557713053,CANONICAL_INPUT_ID_NOT_PROVEN_ADMISSION_ORDER,L_ROR
H2S,FULLY_SCHEDULED,SC_S4_C12_M03,SensorCyclic,590,0.6364617044228694,CANONICAL_INPUT_ID_NOT_PROVEN_ADMISSION_ORDER,L_ROR
H2S,FULLY_SCHEDULED,SC_S4_C12_M04,SensorCyclic,591,0.6375404530744336,CANONICAL_INPUT_ID_NOT_PROVEN_ADMISSION_ORDER,L_ROR
H2S,FULLY_SCHEDULED,SC_S4_C13_M01,SensorCyclic,592,0.6386192017259978,CANONICAL_INPUT_ID_NOT_PROVEN_ADMISSION_ORDER,L_ROR
H2S,FULLY_SCHEDULED,SC_S4_C13_M02,SensorCyclic,593,0.639697950377562,CANONICAL_INPUT_ID_NOT_PROVEN_ADMISSION_ORDER,L_ROR
H2S,FULLY_SCHEDULED,SC_S4_C13_M03,SensorCyclic,594,0.6407766990291263,CANONICAL_INPUT_ID_NOT_PROVEN_ADMISSION_ORDER,L_ROR
H2S,FULLY_SCHEDULED,SC_S4_C13_M04,SensorCyclic,595,0.6418554476806904,CANONICAL_INPUT_ID_NOT_PROVEN_ADMISSION_ORDER,L_ROR
H2S,FULLY_SCHEDULED,SC_S4_C14_M01,SensorCyclic,596,0.6429341963322546,CANONICAL_INPUT_ID_NOT_PROVEN_ADMISSION_ORDER,L_ROR
H2S,FULLY_SCHEDULED,SC_S4_C14_M02,SensorCyclic,597,0.6440129449838188,CANONICAL_INPUT_ID_NOT_PROVEN_ADMISSION_ORDER,L_ROR
H2S,FULLY_SCHEDULED,SC_S4_C14_M03,SensorCyclic,598,0.645091693635383,CANONICAL_INPUT_ID_NOT_PROVEN_ADMISSION_ORDER,L_ROR
H2S,FULLY_SCHEDULED,SC_S4_C14_M04,SensorCyclic,599,0.6461704422869471,CANONICAL_INPUT_ID_NOT_PROVEN_ADMISSION_ORDER,L_ROR
H2S,FULLY_SCHEDULED,SC_S4_C15_M01,SensorCyclic,600,0.6472491909385113,CANONICAL_INPUT_ID_NOT_PROVEN_ADMISSION_ORDER,L_ROR
H2S,FULLY_SCHEDULED,SC_S4_C15_M02,SensorCyclic,601,0.6483279395900755,CANONICAL_INPUT_ID_NOT_PROVEN_ADMISSION_ORDER,L_ROR
H2S,FULLY_SCHEDULED,SC_S4_C15_M03,SensorCyclic,602,0.6494066882416397,CANONICAL_INPUT_ID_NOT_PROVEN_ADMISSION_ORDER,L_ROR
H2S,FULLY_SCHEDULED,SC_S4_C15_M04,SensorCyclic,603,0.6504854368932039,CANONICAL_INPUT_ID_NOT_PROVEN_ADMISSION_ORDER,L_ROR
H2S,FULLY_SCHEDULED,SC_S4_C16_M01,SensorCyclic,604,0.651564185544768,CANONICAL_INPUT_ID_NOT_PROVEN_ADMISSION_ORDER,L_ROR
H2S,FULLY_SCHEDULED,SC_S4_C16_M02,SensorCyclic,605,0.6526429341963322,CANONICAL_INPUT_ID_NOT_PROVEN_ADMISSION_ORDER,L_ROR
H2S,FULLY_SCHEDULED,SC_S4_C16_M03,SensorCyclic,606,0.6537216828478964,CANONICAL_INPUT_ID_NOT_PROVEN_ADMISSION_ORDER,L_ROR
H2S,FULLY_SCHEDULED,SC_S4_C16_M04,SensorCyclic,607,0.6548004314994607,CANONICAL_INPUT_ID_NOT_PROVEN_ADMISSION_ORDER,L_ROR
H2S,FULLY_SCHEDULED,SF_S1_C01_M01,SensorFast,608,0.6558791801510249,CANONICAL_INPUT_ID_NOT_PROVEN_ADMISSION_ORDER,L_ROR
H2S,FULLY_SCHEDULED,SF_S1_C01_M02,SensorFast,609,0.656957928802589,CANONICAL_INPUT_ID_NOT_PROVEN_ADMISSION_ORDER,L_ROR
H2S,FULLY_SCHEDULED,SF_S1_C01_M03,SensorFast,610,0.6580366774541532,CANONICAL_INPUT_ID_NOT_PROVEN_ADMISSION_ORDER,L_ROR
H2S,FULLY_SCHEDULED,SF_S1_C01_M04,SensorFast,611,0.6591154261057174,CANONICAL_INPUT_ID_NOT_PROVEN_ADMISSION_ORDER,L_ROR
H2S,FULLY_SCHEDULED,SF_S1_C02_M01,SensorFast,612,0.6601941747572816,CANONICAL_INPUT_ID_NOT_PROVEN_ADMISSION_ORDER,L_ROR
H2S,FULLY_SCHEDULED,SF_S1_C02_M02,SensorFast,613,0.6612729234088457,CANONICAL_INPUT_ID_NOT_PROVEN_ADMISSION_ORDER,L_ROR
H2S,FULLY_SCHEDULED,SF_S1_C02_M03,SensorFast,614,0.6623516720604099,CANONICAL_INPUT_ID_NOT_PROVEN_ADMISSION_ORDER,L_ROR
H2S,FULLY_SCHEDULED,SF_S1_C02_M04,SensorFast,615,0.6634304207119741,CANONICAL_INPUT_ID_NOT_PROVEN_ADMISSION_ORDER,L_ROR
H2S,FULLY_SCHEDULED,SF_S1_C03_M01,SensorFast,616,0.6645091693635383,CANONICAL_INPUT_ID_NOT_PROVEN_ADMISSION_ORDER,L_ROR
H2S,FULLY_SCHEDULED,SF_S1_C03_M02,SensorFast,617,0.6655879180151025,CANONICAL_INPUT_ID_NOT_PROVEN_ADMISSION_ORDER,L_ROR
H2S,FULLY_SCHEDULED,SF_S1_C03_M03,SensorFast,618,0.6666666666666666,CANONICAL_INPUT_ID_NOT_PROVEN_ADMISSION_ORDER,L_ROR
H2S,FULLY_SCHEDULED,SF_S1_C03_M04,SensorFast,619,0.6677454153182308,CANONICAL_INPUT_ID_NOT_PROVEN_ADMISSION_ORDER,L_ROR
H2S,FULLY_SCHEDULED,SF_S1_C04_M01,SensorFast,620,0.668824163969795,CANONICAL_INPUT_ID_NOT_PROVEN_ADMISSION_ORDER,L_ROR
H2S,FULLY_SCHEDULED,SF_S1_C04_M02,SensorFast,621,0.6699029126213593,CANONICAL_INPUT_ID_NOT_PROVEN_ADMISSION_ORDER,L_ROR
H2S,FULLY_SCHEDULED,SF_S1_C04_M03,SensorFast,622,0.6709816612729234,CANONICAL_INPUT_ID_NOT_PROVEN_ADMISSION_ORDER,L_ROR
H2S,FULLY_SCHEDULED,SF_S1_C04_M04,SensorFast,623,0.6720604099244876,CANONICAL_INPUT_ID_NOT_PROVEN_ADMISSION_ORDER,L_ROR
H2S,FULLY_SCHEDULED,SF_S1_C05_M01,SensorFast,624,0.6731391585760518,CANONICAL_INPUT_ID_NOT_PROVEN_ADMISSION_ORDER,L_ROR
H2S,FULLY_SCHEDULED,SF_S1_C05_M02,SensorFast,625,0.674217907227616,CANONICAL_INPUT_ID_NOT_PROVEN_ADMISSION_ORDER,L_ROR
H2S,FULLY_SCHEDULED,SF_S1_C05_M03,SensorFast,626,0.6752966558791802,CANONICAL_INPUT_ID_NOT_PROVEN_ADMISSION_ORDER,L_ROR
H2S,FULLY_SCHEDULED,SF_S1_C05_M04,SensorFast,627,0.6763754045307443,CANONICAL_INPUT_ID_NOT_PROVEN_ADMISSION_ORDER,L_ROR
H2S,FULLY_SCHEDULED,SF_S1_C06_M01,SensorFast,628,0.6774541531823085,CANONICAL_INPUT_ID_NOT_PROVEN_ADMISSION_ORDER,L_ROR
H2S,FULLY_SCHEDULED,SF_S1_C06_M02,SensorFast,629,0.6785329018338727,CANONICAL_INPUT_ID_NOT_PROVEN_ADMISSION_ORDER,L_ROR
H2S,FULLY_SCHEDULED,SF_S1_C06_M03,SensorFast,630,0.6796116504854369,CANONICAL_INPUT_ID_NOT_PROVEN_ADMISSION_ORDER,L_ROR
H2S,FULLY_SCHEDULED,SF_S1_C06_M04,SensorFast,631,0.6806903991370011,CANONICAL_INPUT_ID_NOT_PROVEN_ADMISSION_ORDER,L_ROR
H2S,FULLY_SCHEDULED,SF_S1_C07_M01,SensorFast,632,0.6817691477885652,CANONICAL_INPUT_ID_NOT_PROVEN_ADMISSION_ORDER,L_ROR
H2S,FULLY_SCHEDULED,SF_S1_C07_M02,SensorFast,633,0.6828478964401294,CANONICAL_INPUT_ID_NOT_PROVEN_ADMISSION_ORDER,L_ROR
H2S,FULLY_SCHEDULED,SF_S1_C07_M03,SensorFast,634,0.6839266450916937,CANONICAL_INPUT_ID_NOT_PROVEN_ADMISSION_ORDER,L_ROR
H2S,FULLY_SCHEDULED,SF_S1_C07_M04,SensorFast,635,0.6850053937432579,CANONICAL_INPUT_ID_NOT_PROVEN_ADMISSION_ORDER,L_ROR
H2S,FULLY_SCHEDULED,SF_S1_C08_M01,SensorFast,636,0.686084142394822,CANONICAL_INPUT_ID_NOT_PROVEN_ADMISSION_ORDER,L_ROR
H2S,FULLY_SCHEDULED,SF_S1_C08_M02,SensorFast,637,0.6871628910463862,CANONICAL_INPUT_ID_NOT_PROVEN_ADMISSION_ORDER,L_ROR
H2S,FULLY_SCHEDULED,SF_S1_C08_M03,SensorFast,638,0.6882416396979504,CANONICAL_INPUT_ID_NOT_PROVEN_ADMISSION_ORDER,L_ROR
H2S,FULLY_SCHEDULED,SF_S1_C08_M04,SensorFast,639,0.6893203883495146,CANONICAL_INPUT_ID_NOT_PROVEN_ADMISSION_ORDER,L_ROR
H2S,FULLY_SCHEDULED,SF_S1_C09_M01,SensorFast,640,0.6903991370010788,CANONICAL_INPUT_ID_NOT_PROVEN_ADMISSION_ORDER,L_ROR
H2S,FULLY_SCHEDULED,SF_S1_C09_M02,SensorFast,641,0.6914778856526429,CANONICAL_INPUT_ID_NOT_PROVEN_ADMISSION_ORDER,L_ROR
H2S,FULLY_SCHEDULED,SF_S1_C09_M03,SensorFast,642,0.6925566343042071,CANONICAL_INPUT_ID_NOT_PROVEN_ADMISSION_ORDER,L_ROR
H2S,FULLY_SCHEDULED,SF_S1_C09_M04,SensorFast,643,0.6936353829557713,CANONICAL_INPUT_ID_NOT_PROVEN_ADMISSION_ORDER,L_ROR
H2S,FULLY_SCHEDULED,SF_S1_C10_M01,SensorFast,644,0.6947141316073355,CANONICAL_INPUT_ID_NOT_PROVEN_ADMISSION_ORDER,L_ROR
H2S,FULLY_SCHEDULED,SF_S1_C10_M02,SensorFast,645,0.6957928802588996,CANONICAL_INPUT_ID_NOT_PROVEN_ADMISSION_ORDER,L_ROR
H2S,FULLY_SCHEDULED,SF_S1_C10_M03,SensorFast,646,0.6968716289104638,CANONICAL_INPUT_ID_NOT_PROVEN_ADMISSION_ORDER,L_ROR
H2S,FULLY_SCHEDULED,SF_S1_C10_M04,SensorFast,647,0.697950377562028,CANONICAL_INPUT_ID_NOT_PROVEN_ADMISSION_ORDER,L_ROR
H2S,FULLY_SCHEDULED,SF_S1_C11_M01,SensorFast,648,0.6990291262135923,CANONICAL_INPUT_ID_NOT_PROVEN_ADMISSION_ORDER,L_ROR
H2S,FULLY_SCHEDULED,SF_S1_C11_M02,SensorFast,649,0.7001078748651565,CANONICAL_INPUT_ID_NOT_PROVEN_ADMISSION_ORDER,L_ROR
H2S,FULLY_SCHEDULED,SF_S1_C11_M03,SensorFast,650,0.7011866235167206,CANONICAL_INPUT_ID_NOT_PROVEN_ADMISSION_ORDER,L_ROR
H2S,FULLY_SCHEDULED,SF_S1_C11_M04,SensorFast,651,0.7022653721682848,CANONICAL_INPUT_ID_NOT_PROVEN_ADMISSION_ORDER,L_ROR
H2S,FULLY_SCHEDULED,SF_S1_C12_M01,SensorFast,652,0.703344120819849,CANONICAL_INPUT_ID_NOT_PROVEN_ADMISSION_ORDER,L_ROR
H2S,FULLY_SCHEDULED,SF_S1_C12_M02,SensorFast,653,0.7044228694714132,CANONICAL_INPUT_ID_NOT_PROVEN_ADMISSION_ORDER,L_ROR
H2S,FULLY_SCHEDULED,SF_S1_C12_M03,SensorFast,654,0.7055016181229773,CANONICAL_INPUT_ID_NOT_PROVEN_ADMISSION_ORDER,L_ROR
H2S,FULLY_SCHEDULED,SF_S1_C12_M04,SensorFast,655,0.7065803667745415,CANONICAL_INPUT_ID_NOT_PROVEN_ADMISSION_ORDER,L_ROR
H2S,FULLY_SCHEDULED,SF_S1_C13_M01,SensorFast,656,0.7076591154261057,CANONICAL_INPUT_ID_NOT_PROVEN_ADMISSION_ORDER,L_ROR
H2S,FULLY_SCHEDULED,SF_S1_C13_M02,SensorFast,657,0.7087378640776699,CANONICAL_INPUT_ID_NOT_PROVEN_ADMISSION_ORDER,L_ROR
H2S,FULLY_SCHEDULED,SF_S1_C13_M03,SensorFast,658,0.7098166127292341,CANONICAL_INPUT_ID_NOT_PROVEN_ADMISSION_ORDER,L_ROR
H2S,FULLY_SCHEDULED,SF_S1_C13_M04,SensorFast,659,0.7108953613807982,CANONICAL_INPUT_ID_NOT_PROVEN_ADMISSION_ORDER,L_ROR
H2S,FULLY_SCHEDULED,SF_S1_C14_M01,SensorFast,660,0.7119741100323624,CANONICAL_INPUT_ID_NOT_PROVEN_ADMISSION_ORDER,L_ROR
H2S,FULLY_SCHEDULED,SF_S1_C14_M02,SensorFast,661,0.7130528586839266,CANONICAL_INPUT_ID_NOT_PROVEN_ADMISSION_ORDER,L_ROR
H2S,FULLY_SCHEDULED,SF_S1_C14_M03,SensorFast,662,0.7141316073354909,CANONICAL_INPUT_ID_NOT_PROVEN_ADMISSION_ORDER,L_ROR
H2S,FULLY_SCHEDULED,SF_S1_C14_M04,SensorFast,663,0.7152103559870551,CANONICAL_INPUT_ID_NOT_PROVEN_ADMISSION_ORDER,L_ROR
H2S,FULLY_SCHEDULED,SF_S1_C15_M01,SensorFast,664,0.7162891046386192,CANONICAL_INPUT_ID_NOT_PROVEN_ADMISSION_ORDER,L_ROR
H2S,FULLY_SCHEDULED,SF_S1_C15_M02,SensorFast,665,0.7173678532901834,CANONICAL_INPUT_ID_NOT_PROVEN_ADMISSION_ORDER,L_ROR
H2S,FULLY_SCHEDULED,SF_S1_C15_M03,SensorFast,666,0.7184466019417476,CANONICAL_INPUT_ID_NOT_PROVEN_ADMISSION_ORDER,L_ROR
H2S,FULLY_SCHEDULED,SF_S1_C15_M04,SensorFast,667,0.7195253505933118,CANONICAL_INPUT_ID_NOT_PROVEN_ADMISSION_ORDER,L_ROR
H2S,FULLY_SCHEDULED,SF_S1_C16_M01,SensorFast,668,0.7206040992448759,CANONICAL_INPUT_ID_NOT_PROVEN_ADMISSION_ORDER,L_ROR
H2S,FULLY_SCHEDULED,SF_S1_C16_M02,SensorFast,669,0.7216828478964401,CANONICAL_INPUT_ID_NOT_PROVEN_ADMISSION_ORDER,L_ROR
H2S,FULLY_SCHEDULED,SF_S1_C16_M03,SensorFast,670,0.7227615965480043,CANONICAL_INPUT_ID_NOT_PROVEN_ADMISSION_ORDER,L_ROR
H2S,FULLY_SCHEDULED,SF_S1_C16_M04,SensorFast,671,0.7238403451995685,CANONICAL_INPUT_ID_NOT_PROVEN_ADMISSION_ORDER,L_ROR
H2S,FULLY_SCHEDULED,SF_S2_C01_M01,SensorFast,672,0.7249190938511327,CANONICAL_INPUT_ID_NOT_PROVEN_ADMISSION_ORDER,L_ROR
H2S,FULLY_SCHEDULED,SF_S2_C01_M02,SensorFast,673,0.7259978425026968,CANONICAL_INPUT_ID_NOT_PROVEN_ADMISSION_ORDER,L_ROR
H2S,FULLY_SCHEDULED,SF_S2_C01_M03,SensorFast,674,0.727076591154261,CANONICAL_INPUT_ID_NOT_PROVEN_ADMISSION_ORDER,L_ROR
H2S,FULLY_SCHEDULED,SF_S2_C01_M04,SensorFast,675,0.7281553398058253,CANONICAL_INPUT_ID_NOT_PROVEN_ADMISSION_ORDER,L_ROR
H2S,FULLY_SCHEDULED,SF_S2_C02_M01,SensorFast,676,0.7292340884573895,CANONICAL_INPUT_ID_NOT_PROVEN_ADMISSION_ORDER,L_ROR
H2S,FULLY_SCHEDULED,SF_S2_C02_M02,SensorFast,677,0.7303128371089536,CANONICAL_INPUT_ID_NOT_PROVEN_ADMISSION_ORDER,L_ROR
H2S,FULLY_SCHEDULED,SF_S2_C02_M03,SensorFast,678,0.7313915857605178,CANONICAL_INPUT_ID_NOT_PROVEN_ADMISSION_ORDER,L_ROR
H2S,FULLY_SCHEDULED,SF_S2_C02_M04,SensorFast,679,0.732470334412082,CANONICAL_INPUT_ID_NOT_PROVEN_ADMISSION_ORDER,L_ROR
H2S,FULLY_SCHEDULED,SF_S2_C03_M01,SensorFast,680,0.7335490830636462,CANONICAL_INPUT_ID_NOT_PROVEN_ADMISSION_ORDER,L_ROR
H2S,FULLY_SCHEDULED,SF_S2_C03_M02,SensorFast,681,0.7346278317152104,CANONICAL_INPUT_ID_NOT_PROVEN_ADMISSION_ORDER,L_ROR
H2S,FULLY_SCHEDULED,SF_S2_C03_M03,SensorFast,682,0.7357065803667745,CANONICAL_INPUT_ID_NOT_PROVEN_ADMISSION_ORDER,L_ROR
H2S,FULLY_SCHEDULED,SF_S2_C03_M04,SensorFast,683,0.7367853290183387,CANONICAL_INPUT_ID_NOT_PROVEN_ADMISSION_ORDER,L_ROR
H2S,FULLY_SCHEDULED,SF_S2_C04_M01,SensorFast,684,0.7378640776699029,CANONICAL_INPUT_ID_NOT_PROVEN_ADMISSION_ORDER,L_ROR
H2S,FULLY_SCHEDULED,SF_S2_C04_M02,SensorFast,685,0.7389428263214671,CANONICAL_INPUT_ID_NOT_PROVEN_ADMISSION_ORDER,L_ROR
H2S,FULLY_SCHEDULED,SF_S2_C04_M03,SensorFast,686,0.7400215749730313,CANONICAL_INPUT_ID_NOT_PROVEN_ADMISSION_ORDER,L_ROR
H2S,FULLY_SCHEDULED,SF_S2_C04_M04,SensorFast,687,0.7411003236245954,CANONICAL_INPUT_ID_NOT_PROVEN_ADMISSION_ORDER,L_ROR
H2S,FULLY_SCHEDULED,SF_S2_C05_M01,SensorFast,688,0.7421790722761596,CANONICAL_INPUT_ID_NOT_PROVEN_ADMISSION_ORDER,L_ROR
H2S,FULLY_SCHEDULED,SF_S2_C05_M02,SensorFast,689,0.7432578209277239,CANONICAL_INPUT_ID_NOT_PROVEN_ADMISSION_ORDER,L_ROR
H2S,FULLY_SCHEDULED,SF_S2_C05_M03,SensorFast,690,0.7443365695792881,CANONICAL_INPUT_ID_NOT_PROVEN_ADMISSION_ORDER,L_ROR
H2S,FULLY_SCHEDULED,SF_S2_C05_M04,SensorFast,691,0.7454153182308522,CANONICAL_INPUT_ID_NOT_PROVEN_ADMISSION_ORDER,L_ROR
H2S,FULLY_SCHEDULED,SF_S2_C06_M01,SensorFast,692,0.7464940668824164,CANONICAL_INPUT_ID_NOT_PROVEN_ADMISSION_ORDER,L_ROR
H2S,FULLY_SCHEDULED,SF_S2_C06_M02,SensorFast,693,0.7475728155339806,CANONICAL_INPUT_ID_NOT_PROVEN_ADMISSION_ORDER,L_ROR
H2S,FULLY_SCHEDULED,SF_S2_C06_M03,SensorFast,694,0.7486515641855448,CANONICAL_INPUT_ID_NOT_PROVEN_ADMISSION_ORDER,L_ROR
H2S,FULLY_SCHEDULED,SF_S2_C06_M04,SensorFast,695,0.749730312837109,CANONICAL_INPUT_ID_NOT_PROVEN_ADMISSION_ORDER,L_ROR
H2S,FULLY_SCHEDULED,SF_S2_C07_M01,SensorFast,696,0.7508090614886731,CANONICAL_INPUT_ID_NOT_PROVEN_ADMISSION_ORDER,L_ROR
H2S,FULLY_SCHEDULED,SF_S2_C07_M02,SensorFast,697,0.7518878101402373,CANONICAL_INPUT_ID_NOT_PROVEN_ADMISSION_ORDER,L_ROR
H2S,FULLY_SCHEDULED,SF_S2_C07_M03,SensorFast,698,0.7529665587918015,CANONICAL_INPUT_ID_NOT_PROVEN_ADMISSION_ORDER,L_ROR
H2S,FULLY_SCHEDULED,SF_S2_C07_M04,SensorFast,699,0.7540453074433657,CANONICAL_INPUT_ID_NOT_PROVEN_ADMISSION_ORDER,L_ROR
H2S,FULLY_SCHEDULED,SF_S2_C08_M01,SensorFast,700,0.7551240560949298,CANONICAL_INPUT_ID_NOT_PROVEN_ADMISSION_ORDER,L_ROR
H2S,FULLY_SCHEDULED,SF_S2_C08_M02,SensorFast,701,0.756202804746494,CANONICAL_INPUT_ID_NOT_PROVEN_ADMISSION_ORDER,L_ROR
H2S,FULLY_SCHEDULED,SF_S2_C08_M03,SensorFast,702,0.7572815533980582,CANONICAL_INPUT_ID_NOT_PROVEN_ADMISSION_ORDER,L_ROR
H2S,FULLY_SCHEDULED,SF_S2_C08_M04,SensorFast,703,0.7583603020496225,CANONICAL_INPUT_ID_NOT_PROVEN_ADMISSION_ORDER,L_ROR
H2S,FULLY_SCHEDULED,SF_S2_C09_M01,SensorFast,704,0.7594390507011867,CANONICAL_INPUT_ID_NOT_PROVEN_ADMISSION_ORDER,L_ROR
H2S,FULLY_SCHEDULED,SF_S2_C09_M02,SensorFast,705,0.7605177993527508,CANONICAL_INPUT_ID_NOT_PROVEN_ADMISSION_ORDER,L_ROR
H2S,FULLY_SCHEDULED,SF_S2_C09_M03,SensorFast,706,0.761596548004315,CANONICAL_INPUT_ID_NOT_PROVEN_ADMISSION_ORDER,L_ROR
H2S,FULLY_SCHEDULED,SF_S2_C09_M04,SensorFast,707,0.7626752966558792,CANONICAL_INPUT_ID_NOT_PROVEN_ADMISSION_ORDER,L_ROR
H2S,FULLY_SCHEDULED,SF_S2_C10_M01,SensorFast,708,0.7637540453074434,CANONICAL_INPUT_ID_NOT_PROVEN_ADMISSION_ORDER,L_ROR
H2S,FULLY_SCHEDULED,SF_S2_C10_M02,SensorFast,709,0.7648327939590076,CANONICAL_INPUT_ID_NOT_PROVEN_ADMISSION_ORDER,L_ROR
H2S,FULLY_SCHEDULED,SF_S2_C10_M03,SensorFast,710,0.7659115426105717,CANONICAL_INPUT_ID_NOT_PROVEN_ADMISSION_ORDER,L_ROR
H2S,FULLY_SCHEDULED,SF_S2_C10_M04,SensorFast,711,0.7669902912621359,CANONICAL_INPUT_ID_NOT_PROVEN_ADMISSION_ORDER,L_ROR
H2S,FULLY_SCHEDULED,SF_S2_C11_M01,SensorFast,712,0.7680690399137001,CANONICAL_INPUT_ID_NOT_PROVEN_ADMISSION_ORDER,L_ROR
H2S,FULLY_SCHEDULED,SF_S2_C11_M02,SensorFast,713,0.7691477885652643,CANONICAL_INPUT_ID_NOT_PROVEN_ADMISSION_ORDER,L_ROR
H2S,FULLY_SCHEDULED,SF_S2_C11_M03,SensorFast,714,0.7702265372168284,CANONICAL_INPUT_ID_NOT_PROVEN_ADMISSION_ORDER,L_ROR
H2S,FULLY_SCHEDULED,SF_S2_C11_M04,SensorFast,715,0.7713052858683926,CANONICAL_INPUT_ID_NOT_PROVEN_ADMISSION_ORDER,L_ROR
H2S,FULLY_SCHEDULED,SF_S2_C12_M01,SensorFast,716,0.7723840345199569,CANONICAL_INPUT_ID_NOT_PROVEN_ADMISSION_ORDER,L_ROR
H2S,FULLY_SCHEDULED,SF_S2_C12_M02,SensorFast,717,0.7734627831715211,CANONICAL_INPUT_ID_NOT_PROVEN_ADMISSION_ORDER,L_ROR
H2S,FULLY_SCHEDULED,SF_S2_C12_M03,SensorFast,718,0.7745415318230853,CANONICAL_INPUT_ID_NOT_PROVEN_ADMISSION_ORDER,L_ROR
H2S,FULLY_SCHEDULED,SF_S2_C12_M04,SensorFast,719,0.7756202804746494,CANONICAL_INPUT_ID_NOT_PROVEN_ADMISSION_ORDER,L_ROR
H2S,FULLY_SCHEDULED,SF_S2_C13_M01,SensorFast,720,0.7766990291262136,CANONICAL_INPUT_ID_NOT_PROVEN_ADMISSION_ORDER,L_ROR
H2S,FULLY_SCHEDULED,SF_S2_C13_M02,SensorFast,721,0.7777777777777778,CANONICAL_INPUT_ID_NOT_PROVEN_ADMISSION_ORDER,L_ROR
H2S,FULLY_SCHEDULED,SF_S2_C13_M03,SensorFast,722,0.778856526429342,CANONICAL_INPUT_ID_NOT_PROVEN_ADMISSION_ORDER,L_ROR
H2S,FULLY_SCHEDULED,SF_S2_C13_M04,SensorFast,723,0.7799352750809061,CANONICAL_INPUT_ID_NOT_PROVEN_ADMISSION_ORDER,L_ROR
H2S,FULLY_SCHEDULED,SF_S2_C14_M01,SensorFast,724,0.7810140237324703,CANONICAL_INPUT_ID_NOT_PROVEN_ADMISSION_ORDER,L_ROR
H2S,FULLY_SCHEDULED,SF_S2_C14_M02,SensorFast,725,0.7820927723840345,CANONICAL_INPUT_ID_NOT_PROVEN_ADMISSION_ORDER,L_ROR
H2S,FULLY_SCHEDULED,SF_S2_C14_M03,SensorFast,726,0.7831715210355987,CANONICAL_INPUT_ID_NOT_PROVEN_ADMISSION_ORDER,L_ROR
H2S,FULLY_SCHEDULED,SF_S2_C14_M04,SensorFast,727,0.7842502696871629,CANONICAL_INPUT_ID_NOT_PROVEN_ADMISSION_ORDER,L_ROR
H2S,FULLY_SCHEDULED,SF_S2_C15_M01,SensorFast,728,0.785329018338727,CANONICAL_INPUT_ID_NOT_PROVEN_ADMISSION_ORDER,L_ROR
H2S,FULLY_SCHEDULED,SF_S2_C15_M02,SensorFast,729,0.7864077669902912,CANONICAL_INPUT_ID_NOT_PROVEN_ADMISSION_ORDER,L_ROR
H2S,FULLY_SCHEDULED,SF_S2_C15_M03,SensorFast,730,0.7874865156418555,CANONICAL_INPUT_ID_NOT_PROVEN_ADMISSION_ORDER,L_ROR
H2S,FULLY_SCHEDULED,SF_S2_C15_M04,SensorFast,731,0.7885652642934197,CANONICAL_INPUT_ID_NOT_PROVEN_ADMISSION_ORDER,L_ROR
H2S,FULLY_SCHEDULED,SF_S2_C16_M01,SensorFast,732,0.7896440129449838,CANONICAL_INPUT_ID_NOT_PROVEN_ADMISSION_ORDER,L_ROR
H2S,FULLY_SCHEDULED,SF_S2_C16_M02,SensorFast,733,0.790722761596548,CANONICAL_INPUT_ID_NOT_PROVEN_ADMISSION_ORDER,L_ROR
H2S,FULLY_SCHEDULED,SF_S2_C16_M03,SensorFast,734,0.7918015102481122,CANONICAL_INPUT_ID_NOT_PROVEN_ADMISSION_ORDER,L_ROR
H2S,FULLY_SCHEDULED,SF_S2_C16_M04,SensorFast,735,0.7928802588996764,CANONICAL_INPUT_ID_NOT_PROVEN_ADMISSION_ORDER,L_ROR
H2S,FULLY_SCHEDULED,SF_S3_C01_M01,SensorFast,736,0.7939590075512406,CANONICAL_INPUT_ID_NOT_PROVEN_ADMISSION_ORDER,L_ROR
H2S,FULLY_SCHEDULED,SF_S3_C01_M02,SensorFast,737,0.7950377562028047,CANONICAL_INPUT_ID_NOT_PROVEN_ADMISSION_ORDER,L_ROR
H2S,FULLY_SCHEDULED,SF_S3_C01_M03,SensorFast,738,0.7961165048543689,CANONICAL_INPUT_ID_NOT_PROVEN_ADMISSION_ORDER,L_ROR
H2S,FULLY_SCHEDULED,SF_S3_C01_M04,SensorFast,739,0.7971952535059331,CANONICAL_INPUT_ID_NOT_PROVEN_ADMISSION_ORDER,L_ROR
H2S,FULLY_SCHEDULED,SF_S3_C02_M01,SensorFast,740,0.7982740021574973,CANONICAL_INPUT_ID_NOT_PROVEN_ADMISSION_ORDER,L_ROR
H2S,FULLY_SCHEDULED,SF_S3_C02_M02,SensorFast,741,0.7993527508090615,CANONICAL_INPUT_ID_NOT_PROVEN_ADMISSION_ORDER,L_ROR
H2S,FULLY_SCHEDULED,SF_S3_C02_M03,SensorFast,742,0.8004314994606256,CANONICAL_INPUT_ID_NOT_PROVEN_ADMISSION_ORDER,L_ROR
H2S,FULLY_SCHEDULED,SF_S3_C02_M04,SensorFast,743,0.8015102481121898,CANONICAL_INPUT_ID_NOT_PROVEN_ADMISSION_ORDER,L_ROR
H2S,FULLY_SCHEDULED,SF_S3_C03_M01,SensorFast,744,0.8025889967637541,CANONICAL_INPUT_ID_NOT_PROVEN_ADMISSION_ORDER,L_ROR
H2S,FULLY_SCHEDULED,SF_S3_C03_M02,SensorFast,745,0.8036677454153183,CANONICAL_INPUT_ID_NOT_PROVEN_ADMISSION_ORDER,L_ROR
H2S,FULLY_SCHEDULED,SF_S3_C03_M03,SensorFast,746,0.8047464940668824,CANONICAL_INPUT_ID_NOT_PROVEN_ADMISSION_ORDER,L_ROR
H2S,FULLY_SCHEDULED,SF_S3_C03_M04,SensorFast,747,0.8058252427184466,CANONICAL_INPUT_ID_NOT_PROVEN_ADMISSION_ORDER,L_ROR
H2S,FULLY_SCHEDULED,SF_S3_C04_M01,SensorFast,748,0.8069039913700108,CANONICAL_INPUT_ID_NOT_PROVEN_ADMISSION_ORDER,L_ROR
H2S,FULLY_SCHEDULED,SF_S3_C04_M02,SensorFast,749,0.807982740021575,CANONICAL_INPUT_ID_NOT_PROVEN_ADMISSION_ORDER,L_ROR
H2S,FULLY_SCHEDULED,SF_S3_C04_M03,SensorFast,750,0.8090614886731392,CANONICAL_INPUT_ID_NOT_PROVEN_ADMISSION_ORDER,L_ROR
H2S,FULLY_SCHEDULED,SF_S3_C04_M04,SensorFast,751,0.8101402373247033,CANONICAL_INPUT_ID_NOT_PROVEN_ADMISSION_ORDER,L_ROR
H2S,FULLY_SCHEDULED,SF_S3_C05_M01,SensorFast,752,0.8112189859762675,CANONICAL_INPUT_ID_NOT_PROVEN_ADMISSION_ORDER,L_ROR
H2S,FULLY_SCHEDULED,SF_S3_C05_M02,SensorFast,753,0.8122977346278317,CANONICAL_INPUT_ID_NOT_PROVEN_ADMISSION_ORDER,L_ROR
H2S,FULLY_SCHEDULED,SF_S3_C05_M03,SensorFast,754,0.8133764832793959,CANONICAL_INPUT_ID_NOT_PROVEN_ADMISSION_ORDER,L_ROR
H2S,FULLY_SCHEDULED,SF_S3_C05_M04,SensorFast,755,0.81445523193096,CANONICAL_INPUT_ID_NOT_PROVEN_ADMISSION_ORDER,L_ROR
H2S,FULLY_SCHEDULED,SF_S3_C06_M01,SensorFast,756,0.8155339805825242,CANONICAL_INPUT_ID_NOT_PROVEN_ADMISSION_ORDER,L_ROR
H2S,FULLY_SCHEDULED,SF_S3_C06_M02,SensorFast,757,0.8166127292340885,CANONICAL_INPUT_ID_NOT_PROVEN_ADMISSION_ORDER,L_ROR
H2S,FULLY_SCHEDULED,SF_S3_C06_M03,SensorFast,758,0.8176914778856527,CANONICAL_INPUT_ID_NOT_PROVEN_ADMISSION_ORDER,L_ROR
H2S,FULLY_SCHEDULED,SF_S3_C06_M04,SensorFast,759,0.8187702265372169,CANONICAL_INPUT_ID_NOT_PROVEN_ADMISSION_ORDER,L_ROR
H2S,FULLY_SCHEDULED,SF_S3_C07_M01,SensorFast,760,0.819848975188781,CANONICAL_INPUT_ID_NOT_PROVEN_ADMISSION_ORDER,L_ROR
H2S,FULLY_SCHEDULED,SF_S3_C07_M02,SensorFast,761,0.8209277238403452,CANONICAL_INPUT_ID_NOT_PROVEN_ADMISSION_ORDER,L_ROR
H2S,FULLY_SCHEDULED,SF_S3_C07_M03,SensorFast,762,0.8220064724919094,CANONICAL_INPUT_ID_NOT_PROVEN_ADMISSION_ORDER,L_ROR
H2S,FULLY_SCHEDULED,SF_S3_C07_M04,SensorFast,763,0.8230852211434736,CANONICAL_INPUT_ID_NOT_PROVEN_ADMISSION_ORDER,L_ROR
H2S,FULLY_SCHEDULED,SF_S3_C08_M01,SensorFast,764,0.8241639697950378,CANONICAL_INPUT_ID_NOT_PROVEN_ADMISSION_ORDER,L_ROR
H2S,FULLY_SCHEDULED,SF_S3_C08_M02,SensorFast,765,0.8252427184466019,CANONICAL_INPUT_ID_NOT_PROVEN_ADMISSION_ORDER,L_ROR
H2S,FULLY_SCHEDULED,SF_S3_C08_M03,SensorFast,766,0.8263214670981661,CANONICAL_INPUT_ID_NOT_PROVEN_ADMISSION_ORDER,L_ROR
H2S,FULLY_SCHEDULED,SF_S3_C08_M04,SensorFast,767,0.8274002157497303,CANONICAL_INPUT_ID_NOT_PROVEN_ADMISSION_ORDER,L_ROR
H2S,FULLY_SCHEDULED,SF_S3_C09_M01,SensorFast,768,0.8284789644012945,CANONICAL_INPUT_ID_NOT_PROVEN_ADMISSION_ORDER,L_ROR
H2S,FULLY_SCHEDULED,SF_S3_C09_M02,SensorFast,769,0.8295577130528586,CANONICAL_INPUT_ID_NOT_PROVEN_ADMISSION_ORDER,L_ROR
H2S,FULLY_SCHEDULED,SF_S3_C09_M03,SensorFast,770,0.8306364617044228,CANONICAL_INPUT_ID_NOT_PROVEN_ADMISSION_ORDER,L_ROR
H2S,FULLY_SCHEDULED,SF_S3_C09_M04,SensorFast,771,0.8317152103559871,CANONICAL_INPUT_ID_NOT_PROVEN_ADMISSION_ORDER,L_ROR
H2S,FULLY_SCHEDULED,SF_S3_C10_M01,SensorFast,772,0.8327939590075513,CANONICAL_INPUT_ID_NOT_PROVEN_ADMISSION_ORDER,L_ROR
H2S,FULLY_SCHEDULED,SF_S3_C10_M02,SensorFast,773,0.8338727076591155,CANONICAL_INPUT_ID_NOT_PROVEN_ADMISSION_ORDER,L_ROR
H2S,FULLY_SCHEDULED,SF_S3_C10_M03,SensorFast,774,0.8349514563106796,CANONICAL_INPUT_ID_NOT_PROVEN_ADMISSION_ORDER,L_ROR
H2S,FULLY_SCHEDULED,SF_S3_C10_M04,SensorFast,775,0.8360302049622438,CANONICAL_INPUT_ID_NOT_PROVEN_ADMISSION_ORDER,L_ROR
H2S,FULLY_SCHEDULED,SF_S3_C11_M01,SensorFast,776,0.837108953613808,CANONICAL_INPUT_ID_NOT_PROVEN_ADMISSION_ORDER,L_ROR
H2S,FULLY_SCHEDULED,SF_S3_C11_M02,SensorFast,777,0.8381877022653722,CANONICAL_INPUT_ID_NOT_PROVEN_ADMISSION_ORDER,L_ROR
H2S,FULLY_SCHEDULED,SF_S3_C11_M03,SensorFast,778,0.8392664509169363,CANONICAL_INPUT_ID_NOT_PROVEN_ADMISSION_ORDER,L_ROR
H2S,FULLY_SCHEDULED,SF_S3_C11_M04,SensorFast,779,0.8403451995685005,CANONICAL_INPUT_ID_NOT_PROVEN_ADMISSION_ORDER,L_ROR
H2S,FULLY_SCHEDULED,SF_S3_C12_M01,SensorFast,780,0.8414239482200647,CANONICAL_INPUT_ID_NOT_PROVEN_ADMISSION_ORDER,L_ROR
H2S,FULLY_SCHEDULED,SF_S3_C12_M02,SensorFast,781,0.8425026968716289,CANONICAL_INPUT_ID_NOT_PROVEN_ADMISSION_ORDER,L_ROR
H2S,FULLY_SCHEDULED,SF_S3_C12_M03,SensorFast,782,0.8435814455231931,CANONICAL_INPUT_ID_NOT_PROVEN_ADMISSION_ORDER,L_ROR
H2S,FULLY_SCHEDULED,SF_S3_C12_M04,SensorFast,783,0.8446601941747572,CANONICAL_INPUT_ID_NOT_PROVEN_ADMISSION_ORDER,L_ROR
H2S,FULLY_SCHEDULED,SF_S3_C13_M01,SensorFast,784,0.8457389428263214,CANONICAL_INPUT_ID_NOT_PROVEN_ADMISSION_ORDER,L_ROR
H2S,FULLY_SCHEDULED,SF_S3_C13_M02,SensorFast,785,0.8468176914778857,CANONICAL_INPUT_ID_NOT_PROVEN_ADMISSION_ORDER,L_ROR
H2S,FULLY_SCHEDULED,SF_S3_C13_M03,SensorFast,786,0.8478964401294499,CANONICAL_INPUT_ID_NOT_PROVEN_ADMISSION_ORDER,L_ROR
H2S,FULLY_SCHEDULED,SF_S3_C13_M04,SensorFast,787,0.8489751887810141,CANONICAL_INPUT_ID_NOT_PROVEN_ADMISSION_ORDER,L_ROR
H2S,FULLY_SCHEDULED,SF_S3_C14_M01,SensorFast,788,0.8500539374325782,CANONICAL_INPUT_ID_NOT_PROVEN_ADMISSION_ORDER,L_ROR
H2S,FULLY_SCHEDULED,SF_S3_C14_M02,SensorFast,789,0.8511326860841424,CANONICAL_INPUT_ID_NOT_PROVEN_ADMISSION_ORDER,L_ROR
H2S,FULLY_SCHEDULED,SF_S3_C14_M03,SensorFast,790,0.8522114347357066,CANONICAL_INPUT_ID_NOT_PROVEN_ADMISSION_ORDER,L_ROR
H2S,FULLY_SCHEDULED,SF_S3_C14_M04,SensorFast,791,0.8532901833872708,CANONICAL_INPUT_ID_NOT_PROVEN_ADMISSION_ORDER,L_ROR
H2S,FULLY_SCHEDULED,SF_S3_C15_M01,SensorFast,792,0.8543689320388349,CANONICAL_INPUT_ID_NOT_PROVEN_ADMISSION_ORDER,L_ROR
H2S,FULLY_SCHEDULED,SF_S3_C15_M02,SensorFast,793,0.8554476806903991,CANONICAL_INPUT_ID_NOT_PROVEN_ADMISSION_ORDER,L_ROR
H2S,FULLY_SCHEDULED,SF_S3_C15_M03,SensorFast,794,0.8565264293419633,CANONICAL_INPUT_ID_NOT_PROVEN_ADMISSION_ORDER,L_ROR
H2S,FULLY_SCHEDULED,SF_S3_C15_M04,SensorFast,795,0.8576051779935275,CANONICAL_INPUT_ID_NOT_PROVEN_ADMISSION_ORDER,L_ROR
H2S,FULLY_SCHEDULED,SF_S3_C16_M01,SensorFast,796,0.8586839266450917,CANONICAL_INPUT_ID_NOT_PROVEN_ADMISSION_ORDER,L_ROR
H2S,FULLY_SCHEDULED,SF_S3_C16_M02,SensorFast,797,0.8597626752966558,CANONICAL_INPUT_ID_NOT_PROVEN_ADMISSION_ORDER,L_ROR
H2S,FULLY_SCHEDULED,SF_S3_C16_M03,SensorFast,798,0.86084142394822,CANONICAL_INPUT_ID_NOT_PROVEN_ADMISSION_ORDER,L_ROR
H2S,FULLY_SCHEDULED,SF_S3_C16_M04,SensorFast,799,0.8619201725997843,CANONICAL_INPUT_ID_NOT_PROVEN_ADMISSION_ORDER,L_ROR
H2S,FULLY_SCHEDULED,SF_S4_C01_M01,SensorFast,800,0.8629989212513485,CANONICAL_INPUT_ID_NOT_PROVEN_ADMISSION_ORDER,L_ROR
H2S,FULLY_SCHEDULED,SF_S4_C01_M02,SensorFast,801,0.8640776699029126,CANONICAL_INPUT_ID_NOT_PROVEN_ADMISSION_ORDER,L_ROR
H2S,FULLY_SCHEDULED,SF_S4_C01_M03,SensorFast,802,0.8651564185544768,CANONICAL_INPUT_ID_NOT_PROVEN_ADMISSION_ORDER,L_ROR
H2S,FULLY_SCHEDULED,SF_S4_C01_M04,SensorFast,803,0.866235167206041,CANONICAL_INPUT_ID_NOT_PROVEN_ADMISSION_ORDER,L_ROR
H2S,FULLY_SCHEDULED,SF_S4_C02_M01,SensorFast,804,0.8673139158576052,CANONICAL_INPUT_ID_NOT_PROVEN_ADMISSION_ORDER,L_ROR
H2S,FULLY_SCHEDULED,SF_S4_C02_M02,SensorFast,805,0.8683926645091694,CANONICAL_INPUT_ID_NOT_PROVEN_ADMISSION_ORDER,L_ROR
H2S,FULLY_SCHEDULED,SF_S4_C02_M03,SensorFast,806,0.8694714131607335,CANONICAL_INPUT_ID_NOT_PROVEN_ADMISSION_ORDER,L_ROR
H2S,FULLY_SCHEDULED,SF_S4_C02_M04,SensorFast,807,0.8705501618122977,CANONICAL_INPUT_ID_NOT_PROVEN_ADMISSION_ORDER,L_ROR
H2S,FULLY_SCHEDULED,SF_S4_C03_M01,SensorFast,808,0.8716289104638619,CANONICAL_INPUT_ID_NOT_PROVEN_ADMISSION_ORDER,L_ROR
H2S,FULLY_SCHEDULED,SF_S4_C03_M02,SensorFast,809,0.8727076591154261,CANONICAL_INPUT_ID_NOT_PROVEN_ADMISSION_ORDER,L_ROR
H2S,FULLY_SCHEDULED,SF_S4_C03_M03,SensorFast,810,0.8737864077669902,CANONICAL_INPUT_ID_NOT_PROVEN_ADMISSION_ORDER,L_ROR
H2S,FULLY_SCHEDULED,SF_S4_C03_M04,SensorFast,811,0.8748651564185544,CANONICAL_INPUT_ID_NOT_PROVEN_ADMISSION_ORDER,L_ROR
H2S,FULLY_SCHEDULED,SF_S4_C04_M01,SensorFast,812,0.8759439050701187,CANONICAL_INPUT_ID_NOT_PROVEN_ADMISSION_ORDER,L_ROR
H2S,FULLY_SCHEDULED,SF_S4_C04_M02,SensorFast,813,0.8770226537216829,CANONICAL_INPUT_ID_NOT_PROVEN_ADMISSION_ORDER,L_ROR
H2S,FULLY_SCHEDULED,SF_S4_C04_M03,SensorFast,814,0.8781014023732471,CANONICAL_INPUT_ID_NOT_PROVEN_ADMISSION_ORDER,L_ROR
H2S,FULLY_SCHEDULED,SF_S4_C04_M04,SensorFast,815,0.8791801510248112,CANONICAL_INPUT_ID_NOT_PROVEN_ADMISSION_ORDER,L_ROR
H2S,FULLY_SCHEDULED,SF_S4_C05_M01,SensorFast,816,0.8802588996763754,CANONICAL_INPUT_ID_NOT_PROVEN_ADMISSION_ORDER,L_ROR
H2S,FULLY_SCHEDULED,SF_S4_C05_M02,SensorFast,817,0.8813376483279396,CANONICAL_INPUT_ID_NOT_PROVEN_ADMISSION_ORDER,L_ROR
H2S,FULLY_SCHEDULED,SF_S4_C05_M03,SensorFast,818,0.8824163969795038,CANONICAL_INPUT_ID_NOT_PROVEN_ADMISSION_ORDER,L_ROR
H2S,FULLY_SCHEDULED,SF_S4_C05_M04,SensorFast,819,0.883495145631068,CANONICAL_INPUT_ID_NOT_PROVEN_ADMISSION_ORDER,L_ROR
H2S,FULLY_SCHEDULED,SF_S4_C06_M01,SensorFast,820,0.8845738942826321,CANONICAL_INPUT_ID_NOT_PROVEN_ADMISSION_ORDER,L_ROR
H2S,FULLY_SCHEDULED,SF_S4_C06_M02,SensorFast,821,0.8856526429341963,CANONICAL_INPUT_ID_NOT_PROVEN_ADMISSION_ORDER,L_ROR
H2S,FULLY_SCHEDULED,SF_S4_C06_M03,SensorFast,822,0.8867313915857605,CANONICAL_INPUT_ID_NOT_PROVEN_ADMISSION_ORDER,L_ROR
H2S,FULLY_SCHEDULED,SF_S4_C06_M04,SensorFast,823,0.8878101402373247,CANONICAL_INPUT_ID_NOT_PROVEN_ADMISSION_ORDER,L_ROR
H2S,FULLY_SCHEDULED,SF_S4_C07_M01,SensorFast,824,0.8888888888888888,CANONICAL_INPUT_ID_NOT_PROVEN_ADMISSION_ORDER,L_ROR
H2S,FULLY_SCHEDULED,SF_S4_C07_M02,SensorFast,825,0.889967637540453,CANONICAL_INPUT_ID_NOT_PROVEN_ADMISSION_ORDER,L_ROR
H2S,FULLY_SCHEDULED,SF_S4_C07_M03,SensorFast,826,0.8910463861920173,CANONICAL_INPUT_ID_NOT_PROVEN_ADMISSION_ORDER,L_ROR
H2S,FULLY_SCHEDULED,SF_S4_C07_M04,SensorFast,827,0.8921251348435815,CANONICAL_INPUT_ID_NOT_PROVEN_ADMISSION_ORDER,L_ROR
H2S,FULLY_SCHEDULED,SF_S4_C08_M01,SensorFast,828,0.8932038834951457,CANONICAL_INPUT_ID_NOT_PROVEN_ADMISSION_ORDER,L_ROR
H2S,FULLY_SCHEDULED,SF_S4_C08_M02,SensorFast,829,0.8942826321467098,CANONICAL_INPUT_ID_NOT_PROVEN_ADMISSION_ORDER,L_ROR
H2S,FULLY_SCHEDULED,SF_S4_C08_M03,SensorFast,830,0.895361380798274,CANONICAL_INPUT_ID_NOT_PROVEN_ADMISSION_ORDER,L_ROR
H2S,FULLY_SCHEDULED,SF_S4_C08_M04,SensorFast,831,0.8964401294498382,CANONICAL_INPUT_ID_NOT_PROVEN_ADMISSION_ORDER,L_ROR
H2S,FULLY_SCHEDULED,SF_S4_C09_M01,SensorFast,832,0.8975188781014024,CANONICAL_INPUT_ID_NOT_PROVEN_ADMISSION_ORDER,L_ROR
H2S,FULLY_SCHEDULED,SF_S4_C09_M02,SensorFast,833,0.8985976267529665,CANONICAL_INPUT_ID_NOT_PROVEN_ADMISSION_ORDER,L_ROR
H2S,FULLY_SCHEDULED,SF_S4_C09_M03,SensorFast,834,0.8996763754045307,CANONICAL_INPUT_ID_NOT_PROVEN_ADMISSION_ORDER,L_ROR
H2S,FULLY_SCHEDULED,SF_S4_C09_M04,SensorFast,835,0.9007551240560949,CANONICAL_INPUT_ID_NOT_PROVEN_ADMISSION_ORDER,L_ROR
H2S,FULLY_SCHEDULED,SF_S4_C10_M01,SensorFast,836,0.9018338727076591,CANONICAL_INPUT_ID_NOT_PROVEN_ADMISSION_ORDER,L_ROR
H2S,FULLY_SCHEDULED,SF_S4_C10_M02,SensorFast,837,0.9029126213592233,CANONICAL_INPUT_ID_NOT_PROVEN_ADMISSION_ORDER,L_ROR
H2S,FULLY_SCHEDULED,SF_S4_C10_M03,SensorFast,838,0.9039913700107874,CANONICAL_INPUT_ID_NOT_PROVEN_ADMISSION_ORDER,L_ROR
H2S,FULLY_SCHEDULED,SF_S4_C10_M04,SensorFast,839,0.9050701186623517,CANONICAL_INPUT_ID_NOT_PROVEN_ADMISSION_ORDER,L_ROR
H2S,FULLY_SCHEDULED,SF_S4_C11_M01,SensorFast,840,0.9061488673139159,CANONICAL_INPUT_ID_NOT_PROVEN_ADMISSION_ORDER,L_ROR
H2S,FULLY_SCHEDULED,SF_S4_C11_M02,SensorFast,841,0.9072276159654801,CANONICAL_INPUT_ID_NOT_PROVEN_ADMISSION_ORDER,L_ROR
H2S,FULLY_SCHEDULED,SF_S4_C11_M03,SensorFast,842,0.9083063646170443,CANONICAL_INPUT_ID_NOT_PROVEN_ADMISSION_ORDER,L_ROR
H2S,FULLY_SCHEDULED,SF_S4_C11_M04,SensorFast,843,0.9093851132686084,CANONICAL_INPUT_ID_NOT_PROVEN_ADMISSION_ORDER,L_ROR
H2S,FULLY_SCHEDULED,SF_S4_C12_M01,SensorFast,844,0.9104638619201726,CANONICAL_INPUT_ID_NOT_PROVEN_ADMISSION_ORDER,L_ROR
H2S,FULLY_SCHEDULED,SF_S4_C12_M02,SensorFast,845,0.9115426105717368,CANONICAL_INPUT_ID_NOT_PROVEN_ADMISSION_ORDER,L_ROR
H2S,FULLY_SCHEDULED,SF_S4_C12_M03,SensorFast,846,0.912621359223301,CANONICAL_INPUT_ID_NOT_PROVEN_ADMISSION_ORDER,L_ROR
H2S,FULLY_SCHEDULED,SF_S4_C12_M04,SensorFast,847,0.9137001078748651,CANONICAL_INPUT_ID_NOT_PROVEN_ADMISSION_ORDER,L_ROR
H2S,FULLY_SCHEDULED,SF_S4_C13_M01,SensorFast,848,0.9147788565264293,CANONICAL_INPUT_ID_NOT_PROVEN_ADMISSION_ORDER,L_ROR
H2S,FULLY_SCHEDULED,SF_S4_C13_M02,SensorFast,849,0.9158576051779935,CANONICAL_INPUT_ID_NOT_PROVEN_ADMISSION_ORDER,L_ROR
H2S,FULLY_SCHEDULED,SF_S4_C13_M03,SensorFast,850,0.9169363538295577,CANONICAL_INPUT_ID_NOT_PROVEN_ADMISSION_ORDER,L_ROR
H2S,FULLY_SCHEDULED,SF_S4_C13_M04,SensorFast,851,0.918015102481122,CANONICAL_INPUT_ID_NOT_PROVEN_ADMISSION_ORDER,L_ROR
H2S,FULLY_SCHEDULED,SF_S4_C14_M01,SensorFast,852,0.919093851132686,CANONICAL_INPUT_ID_NOT_PROVEN_ADMISSION_ORDER,L_ROR
H2S,FULLY_SCHEDULED,SF_S4_C14_M02,SensorFast,853,0.9201725997842503,CANONICAL_INPUT_ID_NOT_PROVEN_ADMISSION_ORDER,L_ROR
H2S,FULLY_SCHEDULED,SF_S4_C14_M03,SensorFast,854,0.9212513484358145,CANONICAL_INPUT_ID_NOT_PROVEN_ADMISSION_ORDER,L_ROR
H2S,FULLY_SCHEDULED,SF_S4_C14_M04,SensorFast,855,0.9223300970873787,CANONICAL_INPUT_ID_NOT_PROVEN_ADMISSION_ORDER,L_ROR
H2S,FULLY_SCHEDULED,SF_S4_C15_M01,SensorFast,856,0.9234088457389428,CANONICAL_INPUT_ID_NOT_PROVEN_ADMISSION_ORDER,L_ROR
H2S,FULLY_SCHEDULED,SF_S4_C15_M02,SensorFast,857,0.924487594390507,CANONICAL_INPUT_ID_NOT_PROVEN_ADMISSION_ORDER,L_ROR
H2S,FULLY_SCHEDULED,SF_S4_C15_M03,SensorFast,858,0.9255663430420712,CANONICAL_INPUT_ID_NOT_PROVEN_ADMISSION_ORDER,L_ROR
H2S,FULLY_SCHEDULED,SF_S4_C15_M04,SensorFast,859,0.9266450916936354,CANONICAL_INPUT_ID_NOT_PROVEN_ADMISSION_ORDER,L_ROR
H2S,FULLY_SCHEDULED,SF_S4_C16_M01,SensorFast,860,0.9277238403451996,CANONICAL_INPUT_ID_NOT_PROVEN_ADMISSION_ORDER,L_ROR
H2S,FULLY_SCHEDULED,SF_S4_C16_M02,SensorFast,861,0.9288025889967637,CANONICAL_INPUT_ID_NOT_PROVEN_ADMISSION_ORDER,L_ROR
H2S,FULLY_SCHEDULED,SF_S4_C16_M03,SensorFast,862,0.9298813376483279,CANONICAL_INPUT_ID_NOT_PROVEN_ADMISSION_ORDER,L_ROR
H2S,FULLY_SCHEDULED,SF_S4_C16_M04,SensorFast,863,0.9309600862998921,CANONICAL_INPUT_ID_NOT_PROVEN_ADMISSION_ORDER,L_ROR
H2S,FULLY_SCHEDULED,STAT_PLC_C01_M01,MachineStatus,864,0.9320388349514563,CANONICAL_INPUT_ID_NOT_PROVEN_ADMISSION_ORDER,L_ROR
H2S,FULLY_SCHEDULED,STAT_PLC_C01_M02,MachineStatus,865,0.9331175836030206,CANONICAL_INPUT_ID_NOT_PROVEN_ADMISSION_ORDER,L_ROR
H2S,FULLY_SCHEDULED,STAT_PLC_C01_M03,MachineStatus,866,0.9341963322545846,CANONICAL_INPUT_ID_NOT_PROVEN_ADMISSION_ORDER,L_ROR
H2S,FULLY_SCHEDULED,STAT_PLC_C01_M04,MachineStatus,867,0.9352750809061489,CANONICAL_INPUT_ID_NOT_PROVEN_ADMISSION_ORDER,L_ROR
H2S,FULLY_SCHEDULED,STAT_PLC_C02_M01,MachineStatus,868,0.9363538295577131,CANONICAL_INPUT_ID_NOT_PROVEN_ADMISSION_ORDER,L_ROR
H2S,FULLY_SCHEDULED,STAT_PLC_C02_M02,MachineStatus,869,0.9374325782092773,CANONICAL_INPUT_ID_NOT_PROVEN_ADMISSION_ORDER,L_ROR
H2S,FULLY_SCHEDULED,STAT_PLC_C02_M03,MachineStatus,870,0.9385113268608414,CANONICAL_INPUT_ID_NOT_PROVEN_ADMISSION_ORDER,L_ROR
H2S,FULLY_SCHEDULED,STAT_PLC_C02_M04,MachineStatus,871,0.9395900755124056,CANONICAL_INPUT_ID_NOT_PROVEN_ADMISSION_ORDER,L_ROR
H2S,FULLY_SCHEDULED,STAT_PLC_C03_M01,MachineStatus,872,0.9406688241639698,CANONICAL_INPUT_ID_NOT_PROVEN_ADMISSION_ORDER,L_ROR
H2S,FULLY_SCHEDULED,STAT_PLC_C03_M02,MachineStatus,873,0.941747572815534,CANONICAL_INPUT_ID_NOT_PROVEN_ADMISSION_ORDER,L_ROR
H2S,FULLY_SCHEDULED,STAT_PLC_C03_M03,MachineStatus,874,0.9428263214670982,CANONICAL_INPUT_ID_NOT_PROVEN_ADMISSION_ORDER,L_ROR
H2S,FULLY_SCHEDULED,STAT_PLC_C03_M04,MachineStatus,875,0.9439050701186623,CANONICAL_INPUT_ID_NOT_PROVEN_ADMISSION_ORDER,L_ROR
H2S,FULLY_SCHEDULED,STAT_PLC_C04_M01,MachineStatus,876,0.9449838187702265,CANONICAL_INPUT_ID_NOT_PROVEN_ADMISSION_ORDER,L_ROR
H2S,FULLY_SCHEDULED,STAT_PLC_C04_M02,MachineStatus,877,0.9460625674217907,CANONICAL_INPUT_ID_NOT_PROVEN_ADMISSION_ORDER,L_ROR
H2S,FULLY_SCHEDULED,STAT_PLC_C04_M03,MachineStatus,878,0.9471413160733549,CANONICAL_INPUT_ID_NOT_PROVEN_ADMISSION_ORDER,L_ROR
H2S,FULLY_SCHEDULED,STAT_PLC_C04_M04,MachineStatus,879,0.948220064724919,CANONICAL_INPUT_ID_NOT_PROVEN_ADMISSION_ORDER,L_ROR
H2S,FULLY_SCHEDULED,STAT_PLC_C05_M01,MachineStatus,880,0.9492988133764833,CANONICAL_INPUT_ID_NOT_PROVEN_ADMISSION_ORDER,L_ROR
H2S,FULLY_SCHEDULED,STAT_PLC_C05_M02,MachineStatus,881,0.9503775620280475,CANONICAL_INPUT_ID_NOT_PROVEN_ADMISSION_ORDER,L_ROR
H2S,FULLY_SCHEDULED,STAT_PLC_C05_M03,MachineStatus,882,0.9514563106796117,CANONICAL_INPUT_ID_NOT_PROVEN_ADMISSION_ORDER,L_ROR
H2S,ZERO_SCHEDULED,STAT_PLC_C05_M04,MachineStatus,883,0.9525350593311759,CANONICAL_INPUT_ID_NOT_PROVEN_ADMISSION_ORDER,L_ROR
H2S,FULLY_SCHEDULED,STAT_PLC_C06_M01,MachineStatus,884,0.95361380798274,CANONICAL_INPUT_ID_NOT_PROVEN_ADMISSION_ORDER,L_ROR
H2S,FULLY_SCHEDULED,STAT_PLC_C06_M02,MachineStatus,885,0.9546925566343042,CANONICAL_INPUT_ID_NOT_PROVEN_ADMISSION_ORDER,L_ROR
H2S,FULLY_SCHEDULED,STAT_PLC_C06_M03,MachineStatus,886,0.9557713052858684,CANONICAL_INPUT_ID_NOT_PROVEN_ADMISSION_ORDER,L_ROR
H2S,FULLY_SCHEDULED,STAT_PLC_C06_M04,MachineStatus,887,0.9568500539374326,CANONICAL_INPUT_ID_NOT_PROVEN_ADMISSION_ORDER,L_ROR
H2S,FULLY_SCHEDULED,STAT_PLC_C07_M01,MachineStatus,888,0.9579288025889967,CANONICAL_INPUT_ID_NOT_PROVEN_ADMISSION_ORDER,L_ROR
H2S,FULLY_SCHEDULED,STAT_PLC_C07_M02,MachineStatus,889,0.9590075512405609,CANONICAL_INPUT_ID_NOT_PROVEN_ADMISSION_ORDER,L_ROR
H2S,FULLY_SCHEDULED,STAT_PLC_C07_M03,MachineStatus,890,0.9600862998921251,CANONICAL_INPUT_ID_NOT_PROVEN_ADMISSION_ORDER,L_ROR
H2S,FULLY_SCHEDULED,STAT_PLC_C07_M04,MachineStatus,891,0.9611650485436893,CANONICAL_INPUT_ID_NOT_PROVEN_ADMISSION_ORDER,L_ROR
H2S,FULLY_SCHEDULED,STAT_PLC_C08_M01,MachineStatus,892,0.9622437971952535,CANONICAL_INPUT_ID_NOT_PROVEN_ADMISSION_ORDER,L_ROR
H2S,FULLY_SCHEDULED,STAT_PLC_C08_M02,MachineStatus,893,0.9633225458468176,CANONICAL_INPUT_ID_NOT_PROVEN_ADMISSION_ORDER,L_ROR
H2S,FULLY_SCHEDULED,STAT_PLC_C08_M03,MachineStatus,894,0.9644012944983819,CANONICAL_INPUT_ID_NOT_PROVEN_ADMISSION_ORDER,L_ROR
H2S,FULLY_SCHEDULED,STAT_PLC_C08_M04,MachineStatus,895,0.9654800431499461,CANONICAL_INPUT_ID_NOT_PROVEN_ADMISSION_ORDER,L_ROR
H2S,FULLY_SCHEDULED,STAT_PLC_C09_M01,MachineStatus,896,0.9665587918015103,CANONICAL_INPUT_ID_NOT_PROVEN_ADMISSION_ORDER,L_ROR
H2S,FULLY_SCHEDULED,STAT_PLC_C09_M02,MachineStatus,897,0.9676375404530745,CANONICAL_INPUT_ID_NOT_PROVEN_ADMISSION_ORDER,L_ROR
H2S,FULLY_SCHEDULED,STAT_PLC_C09_M03,MachineStatus,898,0.9687162891046386,CANONICAL_INPUT_ID_NOT_PROVEN_ADMISSION_ORDER,L_ROR
H2S,FULLY_SCHEDULED,STAT_PLC_C09_M04,MachineStatus,899,0.9697950377562028,CANONICAL_INPUT_ID_NOT_PROVEN_ADMISSION_ORDER,L_ROR
H2S,FULLY_SCHEDULED,STAT_PLC_C10_M01,MachineStatus,900,0.970873786407767,CANONICAL_INPUT_ID_NOT_PROVEN_ADMISSION_ORDER,L_ROR
H2S,FULLY_SCHEDULED,STAT_PLC_C10_M02,MachineStatus,901,0.9719525350593312,CANONICAL_INPUT_ID_NOT_PROVEN_ADMISSION_ORDER,L_ROR
H2S,FULLY_SCHEDULED,STAT_PLC_C10_M03,MachineStatus,902,0.9730312837108953,CANONICAL_INPUT_ID_NOT_PROVEN_ADMISSION_ORDER,L_ROR
H2S,FULLY_SCHEDULED,STAT_PLC_C10_M04,MachineStatus,903,0.9741100323624595,CANONICAL_INPUT_ID_NOT_PROVEN_ADMISSION_ORDER,L_ROR
H2S,FULLY_SCHEDULED,STAT_PLC_C11_M01,MachineStatus,904,0.9751887810140237,CANONICAL_INPUT_ID_NOT_PROVEN_ADMISSION_ORDER,L_ROR
H2S,FULLY_SCHEDULED,STAT_PLC_C11_M02,MachineStatus,905,0.9762675296655879,CANONICAL_INPUT_ID_NOT_PROVEN_ADMISSION_ORDER,L_ROR
H2S,FULLY_SCHEDULED,STAT_PLC_C11_M03,MachineStatus,906,0.9773462783171522,CANONICAL_INPUT_ID_NOT_PROVEN_ADMISSION_ORDER,L_ROR
H2S,FULLY_SCHEDULED,STAT_PLC_C11_M04,MachineStatus,907,0.9784250269687162,CANONICAL_INPUT_ID_NOT_PROVEN_ADMISSION_ORDER,L_ROR
H2S,FULLY_SCHEDULED,STAT_PLC_C12_M01,MachineStatus,908,0.9795037756202805,CANONICAL_INPUT_ID_NOT_PROVEN_ADMISSION_ORDER,L_ROR
H2S,FULLY_SCHEDULED,STAT_PLC_C12_M02,MachineStatus,909,0.9805825242718447,CANONICAL_INPUT_ID_NOT_PROVEN_ADMISSION_ORDER,L_ROR
H2S,FULLY_SCHEDULED,STAT_PLC_C12_M03,MachineStatus,910,0.9816612729234089,CANONICAL_INPUT_ID_NOT_PROVEN_ADMISSION_ORDER,L_ROR
H2S,FULLY_SCHEDULED,STAT_PLC_C12_M04,MachineStatus,911,0.982740021574973,CANONICAL_INPUT_ID_NOT_PROVEN_ADMISSION_ORDER,L_ROR
H2S,FULLY_SCHEDULED,STAT_PLC_C13_M01,MachineStatus,912,0.9838187702265372,CANONICAL_INPUT_ID_NOT_PROVEN_ADMISSION_ORDER,L_ROR
H2S,FULLY_SCHEDULED,STAT_PLC_C13_M02,MachineStatus,913,0.9848975188781014,CANONICAL_INPUT_ID_NOT_PROVEN_ADMISSION_ORDER,L_ROR
H2S,FULLY_SCHEDULED,STAT_PLC_C13_M03,MachineStatus,914,0.9859762675296656,CANONICAL_INPUT_ID_NOT_PROVEN_ADMISSION_ORDER,L_ROR
H2S,FULLY_SCHEDULED,STAT_PLC_C13_M04,MachineStatus,915,0.9870550161812298,CANONICAL_INPUT_ID_NOT_PROVEN_ADMISSION_ORDER,L_ROR
H2S,FULLY_SCHEDULED,STAT_PLC_C14_M01,MachineStatus,916,0.9881337648327939,CANONICAL_INPUT_ID_NOT_PROVEN_ADMISSION_ORDER,L_ROR
H2S,FULLY_SCHEDULED,STAT_PLC_C14_M02,MachineStatus,917,0.9892125134843581,CANONICAL_INPUT_ID_NOT_PROVEN_ADMISSION_ORDER,L_ROR
H2S,FULLY_SCHEDULED,STAT_PLC_C14_M03,MachineStatus,918,0.9902912621359223,CANONICAL_INPUT_ID_NOT_PROVEN_ADMISSION_ORDER,L_ROR
H2S,FULLY_SCHEDULED,STAT_PLC_C14_M04,MachineStatus,919,0.9913700107874865,CANONICAL_INPUT_ID_NOT_PROVEN_ADMISSION_ORDER,L_ROR
H2S,FULLY_SCHEDULED,STAT_PLC_C15_M01,MachineStatus,920,0.9924487594390508,CANONICAL_INPUT_ID_NOT_PROVEN_ADMISSION_ORDER,L_ROR
H2S,FULLY_SCHEDULED,STAT_PLC_C15_M02,MachineStatus,921,0.9935275080906149,CANONICAL_INPUT_ID_NOT_PROVEN_ADMISSION_ORDER,L_ROR
H2S,FULLY_SCHEDULED,STAT_PLC_C15_M03,MachineStatus,922,0.9946062567421791,CANONICAL_INPUT_ID_NOT_PROVEN_ADMISSION_ORDER,L_ROR
H2S,FULLY_SCHEDULED,STAT_PLC_C15_M04,MachineStatus,923,0.9956850053937433,CANONICAL_INPUT_ID_NOT_PROVEN_ADMISSION_ORDER,L_ROR
H2S,FULLY_SCHEDULED,STAT_PLC_C16_M01,MachineStatus,924,0.9967637540453075,CANONICAL_INPUT_ID_NOT_PROVEN_ADMISSION_ORDER,L_ROR
H2S,FULLY_SCHEDULED,STAT_PLC_C16_M02,MachineStatus,925,0.9978425026968716,CANONICAL_INPUT_ID_NOT_PROVEN_ADMISSION_ORDER,L_ROR
H2S,FULLY_SCHEDULED,STAT_PLC_C16_M03,MachineStatus,926,0.9989212513484358,CANONICAL_INPUT_ID_NOT_PROVEN_ADMISSION_ORDER,L_ROR
H2S,FULLY_SCHEDULED,STAT_PLC_C16_M04,MachineStatus,927,1.0,CANONICAL_INPUT_ID_NOT_PROVEN_ADMISSION_ORDER,L_ROR
CELF,FULLY_SCHEDULED,CMD_PLC_C01_M01_A1_C01_M01,ControlCommand,0,0.0,CANONICAL_INPUT_ID_NOT_PROVEN_ADMISSION_ORDER,L_ROR
CELF,FULLY_SCHEDULED,CMD_PLC_C01_M01_A2_C01_M01,ControlCommand,1,0.0010787486515641855,CANONICAL_INPUT_ID_NOT_PROVEN_ADMISSION_ORDER,L_ROR
CELF,FULLY_SCHEDULED,CMD_PLC_C01_M01_A3_C01_M01,ControlCommand,2,0.002157497303128371,CANONICAL_INPUT_ID_NOT_PROVEN_ADMISSION_ORDER,L_ROR
CELF,FULLY_SCHEDULED,CMD_PLC_C01_M01_A4_C01_M01,ControlCommand,3,0.003236245954692557,CANONICAL_INPUT_ID_NOT_PROVEN_ADMISSION_ORDER,L_ROR
CELF,FULLY_SCHEDULED,CMD_PLC_C01_M02_A1_C01_M02,ControlCommand,4,0.004314994606256742,CANONICAL_INPUT_ID_NOT_PROVEN_ADMISSION_ORDER,L_ROR
CELF,FULLY_SCHEDULED,CMD_PLC_C01_M02_A2_C01_M02,ControlCommand,5,0.005393743257820928,CANONICAL_INPUT_ID_NOT_PROVEN_ADMISSION_ORDER,L_ROR
CELF,FULLY_SCHEDULED,CMD_PLC_C01_M02_A3_C01_M02,ControlCommand,6,0.006472491909385114,CANONICAL_INPUT_ID_NOT_PROVEN_ADMISSION_ORDER,L_ROR
CELF,FULLY_SCHEDULED,CMD_PLC_C01_M02_A4_C01_M02,ControlCommand,7,0.007551240560949299,CANONICAL_INPUT_ID_NOT_PROVEN_ADMISSION_ORDER,L_ROR
CELF,FULLY_SCHEDULED,CMD_PLC_C01_M03_A1_C01_M03,ControlCommand,8,0.008629989212513484,CANONICAL_INPUT_ID_NOT_PROVEN_ADMISSION_ORDER,L_ROR
CELF,FULLY_SCHEDULED,CMD_PLC_C01_M03_A2_C01_M03,ControlCommand,9,0.009708737864077669,CANONICAL_INPUT_ID_NOT_PROVEN_ADMISSION_ORDER,L_ROR
CELF,FULLY_SCHEDULED,CMD_PLC_C01_M03_A3_C01_M03,ControlCommand,10,0.010787486515641856,CANONICAL_INPUT_ID_NOT_PROVEN_ADMISSION_ORDER,L_ROR
CELF,FULLY_SCHEDULED,CMD_PLC_C01_M03_A4_C01_M03,ControlCommand,11,0.011866235167206042,CANONICAL_INPUT_ID_NOT_PROVEN_ADMISSION_ORDER,L_ROR
CELF,FULLY_SCHEDULED,CMD_PLC_C01_M04_A1_C01_M04,ControlCommand,12,0.012944983818770227,CANONICAL_INPUT_ID_NOT_PROVEN_ADMISSION_ORDER,L_ROR
CELF,FULLY_SCHEDULED,CMD_PLC_C01_M04_A2_C01_M04,ControlCommand,13,0.014023732470334413,CANONICAL_INPUT_ID_NOT_PROVEN_ADMISSION_ORDER,L_ROR
CELF,FULLY_SCHEDULED,CMD_PLC_C01_M04_A3_C01_M04,ControlCommand,14,0.015102481121898598,CANONICAL_INPUT_ID_NOT_PROVEN_ADMISSION_ORDER,L_ROR
CELF,FULLY_SCHEDULED,CMD_PLC_C01_M04_A4_C01_M04,ControlCommand,15,0.016181229773462782,CANONICAL_INPUT_ID_NOT_PROVEN_ADMISSION_ORDER,L_ROR
CELF,FULLY_SCHEDULED,CMD_PLC_C02_M01_A1_C02_M01,ControlCommand,16,0.017259978425026967,CANONICAL_INPUT_ID_NOT_PROVEN_ADMISSION_ORDER,L_ROR
CELF,FULLY_SCHEDULED,CMD_PLC_C02_M01_A2_C02_M01,ControlCommand,17,0.018338727076591153,CANONICAL_INPUT_ID_NOT_PROVEN_ADMISSION_ORDER,L_ROR
CELF,FULLY_SCHEDULED,CMD_PLC_C02_M01_A3_C02_M01,ControlCommand,18,0.019417475728155338,CANONICAL_INPUT_ID_NOT_PROVEN_ADMISSION_ORDER,L_ROR
CELF,FULLY_SCHEDULED,CMD_PLC_C02_M01_A4_C02_M01,ControlCommand,19,0.020496224379719527,CANONICAL_INPUT_ID_NOT_PROVEN_ADMISSION_ORDER,L_ROR
CELF,FULLY_SCHEDULED,CMD_PLC_C02_M02_A1_C02_M02,ControlCommand,20,0.021574973031283712,CANONICAL_INPUT_ID_NOT_PROVEN_ADMISSION_ORDER,L_ROR
CELF,FULLY_SCHEDULED,CMD_PLC_C02_M02_A2_C02_M02,ControlCommand,21,0.022653721682847898,CANONICAL_INPUT_ID_NOT_PROVEN_ADMISSION_ORDER,L_ROR
CELF,FULLY_SCHEDULED,CMD_PLC_C02_M02_A3_C02_M02,ControlCommand,22,0.023732470334412083,CANONICAL_INPUT_ID_NOT_PROVEN_ADMISSION_ORDER,L_ROR
CELF,FULLY_SCHEDULED,CMD_PLC_C02_M02_A4_C02_M02,ControlCommand,23,0.02481121898597627,CANONICAL_INPUT_ID_NOT_PROVEN_ADMISSION_ORDER,L_ROR
CELF,FULLY_SCHEDULED,CMD_PLC_C02_M03_A1_C02_M03,ControlCommand,24,0.025889967637540454,CANONICAL_INPUT_ID_NOT_PROVEN_ADMISSION_ORDER,L_ROR
CELF,FULLY_SCHEDULED,CMD_PLC_C02_M03_A2_C02_M03,ControlCommand,25,0.02696871628910464,CANONICAL_INPUT_ID_NOT_PROVEN_ADMISSION_ORDER,L_ROR
CELF,FULLY_SCHEDULED,CMD_PLC_C02_M03_A3_C02_M03,ControlCommand,26,0.028047464940668825,CANONICAL_INPUT_ID_NOT_PROVEN_ADMISSION_ORDER,L_ROR
CELF,FULLY_SCHEDULED,CMD_PLC_C02_M03_A4_C02_M03,ControlCommand,27,0.02912621359223301,CANONICAL_INPUT_ID_NOT_PROVEN_ADMISSION_ORDER,L_ROR
CELF,FULLY_SCHEDULED,CMD_PLC_C02_M04_A1_C02_M04,ControlCommand,28,0.030204962243797196,CANONICAL_INPUT_ID_NOT_PROVEN_ADMISSION_ORDER,L_ROR
CELF,FULLY_SCHEDULED,CMD_PLC_C02_M04_A2_C02_M04,ControlCommand,29,0.03128371089536138,CANONICAL_INPUT_ID_NOT_PROVEN_ADMISSION_ORDER,L_ROR
CELF,FULLY_SCHEDULED,CMD_PLC_C02_M04_A3_C02_M04,ControlCommand,30,0.032362459546925564,CANONICAL_INPUT_ID_NOT_PROVEN_ADMISSION_ORDER,L_ROR
CELF,ZERO_SCHEDULED,CMD_PLC_C02_M04_A4_C02_M04,ControlCommand,31,0.03344120819848975,CANONICAL_INPUT_ID_NOT_PROVEN_ADMISSION_ORDER,L_ROR
CELF,FULLY_SCHEDULED,CMD_PLC_C03_M01_A1_C03_M01,ControlCommand,32,0.034519956850053934,CANONICAL_INPUT_ID_NOT_PROVEN_ADMISSION_ORDER,L_ROR
CELF,FULLY_SCHEDULED,CMD_PLC_C03_M01_A2_C03_M01,ControlCommand,33,0.03559870550161812,CANONICAL_INPUT_ID_NOT_PROVEN_ADMISSION_ORDER,L_ROR
CELF,FULLY_SCHEDULED,CMD_PLC_C03_M01_A3_C03_M01,ControlCommand,34,0.036677454153182305,CANONICAL_INPUT_ID_NOT_PROVEN_ADMISSION_ORDER,L_ROR
CELF,FULLY_SCHEDULED,CMD_PLC_C03_M01_A4_C03_M01,ControlCommand,35,0.037756202804746494,CANONICAL_INPUT_ID_NOT_PROVEN_ADMISSION_ORDER,L_ROR
CELF,FULLY_SCHEDULED,CMD_PLC_C03_M02_A1_C03_M02,ControlCommand,36,0.038834951456310676,CANONICAL_INPUT_ID_NOT_PROVEN_ADMISSION_ORDER,L_ROR
CELF,FULLY_SCHEDULED,CMD_PLC_C03_M02_A2_C03_M02,ControlCommand,37,0.039913700107874865,CANONICAL_INPUT_ID_NOT_PROVEN_ADMISSION_ORDER,L_ROR
CELF,FULLY_SCHEDULED,CMD_PLC_C03_M02_A3_C03_M02,ControlCommand,38,0.040992448759439054,CANONICAL_INPUT_ID_NOT_PROVEN_ADMISSION_ORDER,L_ROR
CELF,FULLY_SCHEDULED,CMD_PLC_C03_M02_A4_C03_M02,ControlCommand,39,0.042071197411003236,CANONICAL_INPUT_ID_NOT_PROVEN_ADMISSION_ORDER,L_ROR
CELF,FULLY_SCHEDULED,CMD_PLC_C03_M03_A1_C03_M03,ControlCommand,40,0.043149946062567425,CANONICAL_INPUT_ID_NOT_PROVEN_ADMISSION_ORDER,L_ROR
CELF,FULLY_SCHEDULED,CMD_PLC_C03_M03_A2_C03_M03,ControlCommand,41,0.04422869471413161,CANONICAL_INPUT_ID_NOT_PROVEN_ADMISSION_ORDER,L_ROR
CELF,FULLY_SCHEDULED,CMD_PLC_C03_M03_A3_C03_M03,ControlCommand,42,0.045307443365695796,CANONICAL_INPUT_ID_NOT_PROVEN_ADMISSION_ORDER,L_ROR
CELF,FULLY_SCHEDULED,CMD_PLC_C03_M03_A4_C03_M03,ControlCommand,43,0.04638619201725998,CANONICAL_INPUT_ID_NOT_PROVEN_ADMISSION_ORDER,L_ROR
CELF,FULLY_SCHEDULED,CMD_PLC_C03_M04_A1_C03_M04,ControlCommand,44,0.04746494066882417,CANONICAL_INPUT_ID_NOT_PROVEN_ADMISSION_ORDER,L_ROR
CELF,FULLY_SCHEDULED,CMD_PLC_C03_M04_A2_C03_M04,ControlCommand,45,0.04854368932038835,CANONICAL_INPUT_ID_NOT_PROVEN_ADMISSION_ORDER,L_ROR
CELF,FULLY_SCHEDULED,CMD_PLC_C03_M04_A3_C03_M04,ControlCommand,46,0.04962243797195254,CANONICAL_INPUT_ID_NOT_PROVEN_ADMISSION_ORDER,L_ROR
CELF,FULLY_SCHEDULED,CMD_PLC_C03_M04_A4_C03_M04,ControlCommand,47,0.05070118662351672,CANONICAL_INPUT_ID_NOT_PROVEN_ADMISSION_ORDER,L_ROR
CELF,FULLY_SCHEDULED,CMD_PLC_C04_M01_A1_C04_M01,ControlCommand,48,0.05177993527508091,CANONICAL_INPUT_ID_NOT_PROVEN_ADMISSION_ORDER,L_ROR
CELF,FULLY_SCHEDULED,CMD_PLC_C04_M01_A2_C04_M01,ControlCommand,49,0.05285868392664509,CANONICAL_INPUT_ID_NOT_PROVEN_ADMISSION_ORDER,L_ROR
CELF,FULLY_SCHEDULED,CMD_PLC_C04_M01_A3_C04_M01,ControlCommand,50,0.05393743257820928,CANONICAL_INPUT_ID_NOT_PROVEN_ADMISSION_ORDER,L_ROR
CELF,FULLY_SCHEDULED,CMD_PLC_C04_M01_A4_C04_M01,ControlCommand,51,0.05501618122977346,CANONICAL_INPUT_ID_NOT_PROVEN_ADMISSION_ORDER,L_ROR
CELF,FULLY_SCHEDULED,CMD_PLC_C04_M02_A1_C04_M02,ControlCommand,52,0.05609492988133765,CANONICAL_INPUT_ID_NOT_PROVEN_ADMISSION_ORDER,L_ROR
CELF,FULLY_SCHEDULED,CMD_PLC_C04_M02_A2_C04_M02,ControlCommand,53,0.05717367853290183,CANONICAL_INPUT_ID_NOT_PROVEN_ADMISSION_ORDER,L_ROR
CELF,FULLY_SCHEDULED,CMD_PLC_C04_M02_A3_C04_M02,ControlCommand,54,0.05825242718446602,CANONICAL_INPUT_ID_NOT_PROVEN_ADMISSION_ORDER,L_ROR
CELF,FULLY_SCHEDULED,CMD_PLC_C04_M02_A4_C04_M02,ControlCommand,55,0.0593311758360302,CANONICAL_INPUT_ID_NOT_PROVEN_ADMISSION_ORDER,L_ROR
CELF,FULLY_SCHEDULED,CMD_PLC_C04_M03_A1_C04_M03,ControlCommand,56,0.06040992448759439,CANONICAL_INPUT_ID_NOT_PROVEN_ADMISSION_ORDER,L_ROR
CELF,FULLY_SCHEDULED,CMD_PLC_C04_M03_A2_C04_M03,ControlCommand,57,0.061488673139158574,CANONICAL_INPUT_ID_NOT_PROVEN_ADMISSION_ORDER,L_ROR
CELF,FULLY_SCHEDULED,CMD_PLC_C04_M03_A3_C04_M03,ControlCommand,58,0.06256742179072276,CANONICAL_INPUT_ID_NOT_PROVEN_ADMISSION_ORDER,L_ROR
CELF,FULLY_SCHEDULED,CMD_PLC_C04_M03_A4_C04_M03,ControlCommand,59,0.06364617044228695,CANONICAL_INPUT_ID_NOT_PROVEN_ADMISSION_ORDER,L_ROR
CELF,FULLY_SCHEDULED,CMD_PLC_C04_M04_A1_C04_M04,ControlCommand,60,0.06472491909385113,CANONICAL_INPUT_ID_NOT_PROVEN_ADMISSION_ORDER,L_ROR
CELF,FULLY_SCHEDULED,CMD_PLC_C04_M04_A2_C04_M04,ControlCommand,61,0.06580366774541532,CANONICAL_INPUT_ID_NOT_PROVEN_ADMISSION_ORDER,L_ROR
CELF,FULLY_SCHEDULED,CMD_PLC_C04_M04_A3_C04_M04,ControlCommand,62,0.0668824163969795,CANONICAL_INPUT_ID_NOT_PROVEN_ADMISSION_ORDER,L_ROR
CELF,FULLY_SCHEDULED,CMD_PLC_C04_M04_A4_C04_M04,ControlCommand,63,0.06796116504854369,CANONICAL_INPUT_ID_NOT_PROVEN_ADMISSION_ORDER,L_ROR
CELF,FULLY_SCHEDULED,CMD_PLC_C05_M01_A1_C05_M01,ControlCommand,64,0.06903991370010787,CANONICAL_INPUT_ID_NOT_PROVEN_ADMISSION_ORDER,L_ROR
CELF,FULLY_SCHEDULED,CMD_PLC_C05_M01_A2_C05_M01,ControlCommand,65,0.07011866235167206,CANONICAL_INPUT_ID_NOT_PROVEN_ADMISSION_ORDER,L_ROR
CELF,FULLY_SCHEDULED,CMD_PLC_C05_M01_A3_C05_M01,ControlCommand,66,0.07119741100323625,CANONICAL_INPUT_ID_NOT_PROVEN_ADMISSION_ORDER,L_ROR
CELF,FULLY_SCHEDULED,CMD_PLC_C05_M01_A4_C05_M01,ControlCommand,67,0.07227615965480043,CANONICAL_INPUT_ID_NOT_PROVEN_ADMISSION_ORDER,L_ROR
CELF,FULLY_SCHEDULED,CMD_PLC_C05_M02_A1_C05_M02,ControlCommand,68,0.07335490830636461,CANONICAL_INPUT_ID_NOT_PROVEN_ADMISSION_ORDER,L_ROR
CELF,FULLY_SCHEDULED,CMD_PLC_C05_M02_A2_C05_M02,ControlCommand,69,0.0744336569579288,CANONICAL_INPUT_ID_NOT_PROVEN_ADMISSION_ORDER,L_ROR
CELF,FULLY_SCHEDULED,CMD_PLC_C05_M02_A3_C05_M02,ControlCommand,70,0.07551240560949299,CANONICAL_INPUT_ID_NOT_PROVEN_ADMISSION_ORDER,L_ROR
CELF,FULLY_SCHEDULED,CMD_PLC_C05_M02_A4_C05_M02,ControlCommand,71,0.07659115426105717,CANONICAL_INPUT_ID_NOT_PROVEN_ADMISSION_ORDER,L_ROR
CELF,FULLY_SCHEDULED,CMD_PLC_C05_M03_A1_C05_M03,ControlCommand,72,0.07766990291262135,CANONICAL_INPUT_ID_NOT_PROVEN_ADMISSION_ORDER,L_ROR
CELF,FULLY_SCHEDULED,CMD_PLC_C05_M03_A2_C05_M03,ControlCommand,73,0.07874865156418555,CANONICAL_INPUT_ID_NOT_PROVEN_ADMISSION_ORDER,L_ROR
CELF,FULLY_SCHEDULED,CMD_PLC_C05_M03_A3_C05_M03,ControlCommand,74,0.07982740021574973,CANONICAL_INPUT_ID_NOT_PROVEN_ADMISSION_ORDER,L_ROR
CELF,FULLY_SCHEDULED,CMD_PLC_C05_M03_A4_C05_M03,ControlCommand,75,0.08090614886731391,CANONICAL_INPUT_ID_NOT_PROVEN_ADMISSION_ORDER,L_ROR
CELF,FULLY_SCHEDULED,CMD_PLC_C05_M04_A1_C05_M04,ControlCommand,76,0.08198489751887811,CANONICAL_INPUT_ID_NOT_PROVEN_ADMISSION_ORDER,L_ROR
CELF,ZERO_SCHEDULED,CMD_PLC_C05_M04_A2_C05_M04,ControlCommand,77,0.08306364617044229,CANONICAL_INPUT_ID_NOT_PROVEN_ADMISSION_ORDER,L_ROR
CELF,FULLY_SCHEDULED,CMD_PLC_C05_M04_A3_C05_M04,ControlCommand,78,0.08414239482200647,CANONICAL_INPUT_ID_NOT_PROVEN_ADMISSION_ORDER,L_ROR
CELF,FULLY_SCHEDULED,CMD_PLC_C05_M04_A4_C05_M04,ControlCommand,79,0.08522114347357065,CANONICAL_INPUT_ID_NOT_PROVEN_ADMISSION_ORDER,L_ROR
CELF,FULLY_SCHEDULED,CMD_PLC_C06_M01_A1_C06_M01,ControlCommand,80,0.08629989212513485,CANONICAL_INPUT_ID_NOT_PROVEN_ADMISSION_ORDER,L_ROR
CELF,FULLY_SCHEDULED,CMD_PLC_C06_M01_A2_C06_M01,ControlCommand,81,0.08737864077669903,CANONICAL_INPUT_ID_NOT_PROVEN_ADMISSION_ORDER,L_ROR
CELF,FULLY_SCHEDULED,CMD_PLC_C06_M01_A3_C06_M01,ControlCommand,82,0.08845738942826321,CANONICAL_INPUT_ID_NOT_PROVEN_ADMISSION_ORDER,L_ROR
CELF,FULLY_SCHEDULED,CMD_PLC_C06_M01_A4_C06_M01,ControlCommand,83,0.0895361380798274,CANONICAL_INPUT_ID_NOT_PROVEN_ADMISSION_ORDER,L_ROR
CELF,FULLY_SCHEDULED,CMD_PLC_C06_M02_A1_C06_M02,ControlCommand,84,0.09061488673139159,CANONICAL_INPUT_ID_NOT_PROVEN_ADMISSION_ORDER,L_ROR
CELF,ZERO_SCHEDULED,CMD_PLC_C06_M02_A2_C06_M02,ControlCommand,85,0.09169363538295577,CANONICAL_INPUT_ID_NOT_PROVEN_ADMISSION_ORDER,L_ROR
CELF,FULLY_SCHEDULED,CMD_PLC_C06_M02_A3_C06_M02,ControlCommand,86,0.09277238403451996,CANONICAL_INPUT_ID_NOT_PROVEN_ADMISSION_ORDER,L_ROR
CELF,ZERO_SCHEDULED,CMD_PLC_C06_M02_A4_C06_M02,ControlCommand,87,0.09385113268608414,CANONICAL_INPUT_ID_NOT_PROVEN_ADMISSION_ORDER,L_ROR
CELF,FULLY_SCHEDULED,CMD_PLC_C06_M03_A1_C06_M03,ControlCommand,88,0.09492988133764833,CANONICAL_INPUT_ID_NOT_PROVEN_ADMISSION_ORDER,L_ROR
CELF,FULLY_SCHEDULED,CMD_PLC_C06_M03_A2_C06_M03,ControlCommand,89,0.09600862998921252,CANONICAL_INPUT_ID_NOT_PROVEN_ADMISSION_ORDER,L_ROR
CELF,FULLY_SCHEDULED,CMD_PLC_C06_M03_A3_C06_M03,ControlCommand,90,0.0970873786407767,CANONICAL_INPUT_ID_NOT_PROVEN_ADMISSION_ORDER,L_ROR
CELF,FULLY_SCHEDULED,CMD_PLC_C06_M03_A4_C06_M03,ControlCommand,91,0.09816612729234088,CANONICAL_INPUT_ID_NOT_PROVEN_ADMISSION_ORDER,L_ROR
CELF,FULLY_SCHEDULED,CMD_PLC_C06_M04_A1_C06_M04,ControlCommand,92,0.09924487594390508,CANONICAL_INPUT_ID_NOT_PROVEN_ADMISSION_ORDER,L_ROR
CELF,FULLY_SCHEDULED,CMD_PLC_C06_M04_A2_C06_M04,ControlCommand,93,0.10032362459546926,CANONICAL_INPUT_ID_NOT_PROVEN_ADMISSION_ORDER,L_ROR
CELF,FULLY_SCHEDULED,CMD_PLC_C06_M04_A3_C06_M04,ControlCommand,94,0.10140237324703344,CANONICAL_INPUT_ID_NOT_PROVEN_ADMISSION_ORDER,L_ROR
CELF,FULLY_SCHEDULED,CMD_PLC_C06_M04_A4_C06_M04,ControlCommand,95,0.10248112189859762,CANONICAL_INPUT_ID_NOT_PROVEN_ADMISSION_ORDER,L_ROR
CELF,FULLY_SCHEDULED,CMD_PLC_C07_M01_A1_C07_M01,ControlCommand,96,0.10355987055016182,CANONICAL_INPUT_ID_NOT_PROVEN_ADMISSION_ORDER,L_ROR
CELF,FULLY_SCHEDULED,CMD_PLC_C07_M01_A2_C07_M01,ControlCommand,97,0.104638619201726,CANONICAL_INPUT_ID_NOT_PROVEN_ADMISSION_ORDER,L_ROR
CELF,FULLY_SCHEDULED,CMD_PLC_C07_M01_A3_C07_M01,ControlCommand,98,0.10571736785329018,CANONICAL_INPUT_ID_NOT_PROVEN_ADMISSION_ORDER,L_ROR
CELF,FULLY_SCHEDULED,CMD_PLC_C07_M01_A4_C07_M01,ControlCommand,99,0.10679611650485436,CANONICAL_INPUT_ID_NOT_PROVEN_ADMISSION_ORDER,L_ROR
CELF,FULLY_SCHEDULED,CMD_PLC_C07_M02_A1_C07_M02,ControlCommand,100,0.10787486515641856,CANONICAL_INPUT_ID_NOT_PROVEN_ADMISSION_ORDER,L_ROR
CELF,FULLY_SCHEDULED,CMD_PLC_C07_M02_A2_C07_M02,ControlCommand,101,0.10895361380798274,CANONICAL_INPUT_ID_NOT_PROVEN_ADMISSION_ORDER,L_ROR
CELF,FULLY_SCHEDULED,CMD_PLC_C07_M02_A3_C07_M02,ControlCommand,102,0.11003236245954692,CANONICAL_INPUT_ID_NOT_PROVEN_ADMISSION_ORDER,L_ROR
CELF,FULLY_SCHEDULED,CMD_PLC_C07_M02_A4_C07_M02,ControlCommand,103,0.1111111111111111,CANONICAL_INPUT_ID_NOT_PROVEN_ADMISSION_ORDER,L_ROR
CELF,FULLY_SCHEDULED,CMD_PLC_C07_M03_A1_C07_M03,ControlCommand,104,0.1121898597626753,CANONICAL_INPUT_ID_NOT_PROVEN_ADMISSION_ORDER,L_ROR
CELF,FULLY_SCHEDULED,CMD_PLC_C07_M03_A2_C07_M03,ControlCommand,105,0.11326860841423948,CANONICAL_INPUT_ID_NOT_PROVEN_ADMISSION_ORDER,L_ROR
CELF,FULLY_SCHEDULED,CMD_PLC_C07_M03_A3_C07_M03,ControlCommand,106,0.11434735706580366,CANONICAL_INPUT_ID_NOT_PROVEN_ADMISSION_ORDER,L_ROR
CELF,FULLY_SCHEDULED,CMD_PLC_C07_M03_A4_C07_M03,ControlCommand,107,0.11542610571736785,CANONICAL_INPUT_ID_NOT_PROVEN_ADMISSION_ORDER,L_ROR
CELF,FULLY_SCHEDULED,CMD_PLC_C07_M04_A1_C07_M04,ControlCommand,108,0.11650485436893204,CANONICAL_INPUT_ID_NOT_PROVEN_ADMISSION_ORDER,L_ROR
CELF,FULLY_SCHEDULED,CMD_PLC_C07_M04_A2_C07_M04,ControlCommand,109,0.11758360302049622,CANONICAL_INPUT_ID_NOT_PROVEN_ADMISSION_ORDER,L_ROR
CELF,FULLY_SCHEDULED,CMD_PLC_C07_M04_A3_C07_M04,ControlCommand,110,0.1186623516720604,CANONICAL_INPUT_ID_NOT_PROVEN_ADMISSION_ORDER,L_ROR
CELF,FULLY_SCHEDULED,CMD_PLC_C07_M04_A4_C07_M04,ControlCommand,111,0.11974110032362459,CANONICAL_INPUT_ID_NOT_PROVEN_ADMISSION_ORDER,L_ROR
CELF,FULLY_SCHEDULED,CMD_PLC_C08_M01_A1_C08_M01,ControlCommand,112,0.12081984897518878,CANONICAL_INPUT_ID_NOT_PROVEN_ADMISSION_ORDER,L_ROR
CELF,FULLY_SCHEDULED,CMD_PLC_C08_M01_A2_C08_M01,ControlCommand,113,0.12189859762675297,CANONICAL_INPUT_ID_NOT_PROVEN_ADMISSION_ORDER,L_ROR
CELF,FULLY_SCHEDULED,CMD_PLC_C08_M01_A3_C08_M01,ControlCommand,114,0.12297734627831715,CANONICAL_INPUT_ID_NOT_PROVEN_ADMISSION_ORDER,L_ROR
CELF,FULLY_SCHEDULED,CMD_PLC_C08_M01_A4_C08_M01,ControlCommand,115,0.12405609492988134,CANONICAL_INPUT_ID_NOT_PROVEN_ADMISSION_ORDER,L_ROR
CELF,FULLY_SCHEDULED,CMD_PLC_C08_M02_A1_C08_M02,ControlCommand,116,0.12513484358144553,CANONICAL_INPUT_ID_NOT_PROVEN_ADMISSION_ORDER,L_ROR
CELF,FULLY_SCHEDULED,CMD_PLC_C08_M02_A2_C08_M02,ControlCommand,117,0.1262135922330097,CANONICAL_INPUT_ID_NOT_PROVEN_ADMISSION_ORDER,L_ROR
CELF,FULLY_SCHEDULED,CMD_PLC_C08_M02_A3_C08_M02,ControlCommand,118,0.1272923408845739,CANONICAL_INPUT_ID_NOT_PROVEN_ADMISSION_ORDER,L_ROR
CELF,FULLY_SCHEDULED,CMD_PLC_C08_M02_A4_C08_M02,ControlCommand,119,0.12837108953613807,CANONICAL_INPUT_ID_NOT_PROVEN_ADMISSION_ORDER,L_ROR
CELF,FULLY_SCHEDULED,CMD_PLC_C08_M03_A1_C08_M03,ControlCommand,120,0.12944983818770225,CANONICAL_INPUT_ID_NOT_PROVEN_ADMISSION_ORDER,L_ROR
CELF,FULLY_SCHEDULED,CMD_PLC_C08_M03_A2_C08_M03,ControlCommand,121,0.13052858683926646,CANONICAL_INPUT_ID_NOT_PROVEN_ADMISSION_ORDER,L_ROR
CELF,FULLY_SCHEDULED,CMD_PLC_C08_M03_A3_C08_M03,ControlCommand,122,0.13160733549083065,CANONICAL_INPUT_ID_NOT_PROVEN_ADMISSION_ORDER,L_ROR
CELF,FULLY_SCHEDULED,CMD_PLC_C08_M03_A4_C08_M03,ControlCommand,123,0.13268608414239483,CANONICAL_INPUT_ID_NOT_PROVEN_ADMISSION_ORDER,L_ROR
CELF,FULLY_SCHEDULED,CMD_PLC_C08_M04_A1_C08_M04,ControlCommand,124,0.133764832793959,CANONICAL_INPUT_ID_NOT_PROVEN_ADMISSION_ORDER,L_ROR
CELF,FULLY_SCHEDULED,CMD_PLC_C08_M04_A2_C08_M04,ControlCommand,125,0.1348435814455232,CANONICAL_INPUT_ID_NOT_PROVEN_ADMISSION_ORDER,L_ROR
CELF,FULLY_SCHEDULED,CMD_PLC_C08_M04_A3_C08_M04,ControlCommand,126,0.13592233009708737,CANONICAL_INPUT_ID_NOT_PROVEN_ADMISSION_ORDER,L_ROR
CELF,FULLY_SCHEDULED,CMD_PLC_C08_M04_A4_C08_M04,ControlCommand,127,0.13700107874865156,CANONICAL_INPUT_ID_NOT_PROVEN_ADMISSION_ORDER,L_ROR
CELF,FULLY_SCHEDULED,CMD_PLC_C09_M01_A1_C09_M01,ControlCommand,128,0.13807982740021574,CANONICAL_INPUT_ID_NOT_PROVEN_ADMISSION_ORDER,L_ROR
CELF,FULLY_SCHEDULED,CMD_PLC_C09_M01_A2_C09_M01,ControlCommand,129,0.13915857605177995,CANONICAL_INPUT_ID_NOT_PROVEN_ADMISSION_ORDER,L_ROR
CELF,FULLY_SCHEDULED,CMD_PLC_C09_M01_A3_C09_M01,ControlCommand,130,0.14023732470334413,CANONICAL_INPUT_ID_NOT_PROVEN_ADMISSION_ORDER,L_ROR
CELF,FULLY_SCHEDULED,CMD_PLC_C09_M01_A4_C09_M01,ControlCommand,131,0.1413160733549083,CANONICAL_INPUT_ID_NOT_PROVEN_ADMISSION_ORDER,L_ROR
CELF,FULLY_SCHEDULED,CMD_PLC_C09_M02_A1_C09_M02,ControlCommand,132,0.1423948220064725,CANONICAL_INPUT_ID_NOT_PROVEN_ADMISSION_ORDER,L_ROR
CELF,FULLY_SCHEDULED,CMD_PLC_C09_M02_A2_C09_M02,ControlCommand,133,0.14347357065803668,CANONICAL_INPUT_ID_NOT_PROVEN_ADMISSION_ORDER,L_ROR
CELF,FULLY_SCHEDULED,CMD_PLC_C09_M02_A3_C09_M02,ControlCommand,134,0.14455231930960086,CANONICAL_INPUT_ID_NOT_PROVEN_ADMISSION_ORDER,L_ROR
CELF,ZERO_SCHEDULED,CMD_PLC_C09_M02_A4_C09_M02,ControlCommand,135,0.14563106796116504,CANONICAL_INPUT_ID_NOT_PROVEN_ADMISSION_ORDER,L_ROR
CELF,FULLY_SCHEDULED,CMD_PLC_C09_M03_A1_C09_M03,ControlCommand,136,0.14670981661272922,CANONICAL_INPUT_ID_NOT_PROVEN_ADMISSION_ORDER,L_ROR
CELF,FULLY_SCHEDULED,CMD_PLC_C09_M03_A2_C09_M03,ControlCommand,137,0.14778856526429343,CANONICAL_INPUT_ID_NOT_PROVEN_ADMISSION_ORDER,L_ROR
CELF,FULLY_SCHEDULED,CMD_PLC_C09_M03_A3_C09_M03,ControlCommand,138,0.1488673139158576,CANONICAL_INPUT_ID_NOT_PROVEN_ADMISSION_ORDER,L_ROR
CELF,FULLY_SCHEDULED,CMD_PLC_C09_M03_A4_C09_M03,ControlCommand,139,0.1499460625674218,CANONICAL_INPUT_ID_NOT_PROVEN_ADMISSION_ORDER,L_ROR
CELF,FULLY_SCHEDULED,CMD_PLC_C09_M04_A1_C09_M04,ControlCommand,140,0.15102481121898598,CANONICAL_INPUT_ID_NOT_PROVEN_ADMISSION_ORDER,L_ROR
CELF,FULLY_SCHEDULED,CMD_PLC_C09_M04_A2_C09_M04,ControlCommand,141,0.15210355987055016,CANONICAL_INPUT_ID_NOT_PROVEN_ADMISSION_ORDER,L_ROR
CELF,FULLY_SCHEDULED,CMD_PLC_C09_M04_A3_C09_M04,ControlCommand,142,0.15318230852211434,CANONICAL_INPUT_ID_NOT_PROVEN_ADMISSION_ORDER,L_ROR
CELF,FULLY_SCHEDULED,CMD_PLC_C09_M04_A4_C09_M04,ControlCommand,143,0.15426105717367852,CANONICAL_INPUT_ID_NOT_PROVEN_ADMISSION_ORDER,L_ROR
CELF,FULLY_SCHEDULED,CMD_PLC_C10_M01_A1_C10_M01,ControlCommand,144,0.1553398058252427,CANONICAL_INPUT_ID_NOT_PROVEN_ADMISSION_ORDER,L_ROR
CELF,FULLY_SCHEDULED,CMD_PLC_C10_M01_A2_C10_M01,ControlCommand,145,0.15641855447680691,CANONICAL_INPUT_ID_NOT_PROVEN_ADMISSION_ORDER,L_ROR
CELF,FULLY_SCHEDULED,CMD_PLC_C10_M01_A3_C10_M01,ControlCommand,146,0.1574973031283711,CANONICAL_INPUT_ID_NOT_PROVEN_ADMISSION_ORDER,L_ROR
CELF,FULLY_SCHEDULED,CMD_PLC_C10_M01_A4_C10_M01,ControlCommand,147,0.15857605177993528,CANONICAL_INPUT_ID_NOT_PROVEN_ADMISSION_ORDER,L_ROR
CELF,FULLY_SCHEDULED,CMD_PLC_C10_M02_A1_C10_M02,ControlCommand,148,0.15965480043149946,CANONICAL_INPUT_ID_NOT_PROVEN_ADMISSION_ORDER,L_ROR
CELF,FULLY_SCHEDULED,CMD_PLC_C10_M02_A2_C10_M02,ControlCommand,149,0.16073354908306364,CANONICAL_INPUT_ID_NOT_PROVEN_ADMISSION_ORDER,L_ROR
CELF,FULLY_SCHEDULED,CMD_PLC_C10_M02_A3_C10_M02,ControlCommand,150,0.16181229773462782,CANONICAL_INPUT_ID_NOT_PROVEN_ADMISSION_ORDER,L_ROR
CELF,FULLY_SCHEDULED,CMD_PLC_C10_M02_A4_C10_M02,ControlCommand,151,0.162891046386192,CANONICAL_INPUT_ID_NOT_PROVEN_ADMISSION_ORDER,L_ROR
CELF,FULLY_SCHEDULED,CMD_PLC_C10_M03_A1_C10_M03,ControlCommand,152,0.16396979503775622,CANONICAL_INPUT_ID_NOT_PROVEN_ADMISSION_ORDER,L_ROR
CELF,FULLY_SCHEDULED,CMD_PLC_C10_M03_A2_C10_M03,ControlCommand,153,0.1650485436893204,CANONICAL_INPUT_ID_NOT_PROVEN_ADMISSION_ORDER,L_ROR
CELF,FULLY_SCHEDULED,CMD_PLC_C10_M03_A3_C10_M03,ControlCommand,154,0.16612729234088458,CANONICAL_INPUT_ID_NOT_PROVEN_ADMISSION_ORDER,L_ROR
CELF,FULLY_SCHEDULED,CMD_PLC_C10_M03_A4_C10_M03,ControlCommand,155,0.16720604099244876,CANONICAL_INPUT_ID_NOT_PROVEN_ADMISSION_ORDER,L_ROR
CELF,FULLY_SCHEDULED,CMD_PLC_C10_M04_A1_C10_M04,ControlCommand,156,0.16828478964401294,CANONICAL_INPUT_ID_NOT_PROVEN_ADMISSION_ORDER,L_ROR
CELF,FULLY_SCHEDULED,CMD_PLC_C10_M04_A2_C10_M04,ControlCommand,157,0.16936353829557713,CANONICAL_INPUT_ID_NOT_PROVEN_ADMISSION_ORDER,L_ROR
CELF,FULLY_SCHEDULED,CMD_PLC_C10_M04_A3_C10_M04,ControlCommand,158,0.1704422869471413,CANONICAL_INPUT_ID_NOT_PROVEN_ADMISSION_ORDER,L_ROR
CELF,FULLY_SCHEDULED,CMD_PLC_C10_M04_A4_C10_M04,ControlCommand,159,0.1715210355987055,CANONICAL_INPUT_ID_NOT_PROVEN_ADMISSION_ORDER,L_ROR
CELF,FULLY_SCHEDULED,CMD_PLC_C11_M01_A1_C11_M01,ControlCommand,160,0.1725997842502697,CANONICAL_INPUT_ID_NOT_PROVEN_ADMISSION_ORDER,L_ROR
CELF,FULLY_SCHEDULED,CMD_PLC_C11_M01_A2_C11_M01,ControlCommand,161,0.17367853290183388,CANONICAL_INPUT_ID_NOT_PROVEN_ADMISSION_ORDER,L_ROR
CELF,FULLY_SCHEDULED,CMD_PLC_C11_M01_A3_C11_M01,ControlCommand,162,0.17475728155339806,CANONICAL_INPUT_ID_NOT_PROVEN_ADMISSION_ORDER,L_ROR
CELF,FULLY_SCHEDULED,CMD_PLC_C11_M01_A4_C11_M01,ControlCommand,163,0.17583603020496225,CANONICAL_INPUT_ID_NOT_PROVEN_ADMISSION_ORDER,L_ROR
CELF,FULLY_SCHEDULED,CMD_PLC_C11_M02_A1_C11_M02,ControlCommand,164,0.17691477885652643,CANONICAL_INPUT_ID_NOT_PROVEN_ADMISSION_ORDER,L_ROR
CELF,FULLY_SCHEDULED,CMD_PLC_C11_M02_A2_C11_M02,ControlCommand,165,0.1779935275080906,CANONICAL_INPUT_ID_NOT_PROVEN_ADMISSION_ORDER,L_ROR
CELF,FULLY_SCHEDULED,CMD_PLC_C11_M02_A3_C11_M02,ControlCommand,166,0.1790722761596548,CANONICAL_INPUT_ID_NOT_PROVEN_ADMISSION_ORDER,L_ROR
CELF,FULLY_SCHEDULED,CMD_PLC_C11_M02_A4_C11_M02,ControlCommand,167,0.18015102481121897,CANONICAL_INPUT_ID_NOT_PROVEN_ADMISSION_ORDER,L_ROR
CELF,FULLY_SCHEDULED,CMD_PLC_C11_M03_A1_C11_M03,ControlCommand,168,0.18122977346278318,CANONICAL_INPUT_ID_NOT_PROVEN_ADMISSION_ORDER,L_ROR
CELF,FULLY_SCHEDULED,CMD_PLC_C11_M03_A2_C11_M03,ControlCommand,169,0.18230852211434737,CANONICAL_INPUT_ID_NOT_PROVEN_ADMISSION_ORDER,L_ROR
CELF,FULLY_SCHEDULED,CMD_PLC_C11_M03_A3_C11_M03,ControlCommand,170,0.18338727076591155,CANONICAL_INPUT_ID_NOT_PROVEN_ADMISSION_ORDER,L_ROR
CELF,FULLY_SCHEDULED,CMD_PLC_C11_M03_A4_C11_M03,ControlCommand,171,0.18446601941747573,CANONICAL_INPUT_ID_NOT_PROVEN_ADMISSION_ORDER,L_ROR
CELF,FULLY_SCHEDULED,CMD_PLC_C11_M04_A1_C11_M04,ControlCommand,172,0.1855447680690399,CANONICAL_INPUT_ID_NOT_PROVEN_ADMISSION_ORDER,L_ROR
CELF,ZERO_SCHEDULED,CMD_PLC_C11_M04_A2_C11_M04,ControlCommand,173,0.1866235167206041,CANONICAL_INPUT_ID_NOT_PROVEN_ADMISSION_ORDER,L_ROR
CELF,FULLY_SCHEDULED,CMD_PLC_C11_M04_A3_C11_M04,ControlCommand,174,0.18770226537216828,CANONICAL_INPUT_ID_NOT_PROVEN_ADMISSION_ORDER,L_ROR
CELF,FULLY_SCHEDULED,CMD_PLC_C11_M04_A4_C11_M04,ControlCommand,175,0.18878101402373246,CANONICAL_INPUT_ID_NOT_PROVEN_ADMISSION_ORDER,L_ROR
CELF,FULLY_SCHEDULED,CMD_PLC_C12_M01_A1_C12_M01,ControlCommand,176,0.18985976267529667,CANONICAL_INPUT_ID_NOT_PROVEN_ADMISSION_ORDER,L_ROR
CELF,FULLY_SCHEDULED,CMD_PLC_C12_M01_A2_C12_M01,ControlCommand,177,0.19093851132686085,CANONICAL_INPUT_ID_NOT_PROVEN_ADMISSION_ORDER,L_ROR
CELF,FULLY_SCHEDULED,CMD_PLC_C12_M01_A3_C12_M01,ControlCommand,178,0.19201725997842503,CANONICAL_INPUT_ID_NOT_PROVEN_ADMISSION_ORDER,L_ROR
CELF,ZERO_SCHEDULED,CMD_PLC_C12_M01_A4_C12_M01,ControlCommand,179,0.1930960086299892,CANONICAL_INPUT_ID_NOT_PROVEN_ADMISSION_ORDER,L_ROR
CELF,FULLY_SCHEDULED,CMD_PLC_C12_M02_A1_C12_M02,ControlCommand,180,0.1941747572815534,CANONICAL_INPUT_ID_NOT_PROVEN_ADMISSION_ORDER,L_ROR
CELF,FULLY_SCHEDULED,CMD_PLC_C12_M02_A2_C12_M02,ControlCommand,181,0.19525350593311758,CANONICAL_INPUT_ID_NOT_PROVEN_ADMISSION_ORDER,L_ROR
CELF,FULLY_SCHEDULED,CMD_PLC_C12_M02_A3_C12_M02,ControlCommand,182,0.19633225458468176,CANONICAL_INPUT_ID_NOT_PROVEN_ADMISSION_ORDER,L_ROR
CELF,FULLY_SCHEDULED,CMD_PLC_C12_M02_A4_C12_M02,ControlCommand,183,0.19741100323624594,CANONICAL_INPUT_ID_NOT_PROVEN_ADMISSION_ORDER,L_ROR
CELF,FULLY_SCHEDULED,CMD_PLC_C12_M03_A1_C12_M03,ControlCommand,184,0.19848975188781015,CANONICAL_INPUT_ID_NOT_PROVEN_ADMISSION_ORDER,L_ROR
CELF,FULLY_SCHEDULED,CMD_PLC_C12_M03_A2_C12_M03,ControlCommand,185,0.19956850053937433,CANONICAL_INPUT_ID_NOT_PROVEN_ADMISSION_ORDER,L_ROR
CELF,FULLY_SCHEDULED,CMD_PLC_C12_M03_A3_C12_M03,ControlCommand,186,0.20064724919093851,CANONICAL_INPUT_ID_NOT_PROVEN_ADMISSION_ORDER,L_ROR
CELF,FULLY_SCHEDULED,CMD_PLC_C12_M03_A4_C12_M03,ControlCommand,187,0.2017259978425027,CANONICAL_INPUT_ID_NOT_PROVEN_ADMISSION_ORDER,L_ROR
CELF,FULLY_SCHEDULED,CMD_PLC_C12_M04_A1_C12_M04,ControlCommand,188,0.20280474649406688,CANONICAL_INPUT_ID_NOT_PROVEN_ADMISSION_ORDER,L_ROR
CELF,FULLY_SCHEDULED,CMD_PLC_C12_M04_A2_C12_M04,ControlCommand,189,0.20388349514563106,CANONICAL_INPUT_ID_NOT_PROVEN_ADMISSION_ORDER,L_ROR
CELF,FULLY_SCHEDULED,CMD_PLC_C12_M04_A3_C12_M04,ControlCommand,190,0.20496224379719524,CANONICAL_INPUT_ID_NOT_PROVEN_ADMISSION_ORDER,L_ROR
CELF,FULLY_SCHEDULED,CMD_PLC_C12_M04_A4_C12_M04,ControlCommand,191,0.20604099244875945,CANONICAL_INPUT_ID_NOT_PROVEN_ADMISSION_ORDER,L_ROR
CELF,FULLY_SCHEDULED,CMD_PLC_C13_M01_A1_C13_M01,ControlCommand,192,0.20711974110032363,CANONICAL_INPUT_ID_NOT_PROVEN_ADMISSION_ORDER,L_ROR
CELF,FULLY_SCHEDULED,CMD_PLC_C13_M01_A2_C13_M01,ControlCommand,193,0.20819848975188782,CANONICAL_INPUT_ID_NOT_PROVEN_ADMISSION_ORDER,L_ROR
CELF,FULLY_SCHEDULED,CMD_PLC_C13_M01_A3_C13_M01,ControlCommand,194,0.209277238403452,CANONICAL_INPUT_ID_NOT_PROVEN_ADMISSION_ORDER,L_ROR
CELF,FULLY_SCHEDULED,CMD_PLC_C13_M01_A4_C13_M01,ControlCommand,195,0.21035598705501618,CANONICAL_INPUT_ID_NOT_PROVEN_ADMISSION_ORDER,L_ROR
CELF,FULLY_SCHEDULED,CMD_PLC_C13_M02_A1_C13_M02,ControlCommand,196,0.21143473570658036,CANONICAL_INPUT_ID_NOT_PROVEN_ADMISSION_ORDER,L_ROR
CELF,FULLY_SCHEDULED,CMD_PLC_C13_M02_A2_C13_M02,ControlCommand,197,0.21251348435814454,CANONICAL_INPUT_ID_NOT_PROVEN_ADMISSION_ORDER,L_ROR
CELF,FULLY_SCHEDULED,CMD_PLC_C13_M02_A3_C13_M02,ControlCommand,198,0.21359223300970873,CANONICAL_INPUT_ID_NOT_PROVEN_ADMISSION_ORDER,L_ROR
CELF,ZERO_SCHEDULED,CMD_PLC_C13_M02_A4_C13_M02,ControlCommand,199,0.21467098166127294,CANONICAL_INPUT_ID_NOT_PROVEN_ADMISSION_ORDER,L_ROR
CELF,FULLY_SCHEDULED,CMD_PLC_C13_M03_A1_C13_M03,ControlCommand,200,0.21574973031283712,CANONICAL_INPUT_ID_NOT_PROVEN_ADMISSION_ORDER,L_ROR
CELF,FULLY_SCHEDULED,CMD_PLC_C13_M03_A2_C13_M03,ControlCommand,201,0.2168284789644013,CANONICAL_INPUT_ID_NOT_PROVEN_ADMISSION_ORDER,L_ROR
CELF,FULLY_SCHEDULED,CMD_PLC_C13_M03_A3_C13_M03,ControlCommand,202,0.21790722761596548,CANONICAL_INPUT_ID_NOT_PROVEN_ADMISSION_ORDER,L_ROR
CELF,ZERO_SCHEDULED,CMD_PLC_C13_M03_A4_C13_M03,ControlCommand,203,0.21898597626752966,CANONICAL_INPUT_ID_NOT_PROVEN_ADMISSION_ORDER,L_ROR
CELF,FULLY_SCHEDULED,CMD_PLC_C13_M04_A1_C13_M04,ControlCommand,204,0.22006472491909385,CANONICAL_INPUT_ID_NOT_PROVEN_ADMISSION_ORDER,L_ROR
CELF,FULLY_SCHEDULED,CMD_PLC_C13_M04_A2_C13_M04,ControlCommand,205,0.22114347357065803,CANONICAL_INPUT_ID_NOT_PROVEN_ADMISSION_ORDER,L_ROR
CELF,FULLY_SCHEDULED,CMD_PLC_C13_M04_A3_C13_M04,ControlCommand,206,0.2222222222222222,CANONICAL_INPUT_ID_NOT_PROVEN_ADMISSION_ORDER,L_ROR
CELF,FULLY_SCHEDULED,CMD_PLC_C13_M04_A4_C13_M04,ControlCommand,207,0.22330097087378642,CANONICAL_INPUT_ID_NOT_PROVEN_ADMISSION_ORDER,L_ROR
CELF,FULLY_SCHEDULED,CMD_PLC_C14_M01_A1_C14_M01,ControlCommand,208,0.2243797195253506,CANONICAL_INPUT_ID_NOT_PROVEN_ADMISSION_ORDER,L_ROR
CELF,FULLY_SCHEDULED,CMD_PLC_C14_M01_A2_C14_M01,ControlCommand,209,0.22545846817691478,CANONICAL_INPUT_ID_NOT_PROVEN_ADMISSION_ORDER,L_ROR
CELF,FULLY_SCHEDULED,CMD_PLC_C14_M01_A3_C14_M01,ControlCommand,210,0.22653721682847897,CANONICAL_INPUT_ID_NOT_PROVEN_ADMISSION_ORDER,L_ROR
CELF,FULLY_SCHEDULED,CMD_PLC_C14_M01_A4_C14_M01,ControlCommand,211,0.22761596548004315,CANONICAL_INPUT_ID_NOT_PROVEN_ADMISSION_ORDER,L_ROR
CELF,FULLY_SCHEDULED,CMD_PLC_C14_M02_A1_C14_M02,ControlCommand,212,0.22869471413160733,CANONICAL_INPUT_ID_NOT_PROVEN_ADMISSION_ORDER,L_ROR
CELF,FULLY_SCHEDULED,CMD_PLC_C14_M02_A2_C14_M02,ControlCommand,213,0.2297734627831715,CANONICAL_INPUT_ID_NOT_PROVEN_ADMISSION_ORDER,L_ROR
CELF,FULLY_SCHEDULED,CMD_PLC_C14_M02_A3_C14_M02,ControlCommand,214,0.2308522114347357,CANONICAL_INPUT_ID_NOT_PROVEN_ADMISSION_ORDER,L_ROR
CELF,FULLY_SCHEDULED,CMD_PLC_C14_M02_A4_C14_M02,ControlCommand,215,0.2319309600862999,CANONICAL_INPUT_ID_NOT_PROVEN_ADMISSION_ORDER,L_ROR
CELF,FULLY_SCHEDULED,CMD_PLC_C14_M03_A1_C14_M03,ControlCommand,216,0.23300970873786409,CANONICAL_INPUT_ID_NOT_PROVEN_ADMISSION_ORDER,L_ROR
CELF,FULLY_SCHEDULED,CMD_PLC_C14_M03_A2_C14_M03,ControlCommand,217,0.23408845738942827,CANONICAL_INPUT_ID_NOT_PROVEN_ADMISSION_ORDER,L_ROR
CELF,FULLY_SCHEDULED,CMD_PLC_C14_M03_A3_C14_M03,ControlCommand,218,0.23516720604099245,CANONICAL_INPUT_ID_NOT_PROVEN_ADMISSION_ORDER,L_ROR
CELF,ZERO_SCHEDULED,CMD_PLC_C14_M03_A4_C14_M03,ControlCommand,219,0.23624595469255663,CANONICAL_INPUT_ID_NOT_PROVEN_ADMISSION_ORDER,L_ROR
CELF,FULLY_SCHEDULED,CMD_PLC_C14_M04_A1_C14_M04,ControlCommand,220,0.2373247033441208,CANONICAL_INPUT_ID_NOT_PROVEN_ADMISSION_ORDER,L_ROR
CELF,FULLY_SCHEDULED,CMD_PLC_C14_M04_A2_C14_M04,ControlCommand,221,0.238403451995685,CANONICAL_INPUT_ID_NOT_PROVEN_ADMISSION_ORDER,L_ROR
CELF,FULLY_SCHEDULED,CMD_PLC_C14_M04_A3_C14_M04,ControlCommand,222,0.23948220064724918,CANONICAL_INPUT_ID_NOT_PROVEN_ADMISSION_ORDER,L_ROR
CELF,FULLY_SCHEDULED,CMD_PLC_C14_M04_A4_C14_M04,ControlCommand,223,0.2405609492988134,CANONICAL_INPUT_ID_NOT_PROVEN_ADMISSION_ORDER,L_ROR
CELF,FULLY_SCHEDULED,CMD_PLC_C15_M01_A1_C15_M01,ControlCommand,224,0.24163969795037757,CANONICAL_INPUT_ID_NOT_PROVEN_ADMISSION_ORDER,L_ROR
CELF,FULLY_SCHEDULED,CMD_PLC_C15_M01_A2_C15_M01,ControlCommand,225,0.24271844660194175,CANONICAL_INPUT_ID_NOT_PROVEN_ADMISSION_ORDER,L_ROR
CELF,FULLY_SCHEDULED,CMD_PLC_C15_M01_A3_C15_M01,ControlCommand,226,0.24379719525350593,CANONICAL_INPUT_ID_NOT_PROVEN_ADMISSION_ORDER,L_ROR
CELF,FULLY_SCHEDULED,CMD_PLC_C15_M01_A4_C15_M01,ControlCommand,227,0.24487594390507011,CANONICAL_INPUT_ID_NOT_PROVEN_ADMISSION_ORDER,L_ROR
CELF,FULLY_SCHEDULED,CMD_PLC_C15_M02_A1_C15_M02,ControlCommand,228,0.2459546925566343,CANONICAL_INPUT_ID_NOT_PROVEN_ADMISSION_ORDER,L_ROR
CELF,FULLY_SCHEDULED,CMD_PLC_C15_M02_A2_C15_M02,ControlCommand,229,0.24703344120819848,CANONICAL_INPUT_ID_NOT_PROVEN_ADMISSION_ORDER,L_ROR
CELF,FULLY_SCHEDULED,CMD_PLC_C15_M02_A3_C15_M02,ControlCommand,230,0.2481121898597627,CANONICAL_INPUT_ID_NOT_PROVEN_ADMISSION_ORDER,L_ROR
CELF,FULLY_SCHEDULED,CMD_PLC_C15_M02_A4_C15_M02,ControlCommand,231,0.24919093851132687,CANONICAL_INPUT_ID_NOT_PROVEN_ADMISSION_ORDER,L_ROR
CELF,FULLY_SCHEDULED,CMD_PLC_C15_M03_A1_C15_M03,ControlCommand,232,0.25026968716289105,CANONICAL_INPUT_ID_NOT_PROVEN_ADMISSION_ORDER,L_ROR
CELF,FULLY_SCHEDULED,CMD_PLC_C15_M03_A2_C15_M03,ControlCommand,233,0.2513484358144552,CANONICAL_INPUT_ID_NOT_PROVEN_ADMISSION_ORDER,L_ROR
CELF,FULLY_SCHEDULED,CMD_PLC_C15_M03_A3_C15_M03,ControlCommand,234,0.2524271844660194,CANONICAL_INPUT_ID_NOT_PROVEN_ADMISSION_ORDER,L_ROR
CELF,FULLY_SCHEDULED,CMD_PLC_C15_M03_A4_C15_M03,ControlCommand,235,0.2535059331175836,CANONICAL_INPUT_ID_NOT_PROVEN_ADMISSION_ORDER,L_ROR
CELF,FULLY_SCHEDULED,CMD_PLC_C15_M04_A1_C15_M04,ControlCommand,236,0.2545846817691478,CANONICAL_INPUT_ID_NOT_PROVEN_ADMISSION_ORDER,L_ROR
CELF,FULLY_SCHEDULED,CMD_PLC_C15_M04_A2_C15_M04,ControlCommand,237,0.255663430420712,CANONICAL_INPUT_ID_NOT_PROVEN_ADMISSION_ORDER,L_ROR
CELF,FULLY_SCHEDULED,CMD_PLC_C15_M04_A3_C15_M04,ControlCommand,238,0.25674217907227614,CANONICAL_INPUT_ID_NOT_PROVEN_ADMISSION_ORDER,L_ROR
CELF,ZERO_SCHEDULED,CMD_PLC_C15_M04_A4_C15_M04,ControlCommand,239,0.25782092772384035,CANONICAL_INPUT_ID_NOT_PROVEN_ADMISSION_ORDER,L_ROR
CELF,FULLY_SCHEDULED,CMD_PLC_C16_M01_A1_C16_M01,ControlCommand,240,0.2588996763754045,CANONICAL_INPUT_ID_NOT_PROVEN_ADMISSION_ORDER,L_ROR
CELF,FULLY_SCHEDULED,CMD_PLC_C16_M01_A2_C16_M01,ControlCommand,241,0.2599784250269687,CANONICAL_INPUT_ID_NOT_PROVEN_ADMISSION_ORDER,L_ROR
CELF,FULLY_SCHEDULED,CMD_PLC_C16_M01_A3_C16_M01,ControlCommand,242,0.26105717367853293,CANONICAL_INPUT_ID_NOT_PROVEN_ADMISSION_ORDER,L_ROR
CELF,FULLY_SCHEDULED,CMD_PLC_C16_M01_A4_C16_M01,ControlCommand,243,0.2621359223300971,CANONICAL_INPUT_ID_NOT_PROVEN_ADMISSION_ORDER,L_ROR
CELF,FULLY_SCHEDULED,CMD_PLC_C16_M02_A1_C16_M02,ControlCommand,244,0.2632146709816613,CANONICAL_INPUT_ID_NOT_PROVEN_ADMISSION_ORDER,L_ROR
CELF,FULLY_SCHEDULED,CMD_PLC_C16_M02_A2_C16_M02,ControlCommand,245,0.26429341963322545,CANONICAL_INPUT_ID_NOT_PROVEN_ADMISSION_ORDER,L_ROR
CELF,FULLY_SCHEDULED,CMD_PLC_C16_M02_A3_C16_M02,ControlCommand,246,0.26537216828478966,CANONICAL_INPUT_ID_NOT_PROVEN_ADMISSION_ORDER,L_ROR
CELF,FULLY_SCHEDULED,CMD_PLC_C16_M02_A4_C16_M02,ControlCommand,247,0.2664509169363538,CANONICAL_INPUT_ID_NOT_PROVEN_ADMISSION_ORDER,L_ROR
CELF,FULLY_SCHEDULED,CMD_PLC_C16_M03_A1_C16_M03,ControlCommand,248,0.267529665587918,CANONICAL_INPUT_ID_NOT_PROVEN_ADMISSION_ORDER,L_ROR
CELF,FULLY_SCHEDULED,CMD_PLC_C16_M03_A2_C16_M03,ControlCommand,249,0.2686084142394822,CANONICAL_INPUT_ID_NOT_PROVEN_ADMISSION_ORDER,L_ROR
CELF,ZERO_SCHEDULED,CMD_PLC_C16_M03_A3_C16_M03,ControlCommand,250,0.2696871628910464,CANONICAL_INPUT_ID_NOT_PROVEN_ADMISSION_ORDER,L_ROR
CELF,FULLY_SCHEDULED,CMD_PLC_C16_M03_A4_C16_M03,ControlCommand,251,0.2707659115426106,CANONICAL_INPUT_ID_NOT_PROVEN_ADMISSION_ORDER,L_ROR
CELF,FULLY_SCHEDULED,CMD_PLC_C16_M04_A1_C16_M04,ControlCommand,252,0.27184466019417475,CANONICAL_INPUT_ID_NOT_PROVEN_ADMISSION_ORDER,L_ROR
CELF,FULLY_SCHEDULED,CMD_PLC_C16_M04_A2_C16_M04,ControlCommand,253,0.27292340884573896,CANONICAL_INPUT_ID_NOT_PROVEN_ADMISSION_ORDER,L_ROR
CELF,FULLY_SCHEDULED,CMD_PLC_C16_M04_A3_C16_M04,ControlCommand,254,0.2740021574973031,CANONICAL_INPUT_ID_NOT_PROVEN_ADMISSION_ORDER,L_ROR
CELF,FULLY_SCHEDULED,CMD_PLC_C16_M04_A4_C16_M04,ControlCommand,255,0.2750809061488673,CANONICAL_INPUT_ID_NOT_PROVEN_ADMISSION_ORDER,L_ROR
CELF,FULLY_SCHEDULED,COORD_CC_C01_PLC_C01_M01,MachineCoordination,256,0.2761596548004315,CANONICAL_INPUT_ID_NOT_PROVEN_ADMISSION_ORDER,L_ROR
CELF,FULLY_SCHEDULED,COORD_CC_C01_PLC_C01_M02,MachineCoordination,257,0.2772384034519957,CANONICAL_INPUT_ID_NOT_PROVEN_ADMISSION_ORDER,L_ROR
CELF,FULLY_SCHEDULED,COORD_CC_C01_PLC_C01_M03,MachineCoordination,258,0.2783171521035599,CANONICAL_INPUT_ID_NOT_PROVEN_ADMISSION_ORDER,L_ROR
CELF,FULLY_SCHEDULED,COORD_CC_C01_PLC_C01_M04,MachineCoordination,259,0.27939590075512405,CANONICAL_INPUT_ID_NOT_PROVEN_ADMISSION_ORDER,L_ROR
CELF,FULLY_SCHEDULED,COORD_CC_C02_PLC_C02_M01,MachineCoordination,260,0.28047464940668826,CANONICAL_INPUT_ID_NOT_PROVEN_ADMISSION_ORDER,L_ROR
CELF,FULLY_SCHEDULED,COORD_CC_C02_PLC_C02_M02,MachineCoordination,261,0.2815533980582524,CANONICAL_INPUT_ID_NOT_PROVEN_ADMISSION_ORDER,L_ROR
CELF,FULLY_SCHEDULED,COORD_CC_C02_PLC_C02_M03,MachineCoordination,262,0.2826321467098166,CANONICAL_INPUT_ID_NOT_PROVEN_ADMISSION_ORDER,L_ROR
CELF,FULLY_SCHEDULED,COORD_CC_C02_PLC_C02_M04,MachineCoordination,263,0.2837108953613808,CANONICAL_INPUT_ID_NOT_PROVEN_ADMISSION_ORDER,L_ROR
CELF,ZERO_SCHEDULED,COORD_CC_C03_PLC_C03_M01,MachineCoordination,264,0.284789644012945,CANONICAL_INPUT_ID_NOT_PROVEN_ADMISSION_ORDER,L_ROR
CELF,FULLY_SCHEDULED,COORD_CC_C03_PLC_C03_M02,MachineCoordination,265,0.2858683926645092,CANONICAL_INPUT_ID_NOT_PROVEN_ADMISSION_ORDER,L_ROR
CELF,FULLY_SCHEDULED,COORD_CC_C03_PLC_C03_M03,MachineCoordination,266,0.28694714131607335,CANONICAL_INPUT_ID_NOT_PROVEN_ADMISSION_ORDER,L_ROR
CELF,FULLY_SCHEDULED,COORD_CC_C03_PLC_C03_M04,MachineCoordination,267,0.28802588996763756,CANONICAL_INPUT_ID_NOT_PROVEN_ADMISSION_ORDER,L_ROR
CELF,FULLY_SCHEDULED,COORD_CC_C04_PLC_C04_M01,MachineCoordination,268,0.2891046386192017,CANONICAL_INPUT_ID_NOT_PROVEN_ADMISSION_ORDER,L_ROR
CELF,FULLY_SCHEDULED,COORD_CC_C04_PLC_C04_M02,MachineCoordination,269,0.2901833872707659,CANONICAL_INPUT_ID_NOT_PROVEN_ADMISSION_ORDER,L_ROR
CELF,FULLY_SCHEDULED,COORD_CC_C04_PLC_C04_M03,MachineCoordination,270,0.2912621359223301,CANONICAL_INPUT_ID_NOT_PROVEN_ADMISSION_ORDER,L_ROR
CELF,FULLY_SCHEDULED,COORD_CC_C04_PLC_C04_M04,MachineCoordination,271,0.2923408845738943,CANONICAL_INPUT_ID_NOT_PROVEN_ADMISSION_ORDER,L_ROR
CELF,FULLY_SCHEDULED,COORD_CC_C05_PLC_C05_M01,MachineCoordination,272,0.29341963322545844,CANONICAL_INPUT_ID_NOT_PROVEN_ADMISSION_ORDER,L_ROR
CELF,ZERO_SCHEDULED,COORD_CC_C05_PLC_C05_M02,MachineCoordination,273,0.29449838187702265,CANONICAL_INPUT_ID_NOT_PROVEN_ADMISSION_ORDER,L_ROR
CELF,FULLY_SCHEDULED,COORD_CC_C05_PLC_C05_M03,MachineCoordination,274,0.29557713052858686,CANONICAL_INPUT_ID_NOT_PROVEN_ADMISSION_ORDER,L_ROR
CELF,FULLY_SCHEDULED,COORD_CC_C05_PLC_C05_M04,MachineCoordination,275,0.296655879180151,CANONICAL_INPUT_ID_NOT_PROVEN_ADMISSION_ORDER,L_ROR
CELF,FULLY_SCHEDULED,COORD_CC_C06_PLC_C06_M01,MachineCoordination,276,0.2977346278317152,CANONICAL_INPUT_ID_NOT_PROVEN_ADMISSION_ORDER,L_ROR
CELF,FULLY_SCHEDULED,COORD_CC_C06_PLC_C06_M02,MachineCoordination,277,0.2988133764832794,CANONICAL_INPUT_ID_NOT_PROVEN_ADMISSION_ORDER,L_ROR
CELF,FULLY_SCHEDULED,COORD_CC_C06_PLC_C06_M03,MachineCoordination,278,0.2998921251348436,CANONICAL_INPUT_ID_NOT_PROVEN_ADMISSION_ORDER,L_ROR
CELF,FULLY_SCHEDULED,COORD_CC_C06_PLC_C06_M04,MachineCoordination,279,0.30097087378640774,CANONICAL_INPUT_ID_NOT_PROVEN_ADMISSION_ORDER,L_ROR
CELF,FULLY_SCHEDULED,COORD_CC_C07_PLC_C07_M01,MachineCoordination,280,0.30204962243797195,CANONICAL_INPUT_ID_NOT_PROVEN_ADMISSION_ORDER,L_ROR
CELF,FULLY_SCHEDULED,COORD_CC_C07_PLC_C07_M02,MachineCoordination,281,0.30312837108953616,CANONICAL_INPUT_ID_NOT_PROVEN_ADMISSION_ORDER,L_ROR
CELF,FULLY_SCHEDULED,COORD_CC_C07_PLC_C07_M03,MachineCoordination,282,0.3042071197411003,CANONICAL_INPUT_ID_NOT_PROVEN_ADMISSION_ORDER,L_ROR
CELF,FULLY_SCHEDULED,COORD_CC_C07_PLC_C07_M04,MachineCoordination,283,0.30528586839266453,CANONICAL_INPUT_ID_NOT_PROVEN_ADMISSION_ORDER,L_ROR
CELF,FULLY_SCHEDULED,COORD_CC_C08_PLC_C08_M01,MachineCoordination,284,0.3063646170442287,CANONICAL_INPUT_ID_NOT_PROVEN_ADMISSION_ORDER,L_ROR
CELF,FULLY_SCHEDULED,COORD_CC_C08_PLC_C08_M02,MachineCoordination,285,0.3074433656957929,CANONICAL_INPUT_ID_NOT_PROVEN_ADMISSION_ORDER,L_ROR
CELF,FULLY_SCHEDULED,COORD_CC_C08_PLC_C08_M03,MachineCoordination,286,0.30852211434735705,CANONICAL_INPUT_ID_NOT_PROVEN_ADMISSION_ORDER,L_ROR
CELF,FULLY_SCHEDULED,COORD_CC_C08_PLC_C08_M04,MachineCoordination,287,0.30960086299892126,CANONICAL_INPUT_ID_NOT_PROVEN_ADMISSION_ORDER,L_ROR
CELF,FULLY_SCHEDULED,COORD_CC_C09_PLC_C09_M01,MachineCoordination,288,0.3106796116504854,CANONICAL_INPUT_ID_NOT_PROVEN_ADMISSION_ORDER,L_ROR
CELF,FULLY_SCHEDULED,COORD_CC_C09_PLC_C09_M02,MachineCoordination,289,0.3117583603020496,CANONICAL_INPUT_ID_NOT_PROVEN_ADMISSION_ORDER,L_ROR
CELF,FULLY_SCHEDULED,COORD_CC_C09_PLC_C09_M03,MachineCoordination,290,0.31283710895361383,CANONICAL_INPUT_ID_NOT_PROVEN_ADMISSION_ORDER,L_ROR
CELF,FULLY_SCHEDULED,COORD_CC_C09_PLC_C09_M04,MachineCoordination,291,0.313915857605178,CANONICAL_INPUT_ID_NOT_PROVEN_ADMISSION_ORDER,L_ROR
CELF,FULLY_SCHEDULED,COORD_CC_C10_PLC_C10_M01,MachineCoordination,292,0.3149946062567422,CANONICAL_INPUT_ID_NOT_PROVEN_ADMISSION_ORDER,L_ROR
CELF,FULLY_SCHEDULED,COORD_CC_C10_PLC_C10_M02,MachineCoordination,293,0.31607335490830635,CANONICAL_INPUT_ID_NOT_PROVEN_ADMISSION_ORDER,L_ROR
CELF,FULLY_SCHEDULED,COORD_CC_C10_PLC_C10_M03,MachineCoordination,294,0.31715210355987056,CANONICAL_INPUT_ID_NOT_PROVEN_ADMISSION_ORDER,L_ROR
CELF,FULLY_SCHEDULED,COORD_CC_C10_PLC_C10_M04,MachineCoordination,295,0.3182308522114347,CANONICAL_INPUT_ID_NOT_PROVEN_ADMISSION_ORDER,L_ROR
CELF,FULLY_SCHEDULED,COORD_CC_C11_PLC_C11_M01,MachineCoordination,296,0.3193096008629989,CANONICAL_INPUT_ID_NOT_PROVEN_ADMISSION_ORDER,L_ROR
CELF,FULLY_SCHEDULED,COORD_CC_C11_PLC_C11_M02,MachineCoordination,297,0.32038834951456313,CANONICAL_INPUT_ID_NOT_PROVEN_ADMISSION_ORDER,L_ROR
CELF,FULLY_SCHEDULED,COORD_CC_C11_PLC_C11_M03,MachineCoordination,298,0.3214670981661273,CANONICAL_INPUT_ID_NOT_PROVEN_ADMISSION_ORDER,L_ROR
CELF,FULLY_SCHEDULED,COORD_CC_C11_PLC_C11_M04,MachineCoordination,299,0.3225458468176915,CANONICAL_INPUT_ID_NOT_PROVEN_ADMISSION_ORDER,L_ROR
CELF,FULLY_SCHEDULED,COORD_CC_C12_PLC_C12_M01,MachineCoordination,300,0.32362459546925565,CANONICAL_INPUT_ID_NOT_PROVEN_ADMISSION_ORDER,L_ROR
CELF,FULLY_SCHEDULED,COORD_CC_C12_PLC_C12_M02,MachineCoordination,301,0.32470334412081986,CANONICAL_INPUT_ID_NOT_PROVEN_ADMISSION_ORDER,L_ROR
CELF,FULLY_SCHEDULED,COORD_CC_C12_PLC_C12_M03,MachineCoordination,302,0.325782092772384,CANONICAL_INPUT_ID_NOT_PROVEN_ADMISSION_ORDER,L_ROR
CELF,FULLY_SCHEDULED,COORD_CC_C12_PLC_C12_M04,MachineCoordination,303,0.3268608414239482,CANONICAL_INPUT_ID_NOT_PROVEN_ADMISSION_ORDER,L_ROR
CELF,FULLY_SCHEDULED,COORD_CC_C13_PLC_C13_M01,MachineCoordination,304,0.32793959007551243,CANONICAL_INPUT_ID_NOT_PROVEN_ADMISSION_ORDER,L_ROR
CELF,FULLY_SCHEDULED,COORD_CC_C13_PLC_C13_M02,MachineCoordination,305,0.3290183387270766,CANONICAL_INPUT_ID_NOT_PROVEN_ADMISSION_ORDER,L_ROR
CELF,FULLY_SCHEDULED,COORD_CC_C13_PLC_C13_M03,MachineCoordination,306,0.3300970873786408,CANONICAL_INPUT_ID_NOT_PROVEN_ADMISSION_ORDER,L_ROR
CELF,FULLY_SCHEDULED,COORD_CC_C13_PLC_C13_M04,MachineCoordination,307,0.33117583603020495,CANONICAL_INPUT_ID_NOT_PROVEN_ADMISSION_ORDER,L_ROR
CELF,FULLY_SCHEDULED,COORD_CC_C14_PLC_C14_M01,MachineCoordination,308,0.33225458468176916,CANONICAL_INPUT_ID_NOT_PROVEN_ADMISSION_ORDER,L_ROR
CELF,FULLY_SCHEDULED,COORD_CC_C14_PLC_C14_M02,MachineCoordination,309,0.3333333333333333,CANONICAL_INPUT_ID_NOT_PROVEN_ADMISSION_ORDER,L_ROR
CELF,FULLY_SCHEDULED,COORD_CC_C14_PLC_C14_M03,MachineCoordination,310,0.3344120819848975,CANONICAL_INPUT_ID_NOT_PROVEN_ADMISSION_ORDER,L_ROR
CELF,FULLY_SCHEDULED,COORD_CC_C14_PLC_C14_M04,MachineCoordination,311,0.3354908306364617,CANONICAL_INPUT_ID_NOT_PROVEN_ADMISSION_ORDER,L_ROR
CELF,FULLY_SCHEDULED,COORD_CC_C15_PLC_C15_M01,MachineCoordination,312,0.3365695792880259,CANONICAL_INPUT_ID_NOT_PROVEN_ADMISSION_ORDER,L_ROR
CELF,FULLY_SCHEDULED,COORD_CC_C15_PLC_C15_M02,MachineCoordination,313,0.3376483279395901,CANONICAL_INPUT_ID_NOT_PROVEN_ADMISSION_ORDER,L_ROR
CELF,FULLY_SCHEDULED,COORD_CC_C15_PLC_C15_M03,MachineCoordination,314,0.33872707659115425,CANONICAL_INPUT_ID_NOT_PROVEN_ADMISSION_ORDER,L_ROR
CELF,FULLY_SCHEDULED,COORD_CC_C15_PLC_C15_M04,MachineCoordination,315,0.33980582524271846,CANONICAL_INPUT_ID_NOT_PROVEN_ADMISSION_ORDER,L_ROR
CELF,FULLY_SCHEDULED,COORD_CC_C16_PLC_C16_M01,MachineCoordination,316,0.3408845738942826,CANONICAL_INPUT_ID_NOT_PROVEN_ADMISSION_ORDER,L_ROR
CELF,FULLY_SCHEDULED,COORD_CC_C16_PLC_C16_M02,MachineCoordination,317,0.3419633225458468,CANONICAL_INPUT_ID_NOT_PROVEN_ADMISSION_ORDER,L_ROR
CELF,FULLY_SCHEDULED,COORD_CC_C16_PLC_C16_M03,MachineCoordination,318,0.343042071197411,CANONICAL_INPUT_ID_NOT_PROVEN_ADMISSION_ORDER,L_ROR
CELF,FULLY_SCHEDULED,COORD_CC_C16_PLC_C16_M04,MachineCoordination,319,0.3441208198489752,CANONICAL_INPUT_ID_NOT_PROVEN_ADMISSION_ORDER,L_ROR
CELF,FULLY_SCHEDULED,IC_NEXT_CC_C01,InterCellNext,320,0.3451995685005394,CANONICAL_INPUT_ID_NOT_PROVEN_ADMISSION_ORDER,L_ROR
CELF,FULLY_SCHEDULED,IC_NEXT_CC_C02,InterCellNext,321,0.34627831715210355,CANONICAL_INPUT_ID_NOT_PROVEN_ADMISSION_ORDER,L_ROR
CELF,FULLY_SCHEDULED,IC_NEXT_CC_C03,InterCellNext,322,0.34735706580366776,CANONICAL_INPUT_ID_NOT_PROVEN_ADMISSION_ORDER,L_ROR
CELF,FULLY_SCHEDULED,IC_NEXT_CC_C04,InterCellNext,323,0.3484358144552319,CANONICAL_INPUT_ID_NOT_PROVEN_ADMISSION_ORDER,L_ROR
CELF,FULLY_SCHEDULED,IC_NEXT_CC_C05,InterCellNext,324,0.34951456310679613,CANONICAL_INPUT_ID_NOT_PROVEN_ADMISSION_ORDER,L_ROR
CELF,FULLY_SCHEDULED,IC_NEXT_CC_C06,InterCellNext,325,0.3505933117583603,CANONICAL_INPUT_ID_NOT_PROVEN_ADMISSION_ORDER,L_ROR
CELF,FULLY_SCHEDULED,IC_NEXT_CC_C07,InterCellNext,326,0.3516720604099245,CANONICAL_INPUT_ID_NOT_PROVEN_ADMISSION_ORDER,L_ROR
CELF,FULLY_SCHEDULED,IC_NEXT_CC_C08,InterCellNext,327,0.35275080906148865,CANONICAL_INPUT_ID_NOT_PROVEN_ADMISSION_ORDER,L_ROR
CELF,FULLY_SCHEDULED,IC_NEXT_CC_C09,InterCellNext,328,0.35382955771305286,CANONICAL_INPUT_ID_NOT_PROVEN_ADMISSION_ORDER,L_ROR
CELF,FULLY_SCHEDULED,IC_NEXT_CC_C10,InterCellNext,329,0.35490830636461707,CANONICAL_INPUT_ID_NOT_PROVEN_ADMISSION_ORDER,L_ROR
CELF,FULLY_SCHEDULED,IC_NEXT_CC_C11,InterCellNext,330,0.3559870550161812,CANONICAL_INPUT_ID_NOT_PROVEN_ADMISSION_ORDER,L_ROR
CELF,FULLY_SCHEDULED,IC_NEXT_CC_C12,InterCellNext,331,0.35706580366774543,CANONICAL_INPUT_ID_NOT_PROVEN_ADMISSION_ORDER,L_ROR
CELF,FULLY_SCHEDULED,IC_NEXT_CC_C13,InterCellNext,332,0.3581445523193096,CANONICAL_INPUT_ID_NOT_PROVEN_ADMISSION_ORDER,L_ROR
CELF,FULLY_SCHEDULED,IC_NEXT_CC_C14,InterCellNext,333,0.3592233009708738,CANONICAL_INPUT_ID_NOT_PROVEN_ADMISSION_ORDER,L_ROR
CELF,FULLY_SCHEDULED,IC_NEXT_CC_C15,InterCellNext,334,0.36030204962243795,CANONICAL_INPUT_ID_NOT_PROVEN_ADMISSION_ORDER,L_ROR
CELF,FULLY_SCHEDULED,IC_NEXT_CC_C16,InterCellNext,335,0.36138079827400216,CANONICAL_INPUT_ID_NOT_PROVEN_ADMISSION_ORDER,L_ROR
CELF,FULLY_SCHEDULED,IC_PREV_CC_C01,InterCellPrevious,336,0.36245954692556637,CANONICAL_INPUT_ID_NOT_PROVEN_ADMISSION_ORDER,L_ROR
CELF,FULLY_SCHEDULED,IC_PREV_CC_C02,InterCellPrevious,337,0.3635382955771305,CANONICAL_INPUT_ID_NOT_PROVEN_ADMISSION_ORDER,L_ROR
CELF,FULLY_SCHEDULED,IC_PREV_CC_C03,InterCellPrevious,338,0.36461704422869473,CANONICAL_INPUT_ID_NOT_PROVEN_ADMISSION_ORDER,L_ROR
CELF,FULLY_SCHEDULED,IC_PREV_CC_C04,InterCellPrevious,339,0.3656957928802589,CANONICAL_INPUT_ID_NOT_PROVEN_ADMISSION_ORDER,L_ROR
CELF,FULLY_SCHEDULED,IC_PREV_CC_C05,InterCellPrevious,340,0.3667745415318231,CANONICAL_INPUT_ID_NOT_PROVEN_ADMISSION_ORDER,L_ROR
CELF,FULLY_SCHEDULED,IC_PREV_CC_C06,InterCellPrevious,341,0.36785329018338725,CANONICAL_INPUT_ID_NOT_PROVEN_ADMISSION_ORDER,L_ROR
CELF,FULLY_SCHEDULED,IC_PREV_CC_C07,InterCellPrevious,342,0.36893203883495146,CANONICAL_INPUT_ID_NOT_PROVEN_ADMISSION_ORDER,L_ROR
CELF,FULLY_SCHEDULED,IC_PREV_CC_C08,InterCellPrevious,343,0.37001078748651567,CANONICAL_INPUT_ID_NOT_PROVEN_ADMISSION_ORDER,L_ROR
CELF,FULLY_SCHEDULED,IC_PREV_CC_C09,InterCellPrevious,344,0.3710895361380798,CANONICAL_INPUT_ID_NOT_PROVEN_ADMISSION_ORDER,L_ROR
CELF,FULLY_SCHEDULED,IC_PREV_CC_C10,InterCellPrevious,345,0.37216828478964403,CANONICAL_INPUT_ID_NOT_PROVEN_ADMISSION_ORDER,L_ROR
CELF,FULLY_SCHEDULED,IC_PREV_CC_C11,InterCellPrevious,346,0.3732470334412082,CANONICAL_INPUT_ID_NOT_PROVEN_ADMISSION_ORDER,L_ROR
CELF,FULLY_SCHEDULED,IC_PREV_CC_C12,InterCellPrevious,347,0.3743257820927724,CANONICAL_INPUT_ID_NOT_PROVEN_ADMISSION_ORDER,L_ROR
CELF,FULLY_SCHEDULED,IC_PREV_CC_C13,InterCellPrevious,348,0.37540453074433655,CANONICAL_INPUT_ID_NOT_PROVEN_ADMISSION_ORDER,L_ROR
CELF,FULLY_SCHEDULED,IC_PREV_CC_C14,InterCellPrevious,349,0.37648327939590076,CANONICAL_INPUT_ID_NOT_PROVEN_ADMISSION_ORDER,L_ROR
CELF,FULLY_SCHEDULED,IC_PREV_CC_C15,InterCellPrevious,350,0.3775620280474649,CANONICAL_INPUT_ID_NOT_PROVEN_ADMISSION_ORDER,L_ROR
CELF,FULLY_SCHEDULED,IC_PREV_CC_C16,InterCellPrevious,351,0.3786407766990291,CANONICAL_INPUT_ID_NOT_PROVEN_ADMISSION_ORDER,L_ROR
CELF,FULLY_SCHEDULED,SC_S1_C01_M01,SensorCyclic,352,0.37971952535059333,CANONICAL_INPUT_ID_NOT_PROVEN_ADMISSION_ORDER,L_ROR
CELF,FULLY_SCHEDULED,SC_S1_C01_M02,SensorCyclic,353,0.3807982740021575,CANONICAL_INPUT_ID_NOT_PROVEN_ADMISSION_ORDER,L_ROR
CELF,FULLY_SCHEDULED,SC_S1_C01_M03,SensorCyclic,354,0.3818770226537217,CANONICAL_INPUT_ID_NOT_PROVEN_ADMISSION_ORDER,L_ROR
CELF,FULLY_SCHEDULED,SC_S1_C01_M04,SensorCyclic,355,0.38295577130528585,CANONICAL_INPUT_ID_NOT_PROVEN_ADMISSION_ORDER,L_ROR
CELF,FULLY_SCHEDULED,SC_S1_C02_M01,SensorCyclic,356,0.38403451995685006,CANONICAL_INPUT_ID_NOT_PROVEN_ADMISSION_ORDER,L_ROR
CELF,FULLY_SCHEDULED,SC_S1_C02_M02,SensorCyclic,357,0.3851132686084142,CANONICAL_INPUT_ID_NOT_PROVEN_ADMISSION_ORDER,L_ROR
CELF,FULLY_SCHEDULED,SC_S1_C02_M03,SensorCyclic,358,0.3861920172599784,CANONICAL_INPUT_ID_NOT_PROVEN_ADMISSION_ORDER,L_ROR
CELF,FULLY_SCHEDULED,SC_S1_C02_M04,SensorCyclic,359,0.38727076591154264,CANONICAL_INPUT_ID_NOT_PROVEN_ADMISSION_ORDER,L_ROR
CELF,FULLY_SCHEDULED,SC_S1_C03_M01,SensorCyclic,360,0.3883495145631068,CANONICAL_INPUT_ID_NOT_PROVEN_ADMISSION_ORDER,L_ROR
CELF,FULLY_SCHEDULED,SC_S1_C03_M02,SensorCyclic,361,0.389428263214671,CANONICAL_INPUT_ID_NOT_PROVEN_ADMISSION_ORDER,L_ROR
CELF,FULLY_SCHEDULED,SC_S1_C03_M03,SensorCyclic,362,0.39050701186623515,CANONICAL_INPUT_ID_NOT_PROVEN_ADMISSION_ORDER,L_ROR
CELF,FULLY_SCHEDULED,SC_S1_C03_M04,SensorCyclic,363,0.39158576051779936,CANONICAL_INPUT_ID_NOT_PROVEN_ADMISSION_ORDER,L_ROR
CELF,FULLY_SCHEDULED,SC_S1_C04_M01,SensorCyclic,364,0.3926645091693635,CANONICAL_INPUT_ID_NOT_PROVEN_ADMISSION_ORDER,L_ROR
CELF,FULLY_SCHEDULED,SC_S1_C04_M02,SensorCyclic,365,0.39374325782092773,CANONICAL_INPUT_ID_NOT_PROVEN_ADMISSION_ORDER,L_ROR
CELF,FULLY_SCHEDULED,SC_S1_C04_M03,SensorCyclic,366,0.3948220064724919,CANONICAL_INPUT_ID_NOT_PROVEN_ADMISSION_ORDER,L_ROR
CELF,FULLY_SCHEDULED,SC_S1_C04_M04,SensorCyclic,367,0.3959007551240561,CANONICAL_INPUT_ID_NOT_PROVEN_ADMISSION_ORDER,L_ROR
CELF,FULLY_SCHEDULED,SC_S1_C05_M01,SensorCyclic,368,0.3969795037756203,CANONICAL_INPUT_ID_NOT_PROVEN_ADMISSION_ORDER,L_ROR
CELF,FULLY_SCHEDULED,SC_S1_C05_M02,SensorCyclic,369,0.39805825242718446,CANONICAL_INPUT_ID_NOT_PROVEN_ADMISSION_ORDER,L_ROR
CELF,FULLY_SCHEDULED,SC_S1_C05_M03,SensorCyclic,370,0.39913700107874867,CANONICAL_INPUT_ID_NOT_PROVEN_ADMISSION_ORDER,L_ROR
CELF,FULLY_SCHEDULED,SC_S1_C05_M04,SensorCyclic,371,0.4002157497303128,CANONICAL_INPUT_ID_NOT_PROVEN_ADMISSION_ORDER,L_ROR
CELF,FULLY_SCHEDULED,SC_S1_C06_M01,SensorCyclic,372,0.40129449838187703,CANONICAL_INPUT_ID_NOT_PROVEN_ADMISSION_ORDER,L_ROR
CELF,FULLY_SCHEDULED,SC_S1_C06_M02,SensorCyclic,373,0.4023732470334412,CANONICAL_INPUT_ID_NOT_PROVEN_ADMISSION_ORDER,L_ROR
CELF,FULLY_SCHEDULED,SC_S1_C06_M03,SensorCyclic,374,0.4034519956850054,CANONICAL_INPUT_ID_NOT_PROVEN_ADMISSION_ORDER,L_ROR
CELF,FULLY_SCHEDULED,SC_S1_C06_M04,SensorCyclic,375,0.4045307443365696,CANONICAL_INPUT_ID_NOT_PROVEN_ADMISSION_ORDER,L_ROR
CELF,FULLY_SCHEDULED,SC_S1_C07_M01,SensorCyclic,376,0.40560949298813376,CANONICAL_INPUT_ID_NOT_PROVEN_ADMISSION_ORDER,L_ROR
CELF,FULLY_SCHEDULED,SC_S1_C07_M02,SensorCyclic,377,0.40668824163969797,CANONICAL_INPUT_ID_NOT_PROVEN_ADMISSION_ORDER,L_ROR
CELF,FULLY_SCHEDULED,SC_S1_C07_M03,SensorCyclic,378,0.4077669902912621,CANONICAL_INPUT_ID_NOT_PROVEN_ADMISSION_ORDER,L_ROR
CELF,FULLY_SCHEDULED,SC_S1_C07_M04,SensorCyclic,379,0.40884573894282633,CANONICAL_INPUT_ID_NOT_PROVEN_ADMISSION_ORDER,L_ROR
CELF,FULLY_SCHEDULED,SC_S1_C08_M01,SensorCyclic,380,0.4099244875943905,CANONICAL_INPUT_ID_NOT_PROVEN_ADMISSION_ORDER,L_ROR
CELF,FULLY_SCHEDULED,SC_S1_C08_M02,SensorCyclic,381,0.4110032362459547,CANONICAL_INPUT_ID_NOT_PROVEN_ADMISSION_ORDER,L_ROR
CELF,FULLY_SCHEDULED,SC_S1_C08_M03,SensorCyclic,382,0.4120819848975189,CANONICAL_INPUT_ID_NOT_PROVEN_ADMISSION_ORDER,L_ROR
CELF,FULLY_SCHEDULED,SC_S1_C08_M04,SensorCyclic,383,0.41316073354908306,CANONICAL_INPUT_ID_NOT_PROVEN_ADMISSION_ORDER,L_ROR
CELF,FULLY_SCHEDULED,SC_S1_C09_M01,SensorCyclic,384,0.41423948220064727,CANONICAL_INPUT_ID_NOT_PROVEN_ADMISSION_ORDER,L_ROR
CELF,FULLY_SCHEDULED,SC_S1_C09_M02,SensorCyclic,385,0.4153182308522114,CANONICAL_INPUT_ID_NOT_PROVEN_ADMISSION_ORDER,L_ROR
CELF,FULLY_SCHEDULED,SC_S1_C09_M03,SensorCyclic,386,0.41639697950377563,CANONICAL_INPUT_ID_NOT_PROVEN_ADMISSION_ORDER,L_ROR
CELF,FULLY_SCHEDULED,SC_S1_C09_M04,SensorCyclic,387,0.4174757281553398,CANONICAL_INPUT_ID_NOT_PROVEN_ADMISSION_ORDER,L_ROR
CELF,FULLY_SCHEDULED,SC_S1_C10_M01,SensorCyclic,388,0.418554476806904,CANONICAL_INPUT_ID_NOT_PROVEN_ADMISSION_ORDER,L_ROR
CELF,FULLY_SCHEDULED,SC_S1_C10_M02,SensorCyclic,389,0.41963322545846815,CANONICAL_INPUT_ID_NOT_PROVEN_ADMISSION_ORDER,L_ROR
CELF,FULLY_SCHEDULED,SC_S1_C10_M03,SensorCyclic,390,0.42071197411003236,CANONICAL_INPUT_ID_NOT_PROVEN_ADMISSION_ORDER,L_ROR
CELF,FULLY_SCHEDULED,SC_S1_C10_M04,SensorCyclic,391,0.42179072276159657,CANONICAL_INPUT_ID_NOT_PROVEN_ADMISSION_ORDER,L_ROR
CELF,FULLY_SCHEDULED,SC_S1_C11_M01,SensorCyclic,392,0.4228694714131607,CANONICAL_INPUT_ID_NOT_PROVEN_ADMISSION_ORDER,L_ROR
CELF,FULLY_SCHEDULED,SC_S1_C11_M02,SensorCyclic,393,0.42394822006472493,CANONICAL_INPUT_ID_NOT_PROVEN_ADMISSION_ORDER,L_ROR
CELF,FULLY_SCHEDULED,SC_S1_C11_M03,SensorCyclic,394,0.4250269687162891,CANONICAL_INPUT_ID_NOT_PROVEN_ADMISSION_ORDER,L_ROR
CELF,FULLY_SCHEDULED,SC_S1_C11_M04,SensorCyclic,395,0.4261057173678533,CANONICAL_INPUT_ID_NOT_PROVEN_ADMISSION_ORDER,L_ROR
CELF,FULLY_SCHEDULED,SC_S1_C12_M01,SensorCyclic,396,0.42718446601941745,CANONICAL_INPUT_ID_NOT_PROVEN_ADMISSION_ORDER,L_ROR
CELF,FULLY_SCHEDULED,SC_S1_C12_M02,SensorCyclic,397,0.42826321467098166,CANONICAL_INPUT_ID_NOT_PROVEN_ADMISSION_ORDER,L_ROR
CELF,FULLY_SCHEDULED,SC_S1_C12_M03,SensorCyclic,398,0.42934196332254587,CANONICAL_INPUT_ID_NOT_PROVEN_ADMISSION_ORDER,L_ROR
CELF,FULLY_SCHEDULED,SC_S1_C12_M04,SensorCyclic,399,0.43042071197411,CANONICAL_INPUT_ID_NOT_PROVEN_ADMISSION_ORDER,L_ROR
CELF,FULLY_SCHEDULED,SC_S1_C13_M01,SensorCyclic,400,0.43149946062567424,CANONICAL_INPUT_ID_NOT_PROVEN_ADMISSION_ORDER,L_ROR
CELF,FULLY_SCHEDULED,SC_S1_C13_M02,SensorCyclic,401,0.4325782092772384,CANONICAL_INPUT_ID_NOT_PROVEN_ADMISSION_ORDER,L_ROR
CELF,FULLY_SCHEDULED,SC_S1_C13_M03,SensorCyclic,402,0.4336569579288026,CANONICAL_INPUT_ID_NOT_PROVEN_ADMISSION_ORDER,L_ROR
CELF,FULLY_SCHEDULED,SC_S1_C13_M04,SensorCyclic,403,0.43473570658036675,CANONICAL_INPUT_ID_NOT_PROVEN_ADMISSION_ORDER,L_ROR
CELF,FULLY_SCHEDULED,SC_S1_C14_M01,SensorCyclic,404,0.43581445523193096,CANONICAL_INPUT_ID_NOT_PROVEN_ADMISSION_ORDER,L_ROR
CELF,FULLY_SCHEDULED,SC_S1_C14_M02,SensorCyclic,405,0.4368932038834951,CANONICAL_INPUT_ID_NOT_PROVEN_ADMISSION_ORDER,L_ROR
CELF,FULLY_SCHEDULED,SC_S1_C14_M03,SensorCyclic,406,0.43797195253505933,CANONICAL_INPUT_ID_NOT_PROVEN_ADMISSION_ORDER,L_ROR
CELF,FULLY_SCHEDULED,SC_S1_C14_M04,SensorCyclic,407,0.43905070118662354,CANONICAL_INPUT_ID_NOT_PROVEN_ADMISSION_ORDER,L_ROR
CELF,FULLY_SCHEDULED,SC_S1_C15_M01,SensorCyclic,408,0.4401294498381877,CANONICAL_INPUT_ID_NOT_PROVEN_ADMISSION_ORDER,L_ROR
CELF,FULLY_SCHEDULED,SC_S1_C15_M02,SensorCyclic,409,0.4412081984897519,CANONICAL_INPUT_ID_NOT_PROVEN_ADMISSION_ORDER,L_ROR
CELF,FULLY_SCHEDULED,SC_S1_C15_M03,SensorCyclic,410,0.44228694714131606,CANONICAL_INPUT_ID_NOT_PROVEN_ADMISSION_ORDER,L_ROR
CELF,FULLY_SCHEDULED,SC_S1_C15_M04,SensorCyclic,411,0.44336569579288027,CANONICAL_INPUT_ID_NOT_PROVEN_ADMISSION_ORDER,L_ROR
CELF,FULLY_SCHEDULED,SC_S1_C16_M01,SensorCyclic,412,0.4444444444444444,CANONICAL_INPUT_ID_NOT_PROVEN_ADMISSION_ORDER,L_ROR
CELF,FULLY_SCHEDULED,SC_S1_C16_M02,SensorCyclic,413,0.44552319309600863,CANONICAL_INPUT_ID_NOT_PROVEN_ADMISSION_ORDER,L_ROR
CELF,FULLY_SCHEDULED,SC_S1_C16_M03,SensorCyclic,414,0.44660194174757284,CANONICAL_INPUT_ID_NOT_PROVEN_ADMISSION_ORDER,L_ROR
CELF,FULLY_SCHEDULED,SC_S1_C16_M04,SensorCyclic,415,0.447680690399137,CANONICAL_INPUT_ID_NOT_PROVEN_ADMISSION_ORDER,L_ROR
CELF,FULLY_SCHEDULED,SC_S2_C01_M01,SensorCyclic,416,0.4487594390507012,CANONICAL_INPUT_ID_NOT_PROVEN_ADMISSION_ORDER,L_ROR
CELF,FULLY_SCHEDULED,SC_S2_C01_M02,SensorCyclic,417,0.44983818770226536,CANONICAL_INPUT_ID_NOT_PROVEN_ADMISSION_ORDER,L_ROR
CELF,FULLY_SCHEDULED,SC_S2_C01_M03,SensorCyclic,418,0.45091693635382957,CANONICAL_INPUT_ID_NOT_PROVEN_ADMISSION_ORDER,L_ROR
CELF,FULLY_SCHEDULED,SC_S2_C01_M04,SensorCyclic,419,0.4519956850053937,CANONICAL_INPUT_ID_NOT_PROVEN_ADMISSION_ORDER,L_ROR
CELF,FULLY_SCHEDULED,SC_S2_C02_M01,SensorCyclic,420,0.45307443365695793,CANONICAL_INPUT_ID_NOT_PROVEN_ADMISSION_ORDER,L_ROR
CELF,FULLY_SCHEDULED,SC_S2_C02_M02,SensorCyclic,421,0.45415318230852214,CANONICAL_INPUT_ID_NOT_PROVEN_ADMISSION_ORDER,L_ROR
CELF,FULLY_SCHEDULED,SC_S2_C02_M03,SensorCyclic,422,0.4552319309600863,CANONICAL_INPUT_ID_NOT_PROVEN_ADMISSION_ORDER,L_ROR
CELF,FULLY_SCHEDULED,SC_S2_C02_M04,SensorCyclic,423,0.4563106796116505,CANONICAL_INPUT_ID_NOT_PROVEN_ADMISSION_ORDER,L_ROR
CELF,FULLY_SCHEDULED,SC_S2_C03_M01,SensorCyclic,424,0.45738942826321466,CANONICAL_INPUT_ID_NOT_PROVEN_ADMISSION_ORDER,L_ROR
CELF,FULLY_SCHEDULED,SC_S2_C03_M02,SensorCyclic,425,0.45846817691477887,CANONICAL_INPUT_ID_NOT_PROVEN_ADMISSION_ORDER,L_ROR
CELF,FULLY_SCHEDULED,SC_S2_C03_M03,SensorCyclic,426,0.459546925566343,CANONICAL_INPUT_ID_NOT_PROVEN_ADMISSION_ORDER,L_ROR
CELF,FULLY_SCHEDULED,SC_S2_C03_M04,SensorCyclic,427,0.46062567421790723,CANONICAL_INPUT_ID_NOT_PROVEN_ADMISSION_ORDER,L_ROR
CELF,FULLY_SCHEDULED,SC_S2_C04_M01,SensorCyclic,428,0.4617044228694714,CANONICAL_INPUT_ID_NOT_PROVEN_ADMISSION_ORDER,L_ROR
CELF,FULLY_SCHEDULED,SC_S2_C04_M02,SensorCyclic,429,0.4627831715210356,CANONICAL_INPUT_ID_NOT_PROVEN_ADMISSION_ORDER,L_ROR
CELF,FULLY_SCHEDULED,SC_S2_C04_M03,SensorCyclic,430,0.4638619201725998,CANONICAL_INPUT_ID_NOT_PROVEN_ADMISSION_ORDER,L_ROR
CELF,FULLY_SCHEDULED,SC_S2_C04_M04,SensorCyclic,431,0.46494066882416396,CANONICAL_INPUT_ID_NOT_PROVEN_ADMISSION_ORDER,L_ROR
CELF,FULLY_SCHEDULED,SC_S2_C05_M01,SensorCyclic,432,0.46601941747572817,CANONICAL_INPUT_ID_NOT_PROVEN_ADMISSION_ORDER,L_ROR
CELF,FULLY_SCHEDULED,SC_S2_C05_M02,SensorCyclic,433,0.4670981661272923,CANONICAL_INPUT_ID_NOT_PROVEN_ADMISSION_ORDER,L_ROR
CELF,FULLY_SCHEDULED,SC_S2_C05_M03,SensorCyclic,434,0.46817691477885653,CANONICAL_INPUT_ID_NOT_PROVEN_ADMISSION_ORDER,L_ROR
CELF,FULLY_SCHEDULED,SC_S2_C05_M04,SensorCyclic,435,0.4692556634304207,CANONICAL_INPUT_ID_NOT_PROVEN_ADMISSION_ORDER,L_ROR
CELF,FULLY_SCHEDULED,SC_S2_C06_M01,SensorCyclic,436,0.4703344120819849,CANONICAL_INPUT_ID_NOT_PROVEN_ADMISSION_ORDER,L_ROR
CELF,FULLY_SCHEDULED,SC_S2_C06_M02,SensorCyclic,437,0.4714131607335491,CANONICAL_INPUT_ID_NOT_PROVEN_ADMISSION_ORDER,L_ROR
CELF,FULLY_SCHEDULED,SC_S2_C06_M03,SensorCyclic,438,0.47249190938511326,CANONICAL_INPUT_ID_NOT_PROVEN_ADMISSION_ORDER,L_ROR
CELF,FULLY_SCHEDULED,SC_S2_C06_M04,SensorCyclic,439,0.47357065803667747,CANONICAL_INPUT_ID_NOT_PROVEN_ADMISSION_ORDER,L_ROR
CELF,FULLY_SCHEDULED,SC_S2_C07_M01,SensorCyclic,440,0.4746494066882416,CANONICAL_INPUT_ID_NOT_PROVEN_ADMISSION_ORDER,L_ROR
CELF,FULLY_SCHEDULED,SC_S2_C07_M02,SensorCyclic,441,0.47572815533980584,CANONICAL_INPUT_ID_NOT_PROVEN_ADMISSION_ORDER,L_ROR
CELF,FULLY_SCHEDULED,SC_S2_C07_M03,SensorCyclic,442,0.47680690399137,CANONICAL_INPUT_ID_NOT_PROVEN_ADMISSION_ORDER,L_ROR
CELF,FULLY_SCHEDULED,SC_S2_C07_M04,SensorCyclic,443,0.4778856526429342,CANONICAL_INPUT_ID_NOT_PROVEN_ADMISSION_ORDER,L_ROR
CELF,FULLY_SCHEDULED,SC_S2_C08_M01,SensorCyclic,444,0.47896440129449835,CANONICAL_INPUT_ID_NOT_PROVEN_ADMISSION_ORDER,L_ROR
CELF,FULLY_SCHEDULED,SC_S2_C08_M02,SensorCyclic,445,0.48004314994606256,CANONICAL_INPUT_ID_NOT_PROVEN_ADMISSION_ORDER,L_ROR
CELF,FULLY_SCHEDULED,SC_S2_C08_M03,SensorCyclic,446,0.4811218985976268,CANONICAL_INPUT_ID_NOT_PROVEN_ADMISSION_ORDER,L_ROR
CELF,FULLY_SCHEDULED,SC_S2_C08_M04,SensorCyclic,447,0.48220064724919093,CANONICAL_INPUT_ID_NOT_PROVEN_ADMISSION_ORDER,L_ROR
CELF,FULLY_SCHEDULED,SC_S2_C09_M01,SensorCyclic,448,0.48327939590075514,CANONICAL_INPUT_ID_NOT_PROVEN_ADMISSION_ORDER,L_ROR
CELF,FULLY_SCHEDULED,SC_S2_C09_M02,SensorCyclic,449,0.4843581445523193,CANONICAL_INPUT_ID_NOT_PROVEN_ADMISSION_ORDER,L_ROR
CELF,FULLY_SCHEDULED,SC_S2_C09_M03,SensorCyclic,450,0.4854368932038835,CANONICAL_INPUT_ID_NOT_PROVEN_ADMISSION_ORDER,L_ROR
CELF,FULLY_SCHEDULED,SC_S2_C09_M04,SensorCyclic,451,0.48651564185544766,CANONICAL_INPUT_ID_NOT_PROVEN_ADMISSION_ORDER,L_ROR
CELF,FULLY_SCHEDULED,SC_S2_C10_M01,SensorCyclic,452,0.48759439050701187,CANONICAL_INPUT_ID_NOT_PROVEN_ADMISSION_ORDER,L_ROR
CELF,FULLY_SCHEDULED,SC_S2_C10_M02,SensorCyclic,453,0.4886731391585761,CANONICAL_INPUT_ID_NOT_PROVEN_ADMISSION_ORDER,L_ROR
CELF,FULLY_SCHEDULED,SC_S2_C10_M03,SensorCyclic,454,0.48975188781014023,CANONICAL_INPUT_ID_NOT_PROVEN_ADMISSION_ORDER,L_ROR
CELF,FULLY_SCHEDULED,SC_S2_C10_M04,SensorCyclic,455,0.49083063646170444,CANONICAL_INPUT_ID_NOT_PROVEN_ADMISSION_ORDER,L_ROR
CELF,FULLY_SCHEDULED,SC_S2_C11_M01,SensorCyclic,456,0.4919093851132686,CANONICAL_INPUT_ID_NOT_PROVEN_ADMISSION_ORDER,L_ROR
CELF,FULLY_SCHEDULED,SC_S2_C11_M02,SensorCyclic,457,0.4929881337648328,CANONICAL_INPUT_ID_NOT_PROVEN_ADMISSION_ORDER,L_ROR
CELF,FULLY_SCHEDULED,SC_S2_C11_M03,SensorCyclic,458,0.49406688241639696,CANONICAL_INPUT_ID_NOT_PROVEN_ADMISSION_ORDER,L_ROR
CELF,FULLY_SCHEDULED,SC_S2_C11_M04,SensorCyclic,459,0.49514563106796117,CANONICAL_INPUT_ID_NOT_PROVEN_ADMISSION_ORDER,L_ROR
CELF,FULLY_SCHEDULED,SC_S2_C12_M01,SensorCyclic,460,0.4962243797195254,CANONICAL_INPUT_ID_NOT_PROVEN_ADMISSION_ORDER,L_ROR
CELF,FULLY_SCHEDULED,SC_S2_C12_M02,SensorCyclic,461,0.49730312837108953,CANONICAL_INPUT_ID_NOT_PROVEN_ADMISSION_ORDER,L_ROR
CELF,FULLY_SCHEDULED,SC_S2_C12_M03,SensorCyclic,462,0.49838187702265374,CANONICAL_INPUT_ID_NOT_PROVEN_ADMISSION_ORDER,L_ROR
CELF,FULLY_SCHEDULED,SC_S2_C12_M04,SensorCyclic,463,0.4994606256742179,CANONICAL_INPUT_ID_NOT_PROVEN_ADMISSION_ORDER,L_ROR
CELF,FULLY_SCHEDULED,SC_S2_C13_M01,SensorCyclic,464,0.5005393743257821,CANONICAL_INPUT_ID_NOT_PROVEN_ADMISSION_ORDER,L_ROR
CELF,FULLY_SCHEDULED,SC_S2_C13_M02,SensorCyclic,465,0.5016181229773463,CANONICAL_INPUT_ID_NOT_PROVEN_ADMISSION_ORDER,L_ROR
CELF,FULLY_SCHEDULED,SC_S2_C13_M03,SensorCyclic,466,0.5026968716289104,CANONICAL_INPUT_ID_NOT_PROVEN_ADMISSION_ORDER,L_ROR
CELF,FULLY_SCHEDULED,SC_S2_C13_M04,SensorCyclic,467,0.5037756202804746,CANONICAL_INPUT_ID_NOT_PROVEN_ADMISSION_ORDER,L_ROR
CELF,FULLY_SCHEDULED,SC_S2_C14_M01,SensorCyclic,468,0.5048543689320388,CANONICAL_INPUT_ID_NOT_PROVEN_ADMISSION_ORDER,L_ROR
CELF,FULLY_SCHEDULED,SC_S2_C14_M02,SensorCyclic,469,0.505933117583603,CANONICAL_INPUT_ID_NOT_PROVEN_ADMISSION_ORDER,L_ROR
CELF,FULLY_SCHEDULED,SC_S2_C14_M03,SensorCyclic,470,0.5070118662351673,CANONICAL_INPUT_ID_NOT_PROVEN_ADMISSION_ORDER,L_ROR
CELF,FULLY_SCHEDULED,SC_S2_C14_M04,SensorCyclic,471,0.5080906148867314,CANONICAL_INPUT_ID_NOT_PROVEN_ADMISSION_ORDER,L_ROR
CELF,FULLY_SCHEDULED,SC_S2_C15_M01,SensorCyclic,472,0.5091693635382956,CANONICAL_INPUT_ID_NOT_PROVEN_ADMISSION_ORDER,L_ROR
CELF,FULLY_SCHEDULED,SC_S2_C15_M02,SensorCyclic,473,0.5102481121898598,CANONICAL_INPUT_ID_NOT_PROVEN_ADMISSION_ORDER,L_ROR
CELF,FULLY_SCHEDULED,SC_S2_C15_M03,SensorCyclic,474,0.511326860841424,CANONICAL_INPUT_ID_NOT_PROVEN_ADMISSION_ORDER,L_ROR
CELF,FULLY_SCHEDULED,SC_S2_C15_M04,SensorCyclic,475,0.5124056094929881,CANONICAL_INPUT_ID_NOT_PROVEN_ADMISSION_ORDER,L_ROR
CELF,FULLY_SCHEDULED,SC_S2_C16_M01,SensorCyclic,476,0.5134843581445523,CANONICAL_INPUT_ID_NOT_PROVEN_ADMISSION_ORDER,L_ROR
CELF,FULLY_SCHEDULED,SC_S2_C16_M02,SensorCyclic,477,0.5145631067961165,CANONICAL_INPUT_ID_NOT_PROVEN_ADMISSION_ORDER,L_ROR
CELF,FULLY_SCHEDULED,SC_S2_C16_M03,SensorCyclic,478,0.5156418554476807,CANONICAL_INPUT_ID_NOT_PROVEN_ADMISSION_ORDER,L_ROR
CELF,FULLY_SCHEDULED,SC_S2_C16_M04,SensorCyclic,479,0.5167206040992449,CANONICAL_INPUT_ID_NOT_PROVEN_ADMISSION_ORDER,L_ROR
CELF,FULLY_SCHEDULED,SC_S3_C01_M01,SensorCyclic,480,0.517799352750809,CANONICAL_INPUT_ID_NOT_PROVEN_ADMISSION_ORDER,L_ROR
CELF,FULLY_SCHEDULED,SC_S3_C01_M02,SensorCyclic,481,0.5188781014023732,CANONICAL_INPUT_ID_NOT_PROVEN_ADMISSION_ORDER,L_ROR
CELF,FULLY_SCHEDULED,SC_S3_C01_M03,SensorCyclic,482,0.5199568500539374,CANONICAL_INPUT_ID_NOT_PROVEN_ADMISSION_ORDER,L_ROR
CELF,FULLY_SCHEDULED,SC_S3_C01_M04,SensorCyclic,483,0.5210355987055016,CANONICAL_INPUT_ID_NOT_PROVEN_ADMISSION_ORDER,L_ROR
CELF,FULLY_SCHEDULED,SC_S3_C02_M01,SensorCyclic,484,0.5221143473570659,CANONICAL_INPUT_ID_NOT_PROVEN_ADMISSION_ORDER,L_ROR
CELF,FULLY_SCHEDULED,SC_S3_C02_M02,SensorCyclic,485,0.52319309600863,CANONICAL_INPUT_ID_NOT_PROVEN_ADMISSION_ORDER,L_ROR
CELF,FULLY_SCHEDULED,SC_S3_C02_M03,SensorCyclic,486,0.5242718446601942,CANONICAL_INPUT_ID_NOT_PROVEN_ADMISSION_ORDER,L_ROR
CELF,FULLY_SCHEDULED,SC_S3_C02_M04,SensorCyclic,487,0.5253505933117584,CANONICAL_INPUT_ID_NOT_PROVEN_ADMISSION_ORDER,L_ROR
CELF,FULLY_SCHEDULED,SC_S3_C03_M01,SensorCyclic,488,0.5264293419633226,CANONICAL_INPUT_ID_NOT_PROVEN_ADMISSION_ORDER,L_ROR
CELF,FULLY_SCHEDULED,SC_S3_C03_M02,SensorCyclic,489,0.5275080906148867,CANONICAL_INPUT_ID_NOT_PROVEN_ADMISSION_ORDER,L_ROR
CELF,FULLY_SCHEDULED,SC_S3_C03_M03,SensorCyclic,490,0.5285868392664509,CANONICAL_INPUT_ID_NOT_PROVEN_ADMISSION_ORDER,L_ROR
CELF,FULLY_SCHEDULED,SC_S3_C03_M04,SensorCyclic,491,0.5296655879180151,CANONICAL_INPUT_ID_NOT_PROVEN_ADMISSION_ORDER,L_ROR
CELF,FULLY_SCHEDULED,SC_S3_C04_M01,SensorCyclic,492,0.5307443365695793,CANONICAL_INPUT_ID_NOT_PROVEN_ADMISSION_ORDER,L_ROR
CELF,FULLY_SCHEDULED,SC_S3_C04_M02,SensorCyclic,493,0.5318230852211435,CANONICAL_INPUT_ID_NOT_PROVEN_ADMISSION_ORDER,L_ROR
CELF,FULLY_SCHEDULED,SC_S3_C04_M03,SensorCyclic,494,0.5329018338727076,CANONICAL_INPUT_ID_NOT_PROVEN_ADMISSION_ORDER,L_ROR
CELF,FULLY_SCHEDULED,SC_S3_C04_M04,SensorCyclic,495,0.5339805825242718,CANONICAL_INPUT_ID_NOT_PROVEN_ADMISSION_ORDER,L_ROR
CELF,FULLY_SCHEDULED,SC_S3_C05_M01,SensorCyclic,496,0.535059331175836,CANONICAL_INPUT_ID_NOT_PROVEN_ADMISSION_ORDER,L_ROR
CELF,FULLY_SCHEDULED,SC_S3_C05_M02,SensorCyclic,497,0.5361380798274002,CANONICAL_INPUT_ID_NOT_PROVEN_ADMISSION_ORDER,L_ROR
CELF,FULLY_SCHEDULED,SC_S3_C05_M03,SensorCyclic,498,0.5372168284789643,CANONICAL_INPUT_ID_NOT_PROVEN_ADMISSION_ORDER,L_ROR
CELF,FULLY_SCHEDULED,SC_S3_C05_M04,SensorCyclic,499,0.5382955771305286,CANONICAL_INPUT_ID_NOT_PROVEN_ADMISSION_ORDER,L_ROR
CELF,FULLY_SCHEDULED,SC_S3_C06_M01,SensorCyclic,500,0.5393743257820928,CANONICAL_INPUT_ID_NOT_PROVEN_ADMISSION_ORDER,L_ROR
CELF,FULLY_SCHEDULED,SC_S3_C06_M02,SensorCyclic,501,0.540453074433657,CANONICAL_INPUT_ID_NOT_PROVEN_ADMISSION_ORDER,L_ROR
CELF,FULLY_SCHEDULED,SC_S3_C06_M03,SensorCyclic,502,0.5415318230852212,CANONICAL_INPUT_ID_NOT_PROVEN_ADMISSION_ORDER,L_ROR
CELF,FULLY_SCHEDULED,SC_S3_C06_M04,SensorCyclic,503,0.5426105717367853,CANONICAL_INPUT_ID_NOT_PROVEN_ADMISSION_ORDER,L_ROR
CELF,FULLY_SCHEDULED,SC_S3_C07_M01,SensorCyclic,504,0.5436893203883495,CANONICAL_INPUT_ID_NOT_PROVEN_ADMISSION_ORDER,L_ROR
CELF,FULLY_SCHEDULED,SC_S3_C07_M02,SensorCyclic,505,0.5447680690399137,CANONICAL_INPUT_ID_NOT_PROVEN_ADMISSION_ORDER,L_ROR
CELF,FULLY_SCHEDULED,SC_S3_C07_M03,SensorCyclic,506,0.5458468176914779,CANONICAL_INPUT_ID_NOT_PROVEN_ADMISSION_ORDER,L_ROR
CELF,FULLY_SCHEDULED,SC_S3_C07_M04,SensorCyclic,507,0.5469255663430421,CANONICAL_INPUT_ID_NOT_PROVEN_ADMISSION_ORDER,L_ROR
CELF,FULLY_SCHEDULED,SC_S3_C08_M01,SensorCyclic,508,0.5480043149946062,CANONICAL_INPUT_ID_NOT_PROVEN_ADMISSION_ORDER,L_ROR
CELF,FULLY_SCHEDULED,SC_S3_C08_M02,SensorCyclic,509,0.5490830636461704,CANONICAL_INPUT_ID_NOT_PROVEN_ADMISSION_ORDER,L_ROR
CELF,FULLY_SCHEDULED,SC_S3_C08_M03,SensorCyclic,510,0.5501618122977346,CANONICAL_INPUT_ID_NOT_PROVEN_ADMISSION_ORDER,L_ROR
CELF,FULLY_SCHEDULED,SC_S3_C08_M04,SensorCyclic,511,0.5512405609492989,CANONICAL_INPUT_ID_NOT_PROVEN_ADMISSION_ORDER,L_ROR
CELF,FULLY_SCHEDULED,SC_S3_C09_M01,SensorCyclic,512,0.552319309600863,CANONICAL_INPUT_ID_NOT_PROVEN_ADMISSION_ORDER,L_ROR
CELF,FULLY_SCHEDULED,SC_S3_C09_M02,SensorCyclic,513,0.5533980582524272,CANONICAL_INPUT_ID_NOT_PROVEN_ADMISSION_ORDER,L_ROR
CELF,FULLY_SCHEDULED,SC_S3_C09_M03,SensorCyclic,514,0.5544768069039914,CANONICAL_INPUT_ID_NOT_PROVEN_ADMISSION_ORDER,L_ROR
CELF,FULLY_SCHEDULED,SC_S3_C09_M04,SensorCyclic,515,0.5555555555555556,CANONICAL_INPUT_ID_NOT_PROVEN_ADMISSION_ORDER,L_ROR
CELF,FULLY_SCHEDULED,SC_S3_C10_M01,SensorCyclic,516,0.5566343042071198,CANONICAL_INPUT_ID_NOT_PROVEN_ADMISSION_ORDER,L_ROR
CELF,FULLY_SCHEDULED,SC_S3_C10_M02,SensorCyclic,517,0.5577130528586839,CANONICAL_INPUT_ID_NOT_PROVEN_ADMISSION_ORDER,L_ROR
CELF,FULLY_SCHEDULED,SC_S3_C10_M03,SensorCyclic,518,0.5587918015102481,CANONICAL_INPUT_ID_NOT_PROVEN_ADMISSION_ORDER,L_ROR
CELF,FULLY_SCHEDULED,SC_S3_C10_M04,SensorCyclic,519,0.5598705501618123,CANONICAL_INPUT_ID_NOT_PROVEN_ADMISSION_ORDER,L_ROR
CELF,FULLY_SCHEDULED,SC_S3_C11_M01,SensorCyclic,520,0.5609492988133765,CANONICAL_INPUT_ID_NOT_PROVEN_ADMISSION_ORDER,L_ROR
CELF,FULLY_SCHEDULED,SC_S3_C11_M02,SensorCyclic,521,0.5620280474649406,CANONICAL_INPUT_ID_NOT_PROVEN_ADMISSION_ORDER,L_ROR
CELF,FULLY_SCHEDULED,SC_S3_C11_M03,SensorCyclic,522,0.5631067961165048,CANONICAL_INPUT_ID_NOT_PROVEN_ADMISSION_ORDER,L_ROR
CELF,FULLY_SCHEDULED,SC_S3_C11_M04,SensorCyclic,523,0.564185544768069,CANONICAL_INPUT_ID_NOT_PROVEN_ADMISSION_ORDER,L_ROR
CELF,FULLY_SCHEDULED,SC_S3_C12_M01,SensorCyclic,524,0.5652642934196332,CANONICAL_INPUT_ID_NOT_PROVEN_ADMISSION_ORDER,L_ROR
CELF,FULLY_SCHEDULED,SC_S3_C12_M02,SensorCyclic,525,0.5663430420711975,CANONICAL_INPUT_ID_NOT_PROVEN_ADMISSION_ORDER,L_ROR
CELF,FULLY_SCHEDULED,SC_S3_C12_M03,SensorCyclic,526,0.5674217907227616,CANONICAL_INPUT_ID_NOT_PROVEN_ADMISSION_ORDER,L_ROR
CELF,FULLY_SCHEDULED,SC_S3_C12_M04,SensorCyclic,527,0.5685005393743258,CANONICAL_INPUT_ID_NOT_PROVEN_ADMISSION_ORDER,L_ROR
CELF,FULLY_SCHEDULED,SC_S3_C13_M01,SensorCyclic,528,0.56957928802589,CANONICAL_INPUT_ID_NOT_PROVEN_ADMISSION_ORDER,L_ROR
CELF,FULLY_SCHEDULED,SC_S3_C13_M02,SensorCyclic,529,0.5706580366774542,CANONICAL_INPUT_ID_NOT_PROVEN_ADMISSION_ORDER,L_ROR
CELF,FULLY_SCHEDULED,SC_S3_C13_M03,SensorCyclic,530,0.5717367853290184,CANONICAL_INPUT_ID_NOT_PROVEN_ADMISSION_ORDER,L_ROR
CELF,FULLY_SCHEDULED,SC_S3_C13_M04,SensorCyclic,531,0.5728155339805825,CANONICAL_INPUT_ID_NOT_PROVEN_ADMISSION_ORDER,L_ROR
CELF,FULLY_SCHEDULED,SC_S3_C14_M01,SensorCyclic,532,0.5738942826321467,CANONICAL_INPUT_ID_NOT_PROVEN_ADMISSION_ORDER,L_ROR
CELF,FULLY_SCHEDULED,SC_S3_C14_M02,SensorCyclic,533,0.5749730312837109,CANONICAL_INPUT_ID_NOT_PROVEN_ADMISSION_ORDER,L_ROR
CELF,FULLY_SCHEDULED,SC_S3_C14_M03,SensorCyclic,534,0.5760517799352751,CANONICAL_INPUT_ID_NOT_PROVEN_ADMISSION_ORDER,L_ROR
CELF,FULLY_SCHEDULED,SC_S3_C14_M04,SensorCyclic,535,0.5771305285868392,CANONICAL_INPUT_ID_NOT_PROVEN_ADMISSION_ORDER,L_ROR
CELF,FULLY_SCHEDULED,SC_S3_C15_M01,SensorCyclic,536,0.5782092772384034,CANONICAL_INPUT_ID_NOT_PROVEN_ADMISSION_ORDER,L_ROR
CELF,FULLY_SCHEDULED,SC_S3_C15_M02,SensorCyclic,537,0.5792880258899676,CANONICAL_INPUT_ID_NOT_PROVEN_ADMISSION_ORDER,L_ROR
CELF,FULLY_SCHEDULED,SC_S3_C15_M03,SensorCyclic,538,0.5803667745415318,CANONICAL_INPUT_ID_NOT_PROVEN_ADMISSION_ORDER,L_ROR
CELF,FULLY_SCHEDULED,SC_S3_C15_M04,SensorCyclic,539,0.5814455231930961,CANONICAL_INPUT_ID_NOT_PROVEN_ADMISSION_ORDER,L_ROR
CELF,FULLY_SCHEDULED,SC_S3_C16_M01,SensorCyclic,540,0.5825242718446602,CANONICAL_INPUT_ID_NOT_PROVEN_ADMISSION_ORDER,L_ROR
CELF,FULLY_SCHEDULED,SC_S3_C16_M02,SensorCyclic,541,0.5836030204962244,CANONICAL_INPUT_ID_NOT_PROVEN_ADMISSION_ORDER,L_ROR
CELF,FULLY_SCHEDULED,SC_S3_C16_M03,SensorCyclic,542,0.5846817691477886,CANONICAL_INPUT_ID_NOT_PROVEN_ADMISSION_ORDER,L_ROR
CELF,FULLY_SCHEDULED,SC_S3_C16_M04,SensorCyclic,543,0.5857605177993528,CANONICAL_INPUT_ID_NOT_PROVEN_ADMISSION_ORDER,L_ROR
CELF,FULLY_SCHEDULED,SC_S4_C01_M01,SensorCyclic,544,0.5868392664509169,CANONICAL_INPUT_ID_NOT_PROVEN_ADMISSION_ORDER,L_ROR
CELF,FULLY_SCHEDULED,SC_S4_C01_M02,SensorCyclic,545,0.5879180151024811,CANONICAL_INPUT_ID_NOT_PROVEN_ADMISSION_ORDER,L_ROR
CELF,FULLY_SCHEDULED,SC_S4_C01_M03,SensorCyclic,546,0.5889967637540453,CANONICAL_INPUT_ID_NOT_PROVEN_ADMISSION_ORDER,L_ROR
CELF,FULLY_SCHEDULED,SC_S4_C01_M04,SensorCyclic,547,0.5900755124056095,CANONICAL_INPUT_ID_NOT_PROVEN_ADMISSION_ORDER,L_ROR
CELF,FULLY_SCHEDULED,SC_S4_C02_M01,SensorCyclic,548,0.5911542610571737,CANONICAL_INPUT_ID_NOT_PROVEN_ADMISSION_ORDER,L_ROR
CELF,FULLY_SCHEDULED,SC_S4_C02_M02,SensorCyclic,549,0.5922330097087378,CANONICAL_INPUT_ID_NOT_PROVEN_ADMISSION_ORDER,L_ROR
CELF,FULLY_SCHEDULED,SC_S4_C02_M03,SensorCyclic,550,0.593311758360302,CANONICAL_INPUT_ID_NOT_PROVEN_ADMISSION_ORDER,L_ROR
CELF,FULLY_SCHEDULED,SC_S4_C02_M04,SensorCyclic,551,0.5943905070118662,CANONICAL_INPUT_ID_NOT_PROVEN_ADMISSION_ORDER,L_ROR
CELF,FULLY_SCHEDULED,SC_S4_C03_M01,SensorCyclic,552,0.5954692556634305,CANONICAL_INPUT_ID_NOT_PROVEN_ADMISSION_ORDER,L_ROR
CELF,FULLY_SCHEDULED,SC_S4_C03_M02,SensorCyclic,553,0.5965480043149946,CANONICAL_INPUT_ID_NOT_PROVEN_ADMISSION_ORDER,L_ROR
CELF,FULLY_SCHEDULED,SC_S4_C03_M03,SensorCyclic,554,0.5976267529665588,CANONICAL_INPUT_ID_NOT_PROVEN_ADMISSION_ORDER,L_ROR
CELF,FULLY_SCHEDULED,SC_S4_C03_M04,SensorCyclic,555,0.598705501618123,CANONICAL_INPUT_ID_NOT_PROVEN_ADMISSION_ORDER,L_ROR
CELF,FULLY_SCHEDULED,SC_S4_C04_M01,SensorCyclic,556,0.5997842502696872,CANONICAL_INPUT_ID_NOT_PROVEN_ADMISSION_ORDER,L_ROR
CELF,FULLY_SCHEDULED,SC_S4_C04_M02,SensorCyclic,557,0.6008629989212514,CANONICAL_INPUT_ID_NOT_PROVEN_ADMISSION_ORDER,L_ROR
CELF,FULLY_SCHEDULED,SC_S4_C04_M03,SensorCyclic,558,0.6019417475728155,CANONICAL_INPUT_ID_NOT_PROVEN_ADMISSION_ORDER,L_ROR
CELF,FULLY_SCHEDULED,SC_S4_C04_M04,SensorCyclic,559,0.6030204962243797,CANONICAL_INPUT_ID_NOT_PROVEN_ADMISSION_ORDER,L_ROR
CELF,FULLY_SCHEDULED,SC_S4_C05_M01,SensorCyclic,560,0.6040992448759439,CANONICAL_INPUT_ID_NOT_PROVEN_ADMISSION_ORDER,L_ROR
CELF,FULLY_SCHEDULED,SC_S4_C05_M02,SensorCyclic,561,0.6051779935275081,CANONICAL_INPUT_ID_NOT_PROVEN_ADMISSION_ORDER,L_ROR
CELF,FULLY_SCHEDULED,SC_S4_C05_M03,SensorCyclic,562,0.6062567421790723,CANONICAL_INPUT_ID_NOT_PROVEN_ADMISSION_ORDER,L_ROR
CELF,FULLY_SCHEDULED,SC_S4_C05_M04,SensorCyclic,563,0.6073354908306364,CANONICAL_INPUT_ID_NOT_PROVEN_ADMISSION_ORDER,L_ROR
CELF,FULLY_SCHEDULED,SC_S4_C06_M01,SensorCyclic,564,0.6084142394822006,CANONICAL_INPUT_ID_NOT_PROVEN_ADMISSION_ORDER,L_ROR
CELF,FULLY_SCHEDULED,SC_S4_C06_M02,SensorCyclic,565,0.6094929881337648,CANONICAL_INPUT_ID_NOT_PROVEN_ADMISSION_ORDER,L_ROR
CELF,FULLY_SCHEDULED,SC_S4_C06_M03,SensorCyclic,566,0.6105717367853291,CANONICAL_INPUT_ID_NOT_PROVEN_ADMISSION_ORDER,L_ROR
CELF,FULLY_SCHEDULED,SC_S4_C06_M04,SensorCyclic,567,0.6116504854368932,CANONICAL_INPUT_ID_NOT_PROVEN_ADMISSION_ORDER,L_ROR
CELF,FULLY_SCHEDULED,SC_S4_C07_M01,SensorCyclic,568,0.6127292340884574,CANONICAL_INPUT_ID_NOT_PROVEN_ADMISSION_ORDER,L_ROR
CELF,FULLY_SCHEDULED,SC_S4_C07_M02,SensorCyclic,569,0.6138079827400216,CANONICAL_INPUT_ID_NOT_PROVEN_ADMISSION_ORDER,L_ROR
CELF,FULLY_SCHEDULED,SC_S4_C07_M03,SensorCyclic,570,0.6148867313915858,CANONICAL_INPUT_ID_NOT_PROVEN_ADMISSION_ORDER,L_ROR
CELF,FULLY_SCHEDULED,SC_S4_C07_M04,SensorCyclic,571,0.61596548004315,CANONICAL_INPUT_ID_NOT_PROVEN_ADMISSION_ORDER,L_ROR
CELF,FULLY_SCHEDULED,SC_S4_C08_M01,SensorCyclic,572,0.6170442286947141,CANONICAL_INPUT_ID_NOT_PROVEN_ADMISSION_ORDER,L_ROR
CELF,FULLY_SCHEDULED,SC_S4_C08_M02,SensorCyclic,573,0.6181229773462783,CANONICAL_INPUT_ID_NOT_PROVEN_ADMISSION_ORDER,L_ROR
CELF,FULLY_SCHEDULED,SC_S4_C08_M03,SensorCyclic,574,0.6192017259978425,CANONICAL_INPUT_ID_NOT_PROVEN_ADMISSION_ORDER,L_ROR
CELF,FULLY_SCHEDULED,SC_S4_C08_M04,SensorCyclic,575,0.6202804746494067,CANONICAL_INPUT_ID_NOT_PROVEN_ADMISSION_ORDER,L_ROR
CELF,FULLY_SCHEDULED,SC_S4_C09_M01,SensorCyclic,576,0.6213592233009708,CANONICAL_INPUT_ID_NOT_PROVEN_ADMISSION_ORDER,L_ROR
CELF,FULLY_SCHEDULED,SC_S4_C09_M02,SensorCyclic,577,0.622437971952535,CANONICAL_INPUT_ID_NOT_PROVEN_ADMISSION_ORDER,L_ROR
CELF,FULLY_SCHEDULED,SC_S4_C09_M03,SensorCyclic,578,0.6235167206040992,CANONICAL_INPUT_ID_NOT_PROVEN_ADMISSION_ORDER,L_ROR
CELF,FULLY_SCHEDULED,SC_S4_C09_M04,SensorCyclic,579,0.6245954692556634,CANONICAL_INPUT_ID_NOT_PROVEN_ADMISSION_ORDER,L_ROR
CELF,FULLY_SCHEDULED,SC_S4_C10_M01,SensorCyclic,580,0.6256742179072277,CANONICAL_INPUT_ID_NOT_PROVEN_ADMISSION_ORDER,L_ROR
CELF,FULLY_SCHEDULED,SC_S4_C10_M02,SensorCyclic,581,0.6267529665587918,CANONICAL_INPUT_ID_NOT_PROVEN_ADMISSION_ORDER,L_ROR
CELF,FULLY_SCHEDULED,SC_S4_C10_M03,SensorCyclic,582,0.627831715210356,CANONICAL_INPUT_ID_NOT_PROVEN_ADMISSION_ORDER,L_ROR
CELF,FULLY_SCHEDULED,SC_S4_C10_M04,SensorCyclic,583,0.6289104638619202,CANONICAL_INPUT_ID_NOT_PROVEN_ADMISSION_ORDER,L_ROR
CELF,FULLY_SCHEDULED,SC_S4_C11_M01,SensorCyclic,584,0.6299892125134844,CANONICAL_INPUT_ID_NOT_PROVEN_ADMISSION_ORDER,L_ROR
CELF,FULLY_SCHEDULED,SC_S4_C11_M02,SensorCyclic,585,0.6310679611650486,CANONICAL_INPUT_ID_NOT_PROVEN_ADMISSION_ORDER,L_ROR
CELF,FULLY_SCHEDULED,SC_S4_C11_M03,SensorCyclic,586,0.6321467098166127,CANONICAL_INPUT_ID_NOT_PROVEN_ADMISSION_ORDER,L_ROR
CELF,FULLY_SCHEDULED,SC_S4_C11_M04,SensorCyclic,587,0.6332254584681769,CANONICAL_INPUT_ID_NOT_PROVEN_ADMISSION_ORDER,L_ROR
CELF,FULLY_SCHEDULED,SC_S4_C12_M01,SensorCyclic,588,0.6343042071197411,CANONICAL_INPUT_ID_NOT_PROVEN_ADMISSION_ORDER,L_ROR
CELF,FULLY_SCHEDULED,SC_S4_C12_M02,SensorCyclic,589,0.6353829557713053,CANONICAL_INPUT_ID_NOT_PROVEN_ADMISSION_ORDER,L_ROR
CELF,FULLY_SCHEDULED,SC_S4_C12_M03,SensorCyclic,590,0.6364617044228694,CANONICAL_INPUT_ID_NOT_PROVEN_ADMISSION_ORDER,L_ROR
CELF,FULLY_SCHEDULED,SC_S4_C12_M04,SensorCyclic,591,0.6375404530744336,CANONICAL_INPUT_ID_NOT_PROVEN_ADMISSION_ORDER,L_ROR
CELF,FULLY_SCHEDULED,SC_S4_C13_M01,SensorCyclic,592,0.6386192017259978,CANONICAL_INPUT_ID_NOT_PROVEN_ADMISSION_ORDER,L_ROR
CELF,FULLY_SCHEDULED,SC_S4_C13_M02,SensorCyclic,593,0.639697950377562,CANONICAL_INPUT_ID_NOT_PROVEN_ADMISSION_ORDER,L_ROR
CELF,FULLY_SCHEDULED,SC_S4_C13_M03,SensorCyclic,594,0.6407766990291263,CANONICAL_INPUT_ID_NOT_PROVEN_ADMISSION_ORDER,L_ROR
CELF,FULLY_SCHEDULED,SC_S4_C13_M04,SensorCyclic,595,0.6418554476806904,CANONICAL_INPUT_ID_NOT_PROVEN_ADMISSION_ORDER,L_ROR
CELF,FULLY_SCHEDULED,SC_S4_C14_M01,SensorCyclic,596,0.6429341963322546,CANONICAL_INPUT_ID_NOT_PROVEN_ADMISSION_ORDER,L_ROR
CELF,FULLY_SCHEDULED,SC_S4_C14_M02,SensorCyclic,597,0.6440129449838188,CANONICAL_INPUT_ID_NOT_PROVEN_ADMISSION_ORDER,L_ROR
CELF,FULLY_SCHEDULED,SC_S4_C14_M03,SensorCyclic,598,0.645091693635383,CANONICAL_INPUT_ID_NOT_PROVEN_ADMISSION_ORDER,L_ROR
CELF,FULLY_SCHEDULED,SC_S4_C14_M04,SensorCyclic,599,0.6461704422869471,CANONICAL_INPUT_ID_NOT_PROVEN_ADMISSION_ORDER,L_ROR
CELF,FULLY_SCHEDULED,SC_S4_C15_M01,SensorCyclic,600,0.6472491909385113,CANONICAL_INPUT_ID_NOT_PROVEN_ADMISSION_ORDER,L_ROR
CELF,FULLY_SCHEDULED,SC_S4_C15_M02,SensorCyclic,601,0.6483279395900755,CANONICAL_INPUT_ID_NOT_PROVEN_ADMISSION_ORDER,L_ROR
CELF,FULLY_SCHEDULED,SC_S4_C15_M03,SensorCyclic,602,0.6494066882416397,CANONICAL_INPUT_ID_NOT_PROVEN_ADMISSION_ORDER,L_ROR
CELF,FULLY_SCHEDULED,SC_S4_C15_M04,SensorCyclic,603,0.6504854368932039,CANONICAL_INPUT_ID_NOT_PROVEN_ADMISSION_ORDER,L_ROR
CELF,FULLY_SCHEDULED,SC_S4_C16_M01,SensorCyclic,604,0.651564185544768,CANONICAL_INPUT_ID_NOT_PROVEN_ADMISSION_ORDER,L_ROR
CELF,FULLY_SCHEDULED,SC_S4_C16_M02,SensorCyclic,605,0.6526429341963322,CANONICAL_INPUT_ID_NOT_PROVEN_ADMISSION_ORDER,L_ROR
CELF,FULLY_SCHEDULED,SC_S4_C16_M03,SensorCyclic,606,0.6537216828478964,CANONICAL_INPUT_ID_NOT_PROVEN_ADMISSION_ORDER,L_ROR
CELF,FULLY_SCHEDULED,SC_S4_C16_M04,SensorCyclic,607,0.6548004314994607,CANONICAL_INPUT_ID_NOT_PROVEN_ADMISSION_ORDER,L_ROR
CELF,FULLY_SCHEDULED,SF_S1_C01_M01,SensorFast,608,0.6558791801510249,CANONICAL_INPUT_ID_NOT_PROVEN_ADMISSION_ORDER,L_ROR
CELF,FULLY_SCHEDULED,SF_S1_C01_M02,SensorFast,609,0.656957928802589,CANONICAL_INPUT_ID_NOT_PROVEN_ADMISSION_ORDER,L_ROR
CELF,FULLY_SCHEDULED,SF_S1_C01_M03,SensorFast,610,0.6580366774541532,CANONICAL_INPUT_ID_NOT_PROVEN_ADMISSION_ORDER,L_ROR
CELF,FULLY_SCHEDULED,SF_S1_C01_M04,SensorFast,611,0.6591154261057174,CANONICAL_INPUT_ID_NOT_PROVEN_ADMISSION_ORDER,L_ROR
CELF,FULLY_SCHEDULED,SF_S1_C02_M01,SensorFast,612,0.6601941747572816,CANONICAL_INPUT_ID_NOT_PROVEN_ADMISSION_ORDER,L_ROR
CELF,FULLY_SCHEDULED,SF_S1_C02_M02,SensorFast,613,0.6612729234088457,CANONICAL_INPUT_ID_NOT_PROVEN_ADMISSION_ORDER,L_ROR
CELF,FULLY_SCHEDULED,SF_S1_C02_M03,SensorFast,614,0.6623516720604099,CANONICAL_INPUT_ID_NOT_PROVEN_ADMISSION_ORDER,L_ROR
CELF,FULLY_SCHEDULED,SF_S1_C02_M04,SensorFast,615,0.6634304207119741,CANONICAL_INPUT_ID_NOT_PROVEN_ADMISSION_ORDER,L_ROR
CELF,FULLY_SCHEDULED,SF_S1_C03_M01,SensorFast,616,0.6645091693635383,CANONICAL_INPUT_ID_NOT_PROVEN_ADMISSION_ORDER,L_ROR
CELF,FULLY_SCHEDULED,SF_S1_C03_M02,SensorFast,617,0.6655879180151025,CANONICAL_INPUT_ID_NOT_PROVEN_ADMISSION_ORDER,L_ROR
CELF,FULLY_SCHEDULED,SF_S1_C03_M03,SensorFast,618,0.6666666666666666,CANONICAL_INPUT_ID_NOT_PROVEN_ADMISSION_ORDER,L_ROR
CELF,FULLY_SCHEDULED,SF_S1_C03_M04,SensorFast,619,0.6677454153182308,CANONICAL_INPUT_ID_NOT_PROVEN_ADMISSION_ORDER,L_ROR
CELF,FULLY_SCHEDULED,SF_S1_C04_M01,SensorFast,620,0.668824163969795,CANONICAL_INPUT_ID_NOT_PROVEN_ADMISSION_ORDER,L_ROR
CELF,FULLY_SCHEDULED,SF_S1_C04_M02,SensorFast,621,0.6699029126213593,CANONICAL_INPUT_ID_NOT_PROVEN_ADMISSION_ORDER,L_ROR
CELF,FULLY_SCHEDULED,SF_S1_C04_M03,SensorFast,622,0.6709816612729234,CANONICAL_INPUT_ID_NOT_PROVEN_ADMISSION_ORDER,L_ROR
CELF,FULLY_SCHEDULED,SF_S1_C04_M04,SensorFast,623,0.6720604099244876,CANONICAL_INPUT_ID_NOT_PROVEN_ADMISSION_ORDER,L_ROR
CELF,FULLY_SCHEDULED,SF_S1_C05_M01,SensorFast,624,0.6731391585760518,CANONICAL_INPUT_ID_NOT_PROVEN_ADMISSION_ORDER,L_ROR
CELF,FULLY_SCHEDULED,SF_S1_C05_M02,SensorFast,625,0.674217907227616,CANONICAL_INPUT_ID_NOT_PROVEN_ADMISSION_ORDER,L_ROR
CELF,FULLY_SCHEDULED,SF_S1_C05_M03,SensorFast,626,0.6752966558791802,CANONICAL_INPUT_ID_NOT_PROVEN_ADMISSION_ORDER,L_ROR
CELF,FULLY_SCHEDULED,SF_S1_C05_M04,SensorFast,627,0.6763754045307443,CANONICAL_INPUT_ID_NOT_PROVEN_ADMISSION_ORDER,L_ROR
CELF,FULLY_SCHEDULED,SF_S1_C06_M01,SensorFast,628,0.6774541531823085,CANONICAL_INPUT_ID_NOT_PROVEN_ADMISSION_ORDER,L_ROR
CELF,FULLY_SCHEDULED,SF_S1_C06_M02,SensorFast,629,0.6785329018338727,CANONICAL_INPUT_ID_NOT_PROVEN_ADMISSION_ORDER,L_ROR
CELF,FULLY_SCHEDULED,SF_S1_C06_M03,SensorFast,630,0.6796116504854369,CANONICAL_INPUT_ID_NOT_PROVEN_ADMISSION_ORDER,L_ROR
CELF,FULLY_SCHEDULED,SF_S1_C06_M04,SensorFast,631,0.6806903991370011,CANONICAL_INPUT_ID_NOT_PROVEN_ADMISSION_ORDER,L_ROR
CELF,FULLY_SCHEDULED,SF_S1_C07_M01,SensorFast,632,0.6817691477885652,CANONICAL_INPUT_ID_NOT_PROVEN_ADMISSION_ORDER,L_ROR
CELF,FULLY_SCHEDULED,SF_S1_C07_M02,SensorFast,633,0.6828478964401294,CANONICAL_INPUT_ID_NOT_PROVEN_ADMISSION_ORDER,L_ROR
CELF,FULLY_SCHEDULED,SF_S1_C07_M03,SensorFast,634,0.6839266450916937,CANONICAL_INPUT_ID_NOT_PROVEN_ADMISSION_ORDER,L_ROR
CELF,FULLY_SCHEDULED,SF_S1_C07_M04,SensorFast,635,0.6850053937432579,CANONICAL_INPUT_ID_NOT_PROVEN_ADMISSION_ORDER,L_ROR
CELF,FULLY_SCHEDULED,SF_S1_C08_M01,SensorFast,636,0.686084142394822,CANONICAL_INPUT_ID_NOT_PROVEN_ADMISSION_ORDER,L_ROR
CELF,FULLY_SCHEDULED,SF_S1_C08_M02,SensorFast,637,0.6871628910463862,CANONICAL_INPUT_ID_NOT_PROVEN_ADMISSION_ORDER,L_ROR
CELF,FULLY_SCHEDULED,SF_S1_C08_M03,SensorFast,638,0.6882416396979504,CANONICAL_INPUT_ID_NOT_PROVEN_ADMISSION_ORDER,L_ROR
CELF,FULLY_SCHEDULED,SF_S1_C08_M04,SensorFast,639,0.6893203883495146,CANONICAL_INPUT_ID_NOT_PROVEN_ADMISSION_ORDER,L_ROR
CELF,FULLY_SCHEDULED,SF_S1_C09_M01,SensorFast,640,0.6903991370010788,CANONICAL_INPUT_ID_NOT_PROVEN_ADMISSION_ORDER,L_ROR
CELF,FULLY_SCHEDULED,SF_S1_C09_M02,SensorFast,641,0.6914778856526429,CANONICAL_INPUT_ID_NOT_PROVEN_ADMISSION_ORDER,L_ROR
CELF,FULLY_SCHEDULED,SF_S1_C09_M03,SensorFast,642,0.6925566343042071,CANONICAL_INPUT_ID_NOT_PROVEN_ADMISSION_ORDER,L_ROR
CELF,FULLY_SCHEDULED,SF_S1_C09_M04,SensorFast,643,0.6936353829557713,CANONICAL_INPUT_ID_NOT_PROVEN_ADMISSION_ORDER,L_ROR
CELF,FULLY_SCHEDULED,SF_S1_C10_M01,SensorFast,644,0.6947141316073355,CANONICAL_INPUT_ID_NOT_PROVEN_ADMISSION_ORDER,L_ROR
CELF,FULLY_SCHEDULED,SF_S1_C10_M02,SensorFast,645,0.6957928802588996,CANONICAL_INPUT_ID_NOT_PROVEN_ADMISSION_ORDER,L_ROR
CELF,FULLY_SCHEDULED,SF_S1_C10_M03,SensorFast,646,0.6968716289104638,CANONICAL_INPUT_ID_NOT_PROVEN_ADMISSION_ORDER,L_ROR
CELF,FULLY_SCHEDULED,SF_S1_C10_M04,SensorFast,647,0.697950377562028,CANONICAL_INPUT_ID_NOT_PROVEN_ADMISSION_ORDER,L_ROR
CELF,FULLY_SCHEDULED,SF_S1_C11_M01,SensorFast,648,0.6990291262135923,CANONICAL_INPUT_ID_NOT_PROVEN_ADMISSION_ORDER,L_ROR
CELF,FULLY_SCHEDULED,SF_S1_C11_M02,SensorFast,649,0.7001078748651565,CANONICAL_INPUT_ID_NOT_PROVEN_ADMISSION_ORDER,L_ROR
CELF,FULLY_SCHEDULED,SF_S1_C11_M03,SensorFast,650,0.7011866235167206,CANONICAL_INPUT_ID_NOT_PROVEN_ADMISSION_ORDER,L_ROR
CELF,FULLY_SCHEDULED,SF_S1_C11_M04,SensorFast,651,0.7022653721682848,CANONICAL_INPUT_ID_NOT_PROVEN_ADMISSION_ORDER,L_ROR
CELF,FULLY_SCHEDULED,SF_S1_C12_M01,SensorFast,652,0.703344120819849,CANONICAL_INPUT_ID_NOT_PROVEN_ADMISSION_ORDER,L_ROR
CELF,FULLY_SCHEDULED,SF_S1_C12_M02,SensorFast,653,0.7044228694714132,CANONICAL_INPUT_ID_NOT_PROVEN_ADMISSION_ORDER,L_ROR
CELF,FULLY_SCHEDULED,SF_S1_C12_M03,SensorFast,654,0.7055016181229773,CANONICAL_INPUT_ID_NOT_PROVEN_ADMISSION_ORDER,L_ROR
CELF,FULLY_SCHEDULED,SF_S1_C12_M04,SensorFast,655,0.7065803667745415,CANONICAL_INPUT_ID_NOT_PROVEN_ADMISSION_ORDER,L_ROR
CELF,FULLY_SCHEDULED,SF_S1_C13_M01,SensorFast,656,0.7076591154261057,CANONICAL_INPUT_ID_NOT_PROVEN_ADMISSION_ORDER,L_ROR
CELF,FULLY_SCHEDULED,SF_S1_C13_M02,SensorFast,657,0.7087378640776699,CANONICAL_INPUT_ID_NOT_PROVEN_ADMISSION_ORDER,L_ROR
CELF,FULLY_SCHEDULED,SF_S1_C13_M03,SensorFast,658,0.7098166127292341,CANONICAL_INPUT_ID_NOT_PROVEN_ADMISSION_ORDER,L_ROR
CELF,FULLY_SCHEDULED,SF_S1_C13_M04,SensorFast,659,0.7108953613807982,CANONICAL_INPUT_ID_NOT_PROVEN_ADMISSION_ORDER,L_ROR
CELF,FULLY_SCHEDULED,SF_S1_C14_M01,SensorFast,660,0.7119741100323624,CANONICAL_INPUT_ID_NOT_PROVEN_ADMISSION_ORDER,L_ROR
CELF,FULLY_SCHEDULED,SF_S1_C14_M02,SensorFast,661,0.7130528586839266,CANONICAL_INPUT_ID_NOT_PROVEN_ADMISSION_ORDER,L_ROR
CELF,FULLY_SCHEDULED,SF_S1_C14_M03,SensorFast,662,0.7141316073354909,CANONICAL_INPUT_ID_NOT_PROVEN_ADMISSION_ORDER,L_ROR
CELF,FULLY_SCHEDULED,SF_S1_C14_M04,SensorFast,663,0.7152103559870551,CANONICAL_INPUT_ID_NOT_PROVEN_ADMISSION_ORDER,L_ROR
CELF,FULLY_SCHEDULED,SF_S1_C15_M01,SensorFast,664,0.7162891046386192,CANONICAL_INPUT_ID_NOT_PROVEN_ADMISSION_ORDER,L_ROR
CELF,FULLY_SCHEDULED,SF_S1_C15_M02,SensorFast,665,0.7173678532901834,CANONICAL_INPUT_ID_NOT_PROVEN_ADMISSION_ORDER,L_ROR
CELF,FULLY_SCHEDULED,SF_S1_C15_M03,SensorFast,666,0.7184466019417476,CANONICAL_INPUT_ID_NOT_PROVEN_ADMISSION_ORDER,L_ROR
CELF,FULLY_SCHEDULED,SF_S1_C15_M04,SensorFast,667,0.7195253505933118,CANONICAL_INPUT_ID_NOT_PROVEN_ADMISSION_ORDER,L_ROR
CELF,FULLY_SCHEDULED,SF_S1_C16_M01,SensorFast,668,0.7206040992448759,CANONICAL_INPUT_ID_NOT_PROVEN_ADMISSION_ORDER,L_ROR
CELF,FULLY_SCHEDULED,SF_S1_C16_M02,SensorFast,669,0.7216828478964401,CANONICAL_INPUT_ID_NOT_PROVEN_ADMISSION_ORDER,L_ROR
CELF,FULLY_SCHEDULED,SF_S1_C16_M03,SensorFast,670,0.7227615965480043,CANONICAL_INPUT_ID_NOT_PROVEN_ADMISSION_ORDER,L_ROR
CELF,FULLY_SCHEDULED,SF_S1_C16_M04,SensorFast,671,0.7238403451995685,CANONICAL_INPUT_ID_NOT_PROVEN_ADMISSION_ORDER,L_ROR
CELF,FULLY_SCHEDULED,SF_S2_C01_M01,SensorFast,672,0.7249190938511327,CANONICAL_INPUT_ID_NOT_PROVEN_ADMISSION_ORDER,L_ROR
CELF,FULLY_SCHEDULED,SF_S2_C01_M02,SensorFast,673,0.7259978425026968,CANONICAL_INPUT_ID_NOT_PROVEN_ADMISSION_ORDER,L_ROR
CELF,FULLY_SCHEDULED,SF_S2_C01_M03,SensorFast,674,0.727076591154261,CANONICAL_INPUT_ID_NOT_PROVEN_ADMISSION_ORDER,L_ROR
CELF,FULLY_SCHEDULED,SF_S2_C01_M04,SensorFast,675,0.7281553398058253,CANONICAL_INPUT_ID_NOT_PROVEN_ADMISSION_ORDER,L_ROR
CELF,FULLY_SCHEDULED,SF_S2_C02_M01,SensorFast,676,0.7292340884573895,CANONICAL_INPUT_ID_NOT_PROVEN_ADMISSION_ORDER,L_ROR
CELF,FULLY_SCHEDULED,SF_S2_C02_M02,SensorFast,677,0.7303128371089536,CANONICAL_INPUT_ID_NOT_PROVEN_ADMISSION_ORDER,L_ROR
CELF,FULLY_SCHEDULED,SF_S2_C02_M03,SensorFast,678,0.7313915857605178,CANONICAL_INPUT_ID_NOT_PROVEN_ADMISSION_ORDER,L_ROR
CELF,FULLY_SCHEDULED,SF_S2_C02_M04,SensorFast,679,0.732470334412082,CANONICAL_INPUT_ID_NOT_PROVEN_ADMISSION_ORDER,L_ROR
CELF,FULLY_SCHEDULED,SF_S2_C03_M01,SensorFast,680,0.7335490830636462,CANONICAL_INPUT_ID_NOT_PROVEN_ADMISSION_ORDER,L_ROR
CELF,FULLY_SCHEDULED,SF_S2_C03_M02,SensorFast,681,0.7346278317152104,CANONICAL_INPUT_ID_NOT_PROVEN_ADMISSION_ORDER,L_ROR
CELF,FULLY_SCHEDULED,SF_S2_C03_M03,SensorFast,682,0.7357065803667745,CANONICAL_INPUT_ID_NOT_PROVEN_ADMISSION_ORDER,L_ROR
CELF,FULLY_SCHEDULED,SF_S2_C03_M04,SensorFast,683,0.7367853290183387,CANONICAL_INPUT_ID_NOT_PROVEN_ADMISSION_ORDER,L_ROR
CELF,FULLY_SCHEDULED,SF_S2_C04_M01,SensorFast,684,0.7378640776699029,CANONICAL_INPUT_ID_NOT_PROVEN_ADMISSION_ORDER,L_ROR
CELF,FULLY_SCHEDULED,SF_S2_C04_M02,SensorFast,685,0.7389428263214671,CANONICAL_INPUT_ID_NOT_PROVEN_ADMISSION_ORDER,L_ROR
CELF,FULLY_SCHEDULED,SF_S2_C04_M03,SensorFast,686,0.7400215749730313,CANONICAL_INPUT_ID_NOT_PROVEN_ADMISSION_ORDER,L_ROR
CELF,FULLY_SCHEDULED,SF_S2_C04_M04,SensorFast,687,0.7411003236245954,CANONICAL_INPUT_ID_NOT_PROVEN_ADMISSION_ORDER,L_ROR
CELF,FULLY_SCHEDULED,SF_S2_C05_M01,SensorFast,688,0.7421790722761596,CANONICAL_INPUT_ID_NOT_PROVEN_ADMISSION_ORDER,L_ROR
CELF,FULLY_SCHEDULED,SF_S2_C05_M02,SensorFast,689,0.7432578209277239,CANONICAL_INPUT_ID_NOT_PROVEN_ADMISSION_ORDER,L_ROR
CELF,FULLY_SCHEDULED,SF_S2_C05_M03,SensorFast,690,0.7443365695792881,CANONICAL_INPUT_ID_NOT_PROVEN_ADMISSION_ORDER,L_ROR
CELF,FULLY_SCHEDULED,SF_S2_C05_M04,SensorFast,691,0.7454153182308522,CANONICAL_INPUT_ID_NOT_PROVEN_ADMISSION_ORDER,L_ROR
CELF,FULLY_SCHEDULED,SF_S2_C06_M01,SensorFast,692,0.7464940668824164,CANONICAL_INPUT_ID_NOT_PROVEN_ADMISSION_ORDER,L_ROR
CELF,FULLY_SCHEDULED,SF_S2_C06_M02,SensorFast,693,0.7475728155339806,CANONICAL_INPUT_ID_NOT_PROVEN_ADMISSION_ORDER,L_ROR
CELF,FULLY_SCHEDULED,SF_S2_C06_M03,SensorFast,694,0.7486515641855448,CANONICAL_INPUT_ID_NOT_PROVEN_ADMISSION_ORDER,L_ROR
CELF,FULLY_SCHEDULED,SF_S2_C06_M04,SensorFast,695,0.749730312837109,CANONICAL_INPUT_ID_NOT_PROVEN_ADMISSION_ORDER,L_ROR
CELF,FULLY_SCHEDULED,SF_S2_C07_M01,SensorFast,696,0.7508090614886731,CANONICAL_INPUT_ID_NOT_PROVEN_ADMISSION_ORDER,L_ROR
CELF,FULLY_SCHEDULED,SF_S2_C07_M02,SensorFast,697,0.7518878101402373,CANONICAL_INPUT_ID_NOT_PROVEN_ADMISSION_ORDER,L_ROR
CELF,FULLY_SCHEDULED,SF_S2_C07_M03,SensorFast,698,0.7529665587918015,CANONICAL_INPUT_ID_NOT_PROVEN_ADMISSION_ORDER,L_ROR
CELF,FULLY_SCHEDULED,SF_S2_C07_M04,SensorFast,699,0.7540453074433657,CANONICAL_INPUT_ID_NOT_PROVEN_ADMISSION_ORDER,L_ROR
CELF,FULLY_SCHEDULED,SF_S2_C08_M01,SensorFast,700,0.7551240560949298,CANONICAL_INPUT_ID_NOT_PROVEN_ADMISSION_ORDER,L_ROR
CELF,FULLY_SCHEDULED,SF_S2_C08_M02,SensorFast,701,0.756202804746494,CANONICAL_INPUT_ID_NOT_PROVEN_ADMISSION_ORDER,L_ROR
CELF,FULLY_SCHEDULED,SF_S2_C08_M03,SensorFast,702,0.7572815533980582,CANONICAL_INPUT_ID_NOT_PROVEN_ADMISSION_ORDER,L_ROR
CELF,FULLY_SCHEDULED,SF_S2_C08_M04,SensorFast,703,0.7583603020496225,CANONICAL_INPUT_ID_NOT_PROVEN_ADMISSION_ORDER,L_ROR
CELF,FULLY_SCHEDULED,SF_S2_C09_M01,SensorFast,704,0.7594390507011867,CANONICAL_INPUT_ID_NOT_PROVEN_ADMISSION_ORDER,L_ROR
CELF,FULLY_SCHEDULED,SF_S2_C09_M02,SensorFast,705,0.7605177993527508,CANONICAL_INPUT_ID_NOT_PROVEN_ADMISSION_ORDER,L_ROR
CELF,FULLY_SCHEDULED,SF_S2_C09_M03,SensorFast,706,0.761596548004315,CANONICAL_INPUT_ID_NOT_PROVEN_ADMISSION_ORDER,L_ROR
CELF,FULLY_SCHEDULED,SF_S2_C09_M04,SensorFast,707,0.7626752966558792,CANONICAL_INPUT_ID_NOT_PROVEN_ADMISSION_ORDER,L_ROR
CELF,FULLY_SCHEDULED,SF_S2_C10_M01,SensorFast,708,0.7637540453074434,CANONICAL_INPUT_ID_NOT_PROVEN_ADMISSION_ORDER,L_ROR
CELF,FULLY_SCHEDULED,SF_S2_C10_M02,SensorFast,709,0.7648327939590076,CANONICAL_INPUT_ID_NOT_PROVEN_ADMISSION_ORDER,L_ROR
CELF,FULLY_SCHEDULED,SF_S2_C10_M03,SensorFast,710,0.7659115426105717,CANONICAL_INPUT_ID_NOT_PROVEN_ADMISSION_ORDER,L_ROR
CELF,FULLY_SCHEDULED,SF_S2_C10_M04,SensorFast,711,0.7669902912621359,CANONICAL_INPUT_ID_NOT_PROVEN_ADMISSION_ORDER,L_ROR
CELF,FULLY_SCHEDULED,SF_S2_C11_M01,SensorFast,712,0.7680690399137001,CANONICAL_INPUT_ID_NOT_PROVEN_ADMISSION_ORDER,L_ROR
CELF,FULLY_SCHEDULED,SF_S2_C11_M02,SensorFast,713,0.7691477885652643,CANONICAL_INPUT_ID_NOT_PROVEN_ADMISSION_ORDER,L_ROR
CELF,FULLY_SCHEDULED,SF_S2_C11_M03,SensorFast,714,0.7702265372168284,CANONICAL_INPUT_ID_NOT_PROVEN_ADMISSION_ORDER,L_ROR
CELF,FULLY_SCHEDULED,SF_S2_C11_M04,SensorFast,715,0.7713052858683926,CANONICAL_INPUT_ID_NOT_PROVEN_ADMISSION_ORDER,L_ROR
CELF,FULLY_SCHEDULED,SF_S2_C12_M01,SensorFast,716,0.7723840345199569,CANONICAL_INPUT_ID_NOT_PROVEN_ADMISSION_ORDER,L_ROR
CELF,FULLY_SCHEDULED,SF_S2_C12_M02,SensorFast,717,0.7734627831715211,CANONICAL_INPUT_ID_NOT_PROVEN_ADMISSION_ORDER,L_ROR
CELF,FULLY_SCHEDULED,SF_S2_C12_M03,SensorFast,718,0.7745415318230853,CANONICAL_INPUT_ID_NOT_PROVEN_ADMISSION_ORDER,L_ROR
CELF,FULLY_SCHEDULED,SF_S2_C12_M04,SensorFast,719,0.7756202804746494,CANONICAL_INPUT_ID_NOT_PROVEN_ADMISSION_ORDER,L_ROR
CELF,FULLY_SCHEDULED,SF_S2_C13_M01,SensorFast,720,0.7766990291262136,CANONICAL_INPUT_ID_NOT_PROVEN_ADMISSION_ORDER,L_ROR
CELF,FULLY_SCHEDULED,SF_S2_C13_M02,SensorFast,721,0.7777777777777778,CANONICAL_INPUT_ID_NOT_PROVEN_ADMISSION_ORDER,L_ROR
CELF,FULLY_SCHEDULED,SF_S2_C13_M03,SensorFast,722,0.778856526429342,CANONICAL_INPUT_ID_NOT_PROVEN_ADMISSION_ORDER,L_ROR
CELF,FULLY_SCHEDULED,SF_S2_C13_M04,SensorFast,723,0.7799352750809061,CANONICAL_INPUT_ID_NOT_PROVEN_ADMISSION_ORDER,L_ROR
CELF,FULLY_SCHEDULED,SF_S2_C14_M01,SensorFast,724,0.7810140237324703,CANONICAL_INPUT_ID_NOT_PROVEN_ADMISSION_ORDER,L_ROR
CELF,FULLY_SCHEDULED,SF_S2_C14_M02,SensorFast,725,0.7820927723840345,CANONICAL_INPUT_ID_NOT_PROVEN_ADMISSION_ORDER,L_ROR
CELF,FULLY_SCHEDULED,SF_S2_C14_M03,SensorFast,726,0.7831715210355987,CANONICAL_INPUT_ID_NOT_PROVEN_ADMISSION_ORDER,L_ROR
CELF,FULLY_SCHEDULED,SF_S2_C14_M04,SensorFast,727,0.7842502696871629,CANONICAL_INPUT_ID_NOT_PROVEN_ADMISSION_ORDER,L_ROR
CELF,FULLY_SCHEDULED,SF_S2_C15_M01,SensorFast,728,0.785329018338727,CANONICAL_INPUT_ID_NOT_PROVEN_ADMISSION_ORDER,L_ROR
CELF,FULLY_SCHEDULED,SF_S2_C15_M02,SensorFast,729,0.7864077669902912,CANONICAL_INPUT_ID_NOT_PROVEN_ADMISSION_ORDER,L_ROR
CELF,FULLY_SCHEDULED,SF_S2_C15_M03,SensorFast,730,0.7874865156418555,CANONICAL_INPUT_ID_NOT_PROVEN_ADMISSION_ORDER,L_ROR
CELF,FULLY_SCHEDULED,SF_S2_C15_M04,SensorFast,731,0.7885652642934197,CANONICAL_INPUT_ID_NOT_PROVEN_ADMISSION_ORDER,L_ROR
CELF,FULLY_SCHEDULED,SF_S2_C16_M01,SensorFast,732,0.7896440129449838,CANONICAL_INPUT_ID_NOT_PROVEN_ADMISSION_ORDER,L_ROR
CELF,FULLY_SCHEDULED,SF_S2_C16_M02,SensorFast,733,0.790722761596548,CANONICAL_INPUT_ID_NOT_PROVEN_ADMISSION_ORDER,L_ROR
CELF,FULLY_SCHEDULED,SF_S2_C16_M03,SensorFast,734,0.7918015102481122,CANONICAL_INPUT_ID_NOT_PROVEN_ADMISSION_ORDER,L_ROR
CELF,FULLY_SCHEDULED,SF_S2_C16_M04,SensorFast,735,0.7928802588996764,CANONICAL_INPUT_ID_NOT_PROVEN_ADMISSION_ORDER,L_ROR
CELF,FULLY_SCHEDULED,SF_S3_C01_M01,SensorFast,736,0.7939590075512406,CANONICAL_INPUT_ID_NOT_PROVEN_ADMISSION_ORDER,L_ROR
CELF,FULLY_SCHEDULED,SF_S3_C01_M02,SensorFast,737,0.7950377562028047,CANONICAL_INPUT_ID_NOT_PROVEN_ADMISSION_ORDER,L_ROR
CELF,FULLY_SCHEDULED,SF_S3_C01_M03,SensorFast,738,0.7961165048543689,CANONICAL_INPUT_ID_NOT_PROVEN_ADMISSION_ORDER,L_ROR
CELF,FULLY_SCHEDULED,SF_S3_C01_M04,SensorFast,739,0.7971952535059331,CANONICAL_INPUT_ID_NOT_PROVEN_ADMISSION_ORDER,L_ROR
CELF,FULLY_SCHEDULED,SF_S3_C02_M01,SensorFast,740,0.7982740021574973,CANONICAL_INPUT_ID_NOT_PROVEN_ADMISSION_ORDER,L_ROR
CELF,FULLY_SCHEDULED,SF_S3_C02_M02,SensorFast,741,0.7993527508090615,CANONICAL_INPUT_ID_NOT_PROVEN_ADMISSION_ORDER,L_ROR
CELF,FULLY_SCHEDULED,SF_S3_C02_M03,SensorFast,742,0.8004314994606256,CANONICAL_INPUT_ID_NOT_PROVEN_ADMISSION_ORDER,L_ROR
CELF,FULLY_SCHEDULED,SF_S3_C02_M04,SensorFast,743,0.8015102481121898,CANONICAL_INPUT_ID_NOT_PROVEN_ADMISSION_ORDER,L_ROR
CELF,FULLY_SCHEDULED,SF_S3_C03_M01,SensorFast,744,0.8025889967637541,CANONICAL_INPUT_ID_NOT_PROVEN_ADMISSION_ORDER,L_ROR
CELF,FULLY_SCHEDULED,SF_S3_C03_M02,SensorFast,745,0.8036677454153183,CANONICAL_INPUT_ID_NOT_PROVEN_ADMISSION_ORDER,L_ROR
CELF,FULLY_SCHEDULED,SF_S3_C03_M03,SensorFast,746,0.8047464940668824,CANONICAL_INPUT_ID_NOT_PROVEN_ADMISSION_ORDER,L_ROR
CELF,FULLY_SCHEDULED,SF_S3_C03_M04,SensorFast,747,0.8058252427184466,CANONICAL_INPUT_ID_NOT_PROVEN_ADMISSION_ORDER,L_ROR
CELF,FULLY_SCHEDULED,SF_S3_C04_M01,SensorFast,748,0.8069039913700108,CANONICAL_INPUT_ID_NOT_PROVEN_ADMISSION_ORDER,L_ROR
CELF,FULLY_SCHEDULED,SF_S3_C04_M02,SensorFast,749,0.807982740021575,CANONICAL_INPUT_ID_NOT_PROVEN_ADMISSION_ORDER,L_ROR
CELF,FULLY_SCHEDULED,SF_S3_C04_M03,SensorFast,750,0.8090614886731392,CANONICAL_INPUT_ID_NOT_PROVEN_ADMISSION_ORDER,L_ROR
CELF,FULLY_SCHEDULED,SF_S3_C04_M04,SensorFast,751,0.8101402373247033,CANONICAL_INPUT_ID_NOT_PROVEN_ADMISSION_ORDER,L_ROR
CELF,FULLY_SCHEDULED,SF_S3_C05_M01,SensorFast,752,0.8112189859762675,CANONICAL_INPUT_ID_NOT_PROVEN_ADMISSION_ORDER,L_ROR
CELF,FULLY_SCHEDULED,SF_S3_C05_M02,SensorFast,753,0.8122977346278317,CANONICAL_INPUT_ID_NOT_PROVEN_ADMISSION_ORDER,L_ROR
CELF,FULLY_SCHEDULED,SF_S3_C05_M03,SensorFast,754,0.8133764832793959,CANONICAL_INPUT_ID_NOT_PROVEN_ADMISSION_ORDER,L_ROR
CELF,FULLY_SCHEDULED,SF_S3_C05_M04,SensorFast,755,0.81445523193096,CANONICAL_INPUT_ID_NOT_PROVEN_ADMISSION_ORDER,L_ROR
CELF,FULLY_SCHEDULED,SF_S3_C06_M01,SensorFast,756,0.8155339805825242,CANONICAL_INPUT_ID_NOT_PROVEN_ADMISSION_ORDER,L_ROR
CELF,FULLY_SCHEDULED,SF_S3_C06_M02,SensorFast,757,0.8166127292340885,CANONICAL_INPUT_ID_NOT_PROVEN_ADMISSION_ORDER,L_ROR
CELF,FULLY_SCHEDULED,SF_S3_C06_M03,SensorFast,758,0.8176914778856527,CANONICAL_INPUT_ID_NOT_PROVEN_ADMISSION_ORDER,L_ROR
CELF,FULLY_SCHEDULED,SF_S3_C06_M04,SensorFast,759,0.8187702265372169,CANONICAL_INPUT_ID_NOT_PROVEN_ADMISSION_ORDER,L_ROR
CELF,FULLY_SCHEDULED,SF_S3_C07_M01,SensorFast,760,0.819848975188781,CANONICAL_INPUT_ID_NOT_PROVEN_ADMISSION_ORDER,L_ROR
CELF,FULLY_SCHEDULED,SF_S3_C07_M02,SensorFast,761,0.8209277238403452,CANONICAL_INPUT_ID_NOT_PROVEN_ADMISSION_ORDER,L_ROR
CELF,FULLY_SCHEDULED,SF_S3_C07_M03,SensorFast,762,0.8220064724919094,CANONICAL_INPUT_ID_NOT_PROVEN_ADMISSION_ORDER,L_ROR
CELF,FULLY_SCHEDULED,SF_S3_C07_M04,SensorFast,763,0.8230852211434736,CANONICAL_INPUT_ID_NOT_PROVEN_ADMISSION_ORDER,L_ROR
CELF,FULLY_SCHEDULED,SF_S3_C08_M01,SensorFast,764,0.8241639697950378,CANONICAL_INPUT_ID_NOT_PROVEN_ADMISSION_ORDER,L_ROR
CELF,FULLY_SCHEDULED,SF_S3_C08_M02,SensorFast,765,0.8252427184466019,CANONICAL_INPUT_ID_NOT_PROVEN_ADMISSION_ORDER,L_ROR
CELF,FULLY_SCHEDULED,SF_S3_C08_M03,SensorFast,766,0.8263214670981661,CANONICAL_INPUT_ID_NOT_PROVEN_ADMISSION_ORDER,L_ROR
CELF,FULLY_SCHEDULED,SF_S3_C08_M04,SensorFast,767,0.8274002157497303,CANONICAL_INPUT_ID_NOT_PROVEN_ADMISSION_ORDER,L_ROR
CELF,FULLY_SCHEDULED,SF_S3_C09_M01,SensorFast,768,0.8284789644012945,CANONICAL_INPUT_ID_NOT_PROVEN_ADMISSION_ORDER,L_ROR
CELF,FULLY_SCHEDULED,SF_S3_C09_M02,SensorFast,769,0.8295577130528586,CANONICAL_INPUT_ID_NOT_PROVEN_ADMISSION_ORDER,L_ROR
CELF,FULLY_SCHEDULED,SF_S3_C09_M03,SensorFast,770,0.8306364617044228,CANONICAL_INPUT_ID_NOT_PROVEN_ADMISSION_ORDER,L_ROR
CELF,FULLY_SCHEDULED,SF_S3_C09_M04,SensorFast,771,0.8317152103559871,CANONICAL_INPUT_ID_NOT_PROVEN_ADMISSION_ORDER,L_ROR
CELF,FULLY_SCHEDULED,SF_S3_C10_M01,SensorFast,772,0.8327939590075513,CANONICAL_INPUT_ID_NOT_PROVEN_ADMISSION_ORDER,L_ROR
CELF,FULLY_SCHEDULED,SF_S3_C10_M02,SensorFast,773,0.8338727076591155,CANONICAL_INPUT_ID_NOT_PROVEN_ADMISSION_ORDER,L_ROR
CELF,FULLY_SCHEDULED,SF_S3_C10_M03,SensorFast,774,0.8349514563106796,CANONICAL_INPUT_ID_NOT_PROVEN_ADMISSION_ORDER,L_ROR
CELF,FULLY_SCHEDULED,SF_S3_C10_M04,SensorFast,775,0.8360302049622438,CANONICAL_INPUT_ID_NOT_PROVEN_ADMISSION_ORDER,L_ROR
CELF,FULLY_SCHEDULED,SF_S3_C11_M01,SensorFast,776,0.837108953613808,CANONICAL_INPUT_ID_NOT_PROVEN_ADMISSION_ORDER,L_ROR
CELF,FULLY_SCHEDULED,SF_S3_C11_M02,SensorFast,777,0.8381877022653722,CANONICAL_INPUT_ID_NOT_PROVEN_ADMISSION_ORDER,L_ROR
CELF,FULLY_SCHEDULED,SF_S3_C11_M03,SensorFast,778,0.8392664509169363,CANONICAL_INPUT_ID_NOT_PROVEN_ADMISSION_ORDER,L_ROR
CELF,FULLY_SCHEDULED,SF_S3_C11_M04,SensorFast,779,0.8403451995685005,CANONICAL_INPUT_ID_NOT_PROVEN_ADMISSION_ORDER,L_ROR
CELF,FULLY_SCHEDULED,SF_S3_C12_M01,SensorFast,780,0.8414239482200647,CANONICAL_INPUT_ID_NOT_PROVEN_ADMISSION_ORDER,L_ROR
CELF,FULLY_SCHEDULED,SF_S3_C12_M02,SensorFast,781,0.8425026968716289,CANONICAL_INPUT_ID_NOT_PROVEN_ADMISSION_ORDER,L_ROR
CELF,FULLY_SCHEDULED,SF_S3_C12_M03,SensorFast,782,0.8435814455231931,CANONICAL_INPUT_ID_NOT_PROVEN_ADMISSION_ORDER,L_ROR
CELF,FULLY_SCHEDULED,SF_S3_C12_M04,SensorFast,783,0.8446601941747572,CANONICAL_INPUT_ID_NOT_PROVEN_ADMISSION_ORDER,L_ROR
CELF,FULLY_SCHEDULED,SF_S3_C13_M01,SensorFast,784,0.8457389428263214,CANONICAL_INPUT_ID_NOT_PROVEN_ADMISSION_ORDER,L_ROR
CELF,FULLY_SCHEDULED,SF_S3_C13_M02,SensorFast,785,0.8468176914778857,CANONICAL_INPUT_ID_NOT_PROVEN_ADMISSION_ORDER,L_ROR
CELF,FULLY_SCHEDULED,SF_S3_C13_M03,SensorFast,786,0.8478964401294499,CANONICAL_INPUT_ID_NOT_PROVEN_ADMISSION_ORDER,L_ROR
CELF,FULLY_SCHEDULED,SF_S3_C13_M04,SensorFast,787,0.8489751887810141,CANONICAL_INPUT_ID_NOT_PROVEN_ADMISSION_ORDER,L_ROR
CELF,FULLY_SCHEDULED,SF_S3_C14_M01,SensorFast,788,0.8500539374325782,CANONICAL_INPUT_ID_NOT_PROVEN_ADMISSION_ORDER,L_ROR
CELF,FULLY_SCHEDULED,SF_S3_C14_M02,SensorFast,789,0.8511326860841424,CANONICAL_INPUT_ID_NOT_PROVEN_ADMISSION_ORDER,L_ROR
CELF,FULLY_SCHEDULED,SF_S3_C14_M03,SensorFast,790,0.8522114347357066,CANONICAL_INPUT_ID_NOT_PROVEN_ADMISSION_ORDER,L_ROR
CELF,FULLY_SCHEDULED,SF_S3_C14_M04,SensorFast,791,0.8532901833872708,CANONICAL_INPUT_ID_NOT_PROVEN_ADMISSION_ORDER,L_ROR
CELF,FULLY_SCHEDULED,SF_S3_C15_M01,SensorFast,792,0.8543689320388349,CANONICAL_INPUT_ID_NOT_PROVEN_ADMISSION_ORDER,L_ROR
CELF,FULLY_SCHEDULED,SF_S3_C15_M02,SensorFast,793,0.8554476806903991,CANONICAL_INPUT_ID_NOT_PROVEN_ADMISSION_ORDER,L_ROR
CELF,FULLY_SCHEDULED,SF_S3_C15_M03,SensorFast,794,0.8565264293419633,CANONICAL_INPUT_ID_NOT_PROVEN_ADMISSION_ORDER,L_ROR
CELF,FULLY_SCHEDULED,SF_S3_C15_M04,SensorFast,795,0.8576051779935275,CANONICAL_INPUT_ID_NOT_PROVEN_ADMISSION_ORDER,L_ROR
CELF,FULLY_SCHEDULED,SF_S3_C16_M01,SensorFast,796,0.8586839266450917,CANONICAL_INPUT_ID_NOT_PROVEN_ADMISSION_ORDER,L_ROR
CELF,FULLY_SCHEDULED,SF_S3_C16_M02,SensorFast,797,0.8597626752966558,CANONICAL_INPUT_ID_NOT_PROVEN_ADMISSION_ORDER,L_ROR
CELF,FULLY_SCHEDULED,SF_S3_C16_M03,SensorFast,798,0.86084142394822,CANONICAL_INPUT_ID_NOT_PROVEN_ADMISSION_ORDER,L_ROR
CELF,FULLY_SCHEDULED,SF_S3_C16_M04,SensorFast,799,0.8619201725997843,CANONICAL_INPUT_ID_NOT_PROVEN_ADMISSION_ORDER,L_ROR
CELF,FULLY_SCHEDULED,SF_S4_C01_M01,SensorFast,800,0.8629989212513485,CANONICAL_INPUT_ID_NOT_PROVEN_ADMISSION_ORDER,L_ROR
CELF,FULLY_SCHEDULED,SF_S4_C01_M02,SensorFast,801,0.8640776699029126,CANONICAL_INPUT_ID_NOT_PROVEN_ADMISSION_ORDER,L_ROR
CELF,FULLY_SCHEDULED,SF_S4_C01_M03,SensorFast,802,0.8651564185544768,CANONICAL_INPUT_ID_NOT_PROVEN_ADMISSION_ORDER,L_ROR
CELF,FULLY_SCHEDULED,SF_S4_C01_M04,SensorFast,803,0.866235167206041,CANONICAL_INPUT_ID_NOT_PROVEN_ADMISSION_ORDER,L_ROR
CELF,FULLY_SCHEDULED,SF_S4_C02_M01,SensorFast,804,0.8673139158576052,CANONICAL_INPUT_ID_NOT_PROVEN_ADMISSION_ORDER,L_ROR
CELF,FULLY_SCHEDULED,SF_S4_C02_M02,SensorFast,805,0.8683926645091694,CANONICAL_INPUT_ID_NOT_PROVEN_ADMISSION_ORDER,L_ROR
CELF,FULLY_SCHEDULED,SF_S4_C02_M03,SensorFast,806,0.8694714131607335,CANONICAL_INPUT_ID_NOT_PROVEN_ADMISSION_ORDER,L_ROR
CELF,FULLY_SCHEDULED,SF_S4_C02_M04,SensorFast,807,0.8705501618122977,CANONICAL_INPUT_ID_NOT_PROVEN_ADMISSION_ORDER,L_ROR
CELF,FULLY_SCHEDULED,SF_S4_C03_M01,SensorFast,808,0.8716289104638619,CANONICAL_INPUT_ID_NOT_PROVEN_ADMISSION_ORDER,L_ROR
CELF,FULLY_SCHEDULED,SF_S4_C03_M02,SensorFast,809,0.8727076591154261,CANONICAL_INPUT_ID_NOT_PROVEN_ADMISSION_ORDER,L_ROR
CELF,FULLY_SCHEDULED,SF_S4_C03_M03,SensorFast,810,0.8737864077669902,CANONICAL_INPUT_ID_NOT_PROVEN_ADMISSION_ORDER,L_ROR
CELF,FULLY_SCHEDULED,SF_S4_C03_M04,SensorFast,811,0.8748651564185544,CANONICAL_INPUT_ID_NOT_PROVEN_ADMISSION_ORDER,L_ROR
CELF,FULLY_SCHEDULED,SF_S4_C04_M01,SensorFast,812,0.8759439050701187,CANONICAL_INPUT_ID_NOT_PROVEN_ADMISSION_ORDER,L_ROR
CELF,FULLY_SCHEDULED,SF_S4_C04_M02,SensorFast,813,0.8770226537216829,CANONICAL_INPUT_ID_NOT_PROVEN_ADMISSION_ORDER,L_ROR
CELF,FULLY_SCHEDULED,SF_S4_C04_M03,SensorFast,814,0.8781014023732471,CANONICAL_INPUT_ID_NOT_PROVEN_ADMISSION_ORDER,L_ROR
CELF,FULLY_SCHEDULED,SF_S4_C04_M04,SensorFast,815,0.8791801510248112,CANONICAL_INPUT_ID_NOT_PROVEN_ADMISSION_ORDER,L_ROR
CELF,FULLY_SCHEDULED,SF_S4_C05_M01,SensorFast,816,0.8802588996763754,CANONICAL_INPUT_ID_NOT_PROVEN_ADMISSION_ORDER,L_ROR
CELF,FULLY_SCHEDULED,SF_S4_C05_M02,SensorFast,817,0.8813376483279396,CANONICAL_INPUT_ID_NOT_PROVEN_ADMISSION_ORDER,L_ROR
CELF,FULLY_SCHEDULED,SF_S4_C05_M03,SensorFast,818,0.8824163969795038,CANONICAL_INPUT_ID_NOT_PROVEN_ADMISSION_ORDER,L_ROR
CELF,FULLY_SCHEDULED,SF_S4_C05_M04,SensorFast,819,0.883495145631068,CANONICAL_INPUT_ID_NOT_PROVEN_ADMISSION_ORDER,L_ROR
CELF,FULLY_SCHEDULED,SF_S4_C06_M01,SensorFast,820,0.8845738942826321,CANONICAL_INPUT_ID_NOT_PROVEN_ADMISSION_ORDER,L_ROR
CELF,FULLY_SCHEDULED,SF_S4_C06_M02,SensorFast,821,0.8856526429341963,CANONICAL_INPUT_ID_NOT_PROVEN_ADMISSION_ORDER,L_ROR
CELF,FULLY_SCHEDULED,SF_S4_C06_M03,SensorFast,822,0.8867313915857605,CANONICAL_INPUT_ID_NOT_PROVEN_ADMISSION_ORDER,L_ROR
CELF,FULLY_SCHEDULED,SF_S4_C06_M04,SensorFast,823,0.8878101402373247,CANONICAL_INPUT_ID_NOT_PROVEN_ADMISSION_ORDER,L_ROR
CELF,FULLY_SCHEDULED,SF_S4_C07_M01,SensorFast,824,0.8888888888888888,CANONICAL_INPUT_ID_NOT_PROVEN_ADMISSION_ORDER,L_ROR
CELF,FULLY_SCHEDULED,SF_S4_C07_M02,SensorFast,825,0.889967637540453,CANONICAL_INPUT_ID_NOT_PROVEN_ADMISSION_ORDER,L_ROR
CELF,FULLY_SCHEDULED,SF_S4_C07_M03,SensorFast,826,0.8910463861920173,CANONICAL_INPUT_ID_NOT_PROVEN_ADMISSION_ORDER,L_ROR
CELF,FULLY_SCHEDULED,SF_S4_C07_M04,SensorFast,827,0.8921251348435815,CANONICAL_INPUT_ID_NOT_PROVEN_ADMISSION_ORDER,L_ROR
CELF,FULLY_SCHEDULED,SF_S4_C08_M01,SensorFast,828,0.8932038834951457,CANONICAL_INPUT_ID_NOT_PROVEN_ADMISSION_ORDER,L_ROR
CELF,FULLY_SCHEDULED,SF_S4_C08_M02,SensorFast,829,0.8942826321467098,CANONICAL_INPUT_ID_NOT_PROVEN_ADMISSION_ORDER,L_ROR
CELF,FULLY_SCHEDULED,SF_S4_C08_M03,SensorFast,830,0.895361380798274,CANONICAL_INPUT_ID_NOT_PROVEN_ADMISSION_ORDER,L_ROR
CELF,FULLY_SCHEDULED,SF_S4_C08_M04,SensorFast,831,0.8964401294498382,CANONICAL_INPUT_ID_NOT_PROVEN_ADMISSION_ORDER,L_ROR
CELF,FULLY_SCHEDULED,SF_S4_C09_M01,SensorFast,832,0.8975188781014024,CANONICAL_INPUT_ID_NOT_PROVEN_ADMISSION_ORDER,L_ROR
CELF,FULLY_SCHEDULED,SF_S4_C09_M02,SensorFast,833,0.8985976267529665,CANONICAL_INPUT_ID_NOT_PROVEN_ADMISSION_ORDER,L_ROR
CELF,FULLY_SCHEDULED,SF_S4_C09_M03,SensorFast,834,0.8996763754045307,CANONICAL_INPUT_ID_NOT_PROVEN_ADMISSION_ORDER,L_ROR
CELF,FULLY_SCHEDULED,SF_S4_C09_M04,SensorFast,835,0.9007551240560949,CANONICAL_INPUT_ID_NOT_PROVEN_ADMISSION_ORDER,L_ROR
CELF,FULLY_SCHEDULED,SF_S4_C10_M01,SensorFast,836,0.9018338727076591,CANONICAL_INPUT_ID_NOT_PROVEN_ADMISSION_ORDER,L_ROR
CELF,FULLY_SCHEDULED,SF_S4_C10_M02,SensorFast,837,0.9029126213592233,CANONICAL_INPUT_ID_NOT_PROVEN_ADMISSION_ORDER,L_ROR
CELF,FULLY_SCHEDULED,SF_S4_C10_M03,SensorFast,838,0.9039913700107874,CANONICAL_INPUT_ID_NOT_PROVEN_ADMISSION_ORDER,L_ROR
CELF,FULLY_SCHEDULED,SF_S4_C10_M04,SensorFast,839,0.9050701186623517,CANONICAL_INPUT_ID_NOT_PROVEN_ADMISSION_ORDER,L_ROR
CELF,FULLY_SCHEDULED,SF_S4_C11_M01,SensorFast,840,0.9061488673139159,CANONICAL_INPUT_ID_NOT_PROVEN_ADMISSION_ORDER,L_ROR
CELF,FULLY_SCHEDULED,SF_S4_C11_M02,SensorFast,841,0.9072276159654801,CANONICAL_INPUT_ID_NOT_PROVEN_ADMISSION_ORDER,L_ROR
CELF,FULLY_SCHEDULED,SF_S4_C11_M03,SensorFast,842,0.9083063646170443,CANONICAL_INPUT_ID_NOT_PROVEN_ADMISSION_ORDER,L_ROR
CELF,FULLY_SCHEDULED,SF_S4_C11_M04,SensorFast,843,0.9093851132686084,CANONICAL_INPUT_ID_NOT_PROVEN_ADMISSION_ORDER,L_ROR
CELF,FULLY_SCHEDULED,SF_S4_C12_M01,SensorFast,844,0.9104638619201726,CANONICAL_INPUT_ID_NOT_PROVEN_ADMISSION_ORDER,L_ROR
CELF,FULLY_SCHEDULED,SF_S4_C12_M02,SensorFast,845,0.9115426105717368,CANONICAL_INPUT_ID_NOT_PROVEN_ADMISSION_ORDER,L_ROR
CELF,FULLY_SCHEDULED,SF_S4_C12_M03,SensorFast,846,0.912621359223301,CANONICAL_INPUT_ID_NOT_PROVEN_ADMISSION_ORDER,L_ROR
CELF,FULLY_SCHEDULED,SF_S4_C12_M04,SensorFast,847,0.9137001078748651,CANONICAL_INPUT_ID_NOT_PROVEN_ADMISSION_ORDER,L_ROR
CELF,FULLY_SCHEDULED,SF_S4_C13_M01,SensorFast,848,0.9147788565264293,CANONICAL_INPUT_ID_NOT_PROVEN_ADMISSION_ORDER,L_ROR
CELF,FULLY_SCHEDULED,SF_S4_C13_M02,SensorFast,849,0.9158576051779935,CANONICAL_INPUT_ID_NOT_PROVEN_ADMISSION_ORDER,L_ROR
CELF,FULLY_SCHEDULED,SF_S4_C13_M03,SensorFast,850,0.9169363538295577,CANONICAL_INPUT_ID_NOT_PROVEN_ADMISSION_ORDER,L_ROR
CELF,FULLY_SCHEDULED,SF_S4_C13_M04,SensorFast,851,0.918015102481122,CANONICAL_INPUT_ID_NOT_PROVEN_ADMISSION_ORDER,L_ROR
CELF,FULLY_SCHEDULED,SF_S4_C14_M01,SensorFast,852,0.919093851132686,CANONICAL_INPUT_ID_NOT_PROVEN_ADMISSION_ORDER,L_ROR
CELF,FULLY_SCHEDULED,SF_S4_C14_M02,SensorFast,853,0.9201725997842503,CANONICAL_INPUT_ID_NOT_PROVEN_ADMISSION_ORDER,L_ROR
CELF,FULLY_SCHEDULED,SF_S4_C14_M03,SensorFast,854,0.9212513484358145,CANONICAL_INPUT_ID_NOT_PROVEN_ADMISSION_ORDER,L_ROR
CELF,FULLY_SCHEDULED,SF_S4_C14_M04,SensorFast,855,0.9223300970873787,CANONICAL_INPUT_ID_NOT_PROVEN_ADMISSION_ORDER,L_ROR
CELF,FULLY_SCHEDULED,SF_S4_C15_M01,SensorFast,856,0.9234088457389428,CANONICAL_INPUT_ID_NOT_PROVEN_ADMISSION_ORDER,L_ROR
CELF,FULLY_SCHEDULED,SF_S4_C15_M02,SensorFast,857,0.924487594390507,CANONICAL_INPUT_ID_NOT_PROVEN_ADMISSION_ORDER,L_ROR
CELF,FULLY_SCHEDULED,SF_S4_C15_M03,SensorFast,858,0.9255663430420712,CANONICAL_INPUT_ID_NOT_PROVEN_ADMISSION_ORDER,L_ROR
CELF,FULLY_SCHEDULED,SF_S4_C15_M04,SensorFast,859,0.9266450916936354,CANONICAL_INPUT_ID_NOT_PROVEN_ADMISSION_ORDER,L_ROR
CELF,FULLY_SCHEDULED,SF_S4_C16_M01,SensorFast,860,0.9277238403451996,CANONICAL_INPUT_ID_NOT_PROVEN_ADMISSION_ORDER,L_ROR
CELF,FULLY_SCHEDULED,SF_S4_C16_M02,SensorFast,861,0.9288025889967637,CANONICAL_INPUT_ID_NOT_PROVEN_ADMISSION_ORDER,L_ROR
CELF,FULLY_SCHEDULED,SF_S4_C16_M03,SensorFast,862,0.9298813376483279,CANONICAL_INPUT_ID_NOT_PROVEN_ADMISSION_ORDER,L_ROR
CELF,FULLY_SCHEDULED,SF_S4_C16_M04,SensorFast,863,0.9309600862998921,CANONICAL_INPUT_ID_NOT_PROVEN_ADMISSION_ORDER,L_ROR
CELF,FULLY_SCHEDULED,STAT_PLC_C01_M01,MachineStatus,864,0.9320388349514563,CANONICAL_INPUT_ID_NOT_PROVEN_ADMISSION_ORDER,L_ROR
CELF,FULLY_SCHEDULED,STAT_PLC_C01_M02,MachineStatus,865,0.9331175836030206,CANONICAL_INPUT_ID_NOT_PROVEN_ADMISSION_ORDER,L_ROR
CELF,FULLY_SCHEDULED,STAT_PLC_C01_M03,MachineStatus,866,0.9341963322545846,CANONICAL_INPUT_ID_NOT_PROVEN_ADMISSION_ORDER,L_ROR
CELF,FULLY_SCHEDULED,STAT_PLC_C01_M04,MachineStatus,867,0.9352750809061489,CANONICAL_INPUT_ID_NOT_PROVEN_ADMISSION_ORDER,L_ROR
CELF,FULLY_SCHEDULED,STAT_PLC_C02_M01,MachineStatus,868,0.9363538295577131,CANONICAL_INPUT_ID_NOT_PROVEN_ADMISSION_ORDER,L_ROR
CELF,FULLY_SCHEDULED,STAT_PLC_C02_M02,MachineStatus,869,0.9374325782092773,CANONICAL_INPUT_ID_NOT_PROVEN_ADMISSION_ORDER,L_ROR
CELF,FULLY_SCHEDULED,STAT_PLC_C02_M03,MachineStatus,870,0.9385113268608414,CANONICAL_INPUT_ID_NOT_PROVEN_ADMISSION_ORDER,L_ROR
CELF,FULLY_SCHEDULED,STAT_PLC_C02_M04,MachineStatus,871,0.9395900755124056,CANONICAL_INPUT_ID_NOT_PROVEN_ADMISSION_ORDER,L_ROR
CELF,FULLY_SCHEDULED,STAT_PLC_C03_M01,MachineStatus,872,0.9406688241639698,CANONICAL_INPUT_ID_NOT_PROVEN_ADMISSION_ORDER,L_ROR
CELF,FULLY_SCHEDULED,STAT_PLC_C03_M02,MachineStatus,873,0.941747572815534,CANONICAL_INPUT_ID_NOT_PROVEN_ADMISSION_ORDER,L_ROR
CELF,FULLY_SCHEDULED,STAT_PLC_C03_M03,MachineStatus,874,0.9428263214670982,CANONICAL_INPUT_ID_NOT_PROVEN_ADMISSION_ORDER,L_ROR
CELF,FULLY_SCHEDULED,STAT_PLC_C03_M04,MachineStatus,875,0.9439050701186623,CANONICAL_INPUT_ID_NOT_PROVEN_ADMISSION_ORDER,L_ROR
CELF,FULLY_SCHEDULED,STAT_PLC_C04_M01,MachineStatus,876,0.9449838187702265,CANONICAL_INPUT_ID_NOT_PROVEN_ADMISSION_ORDER,L_ROR
CELF,FULLY_SCHEDULED,STAT_PLC_C04_M02,MachineStatus,877,0.9460625674217907,CANONICAL_INPUT_ID_NOT_PROVEN_ADMISSION_ORDER,L_ROR
CELF,FULLY_SCHEDULED,STAT_PLC_C04_M03,MachineStatus,878,0.9471413160733549,CANONICAL_INPUT_ID_NOT_PROVEN_ADMISSION_ORDER,L_ROR
CELF,FULLY_SCHEDULED,STAT_PLC_C04_M04,MachineStatus,879,0.948220064724919,CANONICAL_INPUT_ID_NOT_PROVEN_ADMISSION_ORDER,L_ROR
CELF,FULLY_SCHEDULED,STAT_PLC_C05_M01,MachineStatus,880,0.9492988133764833,CANONICAL_INPUT_ID_NOT_PROVEN_ADMISSION_ORDER,L_ROR
CELF,FULLY_SCHEDULED,STAT_PLC_C05_M02,MachineStatus,881,0.9503775620280475,CANONICAL_INPUT_ID_NOT_PROVEN_ADMISSION_ORDER,L_ROR
CELF,FULLY_SCHEDULED,STAT_PLC_C05_M03,MachineStatus,882,0.9514563106796117,CANONICAL_INPUT_ID_NOT_PROVEN_ADMISSION_ORDER,L_ROR
CELF,FULLY_SCHEDULED,STAT_PLC_C05_M04,MachineStatus,883,0.9525350593311759,CANONICAL_INPUT_ID_NOT_PROVEN_ADMISSION_ORDER,L_ROR
CELF,FULLY_SCHEDULED,STAT_PLC_C06_M01,MachineStatus,884,0.95361380798274,CANONICAL_INPUT_ID_NOT_PROVEN_ADMISSION_ORDER,L_ROR
CELF,FULLY_SCHEDULED,STAT_PLC_C06_M02,MachineStatus,885,0.9546925566343042,CANONICAL_INPUT_ID_NOT_PROVEN_ADMISSION_ORDER,L_ROR
CELF,FULLY_SCHEDULED,STAT_PLC_C06_M03,MachineStatus,886,0.9557713052858684,CANONICAL_INPUT_ID_NOT_PROVEN_ADMISSION_ORDER,L_ROR
CELF,FULLY_SCHEDULED,STAT_PLC_C06_M04,MachineStatus,887,0.9568500539374326,CANONICAL_INPUT_ID_NOT_PROVEN_ADMISSION_ORDER,L_ROR
CELF,FULLY_SCHEDULED,STAT_PLC_C07_M01,MachineStatus,888,0.9579288025889967,CANONICAL_INPUT_ID_NOT_PROVEN_ADMISSION_ORDER,L_ROR
CELF,FULLY_SCHEDULED,STAT_PLC_C07_M02,MachineStatus,889,0.9590075512405609,CANONICAL_INPUT_ID_NOT_PROVEN_ADMISSION_ORDER,L_ROR
CELF,FULLY_SCHEDULED,STAT_PLC_C07_M03,MachineStatus,890,0.9600862998921251,CANONICAL_INPUT_ID_NOT_PROVEN_ADMISSION_ORDER,L_ROR
CELF,FULLY_SCHEDULED,STAT_PLC_C07_M04,MachineStatus,891,0.9611650485436893,CANONICAL_INPUT_ID_NOT_PROVEN_ADMISSION_ORDER,L_ROR
CELF,FULLY_SCHEDULED,STAT_PLC_C08_M01,MachineStatus,892,0.9622437971952535,CANONICAL_INPUT_ID_NOT_PROVEN_ADMISSION_ORDER,L_ROR
CELF,FULLY_SCHEDULED,STAT_PLC_C08_M02,MachineStatus,893,0.9633225458468176,CANONICAL_INPUT_ID_NOT_PROVEN_ADMISSION_ORDER,L_ROR
CELF,FULLY_SCHEDULED,STAT_PLC_C08_M03,MachineStatus,894,0.9644012944983819,CANONICAL_INPUT_ID_NOT_PROVEN_ADMISSION_ORDER,L_ROR
CELF,FULLY_SCHEDULED,STAT_PLC_C08_M04,MachineStatus,895,0.9654800431499461,CANONICAL_INPUT_ID_NOT_PROVEN_ADMISSION_ORDER,L_ROR
CELF,FULLY_SCHEDULED,STAT_PLC_C09_M01,MachineStatus,896,0.9665587918015103,CANONICAL_INPUT_ID_NOT_PROVEN_ADMISSION_ORDER,L_ROR
CELF,FULLY_SCHEDULED,STAT_PLC_C09_M02,MachineStatus,897,0.9676375404530745,CANONICAL_INPUT_ID_NOT_PROVEN_ADMISSION_ORDER,L_ROR
CELF,FULLY_SCHEDULED,STAT_PLC_C09_M03,MachineStatus,898,0.9687162891046386,CANONICAL_INPUT_ID_NOT_PROVEN_ADMISSION_ORDER,L_ROR
CELF,FULLY_SCHEDULED,STAT_PLC_C09_M04,MachineStatus,899,0.9697950377562028,CANONICAL_INPUT_ID_NOT_PROVEN_ADMISSION_ORDER,L_ROR
CELF,FULLY_SCHEDULED,STAT_PLC_C10_M01,MachineStatus,900,0.970873786407767,CANONICAL_INPUT_ID_NOT_PROVEN_ADMISSION_ORDER,L_ROR
CELF,FULLY_SCHEDULED,STAT_PLC_C10_M02,MachineStatus,901,0.9719525350593312,CANONICAL_INPUT_ID_NOT_PROVEN_ADMISSION_ORDER,L_ROR
CELF,FULLY_SCHEDULED,STAT_PLC_C10_M03,MachineStatus,902,0.9730312837108953,CANONICAL_INPUT_ID_NOT_PROVEN_ADMISSION_ORDER,L_ROR
CELF,FULLY_SCHEDULED,STAT_PLC_C10_M04,MachineStatus,903,0.9741100323624595,CANONICAL_INPUT_ID_NOT_PROVEN_ADMISSION_ORDER,L_ROR
CELF,FULLY_SCHEDULED,STAT_PLC_C11_M01,MachineStatus,904,0.9751887810140237,CANONICAL_INPUT_ID_NOT_PROVEN_ADMISSION_ORDER,L_ROR
CELF,FULLY_SCHEDULED,STAT_PLC_C11_M02,MachineStatus,905,0.9762675296655879,CANONICAL_INPUT_ID_NOT_PROVEN_ADMISSION_ORDER,L_ROR
CELF,FULLY_SCHEDULED,STAT_PLC_C11_M03,MachineStatus,906,0.9773462783171522,CANONICAL_INPUT_ID_NOT_PROVEN_ADMISSION_ORDER,L_ROR
CELF,FULLY_SCHEDULED,STAT_PLC_C11_M04,MachineStatus,907,0.9784250269687162,CANONICAL_INPUT_ID_NOT_PROVEN_ADMISSION_ORDER,L_ROR
CELF,FULLY_SCHEDULED,STAT_PLC_C12_M01,MachineStatus,908,0.9795037756202805,CANONICAL_INPUT_ID_NOT_PROVEN_ADMISSION_ORDER,L_ROR
CELF,FULLY_SCHEDULED,STAT_PLC_C12_M02,MachineStatus,909,0.9805825242718447,CANONICAL_INPUT_ID_NOT_PROVEN_ADMISSION_ORDER,L_ROR
CELF,FULLY_SCHEDULED,STAT_PLC_C12_M03,MachineStatus,910,0.9816612729234089,CANONICAL_INPUT_ID_NOT_PROVEN_ADMISSION_ORDER,L_ROR
CELF,FULLY_SCHEDULED,STAT_PLC_C12_M04,MachineStatus,911,0.982740021574973,CANONICAL_INPUT_ID_NOT_PROVEN_ADMISSION_ORDER,L_ROR
CELF,FULLY_SCHEDULED,STAT_PLC_C13_M01,MachineStatus,912,0.9838187702265372,CANONICAL_INPUT_ID_NOT_PROVEN_ADMISSION_ORDER,L_ROR
CELF,FULLY_SCHEDULED,STAT_PLC_C13_M02,MachineStatus,913,0.9848975188781014,CANONICAL_INPUT_ID_NOT_PROVEN_ADMISSION_ORDER,L_ROR
CELF,FULLY_SCHEDULED,STAT_PLC_C13_M03,MachineStatus,914,0.9859762675296656,CANONICAL_INPUT_ID_NOT_PROVEN_ADMISSION_ORDER,L_ROR
CELF,FULLY_SCHEDULED,STAT_PLC_C13_M04,MachineStatus,915,0.9870550161812298,CANONICAL_INPUT_ID_NOT_PROVEN_ADMISSION_ORDER,L_ROR
CELF,FULLY_SCHEDULED,STAT_PLC_C14_M01,MachineStatus,916,0.9881337648327939,CANONICAL_INPUT_ID_NOT_PROVEN_ADMISSION_ORDER,L_ROR
CELF,FULLY_SCHEDULED,STAT_PLC_C14_M02,MachineStatus,917,0.9892125134843581,CANONICAL_INPUT_ID_NOT_PROVEN_ADMISSION_ORDER,L_ROR
CELF,FULLY_SCHEDULED,STAT_PLC_C14_M03,MachineStatus,918,0.9902912621359223,CANONICAL_INPUT_ID_NOT_PROVEN_ADMISSION_ORDER,L_ROR
CELF,FULLY_SCHEDULED,STAT_PLC_C14_M04,MachineStatus,919,0.9913700107874865,CANONICAL_INPUT_ID_NOT_PROVEN_ADMISSION_ORDER,L_ROR
CELF,FULLY_SCHEDULED,STAT_PLC_C15_M01,MachineStatus,920,0.9924487594390508,CANONICAL_INPUT_ID_NOT_PROVEN_ADMISSION_ORDER,L_ROR
CELF,FULLY_SCHEDULED,STAT_PLC_C15_M02,MachineStatus,921,0.9935275080906149,CANONICAL_INPUT_ID_NOT_PROVEN_ADMISSION_ORDER,L_ROR
CELF,FULLY_SCHEDULED,STAT_PLC_C15_M03,MachineStatus,922,0.9946062567421791,CANONICAL_INPUT_ID_NOT_PROVEN_ADMISSION_ORDER,L_ROR
CELF,FULLY_SCHEDULED,STAT_PLC_C15_M04,MachineStatus,923,0.9956850053937433,CANONICAL_INPUT_ID_NOT_PROVEN_ADMISSION_ORDER,L_ROR
CELF,FULLY_SCHEDULED,STAT_PLC_C16_M01,MachineStatus,924,0.9967637540453075,CANONICAL_INPUT_ID_NOT_PROVEN_ADMISSION_ORDER,L_ROR
CELF,FULLY_SCHEDULED,STAT_PLC_C16_M02,MachineStatus,925,0.9978425026968716,CANONICAL_INPUT_ID_NOT_PROVEN_ADMISSION_ORDER,L_ROR
CELF,FULLY_SCHEDULED,STAT_PLC_C16_M03,MachineStatus,926,0.9989212513484358,CANONICAL_INPUT_ID_NOT_PROVEN_ADMISSION_ORDER,L_ROR
CELF,FULLY_SCHEDULED,STAT_PLC_C16_M04,MachineStatus,927,1.0,CANONICAL_INPUT_ID_NOT_PROVEN_ADMISSION_ORDER,L_ROR
