affected_set_key,fault_ids,group_id,group_size,profile,scenario
02250300fcecdaef088be80b6328d73844cd29f74aca4095c300d1869a8ca966,l_SW_C05_M02_CTRL_SW_C05_M02_SENS,FG_8959e591132145318b88a24c866f83debc95f951ebb6114ae4e8047a299e87a2,1,False,M_RING
044342199292ec5db1e24060414c143e42cb44c22d6c8d1c9fc72086553ee739,l_SW_C01_M02_SENS_SW_C01_M03_ACT,FG_7a47a73156a6e074d01da0e2cb654958d12c2e0849f45e01db7864e91996528a,1,False,M_RING
04ad42f83bfdffbeecaac8d368f3a1122e774001f3088bccc2b4be5e818e2971,l_SW_C01_M02_ACT_SW_C01_M02_CTRL,FG_c5b1252d4aa743e7801973194d09f19aacc2ec1f7fd30cf6c5e7e65716ae037a,1,False,M_RING
098363abc087e13e1613b8690e75de37b05f6a127964cfbecb7d6ca338d6ec11,l_SW_C08_CC_SW_C08_M01_ACT,FG_9140521eb320362aaa557f01e96e878f53a821b9b5ebfebf27b6dbc1a0747ddb,1,False,M_RING
0aa1d2350fb36d2204fa3fef4a2847fa18399d7250ebabbad6d7d75219540dba,l_SW_C05_M01_ACT_SW_C05_M01_CTRL,FG_d456979842a5264de3b02bad9fd6d4d14288426702ab5fcb079e89b60c58d987,1,False,M_RING
201eaca696d0b117ae7910f2a12039184b55d99e07cf6211032e9c27f83b1e2b,l_SW_C06_M02_ACT_SW_C06_M02_CTRL,FG_7ab27bc8a7a326bdf06da9139e32fedd01929e1f1d50725acdaa3a42906275db,1,False,M_RING
223b8fb4be8c3ed029d71aa94941d12548506adefeb3b60e7b6e9d9faa9de544,l_SW_C02_M01_SENS_SW_C02_M02_ACT,FG_ef89c77779ffea4c98d98969d62fdd4322b39e49c1dda6611af1a60b3eba54b4,1,False,M_RING
2428924bc4a8a19e39ae3ac629ab54dc5af3272e19797e02f09d0068a77bf8a9,l_SW_C05_M03_CTRL_SW_C05_M03_SENS,FG_df88e2185724be45cfa72ad1b62a54be5e5d8d38147fc75d254e293608d6e648,1,False,M_RING
25363b159ae8fec0bf4bcd9efb2d95c6bd09eb58ad9ed1f8e82f943fcb4588ca,l_SW_C02_M03_ACT_SW_C02_M03_CTRL,FG_a06f104470df2e3ff235818eee85ead6bfaa26dbf4553441c703c835495fae72,1,False,M_RING
28612d107ac26f9c63114c230d42ecc523d7503b0565c7860834075137cf672b,l_SW_C06_CC_SW_C06_M01_ACT,FG_c6d9ba5c3011839862bf8f0671bcda9d55e3a32983a5ce7ba3b32e73cf8e4da4,1,False,M_RING
2a0d88fecfa812144c3446656f8c91b2b4183000169b86f1770675541dd87c17,l_SW_C04_M01_CTRL_SW_C04_M01_SENS,FG_c01e3e28e52ba20cb8c71c3e28a20b9bf9acbda741b00ddbcbff84e886b685c8,1,False,M_RING
2f6b7dbc136f1029afce187108737edc8de82965769af51c4da0eb099fb5edd5,l_SW_C07_M02_CTRL_SW_C07_M02_SENS,FG_45855f23152bba1b49eb5a93f38c932df607c0e3770e2a8581b60674fe178e15,1,False,M_RING
2f9b1cac2af40da01b3ce5d2d3e594ffe812461c9c81fedb36e9173c03287afa,l_SW_C05_M03_ACT_SW_C05_M03_CTRL,FG_8ad9319a35be702609ae77a26344e8df5da7898f1a254c36c2726dd8a128d7b8,1,False,M_RING
37a150c3e19d957f28bb3b04e8276dca4d77f2a5d3aa965a75f3b3bfe5df5384,l_SW_C07_M03_SENS_SW_C08_CC,FG_172e563e402881c79bfc2b8b395877b292060f08cb9a8911240b9f43a961eedf,1,False,M_RING
40ede45dbb5b1fb6f9e7d17c22ed6a2933727bf37d528ddf4dd223a009f6e8de,l_SW_C05_M02_ACT_SW_C05_M02_CTRL,FG_e307f6068fb2f01cfcdae1edde8c2b1002640a3c3cc9ff2ff8e6f660c657ff40,1,False,M_RING
471f39206d7019fe1e2b677baa16c8626836e0d25fe99a7a75815f420a6ae0fa,l_SW_C02_M02_SENS_SW_C02_M03_ACT,FG_76916043073bb9412b9deae3df641d54fdb5ebae0cf82b1a4c775f25843122d9,1,False,M_RING
491ac09da67e0c0a261ba213b9336ee1a83fb06373bf0bca9bbdb76447f0c4f1,l_SW_C05_M03_SENS_SW_C06_CC,FG_772ab37dc3b8f66efb1a025fd995fa752a85887d1b4d696dc2f80772393de768,1,False,M_RING
4b723c28554eec8a3e88f5b3fd8805d438021287eb01def04be104476cc7b1e3,l_SW_C01_M01_ACT_SW_C01_M01_CTRL,FG_456396b4ea00b558f60d0ef4152ac25975ac520491f354aca2a0bd101863a47a,1,False,M_RING
4c2a1ca97c5bee5bc9cf036569272840afd9a200fd184ff4c541bef4e904e921,l_SW_C08_M03_ACT_SW_C08_M03_CTRL,FG_d7806e5ea59fe520094ca30c0798ba9a7b762137da3ba9e7feed6266c7220428,1,False,M_RING
4cb20ace99748fa55a694a9bacc79ab6e1039a0b5db6fa3dcf15e11931b8de1d,l_SW_C07_CC_SW_C07_M01_ACT,FG_f110513d7307704af8e63696b5ecb23946070a7ee8d75ced11e53700ebf3fc08,1,False,M_RING
4f6a97c9dc508a4485ae192029ae279845256eb97d64da0eaa0e27dd71d297ad,l_SW_C05_M01_SENS_SW_C05_M02_ACT,FG_2bee220b3c85cdc2e978f422cdfd7db99a22145d2afe78d5e85561e0951399af,1,False,M_RING
4fd2ad6b14507af7a1f3866b279414011eade205c6d7da331a34edc8d89401fb,l_SW_C08_M03_CTRL_SW_C08_M03_SENS,FG_8d0929d92437ee8982f3650b052a7f712f3c8e269766151ec4513c637c6a03b9,1,False,M_RING
50839c662f76cd9e9910de65585eaca65311e7bd4a70c54848b8c18583da24a2,l_SW_C06_M03_CTRL_SW_C06_M03_SENS,FG_3036ced88000f2b3664c70b0d47f726bacb5801866655d0747ab7df723d07362,1,False,M_RING
53ccc6c993d5fbf36dd806815447959fd0d82b00fa0e8a5142b1d5daed0edd88,l_SW_C01_M01_CTRL_SW_C01_M01_SENS,FG_f65df16aaa75fd97a9d3f09c02f7698dc8e103452bb7f777c15badf9481c2f7e,1,False,M_RING
5434f9720493953255c50caf10be56a31087770f3ce3778109ee43368b43ea08,l_SW_C06_M01_CTRL_SW_C06_M01_SENS,FG_1e36482a40cfe1e97776b9624660e92e7f4c24e86d45767dad8fc1c7dafc5266,1,False,M_RING
5dbf872de37512fa240a873ba0e0dcdf03b5e2dbda40bcac98c431f17a0e6e75,l_SW_C03_M01_ACT_SW_C03_M01_CTRL,FG_e103eec878dc453820469fafad529c2dd25069bbbc2f918aefbeb167d2328b8b,1,False,M_RING
62f925d7309d04c4b66269ab44c9dd648987f4c8940b95b9c0d72377165d1e2e,l_SW_C01_CC_SW_C08_M03_SENS,FG_b3944e48e6f3ae203f0ace5c2cf35408fb585c44a30aa2e324b99e870b3f24a7,1,False,M_RING
67242918b727d708412a09fabda8b983c6df732757a7ae48d930786a306c2d8a,l_SW_C03_M02_SENS_SW_C03_M03_ACT,FG_becd6af23694e9eae95ef53da9dcfa444384f03994afeec2a42f296adbeae97a,1,False,M_RING
69a4246ac14070589a09bc352e3cd6c99c4db7a59262ac10dd9498454626e1c0,l_SW_C02_M03_CTRL_SW_C02_M03_SENS,FG_66ed1d91e865a808a20a7d270455e4f9657788853ae110f48d66ad8feea23d7d,1,False,M_RING
69b26ffc2ddcd70612139fec53b170d19b0099872e7432b6730687add55546e4,l_SW_C01_M03_CTRL_SW_C01_M03_SENS,FG_5639e4fb9a3128ae3859ecc36a5d7625da11f1cc86a3847c3e0cf51216465e7c,1,False,M_RING
6a6454651c0d2e790516888f5ef91e700d92afc13042357e2cd609c9eb7effdc,l_SW_C02_M01_ACT_SW_C02_M01_CTRL,FG_ca3a07abf0cd8bc3f3441afb10594d45377f84bd77999ada6d863a654e8df549,1,False,M_RING
6f1bbbeb81bce3e8571093704c45680e10f80fbee456537d5be8a6ffcefc80a0,l_SW_C08_M02_ACT_SW_C08_M02_CTRL,FG_ea06538be2ba175ac5b35fbe68e663d170254061e3419b867269b6744689ea8b,1,False,M_RING
7005b61ccde5b2becc79aa30c0f5f263b48e0e95c3e0d0b3176f8dfa092d2981,l_SW_C03_CC_SW_C03_M01_ACT,FG_57025b813be7986fe8ee11992ba4baddff07171e50e78bd20b9ef0d9d5dcfbb5,1,False,M_RING
7036f18482b5cfdfb94e0a5e5970ddf3da5cc1b8a37f15124747b497ca74589c,l_SW_C07_M03_CTRL_SW_C07_M03_SENS,FG_9633d9a30fbe785643b4029fce243e4201d0f71e17ef10cd6000cdd3f3851e65,1,False,M_RING
7181f4a2ef4bcc50a1baaa84308bd9376170676a6a6223099ae17af3bbf6249f,l_SW_C06_M03_ACT_SW_C06_M03_CTRL,FG_4f6a2a26cff45c3a134b2fa9b8a4124019f34a05958f248210569853cec90644,1,False,M_RING
72f33efe096816ff0b3480a4564a96b557e13a8412b9fa942acdd68870aa75ea,l_SW_C07_M02_SENS_SW_C07_M03_ACT,FG_78836b452c8bf72b27c16bb25be8b9e351853cf95bf53547f516f6405d457019,1,False,M_RING
7767ac429e27c27fa9ec4933bba77e4c40a491acc4557e4bd6845ce3a3dae8f3,l_SW_C08_M02_SENS_SW_C08_M03_ACT,FG_86db16ad9df9c6d508e28cc8475e6432ff590a332840473ccbf68d97b618a019,1,False,M_RING
79422d5d9f06a952149f80237a4b79685e133528bdfa14a02ac0d182a203b933,l_SW_C04_M03_CTRL_SW_C04_M03_SENS,FG_d257db3478903be6605fa7a888f48be87bdc778396b287219f8609145e212261,1,False,M_RING
7a2d5c8d050176407efed43d8112006ffee140b3ef998cb5f95111fbf5e6150c,l_SW_C04_M03_SENS_SW_C05_CC,FG_639a5efd8bbc18155fdf90eec17430bdd622e1f6b8960737ae6a04e69f7a2c92,1,False,M_RING
7bc9dabf6cff45ed595bc3914094e382619fade0aad53da5d37ff9539d13af93,l_SW_C07_M01_SENS_SW_C07_M02_ACT,FG_f8ff3c1d21cd460214575a5f3f9318fd891d676b0b1beb1c76b03c5848496586,1,False,M_RING
81a37b0fc8f9f66c974678d81dca35fda35e59b0bb1f4eef0f4b3ed77696a828,l_SW_C07_M02_ACT_SW_C07_M02_CTRL,FG_faae5e438295c2c7e769b4cfe49cb6388c03bd4f6777d43fbc868b8ba2a55860,1,False,M_RING
81f9bad541892799402b5f8e6496799a6c7e46bd843c4304c071798576c096eb,l_SW_C08_M01_SENS_SW_C08_M02_ACT,FG_95e4fd667a08820e951d0345e67a05ae729b5f664b7ffd61e1b823c6c616691b,1,False,M_RING
85d9f96b253a340b93ce91f876f8895621b6391358403c6394a6f3e32631219b,l_SW_C02_M01_CTRL_SW_C02_M01_SENS,FG_61972511da15de3d11e2e42f2216cb6ec01919c24d83878b010acebc354c2711,1,False,M_RING
8851d7af0a893c8ebf6d34d9532bca291bd269de9d56b0b4ee525ed3595d8f25,l_SW_C07_M01_CTRL_SW_C07_M01_SENS,FG_576cf60774d0a6b0da96b7ab3681365dfb8fb36247406ce8c8bc109112ea5ab7,1,False,M_RING
89d8ca18bd41c7ac22b7e7a0b3e4a979a63710b23b5fac26f24edb6e354a95f4,l_SW_C04_M01_SENS_SW_C04_M02_ACT,FG_eb796316dbe318de4a6da90a9b572325e92131187575422be9250091f7571ffe,1,False,M_RING
8e8cc7b5e6b4192c32ad30ccb141a0996e03c72cdaf0d767e2baf99c7a937d17,l_SW_C08_M01_ACT_SW_C08_M01_CTRL,FG_b991bfa4b0425d43a203401fa97e0904f4e6e88733c6c11c17160a1a90c84e0c,1,False,M_RING
961c6737be5a65cb8dbd91b5d58f9e0921b45d90363162bb7642ba29cc464567,l_SW_C01_CC_SW_C01_M01_ACT,FG_246e7d2fcbd4500605648c06b6b0ba6f37d7772737977257e1b1b46c44953351,1,False,M_RING
a2052d854a8b516beca1faaa0b344a90d3af89607a3fdf81c441afcb27234e89,l_SW_C05_M01_CTRL_SW_C05_M01_SENS,FG_90629c54e21567eb4a27dac93a60babfb0c8e50fbb816946be1b2c9a89e365b3,1,False,M_RING
a41476f77e4115dce6937174f1e1d161d2ef5f6b3a594ea67f6ede26a29bf8fe,l_SW_C03_M02_CTRL_SW_C03_M02_SENS,FG_986c4a2a59e6fc15c35e37d718ee5a1280833ead5f6cee04c8ae9d56e078327a,1,False,M_RING
a579adcedb920255dd0d62f3e484a576e4b5c7672fe72dbc7492d5dee01aec07,l_SW_C03_M03_ACT_SW_C03_M03_CTRL,FG_bd11aa66f3017820c1e48d0d042ce5a8366b95ef1c413f0d0b9dfc6350221ee9,1,False,M_RING
a5c4c575fd3c0b0c5ae96d12577d041fcbe20b6406748defac720d33f5aae877,l_SW_C04_M03_ACT_SW_C04_M03_CTRL,FG_823757b5feb95ea70a607944de0a41681f9c135d32158f45ec3861e150432c8f,1,False,M_RING
a7a34ce4e61f4a030620c7f1f92694e495cc96fe5209a0ba5c9fe25384c69915,l_SW_C01_M03_ACT_SW_C01_M03_CTRL,FG_d088460597875edfaaba1660c68df22e7e337b286480d583ca3e87153cdb873f,1,False,M_RING
af42f5ee488dd76f8365d96e9eeca77ed55c6d497300011c67372fbb5a407166,l_SW_C02_CC_SW_C02_M01_ACT,FG_69e1d28d04d7669cab5ce4481b8683f065ac8ada72ce85ddfd104771a80a7b93,1,False,M_RING
b157e9da69304c4e97440a35ec2613c257a713cbe53889909a84e0c32fe79441,l_SW_C06_M01_ACT_SW_C06_M01_CTRL,FG_0dec9985bdef2c47086d4cc1e151da9acaffba38f70fd2ae37c1feede3992c23,1,False,M_RING
b507317c60eceeb13ab142678a9cdaeffb5060d9380605eff84a0f442e7f79cd,l_SW_C06_M03_SENS_SW_C07_CC,FG_b6e15341c4a12b0a1938ac1699d6362ab69f337aeef9909a72595448b644e8ae,1,False,M_RING
bf033301ec3d631908e6e28b956b8983b9396b46402a72d81a1b74f6e18f1b14,l_SW_C07_M03_ACT_SW_C07_M03_CTRL,FG_4026342baa0152c2388c51cc828a3889a012af7597a6d0a008174878233bc248,1,False,M_RING
c4965534108718760587fb254f68b4f76466e308a5110f33b82e0bee7642ccda,l_SW_C02_M02_ACT_SW_C02_M02_CTRL,FG_ae1ad26f1eb1f2d82bc6f79180dc9428cb3019ee9a839f54a00133936b1ea3d5,1,False,M_RING
c55d0cc1d1bb8162f4360f97d4f2753347f0d25eca4005aa20e86907df966afe,l_SW_C03_M03_CTRL_SW_C03_M03_SENS,FG_9b20bfff5f8ef0dcac8ae754cf9f572ffcfe63074e0eda32e150b6879e9a3b0e,1,False,M_RING
c80b685401104f3664061993a3fb75f6df7b6cfc7e76e70b154439abf2621ceb,l_SW_C01_M03_SENS_SW_C02_CC,FG_306bce1f02853390be9d5b72799eecd28f34435e123234b1618df22e26bdf331,1,False,M_RING
c9ca70e1182a4170550e17c5e4b862ff047df20f81e8827fd0238136e7490f6a,l_SW_C04_M01_ACT_SW_C04_M01_CTRL,FG_655088bbc460dc03b14f14a07bd2af7f3d02822f525cba167e321448cc97e600,1,False,M_RING
cb924e56cf879e735301a92fc4dace1931b0b401c37e2cd9f09edf8b24d82abc,l_SW_C07_M01_ACT_SW_C07_M01_CTRL,FG_6bfda7b88a7c4af4f5a0b321591662d88f8ec7e3a0954b54e890e06a201f3d6a,1,False,M_RING
cc713b32b454f978bb8116535d42fc12e272138ef1c4de288ba1991d9fa19090,l_SW_C04_CC_SW_C04_M01_ACT,FG_fde3828f411d66fe77521d637a48cee9bbf9788314d8f188e0249f14c194d3e6,1,False,M_RING
cf4594c2d325e5592573a6517fb09fab617296bb85bd6f1d5c92993fe05246f0,l_SW_C03_M02_ACT_SW_C03_M02_CTRL,FG_16e3759aeb6fb4c7081c1d95b5ff8740e295444b18a183aff19deb22dbb1415d,1,False,M_RING
d6950271f8dfe77cd558b6f0db6c2d927db870350862a82da4cca2fa19791a4e,l_SW_C04_M02_ACT_SW_C04_M02_CTRL,FG_9a644a65e3cdd33acbf627e1c309f96ee4ad9afaba0eae67db4e96eb567966a4,1,False,M_RING
d78608132d4434d614fa474920eb1c06cb075f7a7bd6ae776fd5b1b19ebf9900,l_SW_C01_M01_SENS_SW_C01_M02_ACT,FG_3c06ed357da00f699dafe573b4e85752ce252d72d40bdd60eb114a8285e1fe18,1,False,M_RING
d7aff3c43cef6f0e1173949229b644dd3b4d8e0dcf6c7d936b46d0fca111b443,l_SW_C04_M02_SENS_SW_C04_M03_ACT,FG_742187827015e3f2cf01b685008d043252761f1d6549936c398b5f271b59b17e,1,False,M_RING
d7f14e9c4c288932d88f198a737ea70c82815207b1f8ae6967a2f5102c53e11f,l_SW_C01_M02_CTRL_SW_C01_M02_SENS,FG_95d251784775a3dbc51264dfe575c1838808ef03388a2e7d111f793c6c8fcc30,1,False,M_RING
dc18520b3e8b3816fab68a4d3bb9796154b1234608bf54c64428149a7d800afb,l_SW_C08_M02_CTRL_SW_C08_M02_SENS,FG_1013dce6df3e6f820865c610819c0888926902e2452885e115be4d5f2467e2aa,1,False,M_RING
e53e490412ed3e99364e8fb9aae74bc06de504181b0dc859b1fa2873acfb388c,l_SW_C03_M01_CTRL_SW_C03_M01_SENS,FG_9f11aa49a42d2ea5441fe8489ee4626ec1316be0d2bc4bd84b7e8e0ef8729040,1,False,M_RING
e854e8f033e1bada5f613a93df4694e3b09049f39f642ec0d80934da8c2cb91e,l_SW_C06_M01_SENS_SW_C06_M02_ACT,FG_9070848c1d23ec738e415fb8771038e44a7e2f657fd36dedcaa2224369ea2f01,1,False,M_RING
ed40be32446a6ac1f0519d85c0f35523fbc7e195617a967026ecbab3e7b311f4,l_SW_C06_M02_SENS_SW_C06_M03_ACT,FG_316a3c0e7902ca89a1d84ee9d6bfa6bfb7c050018a5e53bb0344a45b9df9c128,1,False,M_RING
ef43600273656d0df931294218e714560c14569291c5fddac0bae385c9c94285,l_SW_C06_M02_CTRL_SW_C06_M02_SENS,FG_d7478d68c75f87956d66f3e2acd6beb7d4159b7548c3312f9880089cea6af8f4,1,False,M_RING
f240ba3ffc2877bfc003431ee9c25d0453e5aad8873d320bed97f64789685fbd,l_SW_C03_M01_SENS_SW_C03_M02_ACT,FG_c446fb9311c9ecf14c8bc190f308c12508ad765b0b0ef6944765986424c59258,1,False,M_RING
f55b99973322120b3a405e372dde6d9936bd340733524202a2bec539768d3c54,l_SW_C05_M02_SENS_SW_C05_M03_ACT,FG_7f1128033ed4a67d70a91727e241646f9f0ad316faf0d211fe16cd6f5839d72e,1,False,M_RING
f65b04474b26c95dff1573d69de23cb20ca6a0a410352191b7bd4d9ffae13564,l_SW_C08_M01_CTRL_SW_C08_M01_SENS,FG_f0dfdc8329ae8927b7575c6d51f044fd440b159ab758deac51096c30a7dea44a,1,False,M_RING
fb71406ef5576d6a09633fb065f9611f49722887cafdcac8b3ef6134268f9dfa,l_SW_C04_M02_CTRL_SW_C04_M02_SENS,FG_5599c3b386223b8cacbc4019047a550378741cbf7585980ecdd6525b826e1efd,1,False,M_RING
fb847dc3da22fcdc403f43d28f16ddb83dc95da79b3ba20528145a747c119aa7,l_SW_C05_CC_SW_C05_M01_ACT,FG_506580afffa6fdb9daff2d265c126b6cfd0127f214b3c2aba7fd7b43061758f4,1,False,M_RING
fcb8d339b19269c174af9189c0a57b0ca7108bb304f2c41baeabf960cfd3c86d,l_SW_C02_M02_CTRL_SW_C02_M02_SENS,FG_7825a1cdc7a07c19ce2789e19d35889c24361360f791d428b50e412792608393,1,False,M_RING
fe7c277aff2a4f20653b573287c8fc124cafb314b5dcee57b67d2add61df2383,l_SW_C02_M03_SENS_SW_C03_CC,FG_aa1776bf159e2bdce17e5cfd34d51c3cb1fa57b4e36dec802e52a430288a6cb0,1,False,M_RING
ff658a30e08708f7d6a141cdb41ebf0f74161fc5b54661bb1e49f0e8b1318e56,l_SW_C03_M03_SENS_SW_C04_CC,FG_7aaf0ce6c7feb51589507af25a0080312369157e622728c9ad2c35220135bd60,1,False,M_RING
01c4cc89c6eef4b04de8a5aa1e229ed77caf9a459b878561d9413433d9941e77,l_SW_C08_CORE_A_SW_C08_M01_ACT,FG_1c42df2ef5e5e565da423dfa4a68ccb249b30f3df8bff83723fadd811a699f12,1,False,M_REDSTAR
02d01b0c7219c1e590a0c6ee0517fdc9c34017ce1fe85ab8cfb0cf04e3f83ec4,l_SW_C06_CORE_B_SW_C06_M02_CTRL;l_SW_C06_CORE_B_SW_C06_M02_SENS,FG_6f4303c40171c1ea07b33e8e151405b94366791ae71b3ef8da3c51f865e3edc8,2,True,M_REDSTAR
030779751b0ab673f3475567de8b5ec59146ac3ef3c6c0f0944bcffc9d3dae59,l_SW_C04_CORE_A_SW_C04_M03_CTRL,FG_57b9be671dedb3a38d5f3d485f5d27e96bbf08839c52061307ad0eb75cc36e79,1,False,M_REDSTAR
040bab2ccb532911737eb2dcc345ee502693e454303d4ef9a1b7d4e93d4a9fba,l_SW_C08_CORE_A_SW_C08_M01_CTRL,FG_c80afbf306a23853178c000caa1106a80504fae01645484573f30e52fd5fe500,1,False,M_REDSTAR
042c3a550a65c7c5cedeb2505c4c7f9d7f4d66cacc8f28bafb49832737490ff4,l_SW_C07_CC_SW_C07_CORE_A,FG_b25f4fa1aa58bab7e2fda3692ef0af775e3503edffe79fc03eece8d51d683290,1,False,M_REDSTAR
0450623e8624c7f10f5dbd05c90ef0087b7fa16b676dc47628f46aa88de16db3,l_SW_C07_CORE_B_SW_C07_M02_CTRL;l_SW_C07_CORE_B_SW_C07_M02_SENS,FG_cc2b702fbbc28306c7233fe292d137798ac93629fdae3bf3468056012f2aef55,2,True,M_REDSTAR
054641b67163f6828007c017e7f3a447a46467d6eb834abad0940b1cc3e5a2b2,l_SW_C02_CORE_B_SW_C02_M01_CTRL;l_SW_C02_CORE_B_SW_C02_M01_SENS,FG_220d31e838e49e4fe7ed842430ac2de98b5fe845272b8a4c6bcfa7c1ff8cf999,2,True,M_REDSTAR
064ebd73b9ca8dfb84fc0a558c47b0fe5c854a3f8af433de91c0e8bc279ce5c3,l_SW_C05_CORE_A_SW_C05_M01_CTRL,FG_636f14e50131657a037feadc44c81f0bdc923aa25ba6c8fafc8d9bf4ffa25ccf,1,False,M_REDSTAR
0a913ae28a3c2a255af3b4fd44a00e0eb95b1954038f56da026b3f1b0f7a2023,l_SW_C05_CORE_A_SW_C05_M02_ACT,FG_db2ecf5b4b9836444ea46414a050108eec6d4df2e8b7e4d848b78804c526e767,1,False,M_REDSTAR
0ea279ce9a900fb27302a8926ed9ad6f8e8ac400792bb87f73f122ba65ee5ac3,l_SW_C06_CC_SW_C06_CORE_A,FG_cbeda9b9145944eb958685261e8e1c8f362ac80207efbdb780b498b24a43e537,1,False,M_REDSTAR
12664829f822dc2aac891a347e417b4e8f7b020314f6896298cac00c381115c6,l_SW_C03_CORE_A_SW_C03_M01_CTRL,FG_c70f77134f35989d9914b103f06cc85af8d2dd7dcd216e6af4ea2a2dd305053c,1,False,M_REDSTAR
14102e982e6ac72b25752d307b076b3f1069516944b4cbf433ef5196e67361da,l_SW_C08_CC_SW_C08_CORE_B;l_SW_C08_CORE_B_SW_FACTORY_CORE_B,FG_80f13510b09929c8dd118c19ee4063ed1302255670d23fb163eebb4c32c3dd46,2,True,M_REDSTAR
1412c6a387ab1f6c3c5893c1423c6f1ce9bafeffbc1f8b5e9c6f9cf317ca6e26,l_SW_C04_CORE_B_SW_C04_M03_CTRL;l_SW_C04_CORE_B_SW_C04_M03_SENS,FG_df73eb65eec4548f1567afd20409e71a1f65b05b32cdce53773251f57bc0819f,2,True,M_REDSTAR
16bd6bb79c281f01224e49fe0e556c3c2cd1d2fabba560873ed05340463bd9f5,l_SW_C03_CORE_A_SW_C03_M03_ACT,FG_6fa8c4624be82e6d68c69a55fc4dd7d9fe0dd12f5e793586fa47d1c782a08ee6,1,False,M_REDSTAR
18715c95acab9359e0f864e3d03aec2e42dbc9fbd839e92d87a7906d8b787b41,l_SW_C08_CORE_B_SW_C08_M02_CTRL;l_SW_C08_CORE_B_SW_C08_M02_SENS,FG_0a9c1c7301f756c8e69bfb952c3fca2de9a76c2504c9000080c6aea25da5490d,2,True,M_REDSTAR
187e6a0eea07dd7de7ab59dba640015079d3ab199d1d64ae3eb798bacc7621c8,l_SW_C07_CORE_A_SW_C07_M03_CTRL,FG_6af6311a574a795a25c805d7cd59171d4f35bc1dcd939a9951140227b48ac2ee,1,False,M_REDSTAR
195a7a36d7fd8982112642ec387e4e58a2e919bc7f90841911bc4f8fb1baf373,l_SW_C06_CORE_A_SW_C06_M03_ACT,FG_30531ef99102a7183f342d9367aa91591d39c8c515eb7e8398448334587b4c5c,1,False,M_REDSTAR
1d44426a53abf1712e6da5ffd00f0712364fed486b86393852efa7c3cd6f1457,l_SW_C03_CORE_B_SW_C03_M02_CTRL;l_SW_C03_CORE_B_SW_C03_M02_SENS,FG_f028028ec5d0b325ae7e5b91ad34f6b65d103a57f35145faef1dc69b9dc296b0,2,True,M_REDSTAR
220b6388e7241a89d3bf7d9c20a95753c53ee97beae69c7dd0227ef77765a300,l_SW_C04_CORE_A_SW_FACTORY_CORE_B,FG_744f7f51d89520dd3692eab55759d4e8711e2aea21f0103997994b78d1016030,1,False,M_REDSTAR
2b042f4f74d6fa59095a5e6563f93212964a415ed790d80ab7ef22c15301a7cc,l_SW_C05_CC_SW_C05_CORE_B;l_SW_C05_CORE_B_SW_FACTORY_CORE_B,FG_4d506f776de6863031c5df660bea508d7340732e02ea84c47d33c69b40bb3a73,2,True,M_REDSTAR
2d726b2aa523b7cfb741daa6b4c0c28cc2ee716b9686c4453f341c5365dcf506,l_SW_C02_CORE_B_SW_C02_M02_CTRL;l_SW_C02_CORE_B_SW_C02_M02_SENS,FG_ea2f24a23c6cc2e00e6d6a21a476548170857d3628bfabdfdf99dac3281d4684,2,True,M_REDSTAR
2f8f677c1dee3d1d51bf65176ec92aab927b4ac49d05a97661f14c4bf8ff8d0b,l_SW_C08_CORE_A_SW_C08_M02_ACT,FG_8dfcc2f706a39aa0628904a107187b04848ad3393172a93a915a9d841a1d0519,1,False,M_REDSTAR
323f2b2958662936dbe205c24e338176e0c40afeefc3240cc4be3487cf3aadd8,l_SW_C01_CORE_B_SW_C01_M02_CTRL;l_SW_C01_CORE_B_SW_C01_M02_SENS,FG_8082e436572b7b5c02408b42938c75cce1706dc08d088708d1c2c5e7be58913a,2,True,M_REDSTAR
3241e2ff90ba986bb91f42f501db19bf0e7c3ff3111c478cbcb90cc1282d0be5,l_SW_C03_CC_SW_C03_CORE_B;l_SW_C03_CORE_B_SW_FACTORY_CORE_B,FG_0a459d6fdf78e09523cbc957d6988082c9ae586b2024544559ab38e4d7915182,2,True,M_REDSTAR
342bf5ad273e482e593681c2621355475534a312f0f14d1b35f4769c7dff64cd,l_SW_C02_CORE_A_SW_C02_M01_CTRL,FG_e572e3fa6ef766fb192b904de6db67fccd40ac83babd6e50824410d1805a6802,1,False,M_REDSTAR
3463ecca6bfd1aab7a8166e1fdfd55d9c90be0d18172cf36d34320f04fd7b518,l_SW_C02_CORE_A_SW_C02_M02_ACT,FG_49f39de800837aa0785789180b5fdb750e07a2250aeb892061038cdd8c8b4fb1,1,False,M_REDSTAR
375ed0ddbe0f462945f03a7fbcd668277027fecbc9271afdf7de80c20ef9c791,l_SW_C08_CORE_A_SW_C08_M02_CTRL,FG_d28e5376c99f1646e085a266945023aa3d2c44a6e08d2d4d3bff4c70513e9cd8,1,False,M_REDSTAR
391be1c388c6d427b507a4bd8cf69c166c5140a60281691c8ac32196ca887545,l_SW_C02_CORE_A_SW_C02_M03_ACT,FG_ce7ba8a81417f2ba00e77ee307aab1f473da6f6043cc1434a5d2cc755ae1d232,1,False,M_REDSTAR
3d51b1e2271231b9e5049a70391325db3a24acb689d7da715f23385efddda09c,l_SW_C03_CORE_B_SW_C03_M01_CTRL;l_SW_C03_CORE_B_SW_C03_M01_SENS,FG_3342a1f7b7d67daef021451740e0720499d8b591b3a5bada6d9d89ca50af641c,2,True,M_REDSTAR
3e529939a7506949ab96b56276d90e645efa618e7e2a8eefa270a824e0c94495,l_SW_C04_CORE_B_SW_C04_M01_CTRL;l_SW_C04_CORE_B_SW_C04_M01_SENS,FG_25f4f7a172c60c26f4b799ed069335a9d462b4d5e62c9aaabdd168ddb50ffef8,2,True,M_REDSTAR
3fdda915a03fd0be95f11784dc5888085bec961aa07e014feda1d74249b0bcb9,l_SW_C05_CORE_B_SW_C05_M03_CTRL;l_SW_C05_CORE_B_SW_C05_M03_SENS,FG_bd5a37e20eba9ad2c3b291aca70ec346bcc61fc45614ec29a6734963c6ca6c90,2,True,M_REDSTAR
4527f2b2b4097ef04a5be3d9180522c63f6564157ed72208e05634c4c9294244,l_SW_C07_CORE_A_SW_FACTORY_CORE_B,FG_d30c2fa515e016c643b466b6f7a6e0fee6b1f1d4e74489d7bd3b4dfee2c4e008,1,False,M_REDSTAR
4a7484d70046631fe2dc1dcff70d9d15cc9ccd5c07fbb9f24ae7a2cef2aafcc6,l_SW_C01_CORE_B_SW_C01_M01_CTRL;l_SW_C01_CORE_B_SW_C01_M01_SENS,FG_b08e6a2cde6f306a68519182b2cadb69c6cd51dfb8738ea0cb056e1153e55d2e,2,True,M_REDSTAR
4bf30b855078267bc98f03031e1cd15b4470aed26f8b5d5d465f524a012f435d,l_SW_C01_CORE_A_SW_C01_M03_ACT,FG_1beb9bd1ea7906e1b180a43846700a5aa9428548cb399a66f0eb78e7fb9d4b8e,1,False,M_REDSTAR
4f10e42f1816258026fb42b6b7eb3fa7b2bbad4c58eb89295c75adbcce21b9fa,l_SW_C03_CORE_B_SW_C03_M03_CTRL;l_SW_C03_CORE_B_SW_C03_M03_SENS,FG_521c04913fb8ec587b6bc9598ee5dc21b07ee555c1cd6c9648b3d9c1005ac232,2,True,M_REDSTAR
506dc3ac00202ca5888b34582d54af73cb7344e48f8e31ee42d391a119c02648,l_SW_C06_CORE_A_SW_C06_M02_CTRL,FG_2e313f7456cb5b469eb85f8a6106b3a669dec7ecb5c98c9fa4c654557d64ddca,1,False,M_REDSTAR
53c1cdf8d979e6077a04b9b33a494c5d5a7aea083b0372768bdfa18fe0f1245d,l_SW_C06_CORE_A_SW_C06_M01_ACT,FG_f35284091094ebf9038fabe1198e24a1bb331e3f1deaa9092b222a2947fd6d12,1,False,M_REDSTAR
553cd8dba2c47834222e0b8ca0cd5e463fed26c8bd76fcebe98384fe212b3446,l_SW_C08_CORE_A_SW_FACTORY_CORE_B,FG_8a17602de966d1074d075611f111cf07411a8d6e371783d6f623bdf4be962206,1,False,M_REDSTAR
5eb7779ddd1e2bb9b135b97c26083eaf4be3ed77910eee1342ecd69cd44a7b88,l_SW_C08_CORE_B_SW_C08_M03_CTRL;l_SW_C08_CORE_B_SW_C08_M03_SENS,FG_83e6e29e12266aceb6646f2e6668d67b29b0658883616c552bda5a02c9d6d9b4,2,True,M_REDSTAR
60973b0e9bdbbf50ed5e4adf6a4f69f41ce63c1f2b31c08a11b5f47ff31931f5,l_SW_C04_CORE_A_SW_C04_M02_CTRL,FG_a7afb74cf9ca32650644a8af54e2051ef7e9cead2a261c44d2d5a60a69d6fbbb,1,False,M_REDSTAR
61548ea37c77c580826421b643f55a87452be03f612a239d787a876d95302c29,l_SW_C05_CORE_B_SW_C05_M02_CTRL;l_SW_C05_CORE_B_SW_C05_M02_SENS,FG_d8073887cac4a3353462ddab9bfd9879be90a1e5aa337fd1fd08934ed8501dd8,2,True,M_REDSTAR
63254aeedb5b4314ae2c5da96ac9d26eac0ba5ddeafabd7139b1bdf4591dd5ce,l_SW_C04_CORE_A_SW_C04_M01_ACT,FG_089d16aac5188320c090d5eaf489f27af4682097821da4167725bb177604170e,1,False,M_REDSTAR
65d1ef9e9c6aeb1e96c38c159a47209dd2a35c538fa5d8937a09700036528b78,l_SW_C03_CORE_A_SW_C03_M01_ACT,FG_3ec54d382b87dfd61006240207a23b7e0a35d14b300bb4830f6227f593f3d94c,1,False,M_REDSTAR
718bca8d83545479695646fe72c5b89e44a90d01d3b9d28a4041877bdff06928,l_SW_C07_CORE_A_SW_C07_M01_ACT,FG_7362333f52d1f942486338315988a0340e25b5a5e25143e5d792f3435f1c40d0,1,False,M_REDSTAR
78ec2f5d694f127a665bc0d5d55931a2d2fbebbadf867296c280dc2b3ccb459d,l_SW_C06_CORE_A_SW_FACTORY_CORE_B,FG_6d89882563d5b7c97a25f38984562ce7ee1279b3dc0ce3b7a9d3ff2f28bcdf8d,1,False,M_REDSTAR
7997ebc29d4c214aec521d8e4fbfd41ac2a60851e477b3c3eb93e177937b86f6,l_SW_C08_CC_SW_C08_CORE_A,FG_ca98e6c5fa5e724268be03813cfda37fad5a05f5f655371ba71da78c3b847009,1,False,M_REDSTAR
7fe851b3dc1a952499b8a239a627da91b2e0afb2a3e59b7eca3c1a08d52e1d42,l_SW_C05_CORE_A_SW_C05_M01_ACT,FG_789f76932eb3835efbd359ae76e99d02609c429e5fb84aacee53c853889a1440,1,False,M_REDSTAR
831ca179f6526f7955aebd38ad34490917be359fa48fd297f8d43b4c2cc2e3f4,l_SW_C02_CC_SW_C02_CORE_A,FG_bf9c1ca2c418ddd7c411858b96ff78b68cd25186e44666a2862f72cf5ce8d173,1,False,M_REDSTAR
863dce5cd8049182cec88b2d79b5cd8061c88012e11e3e6dc804441a530c0cb6,l_SW_C04_CORE_A_SW_C04_M03_ACT,FG_7e47686fa70ee8761dbb283ddb3cac8e401f930322b5be21df38bb800c8f51eb,1,False,M_REDSTAR
87c3e1f1447d2f9d10d3abe86cc59cbb99073150f385ce25efd858018c839ecb,l_SW_C05_CORE_A_SW_C05_M03_ACT,FG_d77c9a985d532c5d19236a8ab4c9271481d85dc3a60b1b463fc2972f0179055a,1,False,M_REDSTAR
890f1329239601517bccbb23e01f0ed0b2d45b65cd48fa1869d5243787b8b6cc,l_SW_C01_CORE_B_SW_C01_M03_CTRL;l_SW_C01_CORE_B_SW_C01_M03_SENS,FG_fb061cb30ba1e06c9797064602faf7d6da036ebc53c8c9adc9be83fe4b24f396,2,True,M_REDSTAR
89241544c60df46663b462c50d5b5a2c0e3fa3952b8e68d5d3bffeae8f8ee7ca,l_SW_C03_CC_SW_C03_CORE_A,FG_05d493ad95d89fce651e6e999297b1fe5f7edc045f165e909b4c8a681b9c551e,1,False,M_REDSTAR
8a102b64ba0fe255abfaabad3dd4864795f37fc52ef44f0e054687221f74a35e,l_SW_C05_CORE_A_SW_C05_M02_CTRL,FG_f83d20f6917e173ca2f8c580574c4325335f49f3bb608be5834a29cfe17524cd,1,False,M_REDSTAR
8c89abedc773be6d2f5d0990f353dc392c7a1ad411984894213367233b2a10a0,l_SW_C07_CC_SW_C07_CORE_B;l_SW_C07_CORE_B_SW_FACTORY_CORE_B,FG_9edd764ebe30ba0378383bfbf26d942154b786022d731fadeade53913af6f956,2,True,M_REDSTAR
8f28aabbff9ceddc9c2c28e6ccb5857838e4714d3a6701f09662873cb6967318,l_SW_C02_CORE_A_SW_C02_M02_CTRL,FG_30abc6d44ccdce1b03127a32c1096d1f7129244e603e1ceb1be03bc09bff4980,1,False,M_REDSTAR
8f8ce21130f9db1ab943fe577ab301d602261702397a8441479aae7c81659fb5,l_SW_C08_CORE_A_SW_C08_M03_CTRL,FG_332c5c6ce2279a3d18a5e9f462a39d0b79946270d1dfc6176d9bf65f851f3af5,1,False,M_REDSTAR
9244efc0f9e014ce8134f26fe31edddca7e67ff5794f258ca2e3f05dad8640df,l_SW_C03_CORE_A_SW_C03_M03_CTRL,FG_1bd60ba55e245b77d74911af400110d08e77561959a7370301177e178f854d86,1,False,M_REDSTAR
926007236aad944222bb8dae7eec9f844bfa378e71de78c6e1d1b47ac79ea3e7,l_SW_C08_CORE_B_SW_C08_M01_CTRL;l_SW_C08_CORE_B_SW_C08_M01_SENS,FG_ace940a4b0caa0b6b30c62621007524d04326446255416372da6dc7a08c61325,2,True,M_REDSTAR
92f06579a6d701dc4b9aea1b0fe66a7a7cd3d6f72488194b796d2141dd9ffbcc,l_SW_C04_CC_SW_C04_CORE_B;l_SW_C04_CORE_B_SW_FACTORY_CORE_B,FG_05b01d066b3ab2f2425bfdc13ffef2781ad7f547e21af52f220416c04bb39f81,2,True,M_REDSTAR
931c02da9131a7f9570089174fb7bcb75702c69507c3d5b8235af58ce3fd1af2,l_SW_C05_CORE_A_SW_FACTORY_CORE_B,FG_673e32994ab0f3b722267866bc2eca7d088ae104aedf4486f6a27b4c678c039c,1,False,M_REDSTAR
98d741572c512e614490142678dc0b4ec2e157c05a45bbe6441c4c446abe25f9,l_SW_C01_CORE_A_SW_FACTORY_CORE_B,FG_503cb937f847a96173d5865ead730a7f126d656218c9739c20e71eed25f508b1,1,False,M_REDSTAR
9ada58fd97b7975b164773394442552f693c9f5f4c2eee1a905b900a247f89a2,l_SW_C03_CORE_A_SW_C03_M02_ACT,FG_596d864f0703d730db3b51c744f84b9fb348bfacbab556ae17a34c68f697d070,1,False,M_REDSTAR
9b51f613eb07bad34247c60343eeb6dfe113ffd6b1c7d1dde25f806678cae29e,l_SW_C05_CORE_A_SW_C05_M03_CTRL,FG_51bf106fcf93b2154e766d08d2a17ec1033eeefcc35b285c66ec6d86a87c44ed,1,False,M_REDSTAR
a4a1407ad1effaf62273cde4b7534f5f6c63c6f3dff40ac7d99189b86403bec8,l_SW_C02_CC_SW_C02_CORE_B;l_SW_C02_CORE_B_SW_FACTORY_CORE_B,FG_67d2a56566fa5f69f5fea748e6bf5ca5c59914ef16fd78fcde6f36593fb395aa,2,True,M_REDSTAR
a7934300af39dfddbd1913d7e3160cc50a8ac597b21a1e194ef4182502c9d342,l_SW_C07_CORE_A_SW_C07_M02_CTRL,FG_ca2bf8a656fadc4afc27ce912b79a8d11f99a904579ace68b8fdd49496273ff1,1,False,M_REDSTAR
a982ce55ccf1df6b20abfbaf6ffe9cd5fd8a4fcc6ba6d3827204a9bc866087b0,l_SW_C01_CORE_A_SW_C01_M01_CTRL,FG_2dfe3ed8a958c3ea49465e2f7bbf91e361ff8787be70e81c8a90ef1bd2d2a97a,1,False,M_REDSTAR
b3449913f1b5d4f6666f94ef256b23fc8b6bbdf48758059499c8ae8e38d1289f,l_SW_C02_CORE_A_SW_C02_M01_ACT,FG_cffddfc5caeca829dde49aaa5140e20a1c2fed4fe4a56a833e4b4cd2e42af180,1,False,M_REDSTAR
b3a6aad4a48b146ed2d578e43662c1aefd4e982895672bea38516d19564e359e,l_SW_C02_CORE_A_SW_C02_M03_CTRL,FG_aed3fb88b7efafbf07632bd6f8343c9256ab5551a155702f5cf6285ddfd40b06,1,False,M_REDSTAR
b4ec95ee05ba5399b3acc06804d0a84c3d3d164e5934b67be97234fec744ab3a,l_SW_C06_CORE_A_SW_C06_M01_CTRL,FG_36d36f5b9c8bed3deb22bd502d53e53b1c151f1a7062caadb5086f9152e78ade,1,False,M_REDSTAR
b764c2d295aba52787f7abdb0e1418a9161d7a7989724a81b134f48e332bee0d,l_SW_C01_CC_SW_C01_CORE_A,FG_bf1b96a8bc30d2d61b31285c22eb02eaed20014adacce944f674f82c66157bbf,1,False,M_REDSTAR
b924ffaf197c76d00451e17c3d67646c5f323af0a06218b64b1fe930b4b13d1c,l_SW_C04_CORE_A_SW_C04_M01_CTRL,FG_cf33a6a3a9c58f067e70ccbce7fa8adaacde079369301e2194fef599ad3c314b,1,False,M_REDSTAR
bc0d6b0fad308c413f4c30320b9546d73d8ec9f7fcfcd7c12764c718c0b802c5,l_SW_C05_CORE_B_SW_C05_M01_CTRL;l_SW_C05_CORE_B_SW_C05_M01_SENS,FG_e3f1ed376dae0c2d8ba851f8cfc1d7f00a383fbc60e73eb359f1046e6f884d4a,2,True,M_REDSTAR
bccee194e68fb35961fcf55c139bca58358a931f0988bfa93b83dc827abc375c,l_SW_C03_CORE_A_SW_C03_M02_CTRL,FG_83dc5185dfdb691122f4c37ee56ec7effe17e6fe3d3a6fc66a1fe89e3ae47689,1,False,M_REDSTAR
bdc33955e9b562bb20821cd147027d85babdfae20464f26e8087554eea1bb7d3,l_SW_C05_CC_SW_C05_CORE_A,FG_5b80409880480c78f2c70df5037347e615585dd6f2fefdf7eaf80777c49a23f3,1,False,M_REDSTAR
c2d2c94965ff91f310a28677ea0d1c4001c018e83314b5a23585a16a13cba1ca,l_SW_C07_CORE_B_SW_C07_M03_CTRL;l_SW_C07_CORE_B_SW_C07_M03_SENS,FG_f0c261d033f793d211c0052d6e48f528e7d32b4bfec04acb2445532daf13ec7d,2,True,M_REDSTAR
c41bf97453e8c7b04940f632afc91e9a8eaa6993fa5893604d88c48c0613295c,l_SW_C01_CORE_A_SW_C01_M02_CTRL,FG_46a5bb0c3b44d455bf7db25af92b4e9e3dfefdd7432394feff06f82cbda10dc7,1,False,M_REDSTAR
c723707f6009cf9b1b621aa50cf38f802d313dc097d093e63a2e894bfaf9c823,l_SW_C06_CORE_B_SW_C06_M03_CTRL;l_SW_C06_CORE_B_SW_C06_M03_SENS,FG_673bf832a57ee9db94cc65eab01e4d56b2784bbf3a393b99ec22cee652edb198,2,True,M_REDSTAR
cb2fb429a38ee6907f77782029d29c7d94d9a833a66022537508d8ee11a2eb50,l_SW_C06_CORE_A_SW_C06_M03_CTRL,FG_5e9f8329ccf4686d5a026274c6f978361390cbdb30ea03d0c53b157ce25e45d1,1,False,M_REDSTAR
cb48166216fa403030ad64f3f2fcf8327c21b6148944b0447b14bd149d0e4964,l_SW_C07_CORE_A_SW_C07_M02_ACT,FG_9bb61909345abaa57a7e550fde3bf9a8768674dac5b51bcb4e13428c0d286ce9,1,False,M_REDSTAR
cc5379df2f9feabd55a6a6341fd5e17a6aee92bd0e05ec78f324406f6db31359,l_SW_C03_CORE_A_SW_FACTORY_CORE_B,FG_9516eef605eea0f39bacdbd2d8a3734ba34ad2337f1e3cdba036ca6330c7dfd0,1,False,M_REDSTAR
d2e17e1aa10d9ac485c93dc95200409437881710ccc63647e9e7d2877ca07dfa,l_SW_C01_CORE_A_SW_C01_M02_ACT,FG_af5a021172901b7b0355b4087b42fea3c98740bbd24762fa96a7f5ed497b198e,1,False,M_REDSTAR
d3f83b1b2b78cc3a02abe37856ddb8292c8b7c5cf2f227fcd0cc7b633a615141,l_SW_C01_CC_SW_C01_CORE_B;l_SW_C01_CORE_B_SW_FACTORY_CORE_B,FG_0d1a6f850c151291a08f6e9d12600dde68fc28d541edb1cf90ba34ac706d55ee,2,True,M_REDSTAR
d8002e9cd2f1c1da518c8ad9c943f85120a72c55393d9eb2b15ded08a5384778,l_SW_C06_CORE_A_SW_C06_M02_ACT,FG_c06ef2b74ae604e3e8163437503b54be6f74790feb5a0dcc04dab140331fc772,1,False,M_REDSTAR
db2bb3355ead518a39cde59f8da4daace7958843dbceeeae1b3fc74b18d97a53,l_SW_C07_CORE_B_SW_C07_M01_CTRL;l_SW_C07_CORE_B_SW_C07_M01_SENS,FG_1a07092b9a09766850a931812035859d59323e84099930e772fd17023276cf34,2,True,M_REDSTAR
db4c4e87d4c68f29175157333306517d63685e6ae712ee800d28154b9f7537ba,l_SW_C06_CC_SW_C06_CORE_B;l_SW_C06_CORE_B_SW_FACTORY_CORE_B,FG_75e1e84054c1b0e2363ed03027340a8ced8523b3a0c17f8dc7dbc5203c6e3db2,2,True,M_REDSTAR
dd248d48ce96591867e654fc6ee8e2035dbc4d734cbf373c286867bc4bedf7c5,l_SW_C04_CC_SW_C04_CORE_A,FG_0b5fd175d0917b8d1f9192ba8ecc035bdacf7a90efc7e1ad42b8511fec1274fe,1,False,M_REDSTAR
e71af74506577abd6e08db62e1c1a78977486d9992848e89b807377a9385e826,l_SW_C04_CORE_A_SW_C04_M02_ACT,FG_4d1b6ba653a985b8ebf9697f6d522c1b8d274f1baf92606b4f4e5fbe6f6e0376,1,False,M_REDSTAR
e848cc66b82a838dcb3c51cbdb6f3ee590c4211cd215603e226d7c5ae1ef267e,l_SW_C07_CORE_A_SW_C07_M03_ACT,FG_f64a719774942578803f310d94d57543abaa4bc6395150ad27fb4f418fa42e9e,1,False,M_REDSTAR
ecd13aa5711e937ee05afcdc71d12f45b6fd5b1208800eafbcdf0c9c82e388e1,l_SW_C07_CORE_A_SW_C07_M01_CTRL,FG_caf2d734ef04137245d297ec11861e462e5c5a47a582037fa5353081c1966265,1,False,M_REDSTAR
f16565c33980318bb3c9d74c7e35516793088f309dc3616c8ef0328a2da81c04,l_SW_C02_CORE_A_SW_FACTORY_CORE_B,FG_4f6ee060acfb422b94117a539aaa8037637b9fca1274106dce4a1131fb520919,1,False,M_REDSTAR
f1d704fb804b7ee622f951127b6e16c364794e0ef538a452bdf0a9ffb0d80bbf,l_SW_C04_CORE_B_SW_C04_M02_CTRL;l_SW_C04_CORE_B_SW_C04_M02_SENS,FG_09c6f6b9e74f7b0f64f6d40e5b5a6148680e1d9fb116039dc608e593a1e8b188,2,True,M_REDSTAR
f24466840e6bb5ecaafc2cf50c63ad44018cb739cc9c27032189829612a20ac7,l_SW_C08_CORE_A_SW_C08_M03_ACT,FG_f2a86cfce418eb803825ce7bf2abb03a97e2fa9227717d01d05c8fdc46d10760,1,False,M_REDSTAR
f7ce36dcdcef17453451becf0e21832667a56595b4c845812de0e0c68174f426,l_SW_C02_CORE_B_SW_C02_M03_CTRL;l_SW_C02_CORE_B_SW_C02_M03_SENS,FG_2718d673a9013bdbbeff6e38000de6655fb40a8c1af6c7163643cea29accff5c,2,True,M_REDSTAR
f9982aa60d1b128aec31107d248ee92cfa351739c0fca38a7ab05450c0f765bb,l_SW_C06_CORE_B_SW_C06_M01_CTRL;l_SW_C06_CORE_B_SW_C06_M01_SENS,FG_e19c089d3d0a4a3605ed483cd62567f0537ab9611e17cccc8dedeae874db829d,2,True,M_REDSTAR
fefc3c7fbeeb538b0749d5e378b97a5b5279ad9237731d83c1f68c404bd83509,l_SW_C01_CORE_A_SW_C01_M03_CTRL,FG_2e0c11ea6ae339ae67ba236275821620d1aa187c6aac6883550ee2cb474096fb,1,False,M_REDSTAR
ffca064c6c5f9bb8acecb785a45b641c81601d11606e6fef312f8a0da2b6aee7,l_SW_C01_CORE_A_SW_C01_M01_ACT,FG_787976c8c603ffde8a7847cb67662568abb6d154317e2290a260a71e62023ff4,1,False,M_REDSTAR
0a69781e36ef4582da6f3e48b01dc8d2d14ea761a74d6b944a797d4a6237eff4,l_SW_C03_M03_ACT_SW_C03_M03_CTRL,FG_bd11aa66f3017820c1e48d0d042ce5a8366b95ef1c413f0d0b9dfc6350221ee9,1,False,M_ROR
0b89991180ee0db40df371c8af4ee557d54bb82182027cad6fdb4f69f398c64c,l_SW_BB_C01_A_SW_BB_C01_B,FG_9e0b3b1ffd3ce229a19085347b8ee48813e21a1ac58c48187be9866fe977c9f7,1,False,M_ROR
0bcb040d7227aee5ba7a260fa1d3bf2df8277f717bc067e9e6ae80d4857777de,l_SW_C04_M03_ACT_SW_C04_M03_CTRL,FG_823757b5feb95ea70a607944de0a41681f9c135d32158f45ec3861e150432c8f,1,False,M_ROR
0bcb36e1f2083dba80b6ff1d67f7aafb63da73b8b0d6f8218973db2caf849754,l_SW_C02_M02_SENS_SW_C02_M03_ACT,FG_76916043073bb9412b9deae3df641d54fdb5ebae0cf82b1a4c775f25843122d9,1,False,M_ROR
0bcf67cbbb5a356a836a97eb2407cbe8dbe5d340acc61c4e14bc9505135509f8,l_SW_C05_M01_ACT_SW_C05_M01_CTRL,FG_d456979842a5264de3b02bad9fd6d4d14288426702ab5fcb079e89b60c58d987,1,False,M_ROR
0e1bfe1dc7353d47e5512dbb686532417a901cb56675e480973c1bbc36fc6eda,l_SW_C05_M02_ACT_SW_C05_M02_CTRL,FG_e307f6068fb2f01cfcdae1edde8c2b1002640a3c3cc9ff2ff8e6f660c657ff40,1,False,M_ROR
1642a48288d48c23259f6aa0f5d8b6fb007a0004309b7fa52d19d9a3bd25c258,l_SW_C03_CC_SW_C03_M03_SENS,FG_14c0f14dfab41bb9fbbb8ca5b0a101a5003c1dbe185e260f10e8c3e39a3f7c5e,1,False,M_ROR
1670c7d8744d20ddfe40f265daf9d074c5e79995cc36a18553a383935007eee8,l_SW_C04_CC_SW_C04_M03_SENS,FG_28c65d8e0fd909f309eb5834585c099c66f4d301ce7fd7acaec1fa7d712b70df,1,False,M_ROR
17da6e393e752c6fc37848ea9888be19a6158269b931d5da859c1c772002ca95,l_SW_C06_M01_SENS_SW_C06_M02_ACT,FG_9070848c1d23ec738e415fb8771038e44a7e2f657fd36dedcaa2224369ea2f01,1,False,M_ROR
1a0304b142b8645c7e0c199684feae586995e4dfd0959c54ca3f39fb8095ef80,l_SW_BB_C04_B_SW_C04_M01_ACT,FG_41b973ac53a8932b46cdf0b079d2009cc8b7549fdd63181c66cb5b1d83704fd5,1,False,M_ROR
1ae1d102ec2f6a032032b87d57f42b0cda6d5ab607847caed43db1777e4efc18,l_SW_BB_C07_A_SW_C07_CC,FG_2724f276902203e863c30ef4db90167b29dcb72705391e9163c2af71aed72342,1,False,M_ROR
1b20bb9dee75b06e92b4da3cc1281bb4b39cf82f8a3009dcdc7cf6581e5a52a0,l_SW_C08_M01_ACT_SW_C08_M01_CTRL,FG_b991bfa4b0425d43a203401fa97e0904f4e6e88733c6c11c17160a1a90c84e0c,1,False,M_ROR
20b699f771a651e77b365adb27aa1d253396ee71a30a610c5d01440abecfff1d,l_SW_C06_M02_CTRL_SW_C06_M02_SENS,FG_d7478d68c75f87956d66f3e2acd6beb7d4159b7548c3312f9880089cea6af8f4,1,False,M_ROR
23e7550f3cd19193b2a165598709a04d18c95ff0abf96b16755cfbe978c8b374,l_SW_C02_CC_SW_C02_M03_SENS,FG_d4b1d94754b67755e234c5ede4a308ff82705a569e119a58abb5d9ae5744480b,1,False,M_ROR
251bd25fe223d93fa28fcb58637cbfaf883c4caa0c42836eee131f78fd36b954,l_SW_BB_C03_A_SW_BB_C03_B,FG_3e92f4fd4638fe67b0f483f3be64b3fc34ebfc9a9a572193d90edf01473e4b86,1,False,M_ROR
27ac240cb5ed9e3733d98820a1ce516c093638762b4609bf7909520f926ac135,l_SW_BB_C05_B_SW_C05_M01_ACT,FG_3db7e81636266313a73215e446d910a5e8b7be3237ae7a5ae4e705ee69d3db7f,1,False,M_ROR
291bb1083796821f276ddcb0de2f8d056d8dec33a6fc28587bea124b3d05c97c,l_SW_C04_M01_SENS_SW_C04_M02_ACT,FG_eb796316dbe318de4a6da90a9b572325e92131187575422be9250091f7571ffe,1,False,M_ROR
2a367f89fdb07823c2d71687bfd8e3007a9d42a447aa6e7b40e676a0679257ff,l_SW_C07_M02_SENS_SW_C07_M03_ACT,FG_78836b452c8bf72b27c16bb25be8b9e351853cf95bf53547f516f6405d457019,1,False,M_ROR
3098b8db22e7c84dfabc1166b44ccece8da25d58fbff1ca60a3458b4e4153cd8,l_SW_C07_CC_SW_C07_M03_SENS,FG_e0c7375b9a30ced1723e8e28538ccd1bf92df808f3c1af758fcdea00b84a918c,1,False,M_ROR
32b40e078ce6a47e3239e3376b5ccbf980c8a38fe15081e0f58463ba5139e8c7,l_SW_C06_M01_ACT_SW_C06_M01_CTRL,FG_0dec9985bdef2c47086d4cc1e151da9acaffba38f70fd2ae37c1feede3992c23,1,False,M_ROR
375e6747d997589d428c78e1624055719aa9718f06314d6766ed1bb9dd4fefc7,l_SW_BB_C01_B_SW_C01_M01_ACT,FG_ecdeee05073acf4e9b862784714c225b6c8351bad54ea1decc7b11c04d500d03,1,False,M_ROR
37a150c3e19d957f28bb3b04e8276dca4d77f2a5d3aa965a75f3b3bfe5df5384,l_SW_BB_C07_B_SW_BB_C08_A,FG_c1f936544384051ed120faf26d6dac7a6d314f3742870197535599b4c21cd852,1,False,M_ROR
3ebf5096e04d1bee468705db82e0ba533157699566cbb35e7c7d3417be9c7d78,l_SW_C08_M01_CTRL_SW_C08_M01_SENS,FG_f0dfdc8329ae8927b7575c6d51f044fd440b159ab758deac51096c30a7dea44a,1,False,M_ROR
40e34f9bb77e38acef063ff8a8411fae11d48217db380c7adb23ace7276b6f77,l_SW_C07_M01_SENS_SW_C07_M02_ACT,FG_f8ff3c1d21cd460214575a5f3f9318fd891d676b0b1beb1c76b03c5848496586,1,False,M_ROR
40f7bc0cdbba92073bf8bfc7737a1bfceafb319c714eb3779b8de6105a2ab1f8,l_SW_BB_C07_A_SW_BB_C07_B,FG_86ce42afbac2677d9bc01608b6ad75129c79114a8f5dad50b7d01f271a919f92,1,False,M_ROR
412f181825c0c8c477f02f7140252875e01d82dcdf94fdc3959fe0f309c5d9eb,l_SW_C02_M02_CTRL_SW_C02_M02_SENS,FG_7825a1cdc7a07c19ce2789e19d35889c24361360f791d428b50e412792608393,1,False,M_ROR
4256b60d51988912a26d2c4b4f76695e745665742d3228d9b9f127f5b4560078,l_SW_C05_M03_CTRL_SW_C05_M03_SENS,FG_df88e2185724be45cfa72ad1b62a54be5e5d8d38147fc75d254e293608d6e648,1,False,M_ROR
42e87748c63553e0cb286f444ed209db68aba7a1fa03de75aa931de9458727ff,l_SW_C02_M03_CTRL_SW_C02_M03_SENS,FG_66ed1d91e865a808a20a7d270455e4f9657788853ae110f48d66ad8feea23d7d,1,False,M_ROR
43b209a0ac24d2e6a3f5035ece7645e5d63cf59861d71ca4b18afe242d2f3f17,l_SW_C03_M01_ACT_SW_C03_M01_CTRL,FG_e103eec878dc453820469fafad529c2dd25069bbbc2f918aefbeb167d2328b8b,1,False,M_ROR
45633a625b39a85c474bdf8ce6a6364fcee3194ba8bb9011f3a192625f8b629c,l_SW_BB_C04_A_SW_C04_CC,FG_de434317950f7e4864c5abc14d88881dc15dcc45b84072be9d73f9f33b34faaf,1,False,M_ROR
46675419e33ef6daaaccb3a848effb8ae360696a25146dd782b344b9d080e2b2,l_SW_C05_M02_SENS_SW_C05_M03_ACT,FG_7f1128033ed4a67d70a91727e241646f9f0ad316faf0d211fe16cd6f5839d72e,1,False,M_ROR
4684b72f0e19a8cd5963827afa8025dbce4169f16b168bacb0661af5906f94b1,l_SW_C08_M02_ACT_SW_C08_M02_CTRL,FG_ea06538be2ba175ac5b35fbe68e663d170254061e3419b867269b6744689ea8b,1,False,M_ROR
48fe072021352ebdf547d7748cc76332eef47a60c7f08e561b8fa47f43266382,l_SW_C03_CC_SW_C03_M01_ACT,FG_57025b813be7986fe8ee11992ba4baddff07171e50e78bd20b9ef0d9d5dcfbb5,1,False,M_ROR
491ac09da67e0c0a261ba213b9336ee1a83fb06373bf0bca9bbdb76447f0c4f1,l_SW_BB_C05_B_SW_BB_C06_A,FG_c5971c4d52fee45c105e26c739284331f8498d183324592a6fb963ebc7bea4fd,1,False,M_ROR
4a7484d70046631fe2dc1dcff70d9d15cc9ccd5c07fbb9f24ae7a2cef2aafcc6,l_SW_C01_M01_CTRL_SW_C01_M01_SENS,FG_f65df16aaa75fd97a9d3f09c02f7698dc8e103452bb7f777c15badf9481c2f7e,1,False,M_ROR
4b08bf4444375793ba8254ac4b5b352041f58ba61b282e28b0855a0324969565,l_SW_C08_CC_SW_C08_M01_ACT,FG_9140521eb320362aaa557f01e96e878f53a821b9b5ebfebf27b6dbc1a0747ddb,1,False,M_ROR
4c16adf3fb534a2dff8c039efb08ad9c8a143c4c3ae55016eeae4a22182a8cfe,l_SW_C03_M02_SENS_SW_C03_M03_ACT,FG_becd6af23694e9eae95ef53da9dcfa444384f03994afeec2a42f296adbeae97a,1,False,M_ROR
4e25ca2c394b76db12d4090064f5df30950e6f1b0c113bc81560ecf7327f3a08,l_SW_C04_M02_SENS_SW_C04_M03_ACT,FG_742187827015e3f2cf01b685008d043252761f1d6549936c398b5f271b59b17e,1,False,M_ROR
4f1cc2246e775b2b2d8e015122341ebee75e6a983ff54a838ac43da42cf0cd73,l_SW_BB_C03_B_SW_C03_M01_ACT,FG_d99f35316ebf86a35845c9a85b4037960d5313f2b93d37917ef72e7b3b851c29,1,False,M_ROR
4f29954ce9f18fa748ca707112dbc8771fe85e7ff809e592ebe29585785c4131,l_SW_C01_M03_ACT_SW_C01_M03_CTRL,FG_d088460597875edfaaba1660c68df22e7e337b286480d583ca3e87153cdb873f,1,False,M_ROR
4f61d9318db53b183c7535dc267eee78e5ade8fc4e90f04d3dc8355a46704170,l_SW_C05_M01_SENS_SW_C05_M02_ACT,FG_2bee220b3c85cdc2e978f422cdfd7db99a22145d2afe78d5e85561e0951399af,1,False,M_ROR
527122c3b3c82ca0efcb1b5b489d367555364b81522aa12944c2021ddc9ed6e6,l_SW_C02_M01_SENS_SW_C02_M02_ACT,FG_ef89c77779ffea4c98d98969d62fdd4322b39e49c1dda6611af1a60b3eba54b4,1,False,M_ROR
59814e18bf7fa55e97d91c8a8b98b89ac17cda904a6646a5875ea3164613530c,l_SW_BB_C05_A_SW_BB_C05_B,FG_de892c6b945ddde040d1d971ccc08dc9284459ceb50d09a3cce754ceaf91f25f,1,False,M_ROR
62f925d7309d04c4b66269ab44c9dd648987f4c8940b95b9c0d72377165d1e2e,l_SW_BB_C01_A_SW_BB_C08_B;l_SW_BB_C08_A_SW_BB_C08_B,FG_23d7e13c2d97e127391f6f915e5eadcab44cfc7ee9ef3ac4c8591985300538e8,2,True,M_ROR
63ca51d9b2ff1faad1c62417e353a338ceb02b425a10e6f14456ad510c0c8db6,l_SW_C05_M03_ACT_SW_C05_M03_CTRL,FG_8ad9319a35be702609ae77a26344e8df5da7898f1a254c36c2726dd8a128d7b8,1,False,M_ROR
644e335a44f4f2499cd2c236f4fa6e7abd34c3122e76bd8d4d4d45f404dad52a,l_SW_C01_CC_SW_C01_M03_SENS,FG_e60b3d9ab39d346d12bee1e73fdcce8f1d07d2c5ddf668d9928f5d3ab8fdeac4,1,False,M_ROR
6a3c87a0592f737ac3e1765ee208053f879d572129c8d33e5c575186831cc0f7,l_SW_C04_M03_CTRL_SW_C04_M03_SENS,FG_d257db3478903be6605fa7a888f48be87bdc778396b287219f8609145e212261,1,False,M_ROR
6af7df6fe0038033e39d988653486914d80dd25b1cd2ecd1d7906eb907fe58b3,l_SW_C06_M02_ACT_SW_C06_M02_CTRL,FG_7ab27bc8a7a326bdf06da9139e32fedd01929e1f1d50725acdaa3a42906275db,1,False,M_ROR
6e137c9d36e7549908a0c34492395b58c4821d3e72eaa87a08f6c6813a3b1270,l_SW_BB_C06_A_SW_BB_C06_B,FG_25ea207a111f73ed164bb7f4ba906da2a2d19fa62dca86f35bf18b4fd42358ee,1,False,M_ROR
6e52699d908ba2154e45f6bff0c492c4b92e346e2b429bf559a4a7a57c080b42,l_SW_C03_M02_ACT_SW_C03_M02_CTRL,FG_16e3759aeb6fb4c7081c1d95b5ff8740e295444b18a183aff19deb22dbb1415d,1,False,M_ROR
70222b5e3c239a9fd5995253642af92563259b63ba0618e2b9d9f5ffe528be6b,l_SW_C07_M02_ACT_SW_C07_M02_CTRL,FG_faae5e438295c2c7e769b4cfe49cb6388c03bd4f6777d43fbc868b8ba2a55860,1,False,M_ROR
74abbc59df910b662a5288b25abd1fc20e427e8d1a68d14dfb68cc51209b5aa4,l_SW_C02_CC_SW_C02_M01_ACT,FG_69e1d28d04d7669cab5ce4481b8683f065ac8ada72ce85ddfd104771a80a7b93,1,False,M_ROR
757d6ac165bfa8a9bc16afa239eda53da3b951fadf9b804c11e681c371f3834a,l_SW_C08_M02_SENS_SW_C08_M03_ACT,FG_86db16ad9df9c6d508e28cc8475e6432ff590a332840473ccbf68d97b618a019,1,False,M_ROR
79d336819250b498e57c6e6791d914e6c2871bc84b364811ec309eb8d7004f08,l_SW_C07_M01_ACT_SW_C07_M01_CTRL,FG_6bfda7b88a7c4af4f5a0b321591662d88f8ec7e3a0954b54e890e06a201f3d6a,1,False,M_ROR
7a2d5c8d050176407efed43d8112006ffee140b3ef998cb5f95111fbf5e6150c,l_SW_BB_C04_B_SW_BB_C05_A,FG_05f19ece34f9ab03efaa59d5844f9bf0b41da5918eaf8aa8086e07d6d97ccdb0,1,False,M_ROR
7b535a54efb6f1b566b8c3f20a0d12e86978fa6d6c96833f3350b9ca0eadbada,l_SW_C03_M01_SENS_SW_C03_M02_ACT,FG_c446fb9311c9ecf14c8bc190f308c12508ad765b0b0ef6944765986424c59258,1,False,M_ROR
7fa6b2c0e20624e1bdb89939889cb7ea67e8be93cf1f085bef28e18c0aae0275,l_SW_BB_C06_A_SW_C06_CC,FG_caacd630bb2687e30adc15009489f66a1f546681086704c8162bd9790a449d92,1,False,M_ROR
81d869587e4c6956083b4d4018102c84f7324aa41258792855b760050b6af2b6,l_SW_C01_M03_CTRL_SW_C01_M03_SENS,FG_5639e4fb9a3128ae3859ecc36a5d7625da11f1cc86a3847c3e0cf51216465e7c,1,False,M_ROR
8226e4f4448e7977d64bdcb1c8ed3d58230eb587b5a774fee6191f069d6e5820,l_SW_C02_M01_CTRL_SW_C02_M01_SENS,FG_61972511da15de3d11e2e42f2216cb6ec01919c24d83878b010acebc354c2711,1,False,M_ROR
85fad48d837b4bdfb204f2163068e318dec67d8a91cf7d9e7d4bba84ff27a0ac,l_SW_C04_CC_SW_C04_M01_ACT,FG_fde3828f411d66fe77521d637a48cee9bbf9788314d8f188e0249f14c194d3e6,1,False,M_ROR
8ea44090faddcfd60233ded7bf014681e28f6d2279b5bcc6632646f6fcba03ac,l_SW_C07_M03_ACT_SW_C07_M03_CTRL,FG_4026342baa0152c2388c51cc828a3889a012af7597a6d0a008174878233bc248,1,False,M_ROR
8edfd7603adda9672af9413918b473132bce80af1a8c26f946a7b9aa10d5844e,l_SW_C08_CC_SW_C08_M03_SENS,FG_52825034e0db648ddbdda22518fcab5816d312f5c9e1d8abd127f06a0a27a468,1,False,M_ROR
8f55e55dfcb00bc8ea28b6ddb88e07849bdd69e72f68f5bbd39e2d07ae089215,l_SW_C07_M02_CTRL_SW_C07_M02_SENS,FG_45855f23152bba1b49eb5a93f38c932df607c0e3770e2a8581b60674fe178e15,1,False,M_ROR
91a64ce8ebffefff0dda2ba24ace3c7d35ecf840dcf73afd835faa4736da14e0,l_SW_C01_CC_SW_C01_M01_ACT,FG_246e7d2fcbd4500605648c06b6b0ba6f37d7772737977257e1b1b46c44953351,1,False,M_ROR
93b11b2caab44afdc58d733424f62df64a3ddbcaa00c7508d39ab4c0bcf294c6,l_SW_C08_M03_CTRL_SW_C08_M03_SENS,FG_8d0929d92437ee8982f3650b052a7f712f3c8e269766151ec4513c637c6a03b9,1,False,M_ROR
94ee24cc9336bf40e9c3a91fc7c41406c4208d1c5e5645163bf8950956909d3a,l_SW_C04_M02_CTRL_SW_C04_M02_SENS,FG_5599c3b386223b8cacbc4019047a550378741cbf7585980ecdd6525b826e1efd,1,False,M_ROR
98fb638135a782be8fd0a7eba2e7a9dae5e1384c9c28bc5f1e6def1a7d6fb5ce,l_SW_BB_C02_B_SW_C02_M01_ACT,FG_8c4870463d4363924fcae715305086e9b6bcccfdfbd729794e4f4802d37a2977,1,False,M_ROR
9da440395a2b29230b2006665f0bf66eefa9c3d2e9259923e21eccc72e415581,l_SW_C02_M03_ACT_SW_C02_M03_CTRL,FG_a06f104470df2e3ff235818eee85ead6bfaa26dbf4553441c703c835495fae72,1,False,M_ROR
a3d77973c890718809e3a065368b6e5b1287d8ba83d3d33b7455ebf2b8aa0f57,l_SW_C06_CC_SW_C06_M03_SENS,FG_3acba690a232e80f5b270d60a4026509e3609ee353b33720d3930c6712cb0b3e,1,False,M_ROR
a8bbc6939590360c9a3855cd1db26079e6cf01b22f9a04d9f192b96483a2a0d5,l_SW_C02_M01_ACT_SW_C02_M01_CTRL,FG_ca3a07abf0cd8bc3f3441afb10594d45377f84bd77999ada6d863a654e8df549,1,False,M_ROR
a982ce55ccf1df6b20abfbaf6ffe9cd5fd8a4fcc6ba6d3827204a9bc866087b0,l_SW_C01_M01_ACT_SW_C01_M01_CTRL,FG_456396b4ea00b558f60d0ef4152ac25975ac520491f354aca2a0bd101863a47a,1,False,M_ROR
ac7189d7c786177ae840893db3dc0a4606ab27b33c8541bba4aeba449d171b24,l_SW_BB_C08_A_SW_C08_CC,FG_2ca847e055d4af586c345fcf168b33f1a877acabb7280ac747ae374ebbe04f45,1,False,M_ROR
ae23eb57f5fd1bd5b3f13ad1d0b7ff61ef72b2319580ce8815ecc42f1327eca4,l_SW_C08_M01_SENS_SW_C08_M02_ACT,FG_95e4fd667a08820e951d0345e67a05ae729b5f664b7ffd61e1b823c6c616691b,1,False,M_ROR
ae5dfc96a4447f83bfc1b55b09e764c9e73f00eaa58fcee2bcab3b97d02e34eb,l_SW_C03_M03_CTRL_SW_C03_M03_SENS,FG_9b20bfff5f8ef0dcac8ae754cf9f572ffcfe63074e0eda32e150b6879e9a3b0e,1,False,M_ROR
aeecc2df68a02c44cab4df48c34bb031c0d15e5c625f3a4f5acbf69e036f6c6c,l_SW_C06_M03_CTRL_SW_C06_M03_SENS,FG_3036ced88000f2b3664c70b0d47f726bacb5801866655d0747ab7df723d07362,1,False,M_ROR
b1747345f1d884c170b469e3acf2bee94563f5041499b8b8e9b708a0d1f9f80b,l_SW_BB_C06_B_SW_C06_M01_ACT,FG_bb10bcb23d2489060323cc47b8b0392a746a9e90269d35887635b2f4271ef2bd,1,False,M_ROR
b507317c60eceeb13ab142678a9cdaeffb5060d9380605eff84a0f442e7f79cd,l_SW_BB_C06_B_SW_BB_C07_A,FG_2020c0b99d9d698e71db4daff99263c5a68bd665378aa29320fac4e0f3024482,1,False,M_ROR
b68d9b187ec1a5cdc7fbf8c09283cf9469884fc7695eb19f358b49c0d3ad6278,l_SW_C04_M01_ACT_SW_C04_M01_CTRL,FG_655088bbc460dc03b14f14a07bd2af7f3d02822f525cba167e321448cc97e600,1,False,M_ROR
b72fa65fda6a51e170066cfba074df7c35dcbaef4051aff88c97089e7ebc4cf4,l_SW_BB_C04_A_SW_BB_C04_B,FG_df791fd03c5a792cbc14b2e688813e6dfc04e0f19e6d58e569ca857651ec1065,1,False,M_ROR
bb5a9c0b2a03ac9f520ca9a4184945f03ffb2f73710507f56dffcab1f9e1b106,l_SW_BB_C02_A_SW_BB_C02_B,FG_92746aa0de13d415752ac108fafe78bcb0977d520b80fcb632e39460bf3291ed,1,False,M_ROR
bb7efba892f8d35c7fd266b3ab64fb56101c21adc4640ef84b3bb1d98a09fc73,l_SW_C06_CC_SW_C06_M01_ACT,FG_c6d9ba5c3011839862bf8f0671bcda9d55e3a32983a5ce7ba3b32e73cf8e4da4,1,False,M_ROR
be9697f764f482fbfa54e102269d2fc74c8a1609a96a5c5162e1fd0642ccd789,l_SW_C08_M03_ACT_SW_C08_M03_CTRL,FG_d7806e5ea59fe520094ca30c0798ba9a7b762137da3ba9e7feed6266c7220428,1,False,M_ROR
bfabbba1af9c4eed11b5cd0fdaf2f6640b0e14442585ab08d1dbb35faa187990,l_SW_BB_C07_B_SW_C07_M01_ACT,FG_2dca9cba1f8c6eec6e94774c2f432e54f4bb5558ecec58dc293713c3a374a7ee,1,False,M_ROR
bfe768c4ff4e09d30451103493e374146041d0ebee921387954ee2550a3cfc92,l_SW_C08_M02_CTRL_SW_C08_M02_SENS,FG_1013dce6df3e6f820865c610819c0888926902e2452885e115be4d5f2467e2aa,1,False,M_ROR
c1aab5a9d5505e54133b8b0ec11accdda33f36d042be0d7ff7ca058cb025e42a,l_SW_C03_M02_CTRL_SW_C03_M02_SENS,FG_986c4a2a59e6fc15c35e37d718ee5a1280833ead5f6cee04c8ae9d56e078327a,1,False,M_ROR
c3c78f513a687a92bf197ac1b2dd3858e714bfdfaa798cae35ed4352e41bab60,l_SW_C01_M02_SENS_SW_C01_M03_ACT,FG_7a47a73156a6e074d01da0e2cb654958d12c2e0849f45e01db7864e91996528a,1,False,M_ROR
c48360e5d237f5c445b334dd330bed61f31f44a3c54a5f8635706d209e4c8473,l_SW_C02_M02_ACT_SW_C02_M02_CTRL,FG_ae1ad26f1eb1f2d82bc6f79180dc9428cb3019ee9a839f54a00133936b1ea3d5,1,False,M_ROR
c80b685401104f3664061993a3fb75f6df7b6cfc7e76e70b154439abf2621ceb,l_SW_BB_C01_B_SW_BB_C02_A,FG_d636e6c533f663f4407a30486d263a52874e08da8de566112fedba04ee922ec3,1,False,M_ROR
c8e227b4c54c7a1209ecb5a3eec73c7f3afa2ce57bd6653a96514b3e7347458b,l_SW_C07_CC_SW_C07_M01_ACT,FG_f110513d7307704af8e63696b5ecb23946070a7ee8d75ced11e53700ebf3fc08,1,False,M_ROR
c9e344946389206b3042260e5c0fd59f42966a1b72dd177043140e378c818c8f,l_SW_C05_M01_CTRL_SW_C05_M01_SENS,FG_90629c54e21567eb4a27dac93a60babfb0c8e50fbb816946be1b2c9a89e365b3,1,False,M_ROR
cbc1c6081b51ecc25e8144b5c986932d2f8ff0234192289a3fccc6a47b6f8288,l_SW_C05_CC_SW_C05_M03_SENS,FG_35ffc9b2b723962c19288b925c7d57a4f69242b2ad012dd20cb35cf253f166e3,1,False,M_ROR
d2e17e1aa10d9ac485c93dc95200409437881710ccc63647e9e7d2877ca07dfa,l_SW_C01_M02_ACT_SW_C01_M02_CTRL,FG_c5b1252d4aa743e7801973194d09f19aacc2ec1f7fd30cf6c5e7e65716ae037a,1,False,M_ROR
d316972f8c22f72b20fd9f15a2cb64720f5c0b57b262ee238f1bfe1b206bf971,l_SW_C06_M01_CTRL_SW_C06_M01_SENS,FG_1e36482a40cfe1e97776b9624660e92e7f4c24e86d45767dad8fc1c7dafc5266,1,False,M_ROR
d39437f49b04a00c25121784aa5b16c8d44b258f6b415606f2cb2cab1486cd7e,l_SW_C06_M03_ACT_SW_C06_M03_CTRL,FG_4f6a2a26cff45c3a134b2fa9b8a4124019f34a05958f248210569853cec90644,1,False,M_ROR
d9b83ffd142045ac6a12981d3210d8651f019a683b854d57e3a6cfe4c22d78d8,l_SW_BB_C03_A_SW_C03_CC,FG_13374e5a095b04974138ae83d2cd8060f62dc885a775ccf6c6aeac2c4ab6b857,1,False,M_ROR
e12e55e3dd158c755b171a5998c13d38bc7aeb0356132afbdea203ed9d91a1e7,l_SW_C05_M02_CTRL_SW_C05_M02_SENS,FG_8959e591132145318b88a24c866f83debc95f951ebb6114ae4e8047a299e87a2,1,False,M_ROR
e793d35134a318b0193a6a63a94134bc3c8bf75b58921f7b77829588be53c3f8,l_SW_C03_M01_CTRL_SW_C03_M01_SENS,FG_9f11aa49a42d2ea5441fe8489ee4626ec1316be0d2bc4bd84b7e8e0ef8729040,1,False,M_ROR
e9c3443b9d4ca252a4409fab8b7c3d358661ba5bde845e6c944be9e8bf99c0e2,l_SW_C01_M02_CTRL_SW_C01_M02_SENS,FG_95d251784775a3dbc51264dfe575c1838808ef03388a2e7d111f793c6c8fcc30,1,False,M_ROR
eb2e48261c5dc7984290f5d6e0d666dfe27b75dd279af756976de00cff7bc692,l_SW_C07_M03_CTRL_SW_C07_M03_SENS,FG_9633d9a30fbe785643b4029fce243e4201d0f71e17ef10cd6000cdd3f3851e65,1,False,M_ROR
ecfe56a32bee856a8cbc656a770191ed06dc0c97144317f96fd9337f54cb221c,l_SW_BB_C02_A_SW_C02_CC,FG_6e108ddf3466909b7a39f8d906bbef193b88cba6c0958a9482502a9a2a2f2c24,1,False,M_ROR
f099f41f865ef3661f6b91a8e52cdc3c1dc02bf88bc7e9b90e91d3fea084dbaf,l_SW_C06_M02_SENS_SW_C06_M03_ACT,FG_316a3c0e7902ca89a1d84ee9d6bfa6bfb7c050018a5e53bb0344a45b9df9c128,1,False,M_ROR
f52b4744584fd4550416a8d1890e66f7e3e45c6b2c173b43bc1c186458fe5f1d,l_SW_C04_M02_ACT_SW_C04_M02_CTRL,FG_9a644a65e3cdd33acbf627e1c309f96ee4ad9afaba0eae67db4e96eb567966a4,1,False,M_ROR
f5bfa3bcaed79c05db6855466f1fe1ef53ea51482b6c0c5afc812731343f4984,l_SW_BB_C01_A_SW_C01_CC,FG_70d8b1b1fa121768570e45f8971b64e1dc5bfe436beb5585b547b4c6877f27c8,1,False,M_ROR
f79d2865b974d80bcfedaf86bf494a2dc06dc978cea3eaa018cbb026efec1fed,l_SW_C05_CC_SW_C05_M01_ACT,FG_506580afffa6fdb9daff2d265c126b6cfd0127f214b3c2aba7fd7b43061758f4,1,False,M_ROR
fa4b7f239865d643e0c0f7914ed69338184ebedd9e684463b5bb9be19daaf176,l_SW_BB_C05_A_SW_C05_CC,FG_1a73b01e45b7c3f594204f12b182b40c3e7258dff361ae3d4cbb4fdb2920d27d,1,False,M_ROR
fd1104ab6e3e33e39e33da842aa7345983864f339f39cb2f92f933f03c3f8420,l_SW_C07_M01_CTRL_SW_C07_M01_SENS,FG_576cf60774d0a6b0da96b7ab3681365dfb8fb36247406ce8c8bc109112ea5ab7,1,False,M_ROR
fe12861fb9733b051fa045eaab7fb861aad66627c3eeaea5c1393d5f4a8719f8,l_SW_C04_M01_CTRL_SW_C04_M01_SENS,FG_c01e3e28e52ba20cb8c71c3e28a20b9bf9acbda741b00ddbcbff84e886b685c8,1,False,M_ROR
fe7c277aff2a4f20653b573287c8fc124cafb314b5dcee57b67d2add61df2383,l_SW_BB_C02_B_SW_BB_C03_A,FG_85070583610ec117f872ef4348bd64c7a530a97fade47dc3e28aa6dd5923be50,1,False,M_ROR
ff658a30e08708f7d6a141cdb41ebf0f74161fc5b54661bb1e49f0e8b1318e56,l_SW_BB_C03_B_SW_BB_C04_A,FG_b9c947bf7df33d28dc80467eb87e33e237683567f9752a0d8a959dd8e5923b04,1,False,M_ROR
007567b7e499f6afa5e46e2aef5f48c908902f998e3aa693044689dc87542b6f,l_SW_C07_M02_ACT_SW_C07_M02_CTRL,FG_faae5e438295c2c7e769b4cfe49cb6388c03bd4f6777d43fbc868b8ba2a55860,1,False,L_RING
0181e09e6f844a60a93cbc43edccff39badad0f300cbc8041018fa60172ce58c,l_SW_C08_M01_ACT_SW_C08_M01_CTRL,FG_b991bfa4b0425d43a203401fa97e0904f4e6e88733c6c11c17160a1a90c84e0c,1,False,L_RING
048c908fc349d3c6716fe9c74c02793400edb11039dccb680ed06855f45b3a5f,l_SW_C10_M01_SENS_SW_C10_M02_ACT,FG_ab3d11915e39a4730df098333974fe67411b0ee5de2068b844062716b1fab24e,1,False,L_RING
04b38b88f5e7d340768e6bfec48d228d039530c30040d0fb7fe8e1b176b32d17,l_SW_C03_M02_CTRL_SW_C03_M02_SENS,FG_986c4a2a59e6fc15c35e37d718ee5a1280833ead5f6cee04c8ae9d56e078327a,1,False,L_RING
05009bf23a05e3bea2be8c37413841e49d23b2a87e064944a96168f73e3ac983,l_SW_C13_M01_ACT_SW_C13_M01_CTRL,FG_4fa1f6a28712cdf52a4a166bc9b5ba073720b8c7dc861399ea980afa32b0287c,1,False,L_RING
0568b4d0eed091ccc5b0f7f6c30f19eb69e96fb7be5899fd60e9132f9de6f5dc,l_SW_C01_CC_SW_C16_M04_SENS,FG_8187fdd64a6e1c532574f0d4e050a32a23de0f366d7aa79cbe9558eb51d8c461,1,False,L_RING
07dbd81440240cece92cbf8e45c26a6b42417fa456cb046c4f42aec20439f562,l_SW_C11_M03_CTRL_SW_C11_M03_SENS,FG_9639a800f1160f57371d12fee74d252a6470325a7b2f57a2204e2de5b6de3c62,1,False,L_RING
0b105ab0635bdbe1bd7bf3c0161a6194748c02559fc78605480a5efdbeba59d6,l_SW_C16_M04_CTRL_SW_C16_M04_SENS,FG_58f28b5e72d983c9f7349a83b666e6c458c2caae7cb8586e020a6bf9d31e35bb,1,False,L_RING
0c7ca190377a60b5d8fd3b6fbf15ca6b492c768197d29159824beee3d75ad5ff,l_SW_C15_M03_CTRL_SW_C15_M03_SENS,FG_d2fd5d1c798000030177c17a19223642ae34415cd9a181d46eff757f62ac3b5e,1,False,L_RING
0cb67d7756f1f2d6651aab681d8a012aa8d6db0dbd6265fb636c6325202570e6,l_SW_C05_M03_SENS_SW_C05_M04_ACT,FG_9e156a4caf8ac4233241d551f071bf8790474fd4dd63829b2538a146a9c22557,1,False,L_RING
0fe591aa675676a645613f223b376016ba3d82cb5f067add9d73650308bd1e9f,l_SW_C01_M02_SENS_SW_C01_M03_ACT,FG_7a47a73156a6e074d01da0e2cb654958d12c2e0849f45e01db7864e91996528a,1,False,L_RING
10b62f8cccf5b03901f6a6da05ba714a6a1ce97878fb27d7abe4740714176c57,l_SW_C12_M01_ACT_SW_C12_M01_CTRL,FG_498079f7e98009670aa4f029c516a206dfe0b50adee381164c616624dbf0b79b,1,False,L_RING
13bb5a94e9db019cfeebb16d41c00aa5bafc11e3083019ef98fd1a621a0a0cea,l_SW_C15_M03_ACT_SW_C15_M03_CTRL,FG_d7ffab6f5da5b44ab5bd734477947f91487731d40b02e48d7d264ad97f6abaab,1,False,L_RING
15a4af1043689e70f8d471435642b9ea0b6d18aca143e3e1f8c50525f04d20aa,l_SW_C06_M03_ACT_SW_C06_M03_CTRL,FG_4f6a2a26cff45c3a134b2fa9b8a4124019f34a05958f248210569853cec90644,1,False,L_RING
16f05845f9e23f786d38ee2315c310bfd1542bda51e67561bac2717315a5be36,l_SW_C10_M01_CTRL_SW_C10_M01_SENS,FG_dbfa04c94bac7a32e2197227c8a4047f0b0b4ac6db706729976b0d1bfd6d2675,1,False,L_RING
174637b219f6dcccd0accd0fd8e26a46359f96977eea2f8c28a89301b9cabf70,l_SW_C04_M02_SENS_SW_C04_M03_ACT,FG_742187827015e3f2cf01b685008d043252761f1d6549936c398b5f271b59b17e,1,False,L_RING
19997eaf0fd7fa9fe172d8760c9cdda1a3ebe6d43951b1a6a17ff7cd80ba3e4c,l_SW_C09_M01_SENS_SW_C09_M02_ACT,FG_c235cb74d11ff9d25610d6643ed6ae56181b86c3d78ae1c326927b1a26677a40,1,False,L_RING
1e83965ab64c202d940e08979b1a55aa7871278751d325ef85a03a3d994a714e,l_SW_C11_M04_CTRL_SW_C11_M04_SENS,FG_202a19f74341403614cfa002277d3fb5b2a2efd9c42f78156037f70d30e2a27a,1,False,L_RING
1f446ca2d3e5fc4281339dc945348a3c03cfc0dcee40681953307d1039198ffe,l_SW_C11_CC_SW_C11_M01_ACT,FG_ff33802a5e924b957e005b21bd22031b3a5d47d07893fd28e9fb9aaf64ddd616,1,False,L_RING
2086bdf3732dc96e4760768dbda3b3e86a6edd5dfce6efe6732bb3535292cf96,l_SW_C07_M04_ACT_SW_C07_M04_CTRL,FG_48052b55d9950543ad6c00a12958e0e0f7cc707e89394e25abf537fcb8e3f598,1,False,L_RING
20b2435b1124fe3b9e4b0e29eea7d7ef96f18dfcf5f20cc51d05c9e218cceb81,l_SW_C05_M02_CTRL_SW_C05_M02_SENS,FG_8959e591132145318b88a24c866f83debc95f951ebb6114ae4e8047a299e87a2,1,False,L_RING
236841f99b73df26ed1990de6ecb450054f19b33b77482d4a2248db8436408f4,l_SW_C14_M04_SENS_SW_C15_CC,FG_2769ec9fbd48f73c3fca99ceee1ac415f0910362ceb3aa78e4a26430650c9711,1,False,L_RING
23de344a03495bfc2e8e4e69cf3c5ecf77d8eba6c5bc151c3837d891f46fb88e,l_SW_C04_M04_ACT_SW_C04_M04_CTRL,FG_c82016f36bd55ae02eb831b915de3d6b24196ec22e25c5f3cdade643573a134f,1,False,L_RING
259a4b01cdc7740d32d53ecb445ce9059c4b2f4479722ca4b76d695bccb0f3ab,l_SW_C11_M01_CTRL_SW_C11_M01_SENS,FG_8e36809c289dca92293fcb0c2ee1f865ef91940e8f8ea78ddd42736ecbbdf2df,1,False,L_RING
26c5dea35afd652c984f4000d6ee46bd6adba789742de3a64c419ab4de3a356b,l_SW_C13_M04_ACT_SW_C13_M04_CTRL,FG_32c7ebd13a619bd8601ecd633292001bc41a09e49dd1c85f3a425703f91549fb,1,False,L_RING
27b2bbeb630395fef1440ef4b8d91a3880d480c6fdbe39e8a8cd6285d55e3ec3,l_SW_C14_M01_ACT_SW_C14_M01_CTRL,FG_f2dd10f6f9020c394da97365ca1b46371aefdfa16d9bd0f358f9cba178d33208,1,False,L_RING
28b010c8301d94df27552e695c88c25ed3871e3dc1389d9dd9a4797670e6139e,l_SW_C11_M02_CTRL_SW_C11_M02_SENS,FG_19eb63bdbbac5723de2255dd20e8ade9236966bcc7e5ccd08b581c390ff8e1c2,1,False,L_RING
29ef2c92b2f0b2619ef75ed6314d398d7dcb7f8cd077b70ad1b668220ff10be7,l_SW_C10_M02_ACT_SW_C10_M02_CTRL,FG_2d538cf56e2854073749edde362c0569a88d1909b2ad464f03a3b483c6de6dc7,1,False,L_RING
2bc567737a7279d511226a67cb4e87230cd55096588d3920549d1f180475c817,l_SW_C08_M01_CTRL_SW_C08_M01_SENS,FG_f0dfdc8329ae8927b7575c6d51f044fd440b159ab758deac51096c30a7dea44a,1,False,L_RING
2deba1ac77dfc2c4d2328084609d48585e2a1414c3ad2ccb4edc1ec59eee41b5,l_SW_C05_CC_SW_C05_M01_ACT,FG_506580afffa6fdb9daff2d265c126b6cfd0127f214b3c2aba7fd7b43061758f4,1,False,L_RING
2fa13f7db9bd3bf16147db846000c045065d6ca4f85262d8eef65cbecd32cebc,l_SW_C06_M04_ACT_SW_C06_M04_CTRL,FG_1c416874857b6dffccd4d33ff27af1733e38fc1ee77ffa391c50f08ba6ef1ff4,1,False,L_RING
3175aa4085dd697e277fbb7b7f39c4487b2e711d7771ab788c5722e3560e8b2f,l_SW_C12_CC_SW_C12_M01_ACT,FG_21ac0076b2e7eea9aff6cbe93bf050e1491c0bf66bf636a610ae60be5b27c5ae,1,False,L_RING
326ae897f1af4f2e457925bfcf73c02e4bb62a4e3a9db3d00ed4c4512e0e3507,l_SW_C08_M02_SENS_SW_C08_M03_ACT,FG_86db16ad9df9c6d508e28cc8475e6432ff590a332840473ccbf68d97b618a019,1,False,L_RING
352a72bbca3b3ee525f8bf9b0c051554c79ae5f9dbec77b3831c8d3919e0ba8c,l_SW_C09_M03_CTRL_SW_C09_M03_SENS,FG_1e518cdf70955d725c9a88aff71a2f654a94940227bb2a92eb21a82d0358a0ff,1,False,L_RING
35a9ca1c3c016877d8e8532ddad70744699061a3bee75d50cddba503585200bf,l_SW_C02_M02_ACT_SW_C02_M02_CTRL,FG_ae1ad26f1eb1f2d82bc6f79180dc9428cb3019ee9a839f54a00133936b1ea3d5,1,False,L_RING
361aa6d45dd0da7de1545295fb5c27c221245f1ebf41b5e0af1077cba957bbf7,l_SW_C13_M04_SENS_SW_C14_CC,FG_a115a468b11fb86a6bdbcb93c9905a146656efbf6901c2471e91895c16cbc175,1,False,L_RING
37a150c3e19d957f28bb3b04e8276dca4d77f2a5d3aa965a75f3b3bfe5df5384,l_SW_C07_M04_SENS_SW_C08_CC,FG_7b49e61faa8d5219aa6170d207c8bfbada100c83f6a43e2a96d2c6a09327ceb6,1,False,L_RING
39d24ac8b35dc5e8bb8c3ff1ef2a20b40804dfd6222aa0f0250445987f5eaa4c,l_SW_C08_M03_ACT_SW_C08_M03_CTRL,FG_d7806e5ea59fe520094ca30c0798ba9a7b762137da3ba9e7feed6266c7220428,1,False,L_RING
3abc147541047a85533d837209253ebe9743f2e7b410d2214a6f8e8c6c64c87f,l_SW_C07_M01_CTRL_SW_C07_M01_SENS,FG_576cf60774d0a6b0da96b7ab3681365dfb8fb36247406ce8c8bc109112ea5ab7,1,False,L_RING
3b3051af7672d5c1ee062d7b5e2e2d6b13fd56593889dcee93703d252bccc326,l_SW_C15_M04_ACT_SW_C15_M04_CTRL,FG_a602f8b028d89187a32820c1ece88c8f8d70e013c95e22393afdf1343093f977,1,False,L_RING
3b843b3884db46e6bcbd7a27438f3452b4fefc5fc88240de176591d88c8aafa7,l_SW_C04_CC_SW_C04_M01_ACT,FG_fde3828f411d66fe77521d637a48cee9bbf9788314d8f188e0249f14c194d3e6,1,False,L_RING
3bcafb94d7aac17709be0bf726787de43f168368c04da29e080000c87b7a63e1,l_SW_C03_M04_ACT_SW_C03_M04_CTRL,FG_9974ff58ed9e977f7a76274a7cfbf008f64bdb2260360531d870a999638e0f3c,1,False,L_RING
3bf910b99122da5663e197b5d204ae4ce4a0f124d8fba7fa3cd062cbc0cd8cf3,l_SW_C16_CC_SW_C16_M01_ACT,FG_238364b4a184000d06a0b0ebed88f7ff87860071f052225bd4c8a1000398a1e7,1,False,L_RING
3c22785887350ac9f46ae9f149a6c8dc7a21fb07a622e4ea2dc26d0bb9f5038e,l_SW_C02_CC_SW_C02_M01_ACT,FG_69e1d28d04d7669cab5ce4481b8683f065ac8ada72ce85ddfd104771a80a7b93,1,False,L_RING
3dcd569056c176495d384b0697bd9aff8d84d93971b211c9917ccb58940231c8,l_SW_C01_M01_ACT_SW_C01_M01_CTRL,FG_456396b4ea00b558f60d0ef4152ac25975ac520491f354aca2a0bd101863a47a,1,False,L_RING
3ed969df70f48a639a7822f28766c19a1ad79841ec6a6c1860eb61c515d18957,l_SW_C10_M03_SENS_SW_C10_M04_ACT,FG_049d95ef88c69d518e9448644bf07b6764b077586dee3c0b551ad9848ed9c074,1,False,L_RING
4097aa2c9feb136ee5cf87b602aadc742160c43436868331a084b6866dc736a2,l_SW_C15_M04_SENS_SW_C16_CC,FG_847a2734fb99a54426bac2d563693a8e957f0b363561468311c873a2186a442c,1,False,L_RING
43e3680e749ddd5ba2af25caff36ede29fe6dbdfec12f145face5231618ad1b2,l_SW_C14_M04_CTRL_SW_C14_M04_SENS,FG_6b65d1f74d516c280c99c37a9365efe160cb569b53af93b3c24451899bc37438,1,False,L_RING
448aab9ae10f8beb650f8c1164e8f5cf1d0ef5bdd6b5224259b360347ab2882b,l_SW_C01_M03_CTRL_SW_C01_M03_SENS,FG_5639e4fb9a3128ae3859ecc36a5d7625da11f1cc86a3847c3e0cf51216465e7c,1,False,L_RING
46e6be00bf822a4470ec78989b8fdd252060c06bd8108d4ed9c36f1ab1d4d52a,l_SW_C11_M04_SENS_SW_C12_CC,FG_065b113f4429f2922cf71cef3a1b32f215a375912708a6bed6e5483292965d7d,1,False,L_RING
473a7414959b10672f28e48ef883f96f45a994e0af95fe8ee1f0b5cc454176b4,l_SW_C03_M03_ACT_SW_C03_M03_CTRL,FG_bd11aa66f3017820c1e48d0d042ce5a8366b95ef1c413f0d0b9dfc6350221ee9,1,False,L_RING
473a7684777c744fa28a4780fec6bc2123bb07c0d9c04ddf496be79c3869d417,l_SW_C03_M03_CTRL_SW_C03_M03_SENS,FG_9b20bfff5f8ef0dcac8ae754cf9f572ffcfe63074e0eda32e150b6879e9a3b0e,1,False,L_RING
47d6707f32ed54840021a90b6fb8b5e7c0e9c8399a5fd164cad1e0b98ada6a5c,l_SW_C09_M02_CTRL_SW_C09_M02_SENS,FG_48fcbc2c476815a25be9bc4790fc8306f0f130ac25f5972604836053fa39f50a,1,False,L_RING
48068abb5ab950456cc527800b60e6998879d35ee1e8fb4ff9f2f395a373ea3c,l_SW_C13_M03_ACT_SW_C13_M03_CTRL,FG_0948c40b56dfcd6158bee524492870893b30b2587619e039fbf19fddc1c9ccb9,1,False,L_RING
4816450ab5a4c6daccfd7ce5cbc039293bc721867cca74cfc18a67141ce4e0f3,l_SW_C05_M02_SENS_SW_C05_M03_ACT,FG_7f1128033ed4a67d70a91727e241646f9f0ad316faf0d211fe16cd6f5839d72e,1,False,L_RING
481ab3278ea23a18e1c0b8958d406d5617f4c02524fb9cf827a2abbac50eb2bf,l_SW_C06_M03_SENS_SW_C06_M04_ACT,FG_7df55636afb07eac5a47589c17c30447a7d9845ab92b73d333515d3493b026c7,1,False,L_RING
491ac09da67e0c0a261ba213b9336ee1a83fb06373bf0bca9bbdb76447f0c4f1,l_SW_C05_M04_SENS_SW_C06_CC,FG_cd76aa1d9f6070a7eb134ff5c77c8b71bad5b6bf97d953dfd35738c89e99328e,1,False,L_RING
494dd70e7a993922dfc151dc4fb51ec91d18d7d96958a92e05911bb417ae3e3a,l_SW_C14_M02_ACT_SW_C14_M02_CTRL,FG_4235f268459e2c0511726b40c1e563eb211324ca6921de2ee4b3a41c72cf8065,1,False,L_RING
4a55ce42c3dca32b0f62d17a5f1f0e2a95b3d46197226ed1c726764602ada82d,l_SW_C13_M03_SENS_SW_C13_M04_ACT,FG_40c987a9c5fdcbf6cae627a38c91b4dd34f66f5d980fd9eb65bb5e2ffb222556,1,False,L_RING
4b6f818da9d17314f6af7b98b551f2d0358c6256098637957c3c7d5c3799aadf,l_SW_C03_M04_CTRL_SW_C03_M04_SENS,FG_4de69eb8cc92a12cccd09919fdfc7869b1b2be5ccf9fd4143a2763bac007a220,1,False,L_RING
4d9ca48f76c90a69904ab29177c87822daada65b50d569d5bf637a6e5a0e3953,l_SW_C05_M03_CTRL_SW_C05_M03_SENS,FG_df88e2185724be45cfa72ad1b62a54be5e5d8d38147fc75d254e293608d6e648,1,False,L_RING
4ddaa149efd10cf2ba904e10f3487666bc1e146b0dff962bf8306820e034b518,l_SW_C09_M04_CTRL_SW_C09_M04_SENS,FG_611e880c94610381dcd4a33f7bf1294e7165321d798e89e4eed67faa7e78098e,1,False,L_RING
4ec47afe3420bab27dfaf0f81fa93d0d4e4ea2e21a8cd83ea2abe1de933f4340,l_SW_C16_M04_ACT_SW_C16_M04_CTRL,FG_8aa3fe9bf53e397307ac31b51e251e11764a73753e832e3ee48d7e8b0da3e69c,1,False,L_RING
4f8946eeb50c4446b06f6f8ec4627f184547b1af16e29b7f8656ea3032b00326,l_SW_C06_M03_CTRL_SW_C06_M03_SENS,FG_3036ced88000f2b3664c70b0d47f726bacb5801866655d0747ab7df723d07362,1,False,L_RING
4fad6bd03a8fd3a345ab53f402ed1e6f0aaed86026a4080618dfa785d0df3c46,l_SW_C10_M04_ACT_SW_C10_M04_CTRL,FG_6831070c8f7767c7bdf79c4c3dd9c48b2c1fbafef73b45b9e7acf91df4fa7503,1,False,L_RING
50df2fd57fca28d91fc2fd59afb0185a1b766f8461b6f45a1461b302e43c40d5,l_SW_C02_M02_CTRL_SW_C02_M02_SENS,FG_7825a1cdc7a07c19ce2789e19d35889c24361360f791d428b50e412792608393,1,False,L_RING
51952f4e4752cafdc90a269e765c2dec50699ee482cd5e800ec32969853351ba,l_SW_C10_M01_ACT_SW_C10_M01_CTRL,FG_fd625282c995a32116156bc02eb58caee67f45780040a11435cdf5e409fe4d59,1,False,L_RING
579b731455076aeea4fd10d695b9697423dbdad4ec4a2ad3a1725b6441e0d189,l_SW_C07_CC_SW_C07_M01_ACT,FG_f110513d7307704af8e63696b5ecb23946070a7ee8d75ced11e53700ebf3fc08,1,False,L_RING
5a75ffcac91b3620e4070045e1082e3b973e9a6948c10603794cc40760f5d0e2,l_SW_C16_M01_SENS_SW_C16_M02_ACT,FG_bfafcd91d92d0b6d79558f77aed7006e41bebd2df7b423a0aa203c58114b912c,1,False,L_RING
5a9550e0de0bb4c2238951530cedc97b116a17ffd3b45f2e36a0c79e49c0bd11,l_SW_C12_M01_SENS_SW_C12_M02_ACT,FG_9ca9e58c144c3c577c86e10bf6bf45389042557c1d0df7db6d196f151824f8c6,1,False,L_RING
5ac435678e4e5fe7d25d8b8f096945733b3403d1c792e09cd5cbbfb0c24beed6,l_SW_C16_M03_ACT_SW_C16_M03_CTRL,FG_50280b31340706884fc4c1df5ac365f276dde88d8b0c50db652e8a6934c058ba,1,False,L_RING
5cd710d4d56066f169eb530a014242b35b85fa83ea1a5f481395319052ab092e,l_SW_C10_M04_SENS_SW_C11_CC,FG_f85538bcf94821c21f3c21fc6c0a115b7168cfab7ffa4cf16169c9cd0bfe9d46,1,False,L_RING
5d4a0b2325a3d6ba76c4f8b2bb3937f8cb7dccfe738af597e8966c19cd5d2a5e,l_SW_C05_M03_ACT_SW_C05_M03_CTRL,FG_8ad9319a35be702609ae77a26344e8df5da7898f1a254c36c2726dd8a128d7b8,1,False,L_RING
5e2bfec22816c54bb6ea4b818d979595d05bbd57795c2d72a8da0b50ae68e0f7,l_SW_C11_M03_SENS_SW_C11_M04_ACT,FG_d21355c86908f5688ea96789db8c87681cec2c3268d1ce88579a5585cc7ff639,1,False,L_RING
5f79446ca149f7140e9d65eda33aa578d1e05d05ff091e9ec66e117d56a1dd94,l_SW_C05_M01_ACT_SW_C05_M01_CTRL,FG_d456979842a5264de3b02bad9fd6d4d14288426702ab5fcb079e89b60c58d987,1,False,L_RING
62dba5ab3d9128f7c5471be3f8b2c1187e6924bc85d439e18a9146cea45ce741,l_SW_C13_M02_SENS_SW_C13_M03_ACT,FG_1192f2cf3621c89acf566578ffe5680de47c0af5c5a35d478b249ce678c7a037,1,False,L_RING
633ae2f9753398ea579188ca732ff3aeb996f7d50f642369fda0dbded125d264,l_SW_C15_M01_ACT_SW_C15_M01_CTRL,FG_30fc2e945c8ca6cc3e7e541e03747a1cdc3cdffcc5fa738f748f7bd0fdbd6262,1,False,L_RING
637cd5410a486eaf3a9395d7f3ebfbdc0e457648393c738fece5bd9a224ae01b,l_SW_C03_M01_ACT_SW_C03_M01_CTRL,FG_e103eec878dc453820469fafad529c2dd25069bbbc2f918aefbeb167d2328b8b,1,False,L_RING
64edc56c086dabe96d071da934a2d2123f6794c8b5d6f10ba3cd2e01841c53da,l_SW_C12_M03_CTRL_SW_C12_M03_SENS,FG_4718297b90651711e55d6ea9bfb998b9aee8c2f38118a1e2ff86c3a0d95151e3,1,False,L_RING
660673a43d26af7f9ecfc31600439ab1886ba62ab2e2222280faa6f1ac78c4b2,l_SW_C07_M02_CTRL_SW_C07_M02_SENS,FG_45855f23152bba1b49eb5a93f38c932df607c0e3770e2a8581b60674fe178e15,1,False,L_RING
665562d480ebfe5181edc3abdfe7356bb9904f5d9235f91cbe6211b18993433d,l_SW_C13_M02_CTRL_SW_C13_M02_SENS,FG_35eb80fc07a01e6b1b28856c5b8b5896ae9696b0d5203abe61e811ddaa799187,1,False,L_RING
67284729050e35a4749542a809bb25d1b18f6dc25806adde260f711e69af80a1,l_SW_C11_M02_ACT_SW_C11_M02_CTRL,FG_ffad998e091507c7d75e223565e03a3a0acecdfa16dde9854db5cd27b723d669,1,False,L_RING
6bfe17315b0b1f9d122fe138e3f8b454ee86943ea4343ec4a6a5fe4531337589,l_SW_C12_M04_CTRL_SW_C12_M04_SENS,FG_c2e6bf5f35c8d570816792f5a2005fa6eb4a361fbdf2c167543c89c740bf65ac,1,False,L_RING
6c841ec6ab93dec202115b0478e2e1c53c305b699139a60b668551179093ab6f,l_SW_C02_M01_SENS_SW_C02_M02_ACT,FG_ef89c77779ffea4c98d98969d62fdd4322b39e49c1dda6611af1a60b3eba54b4,1,False,L_RING
6cafb6628e2a57d32cd13574c13a94319665e23775d70a0629e480d1753d7c42,l_SW_C08_M04_CTRL_SW_C08_M04_SENS,FG_9164f3f4c0f0b051fdebbe68856fe07cbc37801ef3e6a70097dba48b2fd53a46,1,False,L_RING
6cf591c7e38131abf67b2fcdbb41bb175eb2e4abecbfe7d7d80ac9d8fba00476,l_SW_C06_M02_SENS_SW_C06_M03_ACT,FG_316a3c0e7902ca89a1d84ee9d6bfa6bfb7c050018a5e53bb0344a45b9df9c128,1,False,L_RING
6d4b26295e08463cfd1580960a11c61088469cf23e395d8b1c11ce4506b94f9d,l_SW_C11_M01_ACT_SW_C11_M01_CTRL,FG_3640c5f0ed2726a6259c41ecc7bc11281bc32ffd90a12d665afe54c2de14c83b,1,False,L_RING
6d9e1b7a330e8a79bc1cc72f9594c87d48a917cbfaa007b4d424a1d2c7a7e0db,l_SW_C15_M03_SENS_SW_C15_M04_ACT,FG_69b3836af1409a54f7d61d50a6ebedd22a5d37ffae905667624fef4b2c1783c3,1,False,L_RING
6e3dbf9b1be9cfb9fed6577e31c09efce146d50432e2b66fbf826fb12614eeac,l_SW_C04_M03_ACT_SW_C04_M03_CTRL,FG_823757b5feb95ea70a607944de0a41681f9c135d32158f45ec3861e150432c8f,1,False,L_RING
6f251ae9adb61476c736b8b7460777ff66053132dbed8b69f479a7e0d1e0a50d,l_SW_C11_M03_ACT_SW_C11_M03_CTRL,FG_868db56293340ca8713b2cbabc0ca1a52dc4b835e43326054240e25f774201fa,1,False,L_RING
71277af73b41db8e4941aaffbb73716d38777faeaa2527f6cacf60cebd4355bf,l_SW_C12_M02_SENS_SW_C12_M03_ACT,FG_2c787eeded35dfba424af0192b3c272a453925865d6fffdb4838867f6cfb38e4,1,False,L_RING
762a7b768d31ac9df57b4e9540e45123827f42f30a0d9f4d40d13befdf5b2a3a,l_SW_C06_M02_ACT_SW_C06_M02_CTRL,FG_7ab27bc8a7a326bdf06da9139e32fedd01929e1f1d50725acdaa3a42906275db,1,False,L_RING
772609d99808540e04637eaf31bf847bb581bd0f6ba4f154b3182a5e00b2ac6b,l_SW_C12_M02_CTRL_SW_C12_M02_SENS,FG_5616931d53e40688e17eef74ff779fb5bedc866b7afa6450a9f93c419c0f6645,1,False,L_RING
79533b60e788d8dc510aeacc356c3e1178cd6e8cb88138665d292ac805b4e226,l_SW_C02_M01_ACT_SW_C02_M01_CTRL,FG_ca3a07abf0cd8bc3f3441afb10594d45377f84bd77999ada6d863a654e8df549,1,False,L_RING
7a2d5c8d050176407efed43d8112006ffee140b3ef998cb5f95111fbf5e6150c,l_SW_C04_M04_SENS_SW_C05_CC,FG_7434ac99cd7beef3e98e91fdcb5a3708960054f7a82fb951ee0b0e2c3e933510,1,False,L_RING
7aa4133059363a39bcc38b6cfab68a044bc179b6479462d8c781752543bc0840,l_SW_C09_M01_ACT_SW_C09_M01_CTRL,FG_712025ef6f40211d37cc464134d163b2886186b7aa77af44dc71cabe4327c58a,1,False,L_RING
7b106487e85d2e1ecd34cc80759a2032667249215ef1c12ebd8d3553bb4afb29,l_SW_C07_M04_CTRL_SW_C07_M04_SENS,FG_ef1c6869ea67165c8c2c84847b243f0ce49d12548e554a9376aec0d909d5e445,1,False,L_RING
7c5eaef2133501a8c33b66cd9611bdb4e115a6d558c94b7dea5405278ce75e0d,l_SW_C06_M01_SENS_SW_C06_M02_ACT,FG_9070848c1d23ec738e415fb8771038e44a7e2f657fd36dedcaa2224369ea2f01,1,False,L_RING
7c892359165a030ccc7f6dc74ee8b7ce8e3f83c1f7509dd03bd9958653d8f56b,l_SW_C05_M02_ACT_SW_C05_M02_CTRL,FG_e307f6068fb2f01cfcdae1edde8c2b1002640a3c3cc9ff2ff8e6f660c657ff40,1,False,L_RING
7daf9739a26d1f24ef2b0d6cabf7eadf3df74cbb741b6459bba89ff6a6c3dd11,l_SW_C06_M01_ACT_SW_C06_M01_CTRL,FG_0dec9985bdef2c47086d4cc1e151da9acaffba38f70fd2ae37c1feede3992c23,1,False,L_RING
7e15cc58a15059e2c593ba14fad91d34d737695c86877c0986fabdc9d9d42ba2,l_SW_C01_M01_CTRL_SW_C01_M01_SENS,FG_f65df16aaa75fd97a9d3f09c02f7698dc8e103452bb7f777c15badf9481c2f7e,1,False,L_RING
7ea5af24a26583d9af893cf7bfcc64899f73ff325e2e37d712d86983bdcbe681,l_SW_C12_M02_ACT_SW_C12_M02_CTRL,FG_2fe993e0a259aa17d1c9ecd55661d58daaf8f7a15ccc430404e526feb1901f16,1,False,L_RING
813c586bb7335893ec800750a3b95b3a4352cff88653f5267518bd48968e9966,l_SW_C13_M01_CTRL_SW_C13_M01_SENS,FG_edf63087ab66ff87d82bd93559dd84d170bdf677f978bd2f56ea16fb82864e52,1,False,L_RING
81a17b5bbf257bc9a04a9901ef1ef857a708706c5b2ea6f6a045246b11a36980,l_SW_C12_M03_SENS_SW_C12_M04_ACT,FG_2dbba5719c39bcfc251637e2b9bfaeb79d1dd1375978609690030e5df4b5847c,1,False,L_RING
8662bf6eb5e3e5f9396aa3d5c37dbf315a49f94b57f17f0223efaeb24919bc77,l_SW_C01_M03_ACT_SW_C01_M03_CTRL,FG_d088460597875edfaaba1660c68df22e7e337b286480d583ca3e87153cdb873f,1,False,L_RING
88421869f561aa4f70cb8b324d5c0a6eb77c3908bea979e070aba2a015b92eb1,l_SW_C09_M03_SENS_SW_C09_M04_ACT,FG_007ba554bbfc0c78e24f314c1fee70627782330082ae8a01a9e5fdd8b4c49ab3,1,False,L_RING
89c0e9611a588e08eebd74a6f2b16d2d87808796c015fe02217f20bd19e96234,l_SW_C05_M01_CTRL_SW_C05_M01_SENS,FG_90629c54e21567eb4a27dac93a60babfb0c8e50fbb816946be1b2c9a89e365b3,1,False,L_RING
89f51c9772be0355bbf471d4720ec3f55268793151780b210923a9b0a01122bf,l_SW_C15_M02_CTRL_SW_C15_M02_SENS,FG_c6e1b670e142d04f5604f95410dc86862a72f271b0b58458b74e9bbd76ca9916,1,False,L_RING
8a56a55a87cbbd98bff888e9e106e7e6760f54bee658e55730040479b62e0eb0,l_SW_C11_M02_SENS_SW_C11_M03_ACT,FG_7b27058541c86f8b43a18ce7591763996f1482746b6dac178319f59c1a04cf98,1,False,L_RING
8a6daf6c891772506a2e03baa1c626486b3e0d8f772d45d836914c780bbc8471,l_SW_C01_M04_ACT_SW_C01_M04_CTRL,FG_6c71fc786efbb41156e5ae75e64fc8ce7903ced6bd83beb03776f50965455aeb,1,False,L_RING
8a97afd5c7383ec9143ab951a49a4741eb09784ddeb154dcc2715081207afc85,l_SW_C02_M03_CTRL_SW_C02_M03_SENS,FG_66ed1d91e865a808a20a7d270455e4f9657788853ae110f48d66ad8feea23d7d,1,False,L_RING
8b8ca1c57651c36b12eab87333e71e4ec525d01b74c2a6610770194d7866e2cb,l_SW_C08_M04_ACT_SW_C08_M04_CTRL,FG_8aadcd6a016e5e7cb1c5bd765431da465a206ddaee39a3db4110b748e7fbf35d,1,False,L_RING
8b912392bbc8b61a5d9e4b297ebe41f8a9620cebba41545ebe42c1faf41ffa26,l_SW_C01_M04_CTRL_SW_C01_M04_SENS,FG_e3837ec16350460f1a46940302fa03271ad122193912801e6c92e45fec7d345f,1,False,L_RING
8c4671dff85119f04c73acae6c7d56bca24a2f231bcc814e0f872482c1a3de1a,l_SW_C10_CC_SW_C10_M01_ACT,FG_e54557d352b0b06f911b2f2a10469202dd3d837c6fa073793a1088cef43e24f6,1,False,L_RING
8eafd7a0169c071b9f55a05acffe038f2029ada8687c973dc3957e74140e0306,l_SW_C14_M02_CTRL_SW_C14_M02_SENS,FG_1e1a8ddd8c828a76ef727b92bfa1386f0ccf85ef684a17c71ecb1c942c705194,1,False,L_RING
908b91b06d12e3dba95508f15c4c82fbe05a82f37370d912a621c3eee43ec8e5,l_SW_C15_CC_SW_C15_M01_ACT,FG_a0ee7ab5d804daa060b137431eaaeb82ffb6ed5586d0cdc2bf9eb2c873d42074,1,False,L_RING
90ed4de6772a8c03ba4abedf1955a730aa54fa7e31126a7934013d0d0cf2f1f9,l_SW_C09_M03_ACT_SW_C09_M03_CTRL,FG_ffd3625e6b883cd3536b8bc85191710070236f04476a4bcb7cc0ca4c80811b0f,1,False,L_RING
9251063612346fca801a228713db175e8002f4ec656121e0a6a8e6ea3e25badd,l_SW_C07_M01_SENS_SW_C07_M02_ACT,FG_f8ff3c1d21cd460214575a5f3f9318fd891d676b0b1beb1c76b03c5848496586,1,False,L_RING
930269cbe4772eee62f44c17bab3167d78224c8cee243a20ccdb3bab798fa001,l_SW_C04_M04_CTRL_SW_C04_M04_SENS,FG_c893e8e8dbb022ac7cfccb279dbc78c2083fcd92e138498870bfac601c779ee5,1,False,L_RING
95131c398054e41ceed64cf10b457112cf66fffbbec14125680cae836f7b99c3,l_SW_C16_M03_CTRL_SW_C16_M03_SENS,FG_13c44f2f7c2023af41717800b38dc43a179c2a990bb9a933ae801056163d1359,1,False,L_RING
9585dd7cb082e5d64220e17bc66eb291c2d46a6b9fb326837fc0513b541c9adb,l_SW_C13_M01_SENS_SW_C13_M02_ACT,FG_367fa88f1d291b5455e74e5ee9f43de1f89099f9610a775a237cde286246ffa7,1,False,L_RING
95c820eb1d038acf601ff179de5cc4ef804ef0181e076206e80d02e5a3ba2802,l_SW_C10_M03_CTRL_SW_C10_M03_SENS,FG_b011dc3d5a9630c9a2c7c2c7794f4df1bd943e829bf2e538ecac5c2625d3e492,1,False,L_RING
96d182eff81bb64de3996e27a74e8b4b35a0b006b5a6b28f99adbf37ca1aab30,l_SW_C10_M02_SENS_SW_C10_M03_ACT,FG_4a5a83f24fc8f82ba038796294ec7b22fc96b1204999bdd407adac2383b49958,1,False,L_RING
9823ad12d452f0b1c1ecc891bfbc7e297ae66f7d2540d05bd34f7bf92d0dce58,l_SW_C11_M01_SENS_SW_C11_M02_ACT,FG_cb3622d3f524bdcc68598f6e6445a357226f34c93f11e44eb6685524ddba6e93,1,False,L_RING
9acf970f3b2499faeb6c72d92a7271a9636078456e701ae54bc6f2409c6a3cbc,l_SW_C02_M01_CTRL_SW_C02_M01_SENS,FG_61972511da15de3d11e2e42f2216cb6ec01919c24d83878b010acebc354c2711,1,False,L_RING
9b6dff645e5841805413de206814d601df1d91c4c90b8275ba44f53eacc25616,l_SW_C08_M03_CTRL_SW_C08_M03_SENS,FG_8d0929d92437ee8982f3650b052a7f712f3c8e269766151ec4513c637c6a03b9,1,False,L_RING
9bfa6c0298bac4239bd74320d8d5945be847a14d55eb252fb14b0ba99390f1b8,l_SW_C12_M04_ACT_SW_C12_M04_CTRL,FG_6005837b83e178bb36d57fbe6d86e589d86b9bee1f649ae6e3bdc55c8abb17d4,1,False,L_RING
9caefd168bdfb4acfec037d84ed35fd9a0ce28e6f47b66d80613d239bee1f524,l_SW_C08_M03_SENS_SW_C08_M04_ACT,FG_787b8f29518336edd49fac6ce3a805e160000f767d4c8710322c593f1792f208,1,False,L_RING
9d73d4ec2e9152e04e4eabf003b06445afc03e4ae01c3ffc64e1a8d92add034d,l_SW_C16_M01_CTRL_SW_C16_M01_SENS,FG_36a4064eb6c40838fe48933f88fb1d1fe21219c42c5445f0d456c6f8a90be05b,1,False,L_RING
9dfa9ed1f9d730c5eb0ed0482525cf6bba62bfb2aedb4a4a43af82acd6747635,l_SW_C09_M04_ACT_SW_C09_M04_CTRL,FG_6a7db6988a8b2203d904d07eca4781e6f9c0c5a9ab5d5c70f08a70580ea8ee9a,1,False,L_RING
9f352405256a950f3d252e86ba46b7b65df7ab198aca0e9ab7d3ba9b02c89188,l_SW_C16_M01_ACT_SW_C16_M01_CTRL,FG_599321be931bcc62ae182e9bef0db4e2f88ea581e23bd0a2722a00e8c7fff516,1,False,L_RING
a181a7046ba7b1aa9f026417a01512d7122d59e1a183f7fbdfad0a2fae39e077,l_SW_C06_M01_CTRL_SW_C06_M01_SENS,FG_1e36482a40cfe1e97776b9624660e92e7f4c24e86d45767dad8fc1c7dafc5266,1,False,L_RING
a308c0f7e4fb1e18add5458c7ca122ae8740543cbb6da5b9eb8a7f4cd4c9d537,l_SW_C07_M01_ACT_SW_C07_M01_CTRL,FG_6bfda7b88a7c4af4f5a0b321591662d88f8ec7e3a0954b54e890e06a201f3d6a,1,False,L_RING
a42111b43fa8c00883e0c1f2d38d080a4612aff9d189e6e0302b82c370ffdd00,l_SW_C03_M03_SENS_SW_C03_M04_ACT,FG_04faf6f8228377af9111fa4e37edd0174b118a760cf2fe3f32de0cbe475c1697,1,False,L_RING
a55c68d8117fc3263ab4b7ff27ff178ca368c6392411dd5b4c1362237a7a56bf,l_SW_C09_M02_SENS_SW_C09_M03_ACT,FG_c390f8660a5fc3e97cfa47f1cd6fdbc7bc1cfd6a1d4a450fd4513be4c8a0feba,1,False,L_RING
a61b7a83cd884e5b755bb37166df646bf6a2d3aa2880f302c5e4a3ec24715f6e,l_SW_C08_M02_ACT_SW_C08_M02_CTRL,FG_ea06538be2ba175ac5b35fbe68e663d170254061e3419b867269b6744689ea8b,1,False,L_RING
a647870e9a0b578463c09a6f5f18e58c048e6683b995241e997749ccdb0426ee,l_SW_C12_M04_SENS_SW_C13_CC,FG_27f2ffbf03e34cdab1eefcd655f62d6eac0d80d2e2b1deb9b15510b3bf3335bf,1,False,L_RING
a6b7d72754829e2bd9aa64b575a0c85eb632ed417b7290e4fd5041b53653b99e,l_SW_C14_M03_SENS_SW_C14_M04_ACT,FG_8f8999d2e94b65b8fd41e50bac1b59a05c9fcdac0665d0431e51803406e9b83d,1,False,L_RING
a8a584b914756c3e1d4b5758370be04daae67b5c45b63cc62c1e10d67331eb63,l_SW_C14_M01_SENS_SW_C14_M02_ACT,FG_47a6df0b2d058d79529d7fcf8f3bd5f9c13ba96ab7daf29c5a53d62dd23768de,1,False,L_RING
a91e6e5ab426ae349f6887130a641ecf1702991467047fdb60979f9ea4cd66b1,l_SW_C14_CC_SW_C14_M01_ACT,FG_f484cdb43b37c5f3d766cb82fca6fb67e8e33074c588cf61edcc9a8de46a200a,1,False,L_RING
a9538b6186506eb6cc681fa93a89d1ea96588cea5d7d240a051454881e25de40,l_SW_C08_M04_SENS_SW_C09_CC,FG_6c03271b124021e9c54d0616a757d062f033e7b9a5d313f329cf6ceb2f0e2449,1,False,L_RING
a9e00fa99d94430e968e1381efc38d862b1a86832380a88b33d2cff525ddfd0f,l_SW_C14_M04_ACT_SW_C14_M04_CTRL,FG_8751666540ed3366bf0d3c5a1d16f5cc14c15cb7506233b7efcc8395dfa61399,1,False,L_RING
aa7c4a6c9e7a0f9df833d19c23de7c858c09fd7b002bb599682dd2eba326c1dc,l_SW_C14_M02_SENS_SW_C14_M03_ACT,FG_1109551fd68a0c5c6857f28516bfc7a902cc98d547aa35d906479e94b6841fc4,1,False,L_RING
aed2e5eb517576b71ebff1db7920356bc501124e009338460031f6ec71ccf746,l_SW_C14_M03_ACT_SW_C14_M03_CTRL,FG_c337f5d99714ee3edef650dc64020448ea2052c19280effad4dd0052ec5848ac,1,False,L_RING
b0c9b51e2dca5ddca5520526a633a011ce5fc3a4b5c87490a34a66ce804a1754,l_SW_C12_M01_CTRL_SW_C12_M01_SENS,FG_e102d1ba5adf3e29aeb7544160a9a764bdda47f0db8853449cf330cdd4834ea3,1,False,L_RING
b211bda7a7046f226f15ee01a7e9220e1b658ed2d05731f094f82390abaf1c88,l_SW_C03_M01_CTRL_SW_C03_M01_SENS,FG_9f11aa49a42d2ea5441fe8489ee4626ec1316be0d2bc4bd84b7e8e0ef8729040,1,False,L_RING
b2c0b3a711d4d5c5a54b8241c7491da17e33c58a88cfd7b1867c6a7a888dcbba,l_SW_C01_CC_SW_C01_M01_ACT,FG_246e7d2fcbd4500605648c06b6b0ba6f37d7772737977257e1b1b46c44953351,1,False,L_RING
b42ce07b9f8817e2e0b93fb00726fb6a3d892b8cd6421419a4516b2fbd94e9c0,l_SW_C16_M02_CTRL_SW_C16_M02_SENS,FG_6df6c57a5c5cc88a85e21069eba5be6f32d9424ff5cad75635e06a6b0dd67322,1,False,L_RING
b4c321239f6886731c04e61108d77fca00c3eafcfe58758e3691216a9289c8d2,l_SW_C07_M03_SENS_SW_C07_M04_ACT,FG_f77790d55b9d03cc6809df4e2b5250312caa25ca1e8be0604b928dba516188b7,1,False,L_RING
b507317c60eceeb13ab142678a9cdaeffb5060d9380605eff84a0f442e7f79cd,l_SW_C06_M04_SENS_SW_C07_CC,FG_f3763581d6769d845cd2fd7f958a7e570680b83f4a5e9bfb9f7241a73b778a9c,1,False,L_RING
b753270876c840b0db61b703e77f18fef7cb04ab9248e5c70a47ac1027f9d396,l_SW_C13_M04_CTRL_SW_C13_M04_SENS,FG_6a2fa073842f01febb8b66fc9827ef31f467bfe50e8224b0bb00651f1bcb9396,1,False,L_RING
b8d0e3a35a6076e20bc0c13bda1747a2dd65fbb072da8a133eec1812037700dd,l_SW_C09_CC_SW_C09_M01_ACT,FG_0d5ce2f14c4a7f1dac0e0c142004845986513ee35acbeaea03684cbc2b1af6ff,1,False,L_RING
b91c8981b0abadc1b9f7be1bf0daffdf062cc1fc56f6538d4e77c2e0df77579b,l_SW_C03_M02_ACT_SW_C03_M02_CTRL,FG_16e3759aeb6fb4c7081c1d95b5ff8740e295444b18a183aff19deb22dbb1415d,1,False,L_RING
bcfa3e14144ba5f3b985a494e02f2d2f8703e8515d6dc82ac399424fd7eb5a74,l_SW_C05_M01_SENS_SW_C05_M02_ACT,FG_2bee220b3c85cdc2e978f422cdfd7db99a22145d2afe78d5e85561e0951399af,1,False,L_RING
bdd4cd510599bf85dcb5840c78d28e7776723d5c8314fbf4ef7cca0ba1f6b68d,l_SW_C14_M03_CTRL_SW_C14_M03_SENS,FG_696afdfaacbcb6393fee131da241c8f58574052bd0ddecac5b4453a79d94debf,1,False,L_RING
bfebbe28a2e1251214de949d992e1005e35eba19f7795424f8e2b63731874d32,l_SW_C08_M01_SENS_SW_C08_M02_ACT,FG_95e4fd667a08820e951d0345e67a05ae729b5f664b7ffd61e1b823c6c616691b,1,False,L_RING
c0bc4fed4dcc9272382e559b6586a9807329485b3994c2cc5d6bd0cfc2c2efe7,l_SW_C03_M01_SENS_SW_C03_M02_ACT,FG_c446fb9311c9ecf14c8bc190f308c12508ad765b0b0ef6944765986424c59258,1,False,L_RING
c0c764d8b01fbe0ed80be7e99d849e4b43ad928ec0ddec2714f79444385bac2b,l_SW_C16_M02_SENS_SW_C16_M03_ACT,FG_d3dbbbd3c6f13a8c622f5d7a0d68129c6f956f3196a360fa370541b35ebf6e0e,1,False,L_RING
c203bc51f05f02e5017f3f5e8427db51779f0d2b5e6e4f3c62447b184dc7fb6c,l_SW_C06_CC_SW_C06_M01_ACT,FG_c6d9ba5c3011839862bf8f0671bcda9d55e3a32983a5ce7ba3b32e73cf8e4da4,1,False,L_RING
c4447544bc3eaf1b299560fc3c33571cbd0a4dceee1f85da8378da03f5a96a23,l_SW_C02_M03_SENS_SW_C02_M04_ACT,FG_40be7ce79fcca8732e48c5f1da04eeada9a331b52f69a7930bcb2a25556ec08e,1,False,L_RING
c4b81e3e8321d7e7a21df5e9630cfcb3b4974c62a28324e412cd2faae6af4b0f,l_SW_C13_CC_SW_C13_M01_ACT,FG_c8262bddb66654d493dd4e6d41ff24aa390e590cf8e7fc4009c1e1dd9c4aafd1,1,False,L_RING
c502474a28e1627d9a79f98dd4155c15a89ccdb4738e58e735f6fdf5ada3df03,l_SW_C05_M04_ACT_SW_C05_M04_CTRL,FG_58a8dfcd41ec17823a713e19fccedffa9b25b12d674f58cb1e205e1d4383680c,1,False,L_RING
c55476fd7860e511d03825537281911bb4018e1c13c8f174dc69069178c95503,l_SW_C09_M01_CTRL_SW_C09_M01_SENS,FG_7438e2e72e795a49eb862f96999dfccdffd2a4e781d632994f2dc33a8e5db5ff,1,False,L_RING
c5a898f5c77e222e3c60f490d20b7b28d71a8e540cbbe974ad1495e18d8bdcc3,l_SW_C01_M03_SENS_SW_C01_M04_ACT,FG_13e86c276b22d6905d6983d0e286b72cc02a68816460a8ad13bee85541cef9a3,1,False,L_RING
c5bc1869edb991ba0568ae2f6e7c5877e6a9f9151a49186f7b205abdcf4878c2,l_SW_C02_M04_ACT_SW_C02_M04_CTRL,FG_e5e7d58a500e6ef6b2eb3963de9d8a0b56ad26f6353cfab8a06c9b9429bead42,1,False,L_RING
c7ce4c0e673239640e0317b650022ce6797d684c5056aa1b286b010476f1ca5f,l_SW_C04_M02_ACT_SW_C04_M02_CTRL,FG_9a644a65e3cdd33acbf627e1c309f96ee4ad9afaba0eae67db4e96eb567966a4,1,False,L_RING
c80b685401104f3664061993a3fb75f6df7b6cfc7e76e70b154439abf2621ceb,l_SW_C01_M04_SENS_SW_C02_CC,FG_3e380dfdfc634d08ba32ad217303ea1d027967ad63f25104c158cca559fffc94,1,False,L_RING
c8a080ebd068959f435e35452c9795d8197c0e758790ed60185e88cf9663d599,l_SW_C03_M02_SENS_SW_C03_M03_ACT,FG_becd6af23694e9eae95ef53da9dcfa444384f03994afeec2a42f296adbeae97a,1,False,L_RING
c8f3775abea8d7658b3fe021ee4d699438cbe8f36d898c9fd67e07ea4bfd329a,l_SW_C04_M01_CTRL_SW_C04_M01_SENS,FG_c01e3e28e52ba20cb8c71c3e28a20b9bf9acbda741b00ddbcbff84e886b685c8,1,False,L_RING
cad1542953b5d390995676bfa7f3970f7d03e4ff0a464b2a354e59d1a2ed1338,l_SW_C03_CC_SW_C03_M01_ACT,FG_57025b813be7986fe8ee11992ba4baddff07171e50e78bd20b9ef0d9d5dcfbb5,1,False,L_RING
cbd0077adf7fa680c4e9975af35fc330b296086971645f3f22df424c2d58bedb,l_SW_C07_M02_SENS_SW_C07_M03_ACT,FG_78836b452c8bf72b27c16bb25be8b9e351853cf95bf53547f516f6405d457019,1,False,L_RING
cc3dd0782a5485084e13047d4cc9914c90c1e6c4c1b69325c3785c1a45022911,l_SW_C06_M04_CTRL_SW_C06_M04_SENS,FG_ab9d81d67b4822ed8187e60059770866910b1a957e367866a62cf9740813b028,1,False,L_RING
ccff43a336daa3789bc7faea05586bd607c9e7179f267e5329cf7df6e42b2ee4,l_SW_C13_M03_CTRL_SW_C13_M03_SENS,FG_28545e447a3526874660af73e61e83f95d9116b7d1c5d11af64e8c4be6ebb31c,1,False,L_RING
d0c5f4c8bf97f56aae94e5a889733044f7bbd129451ca8943764e04b56488292,l_SW_C04_M03_CTRL_SW_C04_M03_SENS,FG_d257db3478903be6605fa7a888f48be87bdc778396b287219f8609145e212261,1,False,L_RING
d0ead7ab40c6a1dfa4b907f9b93e54ae8d0b25c06a44ba4d0448cd04853d5425,l_SW_C12_M03_ACT_SW_C12_M03_CTRL,FG_439d7c226bbfe0c5c477953a6009778939102c8075d7c8108ce12a11ac9a24ef,1,False,L_RING
d1c3a2fa7b7e801f6cdf1bd80a177ef472ad245a1814e9c950e9c4ea665ce6af,l_SW_C07_M03_ACT_SW_C07_M03_CTRL,FG_4026342baa0152c2388c51cc828a3889a012af7597a6d0a008174878233bc248,1,False,L_RING
d391c6ffac54b6d4a061693293c187d94ad2d9bb9f6e8b59769b5e4362ca5efd,l_SW_C15_M04_CTRL_SW_C15_M04_SENS,FG_dfd289dea9956d56785635a0139591d112df9b546f769cad5072e561cbc2e941,1,False,L_RING
d5b9431373a3e58cf413718a62cfe1702fcdbf1588e96ceec5a34b3f5d0af232,l_SW_C04_M01_SENS_SW_C04_M02_ACT,FG_eb796316dbe318de4a6da90a9b572325e92131187575422be9250091f7571ffe,1,False,L_RING
d635e436ea9168a7048eb11395e98a16ddaa9210fa6d961bffca27e00cb93fb8,l_SW_C04_M01_ACT_SW_C04_M01_CTRL,FG_655088bbc460dc03b14f14a07bd2af7f3d02822f525cba167e321448cc97e600,1,False,L_RING
d663abc9b809ffc72eeafefb65896e81422199177b1bbc4ec197c8e8ad6f52bd,l_SW_C10_M02_CTRL_SW_C10_M02_SENS,FG_4ebfa49bd96733a38e3f141e26f2997328453e9d54e0ba76535d60fb65a50c5e,1,False,L_RING
d8d42bd686ee406d033208620e6fdda21b3ef9ee13f03e1af619b5cf34179749,l_SW_C02_M04_CTRL_SW_C02_M04_SENS,FG_5b673a8ef1c2a191f0fbb201703f205e126b3a1add6fdc7535967097a6c2c2e3,1,False,L_RING
d8f6efbaf1e31c69fa32956615fa1e34a315cd813a59447d88933c9a74518793,l_SW_C02_M03_ACT_SW_C02_M03_CTRL,FG_a06f104470df2e3ff235818eee85ead6bfaa26dbf4553441c703c835495fae72,1,False,L_RING
dab519c119c7b5671ddad185b53d38b510096bbd5a5ea16c7121f8e5a0bf4ba8,l_SW_C16_M02_ACT_SW_C16_M02_CTRL,FG_ad993c7c381a904c27d68bce7257b1266d5c1297c131123b9328e544ff051247,1,False,L_RING
db189805b8d346f3f44fd2ea10efc27a6c0cbc16f99c048031ee73d56cbb92f2,l_SW_C06_M02_CTRL_SW_C06_M02_SENS,FG_d7478d68c75f87956d66f3e2acd6beb7d4159b7548c3312f9880089cea6af8f4,1,False,L_RING
ddb4002527041130750a4e5922854370ee027fbac8c2a7ca98b6e19fa3bdced3,l_SW_C04_M03_SENS_SW_C04_M04_ACT,FG_c2f34ba9064d1d8272a3ca92bddd4b4e2cfdb015d687457ddcb8ed483ac3221f,1,False,L_RING
e19dc142738e7ec581b67ddf0072e9a462c4ec4b1a91324f958aa3c3e2654564,l_SW_C01_M02_ACT_SW_C01_M02_CTRL,FG_c5b1252d4aa743e7801973194d09f19aacc2ec1f7fd30cf6c5e7e65716ae037a,1,False,L_RING
e35314945b6bc1c48d6241ed4ff90f260e02a5e0a071f8fa2ba968ad307bb039,l_SW_C01_M01_SENS_SW_C01_M02_ACT,FG_3c06ed357da00f699dafe573b4e85752ce252d72d40bdd60eb114a8285e1fe18,1,False,L_RING
e58c08b1d97920598e7f0847622e0c5e6c655acdbf67de5c7f0c07e4406cc881,l_SW_C10_M03_ACT_SW_C10_M03_CTRL,FG_daed4e5f0287de5e71dfd1fff07ed8a50ee84ced40afe71c7fb59387c6c3458c,1,False,L_RING
e8a00dae8be074a8ca15ea761c1083e71d2adf61e36f039a35fda8d4b49734fb,l_SW_C04_M02_CTRL_SW_C04_M02_SENS,FG_5599c3b386223b8cacbc4019047a550378741cbf7585980ecdd6525b826e1efd,1,False,L_RING
e8d6336bbbd5891e519270a6d318afcaa0e30241af3bf6cae3115d106aec0f55,l_SW_C05_M04_CTRL_SW_C05_M04_SENS,FG_66c75d068e18fbc9e14c9aaf9b140b9a147818ecc62c118d06e0d6675c8ca5aa,1,False,L_RING
e9dfb394843746a6bc9f383da7b856253918b2acd7ed74e8b94e32f45b82a460,l_SW_C02_M02_SENS_SW_C02_M03_ACT,FG_76916043073bb9412b9deae3df641d54fdb5ebae0cf82b1a4c775f25843122d9,1,False,L_RING
ea42dfd6232801bec73074d6c2f6522dba1f0bee1f6fed3164fc802c18ba8851,l_SW_C15_M02_ACT_SW_C15_M02_CTRL,FG_44da6987f73b39a4757d23e6d9c2dff0cb807a70f5344a2d7ad3ca28cde0960e,1,False,L_RING
ed1e9735a6cd3db760a95e66e7f2577eb14be302a023b7a70e082b85c41764e8,l_SW_C09_M02_ACT_SW_C09_M02_CTRL,FG_8a8e9657a8547656d15eee25c78a549459ae96d434180390039965e2f344c3c4,1,False,L_RING
ee6ffbe56cfe004ff7dec4fe5dd91ce5be5b1f699b13e9142eaae0cb22289e10,l_SW_C08_M02_CTRL_SW_C08_M02_SENS,FG_1013dce6df3e6f820865c610819c0888926902e2452885e115be4d5f2467e2aa,1,False,L_RING
f0ef6912dbcdaca78e003e0cec79efcf136b3d28b52ef7b997be61ef25aa158e,l_SW_C14_M01_CTRL_SW_C14_M01_SENS,FG_78d03255896bd4137a75a59b42c936cbca1b7b6ba03a704a34bf4db1e60a6611,1,False,L_RING
f2d52efc5fa352465af434ae3a9b7f41ba360e8dfc49d23310983e362627140c,l_SW_C08_CC_SW_C08_M01_ACT,FG_9140521eb320362aaa557f01e96e878f53a821b9b5ebfebf27b6dbc1a0747ddb,1,False,L_RING
f311232b477fec81761207b4b8121568bad9c77876608b591a9896323131ad28,l_SW_C11_M04_ACT_SW_C11_M04_CTRL,FG_d9c31adaf482c928cd70740e7a423baac4e33a1d92d9d02183cdd81f0034d710,1,False,L_RING
f5f3118c697d50400434613045d67f8552bc7947d7c26b9182cc24f9259399fc,l_SW_C13_M02_ACT_SW_C13_M02_CTRL,FG_26c8be38e4816c9793fa2bad4dc37b161aaa2999921766d0b34c5f47f701027a,1,False,L_RING
f621a88412ccc6094e87e13447cfffbf3b67ae2838532353a7275e1b757dfa90,l_SW_C10_M04_CTRL_SW_C10_M04_SENS,FG_81e5dd58962c83a6d0f1e281cf16b3ff877b8807df4c5d6ef7a199692f3cf2e4,1,False,L_RING
f7d4da56e6e809c5c864fe1601f218538f792ecc3fa8cd09e412a75a4af88659,l_SW_C15_M01_CTRL_SW_C15_M01_SENS,FG_467e7e9572fe1f75e31a311d062aaf097551b5e844b28bd007731034ea741243,1,False,L_RING
f94e8f9a95a7c671df75b53aa4d9193e7ad6f6620d3ef55b417d5c2c25ff165e,l_SW_C09_M04_SENS_SW_C10_CC,FG_47a3da09fb1805c07944a0977403dadd22573ba75278dfe0d7e2493e26b0b101,1,False,L_RING
fa1a8344fd45699ef2c963ea0d59663ae883ec3da609a3a4502cfd46bb4de626,l_SW_C15_M02_SENS_SW_C15_M03_ACT,FG_a19693341e9da2ac436dcdae372f2f01f142db28dc7cb08a169340f2e89c7ea9,1,False,L_RING
fc9ac8939423395ba4cbfaa12a90aa6341f47acecf58616fc2e645b6d75c8d75,l_SW_C07_M03_CTRL_SW_C07_M03_SENS,FG_9633d9a30fbe785643b4029fce243e4201d0f71e17ef10cd6000cdd3f3851e65,1,False,L_RING
fd921d8a0b8201281af1d669d72d1b33b8833964b39fc4fff74b9ae5e6e66db2,l_SW_C15_M01_SENS_SW_C15_M02_ACT,FG_19a5307c861206113238c32d73996534054d5550301ab6448d85b0b5aa6f03f6,1,False,L_RING
fe3bbc60b3139347c7e86a66f62166475af92cd3eed23fd589c546df67755004,l_SW_C16_M03_SENS_SW_C16_M04_ACT,FG_c26bfca45ba07259101144b322aa5b2b5fcba474d56a37c911d47438d1cdf013,1,False,L_RING
fe6d92646beadc054eb7777ceeb39575317aaa17345b72e443656b9dadfc4fce,l_SW_C01_M02_CTRL_SW_C01_M02_SENS,FG_95d251784775a3dbc51264dfe575c1838808ef03388a2e7d111f793c6c8fcc30,1,False,L_RING
fe7c277aff2a4f20653b573287c8fc124cafb314b5dcee57b67d2add61df2383,l_SW_C02_M04_SENS_SW_C03_CC,FG_f6febea64033efec72f686c1acc80f6a38432d7b7263581a8753584ff1832f14,1,False,L_RING
ff658a30e08708f7d6a141cdb41ebf0f74161fc5b54661bb1e49f0e8b1318e56,l_SW_C03_M04_SENS_SW_C04_CC,FG_ca3f7424daad2dcad466e0213cd8c72ac0347f47566075c37a6911213f3cabde,1,False,L_RING
01c4cc89c6eef4b04de8a5aa1e229ed77caf9a459b878561d9413433d9941e77,l_SW_C08_CORE_A_SW_C08_M01_ACT,FG_1c42df2ef5e5e565da423dfa4a68ccb249b30f3df8bff83723fadd811a699f12,1,False,L_REDSTAR
027e84c0c3d980387ea3c54a00123ee41edc5ebed1687cae78662320bf52daac,l_SW_C08_CORE_B_SW_C08_M04_CTRL;l_SW_C08_CORE_B_SW_C08_M04_SENS,FG_9031ab20ea373cfef67e2f66e55c8814624c704d91aa3863966d60161842a082,2,True,L_REDSTAR
02d01b0c7219c1e590a0c6ee0517fdc9c34017ce1fe85ab8cfb0cf04e3f83ec4,l_SW_C06_CORE_B_SW_C06_M02_CTRL;l_SW_C06_CORE_B_SW_C06_M02_SENS,FG_6f4303c40171c1ea07b33e8e151405b94366791ae71b3ef8da3c51f865e3edc8,2,True,L_REDSTAR
030779751b0ab673f3475567de8b5ec59146ac3ef3c6c0f0944bcffc9d3dae59,l_SW_C04_CORE_A_SW_C04_M03_CTRL,FG_57b9be671dedb3a38d5f3d485f5d27e96bbf08839c52061307ad0eb75cc36e79,1,False,L_REDSTAR
040bab2ccb532911737eb2dcc345ee502693e454303d4ef9a1b7d4e93d4a9fba,l_SW_C08_CORE_A_SW_C08_M01_CTRL,FG_c80afbf306a23853178c000caa1106a80504fae01645484573f30e52fd5fe500,1,False,L_REDSTAR
0450623e8624c7f10f5dbd05c90ef0087b7fa16b676dc47628f46aa88de16db3,l_SW_C07_CORE_B_SW_C07_M02_CTRL;l_SW_C07_CORE_B_SW_C07_M02_SENS,FG_cc2b702fbbc28306c7233fe292d137798ac93629fdae3bf3468056012f2aef55,2,True,L_REDSTAR
054641b67163f6828007c017e7f3a447a46467d6eb834abad0940b1cc3e5a2b2,l_SW_C02_CORE_B_SW_C02_M01_CTRL;l_SW_C02_CORE_B_SW_C02_M01_SENS,FG_220d31e838e49e4fe7ed842430ac2de98b5fe845272b8a4c6bcfa7c1ff8cf999,2,True,L_REDSTAR
064ebd73b9ca8dfb84fc0a558c47b0fe5c854a3f8af433de91c0e8bc279ce5c3,l_SW_C05_CORE_A_SW_C05_M01_CTRL,FG_636f14e50131657a037feadc44c81f0bdc923aa25ba6c8fafc8d9bf4ffa25ccf,1,False,L_REDSTAR
06de5b018355e562eea56531973fe597a20254030d05c0a4a60dcdb482c7001d,l_SW_C07_CORE_A_SW_C07_M04_CTRL,FG_6b80f7cc1d70b81a365fe4f712887acbbd048aa03aaba6b811f85b1184965fc1,1,False,L_REDSTAR
098100bace0f4e292a8f002436ff5aa8bd8f9591dbc009771f8455083cbcb6ff,l_SW_C08_CC_SW_C08_CORE_A,FG_ca98e6c5fa5e724268be03813cfda37fad5a05f5f655371ba71da78c3b847009,1,False,L_REDSTAR
0a913ae28a3c2a255af3b4fd44a00e0eb95b1954038f56da026b3f1b0f7a2023,l_SW_C05_CORE_A_SW_C05_M02_ACT,FG_db2ecf5b4b9836444ea46414a050108eec6d4df2e8b7e4d848b78804c526e767,1,False,L_REDSTAR
0caa275be700eae9bf23edff2369d31ab9000358f941827a53cef6ff208c2f48,l_SW_C06_CORE_A_SW_C06_M04_ACT,FG_50629096bc32e04e30318fd6049b05aa47c8cf73aff8347b27356cb69ee87ab7,1,False,L_REDSTAR
0d2137c1cee25261ecd585d7b17865ab40034ff66b554562b307f14c0140a7ce,l_SW_C12_CORE_A_SW_C12_M04_CTRL,FG_d969487f38f10854f2b4c96e82ea8192bf06fd36fd8ca7e6d3980ee2581d3954,1,False,L_REDSTAR
0eb38366d1378bf1f18ea424a3401e1ec6229e06bd869f700e548d5deaf25093,l_SW_C13_CORE_B_SW_C13_M01_CTRL;l_SW_C13_CORE_B_SW_C13_M01_SENS,FG_288c88a0432eb0199ab78b7da6e5f06b7080176d51f21da2a8598d104c005c08,2,True,L_REDSTAR
11585be54f34fafcbc9ae24aeb996b20de6514d1bd2c03ee9d885f5d000fdb65,l_SW_C10_CORE_A_SW_C10_M01_CTRL,FG_6ab9ee1b73d635f08ccfe17451fc5b60b39b39d0f15f9a4c9eccbf995aa1abc4,1,False,L_REDSTAR
12664829f822dc2aac891a347e417b4e8f7b020314f6896298cac00c381115c6,l_SW_C03_CORE_A_SW_C03_M01_CTRL,FG_c70f77134f35989d9914b103f06cc85af8d2dd7dcd216e6af4ea2a2dd305053c,1,False,L_REDSTAR
1412c6a387ab1f6c3c5893c1423c6f1ce9bafeffbc1f8b5e9c6f9cf317ca6e26,l_SW_C04_CORE_B_SW_C04_M03_CTRL;l_SW_C04_CORE_B_SW_C04_M03_SENS,FG_df73eb65eec4548f1567afd20409e71a1f65b05b32cdce53773251f57bc0819f,2,True,L_REDSTAR
142b1486e3bbd24af5c59d24b400af5de8bfa6572f1785e57b72cdc77f223295,l_SW_C14_CORE_B_SW_C14_M01_CTRL;l_SW_C14_CORE_B_SW_C14_M01_SENS,FG_a8af709e069cfe39e9620fa32775e4b5031657833b0eff65fa434ce22a1ad23d,2,True,L_REDSTAR
15aa263e513b0643d1f5a7a12ec0ee3bd8b6be5ab7fd49f4242a637930cd9375,l_SW_C12_CORE_A_SW_C12_M02_ACT,FG_4405946e16e6bb73f0d75fea2811e746ed018d04f9df4cbd15f6049577114216,1,False,L_REDSTAR
16bd6bb79c281f01224e49fe0e556c3c2cd1d2fabba560873ed05340463bd9f5,l_SW_C03_CORE_A_SW_C03_M03_ACT,FG_6fa8c4624be82e6d68c69a55fc4dd7d9fe0dd12f5e793586fa47d1c782a08ee6,1,False,L_REDSTAR
16e1114a3cb05782006757e3a042bfcd250a100f092625ab720ec0a6d0d9816e,l_SW_C09_CORE_B_SW_C09_M03_CTRL;l_SW_C09_CORE_B_SW_C09_M03_SENS,FG_ffbd6b6638e5ab31a5068b12c033928aa3849c559bce33aae07f26de76c05cc5,2,True,L_REDSTAR
16ffee9f07943c1de320697314aff09ebc015ead9f3abf506c51e5a2ad3b015a,l_SW_C07_CORE_B_SW_C07_M04_CTRL;l_SW_C07_CORE_B_SW_C07_M04_SENS,FG_dd14331d02a5069b3c6ceb17eb43be95066bbecf9de2565619b112a3b6b904f5,2,True,L_REDSTAR
18715c95acab9359e0f864e3d03aec2e42dbc9fbd839e92d87a7906d8b787b41,l_SW_C08_CORE_B_SW_C08_M02_CTRL;l_SW_C08_CORE_B_SW_C08_M02_SENS,FG_0a9c1c7301f756c8e69bfb952c3fca2de9a76c2504c9000080c6aea25da5490d,2,True,L_REDSTAR
187e6a0eea07dd7de7ab59dba640015079d3ab199d1d64ae3eb798bacc7621c8,l_SW_C07_CORE_A_SW_C07_M03_CTRL,FG_6af6311a574a795a25c805d7cd59171d4f35bc1dcd939a9951140227b48ac2ee,1,False,L_REDSTAR
195a7a36d7fd8982112642ec387e4e58a2e919bc7f90841911bc4f8fb1baf373,l_SW_C06_CORE_A_SW_C06_M03_ACT,FG_30531ef99102a7183f342d9367aa91591d39c8c515eb7e8398448334587b4c5c,1,False,L_REDSTAR
1d44426a53abf1712e6da5ffd00f0712364fed486b86393852efa7c3cd6f1457,l_SW_C03_CORE_B_SW_C03_M02_CTRL;l_SW_C03_CORE_B_SW_C03_M02_SENS,FG_f028028ec5d0b325ae7e5b91ad34f6b65d103a57f35145faef1dc69b9dc296b0,2,True,L_REDSTAR
209d8382dcf8415d6f49ba896e9b0d255d75414505a3dc222785a863b643f004,l_SW_C16_CORE_A_SW_C16_M02_ACT,FG_c0400bcbd268d3bca4ca5ed419fbfdce173a653fdd46082847a56a0059e46764,1,False,L_REDSTAR
219f14be740613e60fa73464b7b686c4b975fc08d476ba75270e761dc5c9b75a,l_SW_C16_CORE_B_SW_C16_M03_CTRL;l_SW_C16_CORE_B_SW_C16_M03_SENS,FG_1514d19b9c3c286ab6d902d69416665f4c6ea0265ddebd0db8b2640afb2a0657,2,True,L_REDSTAR
220b6388e7241a89d3bf7d9c20a95753c53ee97beae69c7dd0227ef77765a300,l_SW_C04_CORE_A_SW_FACTORY_CORE_A,FG_4f0a6396a1510d7b3e1fc296993ed7c7d109e39436d86da47250371dee6d7cf8,1,False,L_REDSTAR
23603b45cc5546530c1777404e2163a82071eba30f7fb3bad28fc8baa25620e6,l_SW_C14_CORE_A_SW_C14_M04_CTRL,FG_e12e05ec10a99422e7da2ad794b676b37479f2c83c649fefee0c311abf331dac,1,False,L_REDSTAR
2371b44cdcad56a1ae6188d59b2449837a9a2b7cdee69168f22c8a097fd00db9,l_SW_C11_CORE_A_SW_C11_M01_ACT,FG_30d7ef87eb5e7dea6b715fbb6bf51ec1b50148adb205172ec7d41ed0ad85bc73,1,False,L_REDSTAR
24ff8eaceba4840d011d5412f8d2cbc44bce49842090aceb92cb6748428c0e23,l_SW_C01_CORE_A_SW_C01_M04_CTRL,FG_8b96052ea30b9af76704708743c4a7f414910d3aa0d9881d2631e3fe69436f15,1,False,L_REDSTAR
26b1c82a733f23a27ee7962b0841c8909de9ae0c9c4c61059a11e04d7c4e93c6,l_SW_C03_CORE_B_SW_C03_M04_CTRL;l_SW_C03_CORE_B_SW_C03_M04_SENS,FG_20502c0ee8e086935ae7ab3f3a15ba6affe9fed97ae54ddf88b9a02c8ac710ce,2,True,L_REDSTAR
26e56ce2f057741af1cc398c88f30b901b438a9fd35fa913914fa43ce89ba228,l_SW_C11_CORE_A_SW_C11_M03_ACT,FG_192fb9c281b5f136924e33e5596f2546b8b42e58ffe459a318c78fe45b282cb9,1,False,L_REDSTAR
28c09f0a1eb9a26df666b198e0a2c9238833a068ec03120ea64bc2c48b0044a5,l_SW_C13_CORE_B_SW_C13_M02_CTRL;l_SW_C13_CORE_B_SW_C13_M02_SENS,FG_c643b2fd205d17860dcf4d2bfa481f1bea813c722064aeb468534c2796042bd0,2,True,L_REDSTAR
2b042f4f74d6fa59095a5e6563f93212964a415ed790d80ab7ef22c15301a7cc,l_SW_C05_CC_SW_C05_CORE_B;l_SW_C05_CORE_B_SW_FACTORY_CORE_A,FG_754ea3663f863db638db3f7f49fca282e417f6c19923072c8ce763cdb9a75ab6,2,True,L_REDSTAR
2c73a9a6c848dc873dfb0a358652448f30d3fe249fb69066c86916e8b41c9858,l_SW_C16_CC_SW_C16_CORE_A,FG_975d6e275d63c2b1c91b697931cf6234d28600647307cf19966cf918db1c2fd1,1,False,L_REDSTAR
2d726b2aa523b7cfb741daa6b4c0c28cc2ee716b9686c4453f341c5365dcf506,l_SW_C02_CORE_B_SW_C02_M02_CTRL;l_SW_C02_CORE_B_SW_C02_M02_SENS,FG_ea2f24a23c6cc2e00e6d6a21a476548170857d3628bfabdfdf99dac3281d4684,2,True,L_REDSTAR
2d8d1ffe630b3c46a100750631541a93cd962059e2af506b3ade22afa522a349,l_SW_C14_CORE_A_SW_C14_M04_ACT,FG_380f8e7b6209e149bd664c328666db82f546414f5ea31e0e47a8d982e3814854,1,False,L_REDSTAR
2ef18f2deae8ab2793924e79a6c332960bd8c8644f49da976076e5b0409005df,l_SW_C16_CORE_A_SW_C16_M03_ACT,FG_cd025781ad440c0c747beeb33fb3b5d870aefa6d0f198a5dfbb7687b876e4e7a,1,False,L_REDSTAR
2f04e833f4bf01bd4250bbb5e5c5ec6114f4f6f8d121acbd7841f7f4637840be,l_SW_C11_CORE_A_SW_C11_M04_ACT,FG_9f64a1e2b54f87d08b08ce905aa218070cb8bbf4fa138f6517d0a9b17935b552,1,False,L_REDSTAR
2f8f677c1dee3d1d51bf65176ec92aab927b4ac49d05a97661f14c4bf8ff8d0b,l_SW_C08_CORE_A_SW_C08_M02_ACT,FG_8dfcc2f706a39aa0628904a107187b04848ad3393172a93a915a9d841a1d0519,1,False,L_REDSTAR
3090bf4ca4a6a428e14e335fe7c812b0c354e2bb09426054c70cd90e40e5e148,l_SW_C12_CORE_A_SW_FACTORY_CORE_A,FG_122a4ccdaf8572d9286c2becbe200d255ea78bd73921c520759cbaaadd3cd45d,1,False,L_REDSTAR
311ac76be3a9e71377d664d5ac1a0fe259422145ffcd32b7f1cbc297a4cdffbc,l_SW_C15_CORE_B_SW_C15_M01_CTRL;l_SW_C15_CORE_B_SW_C15_M01_SENS,FG_293382e0b486246aba32769ac006bb6ea47eec5774858e800bca9f46ba80f80e,2,True,L_REDSTAR
31bc5a708c3f6be14299db87a6483b6629a6283a7613532ac1a054bcb6d38def,l_SW_C15_CORE_A_SW_C15_M04_ACT,FG_0f449c30a58697311e5895f1c47c14512c82b3bd3c8e32210da6bcfeffa5dec0,1,False,L_REDSTAR
31d706bcd1000412d7c70ac1ec94c9be6c0180aafd596c024ef4b1b2c7fa3b68,l_SW_C07_CORE_A_SW_C07_M04_ACT,FG_e9095b50ef453882784cbe52958369e3e7c03cb915fff447d3fd9de3baa5c375,1,False,L_REDSTAR
323f2b2958662936dbe205c24e338176e0c40afeefc3240cc4be3487cf3aadd8,l_SW_C01_CORE_B_SW_C01_M02_CTRL;l_SW_C01_CORE_B_SW_C01_M02_SENS,FG_8082e436572b7b5c02408b42938c75cce1706dc08d088708d1c2c5e7be58913a,2,True,L_REDSTAR
3241e2ff90ba986bb91f42f501db19bf0e7c3ff3111c478cbcb90cc1282d0be5,l_SW_C03_CC_SW_C03_CORE_B;l_SW_C03_CORE_B_SW_FACTORY_CORE_A,FG_023d5b01d0781bc5302680307187807c4bd87f1f3cf799e1f97b6e35c0421abe,2,True,L_REDSTAR
336edf22f7bce52a33d717379a0b2da07cfc6fdd592cf25ca436b8651b9cc894,l_SW_C11_CORE_A_SW_C11_M03_CTRL,FG_209671a5daa12db8385049a61fd1be526729609c27937f73a5bdd2df87c2f7cd,1,False,L_REDSTAR
342bf5ad273e482e593681c2621355475534a312f0f14d1b35f4769c7dff64cd,l_SW_C02_CORE_A_SW_C02_M01_CTRL,FG_e572e3fa6ef766fb192b904de6db67fccd40ac83babd6e50824410d1805a6802,1,False,L_REDSTAR
3463ecca6bfd1aab7a8166e1fdfd55d9c90be0d18172cf36d34320f04fd7b518,l_SW_C02_CORE_A_SW_C02_M02_ACT,FG_49f39de800837aa0785789180b5fdb750e07a2250aeb892061038cdd8c8b4fb1,1,False,L_REDSTAR
3520a32d44f255e40d305560709c376e27c24134960240bf8e24eb8dcd334efb,l_SW_C11_CORE_A_SW_C11_M04_CTRL,FG_2ead2f0f4aa620df36767d43d4c395cadc8edcba429c28fe09109a8e0a493d5b,1,False,L_REDSTAR
36e6ce5cf17dc8b2c327bc43a5728141a7a59b31f9b7e42417a7dde0b057d002,l_SW_C09_CC_SW_C09_CORE_B;l_SW_C09_CORE_B_SW_FACTORY_CORE_A,FG_d464d55014173b7b9acf153244aa9095bf2d608d923fda11544df7bba0499d9e,2,True,L_REDSTAR
375ed0ddbe0f462945f03a7fbcd668277027fecbc9271afdf7de80c20ef9c791,l_SW_C08_CORE_A_SW_C08_M02_CTRL,FG_d28e5376c99f1646e085a266945023aa3d2c44a6e08d2d4d3bff4c70513e9cd8,1,False,L_REDSTAR
391be1c388c6d427b507a4bd8cf69c166c5140a60281691c8ac32196ca887545,l_SW_C02_CORE_A_SW_C02_M03_ACT,FG_ce7ba8a81417f2ba00e77ee307aab1f473da6f6043cc1434a5d2cc755ae1d232,1,False,L_REDSTAR
3ac051cce19d80b7ad9f402bc12fe85e25089e084515192224c100169737aac6,l_SW_C16_CORE_B_SW_C16_M01_CTRL;l_SW_C16_CORE_B_SW_C16_M01_SENS,FG_a3215573057f8f92eef03fc67ce0534f2e750e48bdd75ab4bb00d61ff4bd388c,2,True,L_REDSTAR
3aefb4dca623fae7fe94388156643f4fc20de9fbbace988a99d9326beba206f8,l_SW_C03_CC_SW_C03_CORE_A,FG_05d493ad95d89fce651e6e999297b1fe5f7edc045f165e909b4c8a681b9c551e,1,False,L_REDSTAR
3b33b74dc911a40377f4e44a801e98b6bae32b7f692a965d3e4b27baf137ad74,l_SW_C04_CORE_B_SW_C04_M04_CTRL;l_SW_C04_CORE_B_SW_C04_M04_SENS,FG_465868e777150b05bf6950787deb07d4080283d4124188dd61e95c17c5ec8a96,2,True,L_REDSTAR
3b6de2c04361eaa8440329fa23e0774fc8b84873dbd27377313009358c1251b6,l_SW_C09_CORE_A_SW_C09_M04_CTRL,FG_14058660fb17ff797542aca210fa21b746608977dae542242c11283dbfb47820,1,False,L_REDSTAR
3d51b1e2271231b9e5049a70391325db3a24acb689d7da715f23385efddda09c,l_SW_C03_CORE_B_SW_C03_M01_CTRL;l_SW_C03_CORE_B_SW_C03_M01_SENS,FG_3342a1f7b7d67daef021451740e0720499d8b591b3a5bada6d9d89ca50af641c,2,True,L_REDSTAR
3d8480651ea23530d27784885dc249416208178653c51624bbf33516518a46e1,l_SW_C09_CORE_A_SW_FACTORY_CORE_A,FG_16d0b5401910b6d0ef534ad05bcded213345da34ded0be1ab467f4117bfd74b9,1,False,L_REDSTAR
3e529939a7506949ab96b56276d90e645efa618e7e2a8eefa270a824e0c94495,l_SW_C04_CORE_B_SW_C04_M01_CTRL;l_SW_C04_CORE_B_SW_C04_M01_SENS,FG_25f4f7a172c60c26f4b799ed069335a9d462b4d5e62c9aaabdd168ddb50ffef8,2,True,L_REDSTAR
3f8f3c42a32d9c291483f7fa83fa2fa0f4726c044e55cb5487c9383dd6670318,l_SW_C12_CORE_B_SW_C12_M03_CTRL;l_SW_C12_CORE_B_SW_C12_M03_SENS,FG_cf6822860e6eb698ffc692e46d982ee4f565e1ab87dedfbf0aba4fc595638e59,2,True,L_REDSTAR
3fd2f4a7f41bf9aba473048eb5b8b3880b4cdbbf085d059eec9cca38869d1d72,l_SW_C09_CORE_A_SW_C09_M03_ACT,FG_d2b0cc232a40275d0478dc039c8a46b5b72bcdb9bf3844699280b96188a6e82a,1,False,L_REDSTAR
3fdda915a03fd0be95f11784dc5888085bec961aa07e014feda1d74249b0bcb9,l_SW_C05_CORE_B_SW_C05_M03_CTRL;l_SW_C05_CORE_B_SW_C05_M03_SENS,FG_bd5a37e20eba9ad2c3b291aca70ec346bcc61fc45614ec29a6734963c6ca6c90,2,True,L_REDSTAR
40f7bc0cdbba92073bf8bfc7737a1bfceafb319c714eb3779b8de6105a2ab1f8,l_SW_C08_CC_SW_C08_CORE_B;l_SW_C08_CORE_B_SW_FACTORY_CORE_A,FG_b0bb29a1d3584afcb9a6e8921081bcbb0464ed3b73d6466de5167aec308b3eb2,2,True,L_REDSTAR
413a2ee51cfe4ca156e8f8a7de3e05e95f2d0d393e578644f81abcfe3f44e175,l_SW_C09_CORE_B_SW_C09_M01_CTRL;l_SW_C09_CORE_B_SW_C09_M01_SENS,FG_cc57c543f0c9170cfb595fa57dc04f7394b2366fc49590b591b026a0dd76da43,2,True,L_REDSTAR
420bc6d6b696fc343d0a29025004d85536457efa7fe7185fa3539bb44673426b,l_SW_C13_CC_SW_C13_CORE_B;l_SW_C13_CORE_B_SW_FACTORY_CORE_A,FG_cc3c9d0e29e48df6bfe1b34c3b762a45a6e284530f9d82338db8834f490e1f1d,2,True,L_REDSTAR
42ae7d34080e836c120bcf60dd6aa068a416d90d1ffe4df1306aa2a46c6279ae,l_SW_C11_CC_SW_C11_CORE_B;l_SW_C11_CORE_B_SW_FACTORY_CORE_A,FG_63c2a64d8b1729125068a4ab606b9c2e1ebda29432e85defd597f01c4e07e8c9,2,True,L_REDSTAR
44e162083a19678e54b083329ad16b66967cd2762d4820c56d4ab1ec36db3b43,l_SW_C12_CORE_A_SW_C12_M03_CTRL,FG_921e5492b5eb1ad867ce609d305c79334165280df1468efcf594dd7177c718f1,1,False,L_REDSTAR
4527f2b2b4097ef04a5be3d9180522c63f6564157ed72208e05634c4c9294244,l_SW_C07_CORE_A_SW_FACTORY_CORE_A,FG_67e1d5bc95b1d44e857c2af2faf50415b26aad77717aaee98ea3c55667c6115b,1,False,L_REDSTAR
459c304dd3eddf8cc09d9c497ec3e859158b9005fbbc513d29afa33f5f2d2dd8,l_SW_C11_CORE_A_SW_FACTORY_CORE_A,FG_06568b5371ab158081bb29ccd20d9f95b0754db42fac7b74225982fc5ae60194,1,False,L_REDSTAR
460de9ce2988997b7789dd916311d22f91a834647a6bdd8b21afe98d8804188b,l_SW_C15_CORE_A_SW_C15_M03_ACT,FG_567bc705ba0279ef58ccaa1e5092a901d49e1ca79a4f613242ea32a5da291a1d,1,False,L_REDSTAR
467dfc362a967daf6665d20870f00f013fa41270245eb7a7d4db051350cdf10f,l_SW_C14_CC_SW_C14_CORE_B;l_SW_C14_CORE_B_SW_FACTORY_CORE_A,FG_6989c6e080aeba714ac6c745ba1efe2171da86d0ea456b0d67b922a3811fa790,2,True,L_REDSTAR
480f1d6377186eadf6e7387b3800b78008fbb1f6e16b635dededd61aef1961e8,l_SW_C16_CORE_A_SW_FACTORY_CORE_A,FG_870a16f50a3d0f37325c810d37e74aa7b44e73ce694bdca16df41d9c557677db,1,False,L_REDSTAR
4a7484d70046631fe2dc1dcff70d9d15cc9ccd5c07fbb9f24ae7a2cef2aafcc6,l_SW_C01_CORE_B_SW_C01_M01_CTRL;l_SW_C01_CORE_B_SW_C01_M01_SENS,FG_b08e6a2cde6f306a68519182b2cadb69c6cd51dfb8738ea0cb056e1153e55d2e,2,True,L_REDSTAR
4a92371894e2f29cd58ecd9e6fc86efe08409e2269b482f645551884a0267308,l_SW_C05_CC_SW_C05_CORE_A,FG_5b80409880480c78f2c70df5037347e615585dd6f2fefdf7eaf80777c49a23f3,1,False,L_REDSTAR
4bf30b855078267bc98f03031e1cd15b4470aed26f8b5d5d465f524a012f435d,l_SW_C01_CORE_A_SW_C01_M03_ACT,FG_1beb9bd1ea7906e1b180a43846700a5aa9428548cb399a66f0eb78e7fb9d4b8e,1,False,L_REDSTAR
4c738d0bca937ce4e13aa26e95317004f8d5503a2a63f4dda0a92d2e14632ba2,l_SW_C15_CORE_A_SW_C15_M03_CTRL,FG_2a9b7a70de59051b891221777903d4c1747379ffe51e8bc831e6a686e38992c5,1,False,L_REDSTAR
4da5e5ffb17ad15ff312b44df5ad4410686c7b9d4fe362c781a56631612b50a4,l_SW_C06_CC_SW_C06_CORE_A,FG_cbeda9b9145944eb958685261e8e1c8f362ac80207efbdb780b498b24a43e537,1,False,L_REDSTAR
4e0af0a051ac244e7fea1c6601b66e2e31764b2ceca1d594cc66702f5c637d9f,l_SW_C10_CORE_A_SW_C10_M02_ACT,FG_1a9dde6b8a28e1157b2503b12adb1325e08226183d3b6d369b23280c60a8e700,1,False,L_REDSTAR
4f10e42f1816258026fb42b6b7eb3fa7b2bbad4c58eb89295c75adbcce21b9fa,l_SW_C03_CORE_B_SW_C03_M03_CTRL;l_SW_C03_CORE_B_SW_C03_M03_SENS,FG_521c04913fb8ec587b6bc9598ee5dc21b07ee555c1cd6c9648b3d9c1005ac232,2,True,L_REDSTAR
506dc3ac00202ca5888b34582d54af73cb7344e48f8e31ee42d391a119c02648,l_SW_C06_CORE_A_SW_C06_M02_CTRL,FG_2e313f7456cb5b469eb85f8a6106b3a669dec7ecb5c98c9fa4c654557d64ddca,1,False,L_REDSTAR
50bf3c84655544a852bf31a779daa73726078635d6f31ad2372bd2aab84bd1e3,l_SW_C10_CORE_A_SW_C10_M03_ACT,FG_61ea7790b14f3d62fb8f63160b7f676f1937080ff21d52fb1d234bd8cf7eb598,1,False,L_REDSTAR
510844a9b6fb71309a6f27d376d47e28cc3f1fd0c7ebeb9cc99f4c123147ff97,l_SW_C02_CC_SW_C02_CORE_A,FG_bf9c1ca2c418ddd7c411858b96ff78b68cd25186e44666a2862f72cf5ce8d173,1,False,L_REDSTAR
514e92100c8604761b015008477be188259983589438b63478d1d9749a6c5df1,l_SW_C16_CORE_B_SW_C16_M04_CTRL;l_SW_C16_CORE_B_SW_C16_M04_SENS,FG_fc83ad05c5ca9a9a3aa0b5e26cc48eb058262ae7feef72872eb29d3f66af8395,2,True,L_REDSTAR
51844501c793ed98debc20010b7f31915f7b75f0c02310d58aa183fe2b1d7ed6,l_SW_C05_CORE_A_SW_C05_M04_ACT,FG_405d8ddf3dd4e539b7aee53457409c0bcff1c8b3131a5094df125422c51e3ac0,1,False,L_REDSTAR
53c1cdf8d979e6077a04b9b33a494c5d5a7aea083b0372768bdfa18fe0f1245d,l_SW_C06_CORE_A_SW_C06_M01_ACT,FG_f35284091094ebf9038fabe1198e24a1bb331e3f1deaa9092b222a2947fd6d12,1,False,L_REDSTAR
53c7de088d7c049ad056bd76c12192260ad5afe614791ed0e0a6b9bd67977cfd,l_SW_C13_CORE_A_SW_C13_M03_ACT,FG_9071679f6712ba621adf3e5143164e378ed788e452d4052e009005d19df4b3ac,1,False,L_REDSTAR
5780d42c19127551173090d7b6747f595c030556c44d863217fc43239043af43,l_SW_C01_CC_SW_C01_CORE_A,FG_bf1b96a8bc30d2d61b31285c22eb02eaed20014adacce944f674f82c66157bbf,1,False,L_REDSTAR
5a829cae3bd6bb041d0f1c701ed12b3230d6c4dc03ede3a48bc7c0bf0ad02bd1,l_SW_C13_CORE_A_SW_FACTORY_CORE_A,FG_99b5e6104459db01580dd8cfbb571f7dd2009281aa13755a098e47d1bc772c0c,1,False,L_REDSTAR
5b9a46a95de42df3a7499ddfb2f84f2e66c3454d8a7d309a44e97cd5fc26de95,l_SW_C09_CORE_A_SW_C09_M04_ACT,FG_89d58e5199f2e0fce5e9dea0842381791110f57272595a3ffb15a0c9b68de422,1,False,L_REDSTAR
5ba3a5d9e7f13adf061f021eb8556988910985f6297f29162fb2fa41b75ee5b9,l_SW_C14_CC_SW_C14_CORE_A,FG_9ab758a64803be9e03025ab4f60e2e1cec3852ea269bc7f591212a9533c05b4f,1,False,L_REDSTAR
5c29d2c3b2184807e1a81b6b4d5863c8f286f3b63ff5aa247ca63c863193f919,l_SW_C09_CORE_A_SW_C09_M01_ACT,FG_820417d036ce79aaf0e1d52dd493a8ac8ded0a5ef96010ace84e3b08c57aa95e,1,False,L_REDSTAR
5e4de46c173969bdb9a411ec76c42157a1f408e2644eb3bbea2f5883aeb10748,l_SW_C13_CORE_A_SW_C13_M04_ACT,FG_2ef450f57aed62d5651cbb1e874fee8f5804b2a5c029bd540a7dd98c54fefe50,1,False,L_REDSTAR
5eb7779ddd1e2bb9b135b97c26083eaf4be3ed77910eee1342ecd69cd44a7b88,l_SW_C08_CORE_B_SW_C08_M03_CTRL;l_SW_C08_CORE_B_SW_C08_M03_SENS,FG_83e6e29e12266aceb6646f2e6668d67b29b0658883616c552bda5a02c9d6d9b4,2,True,L_REDSTAR
5f029531fa622b7140e00002f4eb57cc6f3daf998bd7db3cea8f42575a8267f2,l_SW_C11_CORE_B_SW_C11_M03_CTRL;l_SW_C11_CORE_B_SW_C11_M03_SENS,FG_bf3da66cbfaf9f90ee982471a9f0e5037dc391a64207a9a0784c304e14448325,2,True,L_REDSTAR
60973b0e9bdbbf50ed5e4adf6a4f69f41ce63c1f2b31c08a11b5f47ff31931f5,l_SW_C04_CORE_A_SW_C04_M02_CTRL,FG_a7afb74cf9ca32650644a8af54e2051ef7e9cead2a261c44d2d5a60a69d6fbbb,1,False,L_REDSTAR
61548ea37c77c580826421b643f55a87452be03f612a239d787a876d95302c29,l_SW_C05_CORE_B_SW_C05_M02_CTRL;l_SW_C05_CORE_B_SW_C05_M02_SENS,FG_d8073887cac4a3353462ddab9bfd9879be90a1e5aa337fd1fd08934ed8501dd8,2,True,L_REDSTAR
63254aeedb5b4314ae2c5da96ac9d26eac0ba5ddeafabd7139b1bdf4591dd5ce,l_SW_C04_CORE_A_SW_C04_M01_ACT,FG_089d16aac5188320c090d5eaf489f27af4682097821da4167725bb177604170e,1,False,L_REDSTAR
656e2ab3903930e9d9764ec908ba76bad798123d18df3e1753232c145de74775,l_SW_C12_CORE_B_SW_C12_M01_CTRL;l_SW_C12_CORE_B_SW_C12_M01_SENS,FG_5b5b05610b2d2d360e7607b78cc5c02495d5b445cc92cf679b548bc7b2b83e3d,2,True,L_REDSTAR
65d1ef9e9c6aeb1e96c38c159a47209dd2a35c538fa5d8937a09700036528b78,l_SW_C03_CORE_A_SW_C03_M01_ACT,FG_3ec54d382b87dfd61006240207a23b7e0a35d14b300bb4830f6227f593f3d94c,1,False,L_REDSTAR
675e1291f3312bbe234a777f58c762a86c332bd3fd26ed48e42fe455a0045dd2,l_SW_C12_CORE_A_SW_C12_M04_ACT,FG_bc0dd4eb042c70399f75e8eb77555b4822a29160d3b5abe6f5c01454cb4832bd,1,False,L_REDSTAR
6e1112f172471d83774ecba9052ca678dbbadc50cb2de63ec897c190a248e20f,l_SW_C09_CORE_A_SW_C09_M02_CTRL,FG_9292b2cdb3c3809295396458d0e3167a10c4203b33e1bb957d0810658ae2e5c5,1,False,L_REDSTAR
6ed1eacf2748e25cdf0c27472f32d9164fdd8c879e33f64f0daadfbd043cbdfb,l_SW_C15_CC_SW_C15_CORE_B;l_SW_C15_CORE_B_SW_FACTORY_CORE_A,FG_e5d5f0798195a421d4e3e9343d45e720fb88c811cbb26df28ade3e0bac26f8e6,2,True,L_REDSTAR
7044b5b144a96e1d11728548dca44034e5a99435ecf5e7af828a65a50fd5f489,l_SW_C11_CORE_B_SW_C11_M01_CTRL;l_SW_C11_CORE_B_SW_C11_M01_SENS,FG_5fdcc0ae0a06287ab539578b0bcfaab1f4b9570ff36a032ae1f22b356bc832f5,2,True,L_REDSTAR
718bca8d83545479695646fe72c5b89e44a90d01d3b9d28a4041877bdff06928,l_SW_C07_CORE_A_SW_C07_M01_ACT,FG_7362333f52d1f942486338315988a0340e25b5a5e25143e5d792f3435f1c40d0,1,False,L_REDSTAR
72c67b8bac5cefcd6aefefc9979a40c87da2602fe2070d1f09238f830eb63198,l_SW_C01_CORE_B_SW_C01_M04_CTRL;l_SW_C01_CORE_B_SW_C01_M04_SENS,FG_50df3151059c738fd375a0106325ff3d16287a89490561d1d9a3599e60733053,2,True,L_REDSTAR
733055b3dfe84b407069a84c83f2678fe69da38d835df4ab59d036e8496675a7,l_SW_C14_CORE_A_SW_C14_M01_ACT,FG_96ba962c313afaff6e7bcf52e41a7c7a7c6c8f90a1a4a6ae5fd6441995b2420b,1,False,L_REDSTAR
78ec2f5d694f127a665bc0d5d55931a2d2fbebbadf867296c280dc2b3ccb459d,l_SW_C06_CORE_A_SW_FACTORY_CORE_A,FG_9caa87628b62b0c112d6ecc4e00358669295b696679fb2b9b6aab445cb9517c9,1,False,L_REDSTAR
7aa1f28a15de6e2f0723beab9d448f04977d77a8cc8301d416c9eb3b8b41692e,l_SW_C14_CORE_B_SW_C14_M03_CTRL;l_SW_C14_CORE_B_SW_C14_M03_SENS,FG_434e441849dea5f3bc48f154c3c6124891462d772ad92ede340717990bc6a955,2,True,L_REDSTAR
7ac8489d07703b412a95cde7518d9457fdb248cbc96bafc019af338f3f3b0a5f,l_SW_C12_CORE_B_SW_C12_M02_CTRL;l_SW_C12_CORE_B_SW_C12_M02_SENS,FG_f490ec8d46fd9897c6846369fb2513a560e99ffe787113ae97466d7233c3ef6a,2,True,L_REDSTAR
7c979717e92af267e2cd4e4452ed5d51eb8f64f7b58598789f87eb744d19f862,l_SW_C09_CORE_B_SW_C09_M02_CTRL;l_SW_C09_CORE_B_SW_C09_M02_SENS,FG_a6fdd0f777c1f0561567c411a582d0d9ff5f578e47be119f42b4009a2f7deb9a,2,True,L_REDSTAR
7d160acc15231f07dab4b18c04b1ec0d35d33f7fc9458a0fe70f2f2ed70923e1,l_SW_C04_CORE_A_SW_C04_M04_CTRL,FG_12ce9ddf1ec6757eadfffe0720672b1bcb9af3b7ed526922aecc3b1dff1e4dd2,1,False,L_REDSTAR
7d2c4226819d9abfc46a1363377adb3dc15e960be7f43da8d2cee63d49746f37,l_SW_C14_CORE_A_SW_C14_M03_CTRL,FG_33000dfcc8437bc89efb89a2107937b13f1ebdeab198d4b173dd15fd6c66d8f1,1,False,L_REDSTAR
7fe851b3dc1a952499b8a239a627da91b2e0afb2a3e59b7eca3c1a08d52e1d42,l_SW_C05_CORE_A_SW_C05_M01_ACT,FG_789f76932eb3835efbd359ae76e99d02609c429e5fb84aacee53c853889a1440,1,False,L_REDSTAR
80db024c717b055756fcf10497acddfad1eced7b53bc27995aa0891887aad717,l_SW_C12_CORE_A_SW_C12_M01_CTRL,FG_3e0315135666361b466c4e0afeabccd96a7c4111623ff1b4d99f2a71833a3824,1,False,L_REDSTAR
81b11a5d142293e9ea56c73263a0a0f0ef589d63e63946dfde0f6f3709ad6925,l_SW_C14_CORE_A_SW_C14_M01_CTRL,FG_930c74efce5fe65c53d4d6bb1815f587cbb0841e663b37d2a38e4de9cc1de731,1,False,L_REDSTAR
83a359fffe267bc7f5bbf8312f30550de17c347d4995c404168210828c515d50,l_SW_C16_CORE_A_SW_C16_M03_CTRL,FG_4ca0f355d18b7fc7ab32fa6461dd3d06e6183beb0ad845edc071cef7c769991a,1,False,L_REDSTAR
85bb9736286de608c5e9d523b0df5cabe565d7c962eb2107310b6094b19de2f8,l_SW_C02_CORE_B_SW_C02_M04_CTRL;l_SW_C02_CORE_B_SW_C02_M04_SENS,FG_5d86e0346f3e896b907c7753de6cf286f1e0c951554152f43daa8cbda7575d56,2,True,L_REDSTAR
863dce5cd8049182cec88b2d79b5cd8061c88012e11e3e6dc804441a530c0cb6,l_SW_C04_CORE_A_SW_C04_M03_ACT,FG_7e47686fa70ee8761dbb283ddb3cac8e401f930322b5be21df38bb800c8f51eb,1,False,L_REDSTAR
86d4b429799135eec27753866c919085d7454da0cc89c95100a33b175a69d86d,l_SW_C16_CORE_A_SW_C16_M01_CTRL,FG_e6fc1a37d54647e5f1efde9def18acf6cc6772bc1e38386eebb7bd8c044dab81,1,False,L_REDSTAR
86da2312ed02a9f616fcbdf3d1d5d21695973b5d79a2fdc29735940acccd1309,l_SW_C10_CORE_B_SW_C10_M01_CTRL;l_SW_C10_CORE_B_SW_C10_M01_SENS,FG_5275bdd9a682c0578b764af5d2c613c67751a476ceec17e8ddaddc9f38c0c6d4,2,True,L_REDSTAR
87c3e1f1447d2f9d10d3abe86cc59cbb99073150f385ce25efd858018c839ecb,l_SW_C05_CORE_A_SW_C05_M03_ACT,FG_d77c9a985d532c5d19236a8ab4c9271481d85dc3a60b1b463fc2972f0179055a,1,False,L_REDSTAR
890f1329239601517bccbb23e01f0ed0b2d45b65cd48fa1869d5243787b8b6cc,l_SW_C01_CORE_B_SW_C01_M03_CTRL;l_SW_C01_CORE_B_SW_C01_M03_SENS,FG_fb061cb30ba1e06c9797064602faf7d6da036ebc53c8c9adc9be83fe4b24f396,2,True,L_REDSTAR
8a102b64ba0fe255abfaabad3dd4864795f37fc52ef44f0e054687221f74a35e,l_SW_C05_CORE_A_SW_C05_M02_CTRL,FG_f83d20f6917e173ca2f8c580574c4325335f49f3bb608be5834a29cfe17524cd,1,False,L_REDSTAR
8b58d87bd2d3eecda461d902702cd47f574c15324b72c26f1fe2f00943d066af,l_SW_C09_CORE_B_SW_C09_M04_CTRL;l_SW_C09_CORE_B_SW_C09_M04_SENS,FG_1b1252e9877c154e1437cb9e82242eef5674bcacfd5520e3b55947bb355aa2f0,2,True,L_REDSTAR
8b5b859084aef23384b91d911f2cff563bd8c814eb33ab5b27ab0c9579101524,l_SW_C03_CORE_A_SW_C03_M04_ACT,FG_1279a9b15350679a41e0f719da92fbd866a722d5cf815b26e65f29584e88e604,1,False,L_REDSTAR
8c89abedc773be6d2f5d0990f353dc392c7a1ad411984894213367233b2a10a0,l_SW_C07_CC_SW_C07_CORE_B;l_SW_C07_CORE_B_SW_FACTORY_CORE_A,FG_c3d383ad04465d1a9e1739cff9c1f5937fb70b653c8145c452ce57bc0567a494,2,True,L_REDSTAR
8d8d63d5e6e551d993c543507287c0a8c866af290da143e9ac50ae6da7a56f22,l_SW_C12_CC_SW_C12_CORE_B;l_SW_C12_CORE_B_SW_FACTORY_CORE_A,FG_2e3460ad36199ec04065919881cfde15291d024638bb8ae07078082c1a781282,2,True,L_REDSTAR
8e4db5795781a8eb69c7a0192548ddb47af098492c5d8d0d582a76835811bf74,l_SW_C13_CORE_A_SW_C13_M04_CTRL,FG_0239a219ce93a2bf0217867ba219dc711ff917026667a1ba9d8188919f8cdbf6,1,False,L_REDSTAR
8f28aabbff9ceddc9c2c28e6ccb5857838e4714d3a6701f09662873cb6967318,l_SW_C02_CORE_A_SW_C02_M02_CTRL,FG_30abc6d44ccdce1b03127a32c1096d1f7129244e603e1ceb1be03bc09bff4980,1,False,L_REDSTAR
8f8ce21130f9db1ab943fe577ab301d602261702397a8441479aae7c81659fb5,l_SW_C08_CORE_A_SW_C08_M03_CTRL,FG_332c5c6ce2279a3d18a5e9f462a39d0b79946270d1dfc6176d9bf65f851f3af5,1,False,L_REDSTAR
9244efc0f9e014ce8134f26fe31edddca7e67ff5794f258ca2e3f05dad8640df,l_SW_C03_CORE_A_SW_C03_M03_CTRL,FG_1bd60ba55e245b77d74911af400110d08e77561959a7370301177e178f854d86,1,False,L_REDSTAR
926007236aad944222bb8dae7eec9f844bfa378e71de78c6e1d1b47ac79ea3e7,l_SW_C08_CORE_B_SW_C08_M01_CTRL;l_SW_C08_CORE_B_SW_C08_M01_SENS,FG_ace940a4b0caa0b6b30c62621007524d04326446255416372da6dc7a08c61325,2,True,L_REDSTAR
92f06579a6d701dc4b9aea1b0fe66a7a7cd3d6f72488194b796d2141dd9ffbcc,l_SW_C04_CC_SW_C04_CORE_B;l_SW_C04_CORE_B_SW_FACTORY_CORE_A,FG_f285cb2c4f716d4e1d171a4c94bb92fc8f52e75fb85d2da3a3aef717ed7661ad,2,True,L_REDSTAR
931c02da9131a7f9570089174fb7bcb75702c69507c3d5b8235af58ce3fd1af2,l_SW_C05_CORE_A_SW_FACTORY_CORE_A,FG_e42b86eae7cde08659f632a68b24bc7b2207dbf81ee3f27e02f7957591be60d4,1,False,L_REDSTAR
933e7e4a219b02b676f956adebfbbed1741d5346011a92bd67f4ae05bd5fac45,l_SW_C14_CORE_B_SW_C14_M04_CTRL;l_SW_C14_CORE_B_SW_C14_M04_SENS,FG_1ce7de5eec044df52649fdf5e1774382e6bc66aa7996af358b9af2d464dcf6fd,2,True,L_REDSTAR
9626ae0b0df0d2dfd50d22278e42a737918e04a738aa738bf65e66e0ec1e3e33,l_SW_C10_CC_SW_C10_CORE_A,FG_47eb95f9e59803a9f2e1c6e2e13a6a79fcc8fd6d8fd8612d6296bcbe3a988d42,1,False,L_REDSTAR
96bce8e76fe2074e3540df763a4866a61e044507b6632534f161fbc3586a193e,l_SW_C09_CORE_A_SW_C09_M02_ACT,FG_813735182f9c931645c097affc54feb4362b026ce7b632f2e46ab5c2fcf3b951,1,False,L_REDSTAR
98d741572c512e614490142678dc0b4ec2e157c05a45bbe6441c4c446abe25f9,l_SW_C01_CORE_A_SW_FACTORY_CORE_A,FG_9ef43d42aea06cefb0693295748e8516378b162639ebc43190679c6ffe278410,1,False,L_REDSTAR
99575bb01206553bb9a3304aae5f6ac985e6706522d4eb3a22d7978cccdd9ccf,l_SW_C16_CORE_A_SW_C16_M04_ACT,FG_5e480c86ef00b2a893e522fbfd2102489e1d5ddaea43170a75037ab4d8d01fee,1,False,L_REDSTAR
9a43aa46482ced26cc431fafc0343175589fe350910d32199d9c429099ec1a7b,l_SW_C01_CORE_A_SW_C01_M04_ACT,FG_d1111964f72174d5d1d50caca312b60b6bfb5351d5a041c904f9b62b6ef6416a,1,False,L_REDSTAR
9ada58fd97b7975b164773394442552f693c9f5f4c2eee1a905b900a247f89a2,l_SW_C03_CORE_A_SW_C03_M02_ACT,FG_596d864f0703d730db3b51c744f84b9fb348bfacbab556ae17a34c68f697d070,1,False,L_REDSTAR
9b51f613eb07bad34247c60343eeb6dfe113ffd6b1c7d1dde25f806678cae29e,l_SW_C05_CORE_A_SW_C05_M03_CTRL,FG_51bf106fcf93b2154e766d08d2a17ec1033eeefcc35b285c66ec6d86a87c44ed,1,False,L_REDSTAR
9d3ebeef5ac5cd1208c20a985eb9b0f8d715447c04346e82b0a0017324b20afc,l_SW_C10_CORE_A_SW_C10_M02_CTRL,FG_48f0d1109c54bd8a1e4bca6bb8736abbdb8d61d4fa038d3b132c46c0acc96cf0,1,False,L_REDSTAR
9d70a21d6384e9977d21ab41d2a96257958660a9103c3a220288d6a14e295f55,l_SW_C11_CORE_A_SW_C11_M01_CTRL,FG_bd1e21ee4452572ea3b454aa6225478a4f7a8ad5f9eb2193db3459f8cd512d08,1,False,L_REDSTAR
a2a34b059566f006fafd39d9118dee1246a8b757cbec08afffdf0fd5632cb8b3,l_SW_C14_CORE_A_SW_FACTORY_CORE_A,FG_7f1129cb9c7ddf355d55fd9f77ebc7936af11ef37dbba5b50e3bbd516b7d7636,1,False,L_REDSTAR
a2e2c1f74d5ce8408ed8077fdd25eb33811bb8e86f3ec1772a791717a3a7669f,l_SW_C11_CC_SW_C11_CORE_A,FG_84f6525e1ef7f19dd579352044960885bf3f62f40d74366f6c043a1978658717,1,False,L_REDSTAR
a4a1407ad1effaf62273cde4b7534f5f6c63c6f3dff40ac7d99189b86403bec8,l_SW_C02_CC_SW_C02_CORE_B;l_SW_C02_CORE_B_SW_FACTORY_CORE_A,FG_e7638828de333b446e75e9cd85ce0c6e57e8a9e3e997a4c17b84525077bfd4b3,2,True,L_REDSTAR
a7934300af39dfddbd1913d7e3160cc50a8ac597b21a1e194ef4182502c9d342,l_SW_C07_CORE_A_SW_C07_M02_CTRL,FG_ca2bf8a656fadc4afc27ce912b79a8d11f99a904579ace68b8fdd49496273ff1,1,False,L_REDSTAR
a88a3831a0f85985123d9a34312d59827bb5d539417ef4b59d95182519007b61,l_SW_C09_CORE_A_SW_C09_M03_CTRL,FG_4ddf6983b5d1e0a2c6f5029834fac8f7f9bd663ba245e22fa37909613c212a5e,1,False,L_REDSTAR
a8a482664a8981784d289177acafd01fb01ebcedb6103a04822363bcbca1465c,l_SW_C16_CORE_A_SW_C16_M01_ACT,FG_af0f4225bbc4dc26283366e6c50ed7389f3bfa895080fb12d6dc703b4c4009fa,1,False,L_REDSTAR
a982ce55ccf1df6b20abfbaf6ffe9cd5fd8a4fcc6ba6d3827204a9bc866087b0,l_SW_C01_CORE_A_SW_C01_M01_CTRL,FG_2dfe3ed8a958c3ea49465e2f7bbf91e361ff8787be70e81c8a90ef1bd2d2a97a,1,False,L_REDSTAR
ab09dc44e896d09e4170bcfab45678cc4a26904c27f9341a4ba578a355f87973,l_SW_C13_CC_SW_C13_CORE_A,FG_0895d33711b700f02e61c4d368778e0888fe2b9b6cd0f5a5568def6ab37a11bb,1,False,L_REDSTAR
ab81294a9803477ef3672b389bed4972780944adeda01daf5433e594cb4b6852,l_SW_C09_CORE_A_SW_C09_M01_CTRL,FG_272ac8ebc0c460ce066338a9b0154c91ad526468d47805f09f0e196743e27a87,1,False,L_REDSTAR
ac52eab8d67277034b3df2f667a55f8d3ee84ce55defb7ebf9ba46de2270f58b,l_SW_C10_CORE_A_SW_C10_M04_CTRL,FG_c69e817a83bb24278388c200a3e95f07c35a89095b2bba4ed3c5ff5cafd0d2d4,1,False,L_REDSTAR
adf8064ea5ca87bf4ffdcb41b6851dd103acb7f53caf1c5228524b3c3dd80959,l_SW_C04_CC_SW_C04_CORE_A,FG_0b5fd175d0917b8d1f9192ba8ecc035bdacf7a90efc7e1ad42b8511fec1274fe,1,False,L_REDSTAR
aeafe231c27110104845fcff8a5d15768f81e5c31718a1636d017cb0c3d5c802,l_SW_C13_CORE_B_SW_C13_M03_CTRL;l_SW_C13_CORE_B_SW_C13_M03_SENS,FG_3d8630fdf6bc00a2e019171ad704ffa054ea04564d5a61296e99b2395f7edc14,2,True,L_REDSTAR
aee6f5d09a15f14aaa3b8a43433b360763aa12323331f9f1cad64bbb7298388b,l_SW_C12_CORE_A_SW_C12_M02_CTRL,FG_b69b33d17fd064603552bc0b5601666cbb62148cc3fe263af0f2fd7cb5551875,1,False,L_REDSTAR
af002b811362c42fba4dbdd1e8b5429d82bb0c91516e2ac990a32e2ab899a15b,l_SW_C11_CORE_B_SW_C11_M04_CTRL;l_SW_C11_CORE_B_SW_C11_M04_SENS,FG_2bdee841e56f6e1b2c7068734a5d498f23831373ee0c4feda18ee044ea2787d5,2,True,L_REDSTAR
b3449913f1b5d4f6666f94ef256b23fc8b6bbdf48758059499c8ae8e38d1289f,l_SW_C02_CORE_A_SW_C02_M01_ACT,FG_cffddfc5caeca829dde49aaa5140e20a1c2fed4fe4a56a833e4b4cd2e42af180,1,False,L_REDSTAR
b3a6aad4a48b146ed2d578e43662c1aefd4e982895672bea38516d19564e359e,l_SW_C02_CORE_A_SW_C02_M03_CTRL,FG_aed3fb88b7efafbf07632bd6f8343c9256ab5551a155702f5cf6285ddfd40b06,1,False,L_REDSTAR
b4ec95ee05ba5399b3acc06804d0a84c3d3d164e5934b67be97234fec744ab3a,l_SW_C06_CORE_A_SW_C06_M01_CTRL,FG_36d36f5b9c8bed3deb22bd502d53e53b1c151f1a7062caadb5086f9152e78ade,1,False,L_REDSTAR
b55b68aaa8e2e3988605e18d510e16c9754f74bdd651579bc6d9bdd82a9c8d46,l_SW_C15_CORE_A_SW_C15_M01_ACT,FG_36b95ad9e9971a26964ff1d1c16e9694878a9a22dce7e9a1441cab053ea96611,1,False,L_REDSTAR
b599274b1e51963d37dad56b19633b4fc0f7e345d4b6ed7e879afbb63ac3777b,l_SW_C14_CORE_A_SW_C14_M02_CTRL,FG_b6c0468a97228fccb688b4d97734c3515565a2a76a717663bae152105e10fde0,1,False,L_REDSTAR
b5c632b407bdb58b70882d8d38ea10d7015632d531d62a1810c8b7f910cdfc07,l_SW_C14_CORE_A_SW_C14_M03_ACT,FG_647970f9c8f051130902b07688ecae6a5798137ad1e23a4b19c6252e89b8a4af,1,False,L_REDSTAR
b615e97f59dca7f6047769c9903629b53b51063c1f1648ad634de41045c26cf8,l_SW_C15_CORE_A_SW_C15_M01_CTRL,FG_ffb5420724bfe388695460fd53c72c9c326777beed59d57a4c9fd8a4918735ff,1,False,L_REDSTAR
b74b03f7097de117c319119cb69d683e68d28515dcad35d7765f8954d643c099,l_SW_C15_CORE_B_SW_C15_M03_CTRL;l_SW_C15_CORE_B_SW_C15_M03_SENS,FG_49f045aa699ca5ab586dab9bf847a9bd13478e97ea9d7fa54640677d30a1491e,2,True,L_REDSTAR
b924ffaf197c76d00451e17c3d67646c5f323af0a06218b64b1fe930b4b13d1c,l_SW_C04_CORE_A_SW_C04_M01_CTRL,FG_cf33a6a3a9c58f067e70ccbce7fa8adaacde079369301e2194fef599ad3c314b,1,False,L_REDSTAR
b9b9db85ab5ac30841c7b4041bb9b00d230979240fb9a362aa080a469b292c83,l_SW_C07_CC_SW_C07_CORE_A,FG_b25f4fa1aa58bab7e2fda3692ef0af775e3503edffe79fc03eece8d51d683290,1,False,L_REDSTAR
bada969e4ec7a76981da8a5dceddee0dc6660585e2eb39596909adc69fe8d39d,l_SW_C08_CORE_A_SW_C08_M04_CTRL,FG_37a695f2c49ae9b30cd875efbb61475f61f686ac362d1fa3273c21e5e9374e21,1,False,L_REDSTAR
bb72d1bafc352e9628ac02d38d9b4c42e883a55c76305403ea2d9a36399fec5d,l_SW_C10_CORE_B_SW_C10_M04_CTRL;l_SW_C10_CORE_B_SW_C10_M04_SENS,FG_3309f31454841db8308a4532da7e3464d05eeb54e94e17cbcc74ca5efa76fef9,2,True,L_REDSTAR
bc0d6b0fad308c413f4c30320b9546d73d8ec9f7fcfcd7c12764c718c0b802c5,l_SW_C05_CORE_B_SW_C05_M01_CTRL;l_SW_C05_CORE_B_SW_C05_M01_SENS,FG_e3f1ed376dae0c2d8ba851f8cfc1d7f00a383fbc60e73eb359f1046e6f884d4a,2,True,L_REDSTAR
bc2c021792746f5580980cd7be1fef4e816cc0cd5008feb7b1ba96f8acc8e0af,l_SW_C12_CC_SW_C12_CORE_A,FG_a0b2066d6c368b1cd2ab6f2e6aeb0b583c1dd9dea2dc5de88d59ba99a6411edc,1,False,L_REDSTAR
bccee194e68fb35961fcf55c139bca58358a931f0988bfa93b83dc827abc375c,l_SW_C03_CORE_A_SW_C03_M02_CTRL,FG_83dc5185dfdb691122f4c37ee56ec7effe17e6fe3d3a6fc66a1fe89e3ae47689,1,False,L_REDSTAR
bd3da180f808411d7559fcf5a40756be7e266869c4867798f04c2ede7e8c0c41,l_SW_C06_CORE_B_SW_C06_M04_CTRL;l_SW_C06_CORE_B_SW_C06_M04_SENS,FG_6ff60352a95b849152ec72d42a7ab90db272f492271fb8820ea9859e677078c0,2,True,L_REDSTAR
bda8b3410ec8208a01cac1f2fbba9010a4c78801ef533be4c04a21c47a1170c6,l_SW_C13_CORE_A_SW_C13_M02_CTRL,FG_8312cbb1dbead655863bb634eae2075930bc1ccd09f66f9d456d2d7a26f936ad,1,False,L_REDSTAR
bf66a3c7991502116813cdaff35f17c85208b0f7ad929c8117122794b118bd21,l_SW_C16_CORE_A_SW_C16_M04_CTRL,FG_5dca079a80577b295e9023b8534c37b35cf8c5c07fa823570822db7f1533d57b,1,False,L_REDSTAR
bfc8749ca391503b0a928095c9ee719405edcdc61b3b2104b0f4480fa121b685,l_SW_C08_CORE_A_SW_C08_M04_ACT,FG_c8cd7878a7e2c46b78829b7c26283bb757229d7cdbf40c3fc3d296fb604472ce,1,False,L_REDSTAR
c0dbb3b48e71e78fe5653ae29eb7da0777ae37abe4b1b70eed497eddb3553a3c,l_SW_C08_CORE_A_SW_FACTORY_CORE_A,FG_d3f7a006ed3e8b7e93bdfb9b5adc7e70e2be2f4ab7c2637d53c5d2901261ebb4,1,False,L_REDSTAR
c11fe4608f088dc7e85ded8fd346c5155457266d4e5e248ff3e5ab909efbcde0,l_SW_C13_CORE_A_SW_C13_M02_ACT,FG_af087946081de22b575bdb6f0e7b7679cddb36909ccbf69bdd0f9643938f3922,1,False,L_REDSTAR
c2a9df870f53639118d2fd584345d704901c279f09594bf0aa922a02f1608380,l_SW_C15_CORE_B_SW_C15_M04_CTRL;l_SW_C15_CORE_B_SW_C15_M04_SENS,FG_2d6cdb1cb3d99d2a8afc4b556f5a0e4ef4631f0a54747ec480e06fbbcc8a4553,2,True,L_REDSTAR
c2c72cac38d78d288850619631465a29aa32722cc1de0524f1d5e6b61d2dc773,l_SW_C10_CORE_A_SW_C10_M04_ACT,FG_3e646f412b0611e5b67ba89ac1e87f720c0ae4a113a4318e06d3ddc4037de3a7,1,False,L_REDSTAR
c2d2c94965ff91f310a28677ea0d1c4001c018e83314b5a23585a16a13cba1ca,l_SW_C07_CORE_B_SW_C07_M03_CTRL;l_SW_C07_CORE_B_SW_C07_M03_SENS,FG_f0c261d033f793d211c0052d6e48f528e7d32b4bfec04acb2445532daf13ec7d,2,True,L_REDSTAR
c3644fb557f874c4bc9315c916da50515b767fd58751b775c4fde1c1efe23dd1,l_SW_C10_CORE_A_SW_C10_M03_CTRL,FG_fbb071f6d5af87992a0184ed086070dfb896bd83815e1e9b3d57730a0dd6dcc4,1,False,L_REDSTAR
c4114bcc14dab353015c9be7589f568a728b00deb77abf592e989cb7cbe3a964,l_SW_C03_CORE_A_SW_C03_M04_CTRL,FG_3171af6726aae23807a052a3f5ca95e8b3e56e1d892088f916262f80ffb7ead6,1,False,L_REDSTAR
c41bf97453e8c7b04940f632afc91e9a8eaa6993fa5893604d88c48c0613295c,l_SW_C01_CORE_A_SW_C01_M02_CTRL,FG_46a5bb0c3b44d455bf7db25af92b4e9e3dfefdd7432394feff06f82cbda10dc7,1,False,L_REDSTAR
c723707f6009cf9b1b621aa50cf38f802d313dc097d093e63a2e894bfaf9c823,l_SW_C06_CORE_B_SW_C06_M03_CTRL;l_SW_C06_CORE_B_SW_C06_M03_SENS,FG_673bf832a57ee9db94cc65eab01e4d56b2784bbf3a393b99ec22cee652edb198,2,True,L_REDSTAR
c8119a1b881e72d47375bd9ac5f110b85852d5c352b62af3e94fd4cbd37b06ed,l_SW_C16_CORE_A_SW_C16_M02_CTRL,FG_95887d7f500b4bba5ea1350747706ff4172f1f53ddc1047f11a4df0faf087a56,1,False,L_REDSTAR
cb2fb429a38ee6907f77782029d29c7d94d9a833a66022537508d8ee11a2eb50,l_SW_C06_CORE_A_SW_C06_M03_CTRL,FG_5e9f8329ccf4686d5a026274c6f978361390cbdb30ea03d0c53b157ce25e45d1,1,False,L_REDSTAR
cb48166216fa403030ad64f3f2fcf8327c21b6148944b0447b14bd149d0e4964,l_SW_C07_CORE_A_SW_C07_M02_ACT,FG_9bb61909345abaa57a7e550fde3bf9a8768674dac5b51bcb4e13428c0d286ce9,1,False,L_REDSTAR
cc5379df2f9feabd55a6a6341fd5e17a6aee92bd0e05ec78f324406f6db31359,l_SW_C03_CORE_A_SW_FACTORY_CORE_A,FG_a7cb3054d3af91b20f126f831a23669213ff76c1b26c8d620cf7760376dbc559,1,False,L_REDSTAR
cc919db97ad8fe48bec9c7825ffb87a8b8eeb924f3267c68abe1a0931bd86419,l_SW_C15_CORE_A_SW_C15_M04_CTRL,FG_682c8a6957c4355edccb6583ae4755a4e73a88b3bcf0ceab8ec321ec31fa4a57,1,False,L_REDSTAR
ced6d8dc7c2753de47d026a8679f3a2a87acfe077915f2dd03783dba37505d10,l_SW_C09_CC_SW_C09_CORE_A,FG_843d6931f689aabea06b1baf2ccbec7938e3d5acdee2bf8fc9c659594c2d1243,1,False,L_REDSTAR
cee0fe6697fc50f91bd20408227e583c705ae7c29b9253f69c49392e97e47b09,l_SW_C13_CORE_A_SW_C13_M03_CTRL,FG_4e5dc05160b277fa3aa8cbea69bb9c5e61c2ec79fb027d8bd26aee575919799a,1,False,L_REDSTAR
cfe687fd6368a3732719d4f8c5590e6048f6ab33b0bf3136e245b37d73f6db1f,l_SW_C15_CORE_A_SW_FACTORY_CORE_A,FG_abb0855454415e86caed322b60ec839b7828ed02c2dfccbc8417a6d11af5c4e5,1,False,L_REDSTAR
d19899af9ec91cf60929e01e82b9fd786209939d30173b3670c7ff89d9f415e1,l_SW_C05_CORE_A_SW_C05_M04_CTRL,FG_01f6a740ce1e285b158138cee8b8f5fee79a639d38ca73cd65bca3b922e21a54,1,False,L_REDSTAR
d1bc7146ae161a6d5dde0e03988115ed6cfcc2f0e4f46bc66f90191d0d6187f8,l_SW_C11_CORE_B_SW_C11_M02_CTRL;l_SW_C11_CORE_B_SW_C11_M02_SENS,FG_0adc50c9df4094d65edf4cb6001a8bbab6b5f3beafdd54adc2fe92d604664dac,2,True,L_REDSTAR
d1f3f2039b10a5ef9fc349b6a0d27956f6e76fcf1fa60a18fe967beff6e47d27,l_SW_C15_CORE_A_SW_C15_M02_ACT,FG_7c7463c2c4ad13d355cbf289ae161503575bc79f2105906c8dba6cfe65e05881,1,False,L_REDSTAR
d2e17e1aa10d9ac485c93dc95200409437881710ccc63647e9e7d2877ca07dfa,l_SW_C01_CORE_A_SW_C01_M02_ACT,FG_af5a021172901b7b0355b4087b42fea3c98740bbd24762fa96a7f5ed497b198e,1,False,L_REDSTAR
d3a5630349e3daa661dd40f5c12b6a30052707e6c2b2d1642c7c853491cfdfd3,l_SW_C13_CORE_B_SW_C13_M04_CTRL;l_SW_C13_CORE_B_SW_C13_M04_SENS,FG_3e8ec0a71c48204a6c96436c01a68ea305ee9094a6824126c9a3f410b93b494e,2,True,L_REDSTAR
d5579915ca82385592159cde59a2f19dec087d6d136340a0a94f958f8063448f,l_SW_C15_CORE_A_SW_C15_M02_CTRL,FG_e153921e0feef0f1a47fe27a617a9feb1c690d94893d3593c6d2b79fe02f664b,1,False,L_REDSTAR
d58f517ec636dc403c71f72ed06570fc25f74361fd3261789bbe756e05c31a21,l_SW_C13_CORE_A_SW_C13_M01_CTRL,FG_1d752ea2b86c4834fa4c516a69654006551b617cae75b4d0977288561be40b11,1,False,L_REDSTAR
d5bebffece886d5f8cb69fe6f23a116e6211e95c254cc823bedc5f1d33a83790,l_SW_C02_CORE_A_SW_C02_M04_ACT,FG_fa4fd59c1e14433413b07d153e6bf25997d5c9de0c86db0ab0fbee4ac855d2fb,1,False,L_REDSTAR
d7c974ddbb3f8857c85c46a96c2095171c9648e74f08cc6b50e609ec336ba72f,l_SW_C11_CORE_A_SW_C11_M02_ACT,FG_05b8447b7258dda6dc5b1a0750bb2b45b325b0b8a58539739909725e17e799d2,1,False,L_REDSTAR
d8002e9cd2f1c1da518c8ad9c943f85120a72c55393d9eb2b15ded08a5384778,l_SW_C06_CORE_A_SW_C06_M02_ACT,FG_c06ef2b74ae604e3e8163437503b54be6f74790feb5a0dcc04dab140331fc772,1,False,L_REDSTAR
d83ce8555d9eee42f3605a27eb7cd391c5d989d82fa4b83fab562ab56c8f6633,l_SW_C12_CORE_A_SW_C12_M03_ACT,FG_a17ed333adff213965e8a835298351ab6faca15bf2423a147b0adb05de07511b,1,False,L_REDSTAR
db0832995ee19ca411f4d43e598d8839d4f5308dbbdc76b5ab64c2f8dce846e0,l_SW_C14_CORE_B_SW_C14_M02_CTRL;l_SW_C14_CORE_B_SW_C14_M02_SENS,FG_cbe04949dd8ebf06e01428d7c6271d4595b0364839b356bda4fee4c247847d7f,2,True,L_REDSTAR
db2bb3355ead518a39cde59f8da4daace7958843dbceeeae1b3fc74b18d97a53,l_SW_C07_CORE_B_SW_C07_M01_CTRL;l_SW_C07_CORE_B_SW_C07_M01_SENS,FG_1a07092b9a09766850a931812035859d59323e84099930e772fd17023276cf34,2,True,L_REDSTAR
db4c4e87d4c68f29175157333306517d63685e6ae712ee800d28154b9f7537ba,l_SW_C06_CC_SW_C06_CORE_B;l_SW_C06_CORE_B_SW_FACTORY_CORE_A,FG_ad15851dc3a2d66c511d3bfe55ecc713701253b809020a1a0fb8129360eeeb75,2,True,L_REDSTAR
dbb9b4ffd0f0d7b16d6cb805ae1702d89dc215f6ce0e7259e668c4031c46bf00,l_SW_C15_CORE_B_SW_C15_M02_CTRL;l_SW_C15_CORE_B_SW_C15_M02_SENS,FG_c2868d464d2320b10ba31c9946be844f53cea897893834c0a8524a43f8ce7221,2,True,L_REDSTAR
de95a4cf4e6c0b63cc52745f78555ed81b210a40d70e98bf32c977e84d831c9c,l_SW_C13_CORE_A_SW_C13_M01_ACT,FG_f1ed78833af3ccb4fee3db420c83394f682d78db71f9960025c3dca6dca10114,1,False,L_REDSTAR
e04e5dca04bf27967460b2907ec744cd1fec31f55a56735b9008c1509df732fe,l_SW_C04_CORE_A_SW_C04_M04_ACT,FG_7ea26bcaa8a86ee5aefc2477c161e6090e63a8b0f034bfc4947e041aad547849,1,False,L_REDSTAR
e2b2132ac165c7fb4a55798ea4d6b73ae51b40c663edceb4885dee5f578da8ff,l_SW_C10_CORE_A_SW_FACTORY_CORE_A,FG_a1adbb33e09e0260c2c192d0f2893372c527da80d07bd1851e860bab1a1f8513,1,False,L_REDSTAR
e312ed493940a9f7003ceebd3aec9691e5e6a0313beabf9daf2624d2e77e7a1b,l_SW_C10_CORE_A_SW_C10_M01_ACT,FG_90ddf041f9f07b9d4da08f386d67dd49bfc8e7467a93d90f24e49d77e444c6b3,1,False,L_REDSTAR
e31f689754b59e6cae817fc9c2fd2f5cc3f29a34c70676b8df21e55e17789d00,l_SW_C02_CORE_A_SW_C02_M04_CTRL,FG_27f894adbc33a1601e71270b345ae22a102aa0c75eae7a15b4cbb09bb80a5799,1,False,L_REDSTAR
e40077e6d99ea13a99e3c354457e84ed096b373a3601207d7a9821464e4b3382,l_SW_C15_CC_SW_C15_CORE_A,FG_2029e8d0eff4c2455bb526937a474c6a69e2f83f0600c60012b5387b4eed9d9d,1,False,L_REDSTAR
e51e8aec1d6709beda023bbc62ac8c790ec7595f48dc44a37c291ff8856649fa,l_SW_C11_CORE_A_SW_C11_M02_CTRL,FG_4112af5a253320aa4ef1dd084f75d046512f895501506d829ef7cfdbd3383ac9,1,False,L_REDSTAR
e71af74506577abd6e08db62e1c1a78977486d9992848e89b807377a9385e826,l_SW_C04_CORE_A_SW_C04_M02_ACT,FG_4d1b6ba653a985b8ebf9697f6d522c1b8d274f1baf92606b4f4e5fbe6f6e0376,1,False,L_REDSTAR
e848cc66b82a838dcb3c51cbdb6f3ee590c4211cd215603e226d7c5ae1ef267e,l_SW_C07_CORE_A_SW_C07_M03_ACT,FG_f64a719774942578803f310d94d57543abaa4bc6395150ad27fb4f418fa42e9e,1,False,L_REDSTAR
e86a0ae341e7a0f80335c0b90c4d09bd2b30f79b982d95f314e06e4c9f092274,l_SW_C01_CC_SW_C01_CORE_B;l_SW_C01_CORE_B_SW_FACTORY_CORE_A,FG_70c76ecf21f2fecb7bfeb3a01af63fe67b32832ae4d3c63a58a039cdecc97397,2,True,L_REDSTAR
e9033a83509b04a63c1f627a5819c1c0e5eb7f4c1f322f89b2edfe4c05ffb37b,l_SW_C16_CORE_B_SW_C16_M02_CTRL;l_SW_C16_CORE_B_SW_C16_M02_SENS,FG_f7119827a5142bfc168f2e8af4eed713ac2157cc1abe59cf09ea63394aabc859,2,True,L_REDSTAR
ecd13aa5711e937ee05afcdc71d12f45b6fd5b1208800eafbcdf0c9c82e388e1,l_SW_C07_CORE_A_SW_C07_M01_CTRL,FG_caf2d734ef04137245d297ec11861e462e5c5a47a582037fa5353081c1966265,1,False,L_REDSTAR
f16565c33980318bb3c9d74c7e35516793088f309dc3616c8ef0328a2da81c04,l_SW_C02_CORE_A_SW_FACTORY_CORE_A,FG_216fdc39ac903c419fd0872018824f8067159a27e8211a9ac5e1496fb6838228,1,False,L_REDSTAR
f1d704fb804b7ee622f951127b6e16c364794e0ef538a452bdf0a9ffb0d80bbf,l_SW_C04_CORE_B_SW_C04_M02_CTRL;l_SW_C04_CORE_B_SW_C04_M02_SENS,FG_09c6f6b9e74f7b0f64f6d40e5b5a6148680e1d9fb116039dc608e593a1e8b188,2,True,L_REDSTAR
f24466840e6bb5ecaafc2cf50c63ad44018cb739cc9c27032189829612a20ac7,l_SW_C08_CORE_A_SW_C08_M03_ACT,FG_f2a86cfce418eb803825ce7bf2abb03a97e2fa9227717d01d05c8fdc46d10760,1,False,L_REDSTAR
f3c9c4cb227fb36165b3c6adc07681e8b51c510b78a52a8a253adea1f2eecc3a,l_SW_C12_CORE_A_SW_C12_M01_ACT,FG_f4dafa0ac71e57dd47bd9aa886205ed8d17ca183710484eddeb5ea8cd6192b30,1,False,L_REDSTAR
f66e1df54fe5306a0a4189aba3bc74bc619833269f555d9d53fa9ca713412fe0,l_SW_C10_CORE_B_SW_C10_M03_CTRL;l_SW_C10_CORE_B_SW_C10_M03_SENS,FG_94bf9af8c071771621650a7673e18dc1e82aa81138c1aa38292c031bcc0fb065,2,True,L_REDSTAR
f7ce36dcdcef17453451becf0e21832667a56595b4c845812de0e0c68174f426,l_SW_C02_CORE_B_SW_C02_M03_CTRL;l_SW_C02_CORE_B_SW_C02_M03_SENS,FG_2718d673a9013bdbbeff6e38000de6655fb40a8c1af6c7163643cea29accff5c,2,True,L_REDSTAR
f7d51d054ed32800233b9e76189e387c66db27c7d9a277617bed20d93985bec8,l_SW_C06_CORE_A_SW_C06_M04_CTRL,FG_5068d1fd28ebb5002cd36c44323cf4dd12a37a54ca163a64ccdc69765bf083aa,1,False,L_REDSTAR
f9747a63d3e7a5db574d5c22e1ba03bff42559d3aa4879aff5971912edbb6beb,l_SW_C05_CORE_B_SW_C05_M04_CTRL;l_SW_C05_CORE_B_SW_C05_M04_SENS,FG_94a2f5a6e1dae924b2bc2802a483b75dda3c0d97f6e383cbe4291d9576301ca9,2,True,L_REDSTAR
f9982aa60d1b128aec31107d248ee92cfa351739c0fca38a7ab05450c0f765bb,l_SW_C06_CORE_B_SW_C06_M01_CTRL;l_SW_C06_CORE_B_SW_C06_M01_SENS,FG_e19c089d3d0a4a3605ed483cd62567f0537ab9611e17cccc8dedeae874db829d,2,True,L_REDSTAR
fa77783311f03b11dff09af2eeab817f481047604fecd173f93d227e1751e399,l_SW_C10_CC_SW_C10_CORE_B;l_SW_C10_CORE_B_SW_FACTORY_CORE_A,FG_ea78912c42734623b4ce56a900189acca184767e943caa1ba3f79cb83255849d,2,True,L_REDSTAR
fbaca9580c404577f6a532bd5d914b2665dfb10cf7117a0d06d8ab0e27bd3357,l_SW_C12_CORE_B_SW_C12_M04_CTRL;l_SW_C12_CORE_B_SW_C12_M04_SENS,FG_92704bde3dbd8be4ed93c37fae54eef102f84207792c97f756238def5d8d325f,2,True,L_REDSTAR
fe719e0c37c2f67296792c61b63dd57ac7f77dfab537782ec1ff95d49f8c5245,l_SW_C14_CORE_A_SW_C14_M02_ACT,FG_e67eaf19149b6eaff64fa27bf925d159f363c31885c8fe81c3ff70f47fde5e87,1,False,L_REDSTAR
fefc3c7fbeeb538b0749d5e378b97a5b5279ad9237731d83c1f68c404bd83509,l_SW_C01_CORE_A_SW_C01_M03_CTRL,FG_2e0c11ea6ae339ae67ba236275821620d1aa187c6aac6883550ee2cb474096fb,1,False,L_REDSTAR
feff4f27d43988c241a4d33333efe352e458e1bfd2eefbe83ec04d5e327ad79a,l_SW_C10_CORE_B_SW_C10_M02_CTRL;l_SW_C10_CORE_B_SW_C10_M02_SENS,FG_a4fccb70100997fc24e0f5610ce3a0567c248411d2db41948277c0af573c9097,2,True,L_REDSTAR
ffca064c6c5f9bb8acecb785a45b641c81601d11606e6fef312f8a0da2b6aee7,l_SW_C01_CORE_A_SW_C01_M01_ACT,FG_787976c8c603ffde8a7847cb67662568abb6d154317e2290a260a71e62023ff4,1,False,L_REDSTAR
02d01b0c7219c1e590a0c6ee0517fdc9c34017ce1fe85ab8cfb0cf04e3f83ec4,l_SW_C06_M02_CTRL_SW_C06_M02_SENS,FG_d7478d68c75f87956d66f3e2acd6beb7d4159b7548c3312f9880089cea6af8f4,1,False,L_ROR
02e73339b61992f5be14fb003e2e9c94b4d4bddda10b5865de9d54076f692048,l_SW_C06_M04_ACT_SW_C06_M04_CTRL,FG_1c416874857b6dffccd4d33ff27af1733e38fc1ee77ffa391c50f08ba6ef1ff4,1,False,L_ROR
03a92751361f82bb3cd4456d96ffafb4b8608d019666985e09636078f31f16b1,l_SW_BB_C08_B_SW_C08_M01_ACT,FG_b6b6c89c64bd5c0f03e3197e4f96977466bf1fadce395c25e0419b34fc47eb00,1,False,L_ROR
041fc8d3dfc53e14810c690ef496799f1dcc3b2f187dcf18ec576927d765eb81,l_SW_C13_M03_CTRL_SW_C13_M03_SENS,FG_28545e447a3526874660af73e61e83f95d9116b7d1c5d11af64e8c4be6ebb31c,1,False,L_ROR
0450623e8624c7f10f5dbd05c90ef0087b7fa16b676dc47628f46aa88de16db3,l_SW_C07_M02_CTRL_SW_C07_M02_SENS,FG_45855f23152bba1b49eb5a93f38c932df607c0e3770e2a8581b60674fe178e15,1,False,L_ROR
0568b4d0eed091ccc5b0f7f6c30f19eb69e96fb7be5899fd60e9132f9de6f5dc,l_SW_BB_C01_A_SW_BB_C16_B;l_SW_BB_C16_A_SW_BB_C16_B,FG_b8851b0ff033184d06ef963910ceedc54dee7f983f1b0140fdcceab66dce44ad,2,True,L_ROR
06577026361b4b10fe15760763f4c424ec3d5a75259985af7679708460174b2c,l_SW_C15_M01_SENS_SW_C15_M02_ACT,FG_19a5307c861206113238c32d73996534054d5550301ab6448d85b0b5aa6f03f6,1,False,L_ROR
06f47a3cd7be550ece4b33a8f364d24171697f13c9a4f9eff96fb5117c787e9c,l_SW_BB_C11_A_SW_BB_C11_B,FG_cccd7da84eefe24a9b79e0eb02bee84207e78ad3482e0596e7bdb06d494b6c20,1,False,L_ROR
08c6ad83b44ee37e9294efac0e10b51ffdcbee40899a6d75790b8c9832bd9f65,l_SW_C07_M03_CTRL_SW_C07_M03_SENS,FG_9633d9a30fbe785643b4029fce243e4201d0f71e17ef10cd6000cdd3f3851e65,1,False,L_ROR
0b17a00cdc5c5f6ecc93f1e5afe6cde026828eec76cd527d75e69d78ad9ffa9d,l_SW_C08_M04_CTRL_SW_C08_M04_SENS,FG_9164f3f4c0f0b051fdebbe68856fe07cbc37801ef3e6a70097dba48b2fd53a46,1,False,L_ROR
0b8047dc5c5076a6eae207e6170951461cb044ce1a1de63e6ae3d428aa5d1517,l_SW_C08_CC_SW_C08_M04_SENS,FG_4404c119e9e029da5cb7de92373c94daef322c0756e908529dfffdc1c5f81cd3,1,False,L_ROR
0b89991180ee0db40df371c8af4ee557d54bb82182027cad6fdb4f69f398c64c,l_SW_BB_C01_A_SW_BB_C01_B,FG_9e0b3b1ffd3ce229a19085347b8ee48813e21a1ac58c48187be9866fe977c9f7,1,False,L_ROR
0c1479a7c22c75e9af0a876c49d0508d65452200c0f460631bac59e7ba90002c,l_SW_C01_M04_ACT_SW_C01_M04_CTRL,FG_6c71fc786efbb41156e5ae75e64fc8ce7903ced6bd83beb03776f50965455aeb,1,False,L_ROR
0d7dc22df6a2f76c049f9cc8e749454f20f06e705dd2f206cf18d477aa8a9c7e,l_SW_C04_M04_ACT_SW_C04_M04_CTRL,FG_c82016f36bd55ae02eb831b915de3d6b24196ec22e25c5f3cdade643573a134f,1,False,L_ROR
117682db0e4029608e2f2d9fb36e29aafc4653afa77861935d0ae9c0cf350785,l_SW_C06_M01_SENS_SW_C06_M02_ACT,FG_9070848c1d23ec738e415fb8771038e44a7e2f657fd36dedcaa2224369ea2f01,1,False,L_ROR
1396c2ba7e7dfdfc503c74e61d194ffb969376deba8913c57745d484de79eae4,l_SW_C13_CC_SW_C13_M04_SENS,FG_f4ea8dee74e9ef8a4fb3bd30c2cea06bfce5175763ad0a9ce7002322b2ca4a6d,1,False,L_ROR
1404663724b2ac68e08d4332079e56ecdbe32944c8d0baff36102fdd9a5189d3,l_SW_C11_CC_SW_C11_M01_ACT,FG_ff33802a5e924b957e005b21bd22031b3a5d47d07893fd28e9fb9aaf64ddd616,1,False,L_ROR
16bd6bb79c281f01224e49fe0e556c3c2cd1d2fabba560873ed05340463bd9f5,l_SW_C03_M03_ACT_SW_C03_M03_CTRL,FG_bd11aa66f3017820c1e48d0d042ce5a8366b95ef1c413f0d0b9dfc6350221ee9,1,False,L_ROR
18715c95acab9359e0f864e3d03aec2e42dbc9fbd839e92d87a7906d8b787b41,l_SW_C08_M02_CTRL_SW_C08_M02_SENS,FG_1013dce6df3e6f820865c610819c0888926902e2452885e115be4d5f2467e2aa,1,False,L_ROR
195a7a36d7fd8982112642ec387e4e58a2e919bc7f90841911bc4f8fb1baf373,l_SW_C06_M03_ACT_SW_C06_M03_CTRL,FG_4f6a2a26cff45c3a134b2fa9b8a4124019f34a05958f248210569853cec90644,1,False,L_ROR
19c8d049e4e52535c1956b8b2d3f0e0167525c0adc9abe3e8aefad0a71423c83,l_SW_C09_M01_SENS_SW_C09_M02_ACT,FG_c235cb74d11ff9d25610d6643ed6ae56181b86c3d78ae1c326927b1a26677a40,1,False,L_ROR
1a0304b142b8645c7e0c199684feae586995e4dfd0959c54ca3f39fb8095ef80,l_SW_BB_C04_B_SW_C04_M01_ACT,FG_41b973ac53a8932b46cdf0b079d2009cc8b7549fdd63181c66cb5b1d83704fd5,1,False,L_ROR
1a77b77003c8d3f9b6e01889894a8080c5d6049dd6752be318313d86ef4b0526,l_SW_C03_M04_ACT_SW_C03_M04_CTRL,FG_9974ff58ed9e977f7a76274a7cfbf008f64bdb2260360531d870a999638e0f3c,1,False,L_ROR
1ae1d102ec2f6a032032b87d57f42b0cda6d5ab607847caed43db1777e4efc18,l_SW_BB_C07_A_SW_C07_CC,FG_2724f276902203e863c30ef4db90167b29dcb72705391e9163c2af71aed72342,1,False,L_ROR
1b86057f31572c2910547498435c016e3cd677627aafb39d3d06023dd17734bb,l_SW_C12_M01_CTRL_SW_C12_M01_SENS,FG_e102d1ba5adf3e29aeb7544160a9a764bdda47f0db8853449cf330cdd4834ea3,1,False,L_ROR
1c4b96c088dfe09096fe9047fb7d489cdef2dc9d39ae91feb200487ea2cd123a,l_SW_C12_M01_SENS_SW_C12_M02_ACT,FG_9ca9e58c144c3c577c86e10bf6bf45389042557c1d0df7db6d196f151824f8c6,1,False,L_ROR
1c6ed2fa178f1b84cea9a0484e9c75e2170ae2b71a07c393ee2a75cf025dd004,l_SW_C04_M04_CTRL_SW_C04_M04_SENS,FG_c893e8e8dbb022ac7cfccb279dbc78c2083fcd92e138498870bfac601c779ee5,1,False,L_ROR
1d44426a53abf1712e6da5ffd00f0712364fed486b86393852efa7c3cd6f1457,l_SW_C03_M02_CTRL_SW_C03_M02_SENS,FG_986c4a2a59e6fc15c35e37d718ee5a1280833ead5f6cee04c8ae9d56e078327a,1,False,L_ROR
1def96edc6f070e0dd0da8357ad00ddf571929236199095d3556ee6ce1f5f3a0,l_SW_C01_M01_CTRL_SW_C01_M01_SENS,FG_f65df16aaa75fd97a9d3f09c02f7698dc8e103452bb7f777c15badf9481c2f7e,1,False,L_ROR
1feda69bd836a3c2ca0e96acea88e8657ebd50030ad8a7dc340136aea528c4dd,l_SW_C01_CC_SW_C01_M01_ACT,FG_246e7d2fcbd4500605648c06b6b0ba6f37d7772737977257e1b1b46c44953351,1,False,L_ROR
1ffcf3aea287df936121ee3059c7eaf09ce6e1eb39ee4c04a34ccf1c462e5d76,l_SW_C03_M03_CTRL_SW_C03_M03_SENS,FG_9b20bfff5f8ef0dcac8ae754cf9f572ffcfe63074e0eda32e150b6879e9a3b0e,1,False,L_ROR
236841f99b73df26ed1990de6ecb450054f19b33b77482d4a2248db8436408f4,l_SW_BB_C14_B_SW_BB_C15_A,FG_f556b1d289340618c076c5f151eb925fb2c2f09cbf4446b238217dbae7364931,1,False,L_ROR
251bd25fe223d93fa28fcb58637cbfaf883c4caa0c42836eee131f78fd36b954,l_SW_BB_C03_A_SW_BB_C03_B,FG_3e92f4fd4638fe67b0f483f3be64b3fc34ebfc9a9a572193d90edf01473e4b86,1,False,L_ROR
2586028b114020039e59bfc2f414b3899a5e497b047f2af1a9177097dcc9775b,l_SW_C12_M03_CTRL_SW_C12_M03_SENS,FG_4718297b90651711e55d6ea9bfb998b9aee8c2f38118a1e2ff86c3a0d95151e3,1,False,L_ROR
26e56ce2f057741af1cc398c88f30b901b438a9fd35fa913914fa43ce89ba228,l_SW_C11_M03_ACT_SW_C11_M03_CTRL,FG_868db56293340ca8713b2cbabc0ca1a52dc4b835e43326054240e25f774201fa,1,False,L_ROR
2702416dd598adea886520ecbdc254e939a9c8d2da785304777d3b519663ce39,l_SW_C14_M04_ACT_SW_C14_M04_CTRL,FG_8751666540ed3366bf0d3c5a1d16f5cc14c15cb7506233b7efcc8395dfa61399,1,False,L_ROR
272684981b052857b2cb61116439f88e5a0b1ffb2e372883ca012dbe1b9826e6,l_SW_BB_C10_A_SW_C10_CC,FG_a330e14de4e8635a65f52ce671c6e0c0d46cf4a72c511c40ab12b4bb054a7a9e,1,False,L_ROR
27ac240cb5ed9e3733d98820a1ce516c093638762b4609bf7909520f926ac135,l_SW_BB_C05_B_SW_C05_M01_ACT,FG_3db7e81636266313a73215e446d910a5e8b7be3237ae7a5ae4e705ee69d3db7f,1,False,L_ROR
28c09f0a1eb9a26df666b198e0a2c9238833a068ec03120ea64bc2c48b0044a5,l_SW_C13_M02_CTRL_SW_C13_M02_SENS,FG_35eb80fc07a01e6b1b28856c5b8b5896ae9696b0d5203abe61e811ddaa799187,1,False,L_ROR
2a65206f8a95df4f7648201f4534e9d8289300ccd60ba38dc4f3f86fc974b95b,l_SW_C11_M01_CTRL_SW_C11_M01_SENS,FG_8e36809c289dca92293fcb0c2ee1f865ef91940e8f8ea78ddd42736ecbbdf2df,1,False,L_ROR
2a9711b06bd9318980e758a0bccbc80523feb71a6324639da1cbc98d71b658e4,l_SW_C04_M03_SENS_SW_C04_M04_ACT,FG_c2f34ba9064d1d8272a3ca92bddd4b4e2cfdb015d687457ddcb8ed483ac3221f,1,False,L_ROR
2b88ffdf2b8f409ff1f47c0e1170152039e2e8f860a3ac5fbe20c5b2371cc4b5,l_SW_C10_M01_ACT_SW_C10_M01_CTRL,FG_fd625282c995a32116156bc02eb58caee67f45780040a11435cdf5e409fe4d59,1,False,L_ROR
2d726b2aa523b7cfb741daa6b4c0c28cc2ee716b9686c4453f341c5365dcf506,l_SW_C02_M02_CTRL_SW_C02_M02_SENS,FG_7825a1cdc7a07c19ce2789e19d35889c24361360f791d428b50e412792608393,1,False,L_ROR
2db54cc800048942f43f798c59797583aa8da251913b35b25abfc734e57b7e7f,l_SW_C02_M01_SENS_SW_C02_M02_ACT,FG_ef89c77779ffea4c98d98969d62fdd4322b39e49c1dda6611af1a60b3eba54b4,1,False,L_ROR
2ef18f2deae8ab2793924e79a6c332960bd8c8644f49da976076e5b0409005df,l_SW_C16_M03_ACT_SW_C16_M03_CTRL,FG_50280b31340706884fc4c1df5ac365f276dde88d8b0c50db652e8a6934c058ba,1,False,L_ROR
2f18700bceffae091ff5558270d272220c4f02ced1a9b8bf20e0a6741bf1353e,l_SW_C07_M01_ACT_SW_C07_M01_CTRL,FG_6bfda7b88a7c4af4f5a0b321591662d88f8ec7e3a0954b54e890e06a201f3d6a,1,False,L_ROR
2f7bef8e5166d6349e58171b110706124a67286fc98265286beb3c5a473b76b3,l_SW_C01_M04_CTRL_SW_C01_M04_SENS,FG_e3837ec16350460f1a46940302fa03271ad122193912801e6c92e45fec7d345f,1,False,L_ROR
3098916ae62e75724538741a85e50bd6488a9c540fed78187a000dd58f2a43d8,l_SW_C04_M03_CTRL_SW_C04_M03_SENS,FG_d257db3478903be6605fa7a888f48be87bdc778396b287219f8609145e212261,1,False,L_ROR
319f116a583fab9d95327c9f1ef8a905e9231239a7d279eedaaa79c05da6f1f2,l_SW_C03_M04_CTRL_SW_C03_M04_SENS,FG_4de69eb8cc92a12cccd09919fdfc7869b1b2be5ccf9fd4143a2763bac007a220,1,False,L_ROR
323f2b2958662936dbe205c24e338176e0c40afeefc3240cc4be3487cf3aadd8,l_SW_C01_M02_CTRL_SW_C01_M02_SENS,FG_95d251784775a3dbc51264dfe575c1838808ef03388a2e7d111f793c6c8fcc30,1,False,L_ROR
3386c501d15bc4d9369a0cf80c0ba7e12d4ce1aa9b7e89d10ce5613321b6f19c,l_SW_C01_CC_SW_C01_M04_SENS,FG_b2933b3de418e23058a6828411051dd102918af513a9cd5986011a70b020e209,1,False,L_ROR
33cc9b7987d5924ca81339c0df5df2b0378d05975d60a485343be1c872846ab2,l_SW_C14_M01_CTRL_SW_C14_M01_SENS,FG_78d03255896bd4137a75a59b42c936cbca1b7b6ba03a704a34bf4db1e60a6611,1,False,L_ROR
3613c66f4711851fc60c428deef02da73e6b4e2d764adb3d444947cfe98998e5,l_SW_C02_M04_ACT_SW_C02_M04_CTRL,FG_e5e7d58a500e6ef6b2eb3963de9d8a0b56ad26f6353cfab8a06c9b9429bead42,1,False,L_ROR
361aa6d45dd0da7de1545295fb5c27c221245f1ebf41b5e0af1077cba957bbf7,l_SW_BB_C13_B_SW_BB_C14_A,FG_ab952204d6d321dcd7e691f0613cc7f7f2988f98281be9f49c58569398d11ebc,1,False,L_ROR
36351a55753814f34b217e5dc23b9d9147a3557ae69e6ce417690fd4d3bdd5eb,l_SW_C10_M03_CTRL_SW_C10_M03_SENS,FG_b011dc3d5a9630c9a2c7c2c7794f4df1bd943e829bf2e538ecac5c2625d3e492,1,False,L_ROR
36d8eae9d825bb7d60a042f37138da29f5f342e8d029fb502df86db37f28dcea,l_SW_BB_C10_A_SW_BB_C10_B,FG_9c2e0bd4c6b1769163c92b232a651e14456eb7a5697407746cd107474f32c052,1,False,L_ROR
36e6ce5cf17dc8b2c327bc43a5728141a7a59b31f9b7e42417a7dde0b057d002,l_SW_BB_C09_B_SW_C09_M01_ACT,FG_b9bc9153a57c629d2c3004e23ff9dbd444458ae977246169f9ac4b879b1df460,1,False,L_ROR
375e6747d997589d428c78e1624055719aa9718f06314d6766ed1bb9dd4fefc7,l_SW_BB_C01_B_SW_C01_M01_ACT,FG_ecdeee05073acf4e9b862784714c225b6c8351bad54ea1decc7b11c04d500d03,1,False,L_ROR
375ed0ddbe0f462945f03a7fbcd668277027fecbc9271afdf7de80c20ef9c791,l_SW_C08_M02_ACT_SW_C08_M02_CTRL,FG_ea06538be2ba175ac5b35fbe68e663d170254061e3419b867269b6744689ea8b,1,False,L_ROR
37a150c3e19d957f28bb3b04e8276dca4d77f2a5d3aa965a75f3b3bfe5df5384,l_SW_BB_C07_B_SW_BB_C08_A,FG_c1f936544384051ed120faf26d6dac7a6d314f3742870197535599b4c21cd852,1,False,L_ROR
3819c73d3627c4c1318e3d9f6c1b5d5c4e7cd1a3831eed2c33a2203f96250e1d,l_SW_BB_C12_A_SW_C12_CC,FG_b1abb05289c689a84e010af1129710227638c6ad6ab15aa8db94e1ef7f7aa4ad,1,False,L_ROR
38e3f8bf2b32c29263c93d199f5649c24e131f07ca55956602c8ffabe88708a8,l_SW_C10_CC_SW_C10_M01_ACT,FG_e54557d352b0b06f911b2f2a10469202dd3d837c6fa073793a1088cef43e24f6,1,False,L_ROR
391be1c388c6d427b507a4bd8cf69c166c5140a60281691c8ac32196ca887545,l_SW_C02_M03_ACT_SW_C02_M03_CTRL,FG_a06f104470df2e3ff235818eee85ead6bfaa26dbf4553441c703c835495fae72,1,False,L_ROR
3961fd1ada3bd543eab36a2649dd1265bc234eddaeae62e47bbee28d466e1bdf,l_SW_C04_CC_SW_C04_M04_SENS,FG_b1816a4974ccdd92e39ba83586fa171b286ee797909de6d5b1e8ce8a5d488482,1,False,L_ROR
3a8512cb405511f32e77a6981f0d8284b4eda3d63dd55bd50b02c487766df60b,l_SW_C02_M04_CTRL_SW_C02_M04_SENS,FG_5b673a8ef1c2a191f0fbb201703f205e126b3a1add6fdc7535967097a6c2c2e3,1,False,L_ROR
3aef119dc96076d4683e3450f255e7ea99d04e9752e986ff51fc478d3f13c6d3,l_SW_C06_M01_ACT_SW_C06_M01_CTRL,FG_0dec9985bdef2c47086d4cc1e151da9acaffba38f70fd2ae37c1feede3992c23,1,False,L_ROR
3d8480651ea23530d27784885dc249416208178653c51624bbf33516518a46e1,l_SW_BB_C09_A_SW_C09_CC,FG_75e10b5874742d4f47d745db10504e8bfcc1deda6c63aca6d6ff28aaa06d4e55,1,False,L_ROR
3eda6448409fb16cea2310e33f616a9e25d3992085b7628cd0394103b621f526,l_SW_C03_CC_SW_C03_M04_SENS,FG_eb1e13636d8077ec41d0f0aafcfa1ba45105a2c127f1330dcebb4ffbdcbc192e,1,False,L_ROR
3f80712b41bccef261f482f748eb0433d070ec29486e244e68b26ec0d4a91b9b,l_SW_C05_M01_CTRL_SW_C05_M01_SENS,FG_90629c54e21567eb4a27dac93a60babfb0c8e50fbb816946be1b2c9a89e365b3,1,False,L_ROR
3fd2f4a7f41bf9aba473048eb5b8b3880b4cdbbf085d059eec9cca38869d1d72,l_SW_C09_M03_ACT_SW_C09_M03_CTRL,FG_ffd3625e6b883cd3536b8bc85191710070236f04476a4bcb7cc0ca4c80811b0f,1,False,L_ROR
4097aa2c9feb136ee5cf87b602aadc742160c43436868331a084b6866dc736a2,l_SW_BB_C15_B_SW_BB_C16_A,FG_09a4c3335edcde70f9d9e1f561f5a4a9f1e4ab4a801346b348800f885d3a4c9a,1,False,L_ROR
40b5ab6584c34ffc7b7b6160abaad347f941056bc6e2a3a86e33091a9566f2b5,l_SW_BB_C13_B_SW_C13_M01_ACT,FG_02d46e2ac1029572492d5efbae7a232cc0c4606cf417c3548a0282e5636bc126,1,False,L_ROR
40f7bc0cdbba92073bf8bfc7737a1bfceafb319c714eb3779b8de6105a2ab1f8,l_SW_BB_C07_A_SW_BB_C07_B,FG_86ce42afbac2677d9bc01608b6ad75129c79114a8f5dad50b7d01f271a919f92,1,False,L_ROR
42c41156307fe0eb5e2ab18000afb2d50daf541a4583f20130ec3a94f1af018c,l_SW_C07_CC_SW_C07_M04_SENS,FG_fa099fbf335561de891b66aaa459c5989cf4e7122c7357efd4fb3775138bd624,1,False,L_ROR
4311c3fc5e098378ef3c528dcda527dafdac7989b68d0c14ddec776ab7bbac0c,l_SW_BB_C13_A_SW_BB_C13_B,FG_c1dc2297a1dba8067836372150cab5f7b602d3067347673fbdf31ca63b476de9,1,False,L_ROR
4369615fdcf10a22cfe5b498ba1a3fb176af21d3cc772062ddd62f3821aec70a,l_SW_C10_M04_ACT_SW_C10_M04_CTRL,FG_6831070c8f7767c7bdf79c4c3dd9c48b2c1fbafef73b45b9e7acf91df4fa7503,1,False,L_ROR
44c983f784b4f3ec9ee802c5df693ea1dd387ce6458ce5d2f657d8b53946b9b6,l_SW_C16_M03_CTRL_SW_C16_M03_SENS,FG_13c44f2f7c2023af41717800b38dc43a179c2a990bb9a933ae801056163d1359,1,False,L_ROR
45633a625b39a85c474bdf8ce6a6364fcee3194ba8bb9011f3a192625f8b629c,l_SW_BB_C04_A_SW_C04_CC,FG_de434317950f7e4864c5abc14d88881dc15dcc45b84072be9d73f9f33b34faaf,1,False,L_ROR
460de9ce2988997b7789dd916311d22f91a834647a6bdd8b21afe98d8804188b,l_SW_C15_M03_ACT_SW_C15_M03_CTRL,FG_d7ffab6f5da5b44ab5bd734477947f91487731d40b02e48d7d264ad97f6abaab,1,False,L_ROR
46e6be00bf822a4470ec78989b8fdd252060c06bd8108d4ed9c36f1ab1d4d52a,l_SW_BB_C11_B_SW_BB_C12_A,FG_4ad24a9ffb7b7781d6b6944b34f22466675a07ce6fd0c245939dbd09a732b3d7,1,False,L_ROR
47c62e242ac7efbc0668ea4fe73cfbbd36884bfed509c4444311673b57f70c8c,l_SW_C06_CC_SW_C06_M01_ACT,FG_c6d9ba5c3011839862bf8f0671bcda9d55e3a32983a5ce7ba3b32e73cf8e4da4,1,False,L_ROR
480f1d6377186eadf6e7387b3800b78008fbb1f6e16b635dededd61aef1961e8,l_SW_BB_C16_A_SW_C16_CC,FG_2e645ac9f2160f729c14d8aef845766e772dc1a868cd7460f938206705f95c38,1,False,L_ROR
481c831388b56e49aa699d8ca4c7b351eb0e6e99c023cd7d2f7199c86e56ded1,l_SW_C15_M01_ACT_SW_C15_M01_CTRL,FG_30fc2e945c8ca6cc3e7e541e03747a1cdc3cdffcc5fa738f748f7bd0fdbd6262,1,False,L_ROR
48ef6068b0b6b865f8b171756ad796dd0fd6a4f36f1564012aa49b3120840460,l_SW_BB_C15_B_SW_C15_M01_ACT,FG_c12789d392156dccabb3f7d2d1567b99f5c5441abfe728ce75d4a5281c86db52,1,False,L_ROR
491ac09da67e0c0a261ba213b9336ee1a83fb06373bf0bca9bbdb76447f0c4f1,l_SW_BB_C05_B_SW_BB_C06_A,FG_c5971c4d52fee45c105e26c739284331f8498d183324592a6fb963ebc7bea4fd,1,False,L_ROR
49695425b704bae932f5459010319119afd013a38135383fed8b2f8a9408f1d6,l_SW_C04_M01_SENS_SW_C04_M02_ACT,FG_eb796316dbe318de4a6da90a9b572325e92131187575422be9250091f7571ffe,1,False,L_ROR
4a4387b94feee29aebea0a90f8c08339de906ce8dc659befe745c2760b804793,l_SW_C16_M04_ACT_SW_C16_M04_CTRL,FG_8aa3fe9bf53e397307ac31b51e251e11764a73753e832e3ee48d7e8b0da3e69c,1,False,L_ROR
4ae457d0126d894b76dbe54f93083f7106ddcd4d19d12a7ddcad177b5151cf66,l_SW_C02_CC_SW_C02_M04_SENS,FG_35d85770cd30fed1e31bdf1ed65f125a089ba55e6debc96f74b28c8f4398692f,1,False,L_ROR
4b3b6a06092aa6756b6805de526e321510641b4dfa05aa88ab805f697f31b118,l_SW_C16_M01_CTRL_SW_C16_M01_SENS,FG_36a4064eb6c40838fe48933f88fb1d1fe21219c42c5445f0d456c6f8a90be05b,1,False,L_ROR
4bf30b855078267bc98f03031e1cd15b4470aed26f8b5d5d465f524a012f435d,l_SW_C01_M03_ACT_SW_C01_M03_CTRL,FG_d088460597875edfaaba1660c68df22e7e337b286480d583ca3e87153cdb873f,1,False,L_ROR
4dab3a966892d4b64c96a8c3f475bad7b00c696495dd7bb0c4a8ca47bd773bb0,l_SW_C10_CC_SW_C10_M04_SENS,FG_99ce18804eb465f97299dd586296a2dd820710696c95ca1a45f1a40895300a5f,1,False,L_ROR
4e7048130d15e752dec72dc08c70cb855790a9d66aa978b07ae534877aa3e3db,l_SW_C05_M04_CTRL_SW_C05_M04_SENS,FG_66c75d068e18fbc9e14c9aaf9b140b9a147818ecc62c118d06e0d6675c8ca5aa,1,False,L_ROR
4f1cc2246e775b2b2d8e015122341ebee75e6a983ff54a838ac43da42cf0cd73,l_SW_BB_C03_B_SW_C03_M01_ACT,FG_d99f35316ebf86a35845c9a85b4037960d5313f2b93d37917ef72e7b3b851c29,1,False,L_ROR
4fdc15aafc0cf75eac81f7604737de7a3adcdfbd476d1d21119bb84232d6b8e2,l_SW_C07_M04_ACT_SW_C07_M04_CTRL,FG_48052b55d9950543ad6c00a12958e0e0f7cc707e89394e25abf537fcb8e3f598,1,False,L_ROR
4ff9b947880d589917cd63c20aaba4be0f922f1399418e8610e98b3842b92899,l_SW_C04_M01_CTRL_SW_C04_M01_SENS,FG_c01e3e28e52ba20cb8c71c3e28a20b9bf9acbda741b00ddbcbff84e886b685c8,1,False,L_ROR
506dc3ac00202ca5888b34582d54af73cb7344e48f8e31ee42d391a119c02648,l_SW_C06_M02_ACT_SW_C06_M02_CTRL,FG_7ab27bc8a7a326bdf06da9139e32fedd01929e1f1d50725acdaa3a42906275db,1,False,L_ROR
50bf3c84655544a852bf31a779daa73726078635d6f31ad2372bd2aab84bd1e3,l_SW_C10_M03_ACT_SW_C10_M03_CTRL,FG_daed4e5f0287de5e71dfd1fff07ed8a50ee84ced40afe71c7fb59387c6c3458c,1,False,L_ROR
539bd31afc61bb2d9cbb65fdb5312a7fd1005b6cb276a17c3b4459bedc813204,l_SW_C03_M03_SENS_SW_C03_M04_ACT,FG_04faf6f8228377af9111fa4e37edd0174b118a760cf2fe3f32de0cbe475c1697,1,False,L_ROR
53c7de088d7c049ad056bd76c12192260ad5afe614791ed0e0a6b9bd67977cfd,l_SW_C13_M03_ACT_SW_C13_M03_CTRL,FG_0948c40b56dfcd6158bee524492870893b30b2587619e039fbf19fddc1c9ccb9,1,False,L_ROR
547b0f40edd938ecb6dd3975bc59c5639b435312e7c9d886b6045affc3cbab77,l_SW_C03_M01_ACT_SW_C03_M01_CTRL,FG_e103eec878dc453820469fafad529c2dd25069bbbc2f918aefbeb167d2328b8b,1,False,L_ROR
55ee2dc8d0ad0375a4f021a28b30ad8f183e121d8b2e76aa95718ad00172a0c3,l_SW_C13_M03_SENS_SW_C13_M04_ACT,FG_40c987a9c5fdcbf6cae627a38c91b4dd34f66f5d980fd9eb65bb5e2ffb222556,1,False,L_ROR
562e35bc6118997c4d585379d7435337bb0dcf8738247398c9c095b941aae030,l_SW_C12_M01_ACT_SW_C12_M01_CTRL,FG_498079f7e98009670aa4f029c516a206dfe0b50adee381164c616624dbf0b79b,1,False,L_ROR
569b4e543c98dc9244580f1cc5bc9575c63d8fea4f2779d8499f3196e9efbd06,l_SW_C15_M03_CTRL_SW_C15_M03_SENS,FG_d2fd5d1c798000030177c17a19223642ae34415cd9a181d46eff757f62ac3b5e,1,False,L_ROR
57c98d9d655ddbb2b2d7fcb6c40920edcdc285419087af5a045747ee6249bc30,l_SW_C02_M03_CTRL_SW_C02_M03_SENS,FG_66ed1d91e865a808a20a7d270455e4f9657788853ae110f48d66ad8feea23d7d,1,False,L_ROR
589211fdd30ddbea366f6264653bcb8073f6579a3399c7e562f39c198f54246a,l_SW_C07_M01_CTRL_SW_C07_M01_SENS,FG_576cf60774d0a6b0da96b7ab3681365dfb8fb36247406ce8c8bc109112ea5ab7,1,False,L_ROR
59814e18bf7fa55e97d91c8a8b98b89ac17cda904a6646a5875ea3164613530c,l_SW_BB_C05_A_SW_BB_C05_B,FG_de892c6b945ddde040d1d971ccc08dc9284459ceb50d09a3cce754ceaf91f25f,1,False,L_ROR
59a0dd68cfadebb078b3149a5372c981677b6ef7e628a7340bef158a831fcf51,l_SW_C03_M01_CTRL_SW_C03_M01_SENS,FG_9f11aa49a42d2ea5441fe8489ee4626ec1316be0d2bc4bd84b7e8e0ef8729040,1,False,L_ROR
59b608c6f4cba09f0cf7f22c59d51e07ca29117661c8f68073f5b39ef0702661,l_SW_C09_M04_ACT_SW_C09_M04_CTRL,FG_6a7db6988a8b2203d904d07eca4781e6f9c0c5a9ab5d5c70f08a70580ea8ee9a,1,False,L_ROR
5c374137a8e4886f3ac96b779cf22b33dde2130ecc5846f2ce4387c1f9333c2b,l_SW_C15_CC_SW_C15_M01_ACT,FG_a0ee7ab5d804daa060b137431eaaeb82ffb6ed5586d0cdc2bf9eb2c873d42074,1,False,L_ROR
5cd710d4d56066f169eb530a014242b35b85fa83ea1a5f481395319052ab092e,l_SW_BB_C10_B_SW_BB_C11_A,FG_7d4280ccf07f84757b2910ebf221d9304ef26467a3832a73d8438a07f184f55b,1,False,L_ROR
5d068bcd2421139b327dcadb75b8c302d17503bcfad0b1ec6a83d205ae7bcbec,l_SW_BB_C09_A_SW_BB_C09_B,FG_63ce7e7a05d01fa975a52188893719bbae0b7e3eee9f881583d076130b6c83db,1,False,L_ROR
5d460d714065060a03bdc5526010b53fd7a0df6a85e6e19bd3a6199b29f8b0ee,l_SW_C08_CC_SW_C08_M01_ACT,FG_9140521eb320362aaa557f01e96e878f53a821b9b5ebfebf27b6dbc1a0747ddb,1,False,L_ROR
5eb4924b359a5ed6812d94bb4d34be6527827bced5e208bcde79d724283bf311,l_SW_BB_C08_A_SW_BB_C08_B,FG_e3f48ba478b1a7c51fbacbba9497fe7d20d22d07057804016b362539e50de829,1,False,L_ROR
5f5c3314777eafd7a30e74e5615ed563920132999c62179e63015f1e0ee97022,l_SW_C06_CC_SW_C06_M04_SENS,FG_981c0926a810e8bd861baddb427d0d5063b601bef2ba1d324d2ca0bfc0bd5689,1,False,L_ROR
603cd7777e73b921efd90ba077bf1592c3ac185815c092e7c454a55eb94de5f4,l_SW_C08_M01_CTRL_SW_C08_M01_SENS,FG_f0dfdc8329ae8927b7575c6d51f044fd440b159ab758deac51096c30a7dea44a,1,False,L_ROR
60973b0e9bdbbf50ed5e4adf6a4f69f41ce63c1f2b31c08a11b5f47ff31931f5,l_SW_C04_M02_ACT_SW_C04_M02_CTRL,FG_9a644a65e3cdd33acbf627e1c309f96ee4ad9afaba0eae67db4e96eb567966a4,1,False,L_ROR
61548ea37c77c580826421b643f55a87452be03f612a239d787a876d95302c29,l_SW_C05_M02_CTRL_SW_C05_M02_SENS,FG_8959e591132145318b88a24c866f83debc95f951ebb6114ae4e8047a299e87a2,1,False,L_ROR
61ee9274b29b8e85bf0988e613fa315d56f36f79571b7fb811a8f357bcd095fc,l_SW_C03_CC_SW_C03_M01_ACT,FG_57025b813be7986fe8ee11992ba4baddff07171e50e78bd20b9ef0d9d5dcfbb5,1,False,L_ROR
639d121ac5083e5ecdcaf0909a4ef261a15c26f80073fb7e76e0621a9b9870d0,l_SW_C01_M03_CTRL_SW_C01_M03_SENS,FG_5639e4fb9a3128ae3859ecc36a5d7625da11f1cc86a3847c3e0cf51216465e7c,1,False,L_ROR
63b9a8e0a31ffed88c82fed1310f3ccd0f7eb266defc92bdc4bf6417bc4209b4,l_SW_C10_M03_SENS_SW_C10_M04_ACT,FG_049d95ef88c69d518e9448644bf07b6764b077586dee3c0b551ad9848ed9c074,1,False,L_ROR
63c9fe18bf67d9afe8a248d7e3ef00b9a2e6c3d55b34215fa8b1be8347781232,l_SW_C15_CC_SW_C15_M04_SENS,FG_db747018375bc1674c34646776923ad51e74862fad4b8bc18002077a769d53fa,1,False,L_ROR
64fe09b05fd5f8d81823637ebf0d290f3d30187967277aea02d1ab79a1b480a0,l_SW_C11_M03_CTRL_SW_C11_M03_SENS,FG_9639a800f1160f57371d12fee74d252a6470325a7b2f57a2204e2de5b6de3c62,1,False,L_ROR
655e48c927c201696a69b39a11100e9da1a3e27f1f190edc3175ab29c8127dd0,l_SW_C05_CC_SW_C05_M04_SENS,FG_639e2952876c5239906336bc8939d1584a17f014664aadaddf9d386ca44a2932,1,False,L_ROR
65720409c03c0173e70e972773046e810df1e3b7c97661db65bca835c6459aa1,l_SW_C09_M01_ACT_SW_C09_M01_CTRL,FG_712025ef6f40211d37cc464134d163b2886186b7aa77af44dc71cabe4327c58a,1,False,L_ROR
67e93b9e4239b0559e5c02b80bbaef1ccc0987444b3badc70925d664aafffee1,l_SW_C16_M01_SENS_SW_C16_M02_ACT,FG_bfafcd91d92d0b6d79558f77aed7006e41bebd2df7b423a0aa203c58114b912c,1,False,L_ROR
682e3d21c6db0902db5fb9b6772c15c7c323e4dceb719d6f545bfb834d36e7e6,l_SW_C11_CC_SW_C11_M04_SENS,FG_e058911a5b04d418cd22044651dd8b6f0c2a56cd1ced64b638657fde4041f9eb,1,False,L_ROR
6b0621bba8146127452968ad150a33947b02061b1111d7cfcc5039196fa6f049,l_SW_C10_M01_CTRL_SW_C10_M01_SENS,FG_dbfa04c94bac7a32e2197227c8a4047f0b0b4ac6db706729976b0d1bfd6d2675,1,False,L_ROR
6db3af6274cb3f79e807f9cbdb5f6f38b2657ae63dc971e07940bcfc7f0f411d,l_SW_C16_M01_ACT_SW_C16_M01_CTRL,FG_599321be931bcc62ae182e9bef0db4e2f88ea581e23bd0a2722a00e8c7fff516,1,False,L_ROR
6e1112f172471d83774ecba9052ca678dbbadc50cb2de63ec897c190a248e20f,l_SW_C09_M02_ACT_SW_C09_M02_CTRL,FG_8a8e9657a8547656d15eee25c78a549459ae96d434180390039965e2f344c3c4,1,False,L_ROR
6e137c9d36e7549908a0c34492395b58c4821d3e72eaa87a08f6c6813a3b1270,l_SW_BB_C06_A_SW_BB_C06_B,FG_25ea207a111f73ed164bb7f4ba906da2a2d19fa62dca86f35bf18b4fd42358ee,1,False,L_ROR
6ed1eacf2748e25cdf0c27472f32d9164fdd8c879e33f64f0daadfbd043cbdfb,l_SW_BB_C14_A_SW_BB_C14_B,FG_2387adea06457bee2c951e43d7f73328642064ae965ea3a7fcd83c0328ddf275,1,False,L_ROR
6f9746ab9c1ddd990becec8e5a94a70676a47341a366d0fa1485dbc3be0bc5fd,l_SW_C12_CC_SW_C12_M04_SENS,FG_e48996e673bf8e7c438c5eeba05edec69351d2b3cb28ecef1f69eea3debab2e6,1,False,L_ROR
736924a18f263a89fbc1d5a905540fbe57e1f9c4a832b588bae5ff4307b87856,l_SW_C02_M01_CTRL_SW_C02_M01_SENS,FG_61972511da15de3d11e2e42f2216cb6ec01919c24d83878b010acebc354c2711,1,False,L_ROR
74a3092efadb0f498bcf7b50cd71a46be518e7cc13312bedd1077e8aa40d172b,l_SW_BB_C14_B_SW_C14_M01_ACT,FG_94e487b18fd8e28082069ae4c71d667f885a3e2771c4b509760672058ec7d6e1,1,False,L_ROR
74ef07359f49cc17940f7f424a02654810dd98fbd061d8e29ed2a6d4ff0beaca,l_SW_C03_M01_SENS_SW_C03_M02_ACT,FG_c446fb9311c9ecf14c8bc190f308c12508ad765b0b0ef6944765986424c59258,1,False,L_ROR
7a28d95c5dcbbdb4b7e554fed314fe99bebd77f415e8255d3aede596b989bce2,l_SW_C02_CC_SW_C02_M01_ACT,FG_69e1d28d04d7669cab5ce4481b8683f065ac8ada72ce85ddfd104771a80a7b93,1,False,L_ROR
7a2d5c8d050176407efed43d8112006ffee140b3ef998cb5f95111fbf5e6150c,l_SW_BB_C04_B_SW_BB_C05_A,FG_05f19ece34f9ab03efaa59d5844f9bf0b41da5918eaf8aa8086e07d6d97ccdb0,1,False,L_ROR
7ac8489d07703b412a95cde7518d9457fdb248cbc96bafc019af338f3f3b0a5f,l_SW_C12_M02_CTRL_SW_C12_M02_SENS,FG_5616931d53e40688e17eef74ff779fb5bedc866b7afa6450a9f93c419c0f6645,1,False,L_ROR
7b2e9e494f67851f9acccfdac03c8ff5a941226eb633c4f4e1200cda39322971,l_SW_C11_M04_ACT_SW_C11_M04_CTRL,FG_d9c31adaf482c928cd70740e7a423baac4e33a1d92d9d02183cdd81f0034d710,1,False,L_ROR
7c84ac5b0d00cc9acbd4cfc1bb3b1f3211de03ebb0429c972aa6921b0b355e3e,l_SW_C05_M01_SENS_SW_C05_M02_ACT,FG_2bee220b3c85cdc2e978f422cdfd7db99a22145d2afe78d5e85561e0951399af,1,False,L_ROR
7c979717e92af267e2cd4e4452ed5d51eb8f64f7b58598789f87eb744d19f862,l_SW_C09_M02_CTRL_SW_C09_M02_SENS,FG_48fcbc2c476815a25be9bc4790fc8306f0f130ac25f5972604836053fa39f50a,1,False,L_ROR
7e77ee8b63a73afb6ea1bb3f164728d22ac1a5deb3220204a012a2e6947b07ca,l_SW_C06_M04_CTRL_SW_C06_M04_SENS,FG_ab9d81d67b4822ed8187e60059770866910b1a957e367866a62cf9740813b028,1,False,L_ROR
7f48390389d4c40c1e9d12b7f2a320fc46cc411065eb9a0f7e8d936025cb6654,l_SW_BB_C10_B_SW_C10_M01_ACT,FG_c42f1277efcc06f0ca386cac7c660eaa0bddae94cf3028ec52c7e4e0edbed64d,1,False,L_ROR
7fa6b2c0e20624e1bdb89939889cb7ea67e8be93cf1f085bef28e18c0aae0275,l_SW_BB_C06_A_SW_C06_CC,FG_caacd630bb2687e30adc15009489f66a1f546681086704c8162bd9790a449d92,1,False,L_ROR
7fd837687ab2b46c4dceb5056d864c53ca007011e8c416ea2571c24eb45b7284,l_SW_C16_CC_SW_C16_M01_ACT,FG_238364b4a184000d06a0b0ebed88f7ff87860071f052225bd4c8a1000398a1e7,1,False,L_ROR
808160f00436fe2d079930a4a0e2902127ef463beba5fbabdaaf94f16db8fff9,l_SW_C05_M04_ACT_SW_C05_M04_CTRL,FG_58a8dfcd41ec17823a713e19fccedffa9b25b12d674f58cb1e205e1d4383680c,1,False,L_ROR
8343ea558d14d5de4931b6dd89b0ecc06881c926ad05d437244685f94a504487,l_SW_C07_M01_SENS_SW_C07_M02_ACT,FG_f8ff3c1d21cd460214575a5f3f9318fd891d676b0b1beb1c76b03c5848496586,1,False,L_ROR
85179decc4964787ac469e4989198c27862b707657dd977e5cc2ad6140e86838,l_SW_C09_M03_SENS_SW_C09_M04_ACT,FG_007ba554bbfc0c78e24f314c1fee70627782330082ae8a01a9e5fdd8b4c49ab3,1,False,L_ROR
85d30dd1573515a1b539d9b8ebbde7dc7a1b3c6eb1a64c6a3d5a7d1c71fb3e97,l_SW_C04_CC_SW_C04_M01_ACT,FG_fde3828f411d66fe77521d637a48cee9bbf9788314d8f188e0249f14c194d3e6,1,False,L_ROR
85e6f3d6922b535bae10e2956b1e9c0ecf9be0b597cc2190a08dbb899bec53db,l_SW_BB_C08_A_SW_C08_CC,FG_2ca847e055d4af586c345fcf168b33f1a877acabb7280ac747ae374ebbe04f45,1,False,L_ROR
863dce5cd8049182cec88b2d79b5cd8061c88012e11e3e6dc804441a530c0cb6,l_SW_C04_M03_ACT_SW_C04_M03_CTRL,FG_823757b5feb95ea70a607944de0a41681f9c135d32158f45ec3861e150432c8f,1,False,L_ROR
87c3e1f1447d2f9d10d3abe86cc59cbb99073150f385ce25efd858018c839ecb,l_SW_C05_M03_ACT_SW_C05_M03_CTRL,FG_8ad9319a35be702609ae77a26344e8df5da7898f1a254c36c2726dd8a128d7b8,1,False,L_ROR
881a9513c10e30c37c6dfec22a8a2882c1f6bef495ec82ba5b6e1fbe5c68428b,l_SW_C14_M04_CTRL_SW_C14_M04_SENS,FG_6b65d1f74d516c280c99c37a9365efe160cb569b53af93b3c24451899bc37438,1,False,L_ROR
8a102b64ba0fe255abfaabad3dd4864795f37fc52ef44f0e054687221f74a35e,l_SW_C05_M02_ACT_SW_C05_M02_CTRL,FG_e307f6068fb2f01cfcdae1edde8c2b1002640a3c3cc9ff2ff8e6f660c657ff40,1,False,L_ROR
8a444c454daef125d231b6b9a097e0a91460f6bdd2fa54b079aa5faeddc7980c,l_SW_C11_M01_SENS_SW_C11_M02_ACT,FG_cb3622d3f524bdcc68598f6e6445a357226f34c93f11e44eb6685524ddba6e93,1,False,L_ROR
8b5caf4a9b15441b7c22d71cd3726ba5e0d498b9dfb26ba4067936620d6b8411,l_SW_C01_M01_ACT_SW_C01_M01_CTRL,FG_456396b4ea00b558f60d0ef4152ac25975ac520491f354aca2a0bd101863a47a,1,False,L_ROR
8bc0e85b9941d26fa244a051024753409f984146219a0da245bbead842d8bfd1,l_SW_C02_M01_ACT_SW_C02_M01_CTRL,FG_ca3a07abf0cd8bc3f3441afb10594d45377f84bd77999ada6d863a654e8df549,1,False,L_ROR
8f28aabbff9ceddc9c2c28e6ccb5857838e4714d3a6701f09662873cb6967318,l_SW_C02_M02_ACT_SW_C02_M02_CTRL,FG_ae1ad26f1eb1f2d82bc6f79180dc9428cb3019ee9a839f54a00133936b1ea3d5,1,False,L_ROR
9017f247da6b1fd6a232bd3c2064be1021ff608dc8db7176dbed3bf7f403bfb7,l_SW_C08_M03_CTRL_SW_C08_M03_SENS,FG_8d0929d92437ee8982f3650b052a7f712f3c8e269766151ec4513c637c6a03b9,1,False,L_ROR
90539771229dfc40a3685c4da387dc2579a740d09ba9d3414421c5a9f471808c,l_SW_C15_M04_ACT_SW_C15_M04_CTRL,FG_a602f8b028d89187a32820c1ece88c8f8d70e013c95e22393afdf1343093f977,1,False,L_ROR
9397b8c6f6d508074afd0bfcc68419d4752bb8653a76924259014f36405ce5b3,l_SW_BB_C15_A_SW_C15_CC,FG_6f49919b4f2c52bc769b1aeb9a965ef4b4cf144c91b585034b2666e018bf6bf5,1,False,L_ROR
971b47b16961cee2bb1f8fdd60c9d92064f2f3b367380eee8dce9a56b0cd9a18,l_SW_C09_M01_CTRL_SW_C09_M01_SENS,FG_7438e2e72e795a49eb862f96999dfccdffd2a4e781d632994f2dc33a8e5db5ff,1,False,L_ROR
98fb638135a782be8fd0a7eba2e7a9dae5e1384c9c28bc5f1e6def1a7d6fb5ce,l_SW_BB_C02_B_SW_C02_M01_ACT,FG_8c4870463d4363924fcae715305086e9b6bcccfdfbd729794e4f4802d37a2977,1,False,L_ROR
9ac0861a790993b83fd87317e0b3a44331c34e65b6e40c1d4c070a3a3f123f5e,l_SW_C05_M03_SENS_SW_C05_M04_ACT,FG_9e156a4caf8ac4233241d551f071bf8790474fd4dd63829b2538a146a9c22557,1,False,L_ROR
9d3ebeef5ac5cd1208c20a985eb9b0f8d715447c04346e82b0a0017324b20afc,l_SW_C10_M02_ACT_SW_C10_M02_CTRL,FG_2d538cf56e2854073749edde362c0569a88d1909b2ad464f03a3b483c6de6dc7,1,False,L_ROR
a35dc20fe20aaec189b999e2fadb34423370b61ae625948d75ad9742664fbee4,l_SW_C15_M03_SENS_SW_C15_M04_ACT,FG_69b3836af1409a54f7d61d50a6ebedd22a5d37ffae905667624fef4b2c1783c3,1,False,L_ROR
a3a2e0864f5e6fd7f7b143ff0bbfc4f62b10887543b5b2bd41227abb56d07d12,l_SW_C08_M03_SENS_SW_C08_M04_ACT,FG_787b8f29518336edd49fac6ce3a805e160000f767d4c8710322c593f1792f208,1,False,L_ROR
a647870e9a0b578463c09a6f5f18e58c048e6683b995241e997749ccdb0426ee,l_SW_BB_C12_B_SW_BB_C13_A,FG_662e60a50ec4a40fe4e36a0ecbbcfbcd6b772902e994c95f9d6c79cc897f81fb,1,False,L_ROR
a7934300af39dfddbd1913d7e3160cc50a8ac597b21a1e194ef4182502c9d342,l_SW_C07_M02_ACT_SW_C07_M02_CTRL,FG_faae5e438295c2c7e769b4cfe49cb6388c03bd4f6777d43fbc868b8ba2a55860,1,False,L_ROR
a88defe04e30bb977c691df3b2d093d7f186677b6f30312f2f6499daef074e31,l_SW_C05_M03_CTRL_SW_C05_M03_SENS,FG_df88e2185724be45cfa72ad1b62a54be5e5d8d38147fc75d254e293608d6e648,1,False,L_ROR
a8b6cd10d92d21772d8aaddd25e57f37b042ff05a41ccd1f4fa2f328f05843de,l_SW_C07_M04_CTRL_SW_C07_M04_SENS,FG_ef1c6869ea67165c8c2c84847b243f0ce49d12548e554a9376aec0d909d5e445,1,False,L_ROR
a9538b6186506eb6cc681fa93a89d1ea96588cea5d7d240a051454881e25de40,l_SW_BB_C08_B_SW_BB_C09_A,FG_79489effb67197d0d4e42e2485f4b5a62132d4c4525b90f18ec4ce8d7e867da4,1,False,L_ROR
aee6f5d09a15f14aaa3b8a43433b360763aa12323331f9f1cad64bbb7298388b,l_SW_C12_M02_ACT_SW_C12_M02_CTRL,FG_2fe993e0a259aa17d1c9ecd55661d58daaf8f7a15ccc430404e526feb1901f16,1,False,L_ROR
afc3c9a30ebd4e3ad42ea638c40291feb1912bc1ab172806a276840e4fba604f,l_SW_C10_M04_CTRL_SW_C10_M04_SENS,FG_81e5dd58962c83a6d0f1e281cf16b3ff877b8807df4c5d6ef7a199692f3cf2e4,1,False,L_ROR
b1747345f1d884c170b469e3acf2bee94563f5041499b8b8e9b708a0d1f9f80b,l_SW_BB_C06_B_SW_C06_M01_ACT,FG_bb10bcb23d2489060323cc47b8b0392a746a9e90269d35887635b2f4271ef2bd,1,False,L_ROR
b507317c60eceeb13ab142678a9cdaeffb5060d9380605eff84a0f442e7f79cd,l_SW_BB_C06_B_SW_BB_C07_A,FG_2020c0b99d9d698e71db4daff99263c5a68bd665378aa29320fac4e0f3024482,1,False,L_ROR
b599274b1e51963d37dad56b19633b4fc0f7e345d4b6ed7e879afbb63ac3777b,l_SW_C14_M02_ACT_SW_C14_M02_CTRL,FG_4235f268459e2c0511726b40c1e563eb211324ca6921de2ee4b3a41c72cf8065,1,False,L_ROR
b5c632b407bdb58b70882d8d38ea10d7015632d531d62a1810c8b7f910cdfc07,l_SW_C14_M03_ACT_SW_C14_M03_CTRL,FG_c337f5d99714ee3edef650dc64020448ea2052c19280effad4dd0052ec5848ac,1,False,L_ROR
b72fa65fda6a51e170066cfba074df7c35dcbaef4051aff88c97089e7ebc4cf4,l_SW_BB_C04_A_SW_BB_C04_B,FG_df791fd03c5a792cbc14b2e688813e6dfc04e0f19e6d58e569ca857651ec1065,1,False,L_ROR
bb5a9c0b2a03ac9f520ca9a4184945f03ffb2f73710507f56dffcab1f9e1b106,l_SW_BB_C02_A_SW_BB_C02_B,FG_92746aa0de13d415752ac108fafe78bcb0977d520b80fcb632e39460bf3291ed,1,False,L_ROR
bc17a1edbc7859126bff598b1a7b4a1614a08ce0be501d1aa52ca3c02fb688bc,l_SW_C05_M01_ACT_SW_C05_M01_CTRL,FG_d456979842a5264de3b02bad9fd6d4d14288426702ab5fcb079e89b60c58d987,1,False,L_ROR
bccee194e68fb35961fcf55c139bca58358a931f0988bfa93b83dc827abc375c,l_SW_C03_M02_ACT_SW_C03_M02_CTRL,FG_16e3759aeb6fb4c7081c1d95b5ff8740e295444b18a183aff19deb22dbb1415d,1,False,L_ROR
bd211b4e9a973b353bd0abb4050f815efed08ebbe028d7fd8f85c12fef9e618e,l_SW_C01_M03_SENS_SW_C01_M04_ACT,FG_13e86c276b22d6905d6983d0e286b72cc02a68816460a8ad13bee85541cef9a3,1,False,L_ROR
bda8b3410ec8208a01cac1f2fbba9010a4c78801ef533be4c04a21c47a1170c6,l_SW_C13_M02_ACT_SW_C13_M02_CTRL,FG_26c8be38e4816c9793fa2bad4dc37b161aaa2999921766d0b34c5f47f701027a,1,False,L_ROR
bfabbba1af9c4eed11b5cd0fdaf2f6640b0e14442585ab08d1dbb35faa187990,l_SW_BB_C07_B_SW_C07_M01_ACT,FG_2dca9cba1f8c6eec6e94774c2f432e54f4bb5558ecec58dc293713c3a374a7ee,1,False,L_ROR
c040519f1fd128558edd8d144f47e8de2c340be36501fff2940716655f276396,l_SW_BB_C13_A_SW_C13_CC,FG_8415a44ef666e323bfbd418d77621fcf4fc2ae00846a613349f11c87259a776f,1,False,L_ROR
c203ef6d3ad330585e2f5a4ca9c75bf79ff765f1febb7e0ee42fcf938b67f51d,l_SW_C12_M04_CTRL_SW_C12_M04_SENS,FG_c2e6bf5f35c8d570816792f5a2005fa6eb4a361fbdf2c167543c89c740bf65ac,1,False,L_ROR
c291e18300bcb2456a82854f635a6c31ab54484e9d560fa3b2a82d2762a66e01,l_SW_C13_M01_SENS_SW_C13_M02_ACT,FG_367fa88f1d291b5455e74e5ee9f43de1f89099f9610a775a237cde286246ffa7,1,False,L_ROR
c2e76a774e5e23cd9d450a74b56c66f6e96a628746436f535b0d74917997e35d,l_SW_C14_M03_SENS_SW_C14_M04_ACT,FG_8f8999d2e94b65b8fd41e50bac1b59a05c9fcdac0665d0431e51803406e9b83d,1,False,L_ROR
c3c78f513a687a92bf197ac1b2dd3858e714bfdfaa798cae35ed4352e41bab60,l_SW_C01_M01_SENS_SW_C01_M02_ACT,FG_3c06ed357da00f699dafe573b4e85752ce252d72d40bdd60eb114a8285e1fe18,1,False,L_ROR
c41bf97453e8c7b04940f632afc91e9a8eaa6993fa5893604d88c48c0613295c,l_SW_C01_M02_ACT_SW_C01_M02_CTRL,FG_c5b1252d4aa743e7801973194d09f19aacc2ec1f7fd30cf6c5e7e65716ae037a,1,False,L_ROR
c5168b946fb8a9ace5d425ef43f21091809e5e1c3c49dbd1acf5532988ca5a0f,l_SW_C13_M01_CTRL_SW_C13_M01_SENS,FG_edf63087ab66ff87d82bd93559dd84d170bdf677f978bd2f56ea16fb82864e52,1,False,L_ROR
c6c3f9bf0813d3a76d696c50b0df48f8a16491d4a4d1aa13d594bc193ce88c4d,l_SW_C09_M04_CTRL_SW_C09_M04_SENS,FG_611e880c94610381dcd4a33f7bf1294e7165321d798e89e4eed67faa7e78098e,1,False,L_ROR
c788d5975624b7e4bf928d54d3cd60c97ca264b4e816561fd9f21ffa87c478d8,l_SW_C08_M01_ACT_SW_C08_M01_CTRL,FG_b991bfa4b0425d43a203401fa97e0904f4e6e88733c6c11c17160a1a90c84e0c,1,False,L_ROR
c7c2ee87b84f3572f598dca41f955dc7ed6dcda455275a77845fd987100933be,l_SW_C16_M03_SENS_SW_C16_M04_ACT,FG_c26bfca45ba07259101144b322aa5b2b5fcba474d56a37c911d47438d1cdf013,1,False,L_ROR
c7fef17aac095eb1dc95675f536f482cf733eee02b17797181107e684dfee471,l_SW_C09_CC_SW_C09_M01_ACT,FG_0d5ce2f14c4a7f1dac0e0c142004845986513ee35acbeaea03684cbc2b1af6ff,1,False,L_ROR
c80b685401104f3664061993a3fb75f6df7b6cfc7e76e70b154439abf2621ceb,l_SW_BB_C01_B_SW_BB_C02_A,FG_d636e6c533f663f4407a30486d263a52874e08da8de566112fedba04ee922ec3,1,False,L_ROR
c811388f016343171bd2984eea1e5e7aeaeb60b195bfea8addd16286d7653e89,l_SW_C05_CC_SW_C05_M01_ACT,FG_506580afffa6fdb9daff2d265c126b6cfd0127f214b3c2aba7fd7b43061758f4,1,False,L_ROR
c8119a1b881e72d47375bd9ac5f110b85852d5c352b62af3e94fd4cbd37b06ed,l_SW_C16_M02_ACT_SW_C16_M02_CTRL,FG_ad993c7c381a904c27d68bce7257b1266d5c1297c131123b9328e544ff051247,1,False,L_ROR
ca8112afe232c4c8c13de7d409f17be513b51d3899682763ada85547dbf6d683,l_SW_C06_M03_CTRL_SW_C06_M03_SENS,FG_3036ced88000f2b3664c70b0d47f726bacb5801866655d0747ab7df723d07362,1,False,L_ROR
cb499353c02921808d6abab9199001706a93f99faa6224c4e49f4a68209911f4,l_SW_BB_C11_A_SW_C11_CC,FG_ff2db2677df27cae7722c11b3b9b54ee0f855b32a702ac0fc8751c8765fc468a,1,False,L_ROR
cc2a51bf6405656186ecdc408caf2c849d263bd7e74e8303dfa770b478bdb170,l_SW_C15_M01_CTRL_SW_C15_M01_SENS,FG_467e7e9572fe1f75e31a311d062aaf097551b5e844b28bd007731034ea741243,1,False,L_ROR
cc4328a0a2c403cdc6902467eddc5a4eb5b58009f9331592759644f262ff2502,l_SW_C13_M04_CTRL_SW_C13_M04_SENS,FG_6a2fa073842f01febb8b66fc9827ef31f467bfe50e8224b0bb00651f1bcb9396,1,False,L_ROR
cc70e617ad73129f4e0b1fd69ac3660c0dd4ac6d76dd6cbe047060266f765d17,l_SW_C02_M03_SENS_SW_C02_M04_ACT,FG_40be7ce79fcca8732e48c5f1da04eeada9a331b52f69a7930bcb2a25556ec08e,1,False,L_ROR
cd50f390239867fd6b3bcd6cc5114f9d41469cba9e81fe0770a362f86b4e6656,l_SW_C14_CC_SW_C14_M01_ACT,FG_f484cdb43b37c5f3d766cb82fca6fb67e8e33074c588cf61edcc9a8de46a200a,1,False,L_ROR
d006fb48b17bc5e80f243576503cf2fc633723bf2397c9e8830fce8707e6ef87,l_SW_C13_M04_ACT_SW_C13_M04_CTRL,FG_32c7ebd13a619bd8601ecd633292001bc41a09e49dd1c85f3a425703f91549fb,1,False,L_ROR
d0f70cf11561cd3b107903ab50571625b35a7f6f3f239a83e9da0fd0e11e643f,l_SW_C14_M03_CTRL_SW_C14_M03_SENS,FG_696afdfaacbcb6393fee131da241c8f58574052bd0ddecac5b4453a79d94debf,1,False,L_ROR
d1bc7146ae161a6d5dde0e03988115ed6cfcc2f0e4f46bc66f90191d0d6187f8,l_SW_C11_M02_CTRL_SW_C11_M02_SENS,FG_19eb63bdbbac5723de2255dd20e8ade9236966bcc7e5ccd08b581c390ff8e1c2,1,False,L_ROR
d3a7c047d38218ae1475997cddd064b67a0a3b6a0110c5a8b1c79725ba6ca3c1,l_SW_C09_M03_CTRL_SW_C09_M03_SENS,FG_1e518cdf70955d725c9a88aff71a2f654a94940227bb2a92eb21a82d0358a0ff,1,False,L_ROR
d5579915ca82385592159cde59a2f19dec087d6d136340a0a94f958f8063448f,l_SW_C15_M02_ACT_SW_C15_M02_CTRL,FG_44da6987f73b39a4757d23e6d9c2dff0cb807a70f5344a2d7ad3ca28cde0960e,1,False,L_ROR
d6bb326b710a36bfe9aa2d5934423c26dd785304172b33adc03f5cc26ec4614d,l_SW_BB_C12_B_SW_C12_M01_ACT,FG_4b6a19ff0b686ca33ca150ad14fac0a567a55bf9ed86df5613d8ad85ba27c7b4,1,False,L_ROR
d7dbf841ce06a3ba98c2a198e535e2618662074d91a2d59e402953233791ad8b,l_SW_C07_M03_SENS_SW_C07_M04_ACT,FG_f77790d55b9d03cc6809df4e2b5250312caa25ca1e8be0604b928dba516188b7,1,False,L_ROR
d83ce8555d9eee42f3605a27eb7cd391c5d989d82fa4b83fab562ab56c8f6633,l_SW_C12_M03_ACT_SW_C12_M03_CTRL,FG_439d7c226bbfe0c5c477953a6009778939102c8075d7c8108ce12a11ac9a24ef,1,False,L_ROR
d9b83ffd142045ac6a12981d3210d8651f019a683b854d57e3a6cfe4c22d78d8,l_SW_BB_C03_A_SW_C03_CC,FG_13374e5a095b04974138ae83d2cd8060f62dc885a775ccf6c6aeac2c4ab6b857,1,False,L_ROR
daa16d355ecd07d0979a2f21744fadf27f37b3864f56ed09dbdc384f0bbcf8ba,l_SW_C04_M01_ACT_SW_C04_M01_CTRL,FG_655088bbc460dc03b14f14a07bd2af7f3d02822f525cba167e321448cc97e600,1,False,L_ROR
db0832995ee19ca411f4d43e598d8839d4f5308dbbdc76b5ab64c2f8dce846e0,l_SW_C14_M02_CTRL_SW_C14_M02_SENS,FG_1e1a8ddd8c828a76ef727b92bfa1386f0ccf85ef684a17c71ecb1c942c705194,1,False,L_ROR
dbb9b4ffd0f0d7b16d6cb805ae1702d89dc215f6ce0e7259e668c4031c46bf00,l_SW_C15_M02_CTRL_SW_C15_M02_SENS,FG_c6e1b670e142d04f5604f95410dc86862a72f271b0b58458b74e9bbd76ca9916,1,False,L_ROR
dc294654845e462b39dc72b4d3067ba863fe5e7d116088c5dd0cca327ecf4a7d,l_SW_C08_M04_ACT_SW_C08_M04_CTRL,FG_8aadcd6a016e5e7cb1c5bd765431da465a206ddaee39a3db4110b748e7fbf35d,1,False,L_ROR
dd99fefc92cbbd60a8a4abade3024d23f15834f2772dbe8411298a02348ed7b0,l_SW_C10_M01_SENS_SW_C10_M02_ACT,FG_ab3d11915e39a4730df098333974fe67411b0ee5de2068b844062716b1fab24e,1,False,L_ROR
dfd54aa383178002864c325c5dd30ca7cc6b8bd1911dac522d8c9d20f4453237,l_SW_C14_M01_SENS_SW_C14_M02_ACT,FG_47a6df0b2d058d79529d7fcf8f3bd5f9c13ba96ab7daf29c5a53d62dd23768de,1,False,L_ROR
e025ef5c5ca12649e7c425286cb5f25d153bcc1a29fa267376be4df836eb90cb,l_SW_C14_CC_SW_C14_M04_SENS,FG_3747a63dc8a736e48968b97bda32ca2fce1150b423ef13a0708a59080b8d882a,1,False,L_ROR
e066fa8e6f16c6f6cbc9cb68fa4f836dc5859469b3e78954b343c739b58deb9f,l_SW_C11_M01_ACT_SW_C11_M01_CTRL,FG_3640c5f0ed2726a6259c41ecc7bc11281bc32ffd90a12d665afe54c2de14c83b,1,False,L_ROR
e290e6c63a7f7fc8b35dba987645d02fa7e040f8c72796467afcc60d691aff02,l_SW_C13_CC_SW_C13_M01_ACT,FG_c8262bddb66654d493dd4e6d41ff24aa390e590cf8e7fc4009c1e1dd9c4aafd1,1,False,L_ROR
e4a1696a02229fa7f809249fd2d69ad575e4c5b7608c6dcf54bde2e04af9b1cb,l_SW_C16_M04_CTRL_SW_C16_M04_SENS,FG_58f28b5e72d983c9f7349a83b666e6c458c2caae7cb8586e020a6bf9d31e35bb,1,False,L_ROR
e51e8aec1d6709beda023bbc62ac8c790ec7595f48dc44a37c291ff8856649fa,l_SW_C11_M02_ACT_SW_C11_M02_CTRL,FG_ffad998e091507c7d75e223565e03a3a0acecdfa16dde9854db5cd27b723d669,1,False,L_ROR
e848cc66b82a838dcb3c51cbdb6f3ee590c4211cd215603e226d7c5ae1ef267e,l_SW_C07_M03_ACT_SW_C07_M03_CTRL,FG_4026342baa0152c2388c51cc828a3889a012af7597a6d0a008174878233bc248,1,False,L_ROR
e9033a83509b04a63c1f627a5819c1c0e5eb7f4c1f322f89b2edfe4c05ffb37b,l_SW_C16_M02_CTRL_SW_C16_M02_SENS,FG_6df6c57a5c5cc88a85e21069eba5be6f32d9424ff5cad75635e06a6b0dd67322,1,False,L_ROR
e96b2c17062a69f3b03963f2c8f78bb2623d42e13f4a4f13f1592503f1528c72,l_SW_BB_C15_A_SW_BB_C15_B,FG_a5177ee394eb3cf44ad9380987aadf63741261eab519da67128ff2cf8d87460e,1,False,L_ROR
e98e37f053ceefa9d389264ea6dd93680d8c78345c224e5c7594ce4bcdc2a2b1,l_SW_C09_CC_SW_C09_M04_SENS,FG_99732cdaee5b5cca6db25c6128a2781026221a18394a933ce452342bc6bda2e2,1,False,L_ROR
e9bad76aa351898ea4be09f2b27218d54441013d73c3b79e42bdf34765b894cb,l_SW_C16_CC_SW_C16_M04_SENS,FG_37cfba2cc42058a354de3b1235e0697602e3f678d8d8ebd3e90554d6ca5f34c4,1,False,L_ROR
ea72e1f0fb826d181e368580b300bb46eb82f11db428d3c16bcc7f383304b004,l_SW_C15_M04_CTRL_SW_C15_M04_SENS,FG_dfd289dea9956d56785635a0139591d112df9b546f769cad5072e561cbc2e941,1,False,L_ROR
ec30681fc111838bd045ed9126cfdfc11b887471768b10d9b4c192e1d8b6c0cc,l_SW_C11_M04_CTRL_SW_C11_M04_SENS,FG_202a19f74341403614cfa002277d3fb5b2a2efd9c42f78156037f70d30e2a27a,1,False,L_ROR
ec882fed909460e68f71db108dd9568ade3c803d8a5a0170956103bae3b93eb1,l_SW_BB_C01_A_SW_C01_CC,FG_70d8b1b1fa121768570e45f8971b64e1dc5bfe436beb5585b547b4c6877f27c8,1,False,L_ROR
ecfe56a32bee856a8cbc656a770191ed06dc0c97144317f96fd9337f54cb221c,l_SW_BB_C02_A_SW_C02_CC,FG_6e108ddf3466909b7a39f8d906bbef193b88cba6c0958a9482502a9a2a2f2c24,1,False,L_ROR
ee620285f43f1697ab7db754fe06c89563f0905e34adbed4ec966ed726b45e5f,l_SW_C14_M01_ACT_SW_C14_M01_CTRL,FG_f2dd10f6f9020c394da97365ca1b46371aefdfa16d9bd0f358f9cba178d33208,1,False,L_ROR
f0bf07003dacd77e2c4bd6c96b23159d89434bb87b9a6ac67ea67a219370fe93,l_SW_C06_M01_CTRL_SW_C06_M01_SENS,FG_1e36482a40cfe1e97776b9624660e92e7f4c24e86d45767dad8fc1c7dafc5266,1,False,L_ROR
f1d704fb804b7ee622f951127b6e16c364794e0ef538a452bdf0a9ffb0d80bbf,l_SW_C04_M02_CTRL_SW_C04_M02_SENS,FG_5599c3b386223b8cacbc4019047a550378741cbf7585980ecdd6525b826e1efd,1,False,L_ROR
f24466840e6bb5ecaafc2cf50c63ad44018cb739cc9c27032189829612a20ac7,l_SW_C08_M03_ACT_SW_C08_M03_CTRL,FG_d7806e5ea59fe520094ca30c0798ba9a7b762137da3ba9e7feed6266c7220428,1,False,L_ROR
f31d6139db9909d38358b3e307e46d5845418fbf0eb08986519686b75924f1ac,l_SW_C12_M03_SENS_SW_C12_M04_ACT,FG_2dbba5719c39bcfc251637e2b9bfaeb79d1dd1375978609690030e5df4b5847c,1,False,L_ROR
f401c46eb8ca154f1c3f6cbe6ef67b0acc1c9910b84ac911225464952e835f8e,l_SW_C12_M04_ACT_SW_C12_M04_CTRL,FG_6005837b83e178bb36d57fbe6d86e589d86b9bee1f649ae6e3bdc55c8abb17d4,1,False,L_ROR
f664c09acbfc3996689a470bcbb6ad59d275eba4dada9f155771c30fe84855ea,l_SW_BB_C12_A_SW_BB_C12_B,FG_eaec56a5874d5ada4177953b2f247f6c9a9b0a6bf6da3e0694b54a57aab071e2,1,False,L_ROR
f94e8f9a95a7c671df75b53aa4d9193e7ad6f6620d3ef55b417d5c2c25ff165e,l_SW_BB_C09_B_SW_BB_C10_A,FG_eb40f4a9fbe795c49a2e0a23486e7280cf55f3c7bcbb808f734b7d218721a5ef,1,False,L_ROR
fa4b7f239865d643e0c0f7914ed69338184ebedd9e684463b5bb9be19daaf176,l_SW_BB_C05_A_SW_C05_CC,FG_1a73b01e45b7c3f594204f12b182b40c3e7258dff361ae3d4cbb4fdb2920d27d,1,False,L_ROR
fb36a9ac320472baecf2c71651d63812e51e8c4d9b4abb3865b349c43bf75cd2,l_SW_BB_C11_B_SW_C11_M01_ACT,FG_f900d958c925f167b109e1750f74b70c332743ef5dd5dbedf2e675d837ec933d,1,False,L_ROR
fbe11298eba1bc7e22fba6d3fa0edba806c95cbcd29b73900f4c8c219f079d18,l_SW_C12_CC_SW_C12_M01_ACT,FG_21ac0076b2e7eea9aff6cbe93bf050e1491c0bf66bf636a610ae60be5b27c5ae,1,False,L_ROR
fbeee2918fb0b71ddf90b41effc285a9cbe626bb5b2eb1ac66560e465c13f7bd,l_SW_C06_M03_SENS_SW_C06_M04_ACT,FG_7df55636afb07eac5a47589c17c30447a7d9845ab92b73d333515d3493b026c7,1,False,L_ROR
fc4ef11c39c55d0b6bf46e5aa4b152f12ce2e38b6c77d34165e872567df15e1c,l_SW_C11_M03_SENS_SW_C11_M04_ACT,FG_d21355c86908f5688ea96789db8c87681cec2c3268d1ce88579a5585cc7ff639,1,False,L_ROR
fdb268d8cc2782c7420b575c6a4675bd5b83dae01bc5b988ee678cc0d7e9a24b,l_SW_C07_CC_SW_C07_M01_ACT,FG_f110513d7307704af8e63696b5ecb23946070a7ee8d75ced11e53700ebf3fc08,1,False,L_ROR
fe6e727c8b2ced54ca4fcf0772225acf05a7a0840dcdc46001d08dbf00b0c30e,l_SW_BB_C14_A_SW_C14_CC,FG_53ef0edb2d4d669925525d6fb63683e721b19fa4da123c39a956ccd64b4de71e,1,False,L_ROR
fe7c277aff2a4f20653b573287c8fc124cafb314b5dcee57b67d2add61df2383,l_SW_BB_C02_B_SW_BB_C03_A,FG_85070583610ec117f872ef4348bd64c7a530a97fade47dc3e28aa6dd5923be50,1,False,L_ROR
fe9f4edf76a58236b742a3c53d68fec83a9b063957ba31e8ce2a9ac868e55204,l_SW_C13_M01_ACT_SW_C13_M01_CTRL,FG_4fa1f6a28712cdf52a4a166bc9b5ba073720b8c7dc861399ea980afa32b0287c,1,False,L_ROR
feff4f27d43988c241a4d33333efe352e458e1bfd2eefbe83ec04d5e327ad79a,l_SW_C10_M02_CTRL_SW_C10_M02_SENS,FG_4ebfa49bd96733a38e3f141e26f2997328453e9d54e0ba76535d60fb65a50c5e,1,False,L_ROR
ff658a30e08708f7d6a141cdb41ebf0f74161fc5b54661bb1e49f0e8b1318e56,l_SW_BB_C03_B_SW_BB_C04_A,FG_b9c947bf7df33d28dc80467eb87e33e237683567f9752a0d8a959dd8e5923b04,1,False,L_ROR
ffa6ecae092f6df85d937901bf2a58d826e46d472b3d13e35fc81aa1f064dd13,l_SW_C08_M01_SENS_SW_C08_M02_ACT,FG_95e4fd667a08820e951d0345e67a05ae729b5f664b7ffd61e1b823c6c616691b,1,False,L_ROR
