canonical_gzip_bytes,canonical_profile_bytes,group_id,group_size,profile_sha256,scenario,semantic_gzip_bytes,semantic_payload_bytes,semantic_profile_hash
186835,3889745,FG_8959e591132145318b88a24c866f83debc95f951ebb6114ae4e8047a299e87a2,1,3e4ba1e2863ddccc8d71114663b55be33f551156f78c628c6e2651d373b7d8fc,M_RING,186454,3889189,d6ac158f0f9638ffb67b9b607d45b3c47816bcba330928985b463a7a8df36d08
109152,2343263,FG_7a47a73156a6e074d01da0e2cb654958d12c2e0849f45e01db7864e91996528a,1,89c04f34303d782ed39e225bbf61fa7e99c787c740f5182a6f13b2a13a6fc80f,M_RING,108852,2342838,2e0e0640bdcec602ce7e0d35d3d28bb3df422bb7781934911c3d347a2475186f
172218,3757852,FG_c5b1252d4aa743e7801973194d09f19aacc2ec1f7fd30cf6c5e7e65716ae037a,1,0349763b7595b5af1513d0e8139a0a9c17054c469a3afe6bec4db95cf03e59f9,M_RING,171873,3757265,3393cae7d4422ee872bdda7541a42809b56570a30b683f4f19414fb38cc2c8d7
119682,2577911,FG_9140521eb320362aaa557f01e96e878f53a821b9b5ebfebf27b6dbc1a0747ddb,1,5063775a1e39e01dc646ef6bd3855ec458554c7a473e32129ecd36f889733abe,M_RING,119379,2577412,22388672cb6e4079050336ff6688b7f924f794962f36f32a956c5a57a0a83d4b
179233,3875526,FG_d456979842a5264de3b02bad9fd6d4d14288426702ab5fcb079e89b60c58d987,1,5d4961b56357b1b8d06589d60d735ca17b2a4feb7665c94a0c50a4f746c2a58f,M_RING,178940,3874893,1f544cd976b79627bb5fd333aedb531400a7974f753d6a14fa41ba7f5cb4c007
173245,3677040,FG_7ab27bc8a7a326bdf06da9139e32fedd01929e1f1d50725acdaa3a42906275db,1,435fc560a7a7f1204d4b8c65f88104da5329294d9ebb164a3262a741975bcb29,M_RING,172942,3676453,fdf51e4ce529d5afac73e3dab9511f833f7bb4b01909fbde2dcb7b08a3a4bd5a
114108,2454970,FG_ef89c77779ffea4c98d98969d62fdd4322b39e49c1dda6611af1a60b3eba54b4,1,7ee3fda370958df4c95d14d52eeb76d1c9a0327740fa1f88cd9d96a4a94f0b79,M_RING,113814,2454499,78581550c7a2b4d5541aa2b8439308a49ac82a29e172340c15a818684d1f08c5
180783,3799274,FG_df88e2185724be45cfa72ad1b62a54be5e5d8d38147fc75d254e293608d6e648,1,785f61086324e403a64ba1900fda1c4720388b4d533f47679267c43749ae51d8,M_RING,180435,3798764,a0275ff38da6166959b1a5d8597e0d284ed4b4166da60be48817b5642e4e68dd
167565,3650811,FG_a06f104470df2e3ff235818eee85ead6bfaa26dbf4553441c703c835495fae72,1,cadc87811aaf7505476e3387af9f9dd0603b3f9b414adae9e41b131768bc8cea,M_RING,167224,3650270,37b4b3d69b32c513daea03f7bc9a82bed7562a7e156fc38cacd36735e349efcf
119822,2575833,FG_c6d9ba5c3011839862bf8f0671bcda9d55e3a32983a5ce7ba3b32e73cf8e4da4,1,56bae1e5e51dd4ca86895a9ad396e57635d53d17b7d20440f2aefcf952b142ca,M_RING,119535,2575334,d5e6ca0bbbc6cf173f58d2569cd7c0c54f950d22881875f02848285954dfb010
193195,4011687,FG_c01e3e28e52ba20cb8c71c3e28a20b9bf9acbda741b00ddbcbff84e886b685c8,1,b25365361ba40998bd782a96a2802c888711442d1f8dd2fc5606bd8b827429fd,M_RING,192879,4011085,b4b61153f61fb5af047c34fcaa9bb1a233cc033af8ccc3c8bb58f2597c571cf9
187528,3860985,FG_45855f23152bba1b49eb5a93f38c932df607c0e3770e2a8581b60674fe178e15,1,2f2247ae5886b295a4229750aed0d19dcd663290f33168da30b8117657b05f1a,M_RING,187191,3860429,aa61257f25954373799520a44f3960f15a5840c5baace58d3101ded5c84cf1e2
168512,3648077,FG_8ad9319a35be702609ae77a26344e8df5da7898f1a254c36c2726dd8a128d7b8,1,aa29f9157da092fc750cf097e848289a60504d4c080091f82bf6f6fe2b8ea615,M_RING,168238,3647536,41f65c5cb0fba42f6ccad15defcda3aca5b9f5212c4cbf9d6e4d37f61c0f3381
101828,2240562,FG_172e563e402881c79bfc2b8b395877b292060f08cb9a8911240b9f43a961eedf,1,fadb7bceb79f2cb1ae7f314c1e8b313a39be2985f4d676d77d60b37234abf815,M_RING,101539,2240198,e47296be07aa4604a7cc1691bb7f41a45a27b3e5e94c47931ba29c86f40fd56c
173768,3763160,FG_e307f6068fb2f01cfcdae1edde8c2b1002640a3c3cc9ff2ff8e6f660c657ff40,1,9b1e198d81cc5fca5b1d69104865386e3de2bb7420d452e1ff0f716062dc6271,M_RING,173422,3762573,237c78e9799a8f51e3d63f5390e19cf481c9ab26035b812675dc9b6eaf80608b
108982,2342614,FG_76916043073bb9412b9deae3df641d54fdb5ebae0cf82b1a4c775f25843122d9,1,c3068d85fce31c44ee05c4056b296603384ca101ac04f38bb16fd1c4402bdc71,M_RING,108673,2342189,38539c5a529087d8f24514c293327983b2f17a5cd8698a2c99b822a02b20869d
101944,2240347,FG_772ab37dc3b8f66efb1a025fd995fa752a85887d1b4d696dc2f80772393de768,1,6e92b567f08b18f27f883c1de53afba2173a3b8959d6ba40687cdc3acd43d1dc,M_RING,101651,2239983,e65f6f72adee5d8526dad3b7b24d54fb4a440e207ba771d8077b27c1c087b10d
178006,3883407,FG_456396b4ea00b558f60d0ef4152ac25975ac520491f354aca2a0bd101863a47a,1,d9911c42e09093b46d920c923b3e8cb99308a0fb46c6b71d1295ccbd15055192,M_RING,177795,3882774,29a08fe5649c9a313c6ecf67bb029cd28a6b059d0b395e09b6c1f972594d169f
166534,3648806,FG_d7806e5ea59fe520094ca30c0798ba9a7b762137da3ba9e7feed6266c7220428,1,0fb6afe01de24c608bbb146655cf44f3eaae0b8314706ba74e79d80066fa2896,M_RING,166237,3648265,12985d6da642e5e34bbfb7a58ddbc1d7d475085f5b80b5339917b768e74871e8
119764,2577332,FG_f110513d7307704af8e63696b5ecb23946070a7ee8d75ced11e53700ebf3fc08,1,15924db656e87d1a9aedf6d090dbfb78956620711b8b9f2f4da72c8391ebbdaf,M_RING,119444,2576833,14b9274706f3ed3e1959cd059bb805175b50c498d485870c1a002efb435a7938
114177,2455139,FG_2bee220b3c85cdc2e978f422cdfd7db99a22145d2afe78d5e85561e0951399af,1,ce64d3f332de710523d76289e49ee62beae827c78e11eef6f336ec041fa603b0,M_RING,113868,2454668,2163d315ce7db35b62066aec238ae128b284fdadcc62cb0862142e7e22e74964
179789,3758236,FG_8d0929d92437ee8982f3650b052a7f712f3c8e269766151ec4513c637c6a03b9,1,8bb5f88bfc75aed658ea5e9a1bba943c328057d957a6ee4946176bbcdf469c37,M_RING,179474,3757726,ffead7501cb6a1cd5840c3d5a7a098d66def790abe4bda0ba4998b43dca25a07
180095,3800402,FG_3036ced88000f2b3664c70b0d47f726bacb5801866655d0747ab7df723d07362,1,6ce09bd0be67a331434407f1389cf1fc6e71b34d57f272ac223d79d6ca4359fb,M_RING,179784,3799892,b53842adaf4077774ae9d94bd78aa961c70e29cfea7c506a5b767139f2e9a912
192673,4013679,FG_f65df16aaa75fd97a9d3f09c02f7698dc8e103452bb7f777c15badf9481c2f7e,1,8b438499c843dce3b80ad9f408d7f0943a0f2391ee7b6aaf6742f3c80ebe0aeb,M_RING,192294,4013077,9e53f58052e3f5f5975a37232a2e0d5baf967277d5705bea80ef2fe304b482f0
193475,4005446,FG_1e36482a40cfe1e97776b9624660e92e7f4c24e86d45767dad8fc1c7dafc5266,1,2d44e82c29cda8ac11cdac62f347fdf33831a00a7f58d2f81809c7455efb2eab,M_RING,193174,4004844,b37ecf27c9a1cfb22c5bbff302c02747fd7f20a6a96ecd12a6df6ed40111d2ce
178719,3877098,FG_e103eec878dc453820469fafad529c2dd25069bbbc2f918aefbeb167d2328b8b,1,656f0b2fbfdf6a788c8e6e1e8235e66c5e0a410c82ccaa3166d2bc72ebdbccba,M_RING,178389,3876465,c80d8c32a66190e5555eb925bb6ea784a1e5639e636ffe00bd02ace8f9189465
101811,2240679,FG_b3944e48e6f3ae203f0ace5c2cf35408fb585c44a30aa2e324b99e870b3f24a7,1,dc14b0c34c65e5fd9a9fae2526e31c0357c8c161486cb9a768f12d20774cbfca,M_RING,101537,2240315,78db60a8447d437e129633a1c154ce6e5592ea67415756d326aa6bf9c669fd12
108947,2343174,FG_becd6af23694e9eae95ef53da9dcfa444384f03994afeec2a42f296adbeae97a,1,952f7657ffe81d969342668b4d512462136e88c8bd4daf0f47de3bea5659386d,M_RING,108624,2342749,71dd395066db940c26ca5b6ee133de6b4ee16459030be9b1e14fed1ba48f76cb
179921,3799980,FG_66ed1d91e865a808a20a7d270455e4f9657788853ae110f48d66ad8feea23d7d,1,9c8a6ee709511a0957be8f187756a214ae8513b8832fcfd2d365598909695c2b,M_RING,179607,3799470,f1ceaa7c64e81bb20e285a93ab62a5a4ba635c45f43bc58201f337bdfc18ccff
180605,3800383,FG_5639e4fb9a3128ae3859ecc36a5d7625da11f1cc86a3847c3e0cf51216465e7c,1,28864e11710da3222631e285060f66a85dee4b3a1e53fac7f38e574871b8f1c3,M_RING,180319,3799873,ae04ee334c44ef717e9d2a866e37439b1fab087e9fc96316a62ba726cf2c6949
177989,3877621,FG_ca3a07abf0cd8bc3f3441afb10594d45377f84bd77999ada6d863a654e8df549,1,2e836c9b96fde6382b8fc302fd4a61507fa943a2650a01d96a2d8c8e3677d04c,M_RING,177627,3876988,5552a34cbf23ac8ef10679de1d602d2241d10f4a8d3904be303d87a1bc8d5b77
173019,3762429,FG_ea06538be2ba175ac5b35fbe68e663d170254061e3419b867269b6744689ea8b,1,0e9b5fa3833137937cc503deb7c5503245a9b27548030e62d875cd5bc9d56cb6,M_RING,172762,3761842,274d86c94cc34b45bb7856e3101a152ca379fd88968658039062ade16d5b4c27
120014,2577150,FG_57025b813be7986fe8ee11992ba4baddff07171e50e78bd20b9ef0d9d5dcfbb5,1,1f40f7ddb542c8cbec36c6a91e8ee8bdc59537935534835c8dd69ca0ebb14a37,M_RING,119725,2576651,350f3ef11ff00c9855d0fa08cf86924a1c4038c0f5a2f243f15f654de429bac1
180795,3797515,FG_9633d9a30fbe785643b4029fce243e4201d0f71e17ef10cd6000cdd3f3851e65,1,8bd2c5ced487bae1be1efefb13c69ade9e3c27c0e64b4650780bd7f6d438815a,M_RING,180494,3797005,eb90bc9d069bc5c5cfa490d207516d212c56938edc630d400ad88a131398a565
168318,3646720,FG_4f6a2a26cff45c3a134b2fa9b8a4124019f34a05958f248210569853cec90644,1,639eb0f325c8ee7a01390c804a55bd97bf603c8d84eb8550da90446c1c1ec76a,M_RING,168097,3646179,7bf904111803a6862dc0df784b6aff9d499b0f91ec56feeba9d6621548936ea0
108827,2343020,FG_78836b452c8bf72b27c16bb25be8b9e351853cf95bf53547f516f6405d457019,1,25fe2ed626fc465570d111f42e7d7a4969551723e5f4a8d1155be578d1bd17b1,M_RING,108500,2342595,2efa8acc2324013a0e40717a57eee9f5bc4faa13e41b291cc2210d526354b1fa
108566,2343309,FG_86db16ad9df9c6d508e28cc8475e6432ff590a332840473ccbf68d97b618a019,1,386b93cffb04b1cac44427fbe2dcec920d6cec8eb98a120e90f9c8779d8eb83c,M_RING,108244,2342884,fbc613ccc7ab90a09274abad6c3c3b319b013f28cd6af4b4d94eeec03406ecc8
180021,3797297,FG_d257db3478903be6605fa7a888f48be87bdc778396b287219f8609145e212261,1,6ccc97935f376663230a8e29e41f25a67836f21c9625c049c00391a3cd608159,M_RING,179732,3796787,76f23ffedeeee65b293eb8f41acf9f2fe02a39ffb31e37a40f89f276d98ecc87
101948,2240732,FG_639a5efd8bbc18155fdf90eec17430bdd622e1f6b8960737ae6a04e69f7a2c92,1,4a9e70c8bef185b05a50ecd9046e8ef509000da6c7ed7339a123d734b5b082b0,M_RING,101659,2240368,36156020142a4f4f883fd4cfd1e78a18e73e73f7d883c11daea12bd784ee3202
113967,2455372,FG_f8ff3c1d21cd460214575a5f3f9318fd891d676b0b1beb1c76b03c5848496586,1,b8c803290f54aab4026a3d28b8c85c8ccfdfc86472389c444f2474efb687eeef,M_RING,113666,2454901,557d3a386dce6f47906da1d924c68b53ffc1c7dc88a4972c1b764f65a962a655
173032,3760270,FG_faae5e438295c2c7e769b4cfe49cb6388c03bd4f6777d43fbc868b8ba2a55860,1,814def65ec13d6eab80886dc8f848d51caad2b714031d908789abb33e7e2aa5a,M_RING,172745,3759683,9db04009d5bf4432031df0a867bfaca3d42653b79347f42bb38b4793a00ad625
113983,2455694,FG_95e4fd667a08820e951d0345e67a05ae729b5f664b7ffd61e1b823c6c616691b,1,def599e018cb724b8e89441f9a34a65993fd33241b7ad3e93550fe92286b43e0,M_RING,113683,2455223,d64fb4c9c3bc33c6290d7d654261de914e107e8f0394553f818f7b12f159414a
193201,4015993,FG_61972511da15de3d11e2e42f2216cb6ec01919c24d83878b010acebc354c2711,1,aaa7d59eaca88f72f4e89f258bfade588b63c6e4cfff68b4e573c792e8153a7b,M_RING,192866,4015391,3d011797cb2db32696739b8123284df3015c4c82fdf49a90c5b1e49081abb7ec
192601,3994720,FG_576cf60774d0a6b0da96b7ab3681365dfb8fb36247406ce8c8bc109112ea5ab7,1,7f1f066b4467befe644c99da5f47c5dc467a2aa032fad132f2f11df94bcfd2cd,M_RING,192297,3994118,81c73d59ff04bc7589244c30ef7ab40865f3500daa5aa1f115f1647886e281a0
113910,2455286,FG_eb796316dbe318de4a6da90a9b572325e92131187575422be9250091f7571ffe,1,aee986c5e012092b4f33d723fc71e7f955fa92e0eeca93b9943278dba999a2aa,M_RING,113613,2454815,e6210b748522a415d1933d49b4380f11cbe6fdb1dc80293eaf1c50cddf9b6191
178866,3884178,FG_b991bfa4b0425d43a203401fa97e0904f4e6e88733c6c11c17160a1a90c84e0c,1,6c755adb7e9ff049903485f8e1b6ed3ac2049c6f89d409296eca118208b205d7,M_RING,178595,3883545,0cf3f23fbf5fb1bf89c81262aa04145c1ec108a2ff82f435f89aeb6e0c3c4743
120118,2576243,FG_246e7d2fcbd4500605648c06b6b0ba6f37d7772737977257e1b1b46c44953351,1,018c56eb51b826abc41eaf95264c3ad168b64a10ade47d2534beb10a819b6f08,M_RING,119841,2575744,ece989be5abd7964e184f5225bcb271e6322ea521fddcce0928d660ec9343f34
193831,4013509,FG_90629c54e21567eb4a27dac93a60babfb0c8e50fbb816946be1b2c9a89e365b3,1,ec6957ce426b846b777741ce071914dceef6ac0c6b35eefdb56ad24d6c2dbc03,M_RING,193519,4012907,e6750f3e681ca0b49acb61d3734f22af920fca3ac6ecbe6be3b3d52a1fab2910
187540,3899093,FG_986c4a2a59e6fc15c35e37d718ee5a1280833ead5f6cee04c8ae9d56e078327a,1,f7d60f9b6abb50d9ea657c6f01fd7615ccca88434f6ecc6fc1f84094bce0289b,M_RING,187176,3898537,cfcd6dcd4bd15e9f301989ed4786ea4cc30f70389bdcbc448b808664c21f48e1
167847,3642501,FG_bd11aa66f3017820c1e48d0d042ce5a8366b95ef1c413f0d0b9dfc6350221ee9,1,d437333734f5cb244abd704bb035f567150125ae0fb91524cfe01c09fb3ab60c,M_RING,167533,3641960,92f72e6b958f6cb29778297083d8d76e9ec5b40038793f2b26998222d45fa8ef
168182,3643694,FG_823757b5feb95ea70a607944de0a41681f9c135d32158f45ec3861e150432c8f,1,0c043257b38f82551c47b5efe158f4448928f09e0d74d31e05cdf87db933a1fa,M_RING,167895,3643153,cc91bba6dcc67b17824b6bc4a5e9ccd44c8ed6032a3ad1efe81e01357cc2057c
166782,3648442,FG_d088460597875edfaaba1660c68df22e7e337b286480d583ca3e87153cdb873f,1,58382197366d2d32d32b3e3ff14b33987efcebf943ee87fa6a86c0df082041dc,M_RING,166492,3647901,88658eb67b09e11cc38727125b84a513062b3323224992bbb00ea9774ffe30fc
119793,2574945,FG_69e1d28d04d7669cab5ce4481b8683f065ac8ada72ce85ddfd104771a80a7b93,1,fcabf2a3ba4220acdfc376ce5d69a0293162cc137e32c96f36f1857c78c35c4c,M_RING,119512,2574446,3e67f409c21a3722cc2d3ff847b8ca426a6d5e8f6c0cf93b811fb771fc88219f
179445,3882646,FG_0dec9985bdef2c47086d4cc1e151da9acaffba38f70fd2ae37c1feede3992c23,1,0e3fb7a084a1913aa2ee074fab8d41c59d864a5954a2239a3fd494857859dd9c,M_RING,179156,3882013,de3ee566aac9740ed553d91abd0449ade3b0037c8d3559a8f0d96e4a7aae7e00
101924,2240341,FG_b6e15341c4a12b0a1938ac1699d6362ab69f337aeef9909a72595448b644e8ae,1,21cbb7c5d7049eb6a853a782fc8b084380abef7e2e8e2cc02abfe083c5731e70,M_RING,101640,2239977,035a6ed4db210d80de17386e57106e7b2d104620b53d2db5f023c865865e2854
167622,3648041,FG_4026342baa0152c2388c51cc828a3889a012af7597a6d0a008174878233bc248,1,661970a160448292dda209c8a0082d7a4b7f1ef72f0da0ed558e55471cd36213,M_RING,167403,3647500,5784a8aeaaa777810fc8f36720f7e21625e13c0fbd8a86300fc6cfd329eae1ed
172499,3753686,FG_ae1ad26f1eb1f2d82bc6f79180dc9428cb3019ee9a839f54a00133936b1ea3d5,1,877a1c11ba7d37cc3a301f1b44e502f83cb1af72b5039338e76d69c0461b308f,M_RING,172108,3753099,ba01e472fb13e225309ef28016cb1b4067faf0827bea89efe4bacef0d7c9d9e3
180577,3795297,FG_9b20bfff5f8ef0dcac8ae754cf9f572ffcfe63074e0eda32e150b6879e9a3b0e,1,9045f2111479ac10c86cdb3814fc08937ab15facb5aa454757fc3733f9ffd024,M_RING,180311,3794787,321dc423b7c93199aacb666584f04410c650024d750cc987408b9e328377129b
101946,2240553,FG_306bce1f02853390be9d5b72799eecd28f34435e123234b1618df22e26bdf331,1,9139cc19246df06468c3b8cf5b598df9fa5b2fa69f5a131785904c0ac51db857,M_RING,101653,2240189,06bffdbcb93ba7f66f27418e6f605383232f4deeb4b08f57efa4c90793bdfac2
179127,3882699,FG_655088bbc460dc03b14f14a07bd2af7f3d02822f525cba167e321448cc97e600,1,7d0273838f0b9c3ee3a20fd3040acf918fe19348be62f5ab2ba225da78b4c1a2,M_RING,178800,3882066,b803c595b1d38ce3b110d0ff53d264234afbbf3616438361eae8255d5adb982e
179021,3884225,FG_6bfda7b88a7c4af4f5a0b321591662d88f8ec7e3a0954b54e890e06a201f3d6a,1,61a867544a694d3f5b32c3aeee349489d2cb8af95536a3a34b547f2a140d0f09,M_RING,178717,3883592,a157ca858ada91898989b7d777722b39ba3082f2a49f91553278cce90aa261be
119758,2577693,FG_fde3828f411d66fe77521d637a48cee9bbf9788314d8f188e0249f14c194d3e6,1,d740c6fc853871db98aa0c7264b3a7d262e28a805acff36e20d5af0d7ade9768,M_RING,119489,2577194,4fb9bf1ddf8913be3cf006c6c8adeaa3e415e126eff835622cb3d4c525e7b9b6
173071,3757117,FG_16e3759aeb6fb4c7081c1d95b5ff8740e295444b18a183aff19deb22dbb1415d,1,5ba4b2314111c2a27e67b6a6e05934978279c625cdd70df5744a5af7e7f1b143,M_RING,172718,3756530,39def5145213ec476e61815d7b604102063a770c3e4c777442e12755a16ddf08
173460,3760621,FG_9a644a65e3cdd33acbf627e1c309f96ee4ad9afaba0eae67db4e96eb567966a4,1,189f4aa34d7f0f2605e5089980d763dcf83a5048d43e90697edc2103856d3d8e,M_RING,173082,3760034,46f98e6ece5e01ccf922d4cb8769226d34e925fb345f3a4722c5be5a3657dd01
114345,2454090,FG_3c06ed357da00f699dafe573b4e85752ce252d72d40bdd60eb114a8285e1fe18,1,69452c8e17afbd261c48780fc4c22447bc2cd50da143d8f29393a8646c22891d,M_RING,114060,2453619,cd7e1a6cbac460e3f12cd7f285f65be013fe6e65006a1af0f198bd722c671ea2
108876,2343148,FG_742187827015e3f2cf01b685008d043252761f1d6549936c398b5f271b59b17e,1,f1cd2837ea29d0fdef977c741be3e96fcea08dbb6742cab1d4b1a771165a5714,M_RING,108562,2342723,e58448d8d2f95950201342082ebe497d84301e8e924944312c00d97600a64842
186376,3887715,FG_95d251784775a3dbc51264dfe575c1838808ef03388a2e7d111f793c6c8fcc30,1,ffd728936f121042e8cce82c433f0904f51769c2ba29e1e4cffc9c6059c6b82b,M_RING,186074,3887159,c8db92290d848890ddddb8b41c718edf7def649becd9878cce2645ecdf74c581
187212,3889926,FG_1013dce6df3e6f820865c610819c0888926902e2452885e115be4d5f2467e2aa,1,c37e1bacf8d67ddc7f6ca697c342d0d0e4e7786083701031cc7731d0cd868f99,M_RING,186859,3889370,34f0bfc57b4aa684677facec36466011c6775e93a517a16e93828c5d140d49bf
192640,4015733,FG_9f11aa49a42d2ea5441fe8489ee4626ec1316be0d2bc4bd84b7e8e0ef8729040,1,fbfa81ca92570316983de31aba9660e004a1c4b35b1464d3ebcf4ece275a6a0f,M_RING,192289,4015131,df6b96bb0530cac973b76e27c13d91014a337fd96de2ea68ae9e1be2667ad824
114274,2453271,FG_9070848c1d23ec738e415fb8771038e44a7e2f657fd36dedcaa2224369ea2f01,1,2a270faf6385b66d84e815047492b0cde14c1ac35a1069e1942259cb07a8b99e,M_RING,113956,2452800,efdea85436fc05753be7fff7d4cad99602462b9ef5f356af5b6e30003cf47b26
108941,2343087,FG_316a3c0e7902ca89a1d84ee9d6bfa6bfb7c050018a5e53bb0344a45b9df9c128,1,d57671134219fd358808975af8511bc02b98ac27cd6cdb72bbda6db689dea86f,M_RING,108635,2342662,1d0fdd8ada1df65d24b3b7eb9d73feae5c5a7003fcf3ae50692b7b86e9cf8ad9
186845,3863927,FG_d7478d68c75f87956d66f3e2acd6beb7d4159b7548c3312f9880089cea6af8f4,1,491ab938d5fe999d23edf0a7bacd4d1d19a11d6de7832322bd37e3295a6ba4f5,M_RING,186476,3863371,480a1ba1d00e3c9f087d1cf3487eb785fed8d5d61cf457b48d5b673f533e0c42
114201,2455230,FG_c446fb9311c9ecf14c8bc190f308c12508ad765b0b0ef6944765986424c59258,1,0c76d69810a2e2a0b90690055713b4138f870455421544cb0e8b48c5a6303c08,M_RING,113903,2454759,bb3e8d800e8402306ccf3f78a3b6283ac17617a3c18e46f7677784eaa63721a8
108989,2342419,FG_7f1128033ed4a67d70a91727e241646f9f0ad316faf0d211fe16cd6f5839d72e,1,602940bcb27b3a1b8a0081273a7678ac5ba2002d39efff02069c4422537a1abc,M_RING,108675,2341994,63e4c101d5e08b6b8a0f43ad9861f1cc6cb5a05708cf04518cba0d44048315a3
192956,4000430,FG_f0dfdc8329ae8927b7575c6d51f044fd440b159ab758deac51096c30a7dea44a,1,1d9054fb7167e16df276dab5d6e36b571126d08c2bc25f1635b40818e134eb2b,M_RING,192637,3999828,62cc09be769037425307088744a932c2330a5965514346afe50d2bb930816435
187322,3901091,FG_5599c3b386223b8cacbc4019047a550378741cbf7585980ecdd6525b826e1efd,1,96da98eba00cad7aeb0a3dc45a6d00ae42294060be59a4b5267fe4a3c317def5,M_RING,186924,3900535,def58bddd7ee24b53b44fc9bf758a63ca83c40864470c09d8aab18a0a95db75e
119820,2572322,FG_506580afffa6fdb9daff2d265c126b6cfd0127f214b3c2aba7fd7b43061758f4,1,545f9c290e0ff571d1d66a6734caaf77959456f5d1766b5cd0156f693f6adbb8,M_RING,119556,2571823,74abce4eef2c5cfb36ad49158387bfb72ea92e5dd2492b89992bb2d552028f7f
186459,3895024,FG_7825a1cdc7a07c19ce2789e19d35889c24361360f791d428b50e412792608393,1,352781e94d37ba85fb43644934cadc869384330540cff21168cf9d769b0d6a8b,M_RING,186126,3894468,32ddcfb441914bffee62b4c64f958c62deb67b31a8d632f708149008330599c2
101861,2240264,FG_aa1776bf159e2bdce17e5cfd34d51c3cb1fa57b4e36dec802e52a430288a6cb0,1,004dea180e47a70d441556bdcefc0daefed3d3a81cc3266870532b96ab19f3ce,M_RING,101576,2239900,3db174b9cf8a957e0b165241842cbaac65db4f0446998c2c8a67a77f60702eb9
101875,2240205,FG_7aaf0ce6c7feb51589507af25a0080312369157e622728c9ad2c35220135bd60,1,063c1a5d1f16418a83266dbab94001cb4f455ef306d1ff1202f1bb2d3c5f63ed,M_RING,101587,2239841,f0ee39dd1f77829a8d533eb8a133785209c26959ad4eaeac5ac86165c42184b6
119595,2915008,FG_1c42df2ef5e5e565da423dfa4a68ccb249b30f3df8bff83723fadd811a699f12,1,a8d7fd13c26efd5187ffbac3411a3107f184870f1cf10905c5f981f305e95a6f,M_REDSTAR,119330,2914553,4f7feb51cb8afa973df37416e4a549bff5712bfea6e04c63ee20999d4aa3b497
119736,2914475,FG_6f4303c40171c1ea07b33e8e151405b94366791ae71b3ef8da3c51f865e3edc8,2,85f6e17fb9124597323119c07c8ba3c75d293ac3821223569125c21d3b304d4b,M_REDSTAR,119385,2913843,6da603ac21ea8bec6b50e5dfc551db1882075afba23efe98421b9ad3add0b84c
119643,2914690,FG_57b9be671dedb3a38d5f3d485f5d27e96bbf08839c52061307ad0eb75cc36e79,1,ef63c6bb0aa111524bd3c95ca02a908595c74df0992bb572e162673479e96b22,M_REDSTAR,119361,2914186,25eb8d8181dcb528c28ead1260b2c68f565a78b0f7fe5d383e10e1c57ae77709
119649,2914682,FG_c80afbf306a23853178c000caa1106a80504fae01645484573f30e52fd5fe500,1,acbaf4cfc2e41b507d882863e1a7c0d0e8f0591e34bf3bf159f015d6cdf02603,M_REDSTAR,119374,2914178,ce9bd39a39d4f72879ad6345711c2373d01296676da64eae653797592e2c565d
119546,2914351,FG_b25f4fa1aa58bab7e2fda3692ef0af775e3503edffe79fc03eece8d51d683290,1,46d43487988fc317d0af6c2ff045b0473e524ed1b1edb9a3ab6ba903c831bd0a,M_REDSTAR,119257,2913855,e94c65afcba3d9f08ee337f6f5c02d61f689140e516f51c8e4092eb494b83890
119739,2914475,FG_cc2b702fbbc28306c7233fe292d137798ac93629fdae3bf3468056012f2aef55,2,f5f254ebaf36dd49e0109491799e61b98916fa634b5550b6c682aa0a3c2bb214,M_REDSTAR,119386,2913843,296b30a6ac8386d8f3c0ffbd4aabe6db24740f4bf7f8aafb5e7015edad942fa3
119762,2914471,FG_220d31e838e49e4fe7ed842430ac2de98b5fe845272b8a4c6bcfa7c1ff8cf999,2,4d4a6958371fd57d21115725ba5228a03a392439e32fc99994d217b34c59b0d2,M_REDSTAR,119409,2913839,d9d43b25eb693e351e26dabbf6dca517f5799ccaa34bfa81c6212f46e62c2f4f
119662,2914756,FG_636f14e50131657a037feadc44c81f0bdc923aa25ba6c8fafc8d9bf4ffa25ccf,1,bffc7ecc204ff709a1fd0a01052c6b1034a2ccfe3068c0065f4c72629bb746d0,M_REDSTAR,119385,2914252,f65521593b620158e6e2d7409784d3eec7eaff03b2f83e6a4efe7f07224b3276
119593,2915008,FG_db2ecf5b4b9836444ea46414a050108eec6d4df2e8b7e4d848b78804c526e767,1,2a80f2a75a2303cfd6998b8c3f3c4c8dca1a197d056c9a04441a6190efa75801,M_REDSTAR,119328,2914553,a68073902e70bcb54c93588ca838fbcc727f68e1ea56aa52b4b6e47c15245376
119593,2914363,FG_cbeda9b9145944eb958685261e8e1c8f362ac80207efbdb780b498b24a43e537,1,7c63dd1429b9c9fcefbca52d1df89138aa09e7664f36ca8b90ea1024c8c16516,M_REDSTAR,119302,2913867,584250f0e55e5d7005770dd39b7385a74edcbdb97d4bd24d3f500e49831dacac
119660,2914746,FG_c70f77134f35989d9914b103f06cc85af8d2dd7dcd216e6af4ea2a2dd305053c,1,7e217c0fb93e7150f1ce4ac6e602660782cfb4560ebbc194b46c361c4e523596,M_REDSTAR,119378,2914242,97e26cab155fac78f32022c1c4cbcf75cef1f2dd74fd7f4b5752d10063dbd878
119588,2914387,FG_80f13510b09929c8dd118c19ee4063ed1302255670d23fb163eebb4c32c3dd46,2,8dd08e4b59311e2f3271592bf24754ff10abd42c097a058107d9116bb3c934fb,M_REDSTAR,119258,2913857,90d275c5a551f287f0333969055130d2479b1b8891681cc350f9a7b5e76a9baa
119762,2914471,FG_df73eb65eec4548f1567afd20409e71a1f65b05b32cdce53773251f57bc0819f,2,4d3a2cad79c2b989152119464a0a98a8b12a08a61c3056f8f047c57d962e2f5c,M_REDSTAR,119413,2913839,4ae727c4e8b7654a28a5be3663052696a6a2b72fa77ca9cd202e7cf53b78b624
119593,2915024,FG_6fa8c4624be82e6d68c69a55fc4dd7d9fe0dd12f5e793586fa47d1c782a08ee6,1,51c4cae39c255bed5f83d5bbd6d9293042fdcb6fc7c15515dfa645c4bbeb857c,M_REDSTAR,119326,2914569,14bd2f83199c60acb7b1ff7af8b6483b730ace772b20de6e6948d5ff795a2e1e
119742,2914475,FG_0a9c1c7301f756c8e69bfb952c3fca2de9a76c2504c9000080c6aea25da5490d,2,99ed2c288730e23565bbe295c70ab7ab99f7182ee89d531f989aadb2527e9d9b,M_REDSTAR,119394,2913843,e3e6b641f23e895ac761df6bd327a9c7c759f1a8140175391225a79ae9890b16
119638,2914700,FG_6af6311a574a795a25c805d7cd59171d4f35bc1dcd939a9951140227b48ac2ee,1,fd5c53d54b25bccc3bfb5a688672edd907d0393dd7f096508b54a4c703201e06,M_REDSTAR,119358,2914196,beee430db3a67fe62982893182ca042e3e6a8946ef64fe3da238eb644da1df68
119599,2915000,FG_30531ef99102a7183f342d9367aa91591d39c8c515eb7e8398448334587b4c5c,1,464b4e2d9812d3cf45a548f1f08cd6fa53169ea5c4ae5bd4b153a4e2dfc3560c,M_REDSTAR,119331,2914545,49da4519b56efba995362f20e973ee0ae9542a30a6cda14c44ddba69f9d38220
119749,2914477,FG_f028028ec5d0b325ae7e5b91ad34f6b65d103a57f35145faef1dc69b9dc296b0,2,2b36e4642c40f31212f97d5d18260b5bdc61d567952bcfb37b46aa334724f8e2,M_REDSTAR,119393,2913845,b8dd118a79ed5c68c4968296baace0de6a1a8875b66efde2d4ebb5e407da0222
119612,2915681,FG_744f7f51d89520dd3692eab55759d4e8711e2aea21f0103997994b78d1016030,1,0fe9b0926b40cbb375d7720fa43963e396d671e51ac9ccf7fe49de7f9e81d764,M_REDSTAR,119347,2915299,3dcb98d943d2265f98968d60ed42957ede40c95791ec10e85ce581190e2a4636
119595,2914385,FG_4d506f776de6863031c5df660bea508d7340732e02ea84c47d33c69b40bb3a73,2,8fe13a90b5b4062cd1d72136de2b9f0fcaf88b2d0f8272d42e4216835dcdd11d,M_REDSTAR,119265,2913855,90d8ab2be2ed80b85f2fff0e72f557b791106a4a3cc6172973a1513499981f0a
119747,2914471,FG_ea2f24a23c6cc2e00e6d6a21a476548170857d3628bfabdfdf99dac3281d4684,2,d4f5f0b5fa21e55a61f87392ae9902f2f73ac526e4f54919489cb0447cd19b06,M_REDSTAR,119401,2913839,c199790eb40e51c3be90c1a80398c81dd5647ff2d31eee71e86bea58d08e562e
119605,2915024,FG_8dfcc2f706a39aa0628904a107187b04848ad3393172a93a915a9d841a1d0519,1,935af6fab0b04298c3c0f53120503cade3015ee2712f1a098b93a88c11450b05,M_REDSTAR,119338,2914569,d80c5e6d588ecced766cd72bfe455a1f42c63273bc8b272240b3f0cc83780e2c
119740,2914467,FG_8082e436572b7b5c02408b42938c75cce1706dc08d088708d1c2c5e7be58913a,2,e827ebcd07e077e4c5ee122a541305e5251f8eec17c9bed25225dba22bfae472,M_REDSTAR,119403,2913835,61ff7589c0a24cac24697b5381d683373939654a07dab404e76b1f9b92a624f0
119584,2914389,FG_0a459d6fdf78e09523cbc957d6988082c9ae586b2024544559ab38e4d7915182,2,3e14ac4df3a0a42d86216d438a3b60cf77c7098389ca88686310839270441ef7,M_REDSTAR,119247,2913859,b84257425f4c2bea184fbde0f9b0df234d984437142fa1dab817faa4ccb8c472
119631,2914696,FG_e572e3fa6ef766fb192b904de6db67fccd40ac83babd6e50824410d1805a6802,1,460faa7dd3c10d228e407420e86da4074b523028f24fc85e8254309b28c0cd64,M_REDSTAR,119349,2914192,aceb3cebcf5a8421512f99537690e94895536b1a9c265fc5fbb5c83abbcbe27f
119584,2915006,FG_49f39de800837aa0785789180b5fdb750e07a2250aeb892061038cdd8c8b4fb1,1,1d8e8385fabcd4880d0ca3311ebec793460be8f34e0dc08886da9a49fc0ed173,M_REDSTAR,119318,2914551,0c1e15f6a7450516df491b684903f7179d7d0c88dee30c628c64c3ffad95b3ba
119666,2914674,FG_d28e5376c99f1646e085a266945023aa3d2c44a6e08d2d4d3bff4c70513e9cd8,1,d565c91f4ec3ebd89ed023e29aa6b5e128f69c4c16c6b0f0c5d27a41a1b56033,M_REDSTAR,119386,2914170,b75e632f794d81254136c454a40898bb85468dddfe9c63d229402ffb2a1e85ad
119583,2915016,FG_ce7ba8a81417f2ba00e77ee307aab1f473da6f6043cc1434a5d2cc755ae1d232,1,f3fa1770cdfd741625e229140b9c27c4dcf74bf9e9755ba85970d626e0ae7f96,M_REDSTAR,119316,2914561,d5376225f5844b1f679df584f95aceb389b64efd34e49541e8bc095081884bdb
119752,2914473,FG_3342a1f7b7d67daef021451740e0720499d8b591b3a5bada6d9d89ca50af641c,2,f920387fced11fe7148635c6b9025623ef8807b8c39001dd0573b878e47729cd,M_REDSTAR,119404,2913841,ec786535fdf503c92d088ff945d38acde1e4ba3f2e15235861165aa30481af1c
119750,2914475,FG_25f4f7a172c60c26f4b799ed069335a9d462b4d5e62c9aaabdd168ddb50ffef8,2,3b8834ff92e0401e0e91c5754d7c0d8dffa321056be48922029fa099eafebcf2,M_REDSTAR,119402,2913843,fe90b6ebbaf9677910793d87e08b6d7113f29b53ed4dcf0a46d5b66fbf521219
119760,2914471,FG_bd5a37e20eba9ad2c3b291aca70ec346bcc61fc45614ec29a6734963c6ca6c90,2,bd505ae7456a61edbe5716e3b9b32cb5128ef817c1892e05156c0b5dc1206b41,M_REDSTAR,119409,2913839,05926c266cdaa6de08bdcc18187528664db464309e0e282cc674ff049071c86e
119605,2915312,FG_d30c2fa515e016c643b466b6f7a6e0fee6b1f1d4e74489d7bd3b4dfee2c4e008,1,a70fe120e7ea0b8c6d5216b3957ef805d068d989c6f0fca875a2221ac182073a,M_REDSTAR,119336,2914930,ca8dbba0e35bd9edaee4d241cf71f1910b312f13a56477203eb209ea60cc4ebd
119745,2914473,FG_b08e6a2cde6f306a68519182b2cadb69c6cd51dfb8738ea0cb056e1153e55d2e,2,83111246e7a104e014a7e8fdf4868f77cbb8d7b171c405d617124daac330a1cb,M_REDSTAR,119398,2913841,733abd8c15c529cef0c5be68339f40257fa6550c70ed768aaf2db6dcc6ea5bd7
119567,2915008,FG_1beb9bd1ea7906e1b180a43846700a5aa9428548cb399a66f0eb78e7fb9d4b8e,1,08cb5b1b5df5bfe0f377389dac4a01e281a286d4d5eb2fc43a039da8f36015a2,M_REDSTAR,119312,2914553,77a0f0b044ef746b8a5e927896943126b87b875a8bd953dcb73ad352ef4ef072
119743,2914475,FG_521c04913fb8ec587b6bc9598ee5dc21b07ee555c1cd6c9648b3d9c1005ac232,2,444d424127292053c41d745cc536a262932c029002ad7069e9b9b379c38372f2,M_REDSTAR,119398,2913843,47b6ae70a2c100a5513f6a68429152aee36024d1af20761df8e6f525026f92cb
119653,2914714,FG_2e313f7456cb5b469eb85f8a6106b3a669dec7ecb5c98c9fa4c654557d64ddca,1,06311b4099b7c98c73362b18a302b521415b54db453f2de06eba57acea52944a,M_REDSTAR,119373,2914210,287fac1c0800851d62408922891dfc4a8f8157f91f856cc758fcc68a1d8d266a
119597,2915016,FG_f35284091094ebf9038fabe1198e24a1bb331e3f1deaa9092b222a2947fd6d12,1,e9361b51c0a868156e5b5920024508e8def22ab3c3ce5ea9e30bd666c862f4b9,M_REDSTAR,119333,2914561,44e0e99671f5b8a9d5f4f18d6b7c3e049fde219b61c561e8b68e23c19c92fc24
119598,2915308,FG_8a17602de966d1074d075611f111cf07411a8d6e371783d6f623bdf4be962206,1,9e5b00ae247601adf769fd67ec69de240ff619dccc19e2aab0fa39b45ece19ac,M_REDSTAR,119331,2914926,71e0f4bb2603048d45ba5071ffc9aeb4d8230bc04682b2571c2d6158bf8b5d16
119755,2914471,FG_83e6e29e12266aceb6646f2e6668d67b29b0658883616c552bda5a02c9d6d9b4,2,5b94a456d789ad011a3c243f9c1f3fe16ce598d1be91107dc40dcbd1a1b82f73,M_REDSTAR,119406,2913839,2324d82ed317fc24e64a33e10e5e3e31aace4d61b693cf1dc49e3197bce69c14
119654,2914700,FG_a7afb74cf9ca32650644a8af54e2051ef7e9cead2a261c44d2d5a60a69d6fbbb,1,5dd92cc58ce2895292debce5762474d72540c30a2552ea765c1b60896384de97,M_REDSTAR,119369,2914196,867cf5fdc2de8f1a38fecb27bab0cb06cfa8396b8f87a889764edb7a24431cb5
119734,2914481,FG_d8073887cac4a3353462ddab9bfd9879be90a1e5aa337fd1fd08934ed8501dd8,2,674ff4310c312451dccd5b052e1658c7916f0b5aadd995fc61420541d4ef33a5,M_REDSTAR,119382,2913849,bc26713dd4ce00f9bac661431ee8ebb4a47a81735d7cf5917a7683053f902fc5
119591,2915016,FG_089d16aac5188320c090d5eaf489f27af4682097821da4167725bb177604170e,1,9911cba560f70d45dc61d7329b25b00303ef2ddbd5dececd89ae4d19d90ba3a4,M_REDSTAR,119329,2914561,8ff71539b3d0230ec5cf0868aa6c454f4243d801f1f2660325216a9c84b507ac
119579,2915024,FG_3ec54d382b87dfd61006240207a23b7e0a35d14b300bb4830f6227f593f3d94c,1,4031a83cbf2cd65b32703941f690ddb5220f991ca7e6ca8cbca5653ae56083ec,M_REDSTAR,119317,2914569,97134c18870bea1ea611652e4c73b83c90056cc5c87fe5e49c891454c6de0ad3
119593,2915008,FG_7362333f52d1f942486338315988a0340e25b5a5e25143e5d792f3435f1c40d0,1,e81cd81ef496ab1204df02328a21932fa05ff98a35c85162cebf34a3d79fe276,M_REDSTAR,119330,2914553,99a132ed6ef5443f7fce694adf96155982ed801b1a6d0b2dd49d180202ac66ec
119610,2915308,FG_6d89882563d5b7c97a25f38984562ce7ee1279b3dc0ce3b7a9d3ff2f28bcdf8d,1,58a7c5be8ec99e327b5917db9a245cf447dd3fd4348d0f6314ec111cd7f41d4f,M_REDSTAR,119344,2914926,780c557e9ee6ee5dff180ce483e50a9c43d5d9b2e2513fa6bbe2e5d49791d045
119561,2914367,FG_ca98e6c5fa5e724268be03813cfda37fad5a05f5f655371ba71da78c3b847009,1,2e424abeb0f2b9beb157d7fae2899fc2832c591fcb06b320792f2a48093b5b6d,M_REDSTAR,119272,2913871,c608bbd248b27865d1ef34e9e2e0d6d0d234b7fce35f213750414317440e04a0
119598,2915000,FG_789f76932eb3835efbd359ae76e99d02609c429e5fb84aacee53c853889a1440,1,aefd0d41acc012353442fd2cc5063ef3ddae390af64634c818e2d28f0563f5f3,M_REDSTAR,119332,2914545,5236724e128b80699bc4348f8ec4e79d8e1a3f78b5cf17d347ab6bfc58db30f3
119554,2914351,FG_bf9c1ca2c418ddd7c411858b96ff78b68cd25186e44666a2862f72cf5ce8d173,1,326076bdbe36e2a979929415c948972b8a5f6e88b87772ea4aa07f07593b1de7,M_REDSTAR,119261,2913855,817fd40e40ef2cb9b74fc2dabed068f983ce15e74eb573087726e35ce3b437c7
119589,2915008,FG_7e47686fa70ee8761dbb283ddb3cac8e401f930322b5be21df38bb800c8f51eb,1,53eda46fc4e06b22aa3878f7973be74eb5f5ebd6f501123e197e6aa7fb3a3788,M_REDSTAR,119323,2914553,4d7a2628caa8d4b5614329a779ef0a7654484de982ac8657afc81a86629db4d7
119594,2915008,FG_d77c9a985d532c5d19236a8ab4c9271481d85dc3a60b1b463fc2972f0179055a,1,ebfa417a9370678570a724bd1b4fea90b0a3157b5537acfbb66a94639821a20f,M_REDSTAR,119327,2914553,218e98081257fc927f1e4c5ca06f60fe6e717ad22bf9e2997cb62b39fd8ab1d6
119759,2914467,FG_fb061cb30ba1e06c9797064602faf7d6da036ebc53c8c9adc9be83fe4b24f396,2,1a2e487cf0c2131d073cb3732a30e18989dc9fc8ea2fb031ccaeca65979fdd91,M_REDSTAR,119410,2913835,36caedbd6191c2f9025bf0a18c16613a930d92c67153e6505d948bd58d8a2f60
119571,2914395,FG_05d493ad95d89fce651e6e999297b1fe5f7edc045f165e909b4c8a681b9c551e,1,db3389e0106e7a79b85c7cedd53722b687d94bcacbbeb591e9122e713c95d98b,M_REDSTAR,119279,2913899,9e4300ad1ca405c40353d24fe2668cd9f1c172a53889ec0bf9eb3d6fe4aa255c
119650,2914774,FG_f83d20f6917e173ca2f8c580574c4325335f49f3bb608be5834a29cfe17524cd,1,ddf69639d636a5ffe5e6de23f12a218edbd51ae98bb96388cef11ce74001ee9e,M_REDSTAR,119368,2914270,c9855c886605bfabf74e425962b15662487d8f7ff3903aad0fcf4daceba3d6f6
119594,2914389,FG_9edd764ebe30ba0378383bfbf26d942154b786022d731fadeade53913af6f956,2,fd8caf6e1e7c16273042e5fa27bdb6ba78587c71f40b00977bc3764183398f2e,M_REDSTAR,119258,2913859,c882d1b8a320743c51ca294e8eb00f67a97b5f6098b848446dce2876a7d0c5eb
119629,2914696,FG_30abc6d44ccdce1b03127a32c1096d1f7129244e603e1ceb1be03bc09bff4980,1,b8c8e2c6cf2402f02b9acae8fbf910aaf18059f55c35865d262273c3e657e265,M_REDSTAR,119356,2914192,58b977a16b6761f21343b97133d0c12507878b5b2695f7d6a2920e5ea1b0d1fc
119651,2914678,FG_332c5c6ce2279a3d18a5e9f462a39d0b79946270d1dfc6176d9bf65f851f3af5,1,13293df872e299d94e6d2128c6141542875ef7238712303020e0561b3feffac4,M_REDSTAR,119366,2914174,cbca8a5fd3cf4cd3a05eaac3ac51fa3c939c745811a23f58e1045f656a3bbeb4
119642,2914710,FG_1bd60ba55e245b77d74911af400110d08e77561959a7370301177e178f854d86,1,7d0ee137d4feeb4be8ca45ecab0958b50f398d94a7b84a3eb640cd6e696023be,M_REDSTAR,119360,2914206,e88ec41d302e7a425a168af4a818ba08c1d44090c969234dd11a05bf5ece2311
119762,2914479,FG_ace940a4b0caa0b6b30c62621007524d04326446255416372da6dc7a08c61325,2,862bc6f25c2ff98040098581e313a79fcbce6f4d9f03108645169b588399320b,M_REDSTAR,119418,2913847,b573f8358883b46125667b65b5b9638c84437923ba2da7f3daf743e9696db10f
119608,2914389,FG_05b01d066b3ab2f2425bfdc13ffef2781ad7f547e21af52f220416c04bb39f81,2,332e32cd227574527209bbfbfd95b8c8733679da703c1ce04c303cc999ed6cc3,M_REDSTAR,119269,2913859,8e12cf465dcd9a11646ea12aa117e9943210c2deab0fabde54e0f80e1cbc7980
119640,2916030,FG_673e32994ab0f3b722267866bc2eca7d088ae104aedf4486f6a27b4c678c039c,1,a590790d782bacac9da94ffc8dbb22a943f6add75470ab30b61f13303c8c1975,M_REDSTAR,119376,2915648,991592f2a0f5752a0559b26f041d012bec44ea1c33cd408f3a6726b400880bb1
119630,2915679,FG_503cb937f847a96173d5865ead730a7f126d656218c9739c20e71eed25f508b1,1,f2469daeb6dd4289b1bbf69721d89734f1f9d7b45b10bcb5b9b96405a7e62f02,M_REDSTAR,119360,2915297,86eabd1acb4d237a5e84c02bb0fd6cebce81453c95c5ac878b2efbebe7bd3492
119588,2915016,FG_596d864f0703d730db3b51c744f84b9fb348bfacbab556ae17a34c68f697d070,1,e128d25da9c88c112e6cc3dbe09e06ce19f765039c2d7e70d6ece7a5796b11b2,M_REDSTAR,119319,2914561,30ce5700f4bac11f2f346a7c29b29604bc0270fad43ebf9c82424722a404f9ff
119637,2914688,FG_51bf106fcf93b2154e766d08d2a17ec1033eeefcc35b285c66ec6d86a87c44ed,1,eaa4e6ee900e135a45a7838d8f097d0bcc3c7f231f496c4a57f187404f74646c,M_REDSTAR,119355,2914184,1fc3789fb52bd7640ed18384a5c2fdb489cb539f26e11ba0dd9c3b9f099fa5b8
119602,2914391,FG_67d2a56566fa5f69f5fea748e6bf5ca5c59914ef16fd78fcde6f36593fb395aa,2,7b357dc04260f8d471369bb81c66ad1c146fbbbf59100738b2d2e1cdb4fcab95,M_REDSTAR,119267,2913861,62409ef0715253cd4781b1bcd0dea37779c6d626a99cc39ab0e2cba9dbfcf077
119639,2914696,FG_ca2bf8a656fadc4afc27ce912b79a8d11f99a904579ace68b8fdd49496273ff1,1,db7418e1256685be58c005886b489f4f96c73cb8c307b95356f894a7346c5365,M_REDSTAR,119364,2914192,07783203571e9431aa892143b68b7b7d33cd8651be17ab47a631a42aeff24350
119634,2914686,FG_2dfe3ed8a958c3ea49465e2f7bbf91e361ff8787be70e81c8a90ef1bd2d2a97a,1,3c6dc028606acffd161e33de73b7fe63c358711d70cc0b4e6382122bc9eb046c,M_REDSTAR,119365,2914182,2499526b677f86cce679a972253d05a510cd78d148229d357a89eba2addcebc9
119579,2915008,FG_cffddfc5caeca829dde49aaa5140e20a1c2fed4fe4a56a833e4b4cd2e42af180,1,8284222c057c940d6cd07a5a3f2486a413f3f5cf076eb53885467102535a1025,M_REDSTAR,119317,2914553,d79731d7df4ce87edf457599913d754ce22c1bc6d3ef111d057a06faa0e3c334
119619,2914682,FG_aed3fb88b7efafbf07632bd6f8343c9256ab5551a155702f5cf6285ddfd40b06,1,d31e8266df4d89435b932dea6234d16c57449227ec1647b623d1e1f38f8b478f,M_REDSTAR,119340,2914178,dc32559e9476d60eb012161c063883f9e779a040e0af8d5f07571916ede0ef48
119657,2914696,FG_36d36f5b9c8bed3deb22bd502d53e53b1c151f1a7062caadb5086f9152e78ade,1,08e72adfdd2b4b851c8f24d9846e5912eb55c9e96078765e3638a68427d13915,M_REDSTAR,119379,2914192,c53549bfd7d07080a698b2a78f3676b33152aa70b39ee55aadd6efd9ae76d757
119556,2914361,FG_bf1b96a8bc30d2d61b31285c22eb02eaed20014adacce944f674f82c66157bbf,1,3b8adf58dbb83716dafc8795f162d6247d49a4c49c0b377af9efaa4bd9911139,M_REDSTAR,119281,2913865,ed096e797b842a13112c123a3d95c6659023cf3a0015839aba3509fb8c4347d8
119649,2914698,FG_cf33a6a3a9c58f067e70ccbce7fa8adaacde079369301e2194fef599ad3c314b,1,8e746fa8c718f55bc9ce6469d1cdc61b7ef89fee5c499a5e19bc4595e5c624ed,M_REDSTAR,119369,2914194,8c01b72445bfec155c2711b8c6aca5a2ca2a6317c4cb5a9d4fc6bbb51a17e006
119757,2914479,FG_e3f1ed376dae0c2d8ba851f8cfc1d7f00a383fbc60e73eb359f1046e6f884d4a,2,4a3bab06b658e129ee27bedc471e8a9ba1eff345e053e8532800efa409c5761c,M_REDSTAR,119408,2913847,7ceabded856eef28646352857602823b91d45629be57b963bd3b2ee590e31992
119642,2914688,FG_83dc5185dfdb691122f4c37ee56ec7effe17e6fe3d3a6fc66a1fe89e3ae47689,1,4b162d8799d40b4d400c48a2c68ad2c23629cd0650cf821b4eabae29f3417fc1,M_REDSTAR,119362,2914184,9cc54f0cb6c6db8bb20607e3e66d851e1848c8d1fe19d255da61a50fd1782139
119584,2914349,FG_5b80409880480c78f2c70df5037347e615585dd6f2fefdf7eaf80777c49a23f3,1,59c2c2deb0e2f4b4979056d7d36f932f151510f02a8684ef777f746ee0271729,M_REDSTAR,119297,2913853,1a39d72a69270e55c2b6b7e81855cddf39d0f262b55faf5409e53cb04617dbe8
119754,2914479,FG_f0c261d033f793d211c0052d6e48f528e7d32b4bfec04acb2445532daf13ec7d,2,e06bfe5189dd2a4caaa0144cc7d9905ef7a893ed63c43c37c44108c2b0b04a01,M_REDSTAR,119405,2913847,b678aa917e763f3d942387ff39b6fb25c8a47a62c0a124bb848b0bfb06fb9363
119637,2914680,FG_46a5bb0c3b44d455bf7db25af92b4e9e3dfefdd7432394feff06f82cbda10dc7,1,6702541ee384d3d52e282bba73c777d596fbd4a388324cd9da9bb7073066c8f2,M_REDSTAR,119373,2914176,9d67d5eee1a6a70f82499bf4dfb4226c2a4f3d37d736885a8b9e45750a0d0fc6
119780,2914479,FG_673bf832a57ee9db94cc65eab01e4d56b2784bbf3a393b99ec22cee652edb198,2,d645f988c9c22cf3468abf3424b0471851770602d6ffc93d4d3d972043a37948,M_REDSTAR,119420,2913847,2189621f468db6bf9a8e5f5a928cccfe42e7beafa4b30f2c4d5db38d7ac9cc84
119655,2914716,FG_5e9f8329ccf4686d5a026274c6f978361390cbdb30ea03d0c53b157ce25e45d1,1,33c2528151a5ee059fbf6fff8be183ae252571c2eec037e7da11e280030212f4,M_REDSTAR,119374,2914212,ebbd68dc0f348c6022a32ab4a8760f841da8eed4426920286505aaeb4a41c3ce
119604,2915008,FG_9bb61909345abaa57a7e550fde3bf9a8768674dac5b51bcb4e13428c0d286ce9,1,435b54e6bd0874c27e3d7eaea8f167ca0de706ac786ed4211f1a5e62aabdfe62,M_REDSTAR,119334,2914553,c1d5637af27f9b23ed8009379545e40d67fd2cacbacf23d09f39bcd4afebcdef
119599,2915679,FG_9516eef605eea0f39bacdbd2d8a3734ba34ad2337f1e3cdba036ca6330c7dfd0,1,0e3a53c9412067114dfa598e23c716b54f4935b4af75c372798d285005e0b39b,M_REDSTAR,119332,2915297,974b1f0e84112431c44e2f1cbdd17aafd72d94f51a9d8aaf8ea087b507ac3544
119568,2915016,FG_af5a021172901b7b0355b4087b42fea3c98740bbd24762fa96a7f5ed497b198e,1,2a9f519db030a1fa1758694c9608546744bfdab23d288415f789fc3759403790,M_REDSTAR,119311,2914561,9d44aec7b4d7a6733cf74be001e64c2edcab4d52bd4d70d4948b4d24819e49d0
119627,2915121,FG_0d1a6f850c151291a08f6e9d12600dde68fc28d541edb1cf90ba34ac706d55ee,2,e1d2f6a6fcb4c6dd108fd7ef5408a20d5a2a3dce87e1e939005587990457cb05,M_REDSTAR,119300,2914591,748932f6e636e55307ae74326522a509acdb8f1f7f17c1cda9409114d68ce749
119600,2915008,FG_c06ef2b74ae604e3e8163437503b54be6f74790feb5a0dcc04dab140331fc772,1,057be19af220e87a398e6ced43ba63899f4500ea50b5e54163724f1ba166aaa7,M_REDSTAR,119333,2914553,246730cfaefd4b84c226b81998c54c452bca869ccbc8b33546fc6501aac2b841
119753,2914471,FG_1a07092b9a09766850a931812035859d59323e84099930e772fd17023276cf34,2,e27e804ac1b7e070dceb73e880b8bd25ad354a6ddad00294010d7432a5db0307,M_REDSTAR,119415,2913839,3fc47994743ec8fbc13c68a893f93c59b5f5910ae2b0e8766124b8a3208529df
119603,2914387,FG_75e1e84054c1b0e2363ed03027340a8ced8523b3a0c17f8dc7dbc5203c6e3db2,2,c52b810447910a76237c2a8f8874a8ef02ce2a95b7419393be9270daa5ad256d,M_REDSTAR,119270,2913857,0c1abaa238a78a40533786dd404c0f7d85bf51f0adfac065a4c7cc7a6374aa5d
119568,2914371,FG_0b5fd175d0917b8d1f9192ba8ecc035bdacf7a90efc7e1ad42b8511fec1274fe,1,f376b95eec0ad443f9bd269f1d87e5f3dcd334c0159dfe4f05ccf29a91f136b3,M_REDSTAR,119277,2913875,6759c0fec50c8e841c350bd3167558ac6c7d3bfee2edd5595036c327bc8ca1bf
119580,2915016,FG_4d1b6ba653a985b8ebf9697f6d522c1b8d274f1baf92606b4f4e5fbe6f6e0376,1,6011b979bb15adc7b6410ac030a7962db4ab1b26c77fa7440ac2cbec841388c3,M_REDSTAR,119320,2914561,a61236e3847e623f844c14034d74763591f607e12b189efb3872447f4164dafa
119593,2915004,FG_f64a719774942578803f310d94d57543abaa4bc6395150ad27fb4f418fa42e9e,1,a2d33488b4e75176e8b92af1ee8c5c3ac1e843da26cde51fe9f03ed22fd15e8e,M_REDSTAR,119326,2914549,3e9a2c422db3fafc6b28a47b76a7d2b51b4dac45b143dca129bdf895c84b2962
119649,2914688,FG_caf2d734ef04137245d297ec11861e462e5c5a47a582037fa5353081c1966265,1,d6b9c4f7436530c9c74461ed2d3c673467bc01b4594aac7d99a781df51011faa,M_REDSTAR,119371,2914184,509d86f77b78138893ea1e512c9c238babed91af1b47d5518980f7dbe233c9f8
119641,2916030,FG_4f6ee060acfb422b94117a539aaa8037637b9fca1274106dce4a1131fb520919,1,a86bc737a0e39ef9ec7cf37adbe78ec5e190aa11cd9db8bbfae3de74e244d166,M_REDSTAR,119377,2915648,c797a6892af3a0484e8f3372911da698290a79dbcc33e3c5bf33e97f811ea51b
119734,2914479,FG_09c6f6b9e74f7b0f64f6d40e5b5a6148680e1d9fb116039dc608e593a1e8b188,2,45942a923a6def1418742c21eee2099c9d6a7014ad66e5259880ed4a3e0803fe,M_REDSTAR,119389,2913847,569ef075f92a15b859ff9ec649401154c13811b8ad6f8531533835370be9796a
119605,2915006,FG_f2a86cfce418eb803825ce7bf2abb03a97e2fa9227717d01d05c8fdc46d10760,1,73c06b14bc6459fe0caee2cc1f5546836743ad86f103f7dc43c5c7cb78c3b90e,M_REDSTAR,119342,2914551,6646ac342412b946704a1a1b54c4b1eea01a546a5e4da6234d0ed0ae91450d59
119768,2914471,FG_2718d673a9013bdbbeff6e38000de6655fb40a8c1af6c7163643cea29accff5c,2,707c821b86f6e87157a1cc258e64b9df678f7265da5b4c5f2de0617d62f1ce5f,M_REDSTAR,119411,2913839,c9c001f5c3e6bb61479c5d4352baee30bc8972c4cbd7df4e0142f87412b1eedc
119756,2914481,FG_e19c089d3d0a4a3605ed483cd62567f0537ab9611e17cccc8dedeae874db829d,2,d0ac5657a29bfce8165e4012347765dfbdce4be05cbe5ee3ba4150c58c9535bf,M_REDSTAR,119408,2913849,80daba577c5f84e5574263e26f23c0f396ffc2c01ccad5b7a836b7f1b657fe42
119640,2914686,FG_2e0c11ea6ae339ae67ba236275821620d1aa187c6aac6883550ee2cb474096fb,1,fd706bad6b53f039ef32ecbe3606751230c594affd6f3c88202f30b1a7c178ed,M_REDSTAR,119371,2914182,4b4a7242b0d24d1d99659a78503bf9629cbdafafc33f181bc10626f2aaf1bf5f
119572,2915024,FG_787976c8c603ffde8a7847cb67662568abb6d154317e2290a260a71e62023ff4,1,44368f6fd308bdd1f52681edd2bd9cb3ae283268ae6c28035e9e1a514879b3b2,M_REDSTAR,119317,2914569,c70023964a3e5c1b74a216cd1de30b35ada804183ab388ab83c8709339a4fc95
98783,2240650,FG_bd11aa66f3017820c1e48d0d042ce5a8366b95ef1c413f0d0b9dfc6350221ee9,1,b8543d432f866f69e259fef2568e2875cebf998a8ec6da3f3fd5b07917231636,M_ROR,98476,2240170,5270f27e0f854a7ec136ca663f34217f77ab09fe2bc74cf4149ff49103df4c65
93101,2108229,FG_9e0b3b1ffd3ce229a19085347b8ee48813e21a1ac58c48187be9866fe977c9f7,1,059111b6e1727a63a2fb05a1086141b71cacc5ebca717a18640d208809e856c5,M_ROR,92818,2107888,2970219da22ee29282c196940e77b20593fadd758f4e2a501022bcb6c64ab890
98757,2240592,FG_823757b5feb95ea70a607944de0a41681f9c135d32158f45ec3861e150432c8f,1,668c4593a570a843238a4fd472949da2439ce2e92616fa9bf38b19218cf50bfc,M_ROR,98461,2240112,06e983ed57ae98abe9bc1e1dfafbf2efff4866f3aa893a026f950c327d838c82
93081,2107463,FG_76916043073bb9412b9deae3df641d54fdb5ebae0cf82b1a4c775f25843122d9,1,feead6ba99578a4e669b3d9149011c2790f387cc17c44337f969172569273c27,M_ROR,92787,2107099,dc8562e4642c7ee9703841fde52e4993cdb7ea59cd8e37d7b96dd3485be69e6c
99385,2251041,FG_d456979842a5264de3b02bad9fd6d4d14288426702ab5fcb079e89b60c58d987,1,bfbff60a4c31dba276a3af952787b9d81da6665c871760c135508cc634b841f2,M_ROR,99083,2250507,1affc662db419450ce47bcf0f5618899121a8a7cbc4d0ba2fbe32491578242eb
98823,2241673,FG_e307f6068fb2f01cfcdae1edde8c2b1002640a3c3cc9ff2ff8e6f660c657ff40,1,daf2517f36785b3c48e67a696678aab20d303657038feb103c6bb74b176c9473,M_ROR,98519,2241185,305c67cc1350c44c2edb30afc3c7b64beedc3f5fad51b9f7ed1bc84f9fd737ac
93636,2117473,FG_14c0f14dfab41bb9fbbb8ca5b0a101a5003c1dbe185e260f10e8c3e39a3f7c5e,1,7531798f4d20fa41c8e9fb93448af76d3150d155db05be6bf275293e782e8eed,M_ROR,93332,2117078,c463bb4810655005356e2dc487610cdf784f35355981774a7a2e7f58550dca17
93592,2117653,FG_28c65d8e0fd909f309eb5834585c099c66f4d301ce7fd7acaec1fa7d712b70df,1,51bdbba2954a5cb0e300efcb53544d64964cb6d1a4028462596fc33842ba149e,M_ROR,93282,2117258,23b49ab5d08df4367c7f1b4a12ddb5747e8686b93831bf8186e3755adbd9b3c6
93113,2107499,FG_9070848c1d23ec738e415fb8771038e44a7e2f657fd36dedcaa2224369ea2f01,1,8551a8f99bedc40dc454d966293fe71c53d929556bbf1ab957ab42c2119950df,M_ROR,92819,2107127,4d81e92b2811011c8cf44d21a80891429dfff94d8e385b057c04bb9b2106936f
93080,2108172,FG_41b973ac53a8932b46cdf0b079d2009cc8b7549fdd63181c66cb5b1d83704fd5,1,d36906b5377198f36113971094784376949e39a4a80ba43273eda4a631e7c86a,M_ROR,92789,2107822,1d3143b2ab255b6d4ba7f11ad39b54b18d9d27bea455f3f7c246d80150b9668d
93221,2109401,FG_2724f276902203e863c30ef4db90167b29dcb72705391e9163c2af71aed72342,1,a59c209f1c9d4f166ecded0fdfb314dc911f21f631cb037440f6ab691841a865,M_ROR,92915,2109032,e597dd254b42990fc35c295b4a4853cb5c6192ee16faf7045a187610352f47ca
99384,2251307,FG_b991bfa4b0425d43a203401fa97e0904f4e6e88733c6c11c17160a1a90c84e0c,1,3f58698dbf65bce626506cf3b929fe86e87370c6c00ce77b3e174c463cd3f3b1,M_ROR,99078,2250773,f4046f431e7fd9330fb9209b25a1650d761a53e13f18ff81779cbcdca3e62250
100890,2262466,FG_d7478d68c75f87956d66f3e2acd6beb7d4159b7548c3312f9880089cea6af8f4,1,5732bea4ce22c688da58b5e129aaef3cfc74f9e89782a90e8542bbc45bb4c05a,M_ROR,100592,2261971,21392d084ecca8d947a4663cc45b07389674d536e137338b48dafbd2a95d6e23
93591,2117503,FG_d4b1d94754b67755e234c5ede4a308ff82705a569e119a58abb5d9ae5744480b,1,3b0d520a63423208fc5aaf8d6460b04bae9735ecd42452a846edcce525fc1efa,M_ROR,93284,2117108,f5e1d1ddc6375d345bd08c4628746f50608d02ec9eac214f64d2bc036c45717d
93096,2107484,FG_3e92f4fd4638fe67b0f483f3be64b3fc34ebfc9a9a572193d90edf01473e4b86,1,8e718518d39989fd0cf04625290241046a8fd250d8e8b76787b6c80cc11019c7,M_ROR,92801,2107143,d19b44c660473973c505930051ac820bc4dee7bb9f9a9e7fb94b3ade5ee41abc
93095,2108178,FG_3db7e81636266313a73215e446d910a5e8b7be3237ae7a5ae4e705ee69d3db7f,1,23111eb44700e43eed0051442ae100f96bb592e8daf764b1bdf79ef3e59d3922,M_ROR,92801,2107828,564dd073e27e7c8cda7df336ccef12f0150973800876f3bd83857cc02f564a79
93112,2107505,FG_eb796316dbe318de4a6da90a9b572325e92131187575422be9250091f7571ffe,1,426b4aa17a470f2bf033368e894a503faddbd9ba584c79b6597a93d82b856547,M_ROR,92818,2107133,bb940ee060ed611a4dda7926a93f57215cae01c84352e405c21361fd61c3934d
93092,2107471,FG_78836b452c8bf72b27c16bb25be8b9e351853cf95bf53547f516f6405d457019,1,633335d80f1625d6f19e04a0677c5f9d43d4065157fc7bf6b5c95af655ce00ba,M_ROR,92801,2107107,222ce490be38f1be04392b2a7aff617b137e8a92defeeac25b00ee25085e4aff
93597,2117591,FG_e0c7375b9a30ced1723e8e28538ccd1bf92df808f3c1af758fcdea00b84a918c,1,0ce3bd373b22309702ba5738c83a38a6a49a797c7e489bfda88f120c67275d1d,M_ROR,93289,2117196,07ba07b23708292ac4d61defa057bffe4b51651cde6bdb10da5093ebe8c3cc13
99375,2251625,FG_0dec9985bdef2c47086d4cc1e151da9acaffba38f70fd2ae37c1feede3992c23,1,beec7f4e294d66c908582ddc0fa81d302aba107d7ebe68eb97c3cc3357e87148,M_ROR,99067,2251091,7a2c1ac08b3678860560bc3a1c8bb7038c3072ff5e702027e993f062a49bd9a1
93073,2108170,FG_ecdeee05073acf4e9b862784714c225b6c8351bad54ea1decc7b11c04d500d03,1,a023d00245a4be79eafd410a85eaada9a68938761d8ded9422c4b9ca93673680,M_ROR,92785,2107820,19985dc258895a2ef04c393449cf50d2623f90f79d9d14d020d44bf1992f527b
93761,2114310,FG_c1f936544384051ed120faf26d6dac7a6d314f3742870197535599b4c21cd852,1,200e87a32eef38729428a4f9bf68fe59bb7529f4a2e5a7056c4a482098a10790,M_ROR,93453,2113952,b9ed56611d1244fa8cfa066682c4b97c33de5b1c2bf5c215840eaf2381b53988
101004,2265357,FG_f0dfdc8329ae8927b7575c6d51f044fd440b159ab758deac51096c30a7dea44a,1,4ee0113a194c5eec02ae8c20e86f8d4761720bb31886114b74dc33e58ad63c44,M_ROR,100690,2264854,d35954203b900b4b491fb46544fd36f229cc7a9b9ccb81fde686e85504cfcd0b
93114,2107511,FG_f8ff3c1d21cd460214575a5f3f9318fd891d676b0b1beb1c76b03c5848496586,1,dfed9a6ec2ee2b1807dfab4af3f0ec0c2ec442b6fe74287449e4d4b0afe46a56,M_ROR,92820,2107139,1bac8b801bd075aa028222bb5bc3270b0f4849943468614d9cb7f3f54e701ca1
93103,2107484,FG_86ce42afbac2677d9bc01608b6ad75129c79114a8f5dad50b7d01f271a919f92,1,04e901777838d6123974f76e86d34ba8777e3bed001c796216f3af7225f1aa92,M_ROR,92809,2107143,ead5f21f52c0ad15d8a15dde00867bdfe1f3f07a3ed4a9e8740c7a781e209dc3
100835,2266643,FG_7825a1cdc7a07c19ce2789e19d35889c24361360f791d428b50e412792608393,1,32dfa054d2bdaf7069be83acee1cc81624fa5fa59a7ca2120ab4b2f740a3cd51,M_ROR,100522,2266148,b943d6559b1fea4e6e4bc3fa7b9ead63ad67b122f9fa22d1e73d2191e366079b
101369,2276594,FG_df88e2185724be45cfa72ad1b62a54be5e5d8d38147fc75d254e293608d6e648,1,08c7e895561eb18ae3ca0b9f0f7fad487f5469372722a817b8f6c243d691758c,M_ROR,101050,2276053,412c1c458eddad441358aabaefa6932657e9d4267f34a7bbb4d563792f97053c
101236,2276511,FG_66ed1d91e865a808a20a7d270455e4f9657788853ae110f48d66ad8feea23d7d,1,4a47d4f984ef95aab623319f44bd69638b5138b0662d81dbacaf1839d36acfd3,M_ROR,100919,2275970,2b5546f4bba44f68e0fb5e2d3ed64ea931d80b612c6b36919a2387721102e334
99329,2250531,FG_e103eec878dc453820469fafad529c2dd25069bbbc2f918aefbeb167d2328b8b,1,d0966a9caeb7c4966a6dc9d4e7a3a84550f905d582a05edbbab71fd2758c6d77,M_ROR,99013,2249997,51815accd2d4073bd0c278028cfc5ef6b5666b4d6d50abf5f433aaa255952910
93219,2109411,FG_de434317950f7e4864c5abc14d88881dc15dcc45b84072be9d73f9f33b34faaf,1,3ccd8ceb4c391b5d45ac59ae9cf10e593d4e582408e531393977b19bba3c8d70,M_ROR,92909,2109042,3a8fdff9b8904f28d9a885c294baed8af15d8ec0b91f163eaed648de19317378
93077,2107469,FG_7f1128033ed4a67d70a91727e241646f9f0ad316faf0d211fe16cd6f5839d72e,1,b85578e59cf1c6055a6b508a8a15e7234820237164b07b461f3e4582c1dba5e1,M_ROR,92788,2107105,24ace676790be663e0b3008a32f5f4b0ff00cac94a4665790d6ccd89b2037022
98808,2241307,FG_ea06538be2ba175ac5b35fbe68e663d170254061e3419b867269b6744689ea8b,1,c22a0587cc909ddfb80eeb9d54af89783e4ea245e58d3067fa28aec4df714a40,M_ROR,98505,2240819,c60a5a30fdf4cdd164be480ddfbbf951eafaa9d2b35299ad9d5884b1694f43ad
93389,2110518,FG_57025b813be7986fe8ee11992ba4baddff07171e50e78bd20b9ef0d9d5dcfbb5,1,736f430f44606e645f5a6a13891b1dc59561eaa457402df4d33d6c41cbf7156b,M_ROR,93070,2110101,09964ddbaed1edbcbccc956ca6895cc41f6996d31c72b76870e030c71124f01e
93601,2113484,FG_c5971c4d52fee45c105e26c739284331f8498d183324592a6fb963ebc7bea4fd,1,d26e83580ffe26d74cc4da36ef4e85b660cecc0b7ba4c17dab06d64d3a1a273d,M_ROR,93290,2113126,13c1aaf989fb5ad3a46ea1fc4f3fcd26dfdb456552ec6b4f14ff7cd08fc16cbc
101060,2267641,FG_f65df16aaa75fd97a9d3f09c02f7698dc8e103452bb7f777c15badf9481c2f7e,1,9dab69bf52b0ee08ab49b5dfb709038650925156b4190f61f1cfb709b2445af7,M_ROR,100766,2267165,ef7b1149ffd350c51b39985ed062d5ec7d0e53eb4dbad8a0df9118f465bd865f
93357,2110531,FG_9140521eb320362aaa557f01e96e878f53a821b9b5ebfebf27b6dbc1a0747ddb,1,264a8e3eb76cf6605af27729d9d379f28dbc4bf5237366bf85ec59754c114f7b,M_ROR,93050,2110131,ea8dd03eeec306b41c1df7e6eedba8a838aab85858428d1b1ef267177610e8da
93088,2107463,FG_becd6af23694e9eae95ef53da9dcfa444384f03994afeec2a42f296adbeae97a,1,7b0959e44a079e3f3b514608dc2e6f7d2b22d87cb8ddd35108ab54b109f72a5c,M_ROR,92802,2107099,8205b256291a510e5576bbfe9c099a877aa804bbf2f09eea2457a41f3014ae95
93079,2107427,FG_742187827015e3f2cf01b685008d043252761f1d6549936c398b5f271b59b17e,1,b9dbe86a2872304c0c2628aaf225f9ca474cb294545adde89fb7e701d83df502,M_ROR,92787,2107063,cb352c6feea8c06142a0d87bc747f1597cbfa709702e23afdddc9a2eb26c5ba4
93096,2108172,FG_d99f35316ebf86a35845c9a85b4037960d5313f2b93d37917ef72e7b3b851c29,1,611bb7f6da6793136aa56e95803b26706fbe882d0fe5e899a6218fe5ad82db25,M_ROR,92796,2107822,6e0c9dcff002eafdcb042a6f4ad5df5ae0b928a52b131a4d5d607cfedaf12ccb
98526,2241975,FG_d088460597875edfaaba1660c68df22e7e337b286480d583ca3e87153cdb873f,1,d2fbb73249dbc5e03be5a9ad0377835c690ad043936fd4830268228dad6bc1bb,M_ROR,98247,2241468,512e43e2d0a37d8b2b669f1e70355f23eab33f10ee46a57ea9100283f815e825
93130,2107665,FG_2bee220b3c85cdc2e978f422cdfd7db99a22145d2afe78d5e85561e0951399af,1,8cee9cc8ec7f0ed2d0cd4ba515502be94c77f3fdec0741c9669eb07c7347f7df,M_ROR,92835,2107293,349450b973b4e38cb38ee2e07958b657588c776b18d70b46f389db4602978c00
93122,2107521,FG_ef89c77779ffea4c98d98969d62fdd4322b39e49c1dda6611af1a60b3eba54b4,1,a909e2cb31fe6b407428de0fff0b84fb76a735bbb403c8b7e528b69c14070eed,M_ROR,92822,2107149,1f627e62dd67b1e08b21c7b3335baaa97c3dafa6f311c3742544707e09815f8a
93093,2107640,FG_de892c6b945ddde040d1d971ccc08dc9284459ceb50d09a3cce754ceaf91f25f,1,34344273142dce6daf869a9c27d5e0b2fb9e06d72da5858f5f0de696f24f74e5,M_ROR,92802,2107299,95d72f9e5fe48200b362fa97ef800837abd8337c1db108f0e55aab50a78d0695
93719,2114942,FG_23d7e13c2d97e127391f6f915e5eadcab44cfc7ee9ef3ac4c8591985300538e8,2,bb55496d85703edeaf43662b73911f6ade96625ffcca98e82970dcf50a6aa6db,M_ROR,93328,2114428,378fee4afe27c5a436d651bc8ff66862f586640d42f01a7505d6a886878cad5b
98749,2241239,FG_8ad9319a35be702609ae77a26344e8df5da7898f1a254c36c2726dd8a128d7b8,1,552a0bea490c583bdf91f81c8888793e6d3b0ecf00f6390cab75be65f04aa985,M_ROR,98460,2240759,01cac54bb94c5f47766f137810c4bacacaf56167e2dab4737231106b550f3061
93583,2118335,FG_e60b3d9ab39d346d12bee1e73fdcce8f1d07d2c5ddf668d9928f5d3ab8fdeac4,1,c600f24ed912fff7f782915b4e845215ce5b187828907492bcd4d57f0b2e09a5,M_ROR,93277,2117913,0501fe244ad8786634ebc3c9e9cc69078771cc0e8a098cf5b78accce28c04139
101322,2276110,FG_d257db3478903be6605fa7a888f48be87bdc778396b287219f8609145e212261,1,0700bb547fee6b1e1c155e2068fa2434334a0891a4ff531e79834647e6596a03,M_ROR,101000,2275569,b0df30f87751d6cb9f38786482eb390258f690e7ac3c15dcebfbed0ed5a44914
98736,2232834,FG_7ab27bc8a7a326bdf06da9139e32fedd01929e1f1d50725acdaa3a42906275db,1,2582c346a9f4bfc8753c20f7899b0f10bbf10a501a7734b3d2ca08c26ff9e7da,M_ROR,98438,2232346,86b2823125d8eeb8489c0fcf4919fb61c7dd25615ff0623029bb777278ac29cb
93095,2107478,FG_25ea207a111f73ed164bb7f4ba906da2a2d19fa62dca86f35bf18b4fd42358ee,1,58b85d2f35c47658db364f83a4cfa5b071308d141a042406fd7039056858f4cb,M_ROR,92799,2107137,2850dd0ca1b5582efb1cbcd18f2bb2587d4235fe4be359bebd72ac750b6e31f2
98797,2240944,FG_16e3759aeb6fb4c7081c1d95b5ff8740e295444b18a183aff19deb22dbb1415d,1,e20f8f91cf24b59c7c00076f8da6c11bda2dc09e7def57722ba1f1b10e59b5c6,M_ROR,98489,2240456,a75892f411ff0b5a5cb148256aab34cefe3f628a80bd7cf8a7868b6feb11bf4a
98789,2241240,FG_faae5e438295c2c7e769b4cfe49cb6388c03bd4f6777d43fbc868b8ba2a55860,1,10f1c4ffe63ae92c2002237b9de64b88ef0fac98f07eaa1cbc5d4974fb36c544,M_ROR,98493,2240752,58e68fa14e2f0668dfd6d25834f6fcdabf57f32f6e2dd0d44d41cb9244665052
93369,2110478,FG_69e1d28d04d7669cab5ce4481b8683f065ac8ada72ce85ddfd104771a80a7b93,1,be4d6f8565ad6291155fb3e22a9ac6e6e4a0bafae34c955a541ae8023d83da17,M_ROR,93054,2110061,59952dd6923ed386a0108bce80d431ba054bd14e43b16237df8629f7f9d5141b
93097,2107419,FG_86db16ad9df9c6d508e28cc8475e6432ff590a332840473ccbf68d97b618a019,1,e37b391681b4f17830a38a042e2640d01d0b72331db9ae33f0cc0ae337850a16,M_ROR,92810,2107055,9286e341042d3a68b318fe35fa57600e375a1c44232560c39def5929d08c9fd1
99374,2251593,FG_6bfda7b88a7c4af4f5a0b321591662d88f8ec7e3a0954b54e890e06a201f3d6a,1,ed48340eba3099acf9a8a449f37dc049f30689d00f22a595d214de6645e01878,M_ROR,99068,2251059,c7d46c7241a2f950398b0ce6faf5c5c44c9231c9e570f86b9a24679f19f1601d
93638,2113475,FG_05f19ece34f9ab03efaa59d5844f9bf0b41da5918eaf8aa8086e07d6d97ccdb0,1,6123116cf11ecd3ddb1f28027b9089ee282af9f4210042f6ed7aa43dc5d3bcb9,M_ROR,93329,2113117,64fe7e501cbe9f89f108eae0bec412ee1226050ae020a95f7c5118deb3c035d7
93114,2107509,FG_c446fb9311c9ecf14c8bc190f308c12508ad765b0b0ef6944765986424c59258,1,3d6ac829b7e74a4f5fb4c07044062b5df0c8416ec9a09814a514e6ff21695d5d,M_ROR,92817,2107137,33f662ad3dab0bcd49e71789b63bd1a0d3968d4c9f69c89c67604a7b5ca1eb04
93223,2109437,FG_caacd630bb2687e30adc15009489f66a1f546681086704c8162bd9790a449d92,1,7d058aec5b87b099dba50259e8098fdf682ca92c5e57ccccdaff5ce8253cc72e,M_ROR,92910,2109068,2cbc1a666ebd276c1fb58fa66a8cdacc022c26a7280a7be2856105cca0875177
101465,2277131,FG_5639e4fb9a3128ae3859ecc36a5d7625da11f1cc86a3847c3e0cf51216465e7c,1,deb7006c367913b3c8bc9b77570c9a5a22d3588a7526f915830bbf225a7a1aba,M_ROR,101145,2276563,cfeb1da20dd8237ee8410940447c727b1a34385c1d2fca6cb360f3971c0cc97b
101051,2266825,FG_61972511da15de3d11e2e42f2216cb6ec01919c24d83878b010acebc354c2711,1,0adbe0218a7755ab05469ec314f980da45232d775df5bbca983baa8dad7d247a,M_ROR,100734,2266322,60532e41f334eacceb1494524850aed6462504e396ae64ba0ffc8779bf5368a8
93341,2110550,FG_fde3828f411d66fe77521d637a48cee9bbf9788314d8f188e0249f14c194d3e6,1,e39ea36b09189014d69eef45bf2d96c1e57f9df6d03641b98b62597ce1f58597,M_ROR,93029,2110133,8b87a5bffb0b60726e3569934e70a0b5d647544f1c04116d5222e5f14e9412ee
98769,2241189,FG_4026342baa0152c2388c51cc828a3889a012af7597a6d0a008174878233bc248,1,182cfc025b7c7a8e800198287a6c466ed8300e39292a431d13bb45a9a996b6ea,M_ROR,98478,2240709,0d3fef05627827d4ce210d1b298b89356ca8c7d772e316d0369d2e20fb510dda
93663,2117542,FG_52825034e0db648ddbdda22518fcab5816d312f5c9e1d8abd127f06a0a27a468,1,435a7cdc6640b106c57f4af7e7227cfc16a3239e19734ce56cb27ab0831db938,M_ROR,93350,2117147,2c71bb7d37b7b8080264e752652a7cbf7e74608702fd49f878389b74eaf5eac4
100942,2262534,FG_45855f23152bba1b49eb5a93f38c932df607c0e3770e2a8581b60674fe178e15,1,87890da3a1599ae26210a9012374f5dfb44b21cc789a3a0ffa994bec1fe1ed04,M_ROR,100646,2262039,78629e4fc394a7604f96888313a36198c64523e7208f78a4416f3e7d8f8d65e5
93370,2111214,FG_246e7d2fcbd4500605648c06b6b0ba6f37d7772737977257e1b1b46c44953351,1,28bb17d829ea72d1e2cb6272ae0c77b56210fb751a494c1a933778ecc99adde8,M_ROR,93063,2110824,aeef23400cf861c630bd5cdc2df4502f0621bda8c07d219cb1397659a980fcbe
101312,2272079,FG_8d0929d92437ee8982f3650b052a7f712f3c8e269766151ec4513c637c6a03b9,1,3f2acc283309c9f5ac66c90ab2aeb2b77d959160f3595e14d75aa00248ab1f5a,M_ROR,100991,2271538,f47b3f309e0ab1d1711fbc423a60382a1fccaac161bef6752ca87eaa26dba405
101011,2266386,FG_5599c3b386223b8cacbc4019047a550378741cbf7585980ecdd6525b826e1efd,1,8ecbf84d89bc894eb6eec311be6e5b4bdc50d6771c6655cebe111f85afde66cc,M_ROR,100706,2265891,19fee99c4cb8049439c2ec42a4fc78468bf870919b5ae2e2ec242d97d52db224
93083,2108172,FG_8c4870463d4363924fcae715305086e9b6bcccfdfbd729794e4f4802d37a2977,1,62e6a227038d5bf2eb875f98d023f4a3b65117d56d1713bb61348ad77047fc98,M_ROR,92792,2107822,efc163798ce974da0af24df5d7290a0dc1d5c2909e72892d433e0a4c8d49620b
98635,2241484,FG_a06f104470df2e3ff235818eee85ead6bfaa26dbf4553441c703c835495fae72,1,ba5031a5d473af9c606e65c15057b55507291702e1538c6ce8ebf9b04a4691d5,M_ROR,98333,2241004,9df524bdd22cd51ad706e2ad9610c916a1e010f4dc7c7074698a12ee63d1fde9
93622,2117607,FG_3acba690a232e80f5b270d60a4026509e3609ee353b33720d3930c6712cb0b3e,1,35b604c9496d188a7ad4baf8a270bbf401a10629fafbd4bdc239e347cdeb8035,M_ROR,93320,2117212,39383571044d04941d34937bd2021224eb686b4790c9351da67025185d626969
99062,2251050,FG_ca3a07abf0cd8bc3f3441afb10594d45377f84bd77999ada6d863a654e8df549,1,dcd68ae9c41d692992eb8c9a1ab5a378afc591b9bd531316a822d15942326f1e,M_ROR,98738,2250516,a31e8fdb86f205dedcad49206a4c6e8cd9dbb8008c69ff6d794877226719eacb
98975,2252270,FG_456396b4ea00b558f60d0ef4152ac25975ac520491f354aca2a0bd101863a47a,1,084af180ee67039ab2b409b1027276efbbed1d01366db26d806eb394189c7344,M_ROR,98694,2251763,e435c28dc7c826352d4842b969a2ba324218d002353180c4ef382b1add7dadab
93241,2109450,FG_2ca847e055d4af586c345fcf168b33f1a877acabb7280ac747ae374ebbe04f45,1,05142be79042a97e62326e1fa216ed65530bec6a5d19de9cfba2f7a34048179f,M_ROR,92929,2109064,8ee8aca70acfca0e614000c8693b71864e24a90d73197dd3d3305d9d9f2c2417
93117,2107497,FG_95e4fd667a08820e951d0345e67a05ae729b5f664b7ffd61e1b823c6c616691b,1,c844888e2cdaf4a279bf9b01ebae5a77e393c0ae0522b44f6fbec84031cc3487,M_ROR,92817,2107125,215092d381684fd46b7eabebdd5b67aea96c1680c55b830303dea62519542bc0
101439,2275985,FG_9b20bfff5f8ef0dcac8ae754cf9f572ffcfe63074e0eda32e150b6879e9a3b0e,1,02286fb3f4387768347ad3d1752c141917151adb1281e24ac0beff312a549c6c,M_ROR,101123,2275444,f1c1d551cd1436dd750b8c65affe46f312ec2412a843903086cef068f33272a6
101312,2276612,FG_3036ced88000f2b3664c70b0d47f726bacb5801866655d0747ab7df723d07362,1,0991456ae72e93e79f05544dfb04b8281a8216f1417187b0de18ba250164099e,M_ROR,100994,2276071,435e3996852cae5d05a21c6a3fb4f63cfba0a47c95c4a3405ac2a56ccc4ded65
93092,2108170,FG_bb10bcb23d2489060323cc47b8b0392a746a9e90269d35887635b2f4271ef2bd,1,1871d42496572ea091acf3dd0dae899b34a7078cd2b892687bbbbe53fe591bb7,M_ROR,92797,2107820,ff44f1ad4d5196f809c4bb80ee5461ac9ccb618cc4fce1d38c5496603372d0f6
93623,2113284,FG_2020c0b99d9d698e71db4daff99263c5a68bd665378aa29320fac4e0f3024482,1,6b3c4fda631283701fba40e83b026d98921a9165371c4df1de03aa42fdf9288a,M_ROR,93316,2112926,30a203d88db3b73a0e4bebf6ee200b32a3ec4da6c81dd1b74dc61345a894263b
99291,2251382,FG_655088bbc460dc03b14f14a07bd2af7f3d02822f525cba167e321448cc97e600,1,45c14d0e7a06d4b4b8f33593eed7a9defa75ffa6e71d79a0aef0c50015f147bc,M_ROR,98994,2250848,a12526213680894f46e49308ad4e48d3a58ea3278f55f74e7365600731e7e328
93092,2107480,FG_df791fd03c5a792cbc14b2e688813e6dfc04e0f19e6d58e569ca857651ec1065,1,ad677f5510f62686fdfdbb1bea83f2db89659179e5ac88ae511e0522d10e6a1e,M_ROR,92797,2107139,b76e002ff5aa3774b6e2dab3ab02c0fa4edc38e3a64bfcf4062afff16ea7b34f
93091,2107494,FG_92746aa0de13d415752ac108fafe78bcb0977d520b80fcb632e39460bf3291ed,1,de35d1168862c2e6f8ff2576e77c915a960f2662f67747c1fd8ce4a3fc68dce6,M_ROR,92803,2107153,3d2d8270306a16199024dce8c2c2a39c9a3df47d661a75d5d0e167ca360fdd13
93350,2110528,FG_c6d9ba5c3011839862bf8f0671bcda9d55e3a32983a5ce7ba3b32e73cf8e4da4,1,febd431d9d24b2adfb04f4c3cbccf74e65240c8f0de093e8fd81680bc25432be,M_ROR,93033,2110111,60c70502f13ab65f7c0c035ef9a149803fdf48992c6deef1a3d1009da5c78199
98752,2241119,FG_d7806e5ea59fe520094ca30c0798ba9a7b762137da3ba9e7feed6266c7220428,1,a3810212e137140058bb4099098c6f43d8b1a69b85581295aff426e61e8a3447,M_ROR,98460,2240639,046b6488f890c5cca69e3e4e34cec6f2a36227df5b38a142bf13305a19c52313
93091,2108174,FG_2dca9cba1f8c6eec6e94774c2f432e54f4bb5558ecec58dc293713c3a374a7ee,1,5bdd477823343508651c394fbc0f2d76e000732fea43cc1538ce221c24ffef28,M_ROR,92799,2107824,01191c14ad3d0baad3305c267098d817c15a6b6bbb60145c42d3a7864e21e471
100971,2266646,FG_1013dce6df3e6f820865c610819c0888926902e2452885e115be4d5f2467e2aa,1,d011510a13cbfdbdd90a87acf54a9ba08325f4cd223e37b1f5f201319029c71e,M_ROR,100665,2266151,2d3bbb20803dc23fe3d800c5820f852882da833d2b0c54670d29f46caa2154a4
100974,2266432,FG_986c4a2a59e6fc15c35e37d718ee5a1280833ead5f6cee04c8ae9d56e078327a,1,b035808dbd0a56858806843f78c0e36677d6cbc7a3a1b6adf17a3037d091690c,M_ROR,100661,2265937,32a904f605b6fe04c181c458a369d2543b06bed84c5d24ef4d6f6edfbccd3cc2
93076,2108225,FG_7a47a73156a6e074d01da0e2cb654958d12c2e0849f45e01db7864e91996528a,1,fda918a79acfa6fabb6dc784aa5e46bf6b10104e79a939404b0b7924c13e4a5f,M_ROR,92775,2107834,d8d4c90941d050bc9d1cea438e7b7cf2e70d4154c52d983f85e2a776bc18bfc6
98622,2240539,FG_ae1ad26f1eb1f2d82bc6f79180dc9428cb3019ee9a839f54a00133936b1ea3d5,1,7561a99ba3e97390ea604d3c1e5df6bae58ef4867246d27baf9768db05a360b7,M_ROR,98307,2240051,c525c594f2430c94ad4bd9b36e8e09fbe7d2907f46803c6a85621494fce62209
93629,2114772,FG_d636e6c533f663f4407a30486d263a52874e08da8de566112fedba04ee922ec3,1,61e6ac9762055c733a72fd823acb3e8e9915d706268ac1e62371b730da2a879b,M_ROR,93323,2114414,afcf63c0a56b50e5d1af793a484316fac5a67ae6c24479cb892d1f47cda9530e
93355,2110534,FG_f110513d7307704af8e63696b5ecb23946070a7ee8d75ced11e53700ebf3fc08,1,908bfc2e1369149a27f5a4b30964ba66742dc77c44d2cefc823c9f5ebd3af078,M_ROR,93040,2110117,11d9d9cea0e15de5b88036aa86027067843c213441bfe83ac03cfdcc87a41940
101177,2267206,FG_90629c54e21567eb4a27dac93a60babfb0c8e50fbb816946be1b2c9a89e365b3,1,2cb996fbc7b06e78b757bfab71e53e96d4ab3f98ad1eafd7c4c4b6ef7f70a09c,M_ROR,100857,2266703,c3cda54360840f0454b6dc709d5a66f8e557f5e06d2b0e90cd3a70292a71080f
93602,2117597,FG_35ffc9b2b723962c19288b925c7d57a4f69242b2ad012dd20cb35cf253f166e3,1,965fb3a0cb146a5158aa463e8f81798cf8c0771e92323bab050a20de6d094ff8,M_ROR,93289,2117202,6264047b2a6f6b851cfc72aefc01d9d7d1b7ef4c54215f2fc4af6e91e66e6490
98427,2241709,FG_c5b1252d4aa743e7801973194d09f19aacc2ec1f7fd30cf6c5e7e65716ae037a,1,442ae2e7ea5b2fac6448fc81296fa7f809c3e8ef93f40b070cea32df21a0131e,M_ROR,98163,2241248,475c985f4bca8d13e93730b632b0364be0e488075d687b46dbc9bca57731122b
101047,2266929,FG_1e36482a40cfe1e97776b9624660e92e7f4c24e86d45767dad8fc1c7dafc5266,1,0f5b3296aac609191d3262738294106514d2fe7e2e6b9213d7a0031eb61c8f51,M_ROR,100731,2266426,30950a7c071b0227945ed2dc0248806edd843d21efacda23fdfd576d884bf370
98788,2240997,FG_4f6a2a26cff45c3a134b2fa9b8a4124019f34a05958f248210569853cec90644,1,2b6d330e0f4d87853294c78ef8e3794d4cf1097133d5a8307536a4d2501376e1,M_ROR,98488,2240517,0cc8ba393fe9609172ab51ac0cb60195709f33d9edcbb319bb13cddbd89f6d4d
93190,2109369,FG_13374e5a095b04974138ae83d2cd8060f62dc885a775ccf6c6aeac2c4ab6b857,1,88c4184e564e39d0c344adfba42d667578272507784fc103970eecd05196aba8,M_ROR,92881,2109000,6a22293aaa89663815ff561ea10ff036a7ddeaf9f215df2d9c6de486332938b9
100880,2265621,FG_8959e591132145318b88a24c866f83debc95f951ebb6114ae4e8047a299e87a2,1,c9b797a0027a15d5211346f1669c454e53a3e12f09cd6636065bc97791718e7b,M_ROR,100573,2265126,d174e04003c8d3612dd8ed0523d7bf335f302266373feb9ed12c86988568520f
100930,2267005,FG_9f11aa49a42d2ea5441fe8489ee4626ec1316be0d2bc4bd84b7e8e0ef8729040,1,754d0de5723e968771d0445b9082e488e8008630e47bd7155f1e259c3f3dce9d,M_ROR,100625,2266502,755c5500e049eb15e6801768476e65c143e06e39a059f4527f32804022bff66c
100823,2267574,FG_95d251784775a3dbc51264dfe575c1838808ef03388a2e7d111f793c6c8fcc30,1,c52aebffbb68315045faac191a27af87a9ab1c3bf5ec8ea8f23f2b74ba1efba1,M_ROR,100511,2267052,540c6c975183037e912917e1f6c10620a7a964df2e751df11d89832adf8dfd34
101344,2276245,FG_9633d9a30fbe785643b4029fce243e4201d0f71e17ef10cd6000cdd3f3851e65,1,c7808b979f352fdf1a3d476b8fb1c9b4c45499aefbae17ed3264153518563228,M_ROR,101021,2275704,aac4b7dbba14499ab02f423ac6f89f6a2d57eac39b89831329accc0521db83f9
93207,2109405,FG_6e108ddf3466909b7a39f8d906bbef193b88cba6c0958a9482502a9a2a2f2c24,1,f28aaf6a50cd62ed5df905cb375b5531977ed0f308cfb14796a085bb07213b69,M_ROR,92901,2109036,8bb8210ed69756ff83ff9e1d0c08eb3ff1bde6f32d7376d86cd91c83796c2b94
93090,2107499,FG_316a3c0e7902ca89a1d84ee9d6bfa6bfb7c050018a5e53bb0344a45b9df9c128,1,36ed30550a39502651669e97d640907b53ef08fea8ef1c4e6c09857f968c9506,M_ROR,92803,2107135,39c430f8839d8749a4212646118d1f486552d0cd18dbc2737d6689ac64ccc95d
98835,2241220,FG_9a644a65e3cdd33acbf627e1c309f96ee4ad9afaba0eae67db4e96eb567966a4,1,ec18e2f0042b5c804a39b3cdcd902c4781a3a850d42ebed9fe319746233192ab,M_ROR,98535,2240732,25692ebacd86adafe6d407c923481cff9a281cd2d79bd6b495214579bf04f4ca
93217,2110168,FG_70d8b1b1fa121768570e45f8971b64e1dc5bfe436beb5585b547b4c6877f27c8,1,ed5feb366b88626e7d4ebf9d589afad01a828c6e225c6741423abe21b150a125,M_ROR,92917,2109799,2d5237a0327f5dc01e55e5c688f8274b1f7bd7f22eb233553771505b5b7a3b20
93356,2110714,FG_506580afffa6fdb9daff2d265c126b6cfd0127f214b3c2aba7fd7b43061758f4,1,68a8fb3380d60a303a72ed438b977901ca156547c7b9f4892fa134edb1fe4d68,M_ROR,93037,2110297,4d05b2d86ab09453c6ef45c0f9cb874c0e91044fc094dc63c6e3ef8f16d5f4a5
93223,2109407,FG_1a73b01e45b7c3f594204f12b182b40c3e7258dff361ae3d4cbb4fdb2920d27d,1,c249c969095f469fc2d9b780db5d1af457d7dce99208849864a66dc9ad3e3e4e,M_ROR,92912,2109038,d4019b21536932ab19516019490cdaba844dba23b872a5e1e9bf367e27bfc250
101046,2265018,FG_576cf60774d0a6b0da96b7ab3681365dfb8fb36247406ce8c8bc109112ea5ab7,1,5afa315a4f417aa26884f75afcacee5b89902f9555bea85e28e5aeb1f51d7562,M_ROR,100728,2264515,cf432fd4187c249d52cfafdf3f5cc1b1019d98b85d39802dcbf4a5baf4349bb8
101081,2267217,FG_c01e3e28e52ba20cb8c71c3e28a20b9bf9acbda741b00ddbcbff84e886b685c8,1,796d1eb733c4dcf7b3a1dbe23ddc7e9b32d11b51b3605832b76b134adac224f3,M_ROR,100768,2266714,fe1caddbe4ce33efd8fc1b548f828573eec3673cc1944b7f5742f35c88732b38
93589,2113322,FG_85070583610ec117f872ef4348bd64c7a530a97fade47dc3e28aa6dd5923be50,1,b030722d5d5ed68ece509e33014ee30a0396e86b5d9173a976175c30316d0d27,M_ROR,93283,2112964,67b6c1c85600d70a71808b7809d031c0b41e4c6614342fee6ac52b0cded16d08
93617,2113330,FG_b9c947bf7df33d28dc80467eb87e33e237683567f9752a0d8a959dd8e5923b04,1,79f2ca317ee8fdb36c09892987620e8ee4d125731357f3d6638d85eb85da72ac,M_ROR,93311,2112972,870879c845ffb0da1c2cb5f239798e2c6964546f035bb22fe6ecdca8f7733296
669029,10515876,FG_faae5e438295c2c7e769b4cfe49cb6388c03bd4f6777d43fbc868b8ba2a55860,1,c1e48646b185cb0c4613f6ee04e5edf1e2a44630539f2447f4db2c2189a6e4df,L_RING,668686,10515243,1ccd3778eabe2345defa33db7823bca51ee15f0763f77190b31acf1a9aa57cb0
695219,10851202,FG_b991bfa4b0425d43a203401fa97e0904f4e6e88733c6c11c17160a1a90c84e0c,1,ca52283532c9602eba340addf9b8e009c7e214bad7340c999e55d6baa2493ab1,L_RING,694836,10850523,7289b17cd3c8bfa9652b60e0a96595b6623711ec4af697d1d089f17cfdb78b24
360583,7055339,FG_ab3d11915e39a4730df098333974fe67411b0ee5de2068b844062716b1fab24e,1,359fa1edab68fdc765aaeb3e37493d5aab8e7f55b295f4e339b6035a5023ccda,L_RING,360112,7054822,60a9bdba3b9c064585b3f00002e670c3624acc0ea29a95a8e7ad697fa3927d2f
718918,10825583,FG_986c4a2a59e6fc15c35e37d718ee5a1280833ead5f6cee04c8ae9d56e078327a,1,1c2d0837a24b9e16a836bc1a271419fa17495dc3f6a0d9cec6352b9525c163f0,L_RING,718452,10824981,fb3d80eedf7631369100838cf2f1864255821c7e86831813456e5c92365aac03
693483,10844200,FG_4fa1f6a28712cdf52a4a166bc9b5ba073720b8c7dc861399ea980afa32b0287c,1,a06dc3e829bc33be40cc48d4500e17bb08802f382a9f470c95f6cfcdc05f61d6,L_RING,693227,10843521,b87656374279ffce3eba8190ed56c81bd9670e230b42e5412db0b3754d654772
276770,6126381,FG_8187fdd64a6e1c532574f0d4e050a32a23de0f366d7aa79cbe9558eb51d8c461,1,0c5d41ee6eff3ee594588dacc5181dd940e85caa703737054912c8335538b29b,L_RING,276403,6126017,2c46606656d441f992c4356a3aa2fa32e7d10d619508f20929c17ebf8f39fb50
689826,10512939,FG_9639a800f1160f57371d12fee74d252a6470325a7b2f57a2204e2de5b6de3c62,1,1d6269b1c85b5aa21b6acf42679e2483895adb9b2c2dc31b882918accfa84b8d,L_RING,689368,10512383,90d7f1af406b31ee87d68ebcd89460ed503225c27c0989ddf0f963fd54dff509
660443,10159788,FG_58f28b5e72d983c9f7349a83b666e6c458c2caae7cb8586e020a6bf9d31e35bb,1,71242958c9f6c7026cc82e5219fd20b2be71189fc6bfb825f19252c1e58e9afc,L_RING,660005,10159278,cdb5d01569c4baa524e0015d6ed6896ced761bb527acc9067e607d47f4eb16ce
690355,10563669,FG_d2fd5d1c798000030177c17a19223642ae34415cd9a181d46eff757f62ac3b5e,1,a417bc540dd0fee95eba32531b9ee9fdd844b1a44d9b7d033a16a000a6055be3,L_RING,690041,10563113,b6af6c92b652f0885a7c14205004bca0a2c30f63789155ffcf165f87370b9567
307018,6426384,FG_9e156a4caf8ac4233241d551f071bf8790474fd4dd63829b2538a146a9c22557,1,7a35a6c94bb270ba655713c4a51e9f74271aff666d23018f169c553a37b1b129,L_RING,306641,6425959,7b6feed8f9231be897d6260d587d9aea70d080d5c4e3dc620d826fdc9335f07f
338035,6735569,FG_7a47a73156a6e074d01da0e2cb654958d12c2e0849f45e01db7864e91996528a,1,e4901622c1ca95256b2dcec83cb775ab0b57b6664d8cbfe0a9c216619a026f35,L_RING,337624,6735098,071e5ed1c3d38565cd172644e8cab00cc2d4040b373e6de689c2cbbb5c1d0b44
693857,10739565,FG_498079f7e98009670aa4f029c516a206dfe0b50adee381164c616624dbf0b79b,1,081d8e238948041a990d13a881e86a5d32338e8f45cf8fb33f80516299941722,L_RING,693456,10738886,2d70be7044d0fd8c5d2ed6f03a5ea0693d6894b15b20388b5dfbbc0048932c10
637209,10202303,FG_d7ffab6f5da5b44ab5bd734477947f91487731d40b02e48d7d264ad97f6abaab,1,c43d996e9b7528c4344e4f2278a7dcd7ae3e24f9898dd421ac8f1fff648ed039,L_RING,636836,10201716,164e595c1c0e18e24be7d38fd1d4e258872eb2a867118b2046bfea0b9badbe94
640182,10195042,FG_4f6a2a26cff45c3a134b2fa9b8a4124019f34a05958f248210569853cec90644,1,1ea9a2998e0105713679d55dfb06663d7c619b841ea189cb2b2eda402e9de596,L_RING,639781,10194455,98356deed7917a58f51f254c04eaffc676e26fd363ac4d65af237108cc30daee
744505,11161554,FG_dbfa04c94bac7a32e2197227c8a4047f0b0b4ac6db706729976b0d1bfd6d2675,1,da312103d5b62c6e8b4025fade60a52f524a804d2d231b6df48e115ef54d5fd5,L_RING,744069,11160906,52655de5326ed27df9653326d846d67f960de6f8f6d74c7391430da22e6f3c5a
337030,6736076,FG_742187827015e3f2cf01b685008d043252761f1d6549936c398b5f271b59b17e,1,15ecb5d0ae1efbcd122e3465dfcafed2ce6085edbfce326487ef6e3058c7a565,L_RING,336642,6735605,e3c4c0b285a395717d69c1509f51f36ebfdb4b19ea662a6304915edb06242cd8
359985,7053959,FG_c235cb74d11ff9d25610d6643ed6ae56181b86c3d78ae1c326927b1a26677a40,1,c6b5d69398d23e9c4a28910ba42ca479343c17e19b643ef52fb55da2889ba648,L_RING,359706,7053442,325368185305760f474fc3393882eac42c82a60c8d8df25b4303d436228c695b
659758,10271806,FG_202a19f74341403614cfa002277d3fb5b2a2efd9c42f78156037f70d30e2a27a,1,971da335b140b2263efc637c8f5e3f81abf154b64ed90c181a53b4c11d51868b,L_RING,659413,10271296,b69993fe8621dc8212b5718c6c3aebc2db85e92b081b49b0747c36cc85197a41
389169,7386886,FG_ff33802a5e924b957e005b21bd22031b3a5d47d07893fd28e9fb9aaf64ddd616,1,d6acd274645c58e098303617df3bc3f593f33253033b6a11eaf51eefc47ed7d4,L_RING,388628,7386341,fe186f91d83e96b54a424f08066a1e22d87cce3f598779f6765bbdf545886f62
612597,9895866,FG_48052b55d9950543ad6c00a12958e0e0f7cc707e89394e25abf537fcb8e3f598,1,eeab18514300ea7af11adc30e75c9ba340f6f86f816d5733445a2ccfe688e634,L_RING,612407,9895325,88aff4b169199189a674a1f61e249a22d4ef7276f0dc838c2d911601f9b678bf
716157,10821226,FG_8959e591132145318b88a24c866f83debc95f951ebb6114ae4e8047a299e87a2,1,734d7aebac8b5cf2fcbc5ef52a792097de6c66f8344e127b5e4b0ab39f195205,L_RING,715651,10820624,48593d2ef960ba63b4a6e6cccbef5765a2f4a0cecf4158da8b71e9b8626fd707
277177,6125913,FG_2769ec9fbd48f73c3fca99ceee1ac415f0910362ceb3aa78e4a26430650c9711,1,0feadb95e1107a74257f9fcd14a91ee4068678132b8061ba7a05e8e7ad93e63e,L_RING,276804,6125549,9f113f908c5a325c791e81f876d489c02761c3888b3b8f3aa73cf4168b133f30
613462,9888387,FG_c82016f36bd55ae02eb831b915de3d6b24196ec22e25c5f3cdade643573a134f,1,a41dc542defb23e35f098f4ff30f7b1c9b463311d28294905adc6a02d11e6cd7,L_RING,612944,9887846,dc11d7a3b122a069b1d4e721616465bd0bc12658d15d51a441fea5c525b14ba4
745545,11113582,FG_8e36809c289dca92293fcb0c2ee1f865ef91940e8f8ea78ddd42736ecbbdf2df,1,9d631ad66444368011cc0d40b03e2c4012a469f1f1b43395f3f734d5b32858e9,L_RING,745080,11112934,aa2e945e4dcb864bbe7160af281db5eb6022162b97225d00298c8d2b2c05c8dc
611602,9876518,FG_32c7ebd13a619bd8601ecd633292001bc41a09e49dd1c85f3a425703f91549fb,1,38bc32e5df19145a6aafcedb378318d28e71147a6e2af96213d558b2cfcc0c6f,L_RING,611330,9875977,c361d191d210b264c001c16fb2f11bd1fb9fc6c082f4c15004367b5ed0e67267
692813,10839596,FG_f2dd10f6f9020c394da97365ca1b46371aefdfa16d9bd0f358f9cba178d33208,1,b73accf75bbb9673fbdcd64f437f67c7e6dc3970ee3bafcbb4de4af354270bfd,L_RING,692500,10838917,ee1a7dc1bdefa0b0a97a87900474cced3b44f9c90d89462697a29a8c53a8aee0
720741,10853997,FG_19eb63bdbbac5723de2255dd20e8ade9236966bcc7e5ccd08b581c390ff8e1c2,1,c4288741b07f4257c2791368c8a8cfd71d464d0d8b9e439f472537d378505f07,L_RING,720284,10853395,346b7aa630cf0bcc66a373393581e5ec3870a3bdbeddb89866d45ccb3f18ef38
667446,10522636,FG_2d538cf56e2854073749edde362c0569a88d1909b2ad464f03a3b483c6de6dc7,1,c98d5f8e2f7f4601f50ea5262e8d4db71e1b300645de8a4ac509270a10e164c3,L_RING,666904,10522003,0db36d834f8338b2e6bcb55d46d1840d135f54b2743d2ee94acb2016a79afa36
744700,11105153,FG_f0dfdc8329ae8927b7575c6d51f044fd440b159ab758deac51096c30a7dea44a,1,865828f8879c1d11f6be8b182ba3c45049e7fe6b49eab1ebb8488e61e7080b30,L_RING,744250,11104505,3ad6d3655701fe2b57c1060e87f94729eff6938d78bca42f2d2a54a7ebd5a2ff
389017,7377509,FG_506580afffa6fdb9daff2d265c126b6cfd0127f214b3c2aba7fd7b43061758f4,1,b9c0369ee657d8dabb4a97e5836759d598d15443e75888e132c0e68c016ebc20,L_RING,388677,7376964,2d7cd1039a1d1621d289229853d60c4406b7939470087ffdb61f45cd45bebc95
613036,9884220,FG_1c416874857b6dffccd4d33ff27af1733e38fc1ee77ffa391c50f08ba6ef1ff4,1,4e7e0dae8dda452fe2ffe22a2b91bda6102443c0c6fce4e7365c2d0123e2efc3,L_RING,612703,9883679,3f0fcd2d9d3632cc5514439286adc8dc409607c0c22966d894a0e2d7b1d953ea
388771,7386121,FG_21ac0076b2e7eea9aff6cbe93bf050e1491c0bf66bf636a610ae60be5b27c5ae,1,8f13f58796ad7eabb5a55533250fd3124d1d748b59d49d3ebf64490544870e02,L_RING,388328,7385576,f26f3ca34b57e2e4ecfe5bcf6cf7f19cb7308f1fc40f685fc59921334132b952
336071,6737585,FG_86db16ad9df9c6d508e28cc8475e6432ff590a332840473ccbf68d97b618a019,1,98e1a734947757170b0a74c9a28125c827d1ffb03756842771891427d4d80850,L_RING,335709,6737114,ecd31f081f8d3e4ef987b2e1d57e7dba20256f2d57938d7c2b7ec40f4b396344
689993,10532961,FG_1e518cdf70955d725c9a88aff71a2f654a94940227bb2a92eb21a82d0358a0ff,1,b10abcdefa50091a8c2832ece6eaf7280117964d1882a7069cfc38ca60639d00,L_RING,689685,10532405,5fe3369e9d92817751a5ad065fe9ec37ca9150fd74a59640bcd23debf7b8b345
666218,10497961,FG_ae1ad26f1eb1f2d82bc6f79180dc9428cb3019ee9a839f54a00133936b1ea3d5,1,fb53b0080f252c5441b2b45003659d66206cae47085c96d026b47147f611203b,L_RING,665794,10497328,dce6fca41d37ab323c8a7879dd333f1054ff5d668cd3748354278f9c6a124ede
277118,6126546,FG_a115a468b11fb86a6bdbcb93c9905a146656efbf6901c2471e91895c16cbc175,1,79776a27580d154daf4a48eddef628a910409408d93a5f0654663c337c669daa,L_RING,276742,6126182,fd84ee916e6affc89424a9ceb78dc4dfc130fad61b97c16f3fc3a0a15c57fd51
276874,6126269,FG_7b49e61faa8d5219aa6170d207c8bfbada100c83f6a43e2a96d2c6a09327ceb6,1,e4e89dad2a6bec9fc432498a1e4d737f13a637b0af156956f1e1af032d01611f,L_RING,276514,6125905,c748b7f00c1b1f91d8c550563b5cf72072a8083b929054059f26ae9adf6cc11d
639117,10198607,FG_d7806e5ea59fe520094ca30c0798ba9a7b762137da3ba9e7feed6266c7220428,1,76514287bdc2b9555273f06bd231cdf12d45737661cabbc0464dda838fb596a2,L_RING,638692,10198020,529122c320d3560e4c3eba7aa04a8c61bfd0f11c4a21d33fb34fe4bf75eca325
746406,11095189,FG_576cf60774d0a6b0da96b7ab3681365dfb8fb36247406ce8c8bc109112ea5ab7,1,65974b71b284a9f668e3f49b663ab872c5d7b43281f43fab6b954a2d87f2ca50,L_RING,745869,11094541,d1414cea0a54dac18341125351e9e9c29c2bbae9fe040cc82108b9baaf82118c
609347,9771383,FG_a602f8b028d89187a32820c1ece88c8f8d70e013c95e22393afdf1343093f977,1,2292ebbc98d83c7c5a8b08c03660dd990b049a4128df1a3a59800b22dcce7869,L_RING,609024,9770842,ff75988a6b00c155fb3921c035d834ea8e13fb3c225f3040d24df8d812a5bd59
388963,7383579,FG_fde3828f411d66fe77521d637a48cee9bbf9788314d8f188e0249f14c194d3e6,1,ae412c23bab53427e5309adb2fe114c45816a51adf9da3949b6228bc5159aa8e,L_RING,388478,7383034,1bd7342ff8e39f5e4bbcdb7edc9b76b63c6cbce403d735c24b741b872ca55d6f
612382,9888233,FG_9974ff58ed9e977f7a76274a7cfbf008f64bdb2260360531d870a999638e0f3c,1,bad8bab692aff4dfccb119de10badc36335d71764d552bef2bf77aeab7d5ec3c,L_RING,611947,9887692,df7f1c09ac285cc7ccbf82c12e63006690d4bc8bed749b890d6ed49553652e9d
386049,7384362,FG_238364b4a184000d06a0b0ebed88f7ff87860071f052225bd4c8a1000398a1e7,1,dd6e0c5cf9fcdb8ae39d967081bd8528d395f5d762a6d50ae66770b41d6fca2c,L_RING,385592,7383817,c186c8934694d353f0a6e8073ed7f6fe2b73c64e32b43cb71fb2adbd0e2b0cdf
388947,7367330,FG_69e1d28d04d7669cab5ce4481b8683f065ac8ada72ce85ddfd104771a80a7b93,1,b533f42dd918f757a94d721d8001b31758f0cade80993b9dce3f4b193f4c23df,L_RING,388528,7366785,0fb8b82ebc20ba22a3a4549caf496b345bc00fe7d183faa2600acedcffb14f25
693960,10850229,FG_456396b4ea00b558f60d0ef4152ac25975ac520491f354aca2a0bd101863a47a,1,d99f43a140bc0dfe02081b5dd0eb61ef9cfb948c8296fae4c91e423824464656,L_RING,693614,10849550,989c4321087d683fda132868ed74728e6ff97f290b3b71a10c1bb484f404aa87
305453,6425937,FG_049d95ef88c69d518e9448644bf07b6764b077586dee3c0b551ad9848ed9c074,1,dac73229b910c6884f420115655f70ffc9a598bcd1ae0dca5341382aafba2a96,L_RING,305070,6425512,50dc842ac9b14c5187e974ea1a76fb0926bd57e2887930442788f145976560f7
277116,6126515,FG_847a2734fb99a54426bac2d563693a8e957f0b363561468311c873a2186a442c,1,2db9de84c4107e5495b670371fab94c7b4bd72782e3752d1984efbafd39b2ca5,L_RING,276746,6126151,9aa663e47a16cc29e476925e252524a5cdeeb1a3a45c2fb208fb6f0dd52ee015
660185,10277315,FG_6b65d1f74d516c280c99c37a9365efe160cb569b53af93b3c24451899bc37438,1,ae82603f3a043d83f27a4201cb954e57e50e0bb5104fe8599d9a53bc1c0173da,L_RING,659875,10276805,8738a633c4c3985cd042ca79b8b1f738fc298e3ac3f0b57d0f77a52537c8938b
690598,10567179,FG_5639e4fb9a3128ae3859ecc36a5d7625da11f1cc86a3847c3e0cf51216465e7c,1,86fc9892a47dd07dc8e5f7cf932d28312a5cf0199701aaf5f032ffb6a318e155,L_RING,690383,10566623,c441c7543491750cc67b32319993d7aa5c7af12c4d673b35dd6055f0dccca615
277107,6126336,FG_065b113f4429f2922cf71cef3a1b32f215a375912708a6bed6e5483292965d7d,1,7c94bcd8ffbdda576c0e1eae4a5987d799a87d3dc6dc0e569d58bc69a566009e,L_RING,276744,6125972,32ea4b24daf671fa0e29077679807f273663636e2861818c70dba6b93ba11cb7
638459,10185248,FG_bd11aa66f3017820c1e48d0d042ce5a8366b95ef1c413f0d0b9dfc6350221ee9,1,1476229539614af8bb45c479d447be500e6d34b9e2af6e7ccc7197e2ee2d5566,L_RING,638038,10184661,ebd85836c10d5ff01dc9cb9bf205cc4b3e088bbe76f1b3f5d8a48dfb371ed7eb
690292,10535877,FG_9b20bfff5f8ef0dcac8ae754cf9f572ffcfe63074e0eda32e150b6879e9a3b0e,1,2d6ad35534fb4242f71da0f52cf108f813a7617043332e69b3971975c95a1db6,L_RING,689832,10535321,ef04739dd4598a4d03ac14b7dcaca168cbaa5184b015dd7deebfeda448c304a1
716432,10693965,FG_48fcbc2c476815a25be9bc4790fc8306f0f130ac25f5972604836053fa39f50a,1,1866219096aff75a945d3c4e5a6f02afe6b86770aaa37b583473598b1af75ac4,L_RING,715950,10693363,97f1e126237abb8bb704d2c785687e3a455756e4a58d8b56cecb437dae5948a2
638151,10085753,FG_0948c40b56dfcd6158bee524492870893b30b2587619e039fbf19fddc1c9ccb9,1,02d1dd52943863ffbefd4d14adf3f626df6896b241d105b9d43515a659dc326d,L_RING,637915,10085166,193286fe208f118069f3301265352c22bd2ab0f00c87473bfe9fa6f892ee6f6b
336431,6736992,FG_7f1128033ed4a67d70a91727e241646f9f0ad316faf0d211fe16cd6f5839d72e,1,d0ac4c0dccb25159b6904ab5a324b2482a4b50ab7124ee36e364193bf4ecf30e,L_RING,336049,6736521,a09eab663a561cc98cf1567a43c1bf480d523e8de0a1d7832b7858ac7787132f
307369,6426310,FG_7df55636afb07eac5a47589c17c30447a7d9845ab92b73d333515d3493b026c7,1,46431615215026e038f8b6148d7fd7e897e2ecc162c7c876d936e31623b70234,L_RING,307004,6425885,b8e5f8024342354fbddfcc398eff18051a6830755c9331ad038b7788e7afe4ec
276802,6125959,FG_cd76aa1d9f6070a7eb134ff5c77c8b71bad5b6bf97d953dfd35738c89e99328e,1,7ec0e9fe038bf8397dba27b37820af736efea91a26c5a0a92ff58c2e802e7a0e,L_RING,276426,6125595,5851624e91772f644364dd48e8918a3ed55d9b4202c0d5be831991a974247d0a
665288,10518827,FG_4235f268459e2c0511726b40c1e563eb211324ca6921de2ee4b3a41c72cf8065,1,71ab9bdd952f50477047071d87580f379507fc14cbbc8a69f5870d0190a85f57,L_RING,665163,10518194,7433e5b20f152531547ae89e14be7ef21ee1ffff3e9c08edc2bb53dec9af2fed
305728,6425539,FG_40c987a9c5fdcbf6cae627a38c91b4dd34f66f5d980fd9eb65bb5e2ffb222556,1,83f0471040650d4224c195ca6e61d62530d400507b956e0bdfa91ac390083939,L_RING,305333,6425114,ecf8c2f793498dfb5a81fd0d7d4fff28c38888eb6fdd580d3735b3ed151e59f1
658349,10159623,FG_4de69eb8cc92a12cccd09919fdfc7869b1b2be5ccf9fd4143a2763bac007a220,1,7a6550c727b61e9aefa4ada9b22ad9f9cf523af3ebb47869b06d96e9258a7346,L_RING,657883,10159113,e244adc45a2349136169f88fa94f685c75dd28a7fb730ebbb0d2ee6ce6600180
688686,10543736,FG_df88e2185724be45cfa72ad1b62a54be5e5d8d38147fc75d254e293608d6e648,1,4ab2f8b08f22c77bcecc6a3819061aa8c062e5f6532ef618e54b14ba0fd4d73e,L_RING,688466,10543180,cabe74d478c7bd47fec893ce7defa09cf53e198bacab96191714ebae97822f45
660999,10263563,FG_611e880c94610381dcd4a33f7bf1294e7165321d798e89e4eed67faa7e78098e,1,c71e5905691a1e96a561f1840e9b2df1040fea5d83f57a004b7f8e2c3e4009b5,L_RING,660703,10263053,31f068ed85097ec5121786f14bcadf7e5ec9f9d544049a585c773096b25d9f30
608253,9890999,FG_8aa3fe9bf53e397307ac31b51e251e11764a73753e832e3ee48d7e8b0da3e69c,1,4e8fb3c17da2aa243ff767b0e783194c5270750f7a698ffcd5fba65742d13232,L_RING,607961,9890458,b45ff64e7f4b3a59d4bcf41e0944fca05c1400e076db365893867f45b713d8ae
689369,10507847,FG_3036ced88000f2b3664c70b0d47f726bacb5801866655d0747ab7df723d07362,1,965cee3231618409dfad4010e55dd1a5aa24062fa52f6599e23a36eb04225d7a,L_RING,689023,10507291,b4dfa14be4051e00e849ca7188d5966e4e703479db170e80eef0fe337bb6665e
609978,9888038,FG_6831070c8f7767c7bdf79c4c3dd9c48b2c1fbafef73b45b9e7acf91df4fa7503,1,d865434d5ca30993cb137b60879e39b105bddb38ac661bd1c9899d03f4185df5,L_RING,609725,9887497,9773e32e050114018bebca712ed7a58d7850fa15d0072222bb025d6384636e2c
715440,10809681,FG_7825a1cdc7a07c19ce2789e19d35889c24361360f791d428b50e412792608393,1,76e23049df17254e165ed0f6596c23145cdc28200182ad461763b5e1d92bb7ea,L_RING,715078,10809079,47dc6780e6dab999685851f953d48980c5612b45f9047c08a5a7ed4a64fdddbe
693561,10840601,FG_fd625282c995a32116156bc02eb58caee67f45780040a11435cdf5e409fe4d59,1,ecc088eef98145ed03002b5ac6f471a5b6a4e23492255029b8659ab0b02c6d8e,L_RING,693218,10839922,c4e99c208f62e98dd4d108ef358f7bd2c3e44d80db0a7f7f30a08c8d76d70f83
390311,7385943,FG_f110513d7307704af8e63696b5ecb23946070a7ee8d75ced11e53700ebf3fc08,1,f0ad4e4d45c5cab74bf153852107f7fae45cfca1aa1cad2e087dcc919e62730d,L_RING,389812,7385398,f6aeb224d0f9afa5eb65dbf8f491fe5e1fd6b4785e0830bf800c940f2d0a7d0c
360121,7055269,FG_bfafcd91d92d0b6d79558f77aed7006e41bebd2df7b423a0aa203c58114b912c,1,01c77c9e021277c605a6399491bbdca0d354b1b53ec8987430076cf3c11c1ed3,L_RING,359641,7054752,5c2d0cd8ad2b2085cb11d35b276708215080cd59df45fbe2f468c4f84c052fd1
361319,7057360,FG_9ca9e58c144c3c577c86e10bf6bf45389042557c1d0df7db6d196f151824f8c6,1,e4c84c363d6873d6b79a5e8b9148db6dfb12092f5e75c30f09261dabf9a698a8,L_RING,360824,7056843,902ff65bb8cddde9458433803958c400b754f8ee29147d8f5ad92329f80a1290
634380,10088461,FG_50280b31340706884fc4c1df5ac365f276dde88d8b0c50db652e8a6934c058ba,1,c29826e1cbbf55d2f83f967c36cb17eddb1c278eacd5382d88859d090898638c,L_RING,634206,10087874,f2f6134c9818298021ed71c6e298b434ea56635040befc0811be7dcea72761ea
276580,6125905,FG_f85538bcf94821c21f3c21fc6c0a115b7168cfab7ffa4cf16169c9cd0bfe9d46,1,f7fbf9aff672b8be5c615d67a5999880a4304dd93c460d1460424e4807a7d5dc,L_RING,276191,6125541,ee2ea665071f8edd14156e8ae2951faac27ad9bd45c7b267040f38179b58d9cf
639863,10198881,FG_8ad9319a35be702609ae77a26344e8df5da7898f1a254c36c2726dd8a128d7b8,1,67716ac855c5f0e5e13cbd0f7f0f179538dff6fc7fbb6edf7bc2f00867026794,L_RING,639363,10198294,6be511304a81101b9bf251ecc637bb8764c30a27f4aa7f941ca1f9fbc4580bf3
306407,6427025,FG_d21355c86908f5688ea96789db8c87681cec2c3268d1ce88579a5585cc7ff639,1,c117fc335467dfef7f223a74a4064e5894f372276e12836aac1ca1e49dc982a9,L_RING,305979,6426600,48ef9a44747c2a05df1ed29ce41109d98a6e8a836b1d440734419c6e837f6484
696407,10832341,FG_d456979842a5264de3b02bad9fd6d4d14288426702ab5fcb079e89b60c58d987,1,13f44b8998720bcf6b5da4fdb4123bb9079488c20416ceaf9bce3739093abaac,L_RING,696069,10831662,8ecfe13ccdafa0b697358672196c5234a7e5ebce3fdd8c421007a113dfb9d0f9
333604,6736225,FG_1192f2cf3621c89acf566578ffe5680de47c0af5c5a35d478b249ce678c7a037,1,e8d5811a4d4d06566c8d736fa06becf5c2bb221d170100abb294460f4357d0b7,L_RING,333196,6735754,73a6164c0ce8d97c5c660eeae1acc8dcb7731670ff12a68509c93be02acb853a
691760,10826346,FG_30fc2e945c8ca6cc3e7e541e03747a1cdc3cdffcc5fa738f748f7bd0fdbd6262,1,e31bb69e5e298407bc11c71b26b2679c6fea099657d65553c39649874660ca42,L_RING,691388,10825667,048df94e6d36b342a64ec5bb7b483981d9aacc36aafd997c601ec077e7220ff5
694134,10834657,FG_e103eec878dc453820469fafad529c2dd25069bbbc2f918aefbeb167d2328b8b,1,58ae3bdf985bf70f07cf4ba2f2706a6f95bae6a47b38189d9a11ee20e0aede81,L_RING,693751,10833978,df69aa4ffe6ff4c86c099fbcddc1303df4912b01075f388131e2ad9dd9c94098
688806,10565319,FG_4718297b90651711e55d6ea9bfb998b9aee8c2f38118a1e2ff86c3a0d95151e3,1,f58e8203c67ee05ad9b3675538497088d2d15b94a66edae60b74a374d3da3ba0,L_RING,688439,10564763,4a23e220cf402c2bb46f5d0c1094d9152c5ef9823efcbfaa0d639d7e5cdb51b6
719457,10746616,FG_45855f23152bba1b49eb5a93f38c932df607c0e3770e2a8581b60674fe178e15,1,759d27b856b0144ed8805028f0b43640e5af8731d5f62df62754d095b360fcac,L_RING,718993,10746014,19adeb81e9fde4bea85284934d7631f5c12c69a1d14cd55ed0b044bbebd71ed4
718134,10829199,FG_35eb80fc07a01e6b1b28856c5b8b5896ae9696b0d5203abe61e811ddaa799187,1,4ec96233dc02f6e1a8c9e6331d8f9e2cd5cd55f47eef05c9ebfddd2db5a91805,L_RING,717758,10828597,e766210e364db08d819d7f8afbc710d84a21e9f525092156be799d69172bcd42
667545,10499381,FG_ffad998e091507c7d75e223565e03a3a0acecdfa16dde9854db5cd27b723d669,1,88b9ef282a9a7a485acd6a97bd5ae63c412e83a9f000756e6433d79f1b2f18c9,L_RING,667087,10498748,75cd12726a930dd3b2586dbb0a0855e9670eae974b1680912ac6815c9001ff5b
659810,10274074,FG_c2e6bf5f35c8d570816792f5a2005fa6eb4a361fbdf2c167543c89c740bf65ac,1,76decfc6bf4fa186a1fa4cac14f10edc3caa0e2e895f0dd246c0ab206222c627,L_RING,659445,10273564,69d9cdd3608dec227ca1bb472ab7d3b0be9d83de474f0f3def3a9892f21e723e
364015,7053105,FG_ef89c77779ffea4c98d98969d62fdd4322b39e49c1dda6611af1a60b3eba54b4,1,f4b6213bf6da0f92f3e6b763872f31ef134ac7aa94bf8485113df0c86608cbc3,L_RING,363702,7052588,c4153b74d1f4c188a53d61ad94e044c204d1801c2248d770fa096076dcca43ee
660467,10271530,FG_9164f3f4c0f0b051fdebbe68856fe07cbc37801ef3e6a70097dba48b2fd53a46,1,4abb84615231f665e267e2fee622bcafa94593949402d68c8d2abfc80eacadc5,L_RING,660193,10271020,5e902eccbdffb3220787eba363fac09f113b7c638d6a9a63c064e16a85c585dc
336276,6736069,FG_316a3c0e7902ca89a1d84ee9d6bfa6bfb7c050018a5e53bb0344a45b9df9c128,1,46bc486aa78de121304c314c4cfb1f4dd9e580e95f5431d275d345831d9dc630,L_RING,335894,6735598,7044ff2a386aef3fceb8b2131cb414a812b961282cb4da658b0c898594e058e3
694819,10826518,FG_3640c5f0ed2726a6259c41ecc7bc11281bc32ffd90a12d665afe54c2de14c83b,1,8e7c8335c1335254bdb781be29d8c041868ef476f85887b6c712991cfd8840a0,L_RING,694349,10825839,aed456ecb2532656d475912488bb4bf66ac1ea830467be4c79b87e84dab46e47
305597,6426456,FG_69b3836af1409a54f7d61d50a6ebedd22a5d37ffae905667624fef4b2c1783c3,1,11e07e33a2ac6f48a26be82d8a99c4705980e687391f8777c16a7039f5e0044b,L_RING,305268,6426031,9d32f5eba3038214fc70d5b19e4f59c2cb8fcefccbd2d61506bbae555e3a7ff2
639339,10183895,FG_823757b5feb95ea70a607944de0a41681f9c135d32158f45ec3861e150432c8f,1,d0189dd26cee083fbc6687bdb1d320992a8d032be7a015b4f9e70562eabd7fdc,L_RING,638682,10183308,87742d4c3b44ce7a623b3a3dd0dcdbe8f1fc651af37593a898db8a685f495de0
638363,10167305,FG_868db56293340ca8713b2cbabc0ca1a52dc4b835e43326054240e25f774201fa,1,a0778e85ef671c59de1cfa13ab86d699b6f991cf0298553bf4331859f658ec93,L_RING,638045,10166718,27aeb9818bfc64dccfd304db7a809d1b9979afc6889ac2ad3fc1d1708c472c3b
333729,6736517,FG_2c787eeded35dfba424af0192b3c272a453925865d6fffdb4838867f6cfb38e4,1,131ac1ec5541b8c54d3578b222887f6c02f46b7bf3201804ba450ebf8aad241b,L_RING,333352,6736046,25b47de669f641d99461d286e52b9f5a77d96139123569e6ce20f9228475b005
667775,10296470,FG_7ab27bc8a7a326bdf06da9139e32fedd01929e1f1d50725acdaa3a42906275db,1,2b218c82e473e04458d967859a10516d9bcc0e0f181da6d6624097db0cbcbfeb,L_RING,667432,10295837,a60cd109caf3cdff68cf86a485b25e2539831137297c3140e8eca654f8c7b935
718824,10801436,FG_5616931d53e40688e17eef74ff779fb5bedc866b7afa6450a9f93c419c0f6645,1,c001dfdf59b86a80399e2be94981c67477000055999c1ca0972029ba57fec59e,L_RING,718350,10800834,94e4a26f666ba6953b01ae448237b5864bfa31efab0dc25c54a1be8a39ac34dc
692785,10822364,FG_ca3a07abf0cd8bc3f3441afb10594d45377f84bd77999ada6d863a654e8df549,1,3d42ab2e4a380478cc6456fdf33813c6bb943223a83ee4ece3c9e32448398166,L_RING,692366,10821685,5fc1e52c634e1e95eb980a00201602c3b69f873695be8c395034ea376ddf1dd0
277308,6126310,FG_7434ac99cd7beef3e98e91fdcb5a3708960054f7a82fb951ee0b0e2c3e933510,1,94047b9de8794f2205c04e857d224ef536aaeea2f5ec64f092b8c21b84b57dac,L_RING,276949,6125946,fb9524d93a9d0b27f57e49f4ea7a97606df31e5bc236e7400185fcaad1c446f6
692572,10844204,FG_712025ef6f40211d37cc464134d163b2886186b7aa77af44dc71cabe4327c58a,1,22c207533e006af9efe8982d30586dba744de81c808ff9d32f597fbf8da6087e,L_RING,692233,10843525,0926086c636d00649ae446ff2e15e9d72dcaa5882c1f0ddf167e279761156a8b
659313,10160192,FG_ef1c6869ea67165c8c2c84847b243f0ce49d12548e554a9376aec0d909d5e445,1,fee43ffaa8e549f08949a960d251bae0cd9b979ff972e2ef405e47eaf47615bb,L_RING,659007,10159682,e883eeaf38a4a4d9863361b09a5d6246c12e9b8e1a23b056f64616d595fc7d0a
362890,7050711,FG_9070848c1d23ec738e415fb8771038e44a7e2f657fd36dedcaa2224369ea2f01,1,e96389f1c045dc20dd695143aa24daacdacd7f0134270917ca58e2403fd031f4,L_RING,362672,7050194,22aa97ffbd4eedc85720b265996619584b0edc8f118137315719e04c046ca718
670150,10523704,FG_e307f6068fb2f01cfcdae1edde8c2b1002640a3c3cc9ff2ff8e6f660c657ff40,1,34ce32b59f71200fc20a8109905ce779e8e5b0d52f627a5c46f6741d69ebbb4f,L_RING,669770,10523071,f90fd48f96634986c60706abc5e8edea6141615a18803571fd6c21eada2aa660
696106,10844080,FG_0dec9985bdef2c47086d4cc1e151da9acaffba38f70fd2ae37c1feede3992c23,1,1c14c79bbb6dcb77e37a5940d6d09b01abf9c5b730f7a17a399c23b065f3d07d,L_RING,695869,10843401,00ebcc16aaa2f6821429b07a881bd70ed0f6132b387906ea20ed4402a3584c96
744979,11168326,FG_f65df16aaa75fd97a9d3f09c02f7698dc8e103452bb7f777c15badf9481c2f7e,1,f6c06d5df618e6d6adf1454755fe079376dc7e17b1711550fc916ea3cb3d7a50,L_RING,744393,11167678,54a304a15f978df06a2a6efd5d6c424f51476e44be21d6460ca4ca9a0b85a190
667067,10523879,FG_2fe993e0a259aa17d1c9ecd55661d58daaf8f7a15ccc430404e526feb1901f16,1,a7b347bb0b32c11ab3ad725a6a424f771f68231bbd9ecccb801dcc0282b9fdf2,L_RING,666712,10523246,d6d9dc9e8ff879750f040677aaadd4ee7a5228d6066511e1a1e50d48ba04e5f0
745883,11117729,FG_edf63087ab66ff87d82bd93559dd84d170bdf677f978bd2f56ea16fb82864e52,1,c5900f603afd17ec9d90bfc438471fe8e42a5ca04ede0f46e9b0dee405a4f5be,L_RING,745473,11117081,c709e266bfc5e9a11470c60695531049ccb9fcdf60c6aac87017b2b303efc0b7
305874,6426774,FG_2dbba5719c39bcfc251637e2b9bfaeb79d1dd1375978609690030e5df4b5847c,1,8807856ff006bbfe0265cee3c5decc1b25a186224488b663d53f9853a5d19625,L_RING,305533,6426349,46bbfc076ccae0c9ef6af823b1b8a7ba54ea9f9ac3539871897a14d3d330f57e
637695,10197552,FG_d088460597875edfaaba1660c68df22e7e337b286480d583ca3e87153cdb873f,1,163a3b84483cfa000ac8530439b5eb96996c33e08d81d9b85bd6b25511bed275,L_RING,637317,10196965,a232523592010b4fb405d50ea33f6050bad1166b0749e9f31acd6d80184f07cb
306391,6427049,FG_007ba554bbfc0c78e24f314c1fee70627782330082ae8a01a9e5fdd8b4c49ab3,1,e136bf0ec25f4de9ce6bf5a138e8b457b4a6057d2394cece23e79de268fd691b,L_RING,306012,6426624,540631e57dcc71f12b79a35e9357b5d6961213fa36a627392ee9a23f4c7a3e33
744943,11119808,FG_90629c54e21567eb4a27dac93a60babfb0c8e50fbb816946be1b2c9a89e365b3,1,ff5fe5c6a575ad26583a56424eac0781ec7bcd30737a98054d31d30ca41acfca,L_RING,744378,11119160,27a2a460622cf015bc94f37932b9c09950b3e9773b750d409d40bb3dc12a042a
719563,10849757,FG_c6e1b670e142d04f5604f95410dc86862a72f271b0b58458b74e9bbd76ca9916,1,31c1a4e142101df1077e37f17dd5c73f168a3dc8dc9d1e0eb3be2e32463119ba,L_RING,719201,10849155,a2d9eaae04a38cebcbd3a58c2c8decf40c59681b37b164d136497bce36a9b1d8
335042,6736746,FG_7b27058541c86f8b43a18ce7591763996f1482746b6dac178319f59c1a04cf98,1,8107b1bd026cf79e941490778a730343b1ac5ca8f124da5706ed09d701a33bca,L_RING,334599,6736275,1efffa899610dcee9ff3d6eb3d0978176cab87735d7442cf82d2a7109bdcd129
611648,9895052,FG_6c71fc786efbb41156e5ae75e64fc8ce7903ced6bd83beb03776f50965455aeb,1,32e6a485b0ba7dfaab6a23b43d879b7c92a04d0e2617fae280cf670098536939,L_RING,611433,9894511,382145980565ca309c3c889f950192a920785c7a5c43be350c79a337daabbe4f
689094,10532751,FG_66ed1d91e865a808a20a7d270455e4f9657788853ae110f48d66ad8feea23d7d,1,462b2d95417bae6c12d0ba7474255821c41053152425b10d2cc1392fc3c85d2b,L_RING,688699,10532195,d0d8ef5370b6b783d4fcdd5084cde4e52d95c7e79669e0cbbecc621d09b9fdb7
611716,9897742,FG_8aadcd6a016e5e7cb1c5bd765431da465a206ddaee39a3db4110b748e7fbf35d,1,162f17f4dd41fc3b8837ee7f715669829c6f6373024dba8dc3e808055f37617f,L_RING,611362,9897201,8705314fb292a0fc981d45ac41da52044f7f717a0def2424a77759a5a42f55b2
659158,10244264,FG_e3837ec16350460f1a46940302fa03271ad122193912801e6c92e45fec7d345f,1,2487cd2ce3ebb606291548d00f39e0fc5294077f77318bd7cf1b7192f2325c59,L_RING,658744,10243754,340e91dfc97f2983dcedecbbc5521de40b064ce9f4f11aba16b84493aa3359f9
388127,7383880,FG_e54557d352b0b06f911b2f2a10469202dd3d837c6fa073793a1088cef43e24f6,1,a30d279d51585f8d7e4385c30f99685fd4d0688ebf7d326f1400b24e6c392ac4,L_RING,387726,7383335,dad39b482fea5e55a2e14ef95b1b5f3467ebb90d50fd9263ae46d50512b6e195
720696,10839209,FG_1e1a8ddd8c828a76ef727b92bfa1386f0ccf85ef684a17c71ecb1c942c705194,1,e21fc8b71831b83261e9f5efbf2a2d71421c596843445b599af912649b2eeb12,L_RING,720253,10838607,58ed48c5899a9d26766eee9384234fd8b8744f12da131d1e82083a55698980ef
388002,7383326,FG_a0ee7ab5d804daa060b137431eaaeb82ffb6ed5586d0cdc2bf9eb2c873d42074,1,b9219f91b3078ba9654eb0c7ee656d434780c9ba54b5c35129c77492d8004b60,L_RING,387591,7382781,4d8cf581c5c280738f506f648292e5d85b770eb783218791879c4a7999045a13
636718,10193464,FG_ffd3625e6b883cd3536b8bc85191710070236f04476a4bcb7cc0ca4c80811b0f,1,d30ab732936c82cd8c5f962c16a9869d9107780b9331e2d739ef70b550788b62,L_RING,636324,10192877,4e03582bb2319b220ae473c8c9e9a90eb9c86cbba8d04310bd05691356747db9
362738,7057225,FG_f8ff3c1d21cd460214575a5f3f9318fd891d676b0b1beb1c76b03c5848496586,1,20a3015d9ff4322622601e65a40ac2c8360bff49fd5208891c5ac57793aaaa2e,L_RING,362549,7056708,8274324cd21b7de17cefc7a29161e95af1454c3483294852441231d12c7d0421
661529,10251053,FG_c893e8e8dbb022ac7cfccb279dbc78c2083fcd92e138498870bfac601c779ee5,1,cc52ba65c02841a9a7e2504d367b257ab4498f4914ee835a0a62f7be941bb4db,L_RING,661171,10250543,002b67ebeae51db4b32bba1edc05a4e7f10add89ade3067f604a3ac7abecef14
691517,10525381,FG_13c44f2f7c2023af41717800b38dc43a179c2a990bb9a933ae801056163d1359,1,d8d70139a275c6a271d7ac4b5efb976e26e0da25e5486ee20f6f2457012363be,L_RING,691230,10524825,94f7e1aeacb60c6dabab72e612516efd8452d8318d09faaf192aa4396b495052
361212,7054519,FG_367fa88f1d291b5455e74e5ee9f43de1f89099f9610a775a237cde286246ffa7,1,13ec494a4815edd53bb16773c485d65030469e4fa9917d5fe1c0c22a76139556,L_RING,360745,7054002,bcec3d6024c98738095ed6d7e90c46a802f633a91f75a99e29289e59aa0300cb
691206,10543905,FG_b011dc3d5a9630c9a2c7c2c7794f4df1bd943e829bf2e538ecac5c2625d3e492,1,87c563092d0457c90d56be498419f0b0fca2a19e21b880c2a25844cb5f1a9106,L_RING,690937,10543349,aa43882fa31a1b58c77af6eed2ecf47a2df851e33a92ffae5da2e56e3fa9cec3
334202,6734610,FG_4a5a83f24fc8f82ba038796294ec7b22fc96b1204999bdd407adac2383b49958,1,2dfa60ee8b9c63fb862753d4aad238be9cf1f5d563bf1ff9f9faf0b96907d2b0,L_RING,333828,6734139,12ac18933f43c5239a5baba8539b9b638be7a04c0ec45dd3278a02f99fe8d6bb
361792,7057623,FG_cb3622d3f524bdcc68598f6e6445a357226f34c93f11e44eb6685524ddba6e93,1,65fa78b01e4589cb8b2925f45d2ee5e6624f0781fc6150bfc65083ac3a3eefaa,L_RING,361320,7057106,b3adcfd9f88f9fb915e2bc26658dbb62f908eca66702ab14ee0f87dcaeb496be
743641,11180023,FG_61972511da15de3d11e2e42f2216cb6ec01919c24d83878b010acebc354c2711,1,7866292172433af3b9dfbe16c67216bd1efa51f2322bdd81a0c1103a0dff561e,L_RING,743149,11179375,2cda1f1992c44fb26d21a35548d5a35e323ae7575397a9818daac2d1e707d64b
691043,10402272,FG_8d0929d92437ee8982f3650b052a7f712f3c8e269766151ec4513c637c6a03b9,1,cd589dcb9669b800173b1a6bc431f02e32ca286aa3e17d5933a90d8974aee515,L_RING,690784,10401716,c6490f96ff5d35572a8e3945278868abd48a39636e907272bfa8c4eb4fb5238b
611566,9877095,FG_6005837b83e178bb36d57fbe6d86e589d86b9bee1f649ae6e3bdc55c8abb17d4,1,99ff47d382053fe8eefaa20e8dc13049d0f0aefb17252bbe6e0f756507f9b559,L_RING,611198,9876554,0f40d849fa2849a5773cea182b7a26c77173fdc770843d3ea18ad7cadbefa46b
306833,6427207,FG_787b8f29518336edd49fac6ce3a805e160000f767d4c8710322c593f1792f208,1,df42fbfd4b9f91115e0d36791fc0c69c0789ca70982019940ce0b76ff1b8ba8c,L_RING,306483,6426782,d8449b2427ef5ce89082bf3fa5fdc867c51c8b79ae26748902946a4d1c04355b
745219,11152672,FG_36a4064eb6c40838fe48933f88fb1d1fe21219c42c5445f0d456c6f8a90be05b,1,5fe22f17582791766304dd51c235a00435634543364783b8f973ed1227d590e5,L_RING,744846,11152024,8fb09b4b8932a460277091f2dc4dd1770860e849fdde3a0f3c901058894a5a94
611166,9897760,FG_6a7db6988a8b2203d904d07eca4781e6f9c0c5a9ab5d5c70f08a70580ea8ee9a,1,be24ef1cc3b8596d666b64a67cda673c5563ac67317e58974188bb0a56549e05,L_RING,610772,9897219,a7fe46e7f35799153d84f406cc948dedfa61388550b248d0d7211a1033bbaa39
689448,10837737,FG_599321be931bcc62ae182e9bef0db4e2f88ea581e23bd0a2722a00e8c7fff516,1,1168972ad539378015eb6207dd39cd731180adab4ecb35fa854454539dc9e500,L_RING,689200,10837058,80151632bc1f317509856c34821d13248d525ef7d5a590e78a49b5af97ea393b
745710,11122425,FG_1e36482a40cfe1e97776b9624660e92e7f4c24e86d45767dad8fc1c7dafc5266,1,0c4f155bea2f159da5af2ea141f2e6320dd3377fd461cd33f0c22328ed4ad019,L_RING,745261,11121777,033f8c9be365d9db3dac61bcbb2950937816532da993879de5254fb6ddfc38b7
695874,10849936,FG_6bfda7b88a7c4af4f5a0b321591662d88f8ec7e3a0954b54e890e06a201f3d6a,1,11c7688c35018d73c5c80b474c6d6c595178fba57f64eba846fe451c531bdc02,L_RING,695513,10849257,0a8615d65181fa167ff1f00ee8228c3b734762cedac0d2f970ae1d4c19abf6a9
308055,6426280,FG_04faf6f8228377af9111fa4e37edd0174b118a760cf2fe3f32de0cbe475c1697,1,96a8b9a5eab9071784701147bb382d7885901e5e221246fd7d8159ad0540b92e,L_RING,307695,6425855,8da006bb85a90b39b5ea3218a04ae426734256d6676aa23831aaa191f38b3198
334451,6736107,FG_c390f8660a5fc3e97cfa47f1cd6fdbc7bc1cfd6a1d4a450fd4513be4c8a0feba,1,29972ee58bbb95a0e54af1686081080c21875e1f8520a5a7e5e2b6963734248c,L_RING,334106,6735636,bffd0225ffcbef24c2e7eebcbbf5fb5fcfd178e62180d5cdbfbba087a8bedfd0
668573,10523728,FG_ea06538be2ba175ac5b35fbe68e663d170254061e3419b867269b6744689ea8b,1,47c96dd5ce6a1b3f996659f908a00b2f7e95a8c952f4dbf565199b2467d761c4,L_RING,668188,10523095,696d064ebcb20e2752b619fec7d38650b2b55ac80321bae02136bd8aad031eb3
277023,6126314,FG_27f2ffbf03e34cdab1eefcd655f62d6eac0d80d2e2b1deb9b15510b3bf3335bf,1,fb18f7f1ad3610fdff6916c9f1046db24d61dfcdbfb457f8450e404c89d4a157,L_RING,276657,6125950,6cdc5541305ebfeb9f82acb20025a85dc448cead49ad53d51ac997c45d6a4f19
305923,6425903,FG_8f8999d2e94b65b8fd41e50bac1b59a05c9fcdac0665d0431e51803406e9b83d,1,af8a05cbb6a221dd1a65f474f26b9aec532aa4df113094cc2500e587d47334cb,L_RING,305501,6425478,9b205c530a2e27ade3c13b11629056b6eff58187f2e6cd9aea12ea7039308a4f
361927,7056821,FG_47a6df0b2d058d79529d7fcf8f3bd5f9c13ba96ab7daf29c5a53d62dd23768de,1,06bffaca6fb8d3735430650981401eab1b2fa5e6c615d93d4ad84a50ee709eb0,L_RING,361501,7056304,a65c3cd1f11d2b0bdb35f6fdf332d2b15e586408c9001b250eeee74506c79fa2
388522,7385264,FG_f484cdb43b37c5f3d766cb82fca6fb67e8e33074c588cf61edcc9a8de46a200a,1,694916101a82c96ef19eb9025267a08b191ba713abf486f0137faf153870e3ef,L_RING,388026,7384719,b1418558e7a4997ec820843dfa8a09200efa9e9de401c17cb81cfa7c678e2af8
277083,6125740,FG_6c03271b124021e9c54d0616a757d062f033e7b9a5d313f329cf6ceb2f0e2449,1,2ce4132966d51c4c6ed5330956c1b8e3395e4149e05281903f63dcf98077d482,L_RING,276738,6125376,570931a730e225d0e1bcc010c0f52728f921b93283d2a9f6609e54adee01fca4
610938,9869553,FG_8751666540ed3366bf0d3c5a1d16f5cc14c15cb7506233b7efcc8395dfa61399,1,74150d15fd33e18dc5b977dab1822afeff3918997329bb501c79400e1cc4bd65,L_RING,610703,9869012,1779258a26ca9ddcbe6b05d243eded473166dc425f2ca9902a84246f7488478f
334993,6737494,FG_1109551fd68a0c5c6857f28516bfc7a902cc98d547aa35d906479e94b6841fc4,1,f789b5568c4d6b136288b9bea5d1a3c01c60684052e63369351e0eb43613625b,L_RING,334550,6737023,50c6d13c329cc36dfef5bb7673effd713e7ca7206e36418ede8f3856db5163c5
637585,10088675,FG_c337f5d99714ee3edef650dc64020448ea2052c19280effad4dd0052ec5848ac,1,bb8868144de8cbe55f2f46ba32444223774e22b711cc83e835a826afae88cc96,L_RING,637268,10088088,f3aa9fbe4ce21035c3489f5dc5f295c0bdab734ecb355a7d75edadbe39901d27
745130,11107642,FG_e102d1ba5adf3e29aeb7544160a9a764bdda47f0db8853449cf330cdd4834ea3,1,2e5f84f01b88f002ed51aa1ece07f8b739be7b4a41acdae2c06441559ca0089a,L_RING,744633,11106994,dc048b2d81a8a5fde0f59f3d91e1998bdaad1fab6bf7023cf5f2c077fe0069c5
744899,11151300,FG_9f11aa49a42d2ea5441fe8489ee4626ec1316be0d2bc4bd84b7e8e0ef8729040,1,f47915ca06eddd5f2ad9a57ad6369da564ce50d45fded5423dfc24b74ea36fd2,L_RING,744367,11150652,a15ea6054311bcd11cd6ec99415ad7cf39617718389f5bf5d08615bc96981b1e
391089,7384241,FG_246e7d2fcbd4500605648c06b6b0ba6f37d7772737977257e1b1b46c44953351,1,165a790eb73439b570dbf0dd4f94188f9899d75712a2d9413d59f11747f55665,L_RING,390653,7383696,568276b1dc60e7723d7ea106408fa5df7e2248ba986f2997615160896f1ffcd8
718862,10866123,FG_6df6c57a5c5cc88a85e21069eba5be6f32d9424ff5cad75635e06a6b0dd67322,1,4ab9bae9b3a7519b9cbb23117763621089c615238fe5137d644b91109e4f8b30,L_RING,718337,10865521,08ce247442e42de87b01ee8d708f96ea7b2b67bc1982db5950bcdd10fab436e9
307525,6427399,FG_f77790d55b9d03cc6809df4e2b5250312caa25ca1e8be0604b928dba516188b7,1,d006c23678653b5bd773611e2c0cee8d107fd312cbd9aa1284c6bbc348777e11,L_RING,307174,6426974,5803939b4591cf7946d7eea5a489f9a6e49eea4dba7a5a4025a81f5af855487b
276692,6125791,FG_f3763581d6769d845cd2fd7f958a7e570680b83f4a5e9bfb9f7241a73b778a9c,1,2dbddfc54250a3c072a99ccfe3290852b32328ccaaab6815ce163abd40060a03,L_RING,276315,6125427,9011204a34be50658c8919e586e9f225bb7514b553866ec60c8d95f43eb39b63
659149,10272344,FG_6a2fa073842f01febb8b66fc9827ef31f467bfe50e8224b0bb00651f1bcb9396,1,add4be9232ec9fc964c03568a33a89ec7572dd5bb91999bce9f6be30e6bdec62,L_RING,658810,10271834,375af94bc01526ded9e67a85260072ce3a87d3a023993568fb85056361f56a4a
387589,7382980,FG_0d5ce2f14c4a7f1dac0e0c142004845986513ee35acbeaea03684cbc2b1af6ff,1,8a185a148e446a19d7d798ba028324caf826f972511c0b941791f7ef2e9c064b,L_RING,387179,7382435,1799ba770cf2f69665b740dd5f79ec5997714bd8f5266820aa6fb53ae08d3e36
667611,10509713,FG_16e3759aeb6fb4c7081c1d95b5ff8740e295444b18a183aff19deb22dbb1415d,1,6ae83828284d230bec7028f046cab942a304e8ffcb5b80444ffb00be5eed39a9,L_RING,667060,10509080,ba77bd985e9ae7cb66b24bd61891e7bd85bb2915f2199f0c5bcab0afe60972ca
363478,7056919,FG_2bee220b3c85cdc2e978f422cdfd7db99a22145d2afe78d5e85561e0951399af,1,38d6dba4883d083f6889056cf64c0b0a6629df0287d3250bea54b819811a4980,L_RING,363188,7056402,2d7b339a3d88ff7acff4bbc99764a66e759d384c3762b255291e5d5d472c90d5
689449,10463082,FG_696afdfaacbcb6393fee131da241c8f58574052bd0ddecac5b4453a79d94debf,1,1e9a1162f3c2c0b94cdbe82bbc74ae27749d0fb3e4b8d384fe3b063f29da8dca,L_RING,689088,10462526,5aa8c9d3d4c17190a4dcf35e77bbecc2db7f5dbfa565bb5ee9bdbbac63bb8ee1
361701,7057255,FG_95e4fd667a08820e951d0345e67a05ae729b5f664b7ffd61e1b823c6c616691b,1,9862921a69616c89b87cace14516298696adc03df68d89766710b0b3f673c15c,L_RING,361476,7056738,1ca52aff08dd3fe68353eb769b234783b9d9dd21ad0941453cc6349673370803
363848,7056330,FG_c446fb9311c9ecf14c8bc190f308c12508ad765b0b0ef6944765986424c59258,1,3c619e2ca98e3ba5e95a74cf1427d8822805f659d9ac0ef50574bd9f4cfb0a6a,L_RING,363575,7055813,eafbc1745b99da63aa7c14ee7a8ae9d95a4441032c6eb9934c871182882531c3
333037,6737855,FG_d3dbbbd3c6f13a8c622f5d7a0d68129c6f956f3196a360fa370541b35ebf6e0e,1,e8d46c865868469f10c9487762f21413006a5b72adaffc5176802a7151b1962e,L_RING,332669,6737384,d012bdc9124d9a40ab5e41d52b58094eaef864141f1f752365cda32c736e3139
389555,7380190,FG_c6d9ba5c3011839862bf8f0671bcda9d55e3a32983a5ce7ba3b32e73cf8e4da4,1,fee9f64738666e4c177446febb495ac6e99f580f844d1919bdb61c24fac855be,L_RING,389118,7379645,7b24dc62fba79a1a309eac4a267e40dbbc93549fc812823c3af294c76e508bee
308067,6426177,FG_40be7ce79fcca8732e48c5f1da04eeada9a331b52f69a7930bcb2a25556ec08e,1,18af4d4432655a8f1e957f16147bb9d2de530f029f2a5ca83d36f7834c8397ba,L_RING,307742,6425752,4d6857b7581cceadfde77ae9358ee9d6a006212bc66f121510bf776926f6a183
387824,7383073,FG_c8262bddb66654d493dd4e6d41ff24aa390e590cf8e7fc4009c1e1dd9c4aafd1,1,fd3b009692ed1cc3fe43ecf2203dd6fb06f409d12b8746f2f21695e2b122e348,L_RING,387380,7382528,91ce1fd5f6594863e3a8127a4e0285a0d8c1c78b8c715cd143efab2ee44c4c6c
613534,9877564,FG_58a8dfcd41ec17823a713e19fccedffa9b25b12d674f58cb1e205e1d4383680c,1,41c7e03ab49ae8de7fdbbbd1388ec76dfb9e979c462e6179df87ff0ca2582e27,L_RING,613172,9877023,2c584830a87ea8ece937919c2cd4d6e837fc506157926cda5f7abc07a34e3853
745058,11149762,FG_7438e2e72e795a49eb862f96999dfccdffd2a4e781d632994f2dc33a8e5db5ff,1,5c05267b1a964c913885c5c228acebf9c90c7b3aee8c2dccacfaee070fb05264,L_RING,744632,11149114,d31084b499adf1d12163b7a8df7c44c26c881ca5f21a6a87138dac38d2ae397d
308311,6427303,FG_13e86c276b22d6905d6983d0e286b72cc02a68816460a8ad13bee85541cef9a3,1,36c5ce92adfa1416bce483dee38dd5f0c1049b123bc82846185fcdc713f2ae2b,L_RING,307971,6426878,0a049546ab26edc0f666e8a8bf8f1aa7375a3fc0c774ac2119983fbc71ba1c74
610864,9778605,FG_e5e7d58a500e6ef6b2eb3963de9d8a0b56ad26f6353cfab8a06c9b9429bead42,1,24e4be54921c53ddae54157197d18e51f4e9e821be5d6fe81529223a88a2a513,L_RING,610479,9778064,a58b3d690464bc633819d354e20099877f297746e16c4812573ceaff30b343a7
668051,10515369,FG_9a644a65e3cdd33acbf627e1c309f96ee4ad9afaba0eae67db4e96eb567966a4,1,c46933a3b1f9b9e5b148050ca4d674f16ded5fcda504bb34e9b9380b77c94fc7,L_RING,667566,10514736,083dd9e36a0a511105cbc239512fb9d9abdd6187afb56c6df7445c7c8e53c50d
277563,6126468,FG_3e380dfdfc634d08ba32ad217303ea1d027967ad63f25104c158cca559fffc94,1,d3f1e3248a59048e461d7542979698a45d555b401a8ca068550687201678115d,L_RING,277225,6126104,8a4f1a0a385fbc38f3592c32fc69580f326216daaa4367b17d46baa7c6e96914
337897,6737512,FG_becd6af23694e9eae95ef53da9dcfa444384f03994afeec2a42f296adbeae97a,1,ac36583c66b48b37e62628da3410229499e94e08a2c4ca495a30ca6275257642,L_RING,337474,6737041,3328fa1612dbe5a3509fe2ad8cf404e47293e502ba0af47d144560e38b84ed07
744552,11135029,FG_c01e3e28e52ba20cb8c71c3e28a20b9bf9acbda741b00ddbcbff84e886b685c8,1,9a26e3e7442c50e1bf43b78da4c7b6264747bb4797465a7e9c621e3402e8e94f,L_RING,743998,11134381,2ccf3143f21959690ac5fa9626653b4306cd340f2645fc8d5fa66bba57b66950
389855,7383861,FG_57025b813be7986fe8ee11992ba4baddff07171e50e78bd20b9ef0d9d5dcfbb5,1,7a513f0542f8921549bba141858d4f56319c3f62fdabe75df8edc66dcde09517,L_RING,389364,7383316,ebe8e763b4527775da1577537e36e45babf37b3936321260aac3fab03b8cac29
337116,6738285,FG_78836b452c8bf72b27c16bb25be8b9e351853cf95bf53547f516f6405d457019,1,1a86856a2ba5262666e5d31907618cbbf0da1c886e0a2e2bd79cd1d4630f125a,L_RING,336757,6737814,17c5564870a0603c895190749a4ad55f33023e3e8078a42726fba618aa47b72d
659111,10155565,FG_ab9d81d67b4822ed8187e60059770866910b1a957e367866a62cf9740813b028,1,3e5158a354326099c1edb1647334b3e1a24aaf531580a54698cd65c94f67dccc,L_RING,658699,10155055,3a622fd896f22428625cd56537c04215f47cb040a9f336b8a53eeba05f40f99b
690038,10553489,FG_28545e447a3526874660af73e61e83f95d9116b7d1c5d11af64e8c4be6ebb31c,1,380149429aeb6db2280be9f25bc05a9cab108dc6ce7321f7dcd4d3353a820587,L_RING,689732,10552933,5ac92f265d1c252f46be763a8f48976ac402f46d8f493a1841c0d36fb98dd5c4
689186,10557641,FG_d257db3478903be6605fa7a888f48be87bdc778396b287219f8609145e212261,1,9b0131433e87a90a6cca12b8047a2e107a1ae5549f072b8e7cd22d061538d5bb,L_RING,688918,10557085,430a84455f42c9488c9c477b7d7adf932d36b5bd6b70e2e0fa0ed4290ada9c06
638659,10197124,FG_439d7c226bbfe0c5c477953a6009778939102c8075d7c8108ce12a11ac9a24ef,1,5c5dbafb5daa64f06dd2cd23172ff1b3cd360eb682436f40394d1de206be633b,L_RING,638360,10196537,c9857fd9cdbca2a49648c7fa3bd90563e4c61b7247a1b15d068dd64750e46ace
640096,10198683,FG_4026342baa0152c2388c51cc828a3889a012af7597a6d0a008174878233bc248,1,8c710b79e76d170f4adbe2442ec4114f708ccc29a8b5a9da51170c6d6abb47f0,L_RING,639667,10198096,333ab4fb6fdde705a8c7912bddd49f34ecf619802a1c25438f870759d35d4098
660845,10268778,FG_dfd289dea9956d56785635a0139591d112df9b546f769cad5072e561cbc2e941,1,32ae9fc92b396dd75abd8e90613ef76ae0e8302456fc7bae5125973a8deb13fe,L_RING,660465,10268268,9f9072e251d70b43f70cbad6b479c349cba181d77781ac9219ef9943f2a4c86b
363061,7054590,FG_eb796316dbe318de4a6da90a9b572325e92131187575422be9250091f7571ffe,1,ad1bca09e7fcfd34ef286071516b6a3f9f8c79c0f796c51ad0b3dd51c17b5892,L_RING,362709,7054073,236785ba739bfc76afb3a34d5c89653616d4f7b4dc647a0985ea1a1efa9f1b11
694842,10843438,FG_655088bbc460dc03b14f14a07bd2af7f3d02822f525cba167e321448cc97e600,1,4df420d6d8f675c3c181c3c519998df75a04f644454cb2305b732da391ac6185,L_RING,694367,10842759,27446d81998eec0354e1f94ba1aef796242c7ba112388a0f6922a0e53694eb96
716755,10728953,FG_4ebfa49bd96733a38e3f141e26f2997328453e9d54e0ba76535d60fb65a50c5e,1,34babc97741c028eece4045cc5864b79d61df70586ba9ec10e436a9068d0f315,L_RING,716371,10728351,7186f9cc08d7e916749bf144581b38c94895733f829d45f252a92028512aeed4
659303,10252411,FG_5b673a8ef1c2a191f0fbb201703f205e126b3a1add6fdc7535967097a6c2c2e3,1,a019a152912a67ecdf689ed293591330d971a01d51da8d89af7adc2b0c7a157d,L_RING,658998,10251901,30e35c6e8864f900e2d4afd81529fe5080e2b3928714c90fa10287299bfd6a39
637506,10202325,FG_a06f104470df2e3ff235818eee85ead6bfaa26dbf4553441c703c835495fae72,1,e8ff9bb269ac116bcc31681c09685d62a204100bff3589e04996505d2681243b,L_RING,637103,10201738,d435008b66112ce8470acd7179a0591d170e11e42fcf194a36e73ec237a09a15
661988,10516377,FG_ad993c7c381a904c27d68bce7257b1266d5c1297c131123b9328e544ff051247,1,a4d09bcfa92945a0760386c81983ea7b801f35665f71c7e72a22e5c6798ba04d,L_RING,661702,10515744,0502f2b1f15b7e0724547f88e59c7b7040ffc6b837b6387ef112f78a5b87016c
716278,10723758,FG_d7478d68c75f87956d66f3e2acd6beb7d4159b7548c3312f9880089cea6af8f4,1,b4300aaac501d2a71b036facec571412631770eca10f36e5f1527120a929c378,L_RING,715797,10723156,7decd2c8957e90714482cf0bb52fdb9eea02db9bcd8be96819a172cf5a7dc039
308070,6427090,FG_c2f34ba9064d1d8272a3ca92bddd4b4e2cfdb015d687457ddcb8ed483ac3221f,1,1ffab16913b0232ffe979068afb78e197f2f598e98f71c5e7db9415bc2feb484,L_RING,307697,6426665,dc7079fa7b7c16e00b3284df3c1fc80d60dba0ad0b8cb4e980a54a22ae88fb8d
668460,10512936,FG_c5b1252d4aa743e7801973194d09f19aacc2ec1f7fd30cf6c5e7e65716ae037a,1,0543f342bd2432acdd44c30f23d1dc6cc6b32f865d1021508fc147e20116c703,L_RING,668025,10512303,16e1b995d533359238c34604068d0de620334f9f12de97d93afc744e59f61d92
364856,7056339,FG_3c06ed357da00f699dafe573b4e85752ce252d72d40bdd60eb114a8285e1fe18,1,d0bde0d2c95c1a61cc29a9a23b5b198b53acffe5d82723c6e2113964c22afb83,L_RING,364585,7055822,dd373fc190e194538fc8d8540c241dac4cc3b4eeeea818281dc4b798bedaa082
636950,10197543,FG_daed4e5f0287de5e71dfd1fff07ed8a50ee84ced40afe71c7fb59387c6c3458c,1,566004acd831229b44ffa184a901b450bed4326e1e083483db65fed5e1bf570f,L_RING,636700,10196956,106d389d149b396ee478ed22fd2765b33c3df72b1724e30ba93eb41f7578f59e
715610,10871567,FG_5599c3b386223b8cacbc4019047a550378741cbf7585980ecdd6525b826e1efd,1,f5fed809be6b7434bd3a4c805d0ca7befe8a8135dfa5c89c8502d867756fe6bb,L_RING,715276,10870965,88d406fa0a1a45737718a77e9bc664bccfa0425ce81100aba701e608244a5bb8
660488,10250881,FG_66c75d068e18fbc9e14c9aaf9b140b9a147818ecc62c118d06e0d6675c8ca5aa,1,56d753c6649eca460025424d019e7ee988885903d28d48cbf03d40674f00ca1f,L_RING,660135,10250371,7384690c9679c5b1b5169a10c12fa54554fb4872c24d62c0067fd3ec06eb7869
337808,6734017,FG_76916043073bb9412b9deae3df641d54fdb5ebae0cf82b1a4c775f25843122d9,1,8fd10594f1e4f36a9173565c65e205d7e4155a6edaa47b45df7ecd55d366deff,L_RING,337387,6733546,5db5b82c30e009a3518d523afa592a56ac5bf7921f5b3399ea5386ee38bdbf19
664410,10519483,FG_44da6987f73b39a4757d23e6d9c2dff0cb807a70f5344a2d7ad3ca28cde0960e,1,f08b1e369f13e20c5031f0674bb66d18a755cb15ec7b58d36160dc37493abc44,L_RING,664165,10518850,0498c6adfc67fbc2359a5a21ae2618c299d96686a683bc95ee1209f697b2938e
664739,10411745,FG_8a8e9657a8547656d15eee25c78a549459ae96d434180390039965e2f344c3c4,1,949e172bbc5738f7d377277e2624a3932e6fa87c3f1b07029655a13f9fb8df33,L_RING,664399,10411112,1f6eeae48eabe7d905cf1118700a2b70bd0e0ccd9c9fd00ef2f8c8927ff27e66
718466,10815850,FG_1013dce6df3e6f820865c610819c0888926902e2452885e115be4d5f2467e2aa,1,7cc7cadb1ec7d902b6ce70577e690cef47c4c9fc2486199d360ad93e05e2326f,L_RING,718018,10815248,919f26c7e2eec1d460f49834ae1983b9a213b408a15f59d8532181fdb76df85b
746212,11134900,FG_78d03255896bd4137a75a59b42c936cbca1b7b6ba03a704a34bf4db1e60a6611,1,27408d303f3b4e2f9684b92ec708c970996ff00d9f8d2cf18970924513cdfe98,L_RING,745886,11134252,36260c46fc966a826a70cf90e174db597366377e8729b2d75120a403858b03c9
389191,7386026,FG_9140521eb320362aaa557f01e96e878f53a821b9b5ebfebf27b6dbc1a0747ddb,1,54dcec53d21ddf145ade3a093851a2478a9fecf3d3d6afbd9c3a578d317ab8fe,L_RING,388716,7385481,95355e48adbeb6c5ec2586d96e4c7dd815822d6b6d37c8e3f383f45d0649b755
610826,9779184,FG_d9c31adaf482c928cd70740e7a423baac4e33a1d92d9d02183cdd81f0034d710,1,374053d49ae119a3766c52c0835bd159fd9966801764b45d3d54164f3c3e9168,L_RING,610476,9778643,40762b0204d676ec9a8b5c58b8d899b959cda15eb74ed01cf718b353dd81fb00
665896,10410875,FG_26c8be38e4816c9793fa2bad4dc37b161aaa2999921766d0b34c5f47f701027a,1,4aeb9bad51983b036c5a3774494b6d6e4b648d9987f239e6d689aba5c4fee70a,L_RING,665508,10410242,cc177be64df59a5c08bf75257968f9c65bbd10725771f880ae8baaf92315a97c
659951,10257400,FG_81e5dd58962c83a6d0f1e281cf16b3ff877b8807df4c5d6ef7a199692f3cf2e4,1,b8ff2a33ca07c5776913fb46bd0a352ea2cf49029cdbf6531a410c2d7c037e09,L_RING,659565,10256890,a3e36a27be92c8f642887f446f31bf3e933f460860254ae8c9e7f8f763d60e18
745210,11193420,FG_467e7e9572fe1f75e31a311d062aaf097551b5e844b28bd007731034ea741243,1,fdb46cec8468428e4141ec2db2ca4cfafb67689f1210cff75fa5cf58679a4645,L_RING,744724,11192772,43990617f618ef3dea7cb2283d0a96f43013db2fc0bed9e276961a90fc78ceb4
276908,6126260,FG_47a3da09fb1805c07944a0977403dadd22573ba75278dfe0d7e2493e26b0b101,1,797bb22ae215c490f31a5487157baf84c5a596c201bf841a8566d92cad95c99f,L_RING,276538,6125896,cffedea10cff9a3ec744ec4a8dd5e4167fa075a0ed3591ae7f27d96f6183d234
334878,6735405,FG_a19693341e9da2ac436dcdae372f2f01f142db28dc7cb08a169340f2e89c7ea9,1,817e5cd2e7353cc9519d4be5a5d798ad01cb596589c92cca7c0e3311cf3de084,L_RING,334446,6734934,9212228ce9f37112a37b25f1e8ff119bc7b0706fb97c56fafd947a338f0ac855
690569,10506830,FG_9633d9a30fbe785643b4029fce243e4201d0f71e17ef10cd6000cdd3f3851e65,1,a990c3fd78d7ec9d2c1acf8fb14a3f8c6d18e0e97f5c42bbbb302c897e83b1db,L_RING,690147,10506274,54b7affa65b6468a19c65b5d5e0d3ce73fd1207e290811f7ef7b8761b8c9c900
361885,7054742,FG_19a5307c861206113238c32d73996534054d5550301ab6448d85b0b5aa6f03f6,1,a2689ae53269687c0e8d2e7b944b972cb46b480348f92e2ecdc0ba72a32203c1,L_RING,361470,7054225,55ee6daec69698192573a4ac04eaf0dd65e1c83e3eb7e3f86c0582f720c81f9e
305355,6427031,FG_c26bfca45ba07259101144b322aa5b2b5fcba474d56a37c911d47438d1cdf013,1,181dcd1055698bbd60254e5d679c50186f198dc20d34bf74219b45d96d3884da,L_RING,305062,6426606,81e48369172555af54df2f26b4f5fa26f3dbeb8c58920d5f99e4009a60f8d9be
717435,10820529,FG_95d251784775a3dbc51264dfe575c1838808ef03388a2e7d111f793c6c8fcc30,1,5d691cf3a64546dc4c5ce59199afab56d3c9c962c550b80c85960f446d525d18,L_RING,717022,10819927,dce69148395c7b9f01caba5013bf7e2c63296faf7d70d299fec86bc0f3e68c9f
277608,6125979,FG_f6febea64033efec72f686c1acc80f6a38432d7b7263581a8753584ff1832f14,1,b21a957ead1bbc85bdfc2790f269fefcc93c8bd8b9bd314eae8503cdf5fcf592,L_RING,277259,6125615,6df4f5b2b62b751ed2d9229e3a53b5f13e05ffc6b9907bd656ae9a771cc6d1e2
277396,6126182,FG_ca3f7424daad2dcad466e0213cd8c72ac0347f47566075c37a6911213f3cabde,1,4092da17fad3b2e2accfb28783bd8119114c84182f7cc1c3516e0da0218fd09b,L_RING,277047,6125818,9c78bb67fb0de487879b90fb74a66522b6b2a57f3313d976d309c55a8195bb4b
312228,7734984,FG_1c42df2ef5e5e565da423dfa4a68ccb249b30f3df8bff83723fadd811a699f12,1,a2495b8439a44d871bea25aef989f5f84a6d6c5962227d1d9bb0c42adad3fcd2,L_REDSTAR,311902,7734529,c7ac59ed507afd61fd59ce4f061fcc11ee24a5cc295418aa0fa634f4366f1318
312378,7734092,FG_9031ab20ea373cfef67e2f66e55c8814624c704d91aa3863966d60161842a082,2,f45d571abf395b94c2918c85f6475cdbbd362587eef713cad87392d7f64c1b6d,L_REDSTAR,311966,7733460,060aa308ac006058785aaab48271e3a73279afad59ce3521f867e50094b8b0e5
312369,7734088,FG_6f4303c40171c1ea07b33e8e151405b94366791ae71b3ef8da3c51f865e3edc8,2,dc087002e6e6c1c228ee5d878ccaa93223113f79f4b22891e35d7bb61ea4a49b,L_REDSTAR,311958,7733456,51746a1ca704ee18ef569ddc35ea45b2c1e74f9d9196956128b19390b307163a
312339,7735033,FG_57b9be671dedb3a38d5f3d485f5d27e96bbf08839c52061307ad0eb75cc36e79,1,27c9ce021308a87e7a7d07501d3d0cdfd5c80ac283d344339d1d2c05b3e0e4ad,L_REDSTAR,311992,7734529,d203afb37fdcd319c2be1c751f394c24116c6d01a7daddf3aaab99375ad68fbb
312311,7734658,FG_c80afbf306a23853178c000caa1106a80504fae01645484573f30e52fd5fe500,1,61cde84a68ae7ceafd90c6f9834940e1d59032f8181c542f396076b15dcde7d3,L_REDSTAR,311964,7734154,6a8c331b33d699cd388fad7765e280b00deefd4feade322dd9a32ae1fb385950
312384,7734088,FG_cc2b702fbbc28306c7233fe292d137798ac93629fdae3bf3468056012f2aef55,2,f89e12b36fdd2f4b4d834b7bfdc94b0a791be1e8d146e3dbf477145542b59217,L_REDSTAR,311968,7733456,5ccde85ebbaf4e8163020fffe185338bfa12624ae386bfd8f03039b1e739fee5
312392,7734084,FG_220d31e838e49e4fe7ed842430ac2de98b5fe845272b8a4c6bcfa7c1ff8cf999,2,bf62e3f8bbf0b04bd242facce7f45b4cf9866d189e299f59e38478bd4c387313,L_REDSTAR,311979,7733452,11863e55c2e2b5f8745e1ba224c71141875f23de361a3aab202d62d0e87b8799
312324,7735097,FG_636f14e50131657a037feadc44c81f0bdc923aa25ba6c8fafc8d9bf4ffa25ccf,1,d6ff1ff894b9cf344a0a16d8cc5ff3cc7165762186f9a17fd5ba89c3fc2edc6e,L_REDSTAR,311987,7734593,ab4c795399b602230e2438325b0f22e93276f8204e8d5a114894c6f38cd97e08
312345,7734644,FG_6b80f7cc1d70b81a365fe4f712887acbbd048aa03aaba6b811f85b1184965fc1,1,41bcc71664a03b83bad8e3e9c75d6d4e0c08320eda7cffb17b07ebb70b4fab50,L_REDSTAR,312006,7734140,83f13a6c69adb8250f663a2871ff8f0a04274980a2b86a5a84054ce00379bad7
312212,7733694,FG_ca98e6c5fa5e724268be03813cfda37fad5a05f5f655371ba71da78c3b847009,1,046a8a9b7a17c4e5f65f7a9ae2e3285ad14aa695dc3aaec52983978d98a866ac,L_REDSTAR,311857,7733135,b1f8ddb2a7c8f132de02bd7f1b183cd14b291d47b17566a7eeba84e255eab54c
312242,7735349,FG_db2ecf5b4b9836444ea46414a050108eec6d4df2e8b7e4d848b78804c526e767,1,b66141d9c87e7a64bafd9615de91366d444c2581d3950ba49b368a36caa60367,L_REDSTAR,311920,7734894,58a20e28677fc3126adbeda21b060afd2b99a70573461972d399af16a1dc955e
312266,7735349,FG_50629096bc32e04e30318fd6049b05aa47c8cf73aff8347b27356cb69ee87ab7,1,817e1061b48cc72677ea33437dd734d951e26043a3f2fc1a71b939d5cd4aa891,L_REDSTAR,311944,7734894,a7e4ee4266db3d8c75e054ee4c2aec02e2048e8442e41e801e764fd58e92e041
312341,7735025,FG_d969487f38f10854f2b4c96e82ea8192bf06fd36fd8ca7e6d3980ee2581d3954,1,061c76e6de65951c845fbcd9852e6d1feda8f6adea5fddec4af48af5d243ec26,L_REDSTAR,311999,7734521,80f2b20d59a791ea8b0813019f7ef925e820c1fe5143ea1fa0218293765c3f6a
312393,7734088,FG_288c88a0432eb0199ab78b7da6e5f06b7080176d51f21da2a8598d104c005c08,2,9bd82c53096fc6e804e084f6c85a1764d2d10db4d0cba4d98d787f34a048c7c0,L_REDSTAR,311979,7733456,a2484fc46c75f45072cace61ed6f824b44fb2c814b24bf16020e960cd0a71a1d
312307,7734666,FG_6ab9ee1b73d635f08ccfe17451fc5b60b39b39d0f15f9a4c9eccbf995aa1abc4,1,7a501aa70369fcb0e7006a4d81817a7cbf69e007d96c233c0b920de5aee6a65a,L_REDSTAR,311963,7734162,843b003de3073bbb25f641a3a276569c194febdf50b7ee649f1e268c58d09dbf
312335,7735085,FG_c70f77134f35989d9914b103f06cc85af8d2dd7dcd216e6af4ea2a2dd305053c,1,622ad409b94c0156ea5dfcb5871ab4091bb555d54995abe1f4b0842fe26ee6ae,L_REDSTAR,311998,7734581,2be249890380dbf61402989007f1fa17ae8263215828be9ef261d48a13d555be
312405,7734084,FG_df73eb65eec4548f1567afd20409e71a1f65b05b32cdce53773251f57bc0819f,2,d456c6a157f1422422691c1394352b913b4014afdc776516fed9d95336259ef5,L_REDSTAR,311987,7733452,6a7d10694dda57eff2b5e4be70cf8a8e4c869fa3f85f6ee72a8671d7c418e82b
312396,7734082,FG_a8af709e069cfe39e9620fa32775e4b5031657833b0eff65fa434ce22a1ad23d,2,2f985358a9891f92851f2d619ec71e8396778d2957545b28f6d37a466f536c4b,L_REDSTAR,311981,7733450,e7daa82d53b6a1d18d4c4b60a7e6a1a538a4d7243da90f054db99a10ca48e0bf
312241,7735355,FG_4405946e16e6bb73f0d75fea2811e746ed018d04f9df4cbd15f6049577114216,1,487251f7493aa0ff9f5d50c88d9587df2c56775a31d86d845f6709f912ce9fbc,L_REDSTAR,311910,7734900,8e9ad2859d77fcf8d2385d8bbfeb59f574f7719c95083db242cc7ce718d063f5
312270,7735363,FG_6fa8c4624be82e6d68c69a55fc4dd7d9fe0dd12f5e793586fa47d1c782a08ee6,1,82999fe8eb8a70382ce50330c24c2514bf3878d48a646a0ac9bd6fbbdba3ea9d,L_REDSTAR,311944,7734908,ece86eef4b046ad303e7f6d2737ed2845a05bb13ecc736e27312d1a89468312c
312395,7734088,FG_ffbd6b6638e5ab31a5068b12c033928aa3849c559bce33aae07f26de76c05cc5,2,51fdc29cf605c9d7e0cfde9d1327e863d2feb04077662d24c3f8e97d5c7f657b,L_REDSTAR,311976,7733456,60a015880db7a5bdb526dc9e9a042920f560520d31ca822649b05dc1226ef37c
312382,7734092,FG_dd14331d02a5069b3c6ceb17eb43be95066bbecf9de2565619b112a3b6b904f5,2,9f99a0184c56c2431aa7579b3d3e9473ecc08ca1e6651ec685fc107021c2eff6,L_REDSTAR,311960,7733460,88e8ac42b50c8a554c53dd04dcc137726b668ae9b64b58d8cf43b82ab385c7fa
312383,7734088,FG_0a9c1c7301f756c8e69bfb952c3fca2de9a76c2504c9000080c6aea25da5490d,2,6f40896dc77b3debd50978de31ace18aa0fd470ada92244e655a7b99d28f8fba,L_REDSTAR,311971,7733456,367c736e32b902abeefb59dd23411f7b860962e5e169f00e0f7d96265203190f
312320,7734664,FG_6af6311a574a795a25c805d7cd59171d4f35bc1dcd939a9951140227b48ac2ee,1,6d498d113e4f43058340573881faa08415472681deb78ff41970135547ecfb43,L_REDSTAR,311979,7734160,c34aadb219546d1ae9d1f465c845f1d6b155a114c27359d580f8c8f1c22a9819
312268,7735341,FG_30531ef99102a7183f342d9367aa91591d39c8c515eb7e8398448334587b4c5c,1,f6376a92876abb5e4b6823ca0e66063eee20679eabe461d5692c5d5ca3d5ad8c,L_REDSTAR,311949,7734886,41b97077648e6d5144b6876bb0bb094f110b4f0ea1a361100496e397de1045ac
312387,7734090,FG_f028028ec5d0b325ae7e5b91ad34f6b65d103a57f35145faef1dc69b9dc296b0,2,3b67ae3a5a79674675a6cf84b3d0841fac65a56da85942be9032d13bb1bf2894,L_REDSTAR,311963,7733458,a23fe98ed81c7a08ac924ae0425eeb6d80d1ee35d8c6f8c77d1449ae28013866
312222,7734984,FG_c0400bcbd268d3bca4ca5ed419fbfdce173a653fdd46082847a56a0059e46764,1,6e2a45c4a7a7757c1aff2d9f9ed04432b4eef49e150718ecf5fc8b3432c6a365,L_REDSTAR,311900,7734529,74289f33d52f808183df9da1c1f46f886b611f98a12758e884e598f15fbf6f5e
312390,7734088,FG_1514d19b9c3c286ab6d902d69416665f4c6ea0265ddebd0db8b2640afb2a0657,2,f3ec8ac36b1693f7b4e966fdd4650b9f09d8b6ad1e7be95e3aed1f3fcebc2604,L_REDSTAR,311972,7733456,4f6609ea722d3d9eb98381add49eaad5a92c054948d558d5d10af9ca5177a6f5
312195,7734552,FG_4f0a6396a1510d7b3e1fc296993ed7c7d109e39436d86da47250371dee6d7cf8,1,3b507013fee8f90f6e98b3af2bb3812e9dba8422bc8f79f9017c1cae63a07a2d,L_REDSTAR,311868,7734170,7f07d96e666f4012995c8fd9e7532efadaa2abaeb0468ab80637884fb899de04
312329,7734664,FG_e12e05ec10a99422e7da2ad794b676b37479f2c83c649fefee0c311abf331dac,1,5f7e3f0841507acd6d0ff322481b9ee0be2fa6d7316f0a1150c2f0cc8461b4c1,L_REDSTAR,311989,7734160,9ed0bc86cf61c5f674c8066b9544309344246e30a6ed41effe71dab59c7ddc1e
312249,7735347,FG_30d7ef87eb5e7dea6b715fbb6bf51ec1b50148adb205172ec7d41ed0ad85bc73,1,e0ed9d85f4a746a31eca38fa6062cd5b08d0833b33df7b0725c5211ad2243e5b,L_REDSTAR,311918,7734892,e0bb0a9630c41d79edaa8ce29b8abe599cae2b153082f5b532ec8aaef35a4ace
312360,7735364,FG_8b96052ea30b9af76704708743c4a7f414910d3aa0d9881d2631e3fe69436f15,1,9359500a2dc22742ae8327ed9189d998c70f70ac9ba710e06b061962f6d3cccb,L_REDSTAR,312036,7734860,fe5265e762d25caf74d92e1eaaf79136a6c20f894b3cf229c6df8b6f0c04e023
312376,7734084,FG_20502c0ee8e086935ae7ab3f3a15ba6affe9fed97ae54ddf88b9a02c8ac710ce,2,63d63e909eacb8ccb9eaac6196c01bdef787cfdcafc8754acf0c9f26603381b0,L_REDSTAR,311960,7733452,3138d88bd2e7601376be3c4c05ced553d7b1742ddb294abbaab799744789fe8f
312252,7735347,FG_192fb9c281b5f136924e33e5596f2546b8b42e58ffe459a318c78fe45b282cb9,1,80ba5ea70ffafbb0f5b4f5c6ebc7ba5fb778f1dd5b225b058113e4e6d52fa330,L_REDSTAR,311927,7734892,43b551e3444a06b119c25b67dab03b53c5189cb7187fcaecbc7d6224913c4517
312369,7734088,FG_c643b2fd205d17860dcf4d2bfa481f1bea813c722064aeb468534c2796042bd0,2,76de24ce8bf9c4dadb71873e0351d202b13f86d1376ec5a22625c6f86f1a4293,L_REDSTAR,311961,7733456,6e1885b69399e90b0335a0d29024cb45b67184519a7d32f005d94e8f030ce2e3
312199,7733256,FG_754ea3663f863db638db3f7f49fca282e417f6c19923072c8ce763cdb9a75ab6,2,9773c09634b0a25efca1af971987b8722ac5dd57d9ce22c039bc7bc167bb2526,L_REDSTAR,311786,7732726,1db8e426d58fdfbcbce58644d593ce30b717f8c8bfe0f1ecde69a81f7f310ace
312256,7734387,FG_975d6e275d63c2b1c91b697931cf6234d28600647307cf19966cf918db1c2fd1,1,e9d935b2b766aa54aaa22af428e4fc7e3460297d215e9323bc94d86c5f747eea,L_REDSTAR,311901,7733811,ef6238870f0580466e16c0900e3de1f3f7d6a95cd1908f939e21692f06c60a32
312382,7734084,FG_ea2f24a23c6cc2e00e6d6a21a476548170857d3628bfabdfdf99dac3281d4684,2,628613c080f704de00f0805a5b0c9157aa234b3af28e0d7518ceb42b939d859e,L_REDSTAR,311969,7733452,5f12ceeb57a881e651d8ad1762aa87e3e8a82ce049473265cf3a101f1bf76a49
312272,7734984,FG_380f8e7b6209e149bd664c328666db82f546414f5ea31e0e47a8d982e3814854,1,a21eec11c8d2b3765836499240f357f6d6a565fe39e63b177761052a6bed03ac,L_REDSTAR,311941,7734529,2de2b9fb96bc4ddbdbd1bd58ba6bc38b47fb4d3af77f8b5e0bbdfd0549484500
312252,7734984,FG_cd025781ad440c0c747beeb33fb3b5d870aefa6d0f198a5dfbb7687b876e4e7a,1,1c4e715f1139bf9c3d3a5fb09cf6910593e09f7ecab7cd4c40289427313ebb37,L_REDSTAR,311923,7734529,370e7f92e1372e183cbbb26c9f2a5ffce4aa9e667ca8d80205a07a5c68224774
312275,7735347,FG_9f64a1e2b54f87d08b08ce905aa218070cb8bbf4fa138f6517d0a9b17935b552,1,c20c3ae9ac699677a3fc1a849cd1427c532bc6d4b997275cbf8c439fbde3c239,L_REDSTAR,311950,7734892,3540b874dfa110e8f228bcb2172a40ca003153d8d72ca1a220d7cf4b3e6024a5
312241,7735000,FG_8dfcc2f706a39aa0628904a107187b04848ad3393172a93a915a9d841a1d0519,1,88ca88cf508773b3c6ca87851ac3c6fea7f873ab3ddb3c6646d41bdf0eed64d4,L_REDSTAR,311912,7734545,bc1dc4450eacfbb692211dc7a34565883fdf8fd4f7ca69a8999db45060f27a15
312217,7735264,FG_122a4ccdaf8572d9286c2becbe200d255ea78bd73921c520759cbaaadd3cd45d,1,ab2118295f40cd5dc209dcc0a2807dfa90ca3a32784892b251c2f42fb5ca053d,L_REDSTAR,311893,7734882,0c7aa5e68967c06fbe7b9e1a5837e40254be88f72267b7fb83bfafd978728969
312393,7734084,FG_293382e0b486246aba32769ac006bb6ea47eec5774858e800bca9f46ba80f80e,2,3a8fefbc7ad1999561c39721436f740513a35ec326404ef72b8d3d8b1dc6adc6,L_REDSTAR,311979,7733452,99db3ffb08761b19331328bb1d9fbba4e3f56530e2385797c643060b8cc8cfdf
312288,7735688,FG_0f449c30a58697311e5895f1c47c14512c82b3bd3c8e32210da6bcfeffa5dec0,1,638772dc1688a59acbd3df65fe6c3687449e36d87ccbd83dafd374482968f229,L_REDSTAR,311977,7735233,82724e5b693353bbf9bb7b9035c4777db2660dda5b1868d6868242e701523558
312253,7735002,FG_e9095b50ef453882784cbe52958369e3e7c03cb915fff447d3fd9de3baa5c375,1,36b0ecf5611e547dc20793b6863a6036032d6adb9a1b1fe8df2de0ba0b3eb4c7,L_REDSTAR,311925,7734547,9025ec61dd84c2fd3695c9739bf52160eab2421a8f4a3609dfccfd0ae010ea8a
312396,7734080,FG_8082e436572b7b5c02408b42938c75cce1706dc08d088708d1c2c5e7be58913a,2,a397b44af1b4c511f28a4ff4c68c5c7543968691714148ac04e750c26d732a2c,L_REDSTAR,311989,7733448,89c708e940d9121f2226312675dcbb36b70b0deee58441f69dc2834d98dc17b7
312178,7733258,FG_023d5b01d0781bc5302680307187807c4bd87f1f3cf799e1f97b6e35c0421abe,2,19b1677d660e8b47291f5ba6db6017081d8ada64ef6a338d58dc51ae1b211f9c,L_REDSTAR,311768,7732728,a85f395bee3a2bd4f44818a32105cbd86de0a5aae4e4ddf9d6c82970eebc799a
312331,7735157,FG_209671a5daa12db8385049a61fd1be526729609c27937f73a5bdd2df87c2f7cd,1,b23c65ebaff03584e185f5af315316254d3e0663984a32a033a6600e233396f7,L_REDSTAR,311991,7734653,8487f7424440ea2da2c56c45230ff757d5ba35d1378f9f0169f0964e34db7343
312326,7735037,FG_e572e3fa6ef766fb192b904de6db67fccd40ac83babd6e50824410d1805a6802,1,fe99de59370cc5bee0feb08b9e461f6569458534ad27458dfbd6ded16d356c08,L_REDSTAR,311986,7734533,cfccd8cd5908d22faa49cb803fa8093e6d1f166d473bc402e7cc5759e6939817
312262,7735347,FG_49f39de800837aa0785789180b5fdb750e07a2250aeb892061038cdd8c8b4fb1,1,00902ea150d708607c49e852a6bf5647442bd553f1ffef20d9a560807d55e473,L_REDSTAR,311931,7734892,7da5235c67295707166def3dcad593cfb0ebfaefa43ddf2997e2b24a60baf5ba
312341,7735017,FG_2ead2f0f4aa620df36767d43d4c395cadc8edcba429c28fe09109a8e0a493d5b,1,6df75a1e8107c8e139cb903c1dca71db975d4b6fd32037d11702830a12f83bf5,L_REDSTAR,312002,7734513,d698199884327ac0f91f224f3c258b345954e1bb3af51f5a5f90283b52d2c99b
312195,7733596,FG_d464d55014173b7b9acf153244aa9095bf2d608d923fda11544df7bba0499d9e,2,9c725418a6e918776b1886ce364a8a8995edc20a3d97dd3981474f5535765cc1,L_REDSTAR,311807,7733083,8249337f496794e64b7cdd0598b724f7ff00b66229e796fefb229939216a8055
312313,7734656,FG_d28e5376c99f1646e085a266945023aa3d2c44a6e08d2d4d3bff4c70513e9cd8,1,ee9a18dbb0e69ae0da6c154a9aa8a11adc21a47a06e4fb939194125accfc6d36,L_REDSTAR,311976,7734152,4b2bf228c734d3d81f03981e84f9fc7ef9941b2cb0ea4205a0d162c3c858f688
312272,7735357,FG_ce7ba8a81417f2ba00e77ee307aab1f473da6f6043cc1434a5d2cc755ae1d232,1,01ffe696ee8a41af2e13b0d5865986f8cc78c2b86ed53c2d8e8721aec902ec46,L_REDSTAR,311940,7734902,2d1a04efce71c6bee2cd3b07cdcb06518bab72cf019ac91cabbfe073750a591d
312399,7734084,FG_a3215573057f8f92eef03fc67ce0534f2e750e48bdd75ab4bb00d61ff4bd388c,2,5ac1b75c8577067feee8e6056ba807f807f311a48834a1c471da8bcfc1d9def3,L_REDSTAR,311982,7733452,55549f2eccba93c5ef64df4433f86c629b4c8d4a9fdc02e96c6ccac8ab754528
312196,7734048,FG_05d493ad95d89fce651e6e999297b1fe5f7edc045f165e909b4c8a681b9c551e,1,e5e933265848b43a0537878941a340ec3973d913c5c3d937e01ee0e73e9fc4e2,L_REDSTAR,311857,7733506,1b52165dc050ddf368d4c44580839667065e70b28968477ebc727564fe916234
312365,7734090,FG_465868e777150b05bf6950787deb07d4080283d4124188dd61e95c17c5ec8a96,2,fe325cb5a139158486850f1865e0f77ff4cf65fa71b308e537eda5a60cf55c5a,L_REDSTAR,311953,7733458,aa1e48fc6f9a8197dfadd1ea54b9636a4d898d3db8dc36840cf17965d8c012de
312352,7734664,FG_14058660fb17ff797542aca210fa21b746608977dae542242c11283dbfb47820,1,3210b61411e39f0c590dd7a847f90a8f982b8c1f2da1bf4cd5e83d839ed78320,L_REDSTAR,312014,7734160,4a4e14fdf40357677df55a2e407beae5ffed6ef5a13e1f3233f166ab5bfd50d4
312403,7734086,FG_3342a1f7b7d67daef021451740e0720499d8b591b3a5bada6d9d89ca50af641c,2,3a4cb6b0c0db06759610e035d65743a6cd9f107ff79659d36bada5a9bd31b52b,L_REDSTAR,311982,7733454,b75176285e4d13296f57b436d191b061d90bfd14f2bca2b2bf8e521a90acfc18
312242,7734904,FG_16d0b5401910b6d0ef534ad05bcded213345da34ded0be1ab467f4117bfd74b9,1,748d9cd1af80ec67624d4f2cfa43c9fddd63832978ff1c58f6d37a06a70be666,L_REDSTAR,311910,7734505,0fc25c7a865d6399bf065dcaa95ac17fce335c5305aa39441cedf1df9d818b71
312406,7734088,FG_25f4f7a172c60c26f4b799ed069335a9d462b4d5e62c9aaabdd168ddb50ffef8,2,74d8ebc58e4bee59930ab10c2b5abce64d32344892dff956b5e3c719405339e2,L_REDSTAR,311995,7733456,0bd4e0e01691abae23ce716ddd927575ac392ca47196a0a4a726b968f4f52dbc
312410,7734088,FG_cf6822860e6eb698ffc692e46d982ee4f565e1ab87dedfbf0aba4fc595638e59,2,41fe7788cf748b22e02bb2ba55e862ae75925ee84e1a1c898d1478da76ed0591,L_REDSTAR,311993,7733456,28bd81c342d29df6665f15c4c33ca2b5716f738e3d4cc4cff19545ba21c2300f
312257,7734992,FG_d2b0cc232a40275d0478dc039c8a46b5b72bcdb9bf3844699280b96188a6e82a,1,212a859869228fa32063e2f6456e32cb1d0e2daf9ca938dfe771497c68b48098,L_REDSTAR,311931,7734537,b934d08378af6323568cede589d9b2e708b631a44ac8fac64a94785ceb901311
312418,7734084,FG_bd5a37e20eba9ad2c3b291aca70ec346bcc61fc45614ec29a6734963c6ca6c90,2,0715ef5bb7e4b5e740f59c19a8b643f94354891a3f71d874fa193ac3ed7dcebc,L_REDSTAR,311996,7733452,87b12dd0bccd407e64091284aa6c7faaadf533327f41c5f1c99fc01023be7605
312205,7733600,FG_b0bb29a1d3584afcb9a6e8921081bcbb0464ed3b73d6466de5167aec308b3eb2,2,0c34386f209a1ca61566c32ca86d7a8c4cc475b71870cd1f87dd6a2291eab535,L_REDSTAR,311801,7733087,ed4f9e9b249cc3f60b1e74c062ecbd170d0e7fa44f15cd3ed44feb079701d471
312380,7734086,FG_cc57c543f0c9170cfb595fa57dc04f7394b2366fc49590b591b026a0dd76da43,2,81ab03fbbc83297c8685579db265fc479874a202972940060fc29c8287debc8d,L_REDSTAR,311973,7733454,86081c4941b751cf164ff251b6889fb17dc38b0b6a206df93a6dfa8175df6221
312238,7733978,FG_cc3c9d0e29e48df6bfe1b34c3b762a45a6e284530f9d82338db8834f490e1f1d,2,43b0afe6474635e585515e26aa4fa2d315a8a726be22c61a31ee5ffecab4a48d,L_REDSTAR,311823,7733448,ee6a45eba5b4ba0c4ef02d9920d2267ef78d31d4b65f9c20315acfa29eaeef63
312242,7733976,FG_63c2a64d8b1729125068a4ab606b9c2e1ebda29432e85defd597f01c4e07e8c9,2,23e43b5bfe4c969d806035ab2b94604925c6aa8674143933bbfb2c1f418577e2,L_REDSTAR,311830,7733446,cca2b5a68f5ed720483c1fbaf8a81d42524d79a9a6a9dc16ccc90fd0ac8b10c5
312325,7735013,FG_921e5492b5eb1ad867ce609d305c79334165280df1468efcf594dd7177c718f1,1,6c0297481e68e5f31afaaf817c71a03d506b8883eb8de99f454ab7d2655e8d6c,L_REDSTAR,311977,7734509,5e1a756ebb57af74697d213d78b8c8c4c5d8f83904c3d32e4e1808f1c0d2da3d
312181,7734179,FG_67e1d5bc95b1d44e857c2af2faf50415b26aad77717aaee98ea3c55667c6115b,1,1e4c34d3b206523dd301f181403a67f5a2b4ef696a02c8f874a9d41e67d1a6f3,L_REDSTAR,311857,7733797,12ab57deac4a39c636de77fae9a32cd4571273762e03d8664bd7cc292989faea
312216,7735266,FG_06568b5371ab158081bb29ccd20d9f95b0754db42fac7b74225982fc5ae60194,1,e9e247d56981b6bc822269a8b52ab664640e4db7be9226098c977d19a9012bbe,L_REDSTAR,311897,7734884,cdb5579d35bc8590c1996b71f6bf3fa32c423455e32203bce87d258b8fab4146
312292,7735696,FG_567bc705ba0279ef58ccaa1e5092a901d49e1ca79a4f613242ea32a5da291a1d,1,c98e9a53d76030acdc6285f0310251429c1f36cb980db2daeceea11b2f958c00,L_REDSTAR,311970,7735241,79ad0bdfb6b8b2a1929529b89967dc2dbb6fb5493b9646055a76182c6c7fe180
312234,7733982,FG_6989c6e080aeba714ac6c745ba1efe2171da86d0ea456b0d67b922a3811fa790,2,7d8c8abaa5473bd8d6ed8036870fbfbbab3492adccb70c490c34683bab7b3759,L_REDSTAR,311821,7733452,a662fafdacd4e20c14a3c07b691b4b610f2cd965332fbfd6161ebb2b6fc2f428
312251,7735308,FG_870a16f50a3d0f37325c810d37e74aa7b44e73ce694bdca16df41d9c557677db,1,8a480f63a387a262e1ad22c52c9d6efda64258dac788a3e25c487454d7ae66cc,L_REDSTAR,311914,7734892,76d7542e0ebd750914ef0b2eb56afb3f0e5f60312aef7d161d692e8ae85abadd
312374,7734086,FG_b08e6a2cde6f306a68519182b2cadb69c6cd51dfb8738ea0cb056e1153e55d2e,2,9d976befd4dda134297ef5d7deafc111027e0e80ac645f09fd1d1e16221d34bf,L_REDSTAR,311966,7733454,cee0ea2aa15f056ccd4bcdc02a503618c2445582e9800a53a6add3b9604d4932
312227,7734018,FG_5b80409880480c78f2c70df5037347e615585dd6f2fefdf7eaf80777c49a23f3,1,fca21121b880da3d6986a6dbb30c779e94d0a05c65842d6389c9860e40bf535d,L_REDSTAR,311877,7733476,73c8604edbc995970f70456938e14af60c478980f0274a60730889b9348451cd
312285,7735688,FG_1beb9bd1ea7906e1b180a43846700a5aa9428548cb399a66f0eb78e7fb9d4b8e,1,a8313d1da24f032d0ce833ee8ebf9d64b1815636fa1c466691710f94451080cb,L_REDSTAR,311968,7735233,0068add5908cae114f80bd2b21d09fe48d6acee649b31ece8d927d8ebe1246b9
312371,7735372,FG_2a9b7a70de59051b891221777903d4c1747379ffe51e8bc831e6a686e38992c5,1,715fcbccd34b581508927f39ac4414f3a4c18172a68286ec862eb67ec60fbd59,L_REDSTAR,312031,7734868,a6834a6f06f6cf01d6541ef89bafcb81400122ca6bdf4ddef50e86fd90788b5d
312208,7734014,FG_cbeda9b9145944eb958685261e8e1c8f362ac80207efbdb780b498b24a43e537,1,0fb2a87bbcef7468f4e7b4ea12c550f207dfd1f3ffe4a6c01ccbd7f30367778f,L_REDSTAR,311858,7733472,b51f5a7ce82a0a7cb7e2485b06df62bd728659d2e4d513d88d87f025fd0ee8cd
312237,7734982,FG_1a9dde6b8a28e1157b2503b12adb1325e08226183d3b6d369b23280c60a8e700,1,0464111e2d8363d549b09f1426bc760b29f5b4c044bad68df1282a665fb62e8b,L_REDSTAR,311904,7734527,9cbfb19d943008c8dccc9e003058682ed22be9f92a32b93b76c11066f05de9ea
312408,7734088,FG_521c04913fb8ec587b6bc9598ee5dc21b07ee555c1cd6c9648b3d9c1005ac232,2,54e6e4ea7ace9764360cac15bf721a3fc2691cc61d47a54077b2a6e4eb8ba829,L_REDSTAR,311991,7733456,68c141f4aa26f5f9ef09e4036b6d9db01f2d0dd0eefcc43335897baf585696b6
312339,7735035,FG_2e313f7456cb5b469eb85f8a6106b3a669dec7ecb5c98c9fa4c654557d64ddca,1,84ccc577f39223fe4715b1b8998ffee5e7e5d034a9b6558b5a4bade7467b5521,L_REDSTAR,311988,7734531,9a2cce5cd1fc1c548ce08f67ce086d68d85c5ef24309695cde98ba6ec8dd9e69
312250,7735016,FG_61ea7790b14f3d62fb8f63160b7f676f1937080ff21d52fb1d234bd8cf7eb598,1,7a21e1f9c93906a9175eed9140be62409ed5025110a648d82c8bf198540d6be7,L_REDSTAR,311919,7734561,64664794b33111a2aaaccaa0779599ec3df152fd1c3a56903cb45bf3da550d9e
312207,7734012,FG_bf9c1ca2c418ddd7c411858b96ff78b68cd25186e44666a2862f72cf5ce8d173,1,e4649d3c2d4a35f61b1d1a8d56c0544ea90aede2a24e1de5aa62ed4bc0e709dd,L_REDSTAR,311854,7733470,9e01820e46fc02a59f900f5bbc7fa8d3cc877ba5db15f7425c4cfdff82f95183
312367,7734088,FG_fc83ad05c5ca9a9a3aa0b5e26cc48eb058262ae7feef72872eb29d3f66af8395,2,6690ce74a9d444b57904efd1c1ea87efdb673d90371fc31c6d82a6bf90eb0e6e,L_REDSTAR,311948,7733456,7c155de5b836adf197e0ee651f12781e8f3956aa2ba922d40b0324c1241436d6
312274,7735363,FG_405d8ddf3dd4e539b7aee53457409c0bcff1c8b3131a5094df125422c51e3ac0,1,92e0b8b5c5e50296474649db90d1019323b78b01141b5d2bc3d8fc6298f43fb5,L_REDSTAR,311949,7734908,86a0c9d099dd42be671607e430333fcf3bf6a233e764c5f9ed177e25b641a83b
312266,7735357,FG_f35284091094ebf9038fabe1198e24a1bb331e3f1deaa9092b222a2947fd6d12,1,a6d8745fcd525af9ee41d4d465655d17f9765242cebc7e1c3273998a0eecd3c5,L_REDSTAR,311946,7734902,0e14f1c0f895d866ac86c1cee355ae78a4860c43b778ee59726c74ab56c0de80
312248,7735347,FG_9071679f6712ba621adf3e5143164e378ed788e452d4052e009005d19df4b3ac,1,c86a1ca6e237e9292f26b7c6374dcfa1040eb454e5c42e5cf6ef3b896d6052d4,L_REDSTAR,311929,7734892,9609936bf78e0947b3933b059e604a8a751cac3775cc2579d4d020391836941f
312222,7734024,FG_bf1b96a8bc30d2d61b31285c22eb02eaed20014adacce944f674f82c66157bbf,1,908a63f1398f81b8e438c8cbd19aafddca8e0f8ea2ba2ee182070a113e309681,L_REDSTAR,311875,7733482,60767b38bb6b27b06562ec32188cd5b0b5f91bb5a2a7af809ed83624f6d4d80d
312214,7735268,FG_99b5e6104459db01580dd8cfbb571f7dd2009281aa13755a098e47d1bc772c0c,1,a6cd9a0bd7039de90b078f80ef7bf89729bfadf5fe11951490614ad3e747b2d8,L_REDSTAR,311892,7734886,924ef702d8dd89e09cc0734a617e85f6a08ed2b98754dcba75683313c91773a7
312274,7734992,FG_89d58e5199f2e0fce5e9dea0842381791110f57272595a3ffb15a0c9b68de422,1,eab469cea34cf39fd8fe80480a9672fcb3831bf7a0ea310ed30f74d9f585ae0d,L_REDSTAR,311946,7734537,830b20adb274296acae407d7800ddee8c2662e6a5080ed860b12d06bc163628f
312231,7734018,FG_9ab758a64803be9e03025ab4f60e2e1cec3852ea269bc7f591212a9533c05b4f,1,933386791853bba104c95cc1b24405f53eea22d3d86329b19f4bc65f30a48019,L_REDSTAR,311870,7733476,0aabe855ebf2cfad2ade5630a9abfba99468356a2246cd98761eb6e8a603e90a
312236,7734990,FG_820417d036ce79aaf0e1d52dd493a8ac8ded0a5ef96010ace84e3b08c57aa95e,1,884395b824643ef8064d1fdf97d05229b78ca6f2f662700699c958620dece673,L_REDSTAR,311911,7734535,948e5c256aacccd50ca06268fda1cb334757bcc6381687b1425fac0775ddf649
312273,7735365,FG_2ef450f57aed62d5651cbb1e874fee8f5804b2a5c029bd540a7dd98c54fefe50,1,1a6d0ade92a41fad65049be77c246f2586be6dd75dae2d07cf38708e91de0703,L_REDSTAR,311950,7734910,c03e1fdea44b67d5b6f4303b108d0c856417d00c20b049fbf954848045808b67
312405,7734084,FG_83e6e29e12266aceb6646f2e6668d67b29b0658883616c552bda5a02c9d6d9b4,2,78c3e7f83276ac83c09815fc37c6758568da284d1ff6953d5c20782a83a5375a,L_REDSTAR,311989,7733452,7fd375aed0ee8a78c6eb373b22ad6aad55f7b077d5bcb4f7d5b3d84e42656b86
312397,7734086,FG_bf3da66cbfaf9f90ee982471a9f0e5037dc391a64207a9a0784c304e14448325,2,a00310de42c6cec2e9b22c290153c34446c3fd3944e1d31bff6a22efb8d31c46,L_REDSTAR,311985,7733454,f3999752722284bc2f625f4612836ee6a23d048d99392bdc36164f266b3e61c9
312317,7735037,FG_a7afb74cf9ca32650644a8af54e2051ef7e9cead2a261c44d2d5a60a69d6fbbb,1,74a17b90132aa3bcdef5433f720f57943094f1c73b8be41569ed53252da820b6,L_REDSTAR,311978,7734533,e9955e321b1a667d3b3965a2d753deeba2fb182dbfc1e241115200618a36c100
312399,7734094,FG_d8073887cac4a3353462ddab9bfd9879be90a1e5aa337fd1fd08934ed8501dd8,2,18c8208f5e9b96c81ec1e68d630c800b50615b8d904488851e0ad91ec1658548,L_REDSTAR,311978,7733462,b808db164c9225082008badedb73ce86ca68c8cc2fc81c21b128cfcd16c6a218
312273,7735359,FG_089d16aac5188320c090d5eaf489f27af4682097821da4167725bb177604170e,1,acd5b5f62a37de41c2908085d2718eed2ad25f5aafcc7badf63c26c417d339af,L_REDSTAR,311951,7734904,37ac718403d8a1641fd24363ef9a26c6d0ad5191b218fc441367cfd6d635c003
312390,7734088,FG_5b5b05610b2d2d360e7607b78cc5c02495d5b445cc92cf679b548bc7b2b83e3d,2,a459b7a310eb94ed42a7557e60c005bf659f179c06b105599ffcef4ca1db55ec,L_REDSTAR,311981,7733456,ee398d3fc7e98c6bdc63150400bd91ff62899722d784436af88520d12de88aeb
312245,7735363,FG_3ec54d382b87dfd61006240207a23b7e0a35d14b300bb4830f6227f593f3d94c,1,66012f9e5942b1aa0aff41e22032c00302bae4b4f7890a34dff7dd64efd74aad,L_REDSTAR,311928,7734908,20150f85877b060739975580d40639214b846c8dcbfc5cc00e97a81a3a3c4b52
312270,7735347,FG_bc0dd4eb042c70399f75e8eb77555b4822a29160d3b5abe6f5c01454cb4832bd,1,a4e594a54e8863b543c34d0ef606a7ff70491d32bf6580815fda6f2aa600c780,L_REDSTAR,311945,7734892,99665406c35cf37f135dd9efd53dc777a451649f62ceb71f6eacc6ef7936ff84
312324,7734660,FG_9292b2cdb3c3809295396458d0e3167a10c4203b33e1bb957d0810658ae2e5c5,1,e72d731b2ae64298a19f86b9d1e39a4d0fad1f112090fff07703647f1b0bb795,L_REDSTAR,311982,7734156,307a32ec1043ac275bc4190b8dd04efe326c57b542e1ff01961fa41c1a369a45
312230,7734328,FG_e5d5f0798195a421d4e3e9343d45e720fb88c811cbb26df28ade3e0bac26f8e6,2,0d2fbcdfde5d853bf15a5bc55650e7bbd4d0d3b7a3d21d855abfc4d767016542,L_REDSTAR,311832,7733815,e564139147b8a7d9a2f36c9409e17d1f633410e6674444feaf7db8e2b1007258
312401,7734088,FG_5fdcc0ae0a06287ab539578b0bcfaab1f4b9570ff36a032ae1f22b356bc832f5,2,b8bc6070abaae2b6479d31ba6e1fafab30e8cab7e9008b14e9065a153c154656,L_REDSTAR,311985,7733456,71b279131ba3d92960c282f3b37ce9a2de24c6bd023723aba742fcb32db4e82e
312231,7734986,FG_7362333f52d1f942486338315988a0340e25b5a5e25143e5d792f3435f1c40d0,1,384480eb1e188934c401ba83d2891d94fef1a913eee72a55138597a6475feb9f,L_REDSTAR,311907,7734531,8e733897707f6b69cc454d51d65377dce3bbadac5a6f2a26746185f8d0c03832
312360,7734092,FG_50df3151059c738fd375a0106325ff3d16287a89490561d1d9a3599e60733053,2,d8c899949ceb36b6783e821dfe37433057587c80b2fa2e7863f3be00aa8c0f48,L_REDSTAR,311956,7733460,c33fc91d41b5c04457672f294840e50f51b40a70eb7a39e0bc09699e5b65488f
312254,7734984,FG_96ba962c313afaff6e7bcf52e41a7c7a7c6c8f90a1a4a6ae5fd6441995b2420b,1,1067bc62c43bc6d80561ee0a764857fefac23bc63478cc88cce582895aa7337f,L_REDSTAR,311937,7734529,975bf270f061f9c65c06d965cb9073808b907d3b27933dc922d7632f48cba5fa
312225,7734897,FG_9caa87628b62b0c112d6ecc4e00358669295b696679fb2b9b6aab445cb9517c9,1,d827c77ea1b97626f043c82e0a513b339944becc2c915c4a00e67ab5a716f34c,L_REDSTAR,311897,7734515,20745dfad94f4b42ccf79c675bd345b12e43bc55ca3b3b22de5e2ef3cfe7db46
312388,7734088,FG_434e441849dea5f3bc48f154c3c6124891462d772ad92ede340717990bc6a955,2,e713b1b64f8403469fca032ed8c678ccb57f23a1ae9db7e90215c0fec3882a74,L_REDSTAR,311991,7733456,bcb61453bc194594223e73bf379eeedd41a87e06896e60e7c224414f09972432
312379,7734088,FG_f490ec8d46fd9897c6846369fb2513a560e99ffe787113ae97466d7233c3ef6a,2,e3fb15794dbd5733c9d114835f2cd88d6b7709090e4b65ac128496dd484c6ead,L_REDSTAR,311965,7733456,21ab7f3f30b50faae55f181bed22b76a37f6105eb6a9e14446a197fef1a7f667
312374,7734084,FG_a6fdd0f777c1f0561567c411a582d0d9ff5f578e47be119f42b4009a2f7deb9a,2,0a09d7bac3a00a24270b92f65114355cd6077f904962a817ab25293b7c35694b,L_REDSTAR,311961,7733452,7985bf50a04c083da33e06ea446778e05804ae7b056dc0741c00750cd95ca598
312330,7735027,FG_12ce9ddf1ec6757eadfffe0720672b1bcb9af3b7ed526922aecc3b1dff1e4dd2,1,1f7d6453311ed4185e633ef2ba83fa3e3772a010be9ecaea8e62829c024f7cc6,L_REDSTAR,311988,7734523,7563eff5206f8aa4973c27ad0b364e81413c9f9a3afd742e2675b5efea4be53e
312330,7734666,FG_33000dfcc8437bc89efb89a2107937b13f1ebdeab198d4b173dd15fd6c66d8f1,1,c86a85a06fa8ab444e319b60a7266150c182f502e513b4206d9756ff9aaa6a55,L_REDSTAR,311981,7734162,c261faf91771f9d9f53fc500cf72fd879e960e805e0b251dddff6309b5d756cd
312250,7735341,FG_789f76932eb3835efbd359ae76e99d02609c429e5fb84aacee53c853889a1440,1,ccd9d2bbc751c966908cd4ab4e54cb0b8021155e9dd38cdf7cad362d76caf261,L_REDSTAR,311930,7734886,5a7a0e7a4c23805f568e0945e2344be98eaa604a37f27cf41b6ae6a7a7141366
312319,7735025,FG_3e0315135666361b466c4e0afeabccd96a7c4111623ff1b4d99f2a71833a3824,1,48d2f6d95e821ce4e6bb27cc076e76adcd7d24a9e26415740761d1432cbbd353,L_REDSTAR,311977,7734521,0a44445e88f8fe40c26d6eda6f7b7be756745e9339989caa79475d81388ce507
312319,7734664,FG_930c74efce5fe65c53d4d6bb1815f587cbb0841e663b37d2a38e4de9cc1de731,1,380a4d4f06d4c2917a15b9f2b4c8a9d74d2ffb99082e7e4a2e2a046be4ded571,L_REDSTAR,311974,7734160,0f0ebd2bfefb5591b23f42237c9a23683d835bdc57c1338054fb7ad5ad8d7f63
312335,7735005,FG_4ca0f355d18b7fc7ab32fa6461dd3d06e6183beb0ad845edc071cef7c769991a,1,b257fb52fe5ca357535e6b9efc676af52c3a08a41ae82caa29b92e44e6ac4f41,L_REDSTAR,311991,7734501,4ead4fe0fb06d0481e7e8ead2a3dcbda6643845b1f204d3049ce32371f63d5b0
312363,7734086,FG_5d86e0346f3e896b907c7753de6cf286f1e0c951554152f43daa8cbda7575d56,2,f02329b8d813729ea0be86e489007627a317f4fef7e373f3e5bc825589cc1048,L_REDSTAR,311955,7733454,a1717691f2f83dd5a6e4d50c73822aacf4825f938d389bc74a43649c525f13e0
312264,7735351,FG_7e47686fa70ee8761dbb283ddb3cac8e401f930322b5be21df38bb800c8f51eb,1,131f27091a7640cafb80be2c7bcc786092974b782baddb889861fec231a083ed,L_REDSTAR,311939,7734896,4e77bc26c98dd305c51b05cc817ef06fa094df031fb1b154dbe1742be3515199
312326,7735001,FG_e6fc1a37d54647e5f1efde9def18acf6cc6772bc1e38386eebb7bd8c044dab81,1,04b66eb9db2d19e177b30ff2475ed4719cf87e9a357418e01bef312d616e601e,L_REDSTAR,311985,7734497,24e4301a32eb2cbdcef862202e1de254c7dc7a535b25543752e64cea40983e2e
312379,7734084,FG_5275bdd9a682c0578b764af5d2c613c67751a476ceec17e8ddaddc9f38c0c6d4,2,85041d9d887e347b4639b6ef709c15e603334d155d56cc2cc91842088c7943c5,L_REDSTAR,311969,7733452,ad294677d47d499c4d9ac19fa074b946a3d825a426877ca25c8932c0fd9ea147
312261,7735349,FG_d77c9a985d532c5d19236a8ab4c9271481d85dc3a60b1b463fc2972f0179055a,1,6933c3c0f52d31077cb0bf1108ac4265316401402e288fc27d1fe53ba444222f,L_REDSTAR,311936,7734894,d137b7e8108ca6e5c2d22ff80e1b1c98589f6292cc1a7636ee8b50351350119a
312398,7734080,FG_fb061cb30ba1e06c9797064602faf7d6da036ebc53c8c9adc9be83fe4b24f396,2,d9de237b62357c8e13b53ac549efa3a15ecdc93b13c09a8e4c17f8807cbdc754,L_REDSTAR,311983,7733448,5fb4971d25614dc93d53ee4540dc627380e2994a84639a0eb97593b75e48a4da
312310,7735115,FG_f83d20f6917e173ca2f8c580574c4325335f49f3bb608be5834a29cfe17524cd,1,a7f2e3345b0b947b96adb3514508b654e34607456c3245ebde2bb48cd810d2ee,L_REDSTAR,311974,7734611,85dba7d46fe6281f46b45d25d1f0e4723e15902e37ba1de70c7e1f27941971b0
312362,7734088,FG_1b1252e9877c154e1437cb9e82242eef5674bcacfd5520e3b55947bb355aa2f0,2,7ce2a33b113fcddde9d3b887bac286d4f4b187ed514545211585b5f17e3e1f15,L_REDSTAR,311949,7733456,6a48695c27e4a3ae09dc9f777eb5aedb792fcbaea6d6d171785239cc77d62a9e
312279,7735347,FG_1279a9b15350679a41e0f719da92fbd866a722d5cf815b26e65f29584e88e604,1,e80f9dafe46498436101d579d7262152a186126ee21a39678ce5aebb729aa5a0,L_REDSTAR,311952,7734892,ac47b04897fef4e303ef5ceea5818a6b279b0095de27bc8041dbf6998419b396
312187,7733252,FG_c3d383ad04465d1a9e1739cff9c1f5937fb70b653c8145c452ce57bc0567a494,2,1a48e41dd880ce4fd62893ccc29bd9e888012c115a035d61ea310a5ca422e4f1,L_REDSTAR,311778,7732722,1b026f713c2fa8ad1123840dcb94cc08b6e735fd0cab3f78926dcb4f273ff41f
312221,7733976,FG_2e3460ad36199ec04065919881cfde15291d024638bb8ae07078082c1a781282,2,b59e9bc94225a6deaf8cf2d938fa0e3168b0f285283ea3dcf33c6d0ff5cfdfc0,L_REDSTAR,311819,7733446,d590aa2f621fedbf0515668324341a598cf349fa270645cb498db94cfca922c2
312327,7735023,FG_0239a219ce93a2bf0217867ba219dc711ff917026667a1ba9d8188919f8cdbf6,1,afc68f903d0a0180e92369566582d30e0982640ad0d73d333d87c659931b943d,L_REDSTAR,311987,7734519,aeb51e5558f12d1b26b559b70b1211415c692ec4b52b5eca9105fc41b3fb28d9
312324,7735031,FG_30abc6d44ccdce1b03127a32c1096d1f7129244e603e1ceb1be03bc09bff4980,1,aab8967eeb34a2e4919091ca08a5252e9cb3b76ad94c3f54b4b29f4bf37942fe,L_REDSTAR,311980,7734527,18c17651184d7b3b89f9e423b5d09f7ca7dc433b7d803d6d34473b4cfe3cbcd4
312311,7734664,FG_332c5c6ce2279a3d18a5e9f462a39d0b79946270d1dfc6176d9bf65f851f3af5,1,743e874f0316c69b6aaba35c018c5ad99bd1cb2f265fae10f827a44d3253fa6d,L_REDSTAR,311972,7734160,592117f4cc14bf729c004c6787dfb477eda5366c2b1e480b12d106c4c02d161f
312344,7735057,FG_1bd60ba55e245b77d74911af400110d08e77561959a7370301177e178f854d86,1,aa2d52830b3c6746b83eb1a9139aed211d37d985539855e8b6678ad65c2e7cfa,L_REDSTAR,312003,7734553,d7f2e9fed505231878e65d95507494e5a5a7c358f2eca0effb941fcaf8f18729
312399,7734092,FG_ace940a4b0caa0b6b30c62621007524d04326446255416372da6dc7a08c61325,2,286019ab6abec2421e754d4bb6601e33b1d727f67ebdb6ca0f678d39d892f6a9,L_REDSTAR,311983,7733460,fea726a5b8df6ea95bbe10a34b5d3b8e4a4b5d97bbfe0dfd6478cd2f402b09e8
312194,7733260,FG_f285cb2c4f716d4e1d171a4c94bb92fc8f52e75fb85d2da3a3aef717ed7661ad,2,005088a3f5c41ccf0b918508d80cedee778504b344cf6ca175c7575ed884cf6e,L_REDSTAR,311779,7732730,758809b84dbd577fcc83043faa12bdda3e7e3dceab814fb66e5e119171fee7b3
312204,7734546,FG_e42b86eae7cde08659f632a68b24bc7b2207dbf81ee3f27e02f7957591be60d4,1,28d658c74458e8c7a64f2d2fccefc2e969799789718d6c642f3ccc7180b812e6,L_REDSTAR,311877,7734164,639a8c5302d15c9f3014921d6f861bee064cfa4cb8a582a87e2931bfa5ec3dba
312369,7734084,FG_1ce7de5eec044df52649fdf5e1774382e6bc66aa7996af358b9af2d464dcf6fd,2,ab145bc782860049256a0d4417939bceffb44438e5b47827f31fd5e93df20974,L_REDSTAR,311958,7733452,9b1bf287458dd3948bd94e226a628ffa6ae130531655b79408a6b43fa4812f34
312181,7734042,FG_47eb95f9e59803a9f2e1c6e2e13a6a79fcc8fd6d8fd8612d6296bcbe3a988d42,1,4be9634973e43390b8f0417b4968f486b43844413a33331e119226ac1c729b37,L_REDSTAR,311830,7733500,15bd9496cde369c55dcb6e9885e691c807f53711b4e50aa349552a2be78cce6a
312246,7734992,FG_813735182f9c931645c097affc54feb4362b026ce7b632f2e46ab5c2fcf3b951,1,c0ffc9a87e216a00e04ce0b12de0d4a74e8fc695a9e25079a9fe199e14e09172,L_REDSTAR,311923,7734537,d4503acfe126b911099d8e68ac56264de6c66d43240732bc0623f1734ae4f835
312208,7734548,FG_9ef43d42aea06cefb0693295748e8516378b162639ebc43190679c6ffe278410,1,e2a3ef69b0a429602e79f324613a628a3e8890a585e743e6045f2e9e7b029435,L_REDSTAR,311887,7734166,1de151652a2e00b018d2ce4ebee88e9dd1cdbb17d55ae868c1b3e01939e577a8
312251,7734992,FG_5e480c86ef00b2a893e522fbfd2102489e1d5ddaea43170a75037ab4d8d01fee,1,6902a7fceaaa772b22ce0320ccdbef53f89209675152b2665be34b0261bb103e,L_REDSTAR,311931,7734537,58ba1b67d7b33b7164158a8c8650b10f687036f629910e84e7c3f7cdf4c67c4d
312305,7735688,FG_d1111964f72174d5d1d50caca312b60b6bfb5351d5a041c904f9b62b6ef6416a,1,352298568fcc1366a80017f4b67affe286ed0b39ef4e3981467efa0a4f9087e9,L_REDSTAR,311991,7735233,32518e207fffac42a078268c20322cd6e09e53ce500fc5663baa3daf805cb96b
312250,7735355,FG_596d864f0703d730db3b51c744f84b9fb348bfacbab556ae17a34c68f697d070,1,3f2b412d2e56f0ca345cfe29125b0bdefe108dc6df64c12e607af1afeb48a297,L_REDSTAR,311927,7734900,045f25e58c1e4bd1865c64da04cbf8a1ebb46afd2c249e83952c094b674e2524
312340,7735021,FG_51bf106fcf93b2154e766d08d2a17ec1033eeefcc35b285c66ec6d86a87c44ed,1,f44e5ccc03de35e61c7b4cca5930cbde0b32632d167f6889fe4a3955482f3395,L_REDSTAR,311997,7734517,18b33da96734b16d8cfcd561bea884755ca8ac6496fff0d9fade43096851be41
312317,7734656,FG_48f0d1109c54bd8a1e4bca6bb8736abbdb8d61d4fa038d3b132c46c0acc96cf0,1,add8683f1ff903ce19d65d5825d54912c56386dc9b6fc2e49ea36c509635b4e2,L_REDSTAR,311968,7734152,bf54dbfd587595f88f8c089c623f27c874aa7b5bead76c745b1e56056dc4bdbd
312331,7735161,FG_bd1e21ee4452572ea3b454aa6225478a4f7a8ad5f9eb2193db3459f8cd512d08,1,5f492bb600b7deac1cdfd4673309c1278cb60891751c0b64368a15d60577843c,L_REDSTAR,311988,7734657,10ac0881f968d6ab1635ff12b4ae330ec27c14db28dabcb9059fe4f4abc929b8
312221,7735278,FG_7f1129cb9c7ddf355d55fd9f77ebc7936af11ef37dbba5b50e3bbd516b7d7636,1,dd7eecb86042f16da75d608b1abfeae2f04e98d67c909cf36aa54697b5f9e62f,L_REDSTAR,311903,7734896,2d19e429380d28465d7e1b89653a577af1754e564b181590e7c4dbf32504e9e3
312221,7734020,FG_84f6525e1ef7f19dd579352044960885bf3f62f40d74366f6c043a1978658717,1,fc1380383ba3471d9c27aeb7312ae04785097d4cef785fa98ca3910077258005,L_REDSTAR,311877,7733478,e50bd7792b8431a0c3b618501d24b835df0045e21c81b34f6fb7868047566d22
312179,7733260,FG_e7638828de333b446e75e9cd85ce0c6e57e8a9e3e997a4c17b84525077bfd4b3,2,3e58d754086ae4d3d66dfe6ce45ca97e975922720dded09310f7f3f89989e95f,L_REDSTAR,311770,7732730,17a0bee73474a6898beb89f98345edecdaa2e951134ec3ff2626bcefddbbd15c
312295,7734674,FG_ca2bf8a656fadc4afc27ce912b79a8d11f99a904579ace68b8fdd49496273ff1,1,5e6f70a8709f61d8143b16a01775e8e627b42ca694ea36e12c75d4a8b3a7019a,L_REDSTAR,311951,7734170,010df2550ecffb1f2c06b03f823935df0569cb8ae6cd84d99346f63088da0437
312337,7734666,FG_4ddf6983b5d1e0a2c6f5029834fac8f7f9bd663ba245e22fa37909613c212a5e,1,adaa9a5f610c0146972a297f6241c5499966e511418675d478582e9e876ed87a,L_REDSTAR,311993,7734162,8d3983e0d42bc5d69ec0e128be124aaa4b831e59ab4a3335f636f1946816dda0
312239,7734984,FG_af0f4225bbc4dc26283366e6c50ed7389f3bfa895080fb12d6dc703b4c4009fa,1,1d445099dbda976ffe081b52c117831b5ee9665041935232163f54407b3c9385,L_REDSTAR,311913,7734529,49ec83b6dc22a90bab369387fae3b627ef16c9889721a44a64defc17cb752d1d
312335,7735360,FG_2dfe3ed8a958c3ea49465e2f7bbf91e361ff8787be70e81c8a90ef1bd2d2a97a,1,27aa1ba32f066d4d23bfe0b746c11eccb1a326ff80fa284a91fa170cff430b51,L_REDSTAR,312017,7734856,a2c4dd2ffc855d69de2c5567fc03c301e45a890b0773cfe7e7764bd5850c636f
312210,7734042,FG_0895d33711b700f02e61c4d368778e0888fe2b9b6cd0f5a5568def6ab37a11bb,1,21f2f79f5cf7a95afad2c1c285a324a8409f67640e1ed722a7a209c78a0fb008,L_REDSTAR,311857,7733500,97595bcf991570c382a770c5333f835290e8ec4b0b93a26dd2474e44c4ec5073
312303,7734662,FG_272ac8ebc0c460ce066338a9b0154c91ad526468d47805f09f0e196743e27a87,1,109d7a4be159156fe75125277e1dc98aeb8c24f45faa12cc9c6f114896cb7713,L_REDSTAR,311962,7734158,05addac39cfb8e1d65768fd3b6db0137a7831e5c68510745661a4051ba6f36ce
312330,7734662,FG_c69e817a83bb24278388c200a3e95f07c35a89095b2bba4ed3c5ff5cafd0d2d4,1,8626939bba3738a604b0a335fc2051bc88d477b3dbb8c4d834877113079bd8aa,L_REDSTAR,311983,7734158,ba8fc14ba0bf0e8c8e72b5a53eff8f9e05db5f7cc66ab75958d79f1b1ed51fb1
312206,7734040,FG_0b5fd175d0917b8d1f9192ba8ecc035bdacf7a90efc7e1ad42b8511fec1274fe,1,f63adf19eac349d52652a2369cf855cd7d77303c1c29de618183a068ad6864b0,L_REDSTAR,311863,7733498,986cf4f74f880966b99180176cdd7eb3953e11ca85be3f27387467d7382f85be
312408,7734088,FG_3d8630fdf6bc00a2e019171ad704ffa054ea04564d5a61296e99b2395f7edc14,2,c368f15846510646ea7ca3c04318227660c0880875c84450b49f356769fd9559,L_REDSTAR,311994,7733456,95b90714fd31aa59ef1186e3ee45a2753e42bb6aa78f39d4fc4e4e4139ae0440
312309,7735015,FG_b69b33d17fd064603552bc0b5601666cbb62148cc3fe263af0f2fd7cb5551875,1,f2ac2ba7edbef8e8e42d24b345f33f6b14a8952a479ec1eb72ba2f75150d8385,L_REDSTAR,311963,7734511,cb45f1a158f9affd32324d75b481f6205ac6becf2ed70040bd93b819c162a969
312367,7734088,FG_2bdee841e56f6e1b2c7068734a5d498f23831373ee0c4feda18ee044ea2787d5,2,cd119fa645fa7935e5ddf77e808be3ea03eb0abe08a9a1398cc4aec80ae90a1c,L_REDSTAR,311952,7733456,c2bcb622d10a6d17fe9a60ec5c2ecfe94f8aeb34d8262df11f8f1bbd6554671d
312263,7735349,FG_cffddfc5caeca829dde49aaa5140e20a1c2fed4fe4a56a833e4b4cd2e42af180,1,bcbd9536e28c433ab6aaa8ffd4aa292dc6e8742fb8a8b89706b335ca4129a557,L_REDSTAR,311943,7734894,f08e515098649154036917e50c0cd83ecb98e4c70ffe3b62a853b6767efaf1c4
312334,7735023,FG_aed3fb88b7efafbf07632bd6f8343c9256ab5551a155702f5cf6285ddfd40b06,1,c2af7116f22d724e79a1237b21f00d78d85a8d1ff4319025750ad2b2f5e62487,L_REDSTAR,311990,7734519,ed8d37319291bf5b2e7ac92bf3087c89d7addb7ff9c4cc9c763dbf6056312de2
312352,7735037,FG_36d36f5b9c8bed3deb22bd502d53e53b1c151f1a7062caadb5086f9152e78ade,1,391fcd8bd57767f2fc4e64351a2bc6063fe0d6a5aa611bb5ff612acfd6dab0ba,L_REDSTAR,312010,7734533,acc4e63af86029ba9aeca380275a1df047c121a81c3bb5f72116eef585af08ec
312311,7735688,FG_36b95ad9e9971a26964ff1d1c16e9694878a9a22dce7e9a1441cab053ea96611,1,6354af2b4bd08b434b6b89d10f44794009aa3af88300b1298c3f2d4a6dc9a1ac,L_REDSTAR,311982,7735233,264c244dcb0aff8712da8892644d89f1f1d7e9c9b0d4b94bfcb3c32c4baf51b8
312307,7734674,FG_b6c0468a97228fccb688b4d97734c3515565a2a76a717663bae152105e10fde0,1,1666d0334ab41d48064368cc22a46aef481c2ba2871dd303dd9ec826c360a699,L_REDSTAR,311962,7734170,d5a931d87c100062ca6c8e9a258ba749a8e56589d56e149bc5690401d59ea5a6
312251,7734992,FG_647970f9c8f051130902b07688ecae6a5798137ad1e23a4b19c6252e89b8a4af,1,61b761d491690e8fc1f57141714ce4d1f05401887a93b892e346e00c0dcc1066,L_REDSTAR,311928,7734537,fbb6e92c55c0cd1f69b6986cdf786a3addb30e53449fc33485739d45eb324288
312347,7735372,FG_ffb5420724bfe388695460fd53c72c9c326777beed59d57a4c9fd8a4918735ff,1,ca552435dbe6e8cbfea0544d1a9a4277e16885a133987825cebc1066526b8e31,L_REDSTAR,312007,7734868,f0b9513fcec0c7f96f2abd304378d56c852779420b2ba90be2816d2ee72f6583
312403,7734088,FG_49f045aa699ca5ab586dab9bf847a9bd13478e97ea9d7fa54640677d30a1491e,2,6ec159b0452b315779cb9503c019b929ff1ffe8313b0a160e2154731c21cb6ea,L_REDSTAR,311989,7733456,1ab6aed0b7f5df096ab22da1b12e87ae63834292c03aa0bb4d647a6faa126e26
312335,7735041,FG_cf33a6a3a9c58f067e70ccbce7fa8adaacde079369301e2194fef599ad3c314b,1,e59157a07b495d70a40898c2bb9e88799bcaa9ff9270c769e220f5b2438cbffd,L_REDSTAR,311995,7734537,ceed276ccd4727b55a8a2f060c0e5918f2928cf58e131647f05fb7616975c0ae
312182,7734022,FG_b25f4fa1aa58bab7e2fda3692ef0af775e3503edffe79fc03eece8d51d683290,1,aef760bd277fac1e9f511b9e791a2cdade672e7d509d123f06e76d5931c83764,L_REDSTAR,311832,7733480,2a5caa76c35044f155a6d1b5c3209ef7b727fee3e7cd7228e4fa90112d8b0e77
312333,7734664,FG_37a695f2c49ae9b30cd875efbb61475f61f686ac362d1fa3273c21e5e9374e21,1,c5b03cc9f4d803c54b30bcbc0c45a361e90e9a48a1677da100fee9f4b16cdeb8,L_REDSTAR,311994,7734160,f977af2000b3c29c3e2693e7f841754e833a45e2b4ea5013de42f6a732cd1187
312368,7734088,FG_3309f31454841db8308a4532da7e3464d05eeb54e94e17cbcc74ca5efa76fef9,2,f61e98bdfd17e3473836eed30282859b2e612962b80164b10956bb20559f3daa,L_REDSTAR,311946,7733456,5483fd66bfeb2cf87ef05bee67666e5b4ff34f2b79d78563b88891f9ac68a56e
312397,7734092,FG_e3f1ed376dae0c2d8ba851f8cfc1d7f00a383fbc60e73eb359f1046e6f884d4a,2,fdbcee8609cd05a639ee299d85787cac79f18a1d1d6a3b573d11373b5341ea93,L_REDSTAR,311985,7733460,ecbde26688166a155cd6f5c7e8822ab24a2f3055b954f1cf381a2122b8655dc0
312210,7734050,FG_a0b2066d6c368b1cd2ab6f2e6aeb0b583c1dd9dea2dc5de88d59ba99a6411edc,1,9108135a63206a4e67dbfab15631e888802e89a806bc65e12390fea43650e874,L_REDSTAR,311848,7733508,53565efb0c742f550107d03cfee21cfb8ae57a2ede9cf636cfe43cf24f6f7bdb
312335,7735033,FG_83dc5185dfdb691122f4c37ee56ec7effe17e6fe3d3a6fc66a1fe89e3ae47689,1,9895b3b69e6dcdaf0585c68a3d50e97ff654df7d2963b4fd36d9eb759486566c,L_REDSTAR,311992,7734529,c9d318281d5c1bdf45b1f293d25f77dc2b7365c589f8f5513fb0ba6d33e446e0
312376,7734084,FG_6ff60352a95b849152ec72d42a7ab90db272f492271fb8820ea9859e677078c0,2,4da9c1e6ef6b994737687cef04dfdeaf034f36a22e4a55e084fbaffa3caef912,L_REDSTAR,311963,7733452,76ac21ad1e6dc750725b5e38bafdc1f063c9299f50219fc774952e2f9044cec0
312314,7735039,FG_8312cbb1dbead655863bb634eae2075930bc1ccd09f66f9d456d2d7a26f936ad,1,13da5f02b4c5f62c07d57125a374c13391f74d89e982f8dc256db7d5270e4bab,L_REDSTAR,311969,7734535,4adacd6040bcad3535f62ca69bf1f9bb0447b416e955198a243370ed97eb4056
312338,7735001,FG_5dca079a80577b295e9023b8534c37b35cf8c5c07fa823570822db7f1533d57b,1,764e33bdefcfad5136a2f63038a15aa15875b5bb820e7565a9f248bd56a9ec66,L_REDSTAR,312001,7734497,423ad1b4d3546d39df7139389f78472eac45e9585cd1d828c65e5cb37cbfffd8
312261,7734992,FG_c8cd7878a7e2c46b78829b7c26283bb757229d7cdbf40c3fc3d296fb604472ce,1,1121907ce9241fb61b186f7c70db407c2e677248333ea2eccd661c8a71cbe69c,L_REDSTAR,311937,7734537,4ec195c3e5da732623dbed2069124729a3091d7b9c6652df79bbe952e7090fa4
312180,7734194,FG_d3f7a006ed3e8b7e93bdfb9b5adc7e70e2be2f4ab7c2637d53c5d2901261ebb4,1,b749c992d27b4beaf91c6f68c7945912178ff17e00c66c088db628456e499cd7,L_REDSTAR,311850,7733795,2191ad25222b5202d6b53d36e8e2bab048c0ed2c0b288c0c564dd81c58be60e5
312228,7735365,FG_af087946081de22b575bdb6f0e7b7679cddb36909ccbf69bdd0f9643938f3922,1,2c9036cff1b39665801c8b04b85e2908b9b04ccdffa06af3d8feb5a869b870a2,L_REDSTAR,311911,7734910,5ab9262295298960412802963539ef4642fa23b03898b2d382903f4aa11ef5e5
312378,7734084,FG_2d6cdb1cb3d99d2a8afc4b556f5a0e4ef4631f0a54747ec480e06fbbcc8a4553,2,c1db03fbc1fe148c92d2f3485dc595d5ee6a203c47e385337053218de0085acc,L_REDSTAR,311951,7733452,c6cc13f90120fa6de225925b068af343ae3f9e61d4d846c08490f3ff05aaec2d
312259,7734992,FG_3e646f412b0611e5b67ba89ac1e87f720c0ae4a113a4318e06d3ddc4037de3a7,1,9775aba05e5dcb9facf7d1dcd12af4da410c7ac2b79bdf8e6645b1034d4110be,L_REDSTAR,311933,7734537,df442c9657d87892d128f671d643648ce827fae1eec032167b9cd1a01ecc03f7
312408,7734092,FG_f0c261d033f793d211c0052d6e48f528e7d32b4bfec04acb2445532daf13ec7d,2,d8edd7f80d5b39bbbf89dece9a44d84065bcaa12bc41256311345fcca795cad6,L_REDSTAR,311992,7733460,e22f579d1fb81e98c8fcdf55dea5efbb3222566c7efb210d72335b2996bd942a
312303,7734688,FG_fbb071f6d5af87992a0184ed086070dfb896bd83815e1e9b3d57730a0dd6dcc4,1,83453335a458f2e4c5b6a0516ab843716156e1a135c769bd6add66744420e045,L_REDSTAR,311962,7734184,fb4d9c2296aa48825977f72a8817dabd6aea1764883124260610a58730e087a3
312351,7735015,FG_3171af6726aae23807a052a3f5ca95e8b3e56e1d892088f916262f80ffb7ead6,1,9b02684e09616461aa1ebf514b5bf1a44681e6590cb1dcd9f3b5fe2e5d99c33e,L_REDSTAR,312016,7734511,e1253859aa1e8a0e2ed9002240093fbe9bb34234f30c7e20d1da8d727644a0e0
312334,7735356,FG_46a5bb0c3b44d455bf7db25af92b4e9e3dfefdd7432394feff06f82cbda10dc7,1,fcb650d24cf794bc313050afee517cd767c01e51361adcc009a39accc00ff732,L_REDSTAR,312010,7734852,e410d107a43cf913b22140c43bd5b7937f08ec7e31923c92f79208c7fefffb47
312415,7734092,FG_673bf832a57ee9db94cc65eab01e4d56b2784bbf3a393b99ec22cee652edb198,2,f6b10b2dc89c2bf71c6f036b6b28da291d56bf6eb9e6b255c6aff542ea348483,L_REDSTAR,311994,7733460,65aedf5b2c171281119a0fbf3e5f79cc784ddb5bf508b7209947642c3ca2d387
312315,7735001,FG_95887d7f500b4bba5ea1350747706ff4172f1f53ddc1047f11a4df0faf087a56,1,7b9f5832fe579ed0708079672bdeb9369609a1f57c6dfcd98d1ccc465895a543,L_REDSTAR,311972,7734497,5e29d4e770dc3f6289d740b4b858bd212e5163fa9832c7e3bf31e45e38e9ecc6
312357,7735057,FG_5e9f8329ccf4686d5a026274c6f978361390cbdb30ea03d0c53b157ce25e45d1,1,eb2abff1024c6658a35289f0a463c0cf85a2b7055e25a31d3d10484c6c7fa5d3,L_REDSTAR,312014,7734553,ebed7d0683fbc6205290d2f4a071d1f3b008d04566ac8dd6edf38ab28f294cff
312217,7734986,FG_9bb61909345abaa57a7e550fde3bf9a8768674dac5b51bcb4e13428c0d286ce9,1,691c22a7d47acfc348ab218065690f99532203ae50642322dd61704fbe2280f4,L_REDSTAR,311898,7734531,e610371796f85a8d0b84a29d85874297a4550965f67b419a26021585b626fc6a
312186,7734548,FG_a7cb3054d3af91b20f126f831a23669213ff76c1b26c8d620cf7760376dbc559,1,313c37f74b98f31078cc1815f453309ba01cebfc56f323996ffc3f6b1cc4176f,L_REDSTAR,311859,7734166,4bebbc711ee36c5776302d9f5560caeceeeec9277bd6b9fc26de3376ade565c8
312346,7735380,FG_682c8a6957c4355edccb6583ae4755a4e73a88b3bcf0ceab8ec321ec31fa4a57,1,6896f7da3366f3db2cfbca2cc4a7579627b16a402e469be0cbf43a337ce4017d,L_REDSTAR,312015,7734876,1a9819fa983d69c514ad6a3d8eb4aec80aaaf180f75c9c5954c9dcb4d7a07b11
312161,7733682,FG_843d6931f689aabea06b1baf2ccbec7938e3d5acdee2bf8fc9c659594c2d1243,1,e131043dbdbacbbab47080dad9d3ccab60ddec1af34c51346a970d172ae0d03b,L_REDSTAR,311811,7733123,40c540f92b996a23faf4926886bbd4008275032eb1c78d8c4b910f208c85bf3e
312308,7735015,FG_4e5dc05160b277fa3aa8cbea69bb9c5e61c2ec79fb027d8bd26aee575919799a,1,8fad5a7e36ba2a52a56627754a4163322a16bf4d1ef70de1f54564b1f4720ec1,L_REDSTAR,311969,7734511,1481845f6ba463076cba85244062c307acae956a14893b446a7a11a720be3ae8
312224,7735289,FG_abb0855454415e86caed322b60ec839b7828ed02c2dfccbc8417a6d11af5c4e5,1,438b7e5691ca813916a4155a5b933200c83ea135c9a18062fb3ef19a70ddb126,L_REDSTAR,311899,7734890,908c4e1195b174b7d2a79254ac36c32865a24f8718de0c647b65bb749216b66a
312349,7735019,FG_01f6a740ce1e285b158138cee8b8f5fee79a639d38ca73cd65bca3b922e21a54,1,568a64296b1a942f8ac679b0fcf6a4877f794db41a507195480e99df782d31c9,L_REDSTAR,312004,7734515,7999e817cb1267c95454db953f878c2da8cf3ac7daf38f20378c87eafc0ef12f
312397,7734092,FG_0adc50c9df4094d65edf4cb6001a8bbab6b5f3beafdd54adc2fe92d604664dac,2,18362fd4b8628f43bbdb45e371808b28ad83b4a33c7a19c631957629b0e9a778,L_REDSTAR,311973,7733460,52cdb9ec9dbdd60cadd1a1d1557c3fb7cdcbc0d0665c8dd046b25923c9a7f34b
312292,7735688,FG_7c7463c2c4ad13d355cbf289ae161503575bc79f2105906c8dba6cfe65e05881,1,da88c2ab860bf10b91feac6bf866cbec09870ee8e6c0dcfa361295b696de3b1b,L_REDSTAR,311963,7735233,06507c5007234f483b7df745809ae1b75ea9f7549a4d1cac005e2dd76f0d54ad
312263,7735696,FG_af5a021172901b7b0355b4087b42fea3c98740bbd24762fa96a7f5ed497b198e,1,257dc07d4bae7d51460189549758b22a6e7f884d0e3489778222b8930a75d61a,L_REDSTAR,311952,7735241,b7292d7c767e32323b5f662518dbef0afd09406c36a2850b018031a1bf573e67
312360,7734080,FG_3e8ec0a71c48204a6c96436c01a68ea305ee9094a6824126c9a3f410b93b494e,2,cd2de3236973092e957baa0344d8e209db2be130e9196b6fa8f8ee2d5316fec4,L_REDSTAR,311964,7733448,9a505567b2775ca05c582968cb909a914434068daf24271783c38a46d1273078
312354,7735380,FG_e153921e0feef0f1a47fe27a617a9feb1c690d94893d3593c6d2b79fe02f664b,1,4c8d10d0a174a1a70f90dc394d42ac941a41aae746ab9543539360710f4ca5db,L_REDSTAR,312004,7734876,9fd9d72e0c9c7efd696d4f01f63d4ddff4fa0205abadafc307545c4958ee781e
312320,7735025,FG_1d752ea2b86c4834fa4c516a69654006551b617cae75b4d0977288561be40b11,1,21e8edaba443202f2fc2923164f2b4397073120e86899ff2c1d08c2e93dbd65b,L_REDSTAR,311972,7734521,c1aecdaf8c4aed99d9fcd5a2678c628c4ff4e01392f1438ae3dfc5a0e03157de
312275,7735355,FG_fa4fd59c1e14433413b07d153e6bf25997d5c9de0c86db0ab0fbee4ac855d2fb,1,3d31be9a0efd932df569e801574fb3c90be06db2674eaa027474d0fb91f69d40,L_REDSTAR,311949,7734900,ff56acb5690538eb694c946426c251fde639048957aaa4b6d881e0d04dcaf8be
312243,7735355,FG_05b8447b7258dda6dc5b1a0750bb2b45b325b0b8a58539739909725e17e799d2,1,1ac02b346a7fb367d86d872e47de3284e5a3971f6218a4c9f46e55f596257874,L_REDSTAR,311916,7734900,3dbc206f35ad1e4be68cd57269b386b76ccfe9ecc141a9e1f4f450e4ee4903b8
312269,7735349,FG_c06ef2b74ae604e3e8163437503b54be6f74790feb5a0dcc04dab140331fc772,1,1688daab91110db2e46ead2eee7b506a9094db94c7d8e645a77e6f2466275542,L_REDSTAR,311938,7734894,5bd33b4ea29ec5aef3a5d8197c47dd51506ad5c5def904651d3a3efc1e5d63c6
312250,7735379,FG_a17ed333adff213965e8a835298351ab6faca15bf2423a147b0adb05de07511b,1,30f792f953435ed82e1dc9c60112cceed9869c541cd0aeedce3c34fbdf732f17,L_REDSTAR,311928,7734924,32c239598f5345e712d34d903b87c3db6eb52a607cc537b6b71736a793e94e80
312386,7734092,FG_cbe04949dd8ebf06e01428d7c6271d4595b0364839b356bda4fee4c247847d7f,2,3dbb6652a3098bab81772b6aa13f2a9d7978fe2685c3d787ed2690da4d76d073,L_REDSTAR,311967,7733460,7758ab3ac2637fa9fddec62121f885be165911af21296721019772f0156a1edc
312398,7734084,FG_1a07092b9a09766850a931812035859d59323e84099930e772fd17023276cf34,2,26875f5e4d59a3be775ab367dbe97df154fc3e5454d5c7f03db80512dfbec34f,L_REDSTAR,311994,7733452,e8bfe3d6378cd8cdeb189efc8ae376ec12d2f0f8942815504d944d26f3ae58ec
312190,7733254,FG_ad15851dc3a2d66c511d3bfe55ecc713701253b809020a1a0fb8129360eeeb75,2,1696ba700167fbe6d1f7ded4e304d58ccc88e7053b2380643545f0b27213c4ee,L_REDSTAR,311777,7732724,3ff33acecf67c7ffae4a79c3c89783fb9ec7fffbd098de7297aa21b5a53558f4
312371,7734088,FG_c2868d464d2320b10ba31c9946be844f53cea897893834c0a8524a43f8ce7221,2,401b25d9165abf3089d53cc9a07b141db7b83bad0203a5c8300f157907f60095,L_REDSTAR,311956,7733456,012067333cd36a41ffe3ab37a775ccbed28972ddd3c25237cfeeeb288a5274dd
312255,7735357,FG_f1ed78833af3ccb4fee3db420c83394f682d78db71f9960025c3dca6dca10114,1,f2effd170b23549746ca1bd5ba99b0b77e94e461defae3ef1e1491dfbb4e61c7,L_REDSTAR,311929,7734902,c8ef9dce36e185a33b34f1a81b49203aa0bb94384747b7455fdb7ae692beb525
312270,7735359,FG_7ea26bcaa8a86ee5aefc2477c161e6090e63a8b0f034bfc4947e041aad547849,1,adae859fa426d44363feaea492eebf2c1cfd4ce58aff76d0e0a091f886246bf1,L_REDSTAR,311946,7734904,546872e83bf29a44a28a02dbd7b7bd023ba3f755181b81effba65f2a38e68e7b
312196,7734907,FG_a1adbb33e09e0260c2c192d0f2893372c527da80d07bd1851e860bab1a1f8513,1,569fd6e1b1f7d9b3ff45bed2519112bd96970cfc9e9232f88558a543cb6626f0,L_REDSTAR,311868,7734525,9d7bf5e4a72bc1e5ef961d3a76d843fbe1140d79dc6c5f89158f015ae86a4fe4
312236,7734984,FG_90ddf041f9f07b9d4da08f386d67dd49bfc8e7467a93d90f24e49d77e444c6b3,1,41e094a68b8c678f622144ceda11ba6870cecd70e70e41d29b68293ac45d3cb4,L_REDSTAR,311915,7734529,fd46d7aadec4851f69c212825967c0811836c6acbc1f8f2691f046c483058902
312347,7735025,FG_27f894adbc33a1601e71270b345ae22a102aa0c75eae7a15b4cbb09bb80a5799,1,1768a469423bf8e9dfb916c3c139bbc0c25df99637f80a0551ae5710a166e85d,L_REDSTAR,312012,7734521,4876d29bc5050aa0e555a99420e10eeba463df13721410ca1a063b57f07839ad
312201,7733670,FG_2029e8d0eff4c2455bb526937a474c6a69e2f83f0600c60012b5387b4eed9d9d,1,3f5218e7c72fd3d45417f0ff7b1c72cd99c99fadb27e7eb9beb1b25c65c0270c,L_REDSTAR,311855,7733111,b666e77c28e8d8843639cd763fc4b817e814104728c5ac5a001406663ef1bd37
312319,7735017,FG_4112af5a253320aa4ef1dd084f75d046512f895501506d829ef7cfdbd3383ac9,1,40af15254c3201893a2fca24987be9b09877be4125461b091f103a0c7c9a25be,L_REDSTAR,311981,7734513,814c7ae7ad1957289160b643525dbf28b041727975c522a7ddc1b588ab4c628e
312260,7735359,FG_4d1b6ba653a985b8ebf9697f6d522c1b8d274f1baf92606b4f4e5fbe6f6e0376,1,b3bebd6c9be1ed511fc9d7d8443e84a837f13ed5185bf0f670ae955eba4dc3a4,L_REDSTAR,311933,7734904,af76c2e9b46eb81e80338017d5f1d0b320f9f4ccaae902a5e299d69fced524ed
312245,7734982,FG_f64a719774942578803f310d94d57543abaa4bc6395150ad27fb4f418fa42e9e,1,ea6320ce4df639803dff251a368d3d5388b128d6f1fe2566412ba179fc0f23bf,L_REDSTAR,311913,7734527,3b8e3a6618edd7e373a3768a8fa1bdc01fa078303ade05b9e4c05a59b8512b04
312207,7733621,FG_70c76ecf21f2fecb7bfeb3a01af63fe67b32832ae4d3c63a58a039cdecc97397,2,eef6944baa217d5c7c4a6f6081bcb6384d8611d2a24f3d09dba98518b634e140,L_REDSTAR,311800,7733091,2a2e27fec8f217c404fd498b8ad0b1f780f6ca579f7a2d57ee77686ac96d4814
312388,7734084,FG_f7119827a5142bfc168f2e8af4eed713ac2157cc1abe59cf09ea63394aabc859,2,7a4a6eabf9ada4ae62d9b2d0cf78ada53c439cab9d398eb7b14009e8c9ebf6d4,L_REDSTAR,311959,7733452,eac0d8202ebd9da950cce36642b229841cb1b08faff76efc7f6a06a2efdc655a
312300,7734656,FG_caf2d734ef04137245d297ec11861e462e5c5a47a582037fa5353081c1966265,1,d20388b48c320b438e97584e02a9444a3a5148e67ce7472a18cb12486a718e0f,L_REDSTAR,311965,7734152,9545b44929726c69eeb1282af54f7e7eae310a221bd25683eae87565c1926b82
312185,7734550,FG_216fdc39ac903c419fd0872018824f8067159a27e8211a9ac5e1496fb6838228,1,246bfd52868e5eb59a427fd5cbf53c84a3dc3049d81c13d307cc1e1afbae3d2a,L_REDSTAR,311861,7734168,ed051bb6cd682ed676b6ec40f365cdaa861e12444e3f73686a262ac56049f52c
312390,7734092,FG_09c6f6b9e74f7b0f64f6d40e5b5a6148680e1d9fb116039dc608e593a1e8b188,2,b5748a010cf25d780bdac674eaa883efb88df64659ef5d20a1fe76e2addce921,L_REDSTAR,311972,7733460,49bbe2219b1ae68041f4ca76d4a37c255d654a2038bc0dd03ade05df87f2aba6
312246,7734982,FG_f2a86cfce418eb803825ce7bf2abb03a97e2fa9227717d01d05c8fdc46d10760,1,3acf48a0288ff1cacfb206d07694cad44ed26807a8e4c93f841d7fb0a3a881f7,L_REDSTAR,311915,7734527,dfca6c942dcadfc5c606d0fb9e1effd48552af3539399925d10d9b6b138348eb
312253,7735347,FG_f4dafa0ac71e57dd47bd9aa886205ed8d17ca183710484eddeb5ea8cd6192b30,1,66a0f7341ec89d49a5ec145d5094c6fe81d25508f9e9447fc5c3251bea79ba67,L_REDSTAR,311928,7734892,2d81ae192203ac388499457e8d7d96e3a69b48fb5e1288ad4ba656fdcc6aa26d
312391,7734088,FG_94bf9af8c071771621650a7673e18dc1e82aa81138c1aa38292c031bcc0fb065,2,790c7360617dfb5b4fc3b32c12e0880d5f164918efbc0103713ef0c6e03845ce,L_REDSTAR,311981,7733456,40b0a5bc26f1d884f6a51f1007592b32ee23423397ff2c4866e18e934c475022
312397,7734084,FG_2718d673a9013bdbbeff6e38000de6655fb40a8c1af6c7163643cea29accff5c,2,c930991ba349b6b4652ffa8c1d375b8dbf200ad1cfa8913985200104a9cfee71,L_REDSTAR,311985,7733452,968e2c1f694606129cf9f53f565787c6fc336923d072510dd4e9d2126eb861d9
312348,7735013,FG_5068d1fd28ebb5002cd36c44323cf4dd12a37a54ca163a64ccdc69765bf083aa,1,4b8ae22784c77f6fc7d39e451e75fbaa1aec3a7e680d2c0d6e9eb07fb8aba799,L_REDSTAR,312002,7734509,554f0e0e6bdaeb203f5f24f5bade17c8f561950b334aa5829f2ecbba816e8e38
312376,7734084,FG_94a2f5a6e1dae924b2bc2802a483b75dda3c0d97f6e383cbe4291d9576301ca9,2,8874c8b55621ae14bd4c783af8c215045b2ed98a56072ab0255ac818d38865ac,L_REDSTAR,311960,7733452,0aa56c3a76fd885b8f4c75ddcdb8c0bf88ccc081ae01be1d09932bbaa189537c
312400,7734094,FG_e19c089d3d0a4a3605ed483cd62567f0537ab9611e17cccc8dedeae874db829d,2,55743cc72fcf32c40c04fbd2e33702e9756c65d9934dcd509ed5024330295958,L_REDSTAR,311988,7733462,a812acb9523c891d8e624b9e1a7404857bf77c262d1b5268fde156a963ce8b4d
312226,7733978,FG_ea78912c42734623b4ce56a900189acca184767e943caa1ba3f79cb83255849d,2,6fdd01e1969815e3619dfe129105679454118358f7a7950e19b4239a87b5327b,L_REDSTAR,311818,7733448,a5b604015344ee86ef6970fd2d8db67c488066d8faceabeb05133f3bbdccb267
312372,7734088,FG_92704bde3dbd8be4ed93c37fae54eef102f84207792c97f756238def5d8d325f,2,b7cf7e0f13f0b42f0491bbdd0953fdb73f8a42c81c067daf18e76997803d94df,L_REDSTAR,311956,7733456,32e57e16a000c59f25701300066270cf72d0846ef52abeac60061f04ab2725c6
312255,7734984,FG_e67eaf19149b6eaff64fa27bf925d159f363c31885c8fe81c3ff70f47fde5e87,1,bcc35a4c0eac0108a6faeb5d48ec445c083d9adf6ccb11c33cc5435b968776d3,L_REDSTAR,311926,7734529,596bbd348faf9ff60d534438c894f45a54fbebc09b4d155283e6de5a669cd534
312348,7735366,FG_2e0c11ea6ae339ae67ba236275821620d1aa187c6aac6883550ee2cb474096fb,1,54a848939ee19be7be604f0ceef0e8938b29560b2fedc2563d9301d952088497,L_REDSTAR,312029,7734862,fbd3a97c23a01021a63ae82d44c3546a67c39480b5b219e51d44383a6b475d98
312379,7734084,FG_a4fccb70100997fc24e0f5610ce3a0567c248411d2db41948277c0af573c9097,2,d2c5b6918c76f45d314c79ddbbe51e933b5fa5170fcfbed9d31cbadc54e4cc0e,L_REDSTAR,311964,7733452,eedb751f22ebbaaf5e411282cc25bc24ec2628ebd961e16197b15d308e9c53c7
312270,7735704,FG_787976c8c603ffde8a7847cb67662568abb6d154317e2290a260a71e62023ff4,1,5ab48183a25f8a858a2254ad164405b68a87d4f3dc0822b38ed4296079edb7e1,L_REDSTAR,311959,7735249,979483b233ce37a54adcec5416c95828ad9396aeb0fe4ccec45c13f8b7c4a1a0
252755,5843778,FG_d7478d68c75f87956d66f3e2acd6beb7d4159b7548c3312f9880089cea6af8f4,1,7462f80e94a7ddee5d273879153ddbaeb10f1091dc399d10705224f3d479efb3,L_ROR,252424,5843302,137459c998d8a71d485c12ce981fedd6fa4cdc494b7098dc82ac4e6080d328b1
249968,5818661,FG_1c416874857b6dffccd4d33ff27af1733e38fc1ee77ffa391c50f08ba6ef1ff4,1,cf9ef7fc643ad029438c2d05850a626baf38d5b28fc0720accef450bac721330,L_ROR,249661,5818154,b47576a5d36a6674a82ae7c12342038294c552c1cf2278ee6be645382b8e3e71
241938,5629594,FG_b6b6c89c64bd5c0f03e3197e4f96977466bf1fadce395c25e0419b34fc47eb00,1,cfbb76c3fdcae4311dda146c08de811b492372980a48941074b36a518f80317e,L_ROR,241683,5629244,f3604d70cb0fbfe0fa9b2a62bca2c6eaef21f161ea3e3c3c65100cd773c288c9
252907,5854120,FG_28545e447a3526874660af73e61e83f95d9116b7d1c5d11af64e8c4be6ebb31c,1,2b66dcb07a2d106ddfdd9006ea034357310bdec9fdf251de3823f33a491c2c72,L_ROR,252565,5853598,ca7ce1b1e404d29fea2b95c934697cabbdbe75ec61b650a349224547c3dea736
252932,5843794,FG_45855f23152bba1b49eb5a93f38c932df607c0e3770e2a8581b60674fe178e15,1,5fd2807b88f5af6e5ddfbf25856819e7418485000d91cbac732c330ad3012ec6,L_ROR,252621,5843318,d0e1181382ab3834890b1d12ffd664016057d30f4427a4059f38247c51eb8065
243538,5648454,FG_b8851b0ff033184d06ef963910ceedc54dee7f983f1b0140fdcceab66dce44ad,2,b5bd1997c25dfd66a89262a82ebd23d5a53efdcbf8f6203eef6124c4d18516ca,L_ROR,243048,5647940,f3e50017244120342926564640105991456352c7188de010549a412e15a5ff67
242191,5634533,FG_19a5307c861206113238c32d73996534054d5550301ab6448d85b0b5aa6f03f6,1,cc7a58b1b5271c4885b32ea8e1e13dff4c3a022f770cc23bf2be72210ab732e6,L_ROR,241927,5634142,0b14499d235d0dec1140f2cae1e65753f51cb90d0202a88bc72d7457f1e22272
241970,5629623,FG_cccd7da84eefe24a9b79e0eb02bee84207e78ad3482e0596e7bdb06d494b6c20,1,7fad96b82c4ddb7e4a9eea4b616dc2cb9c6c81f42132528e7a9b4b9e0d25a596,L_ROR,241716,5629282,dfbaaeac1d284faf0934096d638e5f79dccdf6583d06f751af0ec6a5b5b504c7
253089,5854237,FG_9633d9a30fbe785643b4029fce243e4201d0f71e17ef10cd6000cdd3f3851e65,1,64d530545bba985e541c87a452906de1a489629abf6f2ec640e6841177d93f8c,L_ROR,252729,5853715,186e3f39452e6e5a24df1dc9126eb3a28f29ffd6dc69a67bf79a41ecdada612a
253691,5869475,FG_9164f3f4c0f0b051fdebbe68856fe07cbc37801ef3e6a70097dba48b2fd53a46,1,e1182c49f92daf616bb2d9692b09fc8777fe47091292e7f5fae82f4326ea66ec,L_ROR,253348,5868907,cdad3257b3ffdf70d3af4176c6973ad4c0cd6e6dfbf2778f33927bbe4d6994b5
242729,5649493,FG_4404c119e9e029da5cb7de92373c94daef322c0756e908529dfffdc1c5f81cd3,1,92dccaa6370758705efd15edfe68e6aea30ec5829fd39b165ff7957baefaf2a7,L_ROR,242482,5649071,2595ef085bd528b7db4cb888242002f708f87c3fe0685a2e3acfd1da4d4fb7a2
241939,5629651,FG_9e0b3b1ffd3ce229a19085347b8ee48813e21a1ac58c48187be9866fe977c9f7,1,8b49fc6edfb24f6b0970e3fffc9e6b02c07ca8bd995f58d42a35b9802047a056,L_ROR,241705,5629310,db36d956b08455a0de7b8121fadf143b850a916bf535f050a0b645e2898a3447
249876,5819481,FG_6c71fc786efbb41156e5ae75e64fc8ce7903ced6bd83beb03776f50965455aeb,1,2216c77bc494da23e94b662a45a233e6166b8c147d59ad5a5924965f2a9329fd,L_ROR,249555,5818974,629000fef2d2bc300245f0ef25f84d65873abee65e16040718339c435523f7fc
249946,5819104,FG_c82016f36bd55ae02eb831b915de3d6b24196ec22e25c5f3cdade643573a134f,1,d013a113fff85b626fa1bdbc304557931c07139cfb5941b611a4438d79275b84,L_ROR,249631,5818597,4edbf3de1ce96205c30016852b7ac1a9f03cd70714e08332ce230cf0b8cd4431
242209,5634487,FG_9070848c1d23ec738e415fb8771038e44a7e2f657fd36dedcaa2224369ea2f01,1,216b8da426e22008382ade39e1fc96f47572a47e24237a07c8971cbb5f9308a5,L_ROR,241937,5634096,21962df362813bad4c4fde70615f300a1851d8d3f2dac637c7f4c3bff01d8145
242715,5649267,FG_f4ea8dee74e9ef8a4fb3bd30c2cea06bfce5175763ad0a9ce7002322b2ca4a6d,1,25133d06de3945eb0ef218d6c31988719ff516c200702244a8b96a07a79bf11c,L_ROR,242471,5648845,1b98a6648b2b2b8ccd64d37828738a68820789e8530a864c0a3d6c3952941c73
242352,5635542,FG_ff33802a5e924b957e005b21bd22031b3a5d47d07893fd28e9fb9aaf64ddd616,1,5823dee5f4f3d1aac06464b842c97f52d8dd5cfdf200566016a5bc6e9d4dbfd3,L_ROR,242080,5635106,84bc3513de52885e4d6e9c60b4928ef9e2be16097ae9b0fe39af159501fdb4ec
249753,5813346,FG_bd11aa66f3017820c1e48d0d042ce5a8366b95ef1c413f0d0b9dfc6350221ee9,1,ecd3c42c32418a9f0bc940a6025d1dba098fd02636b276583dd111f675313b12,L_ROR,249465,5812885,9f871c62bea2dfc1103728c41b17bdaa562465a38f3cd5a81ef20480f951aaee
252913,5849380,FG_1013dce6df3e6f820865c610819c0888926902e2452885e115be4d5f2467e2aa,1,b279ea4f3ac1c3da022fc0247cbadcffa0cf20f1d37fc1a518f91b001b768c83,L_ROR,252585,5848904,fcb843f7726b2ddf7465de8961ef218ff8e884735088e941f2fd474b7dcf4ca4
249731,5813819,FG_4f6a2a26cff45c3a134b2fa9b8a4124019f34a05958f248210569853cec90644,1,a65093654cdf57771757225d294a325a0b424153433161a36830637d19878369,L_ROR,249443,5813358,56dfe7e8ea3b499bd86fa6663db528e9737b6ddd35fd216a10cc1852cdb58a56
242197,5634571,FG_c235cb74d11ff9d25610d6643ed6ae56181b86c3d78ae1c326927b1a26677a40,1,2cdffc2064fc084e2fe312e76ad54517d9587e4ba771263d09403ef9e95cf0a2,L_ROR,241933,5634180,27a82c224fc2738e1b2d30c761c3b60d5be21db9fb35a0b9a6c1a614c9474f01
241925,5629596,FG_41b973ac53a8932b46cdf0b079d2009cc8b7549fdd63181c66cb5b1d83704fd5,1,7c224dbedc32d3cbf0d680509e6e1d56bebf3c83b2c67b492f8e335b6c264bac,L_ROR,241681,5629246,809447178b12860780fd9b168b25978dd4eeb303e8257a634ff13833e4d61b27
250083,5818918,FG_9974ff58ed9e977f7a76274a7cfbf008f64bdb2260360531d870a999638e0f3c,1,3d5d10088597aedcf4412693970004715e1024fe3625b123dd0248043af05027,L_ROR,249769,5818411,60745151d9bd7f604bbd2a25fdab06c48600773b5a61845ca2fb147bc4571dd4
242069,5630827,FG_2724f276902203e863c30ef4db90167b29dcb72705391e9163c2af71aed72342,1,c8e97e7f35b165fb57776e9a6446a881f35d4dcf87c87d2af0d328745b47347d,L_ROR,241817,5630458,41340802b39ce5a8a43794e71255448a2ee5a2b6acb892a0173240a8b66d6764
253311,5853911,FG_e102d1ba5adf3e29aeb7544160a9a764bdda47f0db8853449cf330cdd4834ea3,1,f1a9a5442b5910c4d160c5047a569df36acc258cc39f018824bfe38dea70e2fe,L_ROR,252976,5853389,ddcb818137b833a152e9c526ca10d379d2ab3833e5264fe1e3211b35731cd727
242189,5634635,FG_9ca9e58c144c3c577c86e10bf6bf45389042557c1d0df7db6d196f151824f8c6,1,768a520a4131e77e8f6acc323cc0e28897b624099e15d4b1ae27a0b8f176d042,L_ROR,241926,5634244,15c3273fff72c6735b394c9dd916abf5cb0e6c67d8554f9e8d0d8a8c84453655
253521,5868374,FG_c893e8e8dbb022ac7cfccb279dbc78c2083fcd92e138498870bfac601c779ee5,1,cbcb6a93f4257ed402b34da3767d917769baaf0222f66587d58e910ffba3f31b,L_ROR,253170,5867806,b59e4d6b0dc0e087aa369c9836dae38a602c094b828c9210e3c04cbeb9b78568
252878,5849128,FG_986c4a2a59e6fc15c35e37d718ee5a1280833ead5f6cee04c8ae9d56e078327a,1,d25bce480a3abea77764dbdaa15791104f89fe6bb36923dd1841fdc1110e6046,L_ROR,252558,5848652,d3086a00219d7eb3905bcfa3b10cdb555f07eaae891018ee823970504c30586b
253171,5854637,FG_f65df16aaa75fd97a9d3f09c02f7698dc8e103452bb7f777c15badf9481c2f7e,1,cc3a31d9e0e684380613d55f0358494d7d97f07371ef34361d09833c3f712dd5,L_ROR,252834,5854115,3c43b2dc09e24b1452470b048eaaaa41b8139e43e51dd4fff20aee6292c8658b
242310,5635660,FG_246e7d2fcbd4500605648c06b6b0ba6f37d7772737977257e1b1b46c44953351,1,2101c71cc60e3567d188b441f11375e289a7a8e1317570d35317c8318cfae45e,L_ROR,242044,5635224,9163dced29bccd39df618ff8da6ca20e678db8e0e65fb165a126902680f333a3
253040,5853893,FG_9b20bfff5f8ef0dcac8ae754cf9f572ffcfe63074e0eda32e150b6879e9a3b0e,1,d8e7770a4010a40c06af80af82736b78c9b26031d6d22f5536861ff7d368bb7e,L_ROR,252704,5853371,9f1cc67177c7a114a6dd923fcd8775075e86af05deb0393d9ede8b55cd049e7e
243443,5648261,FG_f556b1d289340618c076c5f151eb925fb2c2f09cbf4446b238217dbae7364931,1,596d5b08985525b2d72cff1f94e008295665512f5c13b6dae359f8c05caa2484,L_ROR,243078,5647903,b8ea0ccb61b1b7527205f7ead441e6b7bf0e249d9c5cea8688b7b98e6a3d456f
241950,5629621,FG_3e92f4fd4638fe67b0f483f3be64b3fc34ebfc9a9a572193d90edf01473e4b86,1,7a16f0d65ab7d6bcad7e7534152c4c83fe3976eea1a526571e0bd4e411e72f1f,L_ROR,241696,5629280,91c0b34e475ec8a226abe0fc9c03c744f9aaba8b06358fb0857ce952c78a3fbd
253002,5854421,FG_4718297b90651711e55d6ea9bfb998b9aee8c2f38118a1e2ff86c3a0d95151e3,1,fc6427742602d60da05e46656fc877eb87ce886fdd9a9c7dcc538897f5bc4841,L_ROR,252658,5853899,975255cb8800e00cb5ab7751bd8dd6eadf7bb2e8ddd9ded9b49c3ee86990b11a
249719,5812404,FG_868db56293340ca8713b2cbabc0ca1a52dc4b835e43326054240e25f774201fa,1,d7b5631d87e548a0b7a9e0d925a540e2bdf21f515cb8918a314974ceb51b7a5a,L_ROR,249432,5811943,ea06852109420a6aa6837b2ef4c5d80df88b41904a4b3dbfa73a6156811ab43d
249896,5817972,FG_8751666540ed3366bf0d3c5a1d16f5cc14c15cb7506233b7efcc8395dfa61399,1,88f747557bd221e6a4848cf964ef51db854bda6467ca8890d113d8da07f8cd98,L_ROR,249591,5817465,9c33593fb546013979384a79b42d9386aa0a40ac842d833761344541a8318c65
242044,5630819,FG_a330e14de4e8635a65f52ce671c6e0c0d46cf4a72c511c40ab12b4bb054a7a9e,1,af46f1a8941c828cce4b2de8d5fd5dcc301db2fca5d50eaea6a2ae4797ac1b19,L_ROR,241784,5630450,23fc028355c516b020cfd7cea23f67c2089e789bf0636cf93f02b3d15a6fd621
241930,5629598,FG_3db7e81636266313a73215e446d910a5e8b7be3237ae7a5ae4e705ee69d3db7f,1,3fcdfe03d2fb59d080a58d8cfd2a010a863be401ab95ea421b6aafc6a38e5f95,L_ROR,241681,5629248,3d76d9e07ae6731b2accab1c774dfd3a37154a55b64a440d28361ce164b6422d
252719,5849823,FG_35eb80fc07a01e6b1b28856c5b8b5896ae9696b0d5203abe61e811ddaa799187,1,454cf285a8df321a61467bc036382f38d95830b9c4d5cebfa186a0c1e0cede6b,L_ROR,252395,5849347,a0f5c18246faebbcddac250654a35803ebead09f765d74f738540cb1ba0c13cd
253120,5853687,FG_8e36809c289dca92293fcb0c2ee1f865ef91940e8f8ea78ddd42736ecbbdf2df,1,3f14d9287d545aae7699344f49cd9a7c2f029b0f7b3230d4bf8fc28b9cc9bfc4,L_ROR,252763,5853165,7e98a3a5f5bb5c6dbf33da1d66bfc1a1e47b9c8e3f784136638197e579234372
242145,5634579,FG_c2f34ba9064d1d8272a3ca92bddd4b4e2cfdb015d687457ddcb8ed483ac3221f,1,b10056c350df2007eb0c7503e615714a0dc1642c158d4daac2f255adfdb102a3,L_ROR,241882,5634188,0f5a3b2d220454910e1d455f7a0afa6448dac338f88e91aeea36548ec702f765
250717,5833682,FG_fd625282c995a32116156bc02eb58caee67f45780040a11435cdf5e409fe4d59,1,c6a810acf1bbf2477a6700f836b68a228d9e63841821422242818c3edb25a8bb,L_ROR,250378,5833129,2dbd451e29f333530058d840951c6b149391672358bf8611b008efb0fc0931c0
252662,5849503,FG_7825a1cdc7a07c19ce2789e19d35889c24361360f791d428b50e412792608393,1,401bd0f802407e121c8f21ce18c77f0714d365ed7f54399a8647a9fc85fbc52b,L_ROR,252341,5849027,7b781fb2ef5211d2db87dee1592cf480111ba82a1dc83cbb55c6b3579c417052
242193,5634579,FG_ef89c77779ffea4c98d98969d62fdd4322b39e49c1dda6611af1a60b3eba54b4,1,ee4e4c80afb221c0536f8c66846c2ae8dcd621a86a1e1ee2e890fb9f261f70a8,L_ROR,241932,5634188,e9761860cbee2644fa65d050ac7c4081f137a1214d7807dd0f693eb7f51716c7
249432,5808163,FG_50280b31340706884fc4c1df5ac365f276dde88d8b0c50db652e8a6934c058ba,1,0509af92a864eb7f976cf0173e17a4dae89fe28bd9b5103c47be3cbf45231ed5,L_ROR,249126,5807702,e9463007ec4d298ede52e46bc9d4ac5df7c754b631b76799655155eac7034a11
250793,5834415,FG_6bfda7b88a7c4af4f5a0b321591662d88f8ec7e3a0954b54e890e06a201f3d6a,1,f2c378be59b36f70c717a2767edb516869af8d6b05c12b4cbdd935d8b2bce476,L_ROR,250475,5833862,cfc5f35d381e2e02f44716568a05ec799793b41e58ac86f0652afa6ca06e09c6
253550,5867951,FG_e3837ec16350460f1a46940302fa03271ad122193912801e6c92e45fec7d345f,1,b5222df69d8c18cd9f782909054476e326d7185e5977fe88a8251adaf8814d97,L_ROR,253200,5867383,e17c3e62b865940a47b5ebaa9bb0b7d014ac6934d9aa131b4a1b098fdb687f75
252908,5854056,FG_d257db3478903be6605fa7a888f48be87bdc778396b287219f8609145e212261,1,f45ce04485f199f753dd40739fa824d587f2f23f98f5ad7b68ea471314bdf43c,L_ROR,252561,5853534,069e5b496eef4910b11b0402fc811d5f57093e028d9a7ed7b0e7f2ba0886f4be
253540,5863343,FG_4de69eb8cc92a12cccd09919fdfc7869b1b2be5ccf9fd4143a2763bac007a220,1,cebb47a4bfc3e9fb81a12006cd0040a7197859b23fa6312b3c50535184c9e3bc,L_ROR,253190,5862775,9d42a5309b1f04c66d26aede3bf01d34c33d486991773c501c52bece2e823fe1
252637,5849636,FG_95d251784775a3dbc51264dfe575c1838808ef03388a2e7d111f793c6c8fcc30,1,3df9c51e8900517e5cd19f3aa306fbcbfaaba4b144bb9c21c54edde3fdaf0f05,L_ROR,252319,5849160,203de077ead7dc46e75ba5a9dadd30d8bb71e14eaee75463897a4a9e27eb7e7a
242719,5649627,FG_b2933b3de418e23058a6828411051dd102918af513a9cd5986011a70b020e209,1,c2cd0a91b3b65bf1de615d8f27cca95e0566533e5b9ed9671549739f89dd7c62,L_ROR,242473,5649205,e438c854bd60a1e98dcf448d0335d578fedf6ff153556e68bcd8ac84e0502700
253092,5854861,FG_78d03255896bd4137a75a59b42c936cbca1b7b6ba03a704a34bf4db1e60a6611,1,72f0a55fbd14cadd62532cf8f86a1aa3bb8a6ca320ed98803568f18dce80f691,L_ROR,252744,5854339,038fcaa59fc96a1837c446b4882dddf1418aad829eb83b1df319207ded7ebab8
249970,5812960,FG_e5e7d58a500e6ef6b2eb3963de9d8a0b56ad26f6353cfab8a06c9b9429bead42,1,77da79715aff69f0822b638287d4939e77fa2efb072940c2346773b4d27a087a,L_ROR,249647,5812453,d53154f5ae4ce3ed943bed58d9ef4ea68190d58e2b081febb3dedd103c39f8b5
243417,5648256,FG_ab952204d6d321dcd7e691f0613cc7f7f2988f98281be9f49c58569398d11ebc,1,a0b794c956a1ef32130c9aec5825e7692072a57aa15fa93b2ccd947b8b2348f0,L_ROR,243050,5647898,85171ee2cf2deae529b0ae2a4f392e4eeb2e36a3927c6d603b3c3e9be50499c5
253072,5854520,FG_b011dc3d5a9630c9a2c7c2c7794f4df1bd943e829bf2e538ecac5c2625d3e492,1,27674abb2a69bd54b112cc7917d1c44403546c5254f2d93fc51028c56d8d40d1,L_ROR,252728,5853998,fc677c36fab5a43df1287154d1c16e6c12e667dd5f4d3f262a71ee5c17f8322a
241960,5629627,FG_9c2e0bd4c6b1769163c92b232a651e14456eb7a5697407746cd107474f32c052,1,e7ea82e2bfdec23b6132d1e12b860e3edd18fe0467ec1ad7d72f36e4912ad792,L_ROR,241715,5629286,ceb12ed580a3dc986ff47b286a65462891d96581c96afce66d4771b4b7f68ab2
241945,5629598,FG_b9bc9153a57c629d2c3004e23ff9dbd444458ae977246169f9ac4b879b1df460,1,8b18ed1850a6fc3310dc1d7bd6c2d8c9edbaf6e43ef676a343fc6cf180a39877,L_ROR,241692,5629248,911c1312bbc3431866a3bd8867b90f77f5a35b87a4935ba3e3df9e3bf9a7effe
241919,5629594,FG_ecdeee05073acf4e9b862784714c225b6c8351bad54ea1decc7b11c04d500d03,1,3fd592c74d0209dd6b0f33a6cdc1023d75be32a8e601c193f915fb7a6ccd4865,L_ROR,241677,5629244,aad90524a911f0bd859bf500638234656542f663b43aaa634717bba42608e26b
250132,5819093,FG_ea06538be2ba175ac5b35fbe68e663d170254061e3419b867269b6744689ea8b,1,eef9236222ce7207b8b15367d6a3eca831af1065720360df798508f790e72f02,L_ROR,249816,5818586,587f42ff315be366b941f5d01b731c89816c2f39bd944ef54139649f0a19487d
243390,5648229,FG_c1f936544384051ed120faf26d6dac7a6d314f3742870197535599b4c21cd852,1,5b92919f95ecee3bb0321fe7e0c3b2f349ff7e8e94fe0f87986e79e49695c326,L_ROR,243023,5647871,2dab8d7f8b53126cf376a999004646861415e8b996384066d0e816e1189299bd
242056,5630829,FG_b1abb05289c689a84e010af1129710227638c6ad6ab15aa8db94e1ef7f7aa4ad,1,f7649531133f00bfed59dd9f11baf396ebb791219bf13174e9cbd66530a95d12,L_ROR,241790,5630460,d28b0e18a439f38b8b2c0acadb0466d7e72c8728e22c11551bb8ab0a0137297e
242315,5635674,FG_e54557d352b0b06f911b2f2a10469202dd3d837c6fa073793a1088cef43e24f6,1,a7f63186f19972dbc4636f22e3d935ff5472f60b0c40aa7447c201449309ffe9,L_ROR,242047,5635238,0bded5877e3962939c093ae65e7d204b43d3b21d4862a1f6271480fc0cfe3670
249714,5814499,FG_a06f104470df2e3ff235818eee85ead6bfaa26dbf4553441c703c835495fae72,1,1e03130fca28c1e1f971eaeecb652ec9acb00cdeaeb15b7b85bb7d6c10a440ec,L_ROR,249421,5814038,c00014fb7522b971213bead4ee48bdb1bdaf64cf03ee138bf7e4471f5ed1adb2
242703,5649619,FG_b1816a4974ccdd92e39ba83586fa171b286ee797909de6d5b1e8ce8a5d488482,1,0d142b44bb45b0bb3226f5152d6fb23a4fd4129cb770634e3a956d2691699847,L_ROR,242458,5649197,12c283df2d0cff9016ab8f6a3d4cc889f462246e7b55e1608728ac6193f371ea
253466,5868194,FG_5b673a8ef1c2a191f0fbb201703f205e126b3a1add6fdc7535967097a6c2c2e3,1,d6977041d41b3a2ea12fedd7408e1aa3ac6cec9d6872dc158195389d897975de,L_ROR,253119,5867626,30837709959c5b42d87ca242c714d34f6b6452ff945a5b82cc108565140f67ce
250801,5834391,FG_0dec9985bdef2c47086d4cc1e151da9acaffba38f70fd2ae37c1feede3992c23,1,87229735d9b999abbda98405e49a1ced404c302410d563535045052b52a0075b,L_ROR,250475,5833838,6ccb197b875cf93338a464a80a6fac571b4d90687dd9678980a68047aebaaa7b
242084,5630827,FG_75e10b5874742d4f47d745db10504e8bfcc1deda6c63aca6d6ff28aaa06d4e55,1,6d8c677e203690ae33033507fe05eff9df59e5d1781cc4005fd55cd7ab7c82f7,L_ROR,241823,5630458,d20a67a76a2056e70288b669be68cc182a8cb219da3c3ab6078d490d4350a21e
242750,5649397,FG_eb1e13636d8077ec41d0f0aafcfa1ba45105a2c127f1330dcebb4ffbdcbc192e,1,00c5e63b4277915ed71cd15e552deb230d84a829e2a6585c152329253b169f0e,L_ROR,242506,5648975,38272be61508c754b4b94383acecac395d9ec7e1d4157a46093ef1f94a4dc946
253271,5855079,FG_90629c54e21567eb4a27dac93a60babfb0c8e50fbb816946be1b2c9a89e365b3,1,dbf80e1fa6c9c81786e0a7c5fb764682d4944e1dfa92d98a3b7c0030d83a5499,L_ROR,252941,5854557,5328c7d4378714845b167553637e4d6e24e08dc508149729c33db284c4f1aed7
249698,5813796,FG_ffd3625e6b883cd3536b8bc85191710070236f04476a4bcb7cc0ca4c80811b0f,1,9b1ccacccc7c2d126181cf29e363e9081b748457d1952e52a8699e36e9c072ff,L_ROR,249408,5813335,0866a6eb1039a6ac42f34c1c156ada32d71b22f61020fb0cd8803fecaf396c7e
243441,5648297,FG_09a4c3335edcde70f9d9e1f561f5a4a9f1e4ab4a801346b348800f885d3a4c9a,1,4f90ffc556186cc01ab7657975c37dac6e70734d5a8d5568ef8e9547069c56c5,L_ROR,243071,5647939,4dc40e4cf987b4de4fe3051da7bc9f28f1c34d6c950cd3deadfbdc86b11e90b4
241937,5629594,FG_02d46e2ac1029572492d5efbae7a232cc0c4606cf417c3548a0282e5636bc126,1,6cbd14be137fffe4b7bbf7d4948627f3ff32ac405cb863ea52e12445abec2fc6,L_ROR,241685,5629244,6ff8dc8630f48cb96fb08b8120ba6e81bd38e046b0deb0931565783ec4b449de
241970,5629623,FG_86ce42afbac2677d9bc01608b6ad75129c79114a8f5dad50b7d01f271a919f92,1,4c6b56f57bd22bb7923110648d84f31b2906c19ce2179a757d18d6abd5cf7ff1,L_ROR,241720,5629282,bf02d764022951cb90dbc5eeefb4eb9f66df620d803a4412ffd57caea56d0014
242769,5649267,FG_fa099fbf335561de891b66aaa459c5989cf4e7122c7357efd4fb3775138bd624,1,e8881ab690f980874d732a990a0c43de6e190bb5f3a2d134a49b1cce802f8ad3,L_ROR,242519,5648845,8abfdee0c935364f823649ebb250cd89dc307f89364f554393e94c1ac9c2cf1a
241966,5629623,FG_c1dc2297a1dba8067836372150cab5f7b602d3067347673fbdf31ca63b476de9,1,97e6c0901af9c910d4ad10c0896d2eca4507141dd35dd1a5d71fadf791731f22,L_ROR,241719,5629282,3500283d1e9a49a1e9878535aacee95152fd14f7e38a59c91213ad98cd465e09
249991,5818979,FG_6831070c8f7767c7bdf79c4c3dd9c48b2c1fbafef73b45b9e7acf91df4fa7503,1,f70bbf640afedc854cca3035924f83f7c04e4f11b8cc567149fa16a65476fc10,L_ROR,249665,5818472,1fbd4376568d432f70b54337c75f949edc4e03be8f787a033ab5785fb2448e6b
253001,5853868,FG_13c44f2f7c2023af41717800b38dc43a179c2a990bb9a933ae801056163d1359,1,c7662ecb717432734528803c274d28df9a0c01f72313181ca6c0a590a00ff2de,L_ROR,252671,5853346,80ccd25b1d7df80891568027f7df7297cbadcbc299d6c61ecd3de5f659e33952
242054,5630833,FG_de434317950f7e4864c5abc14d88881dc15dcc45b84072be9d73f9f33b34faaf,1,f05c464b989fc2141ff6b1989079a9b4eaa3c560d9d1af3b0a8fd1578687cd91,L_ROR,241792,5630464,705b6f58fd33f074e60e8cb39a647fd2c9b2b60afc5500137c82bc45c8f1b9dc
249449,5814434,FG_d7ffab6f5da5b44ab5bd734477947f91487731d40b02e48d7d264ad97f6abaab,1,9a6bcd1a862915c990fd1e6b7188f4eabff4ac138d7e1862bb4bb6c5de2ec055,L_ROR,249193,5813973,b57dca051a8b6fa7332f0e7d5cb682893b77ace18b5d080893e938fa8b0a507b
243433,5648252,FG_4ad24a9ffb7b7781d6b6944b34f22466675a07ce6fd0c245939dbd09a732b3d7,1,f5acca04c3515188d9f4e00fc802d037afd83a8f39bee247876e18e51d06e9ab,L_ROR,243071,5647894,1f73f7d29689b8d2138c99d8329b20b5ffc1967dac9d790c567afdb37480120f
242358,5635566,FG_c6d9ba5c3011839862bf8f0671bcda9d55e3a32983a5ce7ba3b32e73cf8e4da4,1,fdc055341fbcb794a598e4decd0ddff74338d168902d43360b2f4a31e028754e,L_ROR,242088,5635130,97e5d9019df3bb0820e4dc8f09f3abe07fbafdd1f3a82497fdc65236887dba97
242058,5630880,FG_2e645ac9f2160f729c14d8aef845766e772dc1a868cd7460f938206705f95c38,1,6d5e319cc5e8f3d6aead358db0131229d819229d44b726ecbb8421c69fa4b8e3,L_ROR,241790,5630494,298ab3de70eee8753c50f2c3b6da23a7bc40acc67b8782395b61dcc886fcbc5a
250710,5833083,FG_30fc2e945c8ca6cc3e7e541e03747a1cdc3cdffcc5fa738f748f7bd0fdbd6262,1,246cf6c580723bbc71d4cdcfc3bbd484fdfb2471aa10a6429f936869ff735ac4,L_ROR,250394,5832530,e7fe7e0f20faa0cb333dc5391fda05809714b0faae7ff715dd10eb1c80a3bc8e
241935,5629592,FG_c12789d392156dccabb3f7d2d1567b99f5c5441abfe728ce75d4a5281c86db52,1,74821732a3aa7a39ef880c53c2e912b2a1a66c1fd7f9811bf68f05576871ddf2,L_ROR,241682,5629242,0330e0b09f3293b3180903cc68f0e4e18951fac8617509070d8b993e2e97dce5
243363,5648230,FG_c5971c4d52fee45c105e26c739284331f8498d183324592a6fb963ebc7bea4fd,1,faacb8ea33b53115a764de807b8df91291ace1de2e32b565ac1991da9e9d8ee7,L_ROR,242989,5647872,f52e6566a361b9208908bb458d8da4090f2791c6e45050a07909a444866b7cbd
242224,5634591,FG_eb796316dbe318de4a6da90a9b572325e92131187575422be9250091f7571ffe,1,5cdb8ba4b4edc4a8211bd958d97ec1beed8c0c3e0bcccb30c234a6aca4f1067a,L_ROR,241960,5634200,fbd199a0c01812fdd2b9d67a723094286996ac579b70fd6d1a9884ff5f9f6642
249615,5818867,FG_8aa3fe9bf53e397307ac31b51e251e11764a73753e832e3ee48d7e8b0da3e69c,1,46742b09df2d1d45e9fe29f8dfa56507d9cf91e61be2eca6c032a019caa5ec9a,L_ROR,249303,5818360,542acf18392500c75f093274121b915ac20627dd391df7936c3cbcf5e229b6df
242734,5649445,FG_35d85770cd30fed1e31bdf1ed65f125a089ba55e6debc96f74b28c8f4398692f,1,162bbc178a2dc4b53f6e74f48e4e5cbbdf492bd1800b3d16d704bc676cb76a7b,L_ROR,242491,5649023,ef53099689d26e548f52d3e6adab06e3471b9a0b57ddc6ad9899e52c80b16f62
253002,5854689,FG_36a4064eb6c40838fe48933f88fb1d1fe21219c42c5445f0d456c6f8a90be05b,1,b30027234752c3d07a02b789ffbc21fea2236f590f5cd7e7190508ac229d7d72,L_ROR,252645,5854167,af6ce80a7d65b5686526d535ffa0ebacba9e62619c14cbaa5ad7144d53bb4b60
249572,5814133,FG_d088460597875edfaaba1660c68df22e7e337b286480d583ca3e87153cdb873f,1,4f2ccdb11f7784e2df35825c49b0c38629c1cfde718198065b28a11ef4dc4fc6,L_ROR,249280,5813672,69497096151faf258b3c480421f8b1458ea3c2d6e967012fee6eb995caa5aaa4
242716,5649227,FG_99ce18804eb465f97299dd586296a2dd820710696c95ca1a45f1a40895300a5f,1,11f1ac90afbd4ff8a02603ee1cbf0a8d2380c2c7f1dbfa229a2fa4e41e74e814,L_ROR,242464,5648805,b91569e9c3dbdc8d52c09d41ff57d257e53ef718e2d05b02d6a0898d66ecc19d
253715,5868137,FG_66c75d068e18fbc9e14c9aaf9b140b9a147818ecc62c118d06e0d6675c8ca5aa,1,d2bb09adb2d07e9be2f82833d0fd320a6f5b00c4f15a7a4408c9ceb42fe52bd9,L_ROR,253371,5867569,5c3cad9cf95b505e7196e5cc3f50b18af9c8534cb986ebea4c329b5a84363ee2
241933,5629592,FG_d99f35316ebf86a35845c9a85b4037960d5313f2b93d37917ef72e7b3b851c29,1,e71de82bf38d42d7f5309474a923ef7460b5ebc954c422d39f82edb77d70fa22,L_ROR,241686,5629242,6d283dc26edf397a72b8bd140581eece1e2f5b8b272b974190a1501d698d765e
250068,5819278,FG_48052b55d9950543ad6c00a12958e0e0f7cc707e89394e25abf537fcb8e3f598,1,067caec746bed0aab3cec298c40812878f80994d5314d6e4eb6d2f6f59f55606,L_ROR,249767,5818771,2b145235519d9374c3cde7d23aafb46270f043abb27c332923b017ec7aa3ba88
253213,5855177,FG_c01e3e28e52ba20cb8c71c3e28a20b9bf9acbda741b00ddbcbff84e886b685c8,1,c1682c9815a52ba829ff90f19b9fad08c33b8f7c7fda134464bf48d652198361,L_ROR,252862,5854655,cec89e06334e5ee9e75e1478fcec797954f3bbf58fb6eb26bc6a8f69be82b88a
249884,5807466,FG_7ab27bc8a7a326bdf06da9139e32fedd01929e1f1d50725acdaa3a42906275db,1,8efe246c02ce01410824c3d35a58e7efb37c970e5673f178243927ec9a63b9b5,L_ROR,249573,5806959,7a960621957c00e3dcf70ecde59d711f1c52e900ce3bbc6122476e20e9f865ca
249751,5813904,FG_daed4e5f0287de5e71dfd1fff07ed8a50ee84ced40afe71c7fb59387c6c3458c,1,70ce7e135dfd2228806da8784a4a1e3fa384a78b7626b1a2464443a966802b39,L_ROR,249462,5813443,25511b19c0a526f71d802dec4bc28f4292428d5f39a7b9cd1acd1088b1bf3aec
242174,5634373,FG_04faf6f8228377af9111fa4e37edd0174b118a760cf2fe3f32de0cbe475c1697,1,9fd299987e0652037078a955a35c01a473d87a378a3c21e0c26b9ccd0e54cc27,L_ROR,241907,5633982,1e0ad31d0f71f977c64bb5effcd91dd971501010785f8998ddbfe5d5cf593da5
249662,5808125,FG_0948c40b56dfcd6158bee524492870893b30b2587619e039fbf19fddc1c9ccb9,1,8111355fd1ce2753d3a0779b304ac7bc47b6acb46661282dd71a5b0943084a1c,L_ROR,249373,5807664,a96352819fc262b957cad25d806d5823bb488ef2bb0643f57b5f94d234cc271c
250864,5833003,FG_e103eec878dc453820469fafad529c2dd25069bbbc2f918aefbeb167d2328b8b,1,e2d0232da047dfda7413355d7cd7cf8644283c77cb605db89796bde9352e328a,L_ROR,250539,5832450,8ae834bb5b915bd02672f923db68a6b7bc0da83ffccc7efa3d3cf8e77a78d4fa
242163,5634503,FG_40c987a9c5fdcbf6cae627a38c91b4dd34f66f5d980fd9eb65bb5e2ffb222556,1,57da09bf64e0340922a019ac7f7261d6267b13c128fdae76ea5c0947d4ffa954,L_ROR,241892,5634112,c2ed947aa78520a3043debdc67d9abfa04a5c9718a552d37a41f88adf8feabbb
250698,5828282,FG_498079f7e98009670aa4f029c516a206dfe0b50adee381164c616624dbf0b79b,1,fc2b3e93d5b0b3594d3bafa51a88997b177dca83553e1c34999d9213314ddc19,L_ROR,250364,5827729,a7a3058934494de50b6bf472c61f120119171dc191f7449dad7ad0af443b988b
253145,5854537,FG_d2fd5d1c798000030177c17a19223642ae34415cd9a181d46eff757f62ac3b5e,1,28476b1083ff79c070c90d2b2f30da5937d1c891f3a0867248f35636e8510d57,L_ROR,252795,5854015,e4fbfd19fb6e7979bca7683cf798596b8bac5d27f48426aebc9a67c494d457dc
252839,5854569,FG_66ed1d91e865a808a20a7d270455e4f9657788853ae110f48d66ad8feea23d7d,1,35d2a41cf139af1455ee850a3752d414fe1178cfcc68ebbf541d99a1bc3a8528,L_ROR,252497,5854047,26c1868ff1c665c30bcf94d6239706e502f382a6ae9bb53a7fc0d2c1ac8082a9
253228,5852096,FG_576cf60774d0a6b0da96b7ab3681365dfb8fb36247406ce8c8bc109112ea5ab7,1,d066b221a1e722b4984517261d67765b24b0d85be4ea7b7eaf497985ba74fb9d,L_ROR,252892,5851574,c525aa4c490eb5d64d0c87cde73f66df6fa50d3c3081fdec8171e199048559d0
241948,5629623,FG_de892c6b945ddde040d1d971ccc08dc9284459ceb50d09a3cce754ceaf91f25f,1,a51a04bf54bc0d9790f85a64b31af595410265bfa2c7db52e2bb8a908af1bc04,L_ROR,241701,5629282,272dca0fb42029334a95d4e311def379ed55288da380da1d8ca6a0430ff231f7
253109,5854863,FG_9f11aa49a42d2ea5441fe8489ee4626ec1316be0d2bc4bd84b7e8e0ef8729040,1,e3875b7e71cb72dfed05dcf783a6dc14a9826b119fcfea3f67f9449008bc1041,L_ROR,252764,5854341,cfecdcb97c73eb5c2ce4fe4bf72f524e1fb2817c60bf7c104337756a2b8b0921
249985,5819179,FG_6a7db6988a8b2203d904d07eca4781e6f9c0c5a9ab5d5c70f08a70580ea8ee9a,1,c32d1733c927977682b75b833427762c952ed7f12c8a82b5a2210fee6006381b,L_ROR,249669,5818672,e54b118ac042390d4fb8af19f9c9d4dd41a18e3550e14d8f989d123338ea4dc1
242326,5635688,FG_a0ee7ab5d804daa060b137431eaaeb82ffb6ed5586d0cdc2bf9eb2c873d42074,1,42e926126497557cf54f40dd9afecebc4ec0769767de7c2ea1eba454c5f81d64,L_ROR,242052,5635252,bbc3b5e7d47a4beb4a0fe28e85c912d1a4ad796c4e535b7a7ece5e3b432000f0
243384,5648180,FG_7d4280ccf07f84757b2910ebf221d9304ef26467a3832a73d8438a07f184f55b,1,026fbfba8fe780bed5ea20dc8512509f6b9fe817ba8987d080bce8fee5ab318f,L_ROR,243022,5647822,0b296cc261ccaf380c34d911cca223c7796aaed5f75a0814653a5f9f808ad83e
241966,5629625,FG_63ce7e7a05d01fa975a52188893719bbae0b7e3eee9f881583d076130b6c83db,1,f2cfaf2bc2ad455b23046e09f8633b87dd088c72a0444702eb786b93ebf377a9,L_ROR,241720,5629284,bf019527d9c16d6da2496d3ed85237794094a6751a6209ce49df7a75ab6afee1
242340,5635610,FG_9140521eb320362aaa557f01e96e878f53a821b9b5ebfebf27b6dbc1a0747ddb,1,f7826b657f8ad415ccfd9a41b584529dc62a7bd06350a1a01db6193e739db328,L_ROR,242075,5635174,26e45256fefb65f4d9b917ef24c6422be63ea5775eda8f2a5a36c123a563909d
241965,5629625,FG_e3f48ba478b1a7c51fbacbba9497fe7d20d22d07057804016b362539e50de829,1,48ecec42ffce7cf30e683cd9b6d56e09cb07aa1dc19c36d9482a7858a20f7b15,L_ROR,241721,5629284,8b7d2647c53e491b4a00f78cf38a4e9f4b9097a3086a49aef347a73d2c6c1ec8
242763,5649521,FG_981c0926a810e8bd861baddb427d0d5063b601bef2ba1d324d2ca0bfc0bd5689,1,763c048285f8ec117e2bbb467cad3d146dc76251f43d33c7d05df476c0a0c7eb,L_ROR,242516,5649099,43257e805a87ab860dad4ffda5229efeb568bb6e1400fe25ff6a68a37ab3f1c4
253192,5852106,FG_f0dfdc8329ae8927b7575c6d51f044fd440b159ab758deac51096c30a7dea44a,1,6b7a848599a2be5d87e297b5cd90a33f37c5f4a11fd05e26a6b9f798c6cb3940,L_ROR,252848,5851584,e828acd99d210177708da006f6bd771641fd0f31789dbce6aa97dad3e2b050e6
250049,5819102,FG_9a644a65e3cdd33acbf627e1c309f96ee4ad9afaba0eae67db4e96eb567966a4,1,4cb1bebbf6f379681ce801a693167170e73860f592c6784670490f5571cf4f2b,L_ROR,249734,5818595,44cb488c94cd25f25fe7dc676b22b86a17c99915ce9fa26bfea3440e311947b3
252734,5848057,FG_8959e591132145318b88a24c866f83debc95f951ebb6114ae4e8047a299e87a2,1,ab16601b00631f1a124695fc3bee7c11af1db11eaf410e4bbe1a598cfbbee144,L_ROR,252417,5847581,8008c9c99fda26db2df436dbcfddb3c7a70b3263f3faa995d0acd6cd5772933f
242338,5635630,FG_57025b813be7986fe8ee11992ba4baddff07171e50e78bd20b9ef0d9d5dcfbb5,1,789e269e2d4c5dc00fcd7c38c894e64135dcfb3ace9c2e0c388e6151d36f622a,L_ROR,242066,5635194,bbf8a5371dc91c0b6a3c74f8c18ab54902bea86c49f8412b33d9f434420ec43d
253073,5854439,FG_5639e4fb9a3128ae3859ecc36a5d7625da11f1cc86a3847c3e0cf51216465e7c,1,67c6afac25c6cebfa4993410951161fffa7cf09d1d0042d125cdf334d1c75584,L_ROR,252741,5853917,cb9088401ed094a473f797cab9d719abb77fe1f26a5dfad67ca1583fd0b76dc6
242154,5634439,FG_049d95ef88c69d518e9448644bf07b6764b077586dee3c0b551ad9848ed9c074,1,b9cd4220b3ffddc61a606768b14b46e21f4bf59a584d2271891f475443e192c5,L_ROR,241883,5634048,77d065fadffaf76c56e203fb85d749905054d5c75c05cc5935ccbfd0e39096e0
242720,5649367,FG_db747018375bc1674c34646776923ad51e74862fad4b8bc18002077a769d53fa,1,36a987dbc0a707f71dba1030d35a108e248aff10df56a71a03e2bc2be607fdc6,L_ROR,242477,5648945,77c1fe75f71a2c3188925a8921f8abb2e4c1091a00a57d0c760c932155da6049
253198,5852910,FG_9639a800f1160f57371d12fee74d252a6470325a7b2f57a2204e2de5b6de3c62,1,af584ce632737bc8ab37c9e0b26ecced6686e177534e4f9eefd4b5a3b7688ec8,L_ROR,252848,5852388,a3aab42ec6b3d665ef2ba661dc7c566afc7a9fcab93a5013ddd4b12f932db54c
242745,5649309,FG_639e2952876c5239906336bc8939d1584a17f014664aadaddf9d386ca44a2932,1,cc45806e01fd402515c5751907c8d6dea850fa36e24998a327d0241921230d31,L_ROR,242508,5648887,4029a91ca36431a16de098e94e479bf9dcd225236ca2e2a1038de3b5dd31963b
250718,5834144,FG_712025ef6f40211d37cc464134d163b2886186b7aa77af44dc71cabe4327c58a,1,0ced3870ec7638a326d48f8441b736364f4b93e6697ff4e3e98c9ffd84324848,L_ROR,250370,5833591,c5302146d06929610e7ea151e90e94910721d929b3dffd77f4dbdab674cc6d92
242173,5634511,FG_bfafcd91d92d0b6d79558f77aed7006e41bebd2df7b423a0aa203c58114b912c,1,6ec87e28199848b0d774d9addb680abfe344efcb5774a93e100bc975564fd79b,L_ROR,241908,5634120,306c21ba3f59ac275e85a8acd9cf0c24dd8bcd8fb8cebdba21f89cf2742042c7
242704,5649621,FG_e058911a5b04d418cd22044651dd8b6f0c2a56cd1ced64b638657fde4041f9eb,1,96abe4de6a36e40d57379531d3ce920f08ed11c0cf2b835e1623cc1d2680f42e,L_ROR,242462,5649199,37609d7c44d89d46b213ce1ab26d7ffd1cd9707e124f2dc7355ac35e07f4c6e0
253007,5854228,FG_dbfa04c94bac7a32e2197227c8a4047f0b0b4ac6db706729976b0d1bfd6d2675,1,71289a916c8e6025bb20f4abd9181c60c0863ea15397ca8d3932ca5cca030369,L_ROR,252651,5853706,c67c2f2de6b0fe03e40644bde5bf63f253fe5dc4f2f3aa6eef8f58a4d6dada9c
250307,5833403,FG_599321be931bcc62ae182e9bef0db4e2f88ea581e23bd0a2722a00e8c7fff516,1,0145271db45008e744ee2304dd06710831be7c29a711e8d1e9c51e762f56c506,L_ROR,249986,5832850,2cd32b52b020226ff73d5d8d8890c11d447346839e8d028f0fc89e109f5b7a7a
249977,5813233,FG_8a8e9657a8547656d15eee25c78a549459ae96d434180390039965e2f344c3c4,1,8fd082905e2b0894ad33dbc3d76f49a22350eb8ebaab2713c5cc24eeb198d43d,L_ROR,249667,5812726,19916eeb5acf770996ec99658c845b9b50c7f5008ea615a0601cb9d9c82982e1
241965,5629625,FG_25ea207a111f73ed164bb7f4ba906da2a2d19fa62dca86f35bf18b4fd42358ee,1,26a34bb81ff9d1c39002b00f57b905cb7f2ef58f6c19ff800187bd7ba94f28c2,L_ROR,241713,5629284,b65801c7cba8105a09daebf230156d9ab6b2cd555f9f17a8742baef1fe4da0c1
241977,5629623,FG_2387adea06457bee2c951e43d7f73328642064ae965ea3a7fcd83c0328ddf275,1,afc621e94b54eb1e14e85dfb81c32e2fa6ceee0e7bd15b69fa8827fffc51fbd8,L_ROR,241724,5629282,4f38f0a36f38ba2bb6af617428a2c4d07f0cfcf5e9b5adbc19df705e68f7de56
242749,5649445,FG_e48996e673bf8e7c438c5eeba05edec69351d2b3cb28ecef1f69eea3debab2e6,1,b8a828048395e1153fafde6cc508c29acda1a45efd50a1daa40261bd589ba2a7,L_ROR,242491,5649023,35e2263d54abbe6f32c2971d9c7574be888451e5fd0c91de5926aeb57377e895
253176,5854729,FG_61972511da15de3d11e2e42f2216cb6ec01919c24d83878b010acebc354c2711,1,5b07da6b159954e8b168e7b7d20a3f95f67372e8dbca53bd076e21287f25f5f9,L_ROR,252838,5854207,474f20e24fe60c771511f89c290cbda2bdad112af20652bd94bd592d776457c1
241935,5629594,FG_94e487b18fd8e28082069ae4c71d667f885a3e2771c4b509760672058ec7d6e1,1,bfc634d235b4b55ef4c936a310ab68a2141c7c8124e06c8ab9495936fd9b6a1c,L_ROR,241684,5629244,f7ecfeb4bcd011764dbfd03086c729535e67a046824aba63c459edb63b7e22d2
242201,5634553,FG_c446fb9311c9ecf14c8bc190f308c12508ad765b0b0ef6944765986424c59258,1,cd6a72093a4ac09ce3503caeaa455ac92126fbc2d2f9d9db2e6b524129438430,L_ROR,241931,5634162,f98fd31a6289ceeaff2589fda222b0f6859dbe8cc23845757694bb015c0af24d
242328,5635600,FG_69e1d28d04d7669cab5ce4481b8683f065ac8ada72ce85ddfd104771a80a7b93,1,c26a14635c2271773bc01fbaef42b6720522dfa2c5cac337992596ee35e405ff,L_ROR,242056,5635164,d5c9f436cb06888a483d381c60f0b239ac9b6337abfe4659b2d51fac7ef55315
243425,5648195,FG_05f19ece34f9ab03efaa59d5844f9bf0b41da5918eaf8aa8086e07d6d97ccdb0,1,1baebcf08c41cbe93c1bc616c6d3de1fe838025e5aa4604439601bed97409e3a,L_ROR,243062,5647837,ffa8affb5a7bbbf2786ba14e94d88693792e007c7b61a9efc35d631019b332ba
252909,5849592,FG_5616931d53e40688e17eef74ff779fb5bedc866b7afa6450a9f93c419c0f6645,1,a86871985a2445a95a6c9e4fa5bde9d282d5c68af223a2ff493a95a1fab5ed30,L_ROR,252598,5849116,ad8dd5a50688948917939d4d9f1849378d842139d1aca24c6b0990ff4a6813cf
249935,5813124,FG_d9c31adaf482c928cd70740e7a423baac4e33a1d92d9d02183cdd81f0034d710,1,f2e97eeec4c977edced38a58af2f127fad8386f970f17f14ba5882d2eab77c9b,L_ROR,249624,5812617,aaccacb013b356f2ce597a615e06bd56adc45f0eb6f145341030b3810f6feb48
242208,5634727,FG_2bee220b3c85cdc2e978f422cdfd7db99a22145d2afe78d5e85561e0951399af,1,9be75ee4a6abd333fc63bc9f8918588cae49d56699461f6ca11b759f9c362db5,L_ROR,241942,5634336,4d3061d014d84d3736967068ec8a9b01fb6aa5ca9d32186ff13a8d3bbd94356f
252757,5843746,FG_48fcbc2c476815a25be9bc4790fc8306f0f130ac25f5972604836053fa39f50a,1,cdf403ac0dd3e8cffd205b2dc383bfff2eda7ec74512a900e31cf868b705b10e,L_ROR,252436,5843270,a017c2617aa08c0a41e55850e07aad617a8aa1a9f1a6a6fffb171cd30d507d24
253694,5863070,FG_ab9d81d67b4822ed8187e60059770866910b1a957e367866a62cf9740813b028,1,244990b76e53d4ffd24489feecdb345b66df6a5cf17a0e3646b835d6595c58e7,L_ROR,253322,5862502,d8591f682bc654a0b66f18a7eb8ddd19b681d59af96f99385a3641d5f8e34ce1
241942,5629596,FG_c42f1277efcc06f0ca386cac7c660eaa0bddae94cf3028ec52c7e4e0edbed64d,1,d1ba5e3cb84d69582887b3d3073301fa12d2bb9c139f8afd058f3605180e43da,L_ROR,241687,5629246,fa8691be82076b21a24c9540cb4499c8bf33a43db721acfa1d330aeccd4d009d
242050,5630859,FG_caacd630bb2687e30adc15009489f66a1f546681086704c8162bd9790a449d92,1,0b754f62ecb30436c2f1013ab3842cfdbcacd7676890de4763387f26caa89573,L_ROR,241795,5630490,3be4147b6d1737820484622d2ef3a0da68bdfe64c2cc54c966f38cc362db74ef
242328,5635665,FG_238364b4a184000d06a0b0ebed88f7ff87860071f052225bd4c8a1000398a1e7,1,2245a041021564b612ed09d8aac4f564e4dfa383c78437dff19278de48f5a44f,L_ROR,242075,5635246,f359e4cedf92c954cce57f7478d20d8ed91c87823251ad928b87f33b042a79c5
250015,5818293,FG_58a8dfcd41ec17823a713e19fccedffa9b25b12d674f58cb1e205e1d4383680c,1,aa82455ef67ad5918b479c8e34c32ab1f901f653583807ac619f7b4abdbe3fcb,L_ROR,249701,5817786,8b05c4083b58acdf8e6c66cf5fdc0ac0e52583c6890963ad65c62ff6a03066af
242206,5634553,FG_f8ff3c1d21cd460214575a5f3f9318fd891d676b0b1beb1c76b03c5848496586,1,29f09ddd18c458a31a2dac91a6ccfba7158590c0e2bafcf650589d8d7762a66a,L_ROR,241932,5634162,7d5fd89aa9d117b6d38ab916c927ec8ff1b2370120e9cbf69a0f7a994cc08dad
242145,5634285,FG_007ba554bbfc0c78e24f314c1fee70627782330082ae8a01a9e5fdd8b4c49ab3,1,f827afbe1e9d58ea77f0ab1b731e10f686070f075ce4d292c6de53e0c4ca34cd,L_ROR,241880,5633894,f360dc4428eb6c142ad4e605413ce48f2d420bc06dd33649f4e3c21cbebeb68b
242356,5635628,FG_fde3828f411d66fe77521d637a48cee9bbf9788314d8f188e0249f14c194d3e6,1,63f1da2149d280626ddd529ada80b34a0cffd6eb00f92d81712e5b0ad64528a6,L_ROR,242074,5635192,ca451ee2ba888130d4129a96f771e4fee2e7d400a4444c9dec0c5bae5b30a028
242066,5630823,FG_2ca847e055d4af586c345fcf168b33f1a877acabb7280ac747ae374ebbe04f45,1,46f8822d44232d4ca1640bdcce75c1ea9be7b2524c1e8fc37a1d86c022f29cbf,L_ROR,241803,5630454,1b75393258a8f79eaa6f1eda11a3a7b12415178fa81e44423c419fb8f8c1240a
249706,5813479,FG_823757b5feb95ea70a607944de0a41681f9c135d32158f45ec3861e150432c8f,1,3948d19e13018e245ac2a748d43d6eb117ad83374acd8a9d19b00ab9aa3b063f,L_ROR,249420,5813018,a616e0533fd3feb5340fc0a82eaeb3b68a681709eda9f35fcda83ff0fb5c1992
249743,5814183,FG_8ad9319a35be702609ae77a26344e8df5da7898f1a254c36c2726dd8a128d7b8,1,8a224c6a26e76f8df6795e59e6e692f94489001a3562e24eb936897db7121975,L_ROR,249460,5813722,704890a4e3a7a2c39a4498a16aaf9b6e4f9cd3148edbf0b7192215228699f38b
253705,5869530,FG_6b65d1f74d516c280c99c37a9365efe160cb569b53af93b3c24451899bc37438,1,e48f754336455c14351287b1b1ff1a4a6196d383787e1a916acfe2c20ebca216,L_ROR,253359,5868962,602a78af7d645b92eeb7323bac212d3d66b89e2a6adf2c2c9f92964528e8a3d9
250068,5819629,FG_e307f6068fb2f01cfcdae1edde8c2b1002640a3c3cc9ff2ff8e6f660c657ff40,1,8124a4e72a4eaaa14fca0957531b0cb572a79fbe1216ab87d450671756004b73,L_ROR,249749,5819122,0e0f48885772bb69a2b95e0412319a72dbaadf0ba450d63473f3d2caf39c74d0
242248,5634747,FG_cb3622d3f524bdcc68598f6e6445a357226f34c93f11e44eb6685524ddba6e93,1,4e040301dbfce063b7d0ac18eb62df21ff0731afca8f48d59c07b16c3deed31a,L_ROR,241980,5634356,077a9299e8fbe4e469223bb85b3c403221b66598c61b9c41abf0b689cd2b8b6d
250318,5834364,FG_456396b4ea00b558f60d0ef4152ac25975ac520491f354aca2a0bd101863a47a,1,ce439cc5d37ac8e72f27c12c2d6d18349122afe6e827617a5e7b02012e7d8668,L_ROR,249961,5833811,05d814240dc0920d2cff907dba51af7f36a3840dd64e9316ebc4f8758aa4427a
250617,5833612,FG_ca3a07abf0cd8bc3f3441afb10594d45377f84bd77999ada6d863a654e8df549,1,14e39a799d0b78f693ec29a35c83627366614a3a43283af44839465a9ded7fd3,L_ROR,250315,5833059,28750a833749fe37f8d843d353638cab51f6c421ff7af7d22954798f834f5874
249898,5818121,FG_ae1ad26f1eb1f2d82bc6f79180dc9428cb3019ee9a839f54a00133936b1ea3d5,1,618fddf716b8c845f8d9efc897973018f41f19c79f541ee379b53cdd6089766b,L_ROR,249583,5817614,ecfe6d7deeed63fff5b1e3f8e6fc604d3ad86dbfe2b91ec04c0055a7ed422f1a
252973,5848441,FG_8d0929d92437ee8982f3650b052a7f712f3c8e269766151ec4513c637c6a03b9,1,0bd4905abb1cb9e898097caed3cf5a6fdf3cfad3de446c6869f618769dc77242,L_ROR,252625,5847919,c635ee142840a83655d3ef2ebcae57dd0857fa910281c6cbf68d20fb837cf09d
249655,5812630,FG_a602f8b028d89187a32820c1ece88c8f8d70e013c95e22393afdf1343093f977,1,20ed886086a0bf70f4c39e2ad3d79310fb23b7fa85882084dd86f34edf89688b,L_ROR,249346,5812123,24cfa370ce6e833cc2ccf5453d1c50bd007deed8b15a9723ff4e7b54229262e1
242033,5630825,FG_6f49919b4f2c52bc769b1aeb9a965ef4b4cf144c91b585034b2666e018bf6bf5,1,5c68ac816d11dc123005b43556236582db5210e7f7b9c1edfa8d9f03d6360296,L_ROR,241774,5630456,30f01590af7f30291f18ab4763d8fdb3333ed9254acc83948c3e1df932d0e47a
253285,5854375,FG_7438e2e72e795a49eb862f96999dfccdffd2a4e781d632994f2dc33a8e5db5ff,1,a444277319731a85f136208ad12bed327b58af4b5046b691982794fd47fe2453,L_ROR,252943,5853853,b294cfdd1b165df3cf34cfa5f77a831bdd1c90439b89acf0d129e71f041d4d97
241931,5629594,FG_8c4870463d4363924fcae715305086e9b6bcccfdfbd729794e4f4802d37a2977,1,17d23ee17a8ca3bd9c409406655a0125c68a15e083543726266952e4f1bf5e65,L_ROR,241679,5629244,ddfe8c34998ca5bce0545c9c2fd43ef98e9e99856db05a22b7485cf6f65bc6be
242163,5634479,FG_9e156a4caf8ac4233241d551f071bf8790474fd4dd63829b2538a146a9c22557,1,91a0ef00486dafd7a0a9b1a340889355685cf97880aeb71997dfbb8567a5fc3c,L_ROR,241902,5634088,1d55accfc7c98330626d1c2715117af5895f50f6df57cc288453789bb5d94697
250039,5819411,FG_2d538cf56e2854073749edde362c0569a88d1909b2ad464f03a3b483c6de6dc7,1,9068ca23c115c06668fedfc51e41ef860364d1b7b97be17d1311e5e5bf2d9709,L_ROR,249733,5818904,9a2bf95dbb4ae56af34299024aaf44251d9125fe71aad085a4f9680f22746ed9
242151,5634437,FG_69b3836af1409a54f7d61d50a6ebedd22a5d37ffae905667624fef4b2c1783c3,1,12b30c3bd984eb4e4a5c3b9bbee6a443fcbefda71fb5b88558c4dbeb7c308dd0,L_ROR,241882,5634046,59ff6e8c56049f0cf03ecb0893caebd5bac578b27cd3707963e3cc9a00d895b4
242165,5634491,FG_787b8f29518336edd49fac6ce3a805e160000f767d4c8710322c593f1792f208,1,17f25cdbe961e7642147fe398961b71235102810ca1c87e2b46be3cee406710d,L_ROR,241901,5634100,c7f199ebaf4f21f79cb21c6d708f5de43b094ce916d79d040f4a86054a02b512
243416,5648240,FG_662e60a50ec4a40fe4e36a0ecbbcfbcd6b772902e994c95f9d6c79cc897f81fb,1,a3fd686ab2689fda833e1e3008b96f5f1733a4b8a08913dd95dbaea6d56e89bb,L_ROR,243048,5647882,54310420af9897fd11e8aa435cbe14b80f0c7f4b669a73d5db4f32cbfe18134d
250085,5818896,FG_faae5e438295c2c7e769b4cfe49cb6388c03bd4f6777d43fbc868b8ba2a55860,1,3f296a07790da335b87b831060fe270acc4860ebe6c746a2db214f72ac742b9b,L_ROR,249744,5818389,8bd3da3413f246430c983ee786e4dbb6b11c2a92ada70f3988bdca2865b8af53
253035,5854578,FG_df88e2185724be45cfa72ad1b62a54be5e5d8d38147fc75d254e293608d6e648,1,278d384e5e94a15f7f8bbaa4e75f24a605f893bbb437d9dbe68d3d474d8478d4,L_ROR,252689,5854056,1534133a190fa7eb4b386e28f1f59d3ea9086a82a3fee1a5e59e8b614c90cf2d
253730,5863167,FG_ef1c6869ea67165c8c2c84847b243f0ce49d12548e554a9376aec0d909d5e445,1,947065275965281f4d9208c7e0ddab92fa635662d7362c77518c3477eafe337b,L_ROR,253392,5862599,6367df98cb4487449eae1a562cd6a153a61734077e4f6ebf154512796a3e7f0d
243375,5648230,FG_79489effb67197d0d4e42e2485f4b5a62132d4c4525b90f18ec4ce8d7e867da4,1,712fe523df2a69c93181b24618b0779342c10f5052880d0633148279ee781b04,L_ROR,243008,5647872,daa2f282b6ace673aac562b91b4b7fbea7b597ec03eb618255c67ec6c697ec31
250065,5819407,FG_2fe993e0a259aa17d1c9ecd55661d58daaf8f7a15ccc430404e526feb1901f16,1,f5e5783303952e19d0c9325f11ebd7cf63060e9e8c605b4a558c2c1c96d805f4,L_ROR,249766,5818900,92de0c40c48e40d27fed3216d5a34fc940268729035d49e3cd2b9651a949d24d
253791,5868486,FG_81e5dd58962c83a6d0f1e281cf16b3ff877b8807df4c5d6ef7a199692f3cf2e4,1,530c4296edc387465d186df1a85b2e548fd931bd585ee1e615017433b6a202a8,L_ROR,253438,5867918,301c964e45f65211935dfb23388e1479f51c752fc72cbaa9283608289889d581
241941,5629594,FG_bb10bcb23d2489060323cc47b8b0392a746a9e90269d35887635b2f4271ef2bd,1,8d2002373113e8191aa35a967b0e59818e6d3100a1198600356f78a91a2840fe,L_ROR,241686,5629244,403e00fdfe5dedb8bb15a0f02deb615a98879854faad2b7f51c30d3184be97e9
243337,5648100,FG_2020c0b99d9d698e71db4daff99263c5a68bd665378aa29320fac4e0f3024482,1,77ffecb4f15231bd82230a75a086ee0ca83bfd9bc3ea86f594ad385dece6faa4,L_ROR,242962,5647742,0c4258da7f10137015736620aba7a658db3472379456e837d3eddbf69e21f89a
250016,5819124,FG_4235f268459e2c0511726b40c1e563eb211324ca6921de2ee4b3a41c72cf8065,1,a6618bced6ade8391b44e320127b049ac7ca6a7955a6c1206a94a9b150f98d9c,L_ROR,249698,5818617,88200c32d882622deb31927156f204a760f213c0344f1cc193c07075d31398ce
249731,5808156,FG_c337f5d99714ee3edef650dc64020448ea2052c19280effad4dd0052ec5848ac,1,535d4e6033161d44e966e82e939ae3a201c4f5bf9b59fa88bf355cb508416463,L_ROR,249436,5807695,108ef17753365ebfaae3ed5ffad1981ecb1b0ca278ca3d41d037312979a3652f
241964,5629619,FG_df791fd03c5a792cbc14b2e688813e6dfc04e0f19e6d58e569ca857651ec1065,1,b0f7ebf63525e5ea4d0d668e993c1bfe14f78ae231fa65909500b9c25814348e,L_ROR,241713,5629278,75e251d7f05fb5b56ad628fedbac5ab5bc9f86ec8cc5294a37e7421fa20db3fb
241954,5629621,FG_92746aa0de13d415752ac108fafe78bcb0977d520b80fcb632e39460bf3291ed,1,ce7cc6d401d0a8f77fbedf4d218d7e9a07bf7f72625ecb2aab5dccf20517115e,L_ROR,241705,5629280,e01e85e5121ee261aac4ff165c80ad34842f2feaf7c83fbc2fc2debf6b3492c4
250766,5833526,FG_d456979842a5264de3b02bad9fd6d4d14288426702ab5fcb079e89b60c58d987,1,428f253ff89f9de3b5c46bb11b64faa9a083a31698f84350e735050ec38012a9,L_ROR,250440,5832973,6ec253bd8f6a9eafdaf9b137c86bd69ce2b5638542af52e7f1b6e7208cb04818
250085,5818672,FG_16e3759aeb6fb4c7081c1d95b5ff8740e295444b18a183aff19deb22dbb1415d,1,3bede57046d69edf7f7d93850e3f06aa2c95eadf2c7da884ff83eb0525511c4d,L_ROR,249773,5818165,8f8989a6a87c226bf5c42a69b631509b8cfff79b1d92b3a7fc4c52cf95f51c72
242128,5634571,FG_13e86c276b22d6905d6983d0e286b72cc02a68816460a8ad13bee85541cef9a3,1,e0e463df55556ce8803794111d98974dc1e3c7c92ed58f6a4f134aee85c3f621,L_ROR,241868,5634180,f69e2c18b8f549c4080d2930fb13a47752aa067b82a5510f6d43ed47decc138f
249979,5813286,FG_26c8be38e4816c9793fa2bad4dc37b161aaa2999921766d0b34c5f47f701027a,1,de9a371391e2a16481069e8110b0936069b36ba747db02fb9d41903f00459415,L_ROR,249671,5812779,138eacef191affb43265b7c39d196975a9acff92be32b5bdfd8ff88280bc5e18
241950,5629598,FG_2dca9cba1f8c6eec6e94774c2f432e54f4bb5558ecec58dc293713c3a374a7ee,1,28afb9555c1e1d532f75fb5dfd540dea124c31b6c24a581de5291d6c01f56b53,L_ROR,241698,5629248,e6e44ceac60bae6e2a8409c47c15742e34c175e7b7deb56f701e0c693689bcf2
242046,5630799,FG_8415a44ef666e323bfbd418d77621fcf4fc2ae00846a613349f11c87259a776f,1,fc8b54ba31973c8b62ac679527d9ffdd54d3406b5c23be416a94db426039cf77,L_ROR,241788,5630430,849f14fce4350827e2149831ae27629f271dddd74f4194f17d448ae5b45f033a
253705,5869399,FG_c2e6bf5f35c8d570816792f5a2005fa6eb4a361fbdf2c167543c89c740bf65ac,1,3f1c839dea3697ddc841fe4a8862788d890358a898854cd73309786c461e749a,L_ROR,253359,5868831,e47dedfe7cd903b1e2d3dd0d55d2342d8517238c07e1b7f9d52be6e6d2fd2a63
242217,5634625,FG_367fa88f1d291b5455e74e5ee9f43de1f89099f9610a775a237cde286246ffa7,1,337903d3ed192079d57c0d8d909c99eaf87502446f762cbf6e790794e3ba65fd,L_ROR,241947,5634234,4fa2e5b53611f31280f7ffdb8dcf99c4e19c4acfcfa11770021f7145ddd5d33d
242175,5634451,FG_8f8999d2e94b65b8fd41e50bac1b59a05c9fcdac0665d0431e51803406e9b83d,1,2fbf47dbf2eadc6ea3ab1ab349f65ae353547ae662ec8429a38bf70957837829,L_ROR,241912,5634060,1304fb5527564802ff3c2b1dfea66d50dbceb2be9e49190d8f2170eba0535906
242212,5634517,FG_3c06ed357da00f699dafe573b4e85752ce252d72d40bdd60eb114a8285e1fe18,1,3c5c4cdad78541f2550d0e70036b7ab8cf31ce51e11ed1e9764eaf48227072f1,L_ROR,241942,5634126,1ec9a125846b0ef8fd638095588a129edd5d9baae4d021a47ec246784400097b
249684,5818767,FG_c5b1252d4aa743e7801973194d09f19aacc2ec1f7fd30cf6c5e7e65716ae037a,1,f2a8193286fc7f1bb0532d1659a94456f8588385aaecb209ff75428129febcd1,L_ROR,249352,5818260,68d8c1f9eeec610254f89a9a45a2ef70cc122649a479720bcf5cb2f15ecd3159
253425,5853351,FG_edf63087ab66ff87d82bd93559dd84d170bdf677f978bd2f56ea16fb82864e52,1,fecd52402966097d2e5ba6ad1b3c987af2cbebe74c8c18739bfbea8bc6e0cca3,L_ROR,253081,5852829,ec01f1ef26742bdc4fc6f9c4b0f8d91e58ede47006e9a6f544796faeb384e4a4
253644,5868739,FG_611e880c94610381dcd4a33f7bf1294e7165321d798e89e4eed67faa7e78098e,1,ac819c7621806a83383cfefa17a6f1432fab8a76ad2098bab6c318e868fbd3a9,L_ROR,253298,5868171,5af76ecb4c4178e2aa63588cdcd5f78aaa90d1d2be89aecca5e889ce32e07f85
250876,5834356,FG_b991bfa4b0425d43a203401fa97e0904f4e6e88733c6c11c17160a1a90c84e0c,1,81840a339ea48c8e550e7d1bb4b49d1974fb71a4be88ceed3a1b8b64e9a3a334,L_ROR,250557,5833803,9b710f85d8d08db99017e3d264188b51079fa4b2d43cc86e82b9cc65aa27fd58
242152,5634337,FG_c26bfca45ba07259101144b322aa5b2b5fcba474d56a37c911d47438d1cdf013,1,43309275fe3d12cbb2a3f1ac9cdb8da88875c0dd6767d40af94b2eff485fad4b,L_ROR,241878,5633946,fd0d36783928e47b66d5b971cfff303c39b91abe6dcce8ba56290639cc1810bc
242355,5635598,FG_0d5ce2f14c4a7f1dac0e0c142004845986513ee35acbeaea03684cbc2b1af6ff,1,9fa38ada348e1334a10051fbf3fea5e02d677de0c71978e5341b5fc34c3cb041,L_ROR,242073,5635162,f2674b35babdc6cde114b87141fd18f4fbdaf39fce033a90b95527d23219866e
243470,5648240,FG_d636e6c533f663f4407a30486d263a52874e08da8de566112fedba04ee922ec3,1,5af06dc6857ce966273486288a1bdd91484a69c6371885fab4edc896e969fd97,L_ROR,243110,5647882,18ad059880f21e54d663876f97b84a34ad922b843fffe6fdd7a60577bac579bf
242348,5635564,FG_506580afffa6fdb9daff2d265c126b6cfd0127f214b3c2aba7fd7b43061758f4,1,3b083b567a97a323c14064f6e78fce6a4fcc6dd3992d60d6e958f4be862bb861,L_ROR,242077,5635128,b09af759dd8f20b4d07388c7f357287f2e88aedfd71b4968f7fd1191f19e6a2a
249686,5819075,FG_ad993c7c381a904c27d68bce7257b1266d5c1297c131123b9328e544ff051247,1,e8ae47198260a64b48f6772a596d4415a81bf923724e8be00d123f213d1a90b6,L_ROR,249367,5818568,285483702a33f88483a5d4cdc2fbf00bf0fb18521d7654f7e845dc023cdc68a4
252941,5854376,FG_3036ced88000f2b3664c70b0d47f726bacb5801866655d0747ab7df723d07362,1,e04e8af4f8b26cebf566ee349ceebf9967581b67492ebcb2ed74a49a62b5ab89,L_ROR,252584,5853854,156eb6a790a5ebbf8f20aa42cc50857baa0ddf2c4f772e6542bebe08db348edf
242057,5630791,FG_ff2db2677df27cae7722c11b3b9b54ee0f855b32a702ac0fc8751c8765fc468a,1,d4a88f6f50156f234aaa1695d8a5f5d984dd68d2f9e1cb054acba937da2319d7,L_ROR,241793,5630422,083b85ddea1a4a5e2ee8b807de9330d02d74baab8ec11c44fc4e461a9a849564
253036,5854676,FG_467e7e9572fe1f75e31a311d062aaf097551b5e844b28bd007731034ea741243,1,5343a1d3fd3446674dc852ecc3561d42b7ef6a03f2cd7beb926a335fe620dc22,L_ROR,252681,5854154,36739e35dc289fc1f455521ec0e682b4da9dc89395f2ef839bfc28fbfd29e102
253564,5869117,FG_6a2fa073842f01febb8b66fc9827ef31f467bfe50e8224b0bb00651f1bcb9396,1,9118665bea0f1f420c453b45651edfc1e8708630cbc0e9126ed14740e9e22eab,L_ROR,253225,5868549,a73f772267035f55de69925df46b0a9ac09f610605e43088bd26532199615271
242140,5634443,FG_40be7ce79fcca8732e48c5f1da04eeada9a331b52f69a7930bcb2a25556ec08e,1,ad3d2b709da45796be9937189108abc1eafd49498ecc15cf9e5bbae066f15d8e,L_ROR,241879,5634052,b62a6139175842e7fb82db47e967a09a2e2de2831ac74716cac68f8a51f89ab7
242321,5635688,FG_f484cdb43b37c5f3d766cb82fca6fb67e8e33074c588cf61edcc9a8de46a200a,1,942bb2e01ff81296bbe3b1284b766c431ca74203a0e9c61bc8704e3733b4b936,L_ROR,242045,5635252,dbd81fd4be671e77c246be1d58f93856b2927df54a2ba6f19c06d04502460ebf
249917,5818304,FG_32c7ebd13a619bd8601ecd633292001bc41a09e49dd1c85f3a425703f91549fb,1,01d0894c24d90caafc599eb8b3c4b9ed0c7d2bbaeff321acde45e60ccd0eafa9,L_ROR,249595,5817797,fdebb98e19048eaaa186f9fc87a244a6bc9c082ffaa505d635df790a7b8c0449
253019,5849012,FG_696afdfaacbcb6393fee131da241c8f58574052bd0ddecac5b4453a79d94debf,1,0329d9bdad4b1376ce806a20849ea97bf78a8f630a5eb1c2b1c73e159ad9b6b0,L_ROR,252675,5848490,df07d09b7528294f7a4346fc2015b0db863d0a8c21f77e055f7b8828d07bf9bc
253029,5849946,FG_19eb63bdbbac5723de2255dd20e8ade9236966bcc7e5ccd08b581c390ff8e1c2,1,dd73be74154a47e222efcd698844eaa971cee775536cd8ec46b229b283b40e13,L_ROR,252701,5849470,94a438a4344f864b3d19ec1ea2f6e2a67e5bce57851b9797c8f57c3d483abe58
252913,5853426,FG_1e518cdf70955d725c9a88aff71a2f654a94940227bb2a92eb21a82d0358a0ff,1,1cf0640a258d7071ff8fd248db3cc17a7f148ffaf1ee86f1d21ce7ea84b8c0d2,L_ROR,252567,5852904,24c7ced4fe682ce74cc9087fb60b9cb526c495b989acfd80589cb20e770aa12f
249868,5819371,FG_44da6987f73b39a4757d23e6d9c2dff0cb807a70f5344a2d7ad3ca28cde0960e,1,3b63921d34d772af932f28f7ceb12b0372e18685bb81b45e5a2d0365ec3731f0,L_ROR,249569,5818864,7b872b338e46509e9fcca57528008c063a78392b67e637afafb78c3a3b684d21
241939,5629596,FG_4b6a19ff0b686ca33ca150ad14fac0a567a55bf9ed86df5613d8ad85ba27c7b4,1,62f14d16f370a803063c7db13381bdec9903cb5ba1b4d49fe44f234931febfc9,L_ROR,241692,5629246,1771405a5a1f846f81fd3bbc0d4f1acf936179c4618fb6ece33553f156ad2413
242170,5634475,FG_f77790d55b9d03cc6809df4e2b5250312caa25ca1e8be0604b928dba516188b7,1,91eccbfe0456a983ed03fa5cdde02b357a30a2e814b7da91e48e486eea57551a,L_ROR,241907,5634084,0e694d43d1ef40c3042dba8d947c269869c72b3e1123220d5412daebffd190a7
249711,5813913,FG_439d7c226bbfe0c5c477953a6009778939102c8075d7c8108ce12a11ac9a24ef,1,d5fa8b813e69ef0e2112eb6650b3a1fb73a49c3da0f85c9750a0d6ba14ebb42c,L_ROR,249421,5813452,ec11b3cb76fb2862d656f02bb90f1f286f461c70f0756fd2723a8e4e6571f8ea
242030,5630791,FG_13374e5a095b04974138ae83d2cd8060f62dc885a775ccf6c6aeac2c4ab6b857,1,4ba85c6cc2a3e0e9c0d04d332e5523613d2aca70f88b91ca7d428971c3eef8bb,L_ROR,241769,5630422,de0806d833da06a31ebd85934fb05eece5f27f4f502cfd22c534e20a3dbd866c
250692,5834146,FG_655088bbc460dc03b14f14a07bd2af7f3d02822f525cba167e321448cc97e600,1,4766de82bcfe34d0a9b263e2d36b528efadbba996253eb3b527fab9215ca07ca,L_ROR,250386,5833593,e427c90abb3144b763a5295bfa1e72e03bb419b6725fc25b84b7f2d6c0288c46
252926,5849841,FG_1e1a8ddd8c828a76ef727b92bfa1386f0ccf85ef684a17c71ecb1c942c705194,1,e21314d160f3aa51eaaf6b9cfffee02d7ddc5e07735d5a501e30e289b99f4c2e,L_ROR,252599,5849365,f31d0ac0ee9513d86b2e5afe332f10403d7aead2c85843dcbcc5d5f7ef3ce482
252806,5849708,FG_c6e1b670e142d04f5604f95410dc86862a72f271b0b58458b74e9bbd76ca9916,1,f37d969ad86db1e280eb4cceb4a5c2ce6ef348057eef87d67a4ed09692a06fad,L_ROR,252484,5849232,dc07e0473923814eb0fbd44c15b249d2c1ba99b578b88d13ecf7a90e0397ba0c
250036,5819011,FG_8aadcd6a016e5e7cb1c5bd765431da465a206ddaee39a3db4110b748e7fbf35d,1,f042f3b78e202a4fce89466ae3605847dc47b1af2dbe538762c5713e725d2d67,L_ROR,249743,5818504,c3e49145d2717bb3a03b14202ef797f3df435d73f3d916440b9fbcb9dd37240b
242224,5634609,FG_ab3d11915e39a4730df098333974fe67411b0ee5de2068b844062716b1fab24e,1,405495a7329639128df78dec1509d30291a4b5289d300e637403333793ac9354,L_ROR,241952,5634218,b8a8d2d73d54c9e49c12b8fce5534ab455d1694238ddeff6f2fceeba6bc467fe
242184,5634591,FG_47a6df0b2d058d79529d7fcf8f3bd5f9c13ba96ab7daf29c5a53d62dd23768de,1,8bf684e8f5f5622b07e29a1540af5fe07aba7660dccb7464e9f4e393c39ebecd,L_ROR,241913,5634200,eacc951aaa2dde3cac01dcc4a55d96b4ae9c5ae3beed17a7c2b48586a22e3f33
242747,5649335,FG_3747a63dc8a736e48968b97bda32ca2fce1150b423ef13a0708a59080b8d882a,1,9109d6f5591ca8c387c9ecf38efe6514946de0b1e043c218fd5b045a5ddc5aec,L_ROR,242496,5648913,a8b8587c6cffe23bf91e81f35f119560817e4a6d94454f92ec14bdec6a83509f
250763,5833227,FG_3640c5f0ed2726a6259c41ecc7bc11281bc32ffd90a12d665afe54c2de14c83b,1,81ce14d9cd3cb2bba36359a4748c4dd415d5d1069fc7382c638141b55c36c6a7,L_ROR,250426,5832674,3b77ebbeca9349de643c27c08701ba4763c0885fa2f959872a5fea811b5db47a
242347,5635650,FG_c8262bddb66654d493dd4e6d41ff24aa390e590cf8e7fc4009c1e1dd9c4aafd1,1,3fba9c1aa0610d07451913ac3a99d7321c7e9eba860b6280effa2393de0ae6a2,L_ROR,242063,5635214,24eba80d78103b26dcaddb4b2c1c69acafd4e3f939d3c5cb83a6231d86faf638
253593,5862975,FG_58f28b5e72d983c9f7349a83b666e6c458c2caae7cb8586e020a6bf9d31e35bb,1,f2cb27b7a9dddbbab9531a633af24a429e0e34bc101dd7cff241296adfba0f33,L_ROR,253267,5862407,8dd053be610e8d2540b77c61680f3a1f24e31d9ec4f13f3cf2ac98d56290c3bb
250026,5818187,FG_ffad998e091507c7d75e223565e03a3a0acecdfa16dde9854db5cd27b723d669,1,ca50892be60f52823f0d3c333cb2c544f623912f5a8ad065732772aad920bf63,L_ROR,249722,5817680,418f593d769f73811ab37931c3ee43dc6d5719ee74183f43eba8d0c17cd940ff
249823,5813981,FG_4026342baa0152c2388c51cc828a3889a012af7597a6d0a008174878233bc248,1,5a308b00f89715a2c9f86251700cee87892b488c00fc7cbd0d2235f37f05952c,L_ROR,249530,5813520,9860693fd94916179625424c9d30b2ffe4e549821ace0105def1e9a99b08d651
252844,5850169,FG_6df6c57a5c5cc88a85e21069eba5be6f32d9424ff5cad75635e06a6b0dd67322,1,265bd7ec10879792d8d920569a3c01c7db5018f2d5583974609c2e433b12bb07,L_ROR,252537,5849693,9d5d08fb3131219e0e93fc0a727bb452a19b7be774ef57135d851059457a0780
241959,5629629,FG_a5177ee394eb3cf44ad9380987aadf63741261eab519da67128ff2cf8d87460e,1,40b32a4e02ca5e00804a2762a4eb1f5077bb89652d25b7274ee5570b0e406437,L_ROR,241707,5629288,45fb9beae7f51068f719b95aeb201c313c0ea80a48ba57efc749ee5d9376a1db
242735,5649289,FG_99732cdaee5b5cca6db25c6128a2781026221a18394a933ce452342bc6bda2e2,1,33abfdc787c76658746f4c70f4715970ae9ad0a733390e60e31fc5679f1e672d,L_ROR,242500,5648867,2c4551e1098061e4ff24dc817e22c65d179ba51a7559e6a0827007453c2d64be
242707,5649213,FG_37cfba2cc42058a354de3b1235e0697602e3f678d8d8ebd3e90554d6ca5f34c4,1,263b68ff72bab131b909eae2534b314f8bf4f424b0fb30820c8552626afc8d1b,L_ROR,242460,5648791,b82962cefa345245ba1af9a365e83cfddd0090c8d8dc94ac3c679ad54e1a4bf2
253821,5868509,FG_dfd289dea9956d56785635a0139591d112df9b546f769cad5072e561cbc2e941,1,0e2250a42a58ec73fd28510668122943b7dbfc15891173abf899aa853aa7c77f,L_ROR,253480,5867941,8980ea4a812fede42ea95949d6ff3796d9389056f1898714b60f8ff2b7afdffa
253639,5869390,FG_202a19f74341403614cfa002277d3fb5b2a2efd9c42f78156037f70d30e2a27a,1,2e34349f39d149f88b06001eed80321ca9b0f918c045a362f1dc2b124c120133,L_ROR,253294,5868822,307e45cf89fc19f1b969c28277184c93ebd94320a93b07bdf035190c26fb2762
242055,5630863,FG_70d8b1b1fa121768570e45f8971b64e1dc5bfe436beb5585b547b4c6877f27c8,1,dd2a51f0530f57c4fe86b4e4f020bbdfc368adb3a8de56a73c5c88b105ab6b7e,L_ROR,241790,5630494,026f1e1dc6fd1bf7596178068ff2ed5146ad3085dbedce808c88e8d4806afeaf
242027,5630827,FG_6e108ddf3466909b7a39f8d906bbef193b88cba6c0958a9482502a9a2a2f2c24,1,d1e681e138ebdd123fff7825ab73ae4a14e6eb0eb9e55858146d78b74b7fc50f,L_ROR,241771,5630458,1417a306ba11ccfe24a76593120ea8c98f8dd2113711cd1241368b3ec2eccac7
250767,5833801,FG_f2dd10f6f9020c394da97365ca1b46371aefdfa16d9bd0f358f9cba178d33208,1,55a94e169cd89ffcd1e0762e17708233fb8f5d35a8241d568a76b74da3b915d5,L_ROR,250430,5833248,39f62f62c94ca8e2fe11d2d0e126bcfa21242d1a52ad15152f8e9034c7e59a1e
253224,5854709,FG_1e36482a40cfe1e97776b9624660e92e7f4c24e86d45767dad8fc1c7dafc5266,1,164cbfc8bbb9bdeeb248e953872878e470172ebc95a2132e03fbe48b47e341d8,L_ROR,252875,5854187,0ef146411f55c9dd818d240bebb6303c343099def9e3892c8f2ba3a07064e29d
252872,5849370,FG_5599c3b386223b8cacbc4019047a550378741cbf7585980ecdd6525b826e1efd,1,77a684b9d9e46873811a6cec6326b67bafcbd92fe4a967182080d564fb63dee6,L_ROR,252551,5848894,7435677e20405d1d08d45ff4ac830acf6feedc1e42b890b7f94b1d1d57a55a62
249776,5814118,FG_d7806e5ea59fe520094ca30c0798ba9a7b762137da3ba9e7feed6266c7220428,1,b0ba33f1fb3535b9499ba8dc9802656538f0e10998f9d81a15903bca39c40bd1,L_ROR,249492,5813657,702c3d688429ca3b7b37f0c2359b68b5d7f4f88d438623f88c201f16574bd5e3
242171,5634445,FG_2dbba5719c39bcfc251637e2b9bfaeb79d1dd1375978609690030e5df4b5847c,1,96eae0adf69bf5580853e4b497d6f176c95679d495713ff97b58eabebe6f97a3,L_ROR,241898,5634054,23de23252d9d74e844bdb3749bb4361b7d696f5ccb9c610325edbe02b3f606da
249951,5818304,FG_6005837b83e178bb36d57fbe6d86e589d86b9bee1f649ae6e3bdc55c8abb17d4,1,63049904d9b2e1279fb1cce8616acdefc0c71daebcfac76b33f0a21f30a8e96e,L_ROR,249644,5817797,2eb515f8cf90135227321900d323e5f909b5f331bc27c6827c3dd0598b90a0b6
241954,5629617,FG_eaec56a5874d5ada4177953b2f247f6c9a9b0a6bf6da3e0694b54a57aab071e2,1,f2b7b3c1490c68ef5125b3cd1d80927e7581ff2a59c2957fcd142681d234f449,L_ROR,241709,5629276,7111a593bb6374169af94343f2968e46b54ec57ecbe6a4a0d01069e59ab150a1
243377,5648247,FG_eb40f4a9fbe795c49a2e0a23486e7280cf55f3c7bcbb808f734b7d218721a5ef,1,39a677b378fcfcca6e90f8ba4505d2930fefa1f9908a38b97f15fff41cf920a6,L_ROR,243005,5647889,25b9b4ab202fe8d7eae84f6390a5475c1e3b0fc885e494b2939fb11914ff9dfb
242049,5630829,FG_1a73b01e45b7c3f594204f12b182b40c3e7258dff361ae3d4cbb4fdb2920d27d,1,d3b298ae33d3b4f2fad71bee5ad4e3d16b062ce491a9ae110391c8c940391ee5,L_ROR,241785,5630460,e503d1906c44bbe70b6f7c7c6adc09401b665772e9917b88d3a7a01a45e52fae
241935,5629590,FG_f900d958c925f167b109e1750f74b70c332743ef5dd5dbedf2e675d837ec933d,1,402ca293239e150fe8f30558612e2537dc055973d1a63c84baa5686b20bb583e,L_ROR,241684,5629240,3ec5f1cb591e33dee5bfddfb9a89ce3c52f98896dd1a50f21e9cc6907705fee0
242329,5635656,FG_21ac0076b2e7eea9aff6cbe93bf050e1491c0bf66bf636a610ae60be5b27c5ae,1,22fdd254a9b77a25a3da5761267956d3b2d26b2a34bbaa6666de5294df392610,L_ROR,242057,5635220,be2129b266b04d13a756d5a2580f885592a62965ee3ea66ebfa5c29d7670110f
242181,5634487,FG_7df55636afb07eac5a47589c17c30447a7d9845ab92b73d333515d3493b026c7,1,4037c0f0cb4320a4f309c964b87112f698d12bd5d5719773c3ce7246d56eb33c,L_ROR,241913,5634096,fc3ffb21f8c8dfa72bff293d39c7f8e36029fdeb3edf78b5c841b997811b495c
242151,5634561,FG_d21355c86908f5688ea96789db8c87681cec2c3268d1ce88579a5585cc7ff639,1,be54440ee861224a58da0b2201048a1ce349fc697d60a75feb34dc85612ce56a,L_ROR,241887,5634170,fb011d1b0dae4b8277e00919760d4e7def5a904237de80b853ff118436c13346
242344,5635692,FG_f110513d7307704af8e63696b5ecb23946070a7ee8d75ced11e53700ebf3fc08,1,8c7c403c21cb193818e52979cac26055cfab32e240b81366b68c0159a5a90b04,L_ROR,242075,5635256,1c65ba9c492468b404cf3d4725b87bb62acc79827b2b6509d8b4f68174bbfee9
242049,5630823,FG_53ef0edb2d4d669925525d6fb63683e721b19fa4da123c39a956ccd64b4de71e,1,a7d4aeceba2a4cdc8181dd5fb3accab3dd9205669b4736750c0075a122f1e6e5,L_ROR,241791,5630454,afe73cea91c5571f6e2f051664b946818d82da2b38e83f84edc97b3cabaf9280
243390,5648190,FG_85070583610ec117f872ef4348bd64c7a530a97fade47dc3e28aa6dd5923be50,1,70e9f1aaa047efa1274348c516a2d251af4ae996132a98a5db4e227e8df38e91,L_ROR,243029,5647832,d40b3afeb07ea23d816fd18032245d635dcc3c77acdc9a7526de35a3a17c0026
250705,5833994,FG_4fa1f6a28712cdf52a4a166bc9b5ba073720b8c7dc861399ea980afa32b0287c,1,e9fbf504df92188acafc30e1fedbfa7584657f3266fdd7746af4cec64ecc121d,L_ROR,250366,5833441,10bba68a64fca6532f42f568a124b8d15c00a87025ab025e456891bd3def911a
252899,5842342,FG_4ebfa49bd96733a38e3f141e26f2997328453e9d54e0ba76535d60fb65a50c5e,1,c4c09347d6f811fe3f42fa0c71bcee29737eab8980da5c10309c59317ec57d83,L_ROR,252577,5841866,6c1485f9bd22c7ba979442bf55b0a4cac2d46ca85e2d191363c693ce5abe6058
243479,5648254,FG_b9c947bf7df33d28dc80467eb87e33e237683567f9752a0d8a959dd8e5923b04,1,80e30911ccaa57af96aeca4996a09b177e46452489b52e615c8d86edff140f5b,L_ROR,243118,5647896,d52a3953468cddb7eaaf4a0c8742d1fda977edcf1d16b6d7d9b27945e38c2f87
242203,5634473,FG_95e4fd667a08820e951d0345e67a05ae729b5f664b7ffd61e1b823c6c616691b,1,6ab81de158a2bd15e9c9332845122729a618dfb4509443ccafb7c95a12360bb7,L_ROR,241933,5634082,111a18edaa4fede676ee700f00bd477419592d62e72c24f2dda5279ed5dd635b
