absolute_shift_ns,absolute_shift_ticks,changed,flow_id,flow_kind,new_release_ticks,original_collision_degree,original_release_ticks,period_ticks,relative_shift_over_period,scale,source,source_egress,tx_ticks
0,0,False,CMD_PLC_C01_M01_A1_C01_M01,ControlCommand,659,0,659,5000,0.0,L,PLC_C01_M01,PLC_C01_M01,11
0,0,False,CMD_PLC_C01_M01_A2_C01_M01,ControlCommand,514,0,514,5000,0.0,L,PLC_C01_M01,PLC_C01_M01,11
0,0,False,CMD_PLC_C01_M01_A3_C01_M01,ControlCommand,181,0,181,5000,0.0,L,PLC_C01_M01,PLC_C01_M01,11
0,0,False,CMD_PLC_C01_M01_A4_C01_M01,ControlCommand,945,0,945,5000,0.0,L,PLC_C01_M01,PLC_C01_M01,11
0,0,False,CMD_PLC_C01_M02_A1_C01_M02,ControlCommand,968,0,968,5000,0.0,L,PLC_C01_M02,PLC_C01_M02,11
0,0,False,CMD_PLC_C01_M02_A2_C01_M02,ControlCommand,59,0,59,5000,0.0,L,PLC_C01_M02,PLC_C01_M02,11
0,0,False,CMD_PLC_C01_M02_A3_C01_M02,ControlCommand,738,0,738,5000,0.0,L,PLC_C01_M02,PLC_C01_M02,11
0,0,False,CMD_PLC_C01_M02_A4_C01_M02,ControlCommand,540,0,540,5000,0.0,L,PLC_C01_M02,PLC_C01_M02,11
0,0,False,CMD_PLC_C01_M03_A1_C01_M03,ControlCommand,166,0,166,5000,0.0,L,PLC_C01_M03,PLC_C01_M03,11
0,0,False,CMD_PLC_C01_M03_A2_C01_M03,ControlCommand,49,0,49,5000,0.0,L,PLC_C01_M03,PLC_C01_M03,11
0,0,False,CMD_PLC_C01_M03_A3_C01_M03,ControlCommand,834,0,834,5000,0.0,L,PLC_C01_M03,PLC_C01_M03,11
0,0,False,CMD_PLC_C01_M03_A4_C01_M03,ControlCommand,245,0,245,5000,0.0,L,PLC_C01_M03,PLC_C01_M03,11
0,0,False,CMD_PLC_C01_M04_A1_C01_M04,ControlCommand,812,0,812,5000,0.0,L,PLC_C01_M04,PLC_C01_M04,11
0,0,False,CMD_PLC_C01_M04_A2_C01_M04,ControlCommand,191,0,191,5000,0.0,L,PLC_C01_M04,PLC_C01_M04,11
0,0,False,CMD_PLC_C01_M04_A3_C01_M04,ControlCommand,65,0,65,5000,0.0,L,PLC_C01_M04,PLC_C01_M04,11
0,0,False,CMD_PLC_C01_M04_A4_C01_M04,ControlCommand,618,0,618,5000,0.0,L,PLC_C01_M04,PLC_C01_M04,11
0,0,False,CMD_PLC_C02_M01_A1_C02_M01,ControlCommand,157,0,157,5000,0.0,L,PLC_C02_M01,PLC_C02_M01,11
0,0,False,CMD_PLC_C02_M01_A2_C02_M01,ControlCommand,933,0,933,5000,0.0,L,PLC_C02_M01,PLC_C02_M01,11
0,0,False,CMD_PLC_C02_M01_A3_C02_M01,ControlCommand,494,0,494,5000,0.0,L,PLC_C02_M01,PLC_C02_M01,11
0,0,False,CMD_PLC_C02_M01_A4_C02_M01,ControlCommand,223,0,223,5000,0.0,L,PLC_C02_M01,PLC_C02_M01,11
0,0,False,CMD_PLC_C02_M02_A1_C02_M02,ControlCommand,979,0,979,5000,0.0,L,PLC_C02_M02,PLC_C02_M02,11
0,0,False,CMD_PLC_C02_M02_A2_C02_M02,ControlCommand,838,0,838,5000,0.0,L,PLC_C02_M02,PLC_C02_M02,11
0,0,False,CMD_PLC_C02_M02_A3_C02_M02,ControlCommand,949,0,949,5000,0.0,L,PLC_C02_M02,PLC_C02_M02,11
0,0,False,CMD_PLC_C02_M02_A4_C02_M02,ControlCommand,566,0,566,5000,0.0,L,PLC_C02_M02,PLC_C02_M02,11
0,0,False,CMD_PLC_C02_M03_A1_C02_M03,ControlCommand,133,0,133,5000,0.0,L,PLC_C02_M03,PLC_C02_M03,11
0,0,False,CMD_PLC_C02_M03_A2_C02_M03,ControlCommand,985,0,985,5000,0.0,L,PLC_C02_M03,PLC_C02_M03,11
0,0,False,CMD_PLC_C02_M03_A3_C02_M03,ControlCommand,857,0,857,5000,0.0,L,PLC_C02_M03,PLC_C02_M03,11
0,0,False,CMD_PLC_C02_M03_A4_C02_M03,ControlCommand,528,0,528,5000,0.0,L,PLC_C02_M03,PLC_C02_M03,11
0,0,False,CMD_PLC_C02_M04_A1_C02_M04,ControlCommand,373,0,373,5000,0.0,L,PLC_C02_M04,PLC_C02_M04,11
0,0,False,CMD_PLC_C02_M04_A2_C02_M04,ControlCommand,784,1,784,5000,0.0,L,PLC_C02_M04,PLC_C02_M04,11
0,0,False,CMD_PLC_C02_M04_A3_C02_M04,ControlCommand,833,0,833,5000,0.0,L,PLC_C02_M04,PLC_C02_M04,11
400,4,True,CMD_PLC_C02_M04_A4_C02_M04,ControlCommand,773,1,777,5000,0.0008,L,PLC_C02_M04,PLC_C02_M04,11
0,0,False,CMD_PLC_C03_M01_A1_C03_M01,ControlCommand,606,0,606,5000,0.0,L,PLC_C03_M01,PLC_C03_M01,11
0,0,False,CMD_PLC_C03_M01_A2_C03_M01,ControlCommand,189,0,189,5000,0.0,L,PLC_C03_M01,PLC_C03_M01,11
0,0,False,CMD_PLC_C03_M01_A3_C03_M01,ControlCommand,137,0,137,5000,0.0,L,PLC_C03_M01,PLC_C03_M01,11
0,0,False,CMD_PLC_C03_M01_A4_C03_M01,ControlCommand,547,0,547,5000,0.0,L,PLC_C03_M01,PLC_C03_M01,11
0,0,False,CMD_PLC_C03_M02_A1_C03_M02,ControlCommand,756,0,756,5000,0.0,L,PLC_C03_M02,PLC_C03_M02,11
0,0,False,CMD_PLC_C03_M02_A2_C03_M02,ControlCommand,542,0,542,5000,0.0,L,PLC_C03_M02,PLC_C03_M02,11
0,0,False,CMD_PLC_C03_M02_A3_C03_M02,ControlCommand,181,0,181,5000,0.0,L,PLC_C03_M02,PLC_C03_M02,11
0,0,False,CMD_PLC_C03_M02_A4_C03_M02,ControlCommand,113,0,113,5000,0.0,L,PLC_C03_M02,PLC_C03_M02,11
0,0,False,CMD_PLC_C03_M03_A1_C03_M03,ControlCommand,879,0,879,5000,0.0,L,PLC_C03_M03,PLC_C03_M03,11
0,0,False,CMD_PLC_C03_M03_A2_C03_M03,ControlCommand,453,0,453,5000,0.0,L,PLC_C03_M03,PLC_C03_M03,11
0,0,False,CMD_PLC_C03_M03_A3_C03_M03,ControlCommand,39,0,39,5000,0.0,L,PLC_C03_M03,PLC_C03_M03,11
0,0,False,CMD_PLC_C03_M03_A4_C03_M03,ControlCommand,838,0,838,5000,0.0,L,PLC_C03_M03,PLC_C03_M03,11
0,0,False,CMD_PLC_C03_M04_A1_C03_M04,ControlCommand,298,0,298,5000,0.0,L,PLC_C03_M04,PLC_C03_M04,11
0,0,False,CMD_PLC_C03_M04_A2_C03_M04,ControlCommand,360,0,360,5000,0.0,L,PLC_C03_M04,PLC_C03_M04,11
0,0,False,CMD_PLC_C03_M04_A3_C03_M04,ControlCommand,826,0,826,5000,0.0,L,PLC_C03_M04,PLC_C03_M04,11
0,0,False,CMD_PLC_C03_M04_A4_C03_M04,ControlCommand,181,0,181,5000,0.0,L,PLC_C03_M04,PLC_C03_M04,11
0,0,False,CMD_PLC_C04_M01_A1_C04_M01,ControlCommand,34,0,34,5000,0.0,L,PLC_C04_M01,PLC_C04_M01,11
0,0,False,CMD_PLC_C04_M01_A2_C04_M01,ControlCommand,276,0,276,5000,0.0,L,PLC_C04_M01,PLC_C04_M01,11
0,0,False,CMD_PLC_C04_M01_A3_C04_M01,ControlCommand,755,0,755,5000,0.0,L,PLC_C04_M01,PLC_C04_M01,11
0,0,False,CMD_PLC_C04_M01_A4_C04_M01,ControlCommand,447,0,447,5000,0.0,L,PLC_C04_M01,PLC_C04_M01,11
0,0,False,CMD_PLC_C04_M02_A1_C04_M02,ControlCommand,324,0,324,5000,0.0,L,PLC_C04_M02,PLC_C04_M02,11
0,0,False,CMD_PLC_C04_M02_A2_C04_M02,ControlCommand,843,0,843,5000,0.0,L,PLC_C04_M02,PLC_C04_M02,11
0,0,False,CMD_PLC_C04_M02_A3_C04_M02,ControlCommand,142,0,142,5000,0.0,L,PLC_C04_M02,PLC_C04_M02,11
0,0,False,CMD_PLC_C04_M02_A4_C04_M02,ControlCommand,743,0,743,5000,0.0,L,PLC_C04_M02,PLC_C04_M02,11
0,0,False,CMD_PLC_C04_M03_A1_C04_M03,ControlCommand,960,0,960,5000,0.0,L,PLC_C04_M03,PLC_C04_M03,11
0,0,False,CMD_PLC_C04_M03_A2_C04_M03,ControlCommand,130,0,130,5000,0.0,L,PLC_C04_M03,PLC_C04_M03,11
0,0,False,CMD_PLC_C04_M03_A3_C04_M03,ControlCommand,99,0,99,5000,0.0,L,PLC_C04_M03,PLC_C04_M03,11
0,0,False,CMD_PLC_C04_M03_A4_C04_M03,ControlCommand,723,0,723,5000,0.0,L,PLC_C04_M03,PLC_C04_M03,11
0,0,False,CMD_PLC_C04_M04_A1_C04_M04,ControlCommand,666,0,666,5000,0.0,L,PLC_C04_M04,PLC_C04_M04,11
0,0,False,CMD_PLC_C04_M04_A2_C04_M04,ControlCommand,122,0,122,5000,0.0,L,PLC_C04_M04,PLC_C04_M04,11
0,0,False,CMD_PLC_C04_M04_A3_C04_M04,ControlCommand,451,0,451,5000,0.0,L,PLC_C04_M04,PLC_C04_M04,11
0,0,False,CMD_PLC_C04_M04_A4_C04_M04,ControlCommand,404,0,404,5000,0.0,L,PLC_C04_M04,PLC_C04_M04,11
0,0,False,CMD_PLC_C05_M01_A1_C05_M01,ControlCommand,679,0,679,5000,0.0,L,PLC_C05_M01,PLC_C05_M01,11
0,0,False,CMD_PLC_C05_M01_A2_C05_M01,ControlCommand,813,0,813,5000,0.0,L,PLC_C05_M01,PLC_C05_M01,11
0,0,False,CMD_PLC_C05_M01_A3_C05_M01,ControlCommand,317,0,317,5000,0.0,L,PLC_C05_M01,PLC_C05_M01,11
0,0,False,CMD_PLC_C05_M01_A4_C05_M01,ControlCommand,876,0,876,5000,0.0,L,PLC_C05_M01,PLC_C05_M01,11
0,0,False,CMD_PLC_C05_M02_A1_C05_M02,ControlCommand,154,0,154,5000,0.0,L,PLC_C05_M02,PLC_C05_M02,11
0,0,False,CMD_PLC_C05_M02_A2_C05_M02,ControlCommand,738,0,738,5000,0.0,L,PLC_C05_M02,PLC_C05_M02,11
0,0,False,CMD_PLC_C05_M02_A3_C05_M02,ControlCommand,886,0,886,5000,0.0,L,PLC_C05_M02,PLC_C05_M02,11
0,0,False,CMD_PLC_C05_M02_A4_C05_M02,ControlCommand,434,0,434,5000,0.0,L,PLC_C05_M02,PLC_C05_M02,11
0,0,False,CMD_PLC_C05_M03_A1_C05_M03,ControlCommand,318,0,318,5000,0.0,L,PLC_C05_M03,PLC_C05_M03,11
0,0,False,CMD_PLC_C05_M03_A2_C05_M03,ControlCommand,961,0,961,5000,0.0,L,PLC_C05_M03,PLC_C05_M03,11
0,0,False,CMD_PLC_C05_M03_A3_C05_M03,ControlCommand,677,0,677,5000,0.0,L,PLC_C05_M03,PLC_C05_M03,11
0,0,False,CMD_PLC_C05_M03_A4_C05_M03,ControlCommand,653,0,653,5000,0.0,L,PLC_C05_M03,PLC_C05_M03,11
0,0,False,CMD_PLC_C05_M04_A1_C05_M04,ControlCommand,822,0,822,5000,0.0,L,PLC_C05_M04,PLC_C05_M04,11
600,6,True,CMD_PLC_C05_M04_A2_C05_M04,ControlCommand,43,1,49,5000,0.0012,L,PLC_C05_M04,PLC_C05_M04,11
0,0,False,CMD_PLC_C05_M04_A3_C05_M04,ControlCommand,143,0,143,5000,0.0,L,PLC_C05_M04,PLC_C05_M04,11
0,0,False,CMD_PLC_C05_M04_A4_C05_M04,ControlCommand,331,0,331,5000,0.0,L,PLC_C05_M04,PLC_C05_M04,11
0,0,False,CMD_PLC_C06_M01_A1_C06_M01,ControlCommand,11,0,11,5000,0.0,L,PLC_C06_M01,PLC_C06_M01,11
0,0,False,CMD_PLC_C06_M01_A2_C06_M01,ControlCommand,185,0,185,5000,0.0,L,PLC_C06_M01,PLC_C06_M01,11
0,0,False,CMD_PLC_C06_M01_A3_C06_M01,ControlCommand,994,0,994,5000,0.0,L,PLC_C06_M01,PLC_C06_M01,11
0,0,False,CMD_PLC_C06_M01_A4_C06_M01,ControlCommand,489,0,489,5000,0.0,L,PLC_C06_M01,PLC_C06_M01,11
1000,10,True,CMD_PLC_C06_M02_A1_C06_M02,ControlCommand,584,1,594,5000,0.002,L,PLC_C06_M02,PLC_C06_M02,11
0,0,False,CMD_PLC_C06_M02_A2_C06_M02,ControlCommand,595,1,595,5000,0.0,L,PLC_C06_M02,PLC_C06_M02,11
0,0,False,CMD_PLC_C06_M02_A3_C06_M02,ControlCommand,985,1,985,5000,0.0,L,PLC_C06_M02,PLC_C06_M02,11
500,5,True,CMD_PLC_C06_M02_A4_C06_M02,ControlCommand,974,1,979,5000,0.001,L,PLC_C06_M02,PLC_C06_M02,11
0,0,False,CMD_PLC_C06_M03_A1_C06_M03,ControlCommand,85,0,85,5000,0.0,L,PLC_C06_M03,PLC_C06_M03,11
0,0,False,CMD_PLC_C06_M03_A2_C06_M03,ControlCommand,386,0,386,5000,0.0,L,PLC_C06_M03,PLC_C06_M03,11
0,0,False,CMD_PLC_C06_M03_A3_C06_M03,ControlCommand,964,0,964,5000,0.0,L,PLC_C06_M03,PLC_C06_M03,11
0,0,False,CMD_PLC_C06_M03_A4_C06_M03,ControlCommand,825,0,825,5000,0.0,L,PLC_C06_M03,PLC_C06_M03,11
0,0,False,CMD_PLC_C06_M04_A1_C06_M04,ControlCommand,217,0,217,5000,0.0,L,PLC_C06_M04,PLC_C06_M04,11
0,0,False,CMD_PLC_C06_M04_A2_C06_M04,ControlCommand,241,0,241,5000,0.0,L,PLC_C06_M04,PLC_C06_M04,11
0,0,False,CMD_PLC_C06_M04_A3_C06_M04,ControlCommand,263,0,263,5000,0.0,L,PLC_C06_M04,PLC_C06_M04,11
0,0,False,CMD_PLC_C06_M04_A4_C06_M04,ControlCommand,3,0,3,5000,0.0,L,PLC_C06_M04,PLC_C06_M04,11
0,0,False,CMD_PLC_C07_M01_A1_C07_M01,ControlCommand,687,0,687,5000,0.0,L,PLC_C07_M01,PLC_C07_M01,11
0,0,False,CMD_PLC_C07_M01_A2_C07_M01,ControlCommand,975,0,975,5000,0.0,L,PLC_C07_M01,PLC_C07_M01,11
0,0,False,CMD_PLC_C07_M01_A3_C07_M01,ControlCommand,843,0,843,5000,0.0,L,PLC_C07_M01,PLC_C07_M01,11
0,0,False,CMD_PLC_C07_M01_A4_C07_M01,ControlCommand,295,0,295,5000,0.0,L,PLC_C07_M01,PLC_C07_M01,11
0,0,False,CMD_PLC_C07_M02_A1_C07_M02,ControlCommand,175,0,175,5000,0.0,L,PLC_C07_M02,PLC_C07_M02,11
0,0,False,CMD_PLC_C07_M02_A2_C07_M02,ControlCommand,982,0,982,5000,0.0,L,PLC_C07_M02,PLC_C07_M02,11
0,0,False,CMD_PLC_C07_M02_A3_C07_M02,ControlCommand,309,0,309,5000,0.0,L,PLC_C07_M02,PLC_C07_M02,11
0,0,False,CMD_PLC_C07_M02_A4_C07_M02,ControlCommand,399,0,399,5000,0.0,L,PLC_C07_M02,PLC_C07_M02,11
0,0,False,CMD_PLC_C07_M03_A1_C07_M03,ControlCommand,761,0,761,5000,0.0,L,PLC_C07_M03,PLC_C07_M03,11
0,0,False,CMD_PLC_C07_M03_A2_C07_M03,ControlCommand,581,0,581,5000,0.0,L,PLC_C07_M03,PLC_C07_M03,11
0,0,False,CMD_PLC_C07_M03_A3_C07_M03,ControlCommand,1,0,1,5000,0.0,L,PLC_C07_M03,PLC_C07_M03,11
0,0,False,CMD_PLC_C07_M03_A4_C07_M03,ControlCommand,402,0,402,5000,0.0,L,PLC_C07_M03,PLC_C07_M03,11
0,0,False,CMD_PLC_C07_M04_A1_C07_M04,ControlCommand,482,0,482,5000,0.0,L,PLC_C07_M04,PLC_C07_M04,11
0,0,False,CMD_PLC_C07_M04_A2_C07_M04,ControlCommand,841,0,841,5000,0.0,L,PLC_C07_M04,PLC_C07_M04,11
0,0,False,CMD_PLC_C07_M04_A3_C07_M04,ControlCommand,646,0,646,5000,0.0,L,PLC_C07_M04,PLC_C07_M04,11
0,0,False,CMD_PLC_C07_M04_A4_C07_M04,ControlCommand,170,0,170,5000,0.0,L,PLC_C07_M04,PLC_C07_M04,11
0,0,False,CMD_PLC_C08_M01_A1_C08_M01,ControlCommand,579,0,579,5000,0.0,L,PLC_C08_M01,PLC_C08_M01,11
0,0,False,CMD_PLC_C08_M01_A2_C08_M01,ControlCommand,248,0,248,5000,0.0,L,PLC_C08_M01,PLC_C08_M01,11
0,0,False,CMD_PLC_C08_M01_A3_C08_M01,ControlCommand,922,0,922,5000,0.0,L,PLC_C08_M01,PLC_C08_M01,11
0,0,False,CMD_PLC_C08_M01_A4_C08_M01,ControlCommand,372,0,372,5000,0.0,L,PLC_C08_M01,PLC_C08_M01,11
0,0,False,CMD_PLC_C08_M02_A1_C08_M02,ControlCommand,911,0,911,5000,0.0,L,PLC_C08_M02,PLC_C08_M02,11
0,0,False,CMD_PLC_C08_M02_A2_C08_M02,ControlCommand,153,0,153,5000,0.0,L,PLC_C08_M02,PLC_C08_M02,11
0,0,False,CMD_PLC_C08_M02_A3_C08_M02,ControlCommand,704,0,704,5000,0.0,L,PLC_C08_M02,PLC_C08_M02,11
0,0,False,CMD_PLC_C08_M02_A4_C08_M02,ControlCommand,535,0,535,5000,0.0,L,PLC_C08_M02,PLC_C08_M02,11
0,0,False,CMD_PLC_C08_M03_A1_C08_M03,ControlCommand,300,0,300,5000,0.0,L,PLC_C08_M03,PLC_C08_M03,11
0,0,False,CMD_PLC_C08_M03_A2_C08_M03,ControlCommand,30,0,30,5000,0.0,L,PLC_C08_M03,PLC_C08_M03,11
0,0,False,CMD_PLC_C08_M03_A3_C08_M03,ControlCommand,330,0,330,5000,0.0,L,PLC_C08_M03,PLC_C08_M03,11
0,0,False,CMD_PLC_C08_M03_A4_C08_M03,ControlCommand,847,0,847,5000,0.0,L,PLC_C08_M03,PLC_C08_M03,11
0,0,False,CMD_PLC_C08_M04_A1_C08_M04,ControlCommand,302,0,302,5000,0.0,L,PLC_C08_M04,PLC_C08_M04,11
0,0,False,CMD_PLC_C08_M04_A2_C08_M04,ControlCommand,788,0,788,5000,0.0,L,PLC_C08_M04,PLC_C08_M04,11
0,0,False,CMD_PLC_C08_M04_A3_C08_M04,ControlCommand,902,0,902,5000,0.0,L,PLC_C08_M04,PLC_C08_M04,11
0,0,False,CMD_PLC_C08_M04_A4_C08_M04,ControlCommand,478,0,478,5000,0.0,L,PLC_C08_M04,PLC_C08_M04,11
0,0,False,CMD_PLC_C09_M01_A1_C09_M01,ControlCommand,17,0,17,5000,0.0,L,PLC_C09_M01,PLC_C09_M01,11
0,0,False,CMD_PLC_C09_M01_A2_C09_M01,ControlCommand,378,0,378,5000,0.0,L,PLC_C09_M01,PLC_C09_M01,11
0,0,False,CMD_PLC_C09_M01_A3_C09_M01,ControlCommand,302,0,302,5000,0.0,L,PLC_C09_M01,PLC_C09_M01,11
0,0,False,CMD_PLC_C09_M01_A4_C09_M01,ControlCommand,997,0,997,5000,0.0,L,PLC_C09_M01,PLC_C09_M01,11
0,0,False,CMD_PLC_C09_M02_A1_C09_M02,ControlCommand,24,0,24,5000,0.0,L,PLC_C09_M02,PLC_C09_M02,11
0,0,False,CMD_PLC_C09_M02_A2_C09_M02,ControlCommand,835,0,835,5000,0.0,L,PLC_C09_M02,PLC_C09_M02,11
0,0,False,CMD_PLC_C09_M02_A3_C09_M02,ControlCommand,432,1,432,5000,0.0,L,PLC_C09_M02,PLC_C09_M02,11
1000,10,True,CMD_PLC_C09_M02_A4_C09_M02,ControlCommand,421,1,431,5000,0.002,L,PLC_C09_M02,PLC_C09_M02,11
0,0,False,CMD_PLC_C09_M03_A1_C09_M03,ControlCommand,368,0,368,5000,0.0,L,PLC_C09_M03,PLC_C09_M03,11
0,0,False,CMD_PLC_C09_M03_A2_C09_M03,ControlCommand,475,0,475,5000,0.0,L,PLC_C09_M03,PLC_C09_M03,11
0,0,False,CMD_PLC_C09_M03_A3_C09_M03,ControlCommand,288,0,288,5000,0.0,L,PLC_C09_M03,PLC_C09_M03,11
0,0,False,CMD_PLC_C09_M03_A4_C09_M03,ControlCommand,729,0,729,5000,0.0,L,PLC_C09_M03,PLC_C09_M03,11
0,0,False,CMD_PLC_C09_M04_A1_C09_M04,ControlCommand,239,0,239,5000,0.0,L,PLC_C09_M04,PLC_C09_M04,11
0,0,False,CMD_PLC_C09_M04_A2_C09_M04,ControlCommand,483,0,483,5000,0.0,L,PLC_C09_M04,PLC_C09_M04,11
0,0,False,CMD_PLC_C09_M04_A3_C09_M04,ControlCommand,868,0,868,5000,0.0,L,PLC_C09_M04,PLC_C09_M04,11
0,0,False,CMD_PLC_C09_M04_A4_C09_M04,ControlCommand,80,0,80,5000,0.0,L,PLC_C09_M04,PLC_C09_M04,11
0,0,False,CMD_PLC_C10_M01_A1_C10_M01,ControlCommand,967,0,967,5000,0.0,L,PLC_C10_M01,PLC_C10_M01,11
0,0,False,CMD_PLC_C10_M01_A2_C10_M01,ControlCommand,411,0,411,5000,0.0,L,PLC_C10_M01,PLC_C10_M01,11
0,0,False,CMD_PLC_C10_M01_A3_C10_M01,ControlCommand,148,0,148,5000,0.0,L,PLC_C10_M01,PLC_C10_M01,11
0,0,False,CMD_PLC_C10_M01_A4_C10_M01,ControlCommand,918,0,918,5000,0.0,L,PLC_C10_M01,PLC_C10_M01,11
0,0,False,CMD_PLC_C10_M02_A1_C10_M02,ControlCommand,981,0,981,5000,0.0,L,PLC_C10_M02,PLC_C10_M02,11
0,0,False,CMD_PLC_C10_M02_A2_C10_M02,ControlCommand,171,0,171,5000,0.0,L,PLC_C10_M02,PLC_C10_M02,11
0,0,False,CMD_PLC_C10_M02_A3_C10_M02,ControlCommand,6,0,6,5000,0.0,L,PLC_C10_M02,PLC_C10_M02,11
0,0,False,CMD_PLC_C10_M02_A4_C10_M02,ControlCommand,661,0,661,5000,0.0,L,PLC_C10_M02,PLC_C10_M02,11
0,0,False,CMD_PLC_C10_M03_A1_C10_M03,ControlCommand,440,0,440,5000,0.0,L,PLC_C10_M03,PLC_C10_M03,11
0,0,False,CMD_PLC_C10_M03_A2_C10_M03,ControlCommand,524,0,524,5000,0.0,L,PLC_C10_M03,PLC_C10_M03,11
0,0,False,CMD_PLC_C10_M03_A3_C10_M03,ControlCommand,237,0,237,5000,0.0,L,PLC_C10_M03,PLC_C10_M03,11
0,0,False,CMD_PLC_C10_M03_A4_C10_M03,ControlCommand,751,0,751,5000,0.0,L,PLC_C10_M03,PLC_C10_M03,11
0,0,False,CMD_PLC_C10_M04_A1_C10_M04,ControlCommand,184,0,184,5000,0.0,L,PLC_C10_M04,PLC_C10_M04,11
0,0,False,CMD_PLC_C10_M04_A2_C10_M04,ControlCommand,762,0,762,5000,0.0,L,PLC_C10_M04,PLC_C10_M04,11
0,0,False,CMD_PLC_C10_M04_A3_C10_M04,ControlCommand,709,0,709,5000,0.0,L,PLC_C10_M04,PLC_C10_M04,11
0,0,False,CMD_PLC_C10_M04_A4_C10_M04,ControlCommand,937,0,937,5000,0.0,L,PLC_C10_M04,PLC_C10_M04,11
0,0,False,CMD_PLC_C11_M01_A1_C11_M01,ControlCommand,104,0,104,5000,0.0,L,PLC_C11_M01,PLC_C11_M01,11
0,0,False,CMD_PLC_C11_M01_A2_C11_M01,ControlCommand,202,0,202,5000,0.0,L,PLC_C11_M01,PLC_C11_M01,11
0,0,False,CMD_PLC_C11_M01_A3_C11_M01,ControlCommand,705,0,705,5000,0.0,L,PLC_C11_M01,PLC_C11_M01,11
0,0,False,CMD_PLC_C11_M01_A4_C11_M01,ControlCommand,724,0,724,5000,0.0,L,PLC_C11_M01,PLC_C11_M01,11
0,0,False,CMD_PLC_C11_M02_A1_C11_M02,ControlCommand,36,0,36,5000,0.0,L,PLC_C11_M02,PLC_C11_M02,11
0,0,False,CMD_PLC_C11_M02_A2_C11_M02,ControlCommand,234,0,234,5000,0.0,L,PLC_C11_M02,PLC_C11_M02,11
0,0,False,CMD_PLC_C11_M02_A3_C11_M02,ControlCommand,253,0,253,5000,0.0,L,PLC_C11_M02,PLC_C11_M02,11
0,0,False,CMD_PLC_C11_M02_A4_C11_M02,ControlCommand,704,0,704,5000,0.0,L,PLC_C11_M02,PLC_C11_M02,11
0,0,False,CMD_PLC_C11_M03_A1_C11_M03,ControlCommand,527,0,527,5000,0.0,L,PLC_C11_M03,PLC_C11_M03,11
0,0,False,CMD_PLC_C11_M03_A2_C11_M03,ControlCommand,510,0,510,5000,0.0,L,PLC_C11_M03,PLC_C11_M03,11
0,0,False,CMD_PLC_C11_M03_A3_C11_M03,ControlCommand,710,0,710,5000,0.0,L,PLC_C11_M03,PLC_C11_M03,11
0,0,False,CMD_PLC_C11_M03_A4_C11_M03,ControlCommand,540,0,540,5000,0.0,L,PLC_C11_M03,PLC_C11_M03,11
600,6,True,CMD_PLC_C11_M04_A1_C11_M04,ControlCommand,160,1,166,5000,0.0012,L,PLC_C11_M04,PLC_C11_M04,11
0,0,False,CMD_PLC_C11_M04_A2_C11_M04,ControlCommand,171,1,171,5000,0.0,L,PLC_C11_M04,PLC_C11_M04,11
0,0,False,CMD_PLC_C11_M04_A3_C11_M04,ControlCommand,474,0,474,5000,0.0,L,PLC_C11_M04,PLC_C11_M04,11
0,0,False,CMD_PLC_C11_M04_A4_C11_M04,ControlCommand,245,0,245,5000,0.0,L,PLC_C11_M04,PLC_C11_M04,11
0,0,False,CMD_PLC_C12_M01_A1_C12_M01,ControlCommand,444,0,444,5000,0.0,L,PLC_C12_M01,PLC_C12_M01,11
600,6,True,CMD_PLC_C12_M01_A2_C12_M01,ControlCommand,249,1,255,5000,0.0012,L,PLC_C12_M01,PLC_C12_M01,11
0,0,False,CMD_PLC_C12_M01_A3_C12_M01,ControlCommand,963,0,963,5000,0.0,L,PLC_C12_M01,PLC_C12_M01,11
0,0,False,CMD_PLC_C12_M01_A4_C12_M01,ControlCommand,260,1,260,5000,0.0,L,PLC_C12_M01,PLC_C12_M01,11
0,0,False,CMD_PLC_C12_M02_A1_C12_M02,ControlCommand,314,0,314,5000,0.0,L,PLC_C12_M02,PLC_C12_M02,11
0,0,False,CMD_PLC_C12_M02_A2_C12_M02,ControlCommand,702,0,702,5000,0.0,L,PLC_C12_M02,PLC_C12_M02,11
0,0,False,CMD_PLC_C12_M02_A3_C12_M02,ControlCommand,146,0,146,5000,0.0,L,PLC_C12_M02,PLC_C12_M02,11
0,0,False,CMD_PLC_C12_M02_A4_C12_M02,ControlCommand,862,0,862,5000,0.0,L,PLC_C12_M02,PLC_C12_M02,11
0,0,False,CMD_PLC_C12_M03_A1_C12_M03,ControlCommand,469,0,469,5000,0.0,L,PLC_C12_M03,PLC_C12_M03,11
0,0,False,CMD_PLC_C12_M03_A2_C12_M03,ControlCommand,401,0,401,5000,0.0,L,PLC_C12_M03,PLC_C12_M03,11
0,0,False,CMD_PLC_C12_M03_A3_C12_M03,ControlCommand,944,0,944,5000,0.0,L,PLC_C12_M03,PLC_C12_M03,11
0,0,False,CMD_PLC_C12_M03_A4_C12_M03,ControlCommand,609,0,609,5000,0.0,L,PLC_C12_M03,PLC_C12_M03,11
0,0,False,CMD_PLC_C12_M04_A1_C12_M04,ControlCommand,673,0,673,5000,0.0,L,PLC_C12_M04,PLC_C12_M04,11
0,0,False,CMD_PLC_C12_M04_A2_C12_M04,ControlCommand,472,0,472,5000,0.0,L,PLC_C12_M04,PLC_C12_M04,11
0,0,False,CMD_PLC_C12_M04_A3_C12_M04,ControlCommand,723,0,723,5000,0.0,L,PLC_C12_M04,PLC_C12_M04,11
0,0,False,CMD_PLC_C12_M04_A4_C12_M04,ControlCommand,827,0,827,5000,0.0,L,PLC_C12_M04,PLC_C12_M04,11
0,0,False,CMD_PLC_C13_M01_A1_C13_M01,ControlCommand,300,0,300,5000,0.0,L,PLC_C13_M01,PLC_C13_M01,11
0,0,False,CMD_PLC_C13_M01_A2_C13_M01,ControlCommand,587,0,587,5000,0.0,L,PLC_C13_M01,PLC_C13_M01,11
0,0,False,CMD_PLC_C13_M01_A3_C13_M01,ControlCommand,3,0,3,5000,0.0,L,PLC_C13_M01,PLC_C13_M01,11
0,0,False,CMD_PLC_C13_M01_A4_C13_M01,ControlCommand,529,0,529,5000,0.0,L,PLC_C13_M01,PLC_C13_M01,11
0,0,False,CMD_PLC_C13_M02_A1_C13_M02,ControlCommand,157,0,157,5000,0.0,L,PLC_C13_M02,PLC_C13_M02,11
0,0,False,CMD_PLC_C13_M02_A2_C13_M02,ControlCommand,34,1,34,5000,0.0,L,PLC_C13_M02,PLC_C13_M02,11
0,0,False,CMD_PLC_C13_M02_A3_C13_M02,ControlCommand,341,0,341,5000,0.0,L,PLC_C13_M02,PLC_C13_M02,11
200,2,True,CMD_PLC_C13_M02_A4_C13_M02,ControlCommand,23,1,25,5000,0.0004,L,PLC_C13_M02,PLC_C13_M02,11
1000,10,True,CMD_PLC_C13_M03_A1_C13_M03,ControlCommand,465,1,475,5000,0.002,L,PLC_C13_M03,PLC_C13_M03,11
0,0,False,CMD_PLC_C13_M03_A2_C13_M03,ControlCommand,63,0,63,5000,0.0,L,PLC_C13_M03,PLC_C13_M03,11
0,0,False,CMD_PLC_C13_M03_A3_C13_M03,ControlCommand,584,0,584,5000,0.0,L,PLC_C13_M03,PLC_C13_M03,11
0,0,False,CMD_PLC_C13_M03_A4_C13_M03,ControlCommand,476,1,476,5000,0.0,L,PLC_C13_M03,PLC_C13_M03,11
0,0,False,CMD_PLC_C13_M04_A1_C13_M04,ControlCommand,155,0,155,5000,0.0,L,PLC_C13_M04,PLC_C13_M04,11
0,0,False,CMD_PLC_C13_M04_A2_C13_M04,ControlCommand,726,0,726,5000,0.0,L,PLC_C13_M04,PLC_C13_M04,11
0,0,False,CMD_PLC_C13_M04_A3_C13_M04,ControlCommand,615,0,615,5000,0.0,L,PLC_C13_M04,PLC_C13_M04,11
0,0,False,CMD_PLC_C13_M04_A4_C13_M04,ControlCommand,453,0,453,5000,0.0,L,PLC_C13_M04,PLC_C13_M04,11
0,0,False,CMD_PLC_C14_M01_A1_C14_M01,ControlCommand,604,0,604,5000,0.0,L,PLC_C14_M01,PLC_C14_M01,11
0,0,False,CMD_PLC_C14_M01_A2_C14_M01,ControlCommand,67,0,67,5000,0.0,L,PLC_C14_M01,PLC_C14_M01,11
0,0,False,CMD_PLC_C14_M01_A3_C14_M01,ControlCommand,473,0,473,5000,0.0,L,PLC_C14_M01,PLC_C14_M01,11
0,0,False,CMD_PLC_C14_M01_A4_C14_M01,ControlCommand,651,0,651,5000,0.0,L,PLC_C14_M01,PLC_C14_M01,11
0,0,False,CMD_PLC_C14_M02_A1_C14_M02,ControlCommand,369,0,369,5000,0.0,L,PLC_C14_M02,PLC_C14_M02,11
0,0,False,CMD_PLC_C14_M02_A2_C14_M02,ControlCommand,342,0,342,5000,0.0,L,PLC_C14_M02,PLC_C14_M02,11
0,0,False,CMD_PLC_C14_M02_A3_C14_M02,ControlCommand,997,0,997,5000,0.0,L,PLC_C14_M02,PLC_C14_M02,11
0,0,False,CMD_PLC_C14_M02_A4_C14_M02,ControlCommand,501,0,501,5000,0.0,L,PLC_C14_M02,PLC_C14_M02,11
0,0,False,CMD_PLC_C14_M03_A1_C14_M03,ControlCommand,271,0,271,5000,0.0,L,PLC_C14_M03,PLC_C14_M03,11
0,0,False,CMD_PLC_C14_M03_A2_C14_M03,ControlCommand,351,1,351,5000,0.0,L,PLC_C14_M03,PLC_C14_M03,11
0,0,False,CMD_PLC_C14_M03_A3_C14_M03,ControlCommand,716,0,716,5000,0.0,L,PLC_C14_M03,PLC_C14_M03,11
900,9,True,CMD_PLC_C14_M03_A4_C14_M03,ControlCommand,340,1,349,5000,0.0018,L,PLC_C14_M03,PLC_C14_M03,11
0,0,False,CMD_PLC_C14_M04_A1_C14_M04,ControlCommand,156,0,156,5000,0.0,L,PLC_C14_M04,PLC_C14_M04,11
0,0,False,CMD_PLC_C14_M04_A2_C14_M04,ControlCommand,537,0,537,5000,0.0,L,PLC_C14_M04,PLC_C14_M04,11
0,0,False,CMD_PLC_C14_M04_A3_C14_M04,ControlCommand,996,0,996,5000,0.0,L,PLC_C14_M04,PLC_C14_M04,11
0,0,False,CMD_PLC_C14_M04_A4_C14_M04,ControlCommand,226,0,226,5000,0.0,L,PLC_C14_M04,PLC_C14_M04,11
0,0,False,CMD_PLC_C15_M01_A1_C15_M01,ControlCommand,226,0,226,5000,0.0,L,PLC_C15_M01,PLC_C15_M01,11
0,0,False,CMD_PLC_C15_M01_A2_C15_M01,ControlCommand,865,0,865,5000,0.0,L,PLC_C15_M01,PLC_C15_M01,11
0,0,False,CMD_PLC_C15_M01_A3_C15_M01,ControlCommand,885,0,885,5000,0.0,L,PLC_C15_M01,PLC_C15_M01,11
0,0,False,CMD_PLC_C15_M01_A4_C15_M01,ControlCommand,350,0,350,5000,0.0,L,PLC_C15_M01,PLC_C15_M01,11
0,0,False,CMD_PLC_C15_M02_A1_C15_M02,ControlCommand,129,0,129,5000,0.0,L,PLC_C15_M02,PLC_C15_M02,11
0,0,False,CMD_PLC_C15_M02_A2_C15_M02,ControlCommand,960,0,960,5000,0.0,L,PLC_C15_M02,PLC_C15_M02,11
0,0,False,CMD_PLC_C15_M02_A3_C15_M02,ControlCommand,501,0,501,5000,0.0,L,PLC_C15_M02,PLC_C15_M02,11
0,0,False,CMD_PLC_C15_M02_A4_C15_M02,ControlCommand,844,0,844,5000,0.0,L,PLC_C15_M02,PLC_C15_M02,11
0,0,False,CMD_PLC_C15_M03_A1_C15_M03,ControlCommand,813,0,813,5000,0.0,L,PLC_C15_M03,PLC_C15_M03,11
0,0,False,CMD_PLC_C15_M03_A2_C15_M03,ControlCommand,200,0,200,5000,0.0,L,PLC_C15_M03,PLC_C15_M03,11
0,0,False,CMD_PLC_C15_M03_A3_C15_M03,ControlCommand,569,0,569,5000,0.0,L,PLC_C15_M03,PLC_C15_M03,11
0,0,False,CMD_PLC_C15_M03_A4_C15_M03,ControlCommand,995,0,995,5000,0.0,L,PLC_C15_M03,PLC_C15_M03,11
0,0,False,CMD_PLC_C15_M04_A1_C15_M04,ControlCommand,781,0,781,5000,0.0,L,PLC_C15_M04,PLC_C15_M04,11
0,0,False,CMD_PLC_C15_M04_A2_C15_M04,ControlCommand,703,1,703,5000,0.0,L,PLC_C15_M04,PLC_C15_M04,11
0,0,False,CMD_PLC_C15_M04_A3_C15_M04,ControlCommand,597,0,597,5000,0.0,L,PLC_C15_M04,PLC_C15_M04,11
200,2,True,CMD_PLC_C15_M04_A4_C15_M04,ControlCommand,692,1,694,5000,0.0004,L,PLC_C15_M04,PLC_C15_M04,11
0,0,False,CMD_PLC_C16_M01_A1_C16_M01,ControlCommand,457,0,457,5000,0.0,L,PLC_C16_M01,PLC_C16_M01,11
0,0,False,CMD_PLC_C16_M01_A2_C16_M01,ControlCommand,128,0,128,5000,0.0,L,PLC_C16_M01,PLC_C16_M01,11
0,0,False,CMD_PLC_C16_M01_A3_C16_M01,ControlCommand,45,0,45,5000,0.0,L,PLC_C16_M01,PLC_C16_M01,11
0,0,False,CMD_PLC_C16_M01_A4_C16_M01,ControlCommand,417,0,417,5000,0.0,L,PLC_C16_M01,PLC_C16_M01,11
0,0,False,CMD_PLC_C16_M02_A1_C16_M02,ControlCommand,56,0,56,5000,0.0,L,PLC_C16_M02,PLC_C16_M02,11
0,0,False,CMD_PLC_C16_M02_A2_C16_M02,ControlCommand,905,0,905,5000,0.0,L,PLC_C16_M02,PLC_C16_M02,11
0,0,False,CMD_PLC_C16_M02_A3_C16_M02,ControlCommand,933,0,933,5000,0.0,L,PLC_C16_M02,PLC_C16_M02,11
0,0,False,CMD_PLC_C16_M02_A4_C16_M02,ControlCommand,751,0,751,5000,0.0,L,PLC_C16_M02,PLC_C16_M02,11
1000,10,True,CMD_PLC_C16_M03_A1_C16_M03,ControlCommand,781,1,791,5000,0.002,L,PLC_C16_M03,PLC_C16_M03,11
0,0,False,CMD_PLC_C16_M03_A2_C16_M03,ControlCommand,45,0,45,5000,0.0,L,PLC_C16_M03,PLC_C16_M03,11
0,0,False,CMD_PLC_C16_M03_A3_C16_M03,ControlCommand,792,1,792,5000,0.0,L,PLC_C16_M03,PLC_C16_M03,11
0,0,False,CMD_PLC_C16_M03_A4_C16_M03,ControlCommand,818,0,818,5000,0.0,L,PLC_C16_M03,PLC_C16_M03,11
0,0,False,CMD_PLC_C16_M04_A1_C16_M04,ControlCommand,999,0,999,5000,0.0,L,PLC_C16_M04,PLC_C16_M04,11
0,0,False,CMD_PLC_C16_M04_A2_C16_M04,ControlCommand,727,0,727,5000,0.0,L,PLC_C16_M04,PLC_C16_M04,11
0,0,False,CMD_PLC_C16_M04_A3_C16_M04,ControlCommand,886,0,886,5000,0.0,L,PLC_C16_M04,PLC_C16_M04,11
0,0,False,CMD_PLC_C16_M04_A4_C16_M04,ControlCommand,556,0,556,5000,0.0,L,PLC_C16_M04,PLC_C16_M04,11
0,0,False,COORD_CC_C01_PLC_C01_M01,MachineCoordination,908,0,908,40000,0.0,L,CC_C01,CC_C01,26
0,0,False,COORD_CC_C01_PLC_C01_M02,MachineCoordination,427,0,427,40000,0.0,L,CC_C01,CC_C01,26
0,0,False,COORD_CC_C01_PLC_C01_M03,MachineCoordination,2569,0,2569,40000,0.0,L,CC_C01,CC_C01,26
0,0,False,COORD_CC_C01_PLC_C01_M04,MachineCoordination,7322,0,7322,40000,0.0,L,CC_C01,CC_C01,26
0,0,False,COORD_CC_C02_PLC_C02_M01,MachineCoordination,3177,0,3177,40000,0.0,L,CC_C02,CC_C02,26
0,0,False,COORD_CC_C02_PLC_C02_M02,MachineCoordination,3126,0,3126,40000,0.0,L,CC_C02,CC_C02,26
0,0,False,COORD_CC_C02_PLC_C02_M03,MachineCoordination,4531,0,4531,40000,0.0,L,CC_C02,CC_C02,26
0,0,False,COORD_CC_C02_PLC_C02_M04,MachineCoordination,1558,0,1558,40000,0.0,L,CC_C02,CC_C02,26
0,0,False,COORD_CC_C03_PLC_C03_M01,MachineCoordination,6518,1,6518,40000,0.0,L,CC_C03,CC_C03,26
0,0,False,COORD_CC_C03_PLC_C03_M02,MachineCoordination,2158,0,2158,40000,0.0,L,CC_C03,CC_C03,26
0,0,False,COORD_CC_C03_PLC_C03_M03,MachineCoordination,6652,0,6652,40000,0.0,L,CC_C03,CC_C03,26
0,0,False,COORD_CC_C03_PLC_C03_M04,MachineCoordination,2409,0,2409,40000,0.0,L,CC_C03,CC_C03,26
0,0,False,COORD_CC_C04_PLC_C04_M01,MachineCoordination,945,0,945,40000,0.0,L,CC_C04,CC_C04,26
0,0,False,COORD_CC_C04_PLC_C04_M02,MachineCoordination,2224,0,2224,40000,0.0,L,CC_C04,CC_C04,26
0,0,False,COORD_CC_C04_PLC_C04_M03,MachineCoordination,1397,0,1397,40000,0.0,L,CC_C04,CC_C04,26
0,0,False,COORD_CC_C04_PLC_C04_M04,MachineCoordination,3168,0,3168,40000,0.0,L,CC_C04,CC_C04,26
2100,21,True,COORD_CC_C05_PLC_C05_M01,MachineCoordination,7582,1,7603,40000,0.000525,L,CC_C05,CC_C05,26
0,0,False,COORD_CC_C05_PLC_C05_M02,MachineCoordination,7608,1,7608,40000,0.0,L,CC_C05,CC_C05,26
0,0,False,COORD_CC_C05_PLC_C05_M03,MachineCoordination,4229,0,4229,40000,0.0,L,CC_C05,CC_C05,26
0,0,False,COORD_CC_C05_PLC_C05_M04,MachineCoordination,2040,0,2040,40000,0.0,L,CC_C05,CC_C05,26
0,0,False,COORD_CC_C06_PLC_C06_M01,MachineCoordination,7838,0,7838,40000,0.0,L,CC_C06,CC_C06,26
0,0,False,COORD_CC_C06_PLC_C06_M02,MachineCoordination,1006,0,1006,40000,0.0,L,CC_C06,CC_C06,26
0,0,False,COORD_CC_C06_PLC_C06_M03,MachineCoordination,7395,0,7395,40000,0.0,L,CC_C06,CC_C06,26
0,0,False,COORD_CC_C06_PLC_C06_M04,MachineCoordination,4964,0,4964,40000,0.0,L,CC_C06,CC_C06,26
0,0,False,COORD_CC_C07_PLC_C07_M01,MachineCoordination,455,0,455,40000,0.0,L,CC_C07,CC_C07,26
0,0,False,COORD_CC_C07_PLC_C07_M02,MachineCoordination,2480,0,2480,40000,0.0,L,CC_C07,CC_C07,26
0,0,False,COORD_CC_C07_PLC_C07_M03,MachineCoordination,3959,0,3959,40000,0.0,L,CC_C07,CC_C07,26
0,0,False,COORD_CC_C07_PLC_C07_M04,MachineCoordination,7266,0,7266,40000,0.0,L,CC_C07,CC_C07,26
0,0,False,COORD_CC_C08_PLC_C08_M01,MachineCoordination,2522,0,2522,40000,0.0,L,CC_C08,CC_C08,26
0,0,False,COORD_CC_C08_PLC_C08_M02,MachineCoordination,5725,0,5725,40000,0.0,L,CC_C08,CC_C08,26
0,0,False,COORD_CC_C08_PLC_C08_M03,MachineCoordination,865,0,865,40000,0.0,L,CC_C08,CC_C08,26
0,0,False,COORD_CC_C08_PLC_C08_M04,MachineCoordination,7691,0,7691,40000,0.0,L,CC_C08,CC_C08,26
0,0,False,COORD_CC_C09_PLC_C09_M01,MachineCoordination,2158,0,2158,40000,0.0,L,CC_C09,CC_C09,26
0,0,False,COORD_CC_C09_PLC_C09_M02,MachineCoordination,3041,0,3041,40000,0.0,L,CC_C09,CC_C09,26
0,0,False,COORD_CC_C09_PLC_C09_M03,MachineCoordination,4315,0,4315,40000,0.0,L,CC_C09,CC_C09,26
0,0,False,COORD_CC_C09_PLC_C09_M04,MachineCoordination,5200,0,5200,40000,0.0,L,CC_C09,CC_C09,26
0,0,False,COORD_CC_C10_PLC_C10_M01,MachineCoordination,1105,0,1105,40000,0.0,L,CC_C10,CC_C10,26
0,0,False,COORD_CC_C10_PLC_C10_M02,MachineCoordination,7830,0,7830,40000,0.0,L,CC_C10,CC_C10,26
0,0,False,COORD_CC_C10_PLC_C10_M03,MachineCoordination,2342,0,2342,40000,0.0,L,CC_C10,CC_C10,26
0,0,False,COORD_CC_C10_PLC_C10_M04,MachineCoordination,6430,0,6430,40000,0.0,L,CC_C10,CC_C10,26
0,0,False,COORD_CC_C11_PLC_C11_M01,MachineCoordination,2239,0,2239,40000,0.0,L,CC_C11,CC_C11,26
0,0,False,COORD_CC_C11_PLC_C11_M02,MachineCoordination,6794,0,6794,40000,0.0,L,CC_C11,CC_C11,26
0,0,False,COORD_CC_C11_PLC_C11_M03,MachineCoordination,578,0,578,40000,0.0,L,CC_C11,CC_C11,26
0,0,False,COORD_CC_C11_PLC_C11_M04,MachineCoordination,4825,0,4825,40000,0.0,L,CC_C11,CC_C11,26
0,0,False,COORD_CC_C12_PLC_C12_M01,MachineCoordination,2924,0,2924,40000,0.0,L,CC_C12,CC_C12,26
0,0,False,COORD_CC_C12_PLC_C12_M02,MachineCoordination,6910,0,6910,40000,0.0,L,CC_C12,CC_C12,26
0,0,False,COORD_CC_C12_PLC_C12_M03,MachineCoordination,1969,0,1969,40000,0.0,L,CC_C12,CC_C12,26
0,0,False,COORD_CC_C12_PLC_C12_M04,MachineCoordination,1307,0,1307,40000,0.0,L,CC_C12,CC_C12,26
0,0,False,COORD_CC_C13_PLC_C13_M01,MachineCoordination,4894,0,4894,40000,0.0,L,CC_C13,CC_C13,26
0,0,False,COORD_CC_C13_PLC_C13_M02,MachineCoordination,4543,0,4543,40000,0.0,L,CC_C13,CC_C13,26
0,0,False,COORD_CC_C13_PLC_C13_M03,MachineCoordination,2325,0,2325,40000,0.0,L,CC_C13,CC_C13,26
0,0,False,COORD_CC_C13_PLC_C13_M04,MachineCoordination,1946,0,1946,40000,0.0,L,CC_C13,CC_C13,26
0,0,False,COORD_CC_C14_PLC_C14_M01,MachineCoordination,1588,0,1588,40000,0.0,L,CC_C14,CC_C14,26
0,0,False,COORD_CC_C14_PLC_C14_M02,MachineCoordination,7632,0,7632,40000,0.0,L,CC_C14,CC_C14,26
0,0,False,COORD_CC_C14_PLC_C14_M03,MachineCoordination,7143,0,7143,40000,0.0,L,CC_C14,CC_C14,26
0,0,False,COORD_CC_C14_PLC_C14_M04,MachineCoordination,1724,0,1724,40000,0.0,L,CC_C14,CC_C14,26
0,0,False,COORD_CC_C15_PLC_C15_M01,MachineCoordination,202,0,202,40000,0.0,L,CC_C15,CC_C15,26
0,0,False,COORD_CC_C15_PLC_C15_M02,MachineCoordination,6657,0,6657,40000,0.0,L,CC_C15,CC_C15,26
0,0,False,COORD_CC_C15_PLC_C15_M03,MachineCoordination,6233,0,6233,40000,0.0,L,CC_C15,CC_C15,26
0,0,False,COORD_CC_C15_PLC_C15_M04,MachineCoordination,235,0,235,40000,0.0,L,CC_C15,CC_C15,26
0,0,False,COORD_CC_C16_PLC_C16_M01,MachineCoordination,2885,0,2885,40000,0.0,L,CC_C16,CC_C16,26
0,0,False,COORD_CC_C16_PLC_C16_M02,MachineCoordination,4180,0,4180,40000,0.0,L,CC_C16,CC_C16,26
0,0,False,COORD_CC_C16_PLC_C16_M03,MachineCoordination,4032,0,4032,40000,0.0,L,CC_C16,CC_C16,26
0,0,False,COORD_CC_C16_PLC_C16_M04,MachineCoordination,3549,0,3549,40000,0.0,L,CC_C16,CC_C16,26
0,0,False,IC_NEXT_CC_C01,InterCellNext,4715,0,4715,80000,0.0,L,CC_C01,CC_C01,47
0,0,False,IC_NEXT_CC_C02,InterCellNext,3301,0,3301,80000,0.0,L,CC_C02,CC_C02,47
0,0,False,IC_NEXT_CC_C03,InterCellNext,10625,0,10625,80000,0.0,L,CC_C03,CC_C03,47
0,0,False,IC_NEXT_CC_C04,InterCellNext,13065,0,13065,80000,0.0,L,CC_C04,CC_C04,47
0,0,False,IC_NEXT_CC_C05,InterCellNext,3536,0,3536,80000,0.0,L,CC_C05,CC_C05,47
0,0,False,IC_NEXT_CC_C06,InterCellNext,1273,0,1273,80000,0.0,L,CC_C06,CC_C06,47
0,0,False,IC_NEXT_CC_C07,InterCellNext,10830,0,10830,80000,0.0,L,CC_C07,CC_C07,47
0,0,False,IC_NEXT_CC_C08,InterCellNext,14990,0,14990,80000,0.0,L,CC_C08,CC_C08,47
0,0,False,IC_NEXT_CC_C09,InterCellNext,9584,0,9584,80000,0.0,L,CC_C09,CC_C09,47
0,0,False,IC_NEXT_CC_C10,InterCellNext,2285,0,2285,80000,0.0,L,CC_C10,CC_C10,47
0,0,False,IC_NEXT_CC_C11,InterCellNext,13337,0,13337,80000,0.0,L,CC_C11,CC_C11,47
0,0,False,IC_NEXT_CC_C12,InterCellNext,11368,0,11368,80000,0.0,L,CC_C12,CC_C12,47
0,0,False,IC_NEXT_CC_C13,InterCellNext,11172,0,11172,80000,0.0,L,CC_C13,CC_C13,47
0,0,False,IC_NEXT_CC_C14,InterCellNext,13552,0,13552,80000,0.0,L,CC_C14,CC_C14,47
0,0,False,IC_NEXT_CC_C15,InterCellNext,9498,0,9498,80000,0.0,L,CC_C15,CC_C15,47
0,0,False,IC_NEXT_CC_C16,InterCellNext,14048,0,14048,80000,0.0,L,CC_C16,CC_C16,47
0,0,False,IC_PREV_CC_C01,InterCellPrevious,11857,0,11857,80000,0.0,L,CC_C01,CC_C01,47
0,0,False,IC_PREV_CC_C02,InterCellPrevious,15844,0,15844,80000,0.0,L,CC_C02,CC_C02,47
1200,12,True,IC_PREV_CC_C03,InterCellPrevious,6471,1,6483,80000,0.00015,L,CC_C03,CC_C03,47
0,0,False,IC_PREV_CC_C04,InterCellPrevious,2343,0,2343,80000,0.0,L,CC_C04,CC_C04,47
0,0,False,IC_PREV_CC_C05,InterCellPrevious,9175,0,9175,80000,0.0,L,CC_C05,CC_C05,47
0,0,False,IC_PREV_CC_C06,InterCellPrevious,3162,0,3162,80000,0.0,L,CC_C06,CC_C06,47
0,0,False,IC_PREV_CC_C07,InterCellPrevious,2273,0,2273,80000,0.0,L,CC_C07,CC_C07,47
0,0,False,IC_PREV_CC_C08,InterCellPrevious,207,0,207,80000,0.0,L,CC_C08,CC_C08,47
0,0,False,IC_PREV_CC_C09,InterCellPrevious,1731,0,1731,80000,0.0,L,CC_C09,CC_C09,47
0,0,False,IC_PREV_CC_C10,InterCellPrevious,2051,0,2051,80000,0.0,L,CC_C10,CC_C10,47
0,0,False,IC_PREV_CC_C11,InterCellPrevious,4035,0,4035,80000,0.0,L,CC_C11,CC_C11,47
0,0,False,IC_PREV_CC_C12,InterCellPrevious,5922,0,5922,80000,0.0,L,CC_C12,CC_C12,47
0,0,False,IC_PREV_CC_C13,InterCellPrevious,3013,0,3013,80000,0.0,L,CC_C13,CC_C13,47
0,0,False,IC_PREV_CC_C14,InterCellPrevious,7184,0,7184,80000,0.0,L,CC_C14,CC_C14,47
0,0,False,IC_PREV_CC_C15,InterCellPrevious,9449,0,9449,80000,0.0,L,CC_C15,CC_C15,47
0,0,False,IC_PREV_CC_C16,InterCellPrevious,15369,0,15369,80000,0.0,L,CC_C16,CC_C16,47
0,0,False,SC_S1_C01_M01,SensorCyclic,406,0,406,20000,0.0,L,S1_C01_M01,S1_C01_M01,16
0,0,False,SC_S1_C01_M02,SensorCyclic,2255,0,2255,20000,0.0,L,S1_C01_M02,S1_C01_M02,16
0,0,False,SC_S1_C01_M03,SensorCyclic,292,0,292,20000,0.0,L,S1_C01_M03,S1_C01_M03,16
0,0,False,SC_S1_C01_M04,SensorCyclic,1356,0,1356,20000,0.0,L,S1_C01_M04,S1_C01_M04,16
0,0,False,SC_S1_C02_M01,SensorCyclic,3267,0,3267,20000,0.0,L,S1_C02_M01,S1_C02_M01,16
0,0,False,SC_S1_C02_M02,SensorCyclic,3973,0,3973,20000,0.0,L,S1_C02_M02,S1_C02_M02,16
0,0,False,SC_S1_C02_M03,SensorCyclic,3451,0,3451,20000,0.0,L,S1_C02_M03,S1_C02_M03,16
0,0,False,SC_S1_C02_M04,SensorCyclic,2179,0,2179,20000,0.0,L,S1_C02_M04,S1_C02_M04,16
0,0,False,SC_S1_C03_M01,SensorCyclic,3473,0,3473,20000,0.0,L,S1_C03_M01,S1_C03_M01,16
0,0,False,SC_S1_C03_M02,SensorCyclic,905,0,905,20000,0.0,L,S1_C03_M02,S1_C03_M02,16
0,0,False,SC_S1_C03_M03,SensorCyclic,1861,0,1861,20000,0.0,L,S1_C03_M03,S1_C03_M03,16
0,0,False,SC_S1_C03_M04,SensorCyclic,2807,0,2807,20000,0.0,L,S1_C03_M04,S1_C03_M04,16
0,0,False,SC_S1_C04_M01,SensorCyclic,2959,0,2959,20000,0.0,L,S1_C04_M01,S1_C04_M01,16
0,0,False,SC_S1_C04_M02,SensorCyclic,573,0,573,20000,0.0,L,S1_C04_M02,S1_C04_M02,16
0,0,False,SC_S1_C04_M03,SensorCyclic,1465,0,1465,20000,0.0,L,S1_C04_M03,S1_C04_M03,16
0,0,False,SC_S1_C04_M04,SensorCyclic,76,0,76,20000,0.0,L,S1_C04_M04,S1_C04_M04,16
0,0,False,SC_S1_C05_M01,SensorCyclic,951,0,951,20000,0.0,L,S1_C05_M01,S1_C05_M01,16
0,0,False,SC_S1_C05_M02,SensorCyclic,1997,0,1997,20000,0.0,L,S1_C05_M02,S1_C05_M02,16
0,0,False,SC_S1_C05_M03,SensorCyclic,3142,0,3142,20000,0.0,L,S1_C05_M03,S1_C05_M03,16
0,0,False,SC_S1_C05_M04,SensorCyclic,3224,0,3224,20000,0.0,L,S1_C05_M04,S1_C05_M04,16
0,0,False,SC_S1_C06_M01,SensorCyclic,1909,0,1909,20000,0.0,L,S1_C06_M01,S1_C06_M01,16
0,0,False,SC_S1_C06_M02,SensorCyclic,2117,0,2117,20000,0.0,L,S1_C06_M02,S1_C06_M02,16
0,0,False,SC_S1_C06_M03,SensorCyclic,1851,0,1851,20000,0.0,L,S1_C06_M03,S1_C06_M03,16
0,0,False,SC_S1_C06_M04,SensorCyclic,697,0,697,20000,0.0,L,S1_C06_M04,S1_C06_M04,16
0,0,False,SC_S1_C07_M01,SensorCyclic,3878,0,3878,20000,0.0,L,S1_C07_M01,S1_C07_M01,16
0,0,False,SC_S1_C07_M02,SensorCyclic,3304,0,3304,20000,0.0,L,S1_C07_M02,S1_C07_M02,16
0,0,False,SC_S1_C07_M03,SensorCyclic,1569,0,1569,20000,0.0,L,S1_C07_M03,S1_C07_M03,16
0,0,False,SC_S1_C07_M04,SensorCyclic,2884,0,2884,20000,0.0,L,S1_C07_M04,S1_C07_M04,16
0,0,False,SC_S1_C08_M01,SensorCyclic,1715,0,1715,20000,0.0,L,S1_C08_M01,S1_C08_M01,16
0,0,False,SC_S1_C08_M02,SensorCyclic,3562,0,3562,20000,0.0,L,S1_C08_M02,S1_C08_M02,16
0,0,False,SC_S1_C08_M03,SensorCyclic,2172,0,2172,20000,0.0,L,S1_C08_M03,S1_C08_M03,16
0,0,False,SC_S1_C08_M04,SensorCyclic,1661,0,1661,20000,0.0,L,S1_C08_M04,S1_C08_M04,16
0,0,False,SC_S1_C09_M01,SensorCyclic,2249,0,2249,20000,0.0,L,S1_C09_M01,S1_C09_M01,16
0,0,False,SC_S1_C09_M02,SensorCyclic,3543,0,3543,20000,0.0,L,S1_C09_M02,S1_C09_M02,16
0,0,False,SC_S1_C09_M03,SensorCyclic,3621,0,3621,20000,0.0,L,S1_C09_M03,S1_C09_M03,16
0,0,False,SC_S1_C09_M04,SensorCyclic,1006,0,1006,20000,0.0,L,S1_C09_M04,S1_C09_M04,16
0,0,False,SC_S1_C10_M01,SensorCyclic,3457,0,3457,20000,0.0,L,S1_C10_M01,S1_C10_M01,16
0,0,False,SC_S1_C10_M02,SensorCyclic,3164,0,3164,20000,0.0,L,S1_C10_M02,S1_C10_M02,16
0,0,False,SC_S1_C10_M03,SensorCyclic,1315,0,1315,20000,0.0,L,S1_C10_M03,S1_C10_M03,16
0,0,False,SC_S1_C10_M04,SensorCyclic,3753,0,3753,20000,0.0,L,S1_C10_M04,S1_C10_M04,16
0,0,False,SC_S1_C11_M01,SensorCyclic,1213,0,1213,20000,0.0,L,S1_C11_M01,S1_C11_M01,16
0,0,False,SC_S1_C11_M02,SensorCyclic,544,0,544,20000,0.0,L,S1_C11_M02,S1_C11_M02,16
0,0,False,SC_S1_C11_M03,SensorCyclic,3516,0,3516,20000,0.0,L,S1_C11_M03,S1_C11_M03,16
0,0,False,SC_S1_C11_M04,SensorCyclic,1015,0,1015,20000,0.0,L,S1_C11_M04,S1_C11_M04,16
0,0,False,SC_S1_C12_M01,SensorCyclic,1486,0,1486,20000,0.0,L,S1_C12_M01,S1_C12_M01,16
0,0,False,SC_S1_C12_M02,SensorCyclic,3407,0,3407,20000,0.0,L,S1_C12_M02,S1_C12_M02,16
0,0,False,SC_S1_C12_M03,SensorCyclic,1320,0,1320,20000,0.0,L,S1_C12_M03,S1_C12_M03,16
0,0,False,SC_S1_C12_M04,SensorCyclic,2981,0,2981,20000,0.0,L,S1_C12_M04,S1_C12_M04,16
0,0,False,SC_S1_C13_M01,SensorCyclic,3876,0,3876,20000,0.0,L,S1_C13_M01,S1_C13_M01,16
0,0,False,SC_S1_C13_M02,SensorCyclic,1229,0,1229,20000,0.0,L,S1_C13_M02,S1_C13_M02,16
0,0,False,SC_S1_C13_M03,SensorCyclic,3258,0,3258,20000,0.0,L,S1_C13_M03,S1_C13_M03,16
0,0,False,SC_S1_C13_M04,SensorCyclic,1290,0,1290,20000,0.0,L,S1_C13_M04,S1_C13_M04,16
0,0,False,SC_S1_C14_M01,SensorCyclic,2054,0,2054,20000,0.0,L,S1_C14_M01,S1_C14_M01,16
0,0,False,SC_S1_C14_M02,SensorCyclic,2056,0,2056,20000,0.0,L,S1_C14_M02,S1_C14_M02,16
0,0,False,SC_S1_C14_M03,SensorCyclic,693,0,693,20000,0.0,L,S1_C14_M03,S1_C14_M03,16
0,0,False,SC_S1_C14_M04,SensorCyclic,1859,0,1859,20000,0.0,L,S1_C14_M04,S1_C14_M04,16
0,0,False,SC_S1_C15_M01,SensorCyclic,1220,0,1220,20000,0.0,L,S1_C15_M01,S1_C15_M01,16
0,0,False,SC_S1_C15_M02,SensorCyclic,3895,0,3895,20000,0.0,L,S1_C15_M02,S1_C15_M02,16
0,0,False,SC_S1_C15_M03,SensorCyclic,624,0,624,20000,0.0,L,S1_C15_M03,S1_C15_M03,16
0,0,False,SC_S1_C15_M04,SensorCyclic,723,0,723,20000,0.0,L,S1_C15_M04,S1_C15_M04,16
0,0,False,SC_S1_C16_M01,SensorCyclic,1639,0,1639,20000,0.0,L,S1_C16_M01,S1_C16_M01,16
0,0,False,SC_S1_C16_M02,SensorCyclic,1481,0,1481,20000,0.0,L,S1_C16_M02,S1_C16_M02,16
0,0,False,SC_S1_C16_M03,SensorCyclic,2614,0,2614,20000,0.0,L,S1_C16_M03,S1_C16_M03,16
0,0,False,SC_S1_C16_M04,SensorCyclic,605,0,605,20000,0.0,L,S1_C16_M04,S1_C16_M04,16
0,0,False,SC_S2_C01_M01,SensorCyclic,1411,0,1411,20000,0.0,L,S2_C01_M01,S2_C01_M01,16
0,0,False,SC_S2_C01_M02,SensorCyclic,2223,0,2223,20000,0.0,L,S2_C01_M02,S2_C01_M02,16
0,0,False,SC_S2_C01_M03,SensorCyclic,1113,0,1113,20000,0.0,L,S2_C01_M03,S2_C01_M03,16
0,0,False,SC_S2_C01_M04,SensorCyclic,3026,0,3026,20000,0.0,L,S2_C01_M04,S2_C01_M04,16
0,0,False,SC_S2_C02_M01,SensorCyclic,348,0,348,20000,0.0,L,S2_C02_M01,S2_C02_M01,16
0,0,False,SC_S2_C02_M02,SensorCyclic,2860,0,2860,20000,0.0,L,S2_C02_M02,S2_C02_M02,16
0,0,False,SC_S2_C02_M03,SensorCyclic,3974,0,3974,20000,0.0,L,S2_C02_M03,S2_C02_M03,16
0,0,False,SC_S2_C02_M04,SensorCyclic,2506,0,2506,20000,0.0,L,S2_C02_M04,S2_C02_M04,16
0,0,False,SC_S2_C03_M01,SensorCyclic,2325,0,2325,20000,0.0,L,S2_C03_M01,S2_C03_M01,16
0,0,False,SC_S2_C03_M02,SensorCyclic,3217,0,3217,20000,0.0,L,S2_C03_M02,S2_C03_M02,16
0,0,False,SC_S2_C03_M03,SensorCyclic,307,0,307,20000,0.0,L,S2_C03_M03,S2_C03_M03,16
0,0,False,SC_S2_C03_M04,SensorCyclic,1691,0,1691,20000,0.0,L,S2_C03_M04,S2_C03_M04,16
0,0,False,SC_S2_C04_M01,SensorCyclic,1430,0,1430,20000,0.0,L,S2_C04_M01,S2_C04_M01,16
0,0,False,SC_S2_C04_M02,SensorCyclic,614,0,614,20000,0.0,L,S2_C04_M02,S2_C04_M02,16
0,0,False,SC_S2_C04_M03,SensorCyclic,1282,0,1282,20000,0.0,L,S2_C04_M03,S2_C04_M03,16
0,0,False,SC_S2_C04_M04,SensorCyclic,3991,0,3991,20000,0.0,L,S2_C04_M04,S2_C04_M04,16
0,0,False,SC_S2_C05_M01,SensorCyclic,2500,0,2500,20000,0.0,L,S2_C05_M01,S2_C05_M01,16
0,0,False,SC_S2_C05_M02,SensorCyclic,3298,0,3298,20000,0.0,L,S2_C05_M02,S2_C05_M02,16
0,0,False,SC_S2_C05_M03,SensorCyclic,3998,0,3998,20000,0.0,L,S2_C05_M03,S2_C05_M03,16
0,0,False,SC_S2_C05_M04,SensorCyclic,1793,0,1793,20000,0.0,L,S2_C05_M04,S2_C05_M04,16
0,0,False,SC_S2_C06_M01,SensorCyclic,2609,0,2609,20000,0.0,L,S2_C06_M01,S2_C06_M01,16
0,0,False,SC_S2_C06_M02,SensorCyclic,864,0,864,20000,0.0,L,S2_C06_M02,S2_C06_M02,16
0,0,False,SC_S2_C06_M03,SensorCyclic,2682,0,2682,20000,0.0,L,S2_C06_M03,S2_C06_M03,16
0,0,False,SC_S2_C06_M04,SensorCyclic,718,0,718,20000,0.0,L,S2_C06_M04,S2_C06_M04,16
0,0,False,SC_S2_C07_M01,SensorCyclic,1705,0,1705,20000,0.0,L,S2_C07_M01,S2_C07_M01,16
0,0,False,SC_S2_C07_M02,SensorCyclic,146,0,146,20000,0.0,L,S2_C07_M02,S2_C07_M02,16
0,0,False,SC_S2_C07_M03,SensorCyclic,1346,0,1346,20000,0.0,L,S2_C07_M03,S2_C07_M03,16
0,0,False,SC_S2_C07_M04,SensorCyclic,2975,0,2975,20000,0.0,L,S2_C07_M04,S2_C07_M04,16
0,0,False,SC_S2_C08_M01,SensorCyclic,1391,0,1391,20000,0.0,L,S2_C08_M01,S2_C08_M01,16
0,0,False,SC_S2_C08_M02,SensorCyclic,3026,0,3026,20000,0.0,L,S2_C08_M02,S2_C08_M02,16
0,0,False,SC_S2_C08_M03,SensorCyclic,2955,0,2955,20000,0.0,L,S2_C08_M03,S2_C08_M03,16
0,0,False,SC_S2_C08_M04,SensorCyclic,842,0,842,20000,0.0,L,S2_C08_M04,S2_C08_M04,16
0,0,False,SC_S2_C09_M01,SensorCyclic,1105,0,1105,20000,0.0,L,S2_C09_M01,S2_C09_M01,16
0,0,False,SC_S2_C09_M02,SensorCyclic,2084,0,2084,20000,0.0,L,S2_C09_M02,S2_C09_M02,16
0,0,False,SC_S2_C09_M03,SensorCyclic,3427,0,3427,20000,0.0,L,S2_C09_M03,S2_C09_M03,16
0,0,False,SC_S2_C09_M04,SensorCyclic,3106,0,3106,20000,0.0,L,S2_C09_M04,S2_C09_M04,16
0,0,False,SC_S2_C10_M01,SensorCyclic,2279,0,2279,20000,0.0,L,S2_C10_M01,S2_C10_M01,16
0,0,False,SC_S2_C10_M02,SensorCyclic,671,0,671,20000,0.0,L,S2_C10_M02,S2_C10_M02,16
0,0,False,SC_S2_C10_M03,SensorCyclic,3729,0,3729,20000,0.0,L,S2_C10_M03,S2_C10_M03,16
0,0,False,SC_S2_C10_M04,SensorCyclic,3515,0,3515,20000,0.0,L,S2_C10_M04,S2_C10_M04,16
0,0,False,SC_S2_C11_M01,SensorCyclic,1758,0,1758,20000,0.0,L,S2_C11_M01,S2_C11_M01,16
0,0,False,SC_S2_C11_M02,SensorCyclic,212,0,212,20000,0.0,L,S2_C11_M02,S2_C11_M02,16
0,0,False,SC_S2_C11_M03,SensorCyclic,730,0,730,20000,0.0,L,S2_C11_M03,S2_C11_M03,16
0,0,False,SC_S2_C11_M04,SensorCyclic,2339,0,2339,20000,0.0,L,S2_C11_M04,S2_C11_M04,16
0,0,False,SC_S2_C12_M01,SensorCyclic,3298,0,3298,20000,0.0,L,S2_C12_M01,S2_C12_M01,16
0,0,False,SC_S2_C12_M02,SensorCyclic,3315,0,3315,20000,0.0,L,S2_C12_M02,S2_C12_M02,16
0,0,False,SC_S2_C12_M03,SensorCyclic,1267,0,1267,20000,0.0,L,S2_C12_M03,S2_C12_M03,16
0,0,False,SC_S2_C12_M04,SensorCyclic,1669,0,1669,20000,0.0,L,S2_C12_M04,S2_C12_M04,16
0,0,False,SC_S2_C13_M01,SensorCyclic,549,0,549,20000,0.0,L,S2_C13_M01,S2_C13_M01,16
0,0,False,SC_S2_C13_M02,SensorCyclic,1561,0,1561,20000,0.0,L,S2_C13_M02,S2_C13_M02,16
0,0,False,SC_S2_C13_M03,SensorCyclic,2669,0,2669,20000,0.0,L,S2_C13_M03,S2_C13_M03,16
0,0,False,SC_S2_C13_M04,SensorCyclic,2459,0,2459,20000,0.0,L,S2_C13_M04,S2_C13_M04,16
0,0,False,SC_S2_C14_M01,SensorCyclic,3845,0,3845,20000,0.0,L,S2_C14_M01,S2_C14_M01,16
0,0,False,SC_S2_C14_M02,SensorCyclic,2977,0,2977,20000,0.0,L,S2_C14_M02,S2_C14_M02,16
0,0,False,SC_S2_C14_M03,SensorCyclic,2019,0,2019,20000,0.0,L,S2_C14_M03,S2_C14_M03,16
0,0,False,SC_S2_C14_M04,SensorCyclic,2050,0,2050,20000,0.0,L,S2_C14_M04,S2_C14_M04,16
0,0,False,SC_S2_C15_M01,SensorCyclic,2517,0,2517,20000,0.0,L,S2_C15_M01,S2_C15_M01,16
0,0,False,SC_S2_C15_M02,SensorCyclic,337,0,337,20000,0.0,L,S2_C15_M02,S2_C15_M02,16
0,0,False,SC_S2_C15_M03,SensorCyclic,2217,0,2217,20000,0.0,L,S2_C15_M03,S2_C15_M03,16
0,0,False,SC_S2_C15_M04,SensorCyclic,2164,0,2164,20000,0.0,L,S2_C15_M04,S2_C15_M04,16
0,0,False,SC_S2_C16_M01,SensorCyclic,2003,0,2003,20000,0.0,L,S2_C16_M01,S2_C16_M01,16
0,0,False,SC_S2_C16_M02,SensorCyclic,958,0,958,20000,0.0,L,S2_C16_M02,S2_C16_M02,16
0,0,False,SC_S2_C16_M03,SensorCyclic,840,0,840,20000,0.0,L,S2_C16_M03,S2_C16_M03,16
0,0,False,SC_S2_C16_M04,SensorCyclic,1867,0,1867,20000,0.0,L,S2_C16_M04,S2_C16_M04,16
0,0,False,SC_S3_C01_M01,SensorCyclic,3935,0,3935,20000,0.0,L,S3_C01_M01,S3_C01_M01,16
0,0,False,SC_S3_C01_M02,SensorCyclic,3770,0,3770,20000,0.0,L,S3_C01_M02,S3_C01_M02,16
0,0,False,SC_S3_C01_M03,SensorCyclic,36,0,36,20000,0.0,L,S3_C01_M03,S3_C01_M03,16
0,0,False,SC_S3_C01_M04,SensorCyclic,3785,0,3785,20000,0.0,L,S3_C01_M04,S3_C01_M04,16
0,0,False,SC_S3_C02_M01,SensorCyclic,3997,0,3997,20000,0.0,L,S3_C02_M01,S3_C02_M01,16
0,0,False,SC_S3_C02_M02,SensorCyclic,2494,0,2494,20000,0.0,L,S3_C02_M02,S3_C02_M02,16
0,0,False,SC_S3_C02_M03,SensorCyclic,2086,0,2086,20000,0.0,L,S3_C02_M03,S3_C02_M03,16
0,0,False,SC_S3_C02_M04,SensorCyclic,1675,0,1675,20000,0.0,L,S3_C02_M04,S3_C02_M04,16
0,0,False,SC_S3_C03_M01,SensorCyclic,3725,0,3725,20000,0.0,L,S3_C03_M01,S3_C03_M01,16
0,0,False,SC_S3_C03_M02,SensorCyclic,208,0,208,20000,0.0,L,S3_C03_M02,S3_C03_M02,16
0,0,False,SC_S3_C03_M03,SensorCyclic,3647,0,3647,20000,0.0,L,S3_C03_M03,S3_C03_M03,16
0,0,False,SC_S3_C03_M04,SensorCyclic,3730,0,3730,20000,0.0,L,S3_C03_M04,S3_C03_M04,16
0,0,False,SC_S3_C04_M01,SensorCyclic,523,0,523,20000,0.0,L,S3_C04_M01,S3_C04_M01,16
0,0,False,SC_S3_C04_M02,SensorCyclic,781,0,781,20000,0.0,L,S3_C04_M02,S3_C04_M02,16
0,0,False,SC_S3_C04_M03,SensorCyclic,3188,0,3188,20000,0.0,L,S3_C04_M03,S3_C04_M03,16
0,0,False,SC_S3_C04_M04,SensorCyclic,1423,0,1423,20000,0.0,L,S3_C04_M04,S3_C04_M04,16
0,0,False,SC_S3_C05_M01,SensorCyclic,31,0,31,20000,0.0,L,S3_C05_M01,S3_C05_M01,16
0,0,False,SC_S3_C05_M02,SensorCyclic,3254,0,3254,20000,0.0,L,S3_C05_M02,S3_C05_M02,16
0,0,False,SC_S3_C05_M03,SensorCyclic,2021,0,2021,20000,0.0,L,S3_C05_M03,S3_C05_M03,16
0,0,False,SC_S3_C05_M04,SensorCyclic,389,0,389,20000,0.0,L,S3_C05_M04,S3_C05_M04,16
0,0,False,SC_S3_C06_M01,SensorCyclic,3426,0,3426,20000,0.0,L,S3_C06_M01,S3_C06_M01,16
0,0,False,SC_S3_C06_M02,SensorCyclic,3165,0,3165,20000,0.0,L,S3_C06_M02,S3_C06_M02,16
0,0,False,SC_S3_C06_M03,SensorCyclic,2580,0,2580,20000,0.0,L,S3_C06_M03,S3_C06_M03,16
0,0,False,SC_S3_C06_M04,SensorCyclic,2205,0,2205,20000,0.0,L,S3_C06_M04,S3_C06_M04,16
0,0,False,SC_S3_C07_M01,SensorCyclic,766,0,766,20000,0.0,L,S3_C07_M01,S3_C07_M01,16
0,0,False,SC_S3_C07_M02,SensorCyclic,1126,0,1126,20000,0.0,L,S3_C07_M02,S3_C07_M02,16
0,0,False,SC_S3_C07_M03,SensorCyclic,2476,0,2476,20000,0.0,L,S3_C07_M03,S3_C07_M03,16
0,0,False,SC_S3_C07_M04,SensorCyclic,3354,0,3354,20000,0.0,L,S3_C07_M04,S3_C07_M04,16
0,0,False,SC_S3_C08_M01,SensorCyclic,1386,0,1386,20000,0.0,L,S3_C08_M01,S3_C08_M01,16
0,0,False,SC_S3_C08_M02,SensorCyclic,463,0,463,20000,0.0,L,S3_C08_M02,S3_C08_M02,16
0,0,False,SC_S3_C08_M03,SensorCyclic,1112,0,1112,20000,0.0,L,S3_C08_M03,S3_C08_M03,16
0,0,False,SC_S3_C08_M04,SensorCyclic,3694,0,3694,20000,0.0,L,S3_C08_M04,S3_C08_M04,16
0,0,False,SC_S3_C09_M01,SensorCyclic,3987,0,3987,20000,0.0,L,S3_C09_M01,S3_C09_M01,16
0,0,False,SC_S3_C09_M02,SensorCyclic,1801,0,1801,20000,0.0,L,S3_C09_M02,S3_C09_M02,16
0,0,False,SC_S3_C09_M03,SensorCyclic,2841,0,2841,20000,0.0,L,S3_C09_M03,S3_C09_M03,16
0,0,False,SC_S3_C09_M04,SensorCyclic,217,0,217,20000,0.0,L,S3_C09_M04,S3_C09_M04,16
0,0,False,SC_S3_C10_M01,SensorCyclic,1750,0,1750,20000,0.0,L,S3_C10_M01,S3_C10_M01,16
0,0,False,SC_S3_C10_M02,SensorCyclic,2870,0,2870,20000,0.0,L,S3_C10_M02,S3_C10_M02,16
0,0,False,SC_S3_C10_M03,SensorCyclic,1959,0,1959,20000,0.0,L,S3_C10_M03,S3_C10_M03,16
0,0,False,SC_S3_C10_M04,SensorCyclic,502,0,502,20000,0.0,L,S3_C10_M04,S3_C10_M04,16
0,0,False,SC_S3_C11_M01,SensorCyclic,2440,0,2440,20000,0.0,L,S3_C11_M01,S3_C11_M01,16
0,0,False,SC_S3_C11_M02,SensorCyclic,3785,0,3785,20000,0.0,L,S3_C11_M02,S3_C11_M02,16
0,0,False,SC_S3_C11_M03,SensorCyclic,811,0,811,20000,0.0,L,S3_C11_M03,S3_C11_M03,16
0,0,False,SC_S3_C11_M04,SensorCyclic,3467,0,3467,20000,0.0,L,S3_C11_M04,S3_C11_M04,16
0,0,False,SC_S3_C12_M01,SensorCyclic,862,0,862,20000,0.0,L,S3_C12_M01,S3_C12_M01,16
0,0,False,SC_S3_C12_M02,SensorCyclic,2985,0,2985,20000,0.0,L,S3_C12_M02,S3_C12_M02,16
0,0,False,SC_S3_C12_M03,SensorCyclic,2620,0,2620,20000,0.0,L,S3_C12_M03,S3_C12_M03,16
0,0,False,SC_S3_C12_M04,SensorCyclic,1155,0,1155,20000,0.0,L,S3_C12_M04,S3_C12_M04,16
0,0,False,SC_S3_C13_M01,SensorCyclic,311,0,311,20000,0.0,L,S3_C13_M01,S3_C13_M01,16
0,0,False,SC_S3_C13_M02,SensorCyclic,1387,0,1387,20000,0.0,L,S3_C13_M02,S3_C13_M02,16
0,0,False,SC_S3_C13_M03,SensorCyclic,1938,0,1938,20000,0.0,L,S3_C13_M03,S3_C13_M03,16
0,0,False,SC_S3_C13_M04,SensorCyclic,2866,0,2866,20000,0.0,L,S3_C13_M04,S3_C13_M04,16
0,0,False,SC_S3_C14_M01,SensorCyclic,1662,0,1662,20000,0.0,L,S3_C14_M01,S3_C14_M01,16
0,0,False,SC_S3_C14_M02,SensorCyclic,3699,0,3699,20000,0.0,L,S3_C14_M02,S3_C14_M02,16
0,0,False,SC_S3_C14_M03,SensorCyclic,2270,0,2270,20000,0.0,L,S3_C14_M03,S3_C14_M03,16
0,0,False,SC_S3_C14_M04,SensorCyclic,3841,0,3841,20000,0.0,L,S3_C14_M04,S3_C14_M04,16
0,0,False,SC_S3_C15_M01,SensorCyclic,2162,0,2162,20000,0.0,L,S3_C15_M01,S3_C15_M01,16
0,0,False,SC_S3_C15_M02,SensorCyclic,1456,0,1456,20000,0.0,L,S3_C15_M02,S3_C15_M02,16
0,0,False,SC_S3_C15_M03,SensorCyclic,483,0,483,20000,0.0,L,S3_C15_M03,S3_C15_M03,16
0,0,False,SC_S3_C15_M04,SensorCyclic,316,0,316,20000,0.0,L,S3_C15_M04,S3_C15_M04,16
0,0,False,SC_S3_C16_M01,SensorCyclic,2663,0,2663,20000,0.0,L,S3_C16_M01,S3_C16_M01,16
0,0,False,SC_S3_C16_M02,SensorCyclic,675,0,675,20000,0.0,L,S3_C16_M02,S3_C16_M02,16
0,0,False,SC_S3_C16_M03,SensorCyclic,411,0,411,20000,0.0,L,S3_C16_M03,S3_C16_M03,16
0,0,False,SC_S3_C16_M04,SensorCyclic,1196,0,1196,20000,0.0,L,S3_C16_M04,S3_C16_M04,16
0,0,False,SC_S4_C01_M01,SensorCyclic,1144,0,1144,20000,0.0,L,S4_C01_M01,S4_C01_M01,16
0,0,False,SC_S4_C01_M02,SensorCyclic,2017,0,2017,20000,0.0,L,S4_C01_M02,S4_C01_M02,16
0,0,False,SC_S4_C01_M03,SensorCyclic,2704,0,2704,20000,0.0,L,S4_C01_M03,S4_C01_M03,16
0,0,False,SC_S4_C01_M04,SensorCyclic,2164,0,2164,20000,0.0,L,S4_C01_M04,S4_C01_M04,16
0,0,False,SC_S4_C02_M01,SensorCyclic,1576,0,1576,20000,0.0,L,S4_C02_M01,S4_C02_M01,16
0,0,False,SC_S4_C02_M02,SensorCyclic,2953,0,2953,20000,0.0,L,S4_C02_M02,S4_C02_M02,16
0,0,False,SC_S4_C02_M03,SensorCyclic,3415,0,3415,20000,0.0,L,S4_C02_M03,S4_C02_M03,16
0,0,False,SC_S4_C02_M04,SensorCyclic,3945,0,3945,20000,0.0,L,S4_C02_M04,S4_C02_M04,16
0,0,False,SC_S4_C03_M01,SensorCyclic,2786,0,2786,20000,0.0,L,S4_C03_M01,S4_C03_M01,16
0,0,False,SC_S4_C03_M02,SensorCyclic,1953,0,1953,20000,0.0,L,S4_C03_M02,S4_C03_M02,16
0,0,False,SC_S4_C03_M03,SensorCyclic,1747,0,1747,20000,0.0,L,S4_C03_M03,S4_C03_M03,16
0,0,False,SC_S4_C03_M04,SensorCyclic,1973,0,1973,20000,0.0,L,S4_C03_M04,S4_C03_M04,16
0,0,False,SC_S4_C04_M01,SensorCyclic,3347,0,3347,20000,0.0,L,S4_C04_M01,S4_C04_M01,16
0,0,False,SC_S4_C04_M02,SensorCyclic,91,0,91,20000,0.0,L,S4_C04_M02,S4_C04_M02,16
0,0,False,SC_S4_C04_M03,SensorCyclic,892,0,892,20000,0.0,L,S4_C04_M03,S4_C04_M03,16
0,0,False,SC_S4_C04_M04,SensorCyclic,3340,0,3340,20000,0.0,L,S4_C04_M04,S4_C04_M04,16
0,0,False,SC_S4_C05_M01,SensorCyclic,378,0,378,20000,0.0,L,S4_C05_M01,S4_C05_M01,16
0,0,False,SC_S4_C05_M02,SensorCyclic,3285,0,3285,20000,0.0,L,S4_C05_M02,S4_C05_M02,16
0,0,False,SC_S4_C05_M03,SensorCyclic,432,0,432,20000,0.0,L,S4_C05_M03,S4_C05_M03,16
0,0,False,SC_S4_C05_M04,SensorCyclic,2796,0,2796,20000,0.0,L,S4_C05_M04,S4_C05_M04,16
0,0,False,SC_S4_C06_M01,SensorCyclic,23,0,23,20000,0.0,L,S4_C06_M01,S4_C06_M01,16
0,0,False,SC_S4_C06_M02,SensorCyclic,2708,0,2708,20000,0.0,L,S4_C06_M02,S4_C06_M02,16
0,0,False,SC_S4_C06_M03,SensorCyclic,1266,0,1266,20000,0.0,L,S4_C06_M03,S4_C06_M03,16
0,0,False,SC_S4_C06_M04,SensorCyclic,2738,0,2738,20000,0.0,L,S4_C06_M04,S4_C06_M04,16
0,0,False,SC_S4_C07_M01,SensorCyclic,775,0,775,20000,0.0,L,S4_C07_M01,S4_C07_M01,16
0,0,False,SC_S4_C07_M02,SensorCyclic,253,0,253,20000,0.0,L,S4_C07_M02,S4_C07_M02,16
0,0,False,SC_S4_C07_M03,SensorCyclic,439,0,439,20000,0.0,L,S4_C07_M03,S4_C07_M03,16
0,0,False,SC_S4_C07_M04,SensorCyclic,1586,0,1586,20000,0.0,L,S4_C07_M04,S4_C07_M04,16
0,0,False,SC_S4_C08_M01,SensorCyclic,3961,0,3961,20000,0.0,L,S4_C08_M01,S4_C08_M01,16
0,0,False,SC_S4_C08_M02,SensorCyclic,3598,0,3598,20000,0.0,L,S4_C08_M02,S4_C08_M02,16
0,0,False,SC_S4_C08_M03,SensorCyclic,2155,0,2155,20000,0.0,L,S4_C08_M03,S4_C08_M03,16
0,0,False,SC_S4_C08_M04,SensorCyclic,3892,0,3892,20000,0.0,L,S4_C08_M04,S4_C08_M04,16
0,0,False,SC_S4_C09_M01,SensorCyclic,292,0,292,20000,0.0,L,S4_C09_M01,S4_C09_M01,16
0,0,False,SC_S4_C09_M02,SensorCyclic,898,0,898,20000,0.0,L,S4_C09_M02,S4_C09_M02,16
0,0,False,SC_S4_C09_M03,SensorCyclic,687,0,687,20000,0.0,L,S4_C09_M03,S4_C09_M03,16
0,0,False,SC_S4_C09_M04,SensorCyclic,3750,0,3750,20000,0.0,L,S4_C09_M04,S4_C09_M04,16
0,0,False,SC_S4_C10_M01,SensorCyclic,2255,0,2255,20000,0.0,L,S4_C10_M01,S4_C10_M01,16
0,0,False,SC_S4_C10_M02,SensorCyclic,3527,0,3527,20000,0.0,L,S4_C10_M02,S4_C10_M02,16
0,0,False,SC_S4_C10_M03,SensorCyclic,149,0,149,20000,0.0,L,S4_C10_M03,S4_C10_M03,16
0,0,False,SC_S4_C10_M04,SensorCyclic,2256,0,2256,20000,0.0,L,S4_C10_M04,S4_C10_M04,16
0,0,False,SC_S4_C11_M01,SensorCyclic,2427,0,2427,20000,0.0,L,S4_C11_M01,S4_C11_M01,16
0,0,False,SC_S4_C11_M02,SensorCyclic,3311,0,3311,20000,0.0,L,S4_C11_M02,S4_C11_M02,16
0,0,False,SC_S4_C11_M03,SensorCyclic,3387,0,3387,20000,0.0,L,S4_C11_M03,S4_C11_M03,16
0,0,False,SC_S4_C11_M04,SensorCyclic,2390,0,2390,20000,0.0,L,S4_C11_M04,S4_C11_M04,16
0,0,False,SC_S4_C12_M01,SensorCyclic,3976,0,3976,20000,0.0,L,S4_C12_M01,S4_C12_M01,16
0,0,False,SC_S4_C12_M02,SensorCyclic,546,0,546,20000,0.0,L,S4_C12_M02,S4_C12_M02,16
0,0,False,SC_S4_C12_M03,SensorCyclic,1534,0,1534,20000,0.0,L,S4_C12_M03,S4_C12_M03,16
0,0,False,SC_S4_C12_M04,SensorCyclic,1790,0,1790,20000,0.0,L,S4_C12_M04,S4_C12_M04,16
0,0,False,SC_S4_C13_M01,SensorCyclic,3565,0,3565,20000,0.0,L,S4_C13_M01,S4_C13_M01,16
0,0,False,SC_S4_C13_M02,SensorCyclic,1121,0,1121,20000,0.0,L,S4_C13_M02,S4_C13_M02,16
0,0,False,SC_S4_C13_M03,SensorCyclic,2916,0,2916,20000,0.0,L,S4_C13_M03,S4_C13_M03,16
0,0,False,SC_S4_C13_M04,SensorCyclic,1263,0,1263,20000,0.0,L,S4_C13_M04,S4_C13_M04,16
0,0,False,SC_S4_C14_M01,SensorCyclic,2677,0,2677,20000,0.0,L,S4_C14_M01,S4_C14_M01,16
0,0,False,SC_S4_C14_M02,SensorCyclic,340,0,340,20000,0.0,L,S4_C14_M02,S4_C14_M02,16
0,0,False,SC_S4_C14_M03,SensorCyclic,495,0,495,20000,0.0,L,S4_C14_M03,S4_C14_M03,16
0,0,False,SC_S4_C14_M04,SensorCyclic,425,0,425,20000,0.0,L,S4_C14_M04,S4_C14_M04,16
0,0,False,SC_S4_C15_M01,SensorCyclic,2621,0,2621,20000,0.0,L,S4_C15_M01,S4_C15_M01,16
0,0,False,SC_S4_C15_M02,SensorCyclic,1815,0,1815,20000,0.0,L,S4_C15_M02,S4_C15_M02,16
0,0,False,SC_S4_C15_M03,SensorCyclic,510,0,510,20000,0.0,L,S4_C15_M03,S4_C15_M03,16
0,0,False,SC_S4_C15_M04,SensorCyclic,2668,0,2668,20000,0.0,L,S4_C15_M04,S4_C15_M04,16
0,0,False,SC_S4_C16_M01,SensorCyclic,3241,0,3241,20000,0.0,L,S4_C16_M01,S4_C16_M01,16
0,0,False,SC_S4_C16_M02,SensorCyclic,2304,0,2304,20000,0.0,L,S4_C16_M02,S4_C16_M02,16
0,0,False,SC_S4_C16_M03,SensorCyclic,1798,0,1798,20000,0.0,L,S4_C16_M03,S4_C16_M03,16
0,0,False,SC_S4_C16_M04,SensorCyclic,2890,0,2890,20000,0.0,L,S4_C16_M04,S4_C16_M04,16
0,0,False,SF_S1_C01_M01,SensorFast,262,0,262,5000,0.0,L,S1_C01_M01,S1_C01_M01,11
0,0,False,SF_S1_C01_M02,SensorFast,525,0,525,5000,0.0,L,S1_C01_M02,S1_C01_M02,11
0,0,False,SF_S1_C01_M03,SensorFast,210,0,210,5000,0.0,L,S1_C01_M03,S1_C01_M03,11
0,0,False,SF_S1_C01_M04,SensorFast,490,0,490,5000,0.0,L,S1_C01_M04,S1_C01_M04,11
0,0,False,SF_S1_C02_M01,SensorFast,267,0,267,5000,0.0,L,S1_C02_M01,S1_C02_M01,11
0,0,False,SF_S1_C02_M02,SensorFast,286,0,286,5000,0.0,L,S1_C02_M02,S1_C02_M02,11
0,0,False,SF_S1_C02_M03,SensorFast,255,0,255,5000,0.0,L,S1_C02_M03,S1_C02_M03,11
0,0,False,SF_S1_C02_M04,SensorFast,298,0,298,5000,0.0,L,S1_C02_M04,S1_C02_M04,11
0,0,False,SF_S1_C03_M01,SensorFast,767,0,767,5000,0.0,L,S1_C03_M01,S1_C03_M01,11
0,0,False,SF_S1_C03_M02,SensorFast,468,0,468,5000,0.0,L,S1_C03_M02,S1_C03_M02,11
0,0,False,SF_S1_C03_M03,SensorFast,594,0,594,5000,0.0,L,S1_C03_M03,S1_C03_M03,11
0,0,False,SF_S1_C03_M04,SensorFast,403,0,403,5000,0.0,L,S1_C03_M04,S1_C03_M04,11
0,0,False,SF_S1_C04_M01,SensorFast,831,0,831,5000,0.0,L,S1_C04_M01,S1_C04_M01,11
0,0,False,SF_S1_C04_M02,SensorFast,22,0,22,5000,0.0,L,S1_C04_M02,S1_C04_M02,11
0,0,False,SF_S1_C04_M03,SensorFast,797,0,797,5000,0.0,L,S1_C04_M03,S1_C04_M03,11
0,0,False,SF_S1_C04_M04,SensorFast,889,0,889,5000,0.0,L,S1_C04_M04,S1_C04_M04,11
0,0,False,SF_S1_C05_M01,SensorFast,184,0,184,5000,0.0,L,S1_C05_M01,S1_C05_M01,11
0,0,False,SF_S1_C05_M02,SensorFast,202,0,202,5000,0.0,L,S1_C05_M02,S1_C05_M02,11
0,0,False,SF_S1_C05_M03,SensorFast,30,0,30,5000,0.0,L,S1_C05_M03,S1_C05_M03,11
0,0,False,SF_S1_C05_M04,SensorFast,382,0,382,5000,0.0,L,S1_C05_M04,S1_C05_M04,11
0,0,False,SF_S1_C06_M01,SensorFast,939,0,939,5000,0.0,L,S1_C06_M01,S1_C06_M01,11
0,0,False,SF_S1_C06_M02,SensorFast,915,0,915,5000,0.0,L,S1_C06_M02,S1_C06_M02,11
0,0,False,SF_S1_C06_M03,SensorFast,425,0,425,5000,0.0,L,S1_C06_M03,S1_C06_M03,11
0,0,False,SF_S1_C06_M04,SensorFast,277,0,277,5000,0.0,L,S1_C06_M04,S1_C06_M04,11
0,0,False,SF_S1_C07_M01,SensorFast,939,0,939,5000,0.0,L,S1_C07_M01,S1_C07_M01,11
0,0,False,SF_S1_C07_M02,SensorFast,823,0,823,5000,0.0,L,S1_C07_M02,S1_C07_M02,11
0,0,False,SF_S1_C07_M03,SensorFast,787,0,787,5000,0.0,L,S1_C07_M03,S1_C07_M03,11
0,0,False,SF_S1_C07_M04,SensorFast,713,0,713,5000,0.0,L,S1_C07_M04,S1_C07_M04,11
0,0,False,SF_S1_C08_M01,SensorFast,848,0,848,5000,0.0,L,S1_C08_M01,S1_C08_M01,11
0,0,False,SF_S1_C08_M02,SensorFast,914,0,914,5000,0.0,L,S1_C08_M02,S1_C08_M02,11
0,0,False,SF_S1_C08_M03,SensorFast,838,0,838,5000,0.0,L,S1_C08_M03,S1_C08_M03,11
0,0,False,SF_S1_C08_M04,SensorFast,277,0,277,5000,0.0,L,S1_C08_M04,S1_C08_M04,11
0,0,False,SF_S1_C09_M01,SensorFast,268,0,268,5000,0.0,L,S1_C09_M01,S1_C09_M01,11
0,0,False,SF_S1_C09_M02,SensorFast,414,0,414,5000,0.0,L,S1_C09_M02,S1_C09_M02,11
0,0,False,SF_S1_C09_M03,SensorFast,493,0,493,5000,0.0,L,S1_C09_M03,S1_C09_M03,11
0,0,False,SF_S1_C09_M04,SensorFast,409,0,409,5000,0.0,L,S1_C09_M04,S1_C09_M04,11
0,0,False,SF_S1_C10_M01,SensorFast,418,0,418,5000,0.0,L,S1_C10_M01,S1_C10_M01,11
0,0,False,SF_S1_C10_M02,SensorFast,738,0,738,5000,0.0,L,S1_C10_M02,S1_C10_M02,11
0,0,False,SF_S1_C10_M03,SensorFast,337,0,337,5000,0.0,L,S1_C10_M03,S1_C10_M03,11
0,0,False,SF_S1_C10_M04,SensorFast,405,0,405,5000,0.0,L,S1_C10_M04,S1_C10_M04,11
0,0,False,SF_S1_C11_M01,SensorFast,31,0,31,5000,0.0,L,S1_C11_M01,S1_C11_M01,11
0,0,False,SF_S1_C11_M02,SensorFast,169,0,169,5000,0.0,L,S1_C11_M02,S1_C11_M02,11
0,0,False,SF_S1_C11_M03,SensorFast,709,0,709,5000,0.0,L,S1_C11_M03,S1_C11_M03,11
0,0,False,SF_S1_C11_M04,SensorFast,652,0,652,5000,0.0,L,S1_C11_M04,S1_C11_M04,11
0,0,False,SF_S1_C12_M01,SensorFast,707,0,707,5000,0.0,L,S1_C12_M01,S1_C12_M01,11
0,0,False,SF_S1_C12_M02,SensorFast,129,0,129,5000,0.0,L,S1_C12_M02,S1_C12_M02,11
0,0,False,SF_S1_C12_M03,SensorFast,751,0,751,5000,0.0,L,S1_C12_M03,S1_C12_M03,11
0,0,False,SF_S1_C12_M04,SensorFast,715,0,715,5000,0.0,L,S1_C12_M04,S1_C12_M04,11
0,0,False,SF_S1_C13_M01,SensorFast,730,0,730,5000,0.0,L,S1_C13_M01,S1_C13_M01,11
0,0,False,SF_S1_C13_M02,SensorFast,806,0,806,5000,0.0,L,S1_C13_M02,S1_C13_M02,11
0,0,False,SF_S1_C13_M03,SensorFast,464,0,464,5000,0.0,L,S1_C13_M03,S1_C13_M03,11
0,0,False,SF_S1_C13_M04,SensorFast,215,0,215,5000,0.0,L,S1_C13_M04,S1_C13_M04,11
0,0,False,SF_S1_C14_M01,SensorFast,817,0,817,5000,0.0,L,S1_C14_M01,S1_C14_M01,11
0,0,False,SF_S1_C14_M02,SensorFast,160,0,160,5000,0.0,L,S1_C14_M02,S1_C14_M02,11
0,0,False,SF_S1_C14_M03,SensorFast,24,0,24,5000,0.0,L,S1_C14_M03,S1_C14_M03,11
0,0,False,SF_S1_C14_M04,SensorFast,223,0,223,5000,0.0,L,S1_C14_M04,S1_C14_M04,11
0,0,False,SF_S1_C15_M01,SensorFast,209,0,209,5000,0.0,L,S1_C15_M01,S1_C15_M01,11
0,0,False,SF_S1_C15_M02,SensorFast,993,0,993,5000,0.0,L,S1_C15_M02,S1_C15_M02,11
0,0,False,SF_S1_C15_M03,SensorFast,51,0,51,5000,0.0,L,S1_C15_M03,S1_C15_M03,11
0,0,False,SF_S1_C15_M04,SensorFast,344,0,344,5000,0.0,L,S1_C15_M04,S1_C15_M04,11
0,0,False,SF_S1_C16_M01,SensorFast,125,0,125,5000,0.0,L,S1_C16_M01,S1_C16_M01,11
0,0,False,SF_S1_C16_M02,SensorFast,151,0,151,5000,0.0,L,S1_C16_M02,S1_C16_M02,11
0,0,False,SF_S1_C16_M03,SensorFast,962,0,962,5000,0.0,L,S1_C16_M03,S1_C16_M03,11
0,0,False,SF_S1_C16_M04,SensorFast,364,0,364,5000,0.0,L,S1_C16_M04,S1_C16_M04,11
0,0,False,SF_S2_C01_M01,SensorFast,814,0,814,5000,0.0,L,S2_C01_M01,S2_C01_M01,11
0,0,False,SF_S2_C01_M02,SensorFast,338,0,338,5000,0.0,L,S2_C01_M02,S2_C01_M02,11
0,0,False,SF_S2_C01_M03,SensorFast,76,0,76,5000,0.0,L,S2_C01_M03,S2_C01_M03,11
0,0,False,SF_S2_C01_M04,SensorFast,624,0,624,5000,0.0,L,S2_C01_M04,S2_C01_M04,11
0,0,False,SF_S2_C02_M01,SensorFast,133,0,133,5000,0.0,L,S2_C02_M01,S2_C02_M01,11
0,0,False,SF_S2_C02_M02,SensorFast,684,0,684,5000,0.0,L,S2_C02_M02,S2_C02_M02,11
0,0,False,SF_S2_C02_M03,SensorFast,544,0,544,5000,0.0,L,S2_C02_M03,S2_C02_M03,11
0,0,False,SF_S2_C02_M04,SensorFast,916,0,916,5000,0.0,L,S2_C02_M04,S2_C02_M04,11
0,0,False,SF_S2_C03_M01,SensorFast,542,0,542,5000,0.0,L,S2_C03_M01,S2_C03_M01,11
0,0,False,SF_S2_C03_M02,SensorFast,260,0,260,5000,0.0,L,S2_C03_M02,S2_C03_M02,11
0,0,False,SF_S2_C03_M03,SensorFast,665,0,665,5000,0.0,L,S2_C03_M03,S2_C03_M03,11
0,0,False,SF_S2_C03_M04,SensorFast,363,0,363,5000,0.0,L,S2_C03_M04,S2_C03_M04,11
0,0,False,SF_S2_C04_M01,SensorFast,240,0,240,5000,0.0,L,S2_C04_M01,S2_C04_M01,11
0,0,False,SF_S2_C04_M02,SensorFast,146,0,146,5000,0.0,L,S2_C04_M02,S2_C04_M02,11
0,0,False,SF_S2_C04_M03,SensorFast,817,0,817,5000,0.0,L,S2_C04_M03,S2_C04_M03,11
0,0,False,SF_S2_C04_M04,SensorFast,418,0,418,5000,0.0,L,S2_C04_M04,S2_C04_M04,11
0,0,False,SF_S2_C05_M01,SensorFast,39,0,39,5000,0.0,L,S2_C05_M01,S2_C05_M01,11
0,0,False,SF_S2_C05_M02,SensorFast,711,0,711,5000,0.0,L,S2_C05_M02,S2_C05_M02,11
0,0,False,SF_S2_C05_M03,SensorFast,786,0,786,5000,0.0,L,S2_C05_M03,S2_C05_M03,11
0,0,False,SF_S2_C05_M04,SensorFast,481,0,481,5000,0.0,L,S2_C05_M04,S2_C05_M04,11
0,0,False,SF_S2_C06_M01,SensorFast,670,0,670,5000,0.0,L,S2_C06_M01,S2_C06_M01,11
0,0,False,SF_S2_C06_M02,SensorFast,2,0,2,5000,0.0,L,S2_C06_M02,S2_C06_M02,11
0,0,False,SF_S2_C06_M03,SensorFast,754,0,754,5000,0.0,L,S2_C06_M03,S2_C06_M03,11
0,0,False,SF_S2_C06_M04,SensorFast,1,0,1,5000,0.0,L,S2_C06_M04,S2_C06_M04,11
0,0,False,SF_S2_C07_M01,SensorFast,123,0,123,5000,0.0,L,S2_C07_M01,S2_C07_M01,11
0,0,False,SF_S2_C07_M02,SensorFast,21,0,21,5000,0.0,L,S2_C07_M02,S2_C07_M02,11
0,0,False,SF_S2_C07_M03,SensorFast,81,0,81,5000,0.0,L,S2_C07_M03,S2_C07_M03,11
0,0,False,SF_S2_C07_M04,SensorFast,720,0,720,5000,0.0,L,S2_C07_M04,S2_C07_M04,11
0,0,False,SF_S2_C08_M01,SensorFast,358,0,358,5000,0.0,L,S2_C08_M01,S2_C08_M01,11
0,0,False,SF_S2_C08_M02,SensorFast,496,0,496,5000,0.0,L,S2_C08_M02,S2_C08_M02,11
0,0,False,SF_S2_C08_M03,SensorFast,835,0,835,5000,0.0,L,S2_C08_M03,S2_C08_M03,11
0,0,False,SF_S2_C08_M04,SensorFast,77,0,77,5000,0.0,L,S2_C08_M04,S2_C08_M04,11
0,0,False,SF_S2_C09_M01,SensorFast,529,0,529,5000,0.0,L,S2_C09_M01,S2_C09_M01,11
0,0,False,SF_S2_C09_M02,SensorFast,993,0,993,5000,0.0,L,S2_C09_M02,S2_C09_M02,11
0,0,False,SF_S2_C09_M03,SensorFast,161,0,161,5000,0.0,L,S2_C09_M03,S2_C09_M03,11
0,0,False,SF_S2_C09_M04,SensorFast,442,0,442,5000,0.0,L,S2_C09_M04,S2_C09_M04,11
0,0,False,SF_S2_C10_M01,SensorFast,477,0,477,5000,0.0,L,S2_C10_M01,S2_C10_M01,11
0,0,False,SF_S2_C10_M02,SensorFast,726,0,726,5000,0.0,L,S2_C10_M02,S2_C10_M02,11
0,0,False,SF_S2_C10_M03,SensorFast,940,0,940,5000,0.0,L,S2_C10_M03,S2_C10_M03,11
0,0,False,SF_S2_C10_M04,SensorFast,200,0,200,5000,0.0,L,S2_C10_M04,S2_C10_M04,11
0,0,False,SF_S2_C11_M01,SensorFast,108,0,108,5000,0.0,L,S2_C11_M01,S2_C11_M01,11
0,0,False,SF_S2_C11_M02,SensorFast,39,0,39,5000,0.0,L,S2_C11_M02,S2_C11_M02,11
0,0,False,SF_S2_C11_M03,SensorFast,548,0,548,5000,0.0,L,S2_C11_M03,S2_C11_M03,11
0,0,False,SF_S2_C11_M04,SensorFast,913,0,913,5000,0.0,L,S2_C11_M04,S2_C11_M04,11
0,0,False,SF_S2_C12_M01,SensorFast,202,0,202,5000,0.0,L,S2_C12_M01,S2_C12_M01,11
0,0,False,SF_S2_C12_M02,SensorFast,517,0,517,5000,0.0,L,S2_C12_M02,S2_C12_M02,11
0,0,False,SF_S2_C12_M03,SensorFast,979,0,979,5000,0.0,L,S2_C12_M03,S2_C12_M03,11
0,0,False,SF_S2_C12_M04,SensorFast,256,0,256,5000,0.0,L,S2_C12_M04,S2_C12_M04,11
0,0,False,SF_S2_C13_M01,SensorFast,581,0,581,5000,0.0,L,S2_C13_M01,S2_C13_M01,11
0,0,False,SF_S2_C13_M02,SensorFast,83,0,83,5000,0.0,L,S2_C13_M02,S2_C13_M02,11
0,0,False,SF_S2_C13_M03,SensorFast,907,0,907,5000,0.0,L,S2_C13_M03,S2_C13_M03,11
0,0,False,SF_S2_C13_M04,SensorFast,461,0,461,5000,0.0,L,S2_C13_M04,S2_C13_M04,11
0,0,False,SF_S2_C14_M01,SensorFast,340,0,340,5000,0.0,L,S2_C14_M01,S2_C14_M01,11
0,0,False,SF_S2_C14_M02,SensorFast,326,0,326,5000,0.0,L,S2_C14_M02,S2_C14_M02,11
0,0,False,SF_S2_C14_M03,SensorFast,518,0,518,5000,0.0,L,S2_C14_M03,S2_C14_M03,11
0,0,False,SF_S2_C14_M04,SensorFast,18,0,18,5000,0.0,L,S2_C14_M04,S2_C14_M04,11
0,0,False,SF_S2_C15_M01,SensorFast,959,0,959,5000,0.0,L,S2_C15_M01,S2_C15_M01,11
0,0,False,SF_S2_C15_M02,SensorFast,8,0,8,5000,0.0,L,S2_C15_M02,S2_C15_M02,11
0,0,False,SF_S2_C15_M03,SensorFast,366,0,366,5000,0.0,L,S2_C15_M03,S2_C15_M03,11
0,0,False,SF_S2_C15_M04,SensorFast,780,0,780,5000,0.0,L,S2_C15_M04,S2_C15_M04,11
0,0,False,SF_S2_C16_M01,SensorFast,525,0,525,5000,0.0,L,S2_C16_M01,S2_C16_M01,11
0,0,False,SF_S2_C16_M02,SensorFast,768,0,768,5000,0.0,L,S2_C16_M02,S2_C16_M02,11
0,0,False,SF_S2_C16_M03,SensorFast,87,0,87,5000,0.0,L,S2_C16_M03,S2_C16_M03,11
0,0,False,SF_S2_C16_M04,SensorFast,731,0,731,5000,0.0,L,S2_C16_M04,S2_C16_M04,11
0,0,False,SF_S3_C01_M01,SensorFast,646,0,646,5000,0.0,L,S3_C01_M01,S3_C01_M01,11
0,0,False,SF_S3_C01_M02,SensorFast,378,0,378,5000,0.0,L,S3_C01_M02,S3_C01_M02,11
0,0,False,SF_S3_C01_M03,SensorFast,809,0,809,5000,0.0,L,S3_C01_M03,S3_C01_M03,11
0,0,False,SF_S3_C01_M04,SensorFast,553,0,553,5000,0.0,L,S3_C01_M04,S3_C01_M04,11
0,0,False,SF_S3_C02_M01,SensorFast,748,0,748,5000,0.0,L,S3_C02_M01,S3_C02_M01,11
0,0,False,SF_S3_C02_M02,SensorFast,523,0,523,5000,0.0,L,S3_C02_M02,S3_C02_M02,11
0,0,False,SF_S3_C02_M03,SensorFast,139,0,139,5000,0.0,L,S3_C02_M03,S3_C02_M03,11
0,0,False,SF_S3_C02_M04,SensorFast,118,0,118,5000,0.0,L,S3_C02_M04,S3_C02_M04,11
0,0,False,SF_S3_C03_M01,SensorFast,184,0,184,5000,0.0,L,S3_C03_M01,S3_C03_M01,11
0,0,False,SF_S3_C03_M02,SensorFast,986,0,986,5000,0.0,L,S3_C03_M02,S3_C03_M02,11
0,0,False,SF_S3_C03_M03,SensorFast,840,0,840,5000,0.0,L,S3_C03_M03,S3_C03_M03,11
0,0,False,SF_S3_C03_M04,SensorFast,730,0,730,5000,0.0,L,S3_C03_M04,S3_C03_M04,11
0,0,False,SF_S3_C04_M01,SensorFast,706,0,706,5000,0.0,L,S3_C04_M01,S3_C04_M01,11
0,0,False,SF_S3_C04_M02,SensorFast,172,0,172,5000,0.0,L,S3_C04_M02,S3_C04_M02,11
0,0,False,SF_S3_C04_M03,SensorFast,166,0,166,5000,0.0,L,S3_C04_M03,S3_C04_M03,11
0,0,False,SF_S3_C04_M04,SensorFast,389,0,389,5000,0.0,L,S3_C04_M04,S3_C04_M04,11
0,0,False,SF_S3_C05_M01,SensorFast,853,0,853,5000,0.0,L,S3_C05_M01,S3_C05_M01,11
0,0,False,SF_S3_C05_M02,SensorFast,159,0,159,5000,0.0,L,S3_C05_M02,S3_C05_M02,11
0,0,False,SF_S3_C05_M03,SensorFast,683,0,683,5000,0.0,L,S3_C05_M03,S3_C05_M03,11
0,0,False,SF_S3_C05_M04,SensorFast,641,0,641,5000,0.0,L,S3_C05_M04,S3_C05_M04,11
0,0,False,SF_S3_C06_M01,SensorFast,774,0,774,5000,0.0,L,S3_C06_M01,S3_C06_M01,11
0,0,False,SF_S3_C06_M02,SensorFast,922,0,922,5000,0.0,L,S3_C06_M02,S3_C06_M02,11
0,0,False,SF_S3_C06_M03,SensorFast,965,0,965,5000,0.0,L,S3_C06_M03,S3_C06_M03,11
0,0,False,SF_S3_C06_M04,SensorFast,106,0,106,5000,0.0,L,S3_C06_M04,S3_C06_M04,11
0,0,False,SF_S3_C07_M01,SensorFast,204,0,204,5000,0.0,L,S3_C07_M01,S3_C07_M01,11
0,0,False,SF_S3_C07_M02,SensorFast,737,0,737,5000,0.0,L,S3_C07_M02,S3_C07_M02,11
0,0,False,SF_S3_C07_M03,SensorFast,557,0,557,5000,0.0,L,S3_C07_M03,S3_C07_M03,11
0,0,False,SF_S3_C07_M04,SensorFast,562,0,562,5000,0.0,L,S3_C07_M04,S3_C07_M04,11
0,0,False,SF_S3_C08_M01,SensorFast,777,0,777,5000,0.0,L,S3_C08_M01,S3_C08_M01,11
0,0,False,SF_S3_C08_M02,SensorFast,207,0,207,5000,0.0,L,S3_C08_M02,S3_C08_M02,11
0,0,False,SF_S3_C08_M03,SensorFast,3,0,3,5000,0.0,L,S3_C08_M03,S3_C08_M03,11
0,0,False,SF_S3_C08_M04,SensorFast,0,0,0,5000,0.0,L,S3_C08_M04,S3_C08_M04,11
0,0,False,SF_S3_C09_M01,SensorFast,805,0,805,5000,0.0,L,S3_C09_M01,S3_C09_M01,11
0,0,False,SF_S3_C09_M02,SensorFast,418,0,418,5000,0.0,L,S3_C09_M02,S3_C09_M02,11
0,0,False,SF_S3_C09_M03,SensorFast,110,0,110,5000,0.0,L,S3_C09_M03,S3_C09_M03,11
0,0,False,SF_S3_C09_M04,SensorFast,897,0,897,5000,0.0,L,S3_C09_M04,S3_C09_M04,11
0,0,False,SF_S3_C10_M01,SensorFast,60,0,60,5000,0.0,L,S3_C10_M01,S3_C10_M01,11
0,0,False,SF_S3_C10_M02,SensorFast,969,0,969,5000,0.0,L,S3_C10_M02,S3_C10_M02,11
0,0,False,SF_S3_C10_M03,SensorFast,221,0,221,5000,0.0,L,S3_C10_M03,S3_C10_M03,11
0,0,False,SF_S3_C10_M04,SensorFast,109,0,109,5000,0.0,L,S3_C10_M04,S3_C10_M04,11
0,0,False,SF_S3_C11_M01,SensorFast,662,0,662,5000,0.0,L,S3_C11_M01,S3_C11_M01,11
0,0,False,SF_S3_C11_M02,SensorFast,780,0,780,5000,0.0,L,S3_C11_M02,S3_C11_M02,11
0,0,False,SF_S3_C11_M03,SensorFast,725,0,725,5000,0.0,L,S3_C11_M03,S3_C11_M03,11
0,0,False,SF_S3_C11_M04,SensorFast,759,0,759,5000,0.0,L,S3_C11_M04,S3_C11_M04,11
0,0,False,SF_S3_C12_M01,SensorFast,936,0,936,5000,0.0,L,S3_C12_M01,S3_C12_M01,11
0,0,False,SF_S3_C12_M02,SensorFast,962,0,962,5000,0.0,L,S3_C12_M02,S3_C12_M02,11
0,0,False,SF_S3_C12_M03,SensorFast,677,0,677,5000,0.0,L,S3_C12_M03,S3_C12_M03,11
0,0,False,SF_S3_C12_M04,SensorFast,168,0,168,5000,0.0,L,S3_C12_M04,S3_C12_M04,11
0,0,False,SF_S3_C13_M01,SensorFast,394,0,394,5000,0.0,L,S3_C13_M01,S3_C13_M01,11
0,0,False,SF_S3_C13_M02,SensorFast,964,0,964,5000,0.0,L,S3_C13_M02,S3_C13_M02,11
0,0,False,SF_S3_C13_M03,SensorFast,452,0,452,5000,0.0,L,S3_C13_M03,S3_C13_M03,11
0,0,False,SF_S3_C13_M04,SensorFast,922,0,922,5000,0.0,L,S3_C13_M04,S3_C13_M04,11
0,0,False,SF_S3_C14_M01,SensorFast,546,0,546,5000,0.0,L,S3_C14_M01,S3_C14_M01,11
0,0,False,SF_S3_C14_M02,SensorFast,798,0,798,5000,0.0,L,S3_C14_M02,S3_C14_M02,11
0,0,False,SF_S3_C14_M03,SensorFast,911,0,911,5000,0.0,L,S3_C14_M03,S3_C14_M03,11
0,0,False,SF_S3_C14_M04,SensorFast,696,0,696,5000,0.0,L,S3_C14_M04,S3_C14_M04,11
0,0,False,SF_S3_C15_M01,SensorFast,745,0,745,5000,0.0,L,S3_C15_M01,S3_C15_M01,11
0,0,False,SF_S3_C15_M02,SensorFast,971,0,971,5000,0.0,L,S3_C15_M02,S3_C15_M02,11
0,0,False,SF_S3_C15_M03,SensorFast,888,0,888,5000,0.0,L,S3_C15_M03,S3_C15_M03,11
0,0,False,SF_S3_C15_M04,SensorFast,641,0,641,5000,0.0,L,S3_C15_M04,S3_C15_M04,11
0,0,False,SF_S3_C16_M01,SensorFast,683,0,683,5000,0.0,L,S3_C16_M01,S3_C16_M01,11
0,0,False,SF_S3_C16_M02,SensorFast,482,0,482,5000,0.0,L,S3_C16_M02,S3_C16_M02,11
0,0,False,SF_S3_C16_M03,SensorFast,554,0,554,5000,0.0,L,S3_C16_M03,S3_C16_M03,11
0,0,False,SF_S3_C16_M04,SensorFast,626,0,626,5000,0.0,L,S3_C16_M04,S3_C16_M04,11
0,0,False,SF_S4_C01_M01,SensorFast,547,0,547,5000,0.0,L,S4_C01_M01,S4_C01_M01,11
0,0,False,SF_S4_C01_M02,SensorFast,951,0,951,5000,0.0,L,S4_C01_M02,S4_C01_M02,11
0,0,False,SF_S4_C01_M03,SensorFast,23,0,23,5000,0.0,L,S4_C01_M03,S4_C01_M03,11
0,0,False,SF_S4_C01_M04,SensorFast,441,0,441,5000,0.0,L,S4_C01_M04,S4_C01_M04,11
0,0,False,SF_S4_C02_M01,SensorFast,403,0,403,5000,0.0,L,S4_C02_M01,S4_C02_M01,11
0,0,False,SF_S4_C02_M02,SensorFast,439,0,439,5000,0.0,L,S4_C02_M02,S4_C02_M02,11
0,0,False,SF_S4_C02_M03,SensorFast,494,0,494,5000,0.0,L,S4_C02_M03,S4_C02_M03,11
0,0,False,SF_S4_C02_M04,SensorFast,189,0,189,5000,0.0,L,S4_C02_M04,S4_C02_M04,11
0,0,False,SF_S4_C03_M01,SensorFast,87,0,87,5000,0.0,L,S4_C03_M01,S4_C03_M01,11
0,0,False,SF_S4_C03_M02,SensorFast,296,0,296,5000,0.0,L,S4_C03_M02,S4_C03_M02,11
0,0,False,SF_S4_C03_M03,SensorFast,97,0,97,5000,0.0,L,S4_C03_M03,S4_C03_M03,11
0,0,False,SF_S4_C03_M04,SensorFast,370,0,370,5000,0.0,L,S4_C03_M04,S4_C03_M04,11
0,0,False,SF_S4_C04_M01,SensorFast,402,0,402,5000,0.0,L,S4_C04_M01,S4_C04_M01,11
0,0,False,SF_S4_C04_M02,SensorFast,954,0,954,5000,0.0,L,S4_C04_M02,S4_C04_M02,11
0,0,False,SF_S4_C04_M03,SensorFast,450,0,450,5000,0.0,L,S4_C04_M03,S4_C04_M03,11
0,0,False,SF_S4_C04_M04,SensorFast,439,0,439,5000,0.0,L,S4_C04_M04,S4_C04_M04,11
0,0,False,SF_S4_C05_M01,SensorFast,707,0,707,5000,0.0,L,S4_C05_M01,S4_C05_M01,11
0,0,False,SF_S4_C05_M02,SensorFast,638,0,638,5000,0.0,L,S4_C05_M02,S4_C05_M02,11
0,0,False,SF_S4_C05_M03,SensorFast,146,0,146,5000,0.0,L,S4_C05_M03,S4_C05_M03,11
0,0,False,SF_S4_C05_M04,SensorFast,657,0,657,5000,0.0,L,S4_C05_M04,S4_C05_M04,11
0,0,False,SF_S4_C06_M01,SensorFast,411,0,411,5000,0.0,L,S4_C06_M01,S4_C06_M01,11
0,0,False,SF_S4_C06_M02,SensorFast,532,0,532,5000,0.0,L,S4_C06_M02,S4_C06_M02,11
0,0,False,SF_S4_C06_M03,SensorFast,778,0,778,5000,0.0,L,S4_C06_M03,S4_C06_M03,11
0,0,False,SF_S4_C06_M04,SensorFast,105,0,105,5000,0.0,L,S4_C06_M04,S4_C06_M04,11
0,0,False,SF_S4_C07_M01,SensorFast,872,0,872,5000,0.0,L,S4_C07_M01,S4_C07_M01,11
0,0,False,SF_S4_C07_M02,SensorFast,834,0,834,5000,0.0,L,S4_C07_M02,S4_C07_M02,11
0,0,False,SF_S4_C07_M03,SensorFast,522,0,522,5000,0.0,L,S4_C07_M03,S4_C07_M03,11
0,0,False,SF_S4_C07_M04,SensorFast,307,0,307,5000,0.0,L,S4_C07_M04,S4_C07_M04,11
0,0,False,SF_S4_C08_M01,SensorFast,193,0,193,5000,0.0,L,S4_C08_M01,S4_C08_M01,11
0,0,False,SF_S4_C08_M02,SensorFast,361,0,361,5000,0.0,L,S4_C08_M02,S4_C08_M02,11
0,0,False,SF_S4_C08_M03,SensorFast,93,0,93,5000,0.0,L,S4_C08_M03,S4_C08_M03,11
0,0,False,SF_S4_C08_M04,SensorFast,532,0,532,5000,0.0,L,S4_C08_M04,S4_C08_M04,11
0,0,False,SF_S4_C09_M01,SensorFast,229,0,229,5000,0.0,L,S4_C09_M01,S4_C09_M01,11
0,0,False,SF_S4_C09_M02,SensorFast,643,0,643,5000,0.0,L,S4_C09_M02,S4_C09_M02,11
0,0,False,SF_S4_C09_M03,SensorFast,7,0,7,5000,0.0,L,S4_C09_M03,S4_C09_M03,11
0,0,False,SF_S4_C09_M04,SensorFast,961,0,961,5000,0.0,L,S4_C09_M04,S4_C09_M04,11
0,0,False,SF_S4_C10_M01,SensorFast,556,0,556,5000,0.0,L,S4_C10_M01,S4_C10_M01,11
0,0,False,SF_S4_C10_M02,SensorFast,723,0,723,5000,0.0,L,S4_C10_M02,S4_C10_M02,11
0,0,False,SF_S4_C10_M03,SensorFast,998,0,998,5000,0.0,L,S4_C10_M03,S4_C10_M03,11
0,0,False,SF_S4_C10_M04,SensorFast,860,0,860,5000,0.0,L,S4_C10_M04,S4_C10_M04,11
0,0,False,SF_S4_C11_M01,SensorFast,895,0,895,5000,0.0,L,S4_C11_M01,S4_C11_M01,11
0,0,False,SF_S4_C11_M02,SensorFast,545,0,545,5000,0.0,L,S4_C11_M02,S4_C11_M02,11
0,0,False,SF_S4_C11_M03,SensorFast,765,0,765,5000,0.0,L,S4_C11_M03,S4_C11_M03,11
0,0,False,SF_S4_C11_M04,SensorFast,458,0,458,5000,0.0,L,S4_C11_M04,S4_C11_M04,11
0,0,False,SF_S4_C12_M01,SensorFast,218,0,218,5000,0.0,L,S4_C12_M01,S4_C12_M01,11
0,0,False,SF_S4_C12_M02,SensorFast,185,0,185,5000,0.0,L,S4_C12_M02,S4_C12_M02,11
0,0,False,SF_S4_C12_M03,SensorFast,550,0,550,5000,0.0,L,S4_C12_M03,S4_C12_M03,11
0,0,False,SF_S4_C12_M04,SensorFast,503,0,503,5000,0.0,L,S4_C12_M04,S4_C12_M04,11
0,0,False,SF_S4_C13_M01,SensorFast,483,0,483,5000,0.0,L,S4_C13_M01,S4_C13_M01,11
0,0,False,SF_S4_C13_M02,SensorFast,43,0,43,5000,0.0,L,S4_C13_M02,S4_C13_M02,11
0,0,False,SF_S4_C13_M03,SensorFast,247,0,247,5000,0.0,L,S4_C13_M03,S4_C13_M03,11
0,0,False,SF_S4_C13_M04,SensorFast,878,0,878,5000,0.0,L,S4_C13_M04,S4_C13_M04,11
0,0,False,SF_S4_C14_M01,SensorFast,164,0,164,5000,0.0,L,S4_C14_M01,S4_C14_M01,11
0,0,False,SF_S4_C14_M02,SensorFast,123,0,123,5000,0.0,L,S4_C14_M02,S4_C14_M02,11
0,0,False,SF_S4_C14_M03,SensorFast,907,0,907,5000,0.0,L,S4_C14_M03,S4_C14_M03,11
0,0,False,SF_S4_C14_M04,SensorFast,443,0,443,5000,0.0,L,S4_C14_M04,S4_C14_M04,11
0,0,False,SF_S4_C15_M01,SensorFast,647,0,647,5000,0.0,L,S4_C15_M01,S4_C15_M01,11
0,0,False,SF_S4_C15_M02,SensorFast,622,0,622,5000,0.0,L,S4_C15_M02,S4_C15_M02,11
0,0,False,SF_S4_C15_M03,SensorFast,418,0,418,5000,0.0,L,S4_C15_M03,S4_C15_M03,11
0,0,False,SF_S4_C15_M04,SensorFast,536,0,536,5000,0.0,L,S4_C15_M04,S4_C15_M04,11
0,0,False,SF_S4_C16_M01,SensorFast,451,0,451,5000,0.0,L,S4_C16_M01,S4_C16_M01,11
0,0,False,SF_S4_C16_M02,SensorFast,320,0,320,5000,0.0,L,S4_C16_M02,S4_C16_M02,11
0,0,False,SF_S4_C16_M03,SensorFast,880,0,880,5000,0.0,L,S4_C16_M03,S4_C16_M03,11
0,0,False,SF_S4_C16_M04,SensorFast,742,0,742,5000,0.0,L,S4_C16_M04,S4_C16_M04,11
0,0,False,STAT_PLC_C01_M01,MachineStatus,1490,0,1490,20000,0.0,L,PLC_C01_M01,PLC_C01_M01,26
0,0,False,STAT_PLC_C01_M02,MachineStatus,2518,0,2518,20000,0.0,L,PLC_C01_M02,PLC_C01_M02,26
0,0,False,STAT_PLC_C01_M03,MachineStatus,2095,0,2095,20000,0.0,L,PLC_C01_M03,PLC_C01_M03,26
0,0,False,STAT_PLC_C01_M04,MachineStatus,3999,0,3999,20000,0.0,L,PLC_C01_M04,PLC_C01_M04,26
0,0,False,STAT_PLC_C02_M01,MachineStatus,1950,0,1950,20000,0.0,L,PLC_C02_M01,PLC_C02_M01,26
0,0,False,STAT_PLC_C02_M02,MachineStatus,2334,0,2334,20000,0.0,L,PLC_C02_M02,PLC_C02_M02,26
0,0,False,STAT_PLC_C02_M03,MachineStatus,2152,0,2152,20000,0.0,L,PLC_C02_M03,PLC_C02_M03,26
0,0,False,STAT_PLC_C02_M04,MachineStatus,1794,0,1794,20000,0.0,L,PLC_C02_M04,PLC_C02_M04,26
0,0,False,STAT_PLC_C03_M01,MachineStatus,443,0,443,20000,0.0,L,PLC_C03_M01,PLC_C03_M01,26
0,0,False,STAT_PLC_C03_M02,MachineStatus,887,0,887,20000,0.0,L,PLC_C03_M02,PLC_C03_M02,26
0,0,False,STAT_PLC_C03_M03,MachineStatus,317,0,317,20000,0.0,L,PLC_C03_M03,PLC_C03_M03,26
0,0,False,STAT_PLC_C03_M04,MachineStatus,2998,0,2998,20000,0.0,L,PLC_C03_M04,PLC_C03_M04,26
0,0,False,STAT_PLC_C04_M01,MachineStatus,1207,0,1207,20000,0.0,L,PLC_C04_M01,PLC_C04_M01,26
0,0,False,STAT_PLC_C04_M02,MachineStatus,1100,0,1100,20000,0.0,L,PLC_C04_M02,PLC_C04_M02,26
0,0,False,STAT_PLC_C04_M03,MachineStatus,2082,0,2082,20000,0.0,L,PLC_C04_M03,PLC_C04_M03,26
0,0,False,STAT_PLC_C04_M04,MachineStatus,3401,0,3401,20000,0.0,L,PLC_C04_M04,PLC_C04_M04,26
0,0,False,STAT_PLC_C05_M01,MachineStatus,3351,0,3351,20000,0.0,L,PLC_C05_M01,PLC_C05_M01,26
0,0,False,STAT_PLC_C05_M02,MachineStatus,2700,0,2700,20000,0.0,L,PLC_C05_M02,PLC_C05_M02,26
0,0,False,STAT_PLC_C05_M03,MachineStatus,2049,0,2049,20000,0.0,L,PLC_C05_M03,PLC_C05_M03,26
0,0,False,STAT_PLC_C05_M04,MachineStatus,54,1,54,20000,0.0,L,PLC_C05_M04,PLC_C05_M04,26
0,0,False,STAT_PLC_C06_M01,MachineStatus,769,0,769,20000,0.0,L,PLC_C06_M01,PLC_C06_M01,26
0,0,False,STAT_PLC_C06_M02,MachineStatus,3335,0,3335,20000,0.0,L,PLC_C06_M02,PLC_C06_M02,26
0,0,False,STAT_PLC_C06_M03,MachineStatus,3381,0,3381,20000,0.0,L,PLC_C06_M03,PLC_C06_M03,26
0,0,False,STAT_PLC_C06_M04,MachineStatus,1885,0,1885,20000,0.0,L,PLC_C06_M04,PLC_C06_M04,26
0,0,False,STAT_PLC_C07_M01,MachineStatus,2320,0,2320,20000,0.0,L,PLC_C07_M01,PLC_C07_M01,26
0,0,False,STAT_PLC_C07_M02,MachineStatus,3269,0,3269,20000,0.0,L,PLC_C07_M02,PLC_C07_M02,26
0,0,False,STAT_PLC_C07_M03,MachineStatus,3874,0,3874,20000,0.0,L,PLC_C07_M03,PLC_C07_M03,26
0,0,False,STAT_PLC_C07_M04,MachineStatus,412,0,412,20000,0.0,L,PLC_C07_M04,PLC_C07_M04,26
0,0,False,STAT_PLC_C08_M01,MachineStatus,3516,0,3516,20000,0.0,L,PLC_C08_M01,PLC_C08_M01,26
0,0,False,STAT_PLC_C08_M02,MachineStatus,70,0,70,20000,0.0,L,PLC_C08_M02,PLC_C08_M02,26
0,0,False,STAT_PLC_C08_M03,MachineStatus,2994,0,2994,20000,0.0,L,PLC_C08_M03,PLC_C08_M03,26
0,0,False,STAT_PLC_C08_M04,MachineStatus,1815,0,1815,20000,0.0,L,PLC_C08_M04,PLC_C08_M04,26
0,0,False,STAT_PLC_C09_M01,MachineStatus,3027,0,3027,20000,0.0,L,PLC_C09_M01,PLC_C09_M01,26
0,0,False,STAT_PLC_C09_M02,MachineStatus,1459,0,1459,20000,0.0,L,PLC_C09_M02,PLC_C09_M02,26
0,0,False,STAT_PLC_C09_M03,MachineStatus,849,0,849,20000,0.0,L,PLC_C09_M03,PLC_C09_M03,26
0,0,False,STAT_PLC_C09_M04,MachineStatus,1706,0,1706,20000,0.0,L,PLC_C09_M04,PLC_C09_M04,26
0,0,False,STAT_PLC_C10_M01,MachineStatus,1288,0,1288,20000,0.0,L,PLC_C10_M01,PLC_C10_M01,26
0,0,False,STAT_PLC_C10_M02,MachineStatus,3754,0,3754,20000,0.0,L,PLC_C10_M02,PLC_C10_M02,26
0,0,False,STAT_PLC_C10_M03,MachineStatus,703,0,703,20000,0.0,L,PLC_C10_M03,PLC_C10_M03,26
0,0,False,STAT_PLC_C10_M04,MachineStatus,472,0,472,20000,0.0,L,PLC_C10_M04,PLC_C10_M04,26
0,0,False,STAT_PLC_C11_M01,MachineStatus,3915,0,3915,20000,0.0,L,PLC_C11_M01,PLC_C11_M01,26
0,0,False,STAT_PLC_C11_M02,MachineStatus,1133,0,1133,20000,0.0,L,PLC_C11_M02,PLC_C11_M02,26
0,0,False,STAT_PLC_C11_M03,MachineStatus,3910,0,3910,20000,0.0,L,PLC_C11_M03,PLC_C11_M03,26
0,0,False,STAT_PLC_C11_M04,MachineStatus,2578,0,2578,20000,0.0,L,PLC_C11_M04,PLC_C11_M04,26
0,0,False,STAT_PLC_C12_M01,MachineStatus,3746,0,3746,20000,0.0,L,PLC_C12_M01,PLC_C12_M01,26
0,0,False,STAT_PLC_C12_M02,MachineStatus,1602,0,1602,20000,0.0,L,PLC_C12_M02,PLC_C12_M02,26
0,0,False,STAT_PLC_C12_M03,MachineStatus,423,0,423,20000,0.0,L,PLC_C12_M03,PLC_C12_M03,26
0,0,False,STAT_PLC_C12_M04,MachineStatus,3289,0,3289,20000,0.0,L,PLC_C12_M04,PLC_C12_M04,26
0,0,False,STAT_PLC_C13_M01,MachineStatus,1251,0,1251,20000,0.0,L,PLC_C13_M01,PLC_C13_M01,26
0,0,False,STAT_PLC_C13_M02,MachineStatus,887,0,887,20000,0.0,L,PLC_C13_M02,PLC_C13_M02,26
0,0,False,STAT_PLC_C13_M03,MachineStatus,3954,0,3954,20000,0.0,L,PLC_C13_M03,PLC_C13_M03,26
0,0,False,STAT_PLC_C13_M04,MachineStatus,167,0,167,20000,0.0,L,PLC_C13_M04,PLC_C13_M04,26
0,0,False,STAT_PLC_C14_M01,MachineStatus,1688,0,1688,20000,0.0,L,PLC_C14_M01,PLC_C14_M01,26
0,0,False,STAT_PLC_C14_M02,MachineStatus,3358,0,3358,20000,0.0,L,PLC_C14_M02,PLC_C14_M02,26
0,0,False,STAT_PLC_C14_M03,MachineStatus,1189,0,1189,20000,0.0,L,PLC_C14_M03,PLC_C14_M03,26
0,0,False,STAT_PLC_C14_M04,MachineStatus,3229,0,3229,20000,0.0,L,PLC_C14_M04,PLC_C14_M04,26
0,0,False,STAT_PLC_C15_M01,MachineStatus,1238,0,1238,20000,0.0,L,PLC_C15_M01,PLC_C15_M01,26
0,0,False,STAT_PLC_C15_M02,MachineStatus,2993,0,2993,20000,0.0,L,PLC_C15_M02,PLC_C15_M02,26
0,0,False,STAT_PLC_C15_M03,MachineStatus,3429,0,3429,20000,0.0,L,PLC_C15_M03,PLC_C15_M03,26
0,0,False,STAT_PLC_C15_M04,MachineStatus,3969,0,3969,20000,0.0,L,PLC_C15_M04,PLC_C15_M04,26
0,0,False,STAT_PLC_C16_M01,MachineStatus,3350,0,3350,20000,0.0,L,PLC_C16_M01,PLC_C16_M01,26
0,0,False,STAT_PLC_C16_M02,MachineStatus,3683,0,3683,20000,0.0,L,PLC_C16_M02,PLC_C16_M02,26
0,0,False,STAT_PLC_C16_M03,MachineStatus,3831,0,3831,20000,0.0,L,PLC_C16_M03,PLC_C16_M03,26
0,0,False,STAT_PLC_C16_M04,MachineStatus,1800,0,1800,20000,0.0,L,PLC_C16_M04,PLC_C16_M04,26
0,0,False,CMD_PLC_C01_M01_A1_C01_M01,ControlCommand,659,0,659,5000,0.0,M,PLC_C01_M01,PLC_C01_M01,11
0,0,False,CMD_PLC_C01_M01_A2_C01_M01,ControlCommand,514,0,514,5000,0.0,M,PLC_C01_M01,PLC_C01_M01,11
0,0,False,CMD_PLC_C01_M01_A3_C01_M01,ControlCommand,181,0,181,5000,0.0,M,PLC_C01_M01,PLC_C01_M01,11
0,0,False,CMD_PLC_C01_M01_A4_C01_M01,ControlCommand,945,0,945,5000,0.0,M,PLC_C01_M01,PLC_C01_M01,11
0,0,False,CMD_PLC_C01_M02_A1_C01_M02,ControlCommand,968,0,968,5000,0.0,M,PLC_C01_M02,PLC_C01_M02,11
0,0,False,CMD_PLC_C01_M02_A2_C01_M02,ControlCommand,59,0,59,5000,0.0,M,PLC_C01_M02,PLC_C01_M02,11
0,0,False,CMD_PLC_C01_M02_A3_C01_M02,ControlCommand,738,0,738,5000,0.0,M,PLC_C01_M02,PLC_C01_M02,11
0,0,False,CMD_PLC_C01_M02_A4_C01_M02,ControlCommand,540,0,540,5000,0.0,M,PLC_C01_M02,PLC_C01_M02,11
0,0,False,CMD_PLC_C01_M03_A1_C01_M03,ControlCommand,166,0,166,5000,0.0,M,PLC_C01_M03,PLC_C01_M03,11
0,0,False,CMD_PLC_C01_M03_A2_C01_M03,ControlCommand,49,0,49,5000,0.0,M,PLC_C01_M03,PLC_C01_M03,11
0,0,False,CMD_PLC_C01_M03_A3_C01_M03,ControlCommand,834,0,834,5000,0.0,M,PLC_C01_M03,PLC_C01_M03,11
0,0,False,CMD_PLC_C01_M03_A4_C01_M03,ControlCommand,245,0,245,5000,0.0,M,PLC_C01_M03,PLC_C01_M03,11
0,0,False,CMD_PLC_C02_M01_A1_C02_M01,ControlCommand,157,0,157,5000,0.0,M,PLC_C02_M01,PLC_C02_M01,11
0,0,False,CMD_PLC_C02_M01_A2_C02_M01,ControlCommand,933,0,933,5000,0.0,M,PLC_C02_M01,PLC_C02_M01,11
0,0,False,CMD_PLC_C02_M01_A3_C02_M01,ControlCommand,494,0,494,5000,0.0,M,PLC_C02_M01,PLC_C02_M01,11
0,0,False,CMD_PLC_C02_M01_A4_C02_M01,ControlCommand,223,0,223,5000,0.0,M,PLC_C02_M01,PLC_C02_M01,11
0,0,False,CMD_PLC_C02_M02_A1_C02_M02,ControlCommand,979,0,979,5000,0.0,M,PLC_C02_M02,PLC_C02_M02,11
0,0,False,CMD_PLC_C02_M02_A2_C02_M02,ControlCommand,838,0,838,5000,0.0,M,PLC_C02_M02,PLC_C02_M02,11
0,0,False,CMD_PLC_C02_M02_A3_C02_M02,ControlCommand,949,0,949,5000,0.0,M,PLC_C02_M02,PLC_C02_M02,11
0,0,False,CMD_PLC_C02_M02_A4_C02_M02,ControlCommand,566,0,566,5000,0.0,M,PLC_C02_M02,PLC_C02_M02,11
0,0,False,CMD_PLC_C02_M03_A1_C02_M03,ControlCommand,133,0,133,5000,0.0,M,PLC_C02_M03,PLC_C02_M03,11
0,0,False,CMD_PLC_C02_M03_A2_C02_M03,ControlCommand,985,0,985,5000,0.0,M,PLC_C02_M03,PLC_C02_M03,11
0,0,False,CMD_PLC_C02_M03_A3_C02_M03,ControlCommand,857,0,857,5000,0.0,M,PLC_C02_M03,PLC_C02_M03,11
0,0,False,CMD_PLC_C02_M03_A4_C02_M03,ControlCommand,528,0,528,5000,0.0,M,PLC_C02_M03,PLC_C02_M03,11
0,0,False,CMD_PLC_C03_M01_A1_C03_M01,ControlCommand,606,0,606,5000,0.0,M,PLC_C03_M01,PLC_C03_M01,11
0,0,False,CMD_PLC_C03_M01_A2_C03_M01,ControlCommand,189,0,189,5000,0.0,M,PLC_C03_M01,PLC_C03_M01,11
0,0,False,CMD_PLC_C03_M01_A3_C03_M01,ControlCommand,137,0,137,5000,0.0,M,PLC_C03_M01,PLC_C03_M01,11
0,0,False,CMD_PLC_C03_M01_A4_C03_M01,ControlCommand,547,0,547,5000,0.0,M,PLC_C03_M01,PLC_C03_M01,11
0,0,False,CMD_PLC_C03_M02_A1_C03_M02,ControlCommand,756,0,756,5000,0.0,M,PLC_C03_M02,PLC_C03_M02,11
0,0,False,CMD_PLC_C03_M02_A2_C03_M02,ControlCommand,542,0,542,5000,0.0,M,PLC_C03_M02,PLC_C03_M02,11
0,0,False,CMD_PLC_C03_M02_A3_C03_M02,ControlCommand,181,0,181,5000,0.0,M,PLC_C03_M02,PLC_C03_M02,11
0,0,False,CMD_PLC_C03_M02_A4_C03_M02,ControlCommand,113,0,113,5000,0.0,M,PLC_C03_M02,PLC_C03_M02,11
0,0,False,CMD_PLC_C03_M03_A1_C03_M03,ControlCommand,879,0,879,5000,0.0,M,PLC_C03_M03,PLC_C03_M03,11
0,0,False,CMD_PLC_C03_M03_A2_C03_M03,ControlCommand,453,0,453,5000,0.0,M,PLC_C03_M03,PLC_C03_M03,11
0,0,False,CMD_PLC_C03_M03_A3_C03_M03,ControlCommand,39,0,39,5000,0.0,M,PLC_C03_M03,PLC_C03_M03,11
0,0,False,CMD_PLC_C03_M03_A4_C03_M03,ControlCommand,838,0,838,5000,0.0,M,PLC_C03_M03,PLC_C03_M03,11
0,0,False,CMD_PLC_C04_M01_A1_C04_M01,ControlCommand,34,0,34,5000,0.0,M,PLC_C04_M01,PLC_C04_M01,11
0,0,False,CMD_PLC_C04_M01_A2_C04_M01,ControlCommand,276,0,276,5000,0.0,M,PLC_C04_M01,PLC_C04_M01,11
0,0,False,CMD_PLC_C04_M01_A3_C04_M01,ControlCommand,755,0,755,5000,0.0,M,PLC_C04_M01,PLC_C04_M01,11
0,0,False,CMD_PLC_C04_M01_A4_C04_M01,ControlCommand,447,0,447,5000,0.0,M,PLC_C04_M01,PLC_C04_M01,11
0,0,False,CMD_PLC_C04_M02_A1_C04_M02,ControlCommand,324,0,324,5000,0.0,M,PLC_C04_M02,PLC_C04_M02,11
0,0,False,CMD_PLC_C04_M02_A2_C04_M02,ControlCommand,843,0,843,5000,0.0,M,PLC_C04_M02,PLC_C04_M02,11
0,0,False,CMD_PLC_C04_M02_A3_C04_M02,ControlCommand,142,0,142,5000,0.0,M,PLC_C04_M02,PLC_C04_M02,11
0,0,False,CMD_PLC_C04_M02_A4_C04_M02,ControlCommand,743,0,743,5000,0.0,M,PLC_C04_M02,PLC_C04_M02,11
0,0,False,CMD_PLC_C04_M03_A1_C04_M03,ControlCommand,960,0,960,5000,0.0,M,PLC_C04_M03,PLC_C04_M03,11
0,0,False,CMD_PLC_C04_M03_A2_C04_M03,ControlCommand,130,0,130,5000,0.0,M,PLC_C04_M03,PLC_C04_M03,11
0,0,False,CMD_PLC_C04_M03_A3_C04_M03,ControlCommand,99,0,99,5000,0.0,M,PLC_C04_M03,PLC_C04_M03,11
0,0,False,CMD_PLC_C04_M03_A4_C04_M03,ControlCommand,723,0,723,5000,0.0,M,PLC_C04_M03,PLC_C04_M03,11
0,0,False,CMD_PLC_C05_M01_A1_C05_M01,ControlCommand,679,0,679,5000,0.0,M,PLC_C05_M01,PLC_C05_M01,11
0,0,False,CMD_PLC_C05_M01_A2_C05_M01,ControlCommand,813,0,813,5000,0.0,M,PLC_C05_M01,PLC_C05_M01,11
0,0,False,CMD_PLC_C05_M01_A3_C05_M01,ControlCommand,317,0,317,5000,0.0,M,PLC_C05_M01,PLC_C05_M01,11
0,0,False,CMD_PLC_C05_M01_A4_C05_M01,ControlCommand,876,0,876,5000,0.0,M,PLC_C05_M01,PLC_C05_M01,11
0,0,False,CMD_PLC_C05_M02_A1_C05_M02,ControlCommand,154,0,154,5000,0.0,M,PLC_C05_M02,PLC_C05_M02,11
0,0,False,CMD_PLC_C05_M02_A2_C05_M02,ControlCommand,738,0,738,5000,0.0,M,PLC_C05_M02,PLC_C05_M02,11
0,0,False,CMD_PLC_C05_M02_A3_C05_M02,ControlCommand,886,0,886,5000,0.0,M,PLC_C05_M02,PLC_C05_M02,11
0,0,False,CMD_PLC_C05_M02_A4_C05_M02,ControlCommand,434,0,434,5000,0.0,M,PLC_C05_M02,PLC_C05_M02,11
0,0,False,CMD_PLC_C05_M03_A1_C05_M03,ControlCommand,318,0,318,5000,0.0,M,PLC_C05_M03,PLC_C05_M03,11
0,0,False,CMD_PLC_C05_M03_A2_C05_M03,ControlCommand,961,0,961,5000,0.0,M,PLC_C05_M03,PLC_C05_M03,11
0,0,False,CMD_PLC_C05_M03_A3_C05_M03,ControlCommand,677,0,677,5000,0.0,M,PLC_C05_M03,PLC_C05_M03,11
0,0,False,CMD_PLC_C05_M03_A4_C05_M03,ControlCommand,653,0,653,5000,0.0,M,PLC_C05_M03,PLC_C05_M03,11
0,0,False,CMD_PLC_C06_M01_A1_C06_M01,ControlCommand,11,0,11,5000,0.0,M,PLC_C06_M01,PLC_C06_M01,11
0,0,False,CMD_PLC_C06_M01_A2_C06_M01,ControlCommand,185,0,185,5000,0.0,M,PLC_C06_M01,PLC_C06_M01,11
0,0,False,CMD_PLC_C06_M01_A3_C06_M01,ControlCommand,994,0,994,5000,0.0,M,PLC_C06_M01,PLC_C06_M01,11
0,0,False,CMD_PLC_C06_M01_A4_C06_M01,ControlCommand,489,0,489,5000,0.0,M,PLC_C06_M01,PLC_C06_M01,11
1000,10,True,CMD_PLC_C06_M02_A1_C06_M02,ControlCommand,584,1,594,5000,0.002,M,PLC_C06_M02,PLC_C06_M02,11
0,0,False,CMD_PLC_C06_M02_A2_C06_M02,ControlCommand,595,1,595,5000,0.0,M,PLC_C06_M02,PLC_C06_M02,11
0,0,False,CMD_PLC_C06_M02_A3_C06_M02,ControlCommand,985,1,985,5000,0.0,M,PLC_C06_M02,PLC_C06_M02,11
500,5,True,CMD_PLC_C06_M02_A4_C06_M02,ControlCommand,974,1,979,5000,0.001,M,PLC_C06_M02,PLC_C06_M02,11
0,0,False,CMD_PLC_C06_M03_A1_C06_M03,ControlCommand,85,0,85,5000,0.0,M,PLC_C06_M03,PLC_C06_M03,11
0,0,False,CMD_PLC_C06_M03_A2_C06_M03,ControlCommand,386,0,386,5000,0.0,M,PLC_C06_M03,PLC_C06_M03,11
0,0,False,CMD_PLC_C06_M03_A3_C06_M03,ControlCommand,964,0,964,5000,0.0,M,PLC_C06_M03,PLC_C06_M03,11
0,0,False,CMD_PLC_C06_M03_A4_C06_M03,ControlCommand,825,0,825,5000,0.0,M,PLC_C06_M03,PLC_C06_M03,11
0,0,False,CMD_PLC_C07_M01_A1_C07_M01,ControlCommand,687,0,687,5000,0.0,M,PLC_C07_M01,PLC_C07_M01,11
0,0,False,CMD_PLC_C07_M01_A2_C07_M01,ControlCommand,975,0,975,5000,0.0,M,PLC_C07_M01,PLC_C07_M01,11
0,0,False,CMD_PLC_C07_M01_A3_C07_M01,ControlCommand,843,0,843,5000,0.0,M,PLC_C07_M01,PLC_C07_M01,11
0,0,False,CMD_PLC_C07_M01_A4_C07_M01,ControlCommand,295,0,295,5000,0.0,M,PLC_C07_M01,PLC_C07_M01,11
0,0,False,CMD_PLC_C07_M02_A1_C07_M02,ControlCommand,175,0,175,5000,0.0,M,PLC_C07_M02,PLC_C07_M02,11
0,0,False,CMD_PLC_C07_M02_A2_C07_M02,ControlCommand,982,0,982,5000,0.0,M,PLC_C07_M02,PLC_C07_M02,11
0,0,False,CMD_PLC_C07_M02_A3_C07_M02,ControlCommand,309,0,309,5000,0.0,M,PLC_C07_M02,PLC_C07_M02,11
0,0,False,CMD_PLC_C07_M02_A4_C07_M02,ControlCommand,399,0,399,5000,0.0,M,PLC_C07_M02,PLC_C07_M02,11
0,0,False,CMD_PLC_C07_M03_A1_C07_M03,ControlCommand,761,0,761,5000,0.0,M,PLC_C07_M03,PLC_C07_M03,11
0,0,False,CMD_PLC_C07_M03_A2_C07_M03,ControlCommand,581,0,581,5000,0.0,M,PLC_C07_M03,PLC_C07_M03,11
0,0,False,CMD_PLC_C07_M03_A3_C07_M03,ControlCommand,1,0,1,5000,0.0,M,PLC_C07_M03,PLC_C07_M03,11
0,0,False,CMD_PLC_C07_M03_A4_C07_M03,ControlCommand,402,0,402,5000,0.0,M,PLC_C07_M03,PLC_C07_M03,11
0,0,False,CMD_PLC_C08_M01_A1_C08_M01,ControlCommand,579,0,579,5000,0.0,M,PLC_C08_M01,PLC_C08_M01,11
0,0,False,CMD_PLC_C08_M01_A2_C08_M01,ControlCommand,248,0,248,5000,0.0,M,PLC_C08_M01,PLC_C08_M01,11
0,0,False,CMD_PLC_C08_M01_A3_C08_M01,ControlCommand,922,0,922,5000,0.0,M,PLC_C08_M01,PLC_C08_M01,11
0,0,False,CMD_PLC_C08_M01_A4_C08_M01,ControlCommand,372,0,372,5000,0.0,M,PLC_C08_M01,PLC_C08_M01,11
0,0,False,CMD_PLC_C08_M02_A1_C08_M02,ControlCommand,911,0,911,5000,0.0,M,PLC_C08_M02,PLC_C08_M02,11
0,0,False,CMD_PLC_C08_M02_A2_C08_M02,ControlCommand,153,0,153,5000,0.0,M,PLC_C08_M02,PLC_C08_M02,11
0,0,False,CMD_PLC_C08_M02_A3_C08_M02,ControlCommand,704,0,704,5000,0.0,M,PLC_C08_M02,PLC_C08_M02,11
0,0,False,CMD_PLC_C08_M02_A4_C08_M02,ControlCommand,535,0,535,5000,0.0,M,PLC_C08_M02,PLC_C08_M02,11
0,0,False,CMD_PLC_C08_M03_A1_C08_M03,ControlCommand,300,0,300,5000,0.0,M,PLC_C08_M03,PLC_C08_M03,11
0,0,False,CMD_PLC_C08_M03_A2_C08_M03,ControlCommand,30,0,30,5000,0.0,M,PLC_C08_M03,PLC_C08_M03,11
0,0,False,CMD_PLC_C08_M03_A3_C08_M03,ControlCommand,330,0,330,5000,0.0,M,PLC_C08_M03,PLC_C08_M03,11
0,0,False,CMD_PLC_C08_M03_A4_C08_M03,ControlCommand,847,0,847,5000,0.0,M,PLC_C08_M03,PLC_C08_M03,11
0,0,False,COORD_CC_C01_PLC_C01_M01,MachineCoordination,908,0,908,40000,0.0,M,CC_C01,CC_C01,26
0,0,False,COORD_CC_C01_PLC_C01_M02,MachineCoordination,427,0,427,40000,0.0,M,CC_C01,CC_C01,26
0,0,False,COORD_CC_C01_PLC_C01_M03,MachineCoordination,2569,0,2569,40000,0.0,M,CC_C01,CC_C01,26
0,0,False,COORD_CC_C02_PLC_C02_M01,MachineCoordination,3177,0,3177,40000,0.0,M,CC_C02,CC_C02,26
0,0,False,COORD_CC_C02_PLC_C02_M02,MachineCoordination,3126,0,3126,40000,0.0,M,CC_C02,CC_C02,26
0,0,False,COORD_CC_C02_PLC_C02_M03,MachineCoordination,4531,0,4531,40000,0.0,M,CC_C02,CC_C02,26
0,0,False,COORD_CC_C03_PLC_C03_M01,MachineCoordination,6518,1,6518,40000,0.0,M,CC_C03,CC_C03,26
0,0,False,COORD_CC_C03_PLC_C03_M02,MachineCoordination,2158,0,2158,40000,0.0,M,CC_C03,CC_C03,26
0,0,False,COORD_CC_C03_PLC_C03_M03,MachineCoordination,6652,0,6652,40000,0.0,M,CC_C03,CC_C03,26
0,0,False,COORD_CC_C04_PLC_C04_M01,MachineCoordination,945,0,945,40000,0.0,M,CC_C04,CC_C04,26
0,0,False,COORD_CC_C04_PLC_C04_M02,MachineCoordination,2224,0,2224,40000,0.0,M,CC_C04,CC_C04,26
0,0,False,COORD_CC_C04_PLC_C04_M03,MachineCoordination,1397,0,1397,40000,0.0,M,CC_C04,CC_C04,26
2100,21,True,COORD_CC_C05_PLC_C05_M01,MachineCoordination,7582,1,7603,40000,0.000525,M,CC_C05,CC_C05,26
0,0,False,COORD_CC_C05_PLC_C05_M02,MachineCoordination,7608,1,7608,40000,0.0,M,CC_C05,CC_C05,26
0,0,False,COORD_CC_C05_PLC_C05_M03,MachineCoordination,4229,0,4229,40000,0.0,M,CC_C05,CC_C05,26
0,0,False,COORD_CC_C06_PLC_C06_M01,MachineCoordination,7838,0,7838,40000,0.0,M,CC_C06,CC_C06,26
0,0,False,COORD_CC_C06_PLC_C06_M02,MachineCoordination,1006,0,1006,40000,0.0,M,CC_C06,CC_C06,26
0,0,False,COORD_CC_C06_PLC_C06_M03,MachineCoordination,7395,0,7395,40000,0.0,M,CC_C06,CC_C06,26
0,0,False,COORD_CC_C07_PLC_C07_M01,MachineCoordination,455,0,455,40000,0.0,M,CC_C07,CC_C07,26
0,0,False,COORD_CC_C07_PLC_C07_M02,MachineCoordination,2480,0,2480,40000,0.0,M,CC_C07,CC_C07,26
0,0,False,COORD_CC_C07_PLC_C07_M03,MachineCoordination,3959,0,3959,40000,0.0,M,CC_C07,CC_C07,26
0,0,False,COORD_CC_C08_PLC_C08_M01,MachineCoordination,2522,0,2522,40000,0.0,M,CC_C08,CC_C08,26
0,0,False,COORD_CC_C08_PLC_C08_M02,MachineCoordination,5725,0,5725,40000,0.0,M,CC_C08,CC_C08,26
0,0,False,COORD_CC_C08_PLC_C08_M03,MachineCoordination,865,0,865,40000,0.0,M,CC_C08,CC_C08,26
0,0,False,IC_NEXT_CC_C01,InterCellNext,4715,0,4715,80000,0.0,M,CC_C01,CC_C01,47
0,0,False,IC_NEXT_CC_C02,InterCellNext,3301,0,3301,80000,0.0,M,CC_C02,CC_C02,47
0,0,False,IC_NEXT_CC_C03,InterCellNext,10625,0,10625,80000,0.0,M,CC_C03,CC_C03,47
0,0,False,IC_NEXT_CC_C04,InterCellNext,13065,0,13065,80000,0.0,M,CC_C04,CC_C04,47
0,0,False,IC_NEXT_CC_C05,InterCellNext,3536,0,3536,80000,0.0,M,CC_C05,CC_C05,47
0,0,False,IC_NEXT_CC_C06,InterCellNext,1273,0,1273,80000,0.0,M,CC_C06,CC_C06,47
0,0,False,IC_NEXT_CC_C07,InterCellNext,10830,0,10830,80000,0.0,M,CC_C07,CC_C07,47
0,0,False,IC_NEXT_CC_C08,InterCellNext,14990,0,14990,80000,0.0,M,CC_C08,CC_C08,47
0,0,False,IC_PREV_CC_C01,InterCellPrevious,11857,0,11857,80000,0.0,M,CC_C01,CC_C01,47
0,0,False,IC_PREV_CC_C02,InterCellPrevious,15844,0,15844,80000,0.0,M,CC_C02,CC_C02,47
1200,12,True,IC_PREV_CC_C03,InterCellPrevious,6471,1,6483,80000,0.00015,M,CC_C03,CC_C03,47
0,0,False,IC_PREV_CC_C04,InterCellPrevious,2343,0,2343,80000,0.0,M,CC_C04,CC_C04,47
0,0,False,IC_PREV_CC_C05,InterCellPrevious,9175,0,9175,80000,0.0,M,CC_C05,CC_C05,47
0,0,False,IC_PREV_CC_C06,InterCellPrevious,3162,0,3162,80000,0.0,M,CC_C06,CC_C06,47
0,0,False,IC_PREV_CC_C07,InterCellPrevious,2273,0,2273,80000,0.0,M,CC_C07,CC_C07,47
0,0,False,IC_PREV_CC_C08,InterCellPrevious,207,0,207,80000,0.0,M,CC_C08,CC_C08,47
0,0,False,SC_S1_C01_M01,SensorCyclic,406,0,406,20000,0.0,M,S1_C01_M01,S1_C01_M01,16
0,0,False,SC_S1_C01_M02,SensorCyclic,2255,0,2255,20000,0.0,M,S1_C01_M02,S1_C01_M02,16
0,0,False,SC_S1_C01_M03,SensorCyclic,292,0,292,20000,0.0,M,S1_C01_M03,S1_C01_M03,16
0,0,False,SC_S1_C02_M01,SensorCyclic,3267,0,3267,20000,0.0,M,S1_C02_M01,S1_C02_M01,16
0,0,False,SC_S1_C02_M02,SensorCyclic,3973,0,3973,20000,0.0,M,S1_C02_M02,S1_C02_M02,16
0,0,False,SC_S1_C02_M03,SensorCyclic,3451,0,3451,20000,0.0,M,S1_C02_M03,S1_C02_M03,16
0,0,False,SC_S1_C03_M01,SensorCyclic,3473,0,3473,20000,0.0,M,S1_C03_M01,S1_C03_M01,16
0,0,False,SC_S1_C03_M02,SensorCyclic,905,0,905,20000,0.0,M,S1_C03_M02,S1_C03_M02,16
0,0,False,SC_S1_C03_M03,SensorCyclic,1861,0,1861,20000,0.0,M,S1_C03_M03,S1_C03_M03,16
0,0,False,SC_S1_C04_M01,SensorCyclic,2959,0,2959,20000,0.0,M,S1_C04_M01,S1_C04_M01,16
0,0,False,SC_S1_C04_M02,SensorCyclic,573,0,573,20000,0.0,M,S1_C04_M02,S1_C04_M02,16
0,0,False,SC_S1_C04_M03,SensorCyclic,1465,0,1465,20000,0.0,M,S1_C04_M03,S1_C04_M03,16
0,0,False,SC_S1_C05_M01,SensorCyclic,951,0,951,20000,0.0,M,S1_C05_M01,S1_C05_M01,16
0,0,False,SC_S1_C05_M02,SensorCyclic,1997,0,1997,20000,0.0,M,S1_C05_M02,S1_C05_M02,16
0,0,False,SC_S1_C05_M03,SensorCyclic,3142,0,3142,20000,0.0,M,S1_C05_M03,S1_C05_M03,16
0,0,False,SC_S1_C06_M01,SensorCyclic,1909,0,1909,20000,0.0,M,S1_C06_M01,S1_C06_M01,16
0,0,False,SC_S1_C06_M02,SensorCyclic,2117,0,2117,20000,0.0,M,S1_C06_M02,S1_C06_M02,16
0,0,False,SC_S1_C06_M03,SensorCyclic,1851,0,1851,20000,0.0,M,S1_C06_M03,S1_C06_M03,16
0,0,False,SC_S1_C07_M01,SensorCyclic,3878,0,3878,20000,0.0,M,S1_C07_M01,S1_C07_M01,16
0,0,False,SC_S1_C07_M02,SensorCyclic,3304,0,3304,20000,0.0,M,S1_C07_M02,S1_C07_M02,16
0,0,False,SC_S1_C07_M03,SensorCyclic,1569,0,1569,20000,0.0,M,S1_C07_M03,S1_C07_M03,16
0,0,False,SC_S1_C08_M01,SensorCyclic,1715,0,1715,20000,0.0,M,S1_C08_M01,S1_C08_M01,16
0,0,False,SC_S1_C08_M02,SensorCyclic,3562,0,3562,20000,0.0,M,S1_C08_M02,S1_C08_M02,16
0,0,False,SC_S1_C08_M03,SensorCyclic,2172,0,2172,20000,0.0,M,S1_C08_M03,S1_C08_M03,16
0,0,False,SC_S2_C01_M01,SensorCyclic,1411,0,1411,20000,0.0,M,S2_C01_M01,S2_C01_M01,16
0,0,False,SC_S2_C01_M02,SensorCyclic,2223,0,2223,20000,0.0,M,S2_C01_M02,S2_C01_M02,16
0,0,False,SC_S2_C01_M03,SensorCyclic,1113,0,1113,20000,0.0,M,S2_C01_M03,S2_C01_M03,16
0,0,False,SC_S2_C02_M01,SensorCyclic,348,0,348,20000,0.0,M,S2_C02_M01,S2_C02_M01,16
0,0,False,SC_S2_C02_M02,SensorCyclic,2860,0,2860,20000,0.0,M,S2_C02_M02,S2_C02_M02,16
0,0,False,SC_S2_C02_M03,SensorCyclic,3974,0,3974,20000,0.0,M,S2_C02_M03,S2_C02_M03,16
0,0,False,SC_S2_C03_M01,SensorCyclic,2325,0,2325,20000,0.0,M,S2_C03_M01,S2_C03_M01,16
0,0,False,SC_S2_C03_M02,SensorCyclic,3217,0,3217,20000,0.0,M,S2_C03_M02,S2_C03_M02,16
0,0,False,SC_S2_C03_M03,SensorCyclic,307,0,307,20000,0.0,M,S2_C03_M03,S2_C03_M03,16
0,0,False,SC_S2_C04_M01,SensorCyclic,1430,0,1430,20000,0.0,M,S2_C04_M01,S2_C04_M01,16
0,0,False,SC_S2_C04_M02,SensorCyclic,614,0,614,20000,0.0,M,S2_C04_M02,S2_C04_M02,16
0,0,False,SC_S2_C04_M03,SensorCyclic,1282,0,1282,20000,0.0,M,S2_C04_M03,S2_C04_M03,16
0,0,False,SC_S2_C05_M01,SensorCyclic,2500,0,2500,20000,0.0,M,S2_C05_M01,S2_C05_M01,16
0,0,False,SC_S2_C05_M02,SensorCyclic,3298,0,3298,20000,0.0,M,S2_C05_M02,S2_C05_M02,16
0,0,False,SC_S2_C05_M03,SensorCyclic,3998,0,3998,20000,0.0,M,S2_C05_M03,S2_C05_M03,16
0,0,False,SC_S2_C06_M01,SensorCyclic,2609,0,2609,20000,0.0,M,S2_C06_M01,S2_C06_M01,16
0,0,False,SC_S2_C06_M02,SensorCyclic,864,0,864,20000,0.0,M,S2_C06_M02,S2_C06_M02,16
0,0,False,SC_S2_C06_M03,SensorCyclic,2682,0,2682,20000,0.0,M,S2_C06_M03,S2_C06_M03,16
0,0,False,SC_S2_C07_M01,SensorCyclic,1705,0,1705,20000,0.0,M,S2_C07_M01,S2_C07_M01,16
0,0,False,SC_S2_C07_M02,SensorCyclic,146,0,146,20000,0.0,M,S2_C07_M02,S2_C07_M02,16
0,0,False,SC_S2_C07_M03,SensorCyclic,1346,0,1346,20000,0.0,M,S2_C07_M03,S2_C07_M03,16
0,0,False,SC_S2_C08_M01,SensorCyclic,1391,0,1391,20000,0.0,M,S2_C08_M01,S2_C08_M01,16
0,0,False,SC_S2_C08_M02,SensorCyclic,3026,0,3026,20000,0.0,M,S2_C08_M02,S2_C08_M02,16
0,0,False,SC_S2_C08_M03,SensorCyclic,2955,0,2955,20000,0.0,M,S2_C08_M03,S2_C08_M03,16
0,0,False,SC_S3_C01_M01,SensorCyclic,3935,0,3935,20000,0.0,M,S3_C01_M01,S3_C01_M01,16
0,0,False,SC_S3_C01_M02,SensorCyclic,3770,0,3770,20000,0.0,M,S3_C01_M02,S3_C01_M02,16
0,0,False,SC_S3_C01_M03,SensorCyclic,36,0,36,20000,0.0,M,S3_C01_M03,S3_C01_M03,16
0,0,False,SC_S3_C02_M01,SensorCyclic,3997,0,3997,20000,0.0,M,S3_C02_M01,S3_C02_M01,16
0,0,False,SC_S3_C02_M02,SensorCyclic,2494,0,2494,20000,0.0,M,S3_C02_M02,S3_C02_M02,16
0,0,False,SC_S3_C02_M03,SensorCyclic,2086,0,2086,20000,0.0,M,S3_C02_M03,S3_C02_M03,16
0,0,False,SC_S3_C03_M01,SensorCyclic,3725,0,3725,20000,0.0,M,S3_C03_M01,S3_C03_M01,16
0,0,False,SC_S3_C03_M02,SensorCyclic,208,0,208,20000,0.0,M,S3_C03_M02,S3_C03_M02,16
0,0,False,SC_S3_C03_M03,SensorCyclic,3647,0,3647,20000,0.0,M,S3_C03_M03,S3_C03_M03,16
0,0,False,SC_S3_C04_M01,SensorCyclic,523,0,523,20000,0.0,M,S3_C04_M01,S3_C04_M01,16
0,0,False,SC_S3_C04_M02,SensorCyclic,781,0,781,20000,0.0,M,S3_C04_M02,S3_C04_M02,16
0,0,False,SC_S3_C04_M03,SensorCyclic,3188,0,3188,20000,0.0,M,S3_C04_M03,S3_C04_M03,16
0,0,False,SC_S3_C05_M01,SensorCyclic,31,0,31,20000,0.0,M,S3_C05_M01,S3_C05_M01,16
0,0,False,SC_S3_C05_M02,SensorCyclic,3254,0,3254,20000,0.0,M,S3_C05_M02,S3_C05_M02,16
0,0,False,SC_S3_C05_M03,SensorCyclic,2021,0,2021,20000,0.0,M,S3_C05_M03,S3_C05_M03,16
0,0,False,SC_S3_C06_M01,SensorCyclic,3426,0,3426,20000,0.0,M,S3_C06_M01,S3_C06_M01,16
0,0,False,SC_S3_C06_M02,SensorCyclic,3165,0,3165,20000,0.0,M,S3_C06_M02,S3_C06_M02,16
0,0,False,SC_S3_C06_M03,SensorCyclic,2580,0,2580,20000,0.0,M,S3_C06_M03,S3_C06_M03,16
0,0,False,SC_S3_C07_M01,SensorCyclic,766,0,766,20000,0.0,M,S3_C07_M01,S3_C07_M01,16
0,0,False,SC_S3_C07_M02,SensorCyclic,1126,0,1126,20000,0.0,M,S3_C07_M02,S3_C07_M02,16
0,0,False,SC_S3_C07_M03,SensorCyclic,2476,0,2476,20000,0.0,M,S3_C07_M03,S3_C07_M03,16
0,0,False,SC_S3_C08_M01,SensorCyclic,1386,0,1386,20000,0.0,M,S3_C08_M01,S3_C08_M01,16
0,0,False,SC_S3_C08_M02,SensorCyclic,463,0,463,20000,0.0,M,S3_C08_M02,S3_C08_M02,16
0,0,False,SC_S3_C08_M03,SensorCyclic,1112,0,1112,20000,0.0,M,S3_C08_M03,S3_C08_M03,16
0,0,False,SC_S4_C01_M01,SensorCyclic,1144,0,1144,20000,0.0,M,S4_C01_M01,S4_C01_M01,16
0,0,False,SC_S4_C01_M02,SensorCyclic,2017,0,2017,20000,0.0,M,S4_C01_M02,S4_C01_M02,16
0,0,False,SC_S4_C01_M03,SensorCyclic,2704,0,2704,20000,0.0,M,S4_C01_M03,S4_C01_M03,16
0,0,False,SC_S4_C02_M01,SensorCyclic,1576,0,1576,20000,0.0,M,S4_C02_M01,S4_C02_M01,16
0,0,False,SC_S4_C02_M02,SensorCyclic,2953,0,2953,20000,0.0,M,S4_C02_M02,S4_C02_M02,16
0,0,False,SC_S4_C02_M03,SensorCyclic,3415,0,3415,20000,0.0,M,S4_C02_M03,S4_C02_M03,16
0,0,False,SC_S4_C03_M01,SensorCyclic,2786,0,2786,20000,0.0,M,S4_C03_M01,S4_C03_M01,16
0,0,False,SC_S4_C03_M02,SensorCyclic,1953,0,1953,20000,0.0,M,S4_C03_M02,S4_C03_M02,16
0,0,False,SC_S4_C03_M03,SensorCyclic,1747,0,1747,20000,0.0,M,S4_C03_M03,S4_C03_M03,16
0,0,False,SC_S4_C04_M01,SensorCyclic,3347,0,3347,20000,0.0,M,S4_C04_M01,S4_C04_M01,16
0,0,False,SC_S4_C04_M02,SensorCyclic,91,0,91,20000,0.0,M,S4_C04_M02,S4_C04_M02,16
0,0,False,SC_S4_C04_M03,SensorCyclic,892,0,892,20000,0.0,M,S4_C04_M03,S4_C04_M03,16
0,0,False,SC_S4_C05_M01,SensorCyclic,378,0,378,20000,0.0,M,S4_C05_M01,S4_C05_M01,16
0,0,False,SC_S4_C05_M02,SensorCyclic,3285,0,3285,20000,0.0,M,S4_C05_M02,S4_C05_M02,16
0,0,False,SC_S4_C05_M03,SensorCyclic,432,0,432,20000,0.0,M,S4_C05_M03,S4_C05_M03,16
0,0,False,SC_S4_C06_M01,SensorCyclic,23,0,23,20000,0.0,M,S4_C06_M01,S4_C06_M01,16
0,0,False,SC_S4_C06_M02,SensorCyclic,2708,0,2708,20000,0.0,M,S4_C06_M02,S4_C06_M02,16
0,0,False,SC_S4_C06_M03,SensorCyclic,1266,0,1266,20000,0.0,M,S4_C06_M03,S4_C06_M03,16
0,0,False,SC_S4_C07_M01,SensorCyclic,775,0,775,20000,0.0,M,S4_C07_M01,S4_C07_M01,16
0,0,False,SC_S4_C07_M02,SensorCyclic,253,0,253,20000,0.0,M,S4_C07_M02,S4_C07_M02,16
0,0,False,SC_S4_C07_M03,SensorCyclic,439,0,439,20000,0.0,M,S4_C07_M03,S4_C07_M03,16
0,0,False,SC_S4_C08_M01,SensorCyclic,3961,0,3961,20000,0.0,M,S4_C08_M01,S4_C08_M01,16
0,0,False,SC_S4_C08_M02,SensorCyclic,3598,0,3598,20000,0.0,M,S4_C08_M02,S4_C08_M02,16
0,0,False,SC_S4_C08_M03,SensorCyclic,2155,0,2155,20000,0.0,M,S4_C08_M03,S4_C08_M03,16
0,0,False,SF_S1_C01_M01,SensorFast,262,0,262,5000,0.0,M,S1_C01_M01,S1_C01_M01,11
0,0,False,SF_S1_C01_M02,SensorFast,525,0,525,5000,0.0,M,S1_C01_M02,S1_C01_M02,11
0,0,False,SF_S1_C01_M03,SensorFast,210,0,210,5000,0.0,M,S1_C01_M03,S1_C01_M03,11
0,0,False,SF_S1_C02_M01,SensorFast,267,0,267,5000,0.0,M,S1_C02_M01,S1_C02_M01,11
0,0,False,SF_S1_C02_M02,SensorFast,286,0,286,5000,0.0,M,S1_C02_M02,S1_C02_M02,11
0,0,False,SF_S1_C02_M03,SensorFast,255,0,255,5000,0.0,M,S1_C02_M03,S1_C02_M03,11
0,0,False,SF_S1_C03_M01,SensorFast,767,0,767,5000,0.0,M,S1_C03_M01,S1_C03_M01,11
0,0,False,SF_S1_C03_M02,SensorFast,468,0,468,5000,0.0,M,S1_C03_M02,S1_C03_M02,11
0,0,False,SF_S1_C03_M03,SensorFast,594,0,594,5000,0.0,M,S1_C03_M03,S1_C03_M03,11
0,0,False,SF_S1_C04_M01,SensorFast,831,0,831,5000,0.0,M,S1_C04_M01,S1_C04_M01,11
0,0,False,SF_S1_C04_M02,SensorFast,22,0,22,5000,0.0,M,S1_C04_M02,S1_C04_M02,11
0,0,False,SF_S1_C04_M03,SensorFast,797,0,797,5000,0.0,M,S1_C04_M03,S1_C04_M03,11
0,0,False,SF_S1_C05_M01,SensorFast,184,0,184,5000,0.0,M,S1_C05_M01,S1_C05_M01,11
0,0,False,SF_S1_C05_M02,SensorFast,202,0,202,5000,0.0,M,S1_C05_M02,S1_C05_M02,11
0,0,False,SF_S1_C05_M03,SensorFast,30,0,30,5000,0.0,M,S1_C05_M03,S1_C05_M03,11
0,0,False,SF_S1_C06_M01,SensorFast,939,0,939,5000,0.0,M,S1_C06_M01,S1_C06_M01,11
0,0,False,SF_S1_C06_M02,SensorFast,915,0,915,5000,0.0,M,S1_C06_M02,S1_C06_M02,11
0,0,False,SF_S1_C06_M03,SensorFast,425,0,425,5000,0.0,M,S1_C06_M03,S1_C06_M03,11
0,0,False,SF_S1_C07_M01,SensorFast,939,0,939,5000,0.0,M,S1_C07_M01,S1_C07_M01,11
0,0,False,SF_S1_C07_M02,SensorFast,823,0,823,5000,0.0,M,S1_C07_M02,S1_C07_M02,11
0,0,False,SF_S1_C07_M03,SensorFast,787,0,787,5000,0.0,M,S1_C07_M03,S1_C07_M03,11
0,0,False,SF_S1_C08_M01,SensorFast,848,0,848,5000,0.0,M,S1_C08_M01,S1_C08_M01,11
0,0,False,SF_S1_C08_M02,SensorFast,914,0,914,5000,0.0,M,S1_C08_M02,S1_C08_M02,11
0,0,False,SF_S1_C08_M03,SensorFast,838,0,838,5000,0.0,M,S1_C08_M03,S1_C08_M03,11
0,0,False,SF_S2_C01_M01,SensorFast,814,0,814,5000,0.0,M,S2_C01_M01,S2_C01_M01,11
0,0,False,SF_S2_C01_M02,SensorFast,338,0,338,5000,0.0,M,S2_C01_M02,S2_C01_M02,11
0,0,False,SF_S2_C01_M03,SensorFast,76,0,76,5000,0.0,M,S2_C01_M03,S2_C01_M03,11
0,0,False,SF_S2_C02_M01,SensorFast,133,0,133,5000,0.0,M,S2_C02_M01,S2_C02_M01,11
0,0,False,SF_S2_C02_M02,SensorFast,684,0,684,5000,0.0,M,S2_C02_M02,S2_C02_M02,11
0,0,False,SF_S2_C02_M03,SensorFast,544,0,544,5000,0.0,M,S2_C02_M03,S2_C02_M03,11
0,0,False,SF_S2_C03_M01,SensorFast,542,0,542,5000,0.0,M,S2_C03_M01,S2_C03_M01,11
0,0,False,SF_S2_C03_M02,SensorFast,260,0,260,5000,0.0,M,S2_C03_M02,S2_C03_M02,11
0,0,False,SF_S2_C03_M03,SensorFast,665,0,665,5000,0.0,M,S2_C03_M03,S2_C03_M03,11
0,0,False,SF_S2_C04_M01,SensorFast,240,0,240,5000,0.0,M,S2_C04_M01,S2_C04_M01,11
0,0,False,SF_S2_C04_M02,SensorFast,146,0,146,5000,0.0,M,S2_C04_M02,S2_C04_M02,11
0,0,False,SF_S2_C04_M03,SensorFast,817,0,817,5000,0.0,M,S2_C04_M03,S2_C04_M03,11
0,0,False,SF_S2_C05_M01,SensorFast,39,0,39,5000,0.0,M,S2_C05_M01,S2_C05_M01,11
0,0,False,SF_S2_C05_M02,SensorFast,711,0,711,5000,0.0,M,S2_C05_M02,S2_C05_M02,11
0,0,False,SF_S2_C05_M03,SensorFast,786,0,786,5000,0.0,M,S2_C05_M03,S2_C05_M03,11
0,0,False,SF_S2_C06_M01,SensorFast,670,0,670,5000,0.0,M,S2_C06_M01,S2_C06_M01,11
0,0,False,SF_S2_C06_M02,SensorFast,2,0,2,5000,0.0,M,S2_C06_M02,S2_C06_M02,11
0,0,False,SF_S2_C06_M03,SensorFast,754,0,754,5000,0.0,M,S2_C06_M03,S2_C06_M03,11
0,0,False,SF_S2_C07_M01,SensorFast,123,0,123,5000,0.0,M,S2_C07_M01,S2_C07_M01,11
0,0,False,SF_S2_C07_M02,SensorFast,21,0,21,5000,0.0,M,S2_C07_M02,S2_C07_M02,11
0,0,False,SF_S2_C07_M03,SensorFast,81,0,81,5000,0.0,M,S2_C07_M03,S2_C07_M03,11
0,0,False,SF_S2_C08_M01,SensorFast,358,0,358,5000,0.0,M,S2_C08_M01,S2_C08_M01,11
0,0,False,SF_S2_C08_M02,SensorFast,496,0,496,5000,0.0,M,S2_C08_M02,S2_C08_M02,11
0,0,False,SF_S2_C08_M03,SensorFast,835,0,835,5000,0.0,M,S2_C08_M03,S2_C08_M03,11
0,0,False,SF_S3_C01_M01,SensorFast,646,0,646,5000,0.0,M,S3_C01_M01,S3_C01_M01,11
0,0,False,SF_S3_C01_M02,SensorFast,378,0,378,5000,0.0,M,S3_C01_M02,S3_C01_M02,11
0,0,False,SF_S3_C01_M03,SensorFast,809,0,809,5000,0.0,M,S3_C01_M03,S3_C01_M03,11
0,0,False,SF_S3_C02_M01,SensorFast,748,0,748,5000,0.0,M,S3_C02_M01,S3_C02_M01,11
0,0,False,SF_S3_C02_M02,SensorFast,523,0,523,5000,0.0,M,S3_C02_M02,S3_C02_M02,11
0,0,False,SF_S3_C02_M03,SensorFast,139,0,139,5000,0.0,M,S3_C02_M03,S3_C02_M03,11
0,0,False,SF_S3_C03_M01,SensorFast,184,0,184,5000,0.0,M,S3_C03_M01,S3_C03_M01,11
0,0,False,SF_S3_C03_M02,SensorFast,986,0,986,5000,0.0,M,S3_C03_M02,S3_C03_M02,11
0,0,False,SF_S3_C03_M03,SensorFast,840,0,840,5000,0.0,M,S3_C03_M03,S3_C03_M03,11
0,0,False,SF_S3_C04_M01,SensorFast,706,0,706,5000,0.0,M,S3_C04_M01,S3_C04_M01,11
0,0,False,SF_S3_C04_M02,SensorFast,172,0,172,5000,0.0,M,S3_C04_M02,S3_C04_M02,11
0,0,False,SF_S3_C04_M03,SensorFast,166,0,166,5000,0.0,M,S3_C04_M03,S3_C04_M03,11
0,0,False,SF_S3_C05_M01,SensorFast,853,0,853,5000,0.0,M,S3_C05_M01,S3_C05_M01,11
0,0,False,SF_S3_C05_M02,SensorFast,159,0,159,5000,0.0,M,S3_C05_M02,S3_C05_M02,11
0,0,False,SF_S3_C05_M03,SensorFast,683,0,683,5000,0.0,M,S3_C05_M03,S3_C05_M03,11
0,0,False,SF_S3_C06_M01,SensorFast,774,0,774,5000,0.0,M,S3_C06_M01,S3_C06_M01,11
0,0,False,SF_S3_C06_M02,SensorFast,922,0,922,5000,0.0,M,S3_C06_M02,S3_C06_M02,11
0,0,False,SF_S3_C06_M03,SensorFast,965,0,965,5000,0.0,M,S3_C06_M03,S3_C06_M03,11
0,0,False,SF_S3_C07_M01,SensorFast,204,0,204,5000,0.0,M,S3_C07_M01,S3_C07_M01,11
0,0,False,SF_S3_C07_M02,SensorFast,737,0,737,5000,0.0,M,S3_C07_M02,S3_C07_M02,11
0,0,False,SF_S3_C07_M03,SensorFast,557,0,557,5000,0.0,M,S3_C07_M03,S3_C07_M03,11
0,0,False,SF_S3_C08_M01,SensorFast,777,0,777,5000,0.0,M,S3_C08_M01,S3_C08_M01,11
0,0,False,SF_S3_C08_M02,SensorFast,207,0,207,5000,0.0,M,S3_C08_M02,S3_C08_M02,11
0,0,False,SF_S3_C08_M03,SensorFast,3,0,3,5000,0.0,M,S3_C08_M03,S3_C08_M03,11
0,0,False,SF_S4_C01_M01,SensorFast,547,0,547,5000,0.0,M,S4_C01_M01,S4_C01_M01,11
0,0,False,SF_S4_C01_M02,SensorFast,951,0,951,5000,0.0,M,S4_C01_M02,S4_C01_M02,11
0,0,False,SF_S4_C01_M03,SensorFast,23,0,23,5000,0.0,M,S4_C01_M03,S4_C01_M03,11
0,0,False,SF_S4_C02_M01,SensorFast,403,0,403,5000,0.0,M,S4_C02_M01,S4_C02_M01,11
0,0,False,SF_S4_C02_M02,SensorFast,439,0,439,5000,0.0,M,S4_C02_M02,S4_C02_M02,11
0,0,False,SF_S4_C02_M03,SensorFast,494,0,494,5000,0.0,M,S4_C02_M03,S4_C02_M03,11
0,0,False,SF_S4_C03_M01,SensorFast,87,0,87,5000,0.0,M,S4_C03_M01,S4_C03_M01,11
0,0,False,SF_S4_C03_M02,SensorFast,296,0,296,5000,0.0,M,S4_C03_M02,S4_C03_M02,11
0,0,False,SF_S4_C03_M03,SensorFast,97,0,97,5000,0.0,M,S4_C03_M03,S4_C03_M03,11
0,0,False,SF_S4_C04_M01,SensorFast,402,0,402,5000,0.0,M,S4_C04_M01,S4_C04_M01,11
0,0,False,SF_S4_C04_M02,SensorFast,954,0,954,5000,0.0,M,S4_C04_M02,S4_C04_M02,11
0,0,False,SF_S4_C04_M03,SensorFast,450,0,450,5000,0.0,M,S4_C04_M03,S4_C04_M03,11
0,0,False,SF_S4_C05_M01,SensorFast,707,0,707,5000,0.0,M,S4_C05_M01,S4_C05_M01,11
0,0,False,SF_S4_C05_M02,SensorFast,638,0,638,5000,0.0,M,S4_C05_M02,S4_C05_M02,11
0,0,False,SF_S4_C05_M03,SensorFast,146,0,146,5000,0.0,M,S4_C05_M03,S4_C05_M03,11
0,0,False,SF_S4_C06_M01,SensorFast,411,0,411,5000,0.0,M,S4_C06_M01,S4_C06_M01,11
0,0,False,SF_S4_C06_M02,SensorFast,532,0,532,5000,0.0,M,S4_C06_M02,S4_C06_M02,11
0,0,False,SF_S4_C06_M03,SensorFast,778,0,778,5000,0.0,M,S4_C06_M03,S4_C06_M03,11
0,0,False,SF_S4_C07_M01,SensorFast,872,0,872,5000,0.0,M,S4_C07_M01,S4_C07_M01,11
0,0,False,SF_S4_C07_M02,SensorFast,834,0,834,5000,0.0,M,S4_C07_M02,S4_C07_M02,11
0,0,False,SF_S4_C07_M03,SensorFast,522,0,522,5000,0.0,M,S4_C07_M03,S4_C07_M03,11
0,0,False,SF_S4_C08_M01,SensorFast,193,0,193,5000,0.0,M,S4_C08_M01,S4_C08_M01,11
0,0,False,SF_S4_C08_M02,SensorFast,361,0,361,5000,0.0,M,S4_C08_M02,S4_C08_M02,11
0,0,False,SF_S4_C08_M03,SensorFast,93,0,93,5000,0.0,M,S4_C08_M03,S4_C08_M03,11
0,0,False,STAT_PLC_C01_M01,MachineStatus,1490,0,1490,20000,0.0,M,PLC_C01_M01,PLC_C01_M01,26
0,0,False,STAT_PLC_C01_M02,MachineStatus,2518,0,2518,20000,0.0,M,PLC_C01_M02,PLC_C01_M02,26
0,0,False,STAT_PLC_C01_M03,MachineStatus,2095,0,2095,20000,0.0,M,PLC_C01_M03,PLC_C01_M03,26
0,0,False,STAT_PLC_C02_M01,MachineStatus,1950,0,1950,20000,0.0,M,PLC_C02_M01,PLC_C02_M01,26
0,0,False,STAT_PLC_C02_M02,MachineStatus,2334,0,2334,20000,0.0,M,PLC_C02_M02,PLC_C02_M02,26
0,0,False,STAT_PLC_C02_M03,MachineStatus,2152,0,2152,20000,0.0,M,PLC_C02_M03,PLC_C02_M03,26
0,0,False,STAT_PLC_C03_M01,MachineStatus,443,0,443,20000,0.0,M,PLC_C03_M01,PLC_C03_M01,26
0,0,False,STAT_PLC_C03_M02,MachineStatus,887,0,887,20000,0.0,M,PLC_C03_M02,PLC_C03_M02,26
0,0,False,STAT_PLC_C03_M03,MachineStatus,317,0,317,20000,0.0,M,PLC_C03_M03,PLC_C03_M03,26
0,0,False,STAT_PLC_C04_M01,MachineStatus,1207,0,1207,20000,0.0,M,PLC_C04_M01,PLC_C04_M01,26
0,0,False,STAT_PLC_C04_M02,MachineStatus,1100,0,1100,20000,0.0,M,PLC_C04_M02,PLC_C04_M02,26
0,0,False,STAT_PLC_C04_M03,MachineStatus,2082,0,2082,20000,0.0,M,PLC_C04_M03,PLC_C04_M03,26
0,0,False,STAT_PLC_C05_M01,MachineStatus,3351,0,3351,20000,0.0,M,PLC_C05_M01,PLC_C05_M01,26
0,0,False,STAT_PLC_C05_M02,MachineStatus,2700,0,2700,20000,0.0,M,PLC_C05_M02,PLC_C05_M02,26
0,0,False,STAT_PLC_C05_M03,MachineStatus,2049,0,2049,20000,0.0,M,PLC_C05_M03,PLC_C05_M03,26
0,0,False,STAT_PLC_C06_M01,MachineStatus,769,0,769,20000,0.0,M,PLC_C06_M01,PLC_C06_M01,26
0,0,False,STAT_PLC_C06_M02,MachineStatus,3335,0,3335,20000,0.0,M,PLC_C06_M02,PLC_C06_M02,26
0,0,False,STAT_PLC_C06_M03,MachineStatus,3381,0,3381,20000,0.0,M,PLC_C06_M03,PLC_C06_M03,26
0,0,False,STAT_PLC_C07_M01,MachineStatus,2320,0,2320,20000,0.0,M,PLC_C07_M01,PLC_C07_M01,26
0,0,False,STAT_PLC_C07_M02,MachineStatus,3269,0,3269,20000,0.0,M,PLC_C07_M02,PLC_C07_M02,26
0,0,False,STAT_PLC_C07_M03,MachineStatus,3874,0,3874,20000,0.0,M,PLC_C07_M03,PLC_C07_M03,26
0,0,False,STAT_PLC_C08_M01,MachineStatus,3516,0,3516,20000,0.0,M,PLC_C08_M01,PLC_C08_M01,26
0,0,False,STAT_PLC_C08_M02,MachineStatus,70,0,70,20000,0.0,M,PLC_C08_M02,PLC_C08_M02,26
0,0,False,STAT_PLC_C08_M03,MachineStatus,2994,0,2994,20000,0.0,M,PLC_C08_M03,PLC_C08_M03,26
