affected_flow_count,affected_flow_ids,affected_flow_ratio,algorithm_used,all_flows_scheduled,candidate_rank,candidate_route_generation_ms,canonical_gzip_bytes,canonical_profile_bytes,celf_fallback_used,celf_wall_ms,conversion_ms,diagnostic,fault_id,h2s_wall_ms,heuristic_not_found,hnf_signature,input_semantics_pass,p0_reference_ms,peak_rss_bytes,pf_to_p0_ratio,primary_h2s_success,profile_normalization_ms,profile_ref,profile_sha256,project_static_checker_pass,repeat,requested_flow_count,route_hash,scale,scenario,schedule_hash,scheduled_flow_count,scheduled_flow_ratio,scheduling_ms,semantic_gzip_bytes,semantic_payload_bytes,semantic_profile_hash,semantic_valid,status,structural_no_route,topology,total_backend_ms,upstream_verifier_pass,verification_ms
8,COORD_CC_C01_PLC_C01_M01;COORD_CC_C01_PLC_C01_M02;COORD_CC_C01_PLC_C01_M03;IC_NEXT_CC_C01;IC_PREV_CC_C02;STAT_PLC_C01_M01;STAT_PLC_C01_M02;STAT_PLC_C01_M03,0.022727272727272728,H2S,True,1,26.623226,120118,2576243,False,0.0,7.271729,,l_SW_C01_CC_SW_C01_M01_ACT,123.934563,False,ba8b68000c3fdced0ab4368572c055793dbf1c035e605df503bcf0b8337e5c67,True,212.00942600000002,21430272,1.7946770725184642,True,58.595849,profiles/M_RING/l_SW_C01_CC_SW_C01_M01_ACT.json,018c56eb51b826abc41eaf95264c3ad168b64a10ade47d2534beb10a819b6f08,True,1,352,8d8d30b2c62bf20cf70f85d3cca064a413a07ce4af67eb3dcf5aee222cf53093,M,M_RING,7275fb3104baa9a8321f71950347d8f8d83f2f3da0152697c586d9e63e145aee,352,1.0,97.311337,119841,2575744,ece989be5abd7964e184f5225bcb271e6322ea521fddcce0928d660ec9343f34,True,SUCCESS_H2S,False,RING,380.488456,True,147.162908
2,IC_NEXT_CC_C08;IC_PREV_CC_C01,0.005681818181818182,H2S,True,2,25.649498,101811,2240679,False,0.0,5.197254,,l_SW_C01_CC_SW_C08_M03_SENS,121.841571,False,ba8b68000c3fdced0ab4368572c055793dbf1c035e605df503bcf0b8337e5c67,True,212.00942600000002,19902464,1.5107028071478292,True,38.218243,profiles/M_RING/l_SW_C01_CC_SW_C08_M03_SENS.json,dc14b0c34c65e5fd9a9fae2526e31c0357c8c161486cb9a768f12d20774cbfca,True,1,352,a1edf688b7a98fa8c9db3ae0b884ca8346ca1d59fcefe99e4af16ac9fa74f334,M,M_RING,75c9e52cd891414feda3f5f1ff7403cf5a601e4cb53ba1298fe724fc1e64a489,352,1.0,96.192073,101537,2240315,78db60a8447d437e129633a1c154ce6e5592ea67415756d326aa6bf9c669fd12,True,SUCCESS_H2S,False,RING,320.283235,True,122.017155
12,CMD_PLC_C01_M01_A1_C01_M01;CMD_PLC_C01_M01_A2_C01_M01;CMD_PLC_C01_M01_A3_C01_M01;CMD_PLC_C01_M01_A4_C01_M01;COORD_CC_C01_PLC_C01_M01;COORD_CC_C01_PLC_C01_M02;COORD_CC_C01_PLC_C01_M03;IC_NEXT_CC_C01;IC_PREV_CC_C02;STAT_PLC_C01_M01;STAT_PLC_C01_M02;STAT_PLC_C01_M03,0.03409090909090909,H2S,True,3,26.850493999999998,178006,3883407,False,0.0,8.139224,,l_SW_C01_M01_ACT_SW_C01_M01_CTRL,129.808567,False,ba8b68000c3fdced0ab4368572c055793dbf1c035e605df503bcf0b8337e5c67,True,212.00942600000002,27054080,2.1905840356362267,True,84.944224,profiles/M_RING/l_SW_C01_M01_ACT_SW_C01_M01_CTRL.json,d9911c42e09093b46d920c923b3e8cb99308a0fb46c6b71d1295ccbd15055192,True,1,352,d8806b64556ce3e813401df90509f5447a5e0b2e1859758ee03413b5f536b8e1,M,M_RING,6404d76766e806a5d3c9acc7b534ab014bef029977669289fd0249191fa3d9d8,352,1.0,102.95807300000001,177795,3882774,29a08fe5649c9a313c6ecf67bb029cd28a6b059d0b395e09b6c1f972594d169f,True,SUCCESS_H2S,False,RING,464.424464,True,183.622122
14,COORD_CC_C01_PLC_C01_M02;COORD_CC_C01_PLC_C01_M03;IC_NEXT_CC_C01;IC_PREV_CC_C02;SC_S1_C01_M01;SC_S2_C01_M01;SC_S3_C01_M01;SC_S4_C01_M01;SF_S1_C01_M01;SF_S2_C01_M01;SF_S3_C01_M01;SF_S4_C01_M01;STAT_PLC_C01_M02;STAT_PLC_C01_M03,0.03977272727272727,H2S,True,4,27.050864,192673,4013679,False,0.0,5.328843,,l_SW_C01_M01_CTRL_SW_C01_M01_SENS,134.048902,False,ba8b68000c3fdced0ab4368572c055793dbf1c035e605df503bcf0b8337e5c67,True,212.00942600000002,28160000,2.0716122593530346,True,44.873043,profiles/M_RING/l_SW_C01_M01_CTRL_SW_C01_M01_SENS.json,8b438499c843dce3b80ad9f408d7f0943a0f2391ee7b6aaf6742f3c80ebe0aeb,True,1,352,7a1ad4c767da6a8fc4702d268012621e6e3ae94a1701e30ec6a50b35b36cc1e6,M,M_RING,fe498246e2f1b4599ea416a62666c68e1f3dbbd8c7edea490b0f07985314a62f,352,1.0,106.998038,192294,4013077,9e53f58052e3f5f5975a37232a2e0d5baf967277d5705bea80ef2fe304b482f0,True,SUCCESS_H2S,False,RING,439.201326,True,180.902819
6,COORD_CC_C01_PLC_C01_M02;COORD_CC_C01_PLC_C01_M03;IC_NEXT_CC_C01;IC_PREV_CC_C02;STAT_PLC_C01_M02;STAT_PLC_C01_M03,0.017045454545454544,H2S,True,5,25.714129,114345,2454090,False,0.0,4.140475,,l_SW_C01_M01_SENS_SW_C01_M02_ACT,112.465368,False,ba8b68000c3fdced0ab4368572c055793dbf1c035e605df503bcf0b8337e5c67,True,212.00942600000002,20766720,1.5309168470650922,True,42.876223,profiles/M_RING/l_SW_C01_M01_SENS_SW_C01_M02_ACT.json,69452c8e17afbd261c48780fc4c22447bc2cd50da143d8f29393a8646c22891d,True,1,352,16633f04c1ca767f0f4535fdd0e85272165febf71cd07eed7894652a286fdc52,M,M_RING,ae5779f8682ffefd75499c9256727dbb069a6949cc6eeec1ca2fec06c1a4f92a,352,1.0,86.751239,114060,2453619,cd7e1a6cbac460e3f12cd7f285f65be013fe6e65006a1af0f198bd722c671ea2,True,SUCCESS_H2S,False,RING,324.568802,True,122.405195
10,CMD_PLC_C01_M02_A1_C01_M02;CMD_PLC_C01_M02_A2_C01_M02;CMD_PLC_C01_M02_A3_C01_M02;CMD_PLC_C01_M02_A4_C01_M02;COORD_CC_C01_PLC_C01_M02;COORD_CC_C01_PLC_C01_M03;IC_NEXT_CC_C01;IC_PREV_CC_C02;STAT_PLC_C01_M02;STAT_PLC_C01_M03,0.028409090909090908,H2S,True,6,29.472533,172218,3757852,False,0.0,8.776951,,l_SW_C01_M02_ACT_SW_C01_M02_CTRL,141.466492,False,ba8b68000c3fdced0ab4368572c055793dbf1c035e605df503bcf0b8337e5c67,True,212.00942600000002,26550272,2.006455646929585,True,46.212367,profiles/M_RING/l_SW_C01_M02_ACT_SW_C01_M02_CTRL.json,0349763b7595b5af1513d0e8139a0a9c17054c469a3afe6bec4db95cf03e59f9,True,1,352,2cd33798448aa54cffbc2725e1a2d52a8da9f608d221ef6be0246aa4ed487786,M,M_RING,4eac103e886c9a4790597773bdcf1d28ea91643fb2d0e779da7205420262f7a8,352,1.0,111.99395899999999,171873,3757265,3393cae7d4422ee872bdda7541a42809b56570a30b683f4f19414fb38cc2c8d7,True,SUCCESS_H2S,False,RING,425.38751,True,168.995019
12,COORD_CC_C01_PLC_C01_M03;IC_NEXT_CC_C01;IC_PREV_CC_C02;SC_S1_C01_M02;SC_S2_C01_M02;SC_S3_C01_M02;SC_S4_C01_M02;SF_S1_C01_M02;SF_S2_C01_M02;SF_S3_C01_M02;SF_S4_C01_M02;STAT_PLC_C01_M03,0.03409090909090909,H2S,True,7,30.157283,186376,3887715,False,0.0,8.078902,,l_SW_C01_M02_CTRL_SW_C01_M02_SENS,139.949554,False,ba8b68000c3fdced0ab4368572c055793dbf1c035e605df503bcf0b8337e5c67,True,212.00942600000002,27656192,2.308224102262321,True,69.551511,profiles/M_RING/l_SW_C01_M02_CTRL_SW_C01_M02_SENS.json,ffd728936f121042e8cce82c433f0904f51769c2ba29e1e4cffc9c6059c6b82b,True,1,352,942489caffdf24b4c232bb2d74354471be54a5d6639131353532cdf5c7f3047a,M,M_RING,11e9ea61265765b7f7c26ae5457464ffefe443a4c5c6d9bcefcdafe1049f577c,352,1.0,109.792271,186074,3887159,c8db92290d848890ddddb8b41c718edf7def649becd9878cce2645ecdf74c581,True,SUCCESS_H2S,False,RING,489.365267,True,200.774605
4,COORD_CC_C01_PLC_C01_M03;IC_NEXT_CC_C01;IC_PREV_CC_C02;STAT_PLC_C01_M03,0.011363636363636364,H2S,True,8,26.218739000000003,109152,2343263,False,0.0,7.533859,,l_SW_C01_M02_SENS_SW_C01_M03_ACT,119.397753,False,ba8b68000c3fdced0ab4368572c055793dbf1c035e605df503bcf0b8337e5c67,True,212.00942600000002,20242432,1.6240395603919986,True,39.920695,profiles/M_RING/l_SW_C01_M02_SENS_SW_C01_M03_ACT.json,89c04f34303d782ed39e225bbf61fa7e99c787c740f5182a6f13b2a13a6fc80f,True,1,352,7d100fc47f643c96a7ab565d14b7aee0c5528e5a49a33a063e0ca463330a1150,M,M_RING,a0ed7f1a8f99257f3ec04c1eae2fb83dea16bf01dc2ed418aab999a424ac135a,352,1.0,93.179014,108852,2342838,2e0e0640bdcec602ce7e0d35d3d28bb3df422bb7781934911c3d347a2475186f,True,SUCCESS_H2S,False,RING,344.311695,True,126.627911
8,CMD_PLC_C01_M03_A1_C01_M03;CMD_PLC_C01_M03_A2_C01_M03;CMD_PLC_C01_M03_A3_C01_M03;CMD_PLC_C01_M03_A4_C01_M03;COORD_CC_C01_PLC_C01_M03;IC_NEXT_CC_C01;IC_PREV_CC_C02;STAT_PLC_C01_M03,0.022727272727272728,H2S,True,9,24.765264,166782,3648442,False,0.0,4.615013,,l_SW_C01_M03_ACT_SW_C01_M03_CTRL,118.366714,False,ba8b68000c3fdced0ab4368572c055793dbf1c035e605df503bcf0b8337e5c67,True,212.00942600000002,26382336,1.9938506083215375,True,80.359216,profiles/M_RING/l_SW_C01_M03_ACT_SW_C01_M03_CTRL.json,58382197366d2d32d32b3e3ff14b33987efcebf943ee87fa6a86c0df082041dc,True,1,352,822106da5dfefcf119ae196aca040ce9c5c130c8507d1f2060bfb79e7804a9bf,M,M_RING,29be850b12e9a8b870a7e31c8b595257ee15d8165dd1850e528f3976bfc951ce,352,1.0,93.60145,166492,3647901,88658eb67b09e11cc38727125b84a513062b3323224992bbb00ea9774ffe30fc,True,SUCCESS_H2S,False,RING,422.715123,True,161.490871
10,IC_NEXT_CC_C01;IC_PREV_CC_C02;SC_S1_C01_M03;SC_S2_C01_M03;SC_S3_C01_M03;SC_S4_C01_M03;SF_S1_C01_M03;SF_S2_C01_M03;SF_S3_C01_M03;SF_S4_C01_M03,0.028409090909090908,H2S,True,10,25.368564,180605,3800383,False,0.0,7.0708,,l_SW_C01_M03_CTRL_SW_C01_M03_SENS,134.382366,False,ba8b68000c3fdced0ab4368572c055793dbf1c035e605df503bcf0b8337e5c67,True,212.00942600000002,27373568,2.039698758488219,True,54.284939,profiles/M_RING/l_SW_C01_M03_CTRL_SW_C01_M03_SENS.json,28864e11710da3222631e285060f66a85dee4b3a1e53fac7f38e574871b8f1c3,True,1,352,dadf9e7f9127040449ea8ff9df1b9e963ffe160651c293024f7d7058074bf5f4,M,M_RING,660e61b5e73b83356486027908a88683247ffdbc4c9c1b761a9cdb72081d5d2a,352,1.0,109.013802,180319,3799873,ae04ee334c44ef717e9d2a866e37439b1fab087e9fc96316a62ba726cf2c6949,True,SUCCESS_H2S,False,RING,432.435363,True,174.409994
2,IC_NEXT_CC_C01;IC_PREV_CC_C02,0.005681818181818182,H2S,True,11,23.763536,101946,2240553,False,0.0,7.804552,,l_SW_C01_M03_SENS_SW_C02_CC,112.520425,False,ba8b68000c3fdced0ab4368572c055793dbf1c035e605df503bcf0b8337e5c67,True,212.00942600000002,19738624,1.4924138986159983,True,38.990257,profiles/M_RING/l_SW_C01_M03_SENS_SW_C02_CC.json,9139cc19246df06468c3b8cf5b598df9fa5b2fa69f5a131785904c0ac51db857,True,1,352,e88e31bc88f7b3c7dcc5ecc4d7ee54e1548737ad8ea4f4feffdacfac04bc5f61,M,M_RING,6b45ee813b0edae6697b2155cd24e119d9138e72ee056a9d618d43aadb04f275,352,1.0,88.756889,101653,2240189,06bffdbcb93ba7f66f27418e6f605383232f4deeb4b08f57efa4c90793bdfac2,True,SUCCESS_H2S,False,RING,316.405814,True,117.102872
8,COORD_CC_C02_PLC_C02_M01;COORD_CC_C02_PLC_C02_M02;COORD_CC_C02_PLC_C02_M03;IC_NEXT_CC_C02;IC_PREV_CC_C03;STAT_PLC_C02_M01;STAT_PLC_C02_M02;STAT_PLC_C02_M03,0.022727272727272728,H2S,True,12,24.298555,119793,2574945,False,0.0,7.285962,,l_SW_C02_CC_SW_C02_M01_ACT,108.164236,False,ba8b68000c3fdced0ab4368572c055793dbf1c035e605df503bcf0b8337e5c67,True,212.00942600000002,21426176,1.5334216696572727,True,33.703293,profiles/M_RING/l_SW_C02_CC_SW_C02_M01_ACT.json,fcabf2a3ba4220acdfc376ce5d69a0293162cc137e32c96f36f1857c78c35c4c,True,1,352,f256e334fb4bfef674cdf60ce829792cfe88d8a3e2bc2aa7c955d338368a79a7,M,M_RING,149e545cde11d9c4cbc1cce0fb48510b690aa0315d5f63440bb34fb09df2bc39,352,1.0,83.865681,119512,2574446,3e67f409c21a3722cc2d3ff847b8ca426a6d5e8f6c0cf93b811fb771fc88219f,True,SUCCESS_H2S,False,RING,325.099848,True,131.291084
12,CMD_PLC_C02_M01_A1_C02_M01;CMD_PLC_C02_M01_A2_C02_M01;CMD_PLC_C02_M01_A3_C02_M01;CMD_PLC_C02_M01_A4_C02_M01;COORD_CC_C02_PLC_C02_M01;COORD_CC_C02_PLC_C02_M02;COORD_CC_C02_PLC_C02_M03;IC_NEXT_CC_C02;IC_PREV_CC_C03;STAT_PLC_C02_M01;STAT_PLC_C02_M02;STAT_PLC_C02_M03,0.03409090909090909,H2S,True,13,29.550869,177989,3877621,False,0.0,5.985113,,l_SW_C02_M01_ACT_SW_C02_M01_CTRL,127.70198,False,ba8b68000c3fdced0ab4368572c055793dbf1c035e605df503bcf0b8337e5c67,True,212.00942600000002,27230208,2.084976528354923,True,68.054529,profiles/M_RING/l_SW_C02_M01_ACT_SW_C02_M01_CTRL.json,2e836c9b96fde6382b8fc302fd4a61507fa943a2650a01d96a2d8c8e3677d04c,True,1,352,7e62fb86736f8dfeb889f9ac343560c821439fee58368932db0ed9bba8496281,M,M_RING,d6b0c635e85a2bee70c0802cecafbae8a34608069bd5a9e32e088b766cbc8ff8,352,1.0,98.15111100000001,177627,3876988,5552a34cbf23ac8ef10679de1d602d2241d10f4a8d3904be303d87a1bc8d5b77,True,SUCCESS_H2S,False,RING,442.034677,True,176.394734
14,COORD_CC_C02_PLC_C02_M02;COORD_CC_C02_PLC_C02_M03;IC_NEXT_CC_C02;IC_PREV_CC_C03;SC_S1_C02_M01;SC_S2_C02_M01;SC_S3_C02_M01;SC_S4_C02_M01;SF_S1_C02_M01;SF_S2_C02_M01;SF_S3_C02_M01;SF_S4_C02_M01;STAT_PLC_C02_M02;STAT_PLC_C02_M03,0.03977272727272727,H2S,True,14,26.352351,193201,4015993,False,0.0,5.550942,,l_SW_C02_M01_CTRL_SW_C02_M01_SENS,145.078874,False,ba8b68000c3fdced0ab4368572c055793dbf1c035e605df503bcf0b8337e5c67,True,212.00942600000002,28160000,2.32729775420457,True,60.241586,profiles/M_RING/l_SW_C02_M01_CTRL_SW_C02_M01_SENS.json,aaa7d59eaca88f72f4e89f258bfade588b63c6e4cfff68b4e573c792e8153a7b,True,1,352,0f73e3bbae8adcf5f03971e6ab321038f7db6e4b37d3a371d8d45a1b402672df,M,M_RING,052c42c6123030d3cd6bfa9a0950c49c2afdf0b6a0d505eeb0fd92386223602d,352,1.0,118.72652300000001,192866,4015391,3d011797cb2db32696739b8123284df3015c4c82fdf49a90c5b1e49081abb7ec,True,SUCCESS_H2S,False,RING,493.409061,True,221.004895
6,COORD_CC_C02_PLC_C02_M02;COORD_CC_C02_PLC_C02_M03;IC_NEXT_CC_C02;IC_PREV_CC_C03;STAT_PLC_C02_M02;STAT_PLC_C02_M03,0.017045454545454544,H2S,True,15,26.378085,114108,2454970,False,0.0,6.976145,,l_SW_C02_M01_SENS_SW_C02_M02_ACT,109.573376,False,ba8b68000c3fdced0ab4368572c055793dbf1c035e605df503bcf0b8337e5c67,True,212.00942600000002,20766720,1.551955633331133,True,34.430315,profiles/M_RING/l_SW_C02_M01_SENS_SW_C02_M02_ACT.json,7ee3fda370958df4c95d14d52eeb76d1c9a0327740fa1f88cd9d96a4a94f0b79,True,1,352,cfa76d2cc1d1ba1d426c92c61d1f61d5a2d28c3cd32dead4ffb9a0a6232784cd,M,M_RING,5e789571ec7ed734033845d11c25fa2babb33fdfd6cdccd74c4248ccc7dded66,352,1.0,83.195291,113814,2454499,78581550c7a2b4d5541aa2b8439308a49ac82a29e172340c15a818684d1f08c5,True,SUCCESS_H2S,False,RING,329.029223,True,131.597966
10,CMD_PLC_C02_M02_A1_C02_M02;CMD_PLC_C02_M02_A2_C02_M02;CMD_PLC_C02_M02_A3_C02_M02;CMD_PLC_C02_M02_A4_C02_M02;COORD_CC_C02_PLC_C02_M02;COORD_CC_C02_PLC_C02_M03;IC_NEXT_CC_C02;IC_PREV_CC_C03;STAT_PLC_C02_M02;STAT_PLC_C02_M03,0.028409090909090908,H2S,True,16,27.02647,172499,3753686,False,0.0,5.984537,,l_SW_C02_M02_ACT_SW_C02_M02_CTRL,129.670464,False,ba8b68000c3fdced0ab4368572c055793dbf1c035e605df503bcf0b8337e5c67,True,212.00942600000002,26558464,2.0075572677603493,True,50.40955,profiles/M_RING/l_SW_C02_M02_ACT_SW_C02_M02_CTRL.json,877a1c11ba7d37cc3a301f1b44e502f83cb1af72b5039338e76d69c0461b308f,True,1,352,850f645bd0953604876da15b417d158ac218aab0688ee76d236d8c383a423367,M,M_RING,84e5f52c298f00b7316d1a875e6edb3c93c5b9849a7328c7742fff65fe23d935,352,1.0,102.643994,172108,3753099,ba01e472fb13e225309ef28016cb1b4067faf0827bea89efe4bacef0d7c9d9e3,True,SUCCESS_H2S,False,RING,425.621064,True,169.803169
12,COORD_CC_C02_PLC_C02_M03;IC_NEXT_CC_C02;IC_PREV_CC_C03;SC_S1_C02_M02;SC_S2_C02_M02;SC_S3_C02_M02;SC_S4_C02_M02;SF_S1_C02_M02;SF_S2_C02_M02;SF_S3_C02_M02;SF_S4_C02_M02;STAT_PLC_C02_M03,0.03409090909090909,H2S,True,17,27.935082,186459,3895024,False,0.0,4.233479,,l_SW_C02_M02_CTRL_SW_C02_M02_SENS,134.293889,False,ba8b68000c3fdced0ab4368572c055793dbf1c035e605df503bcf0b8337e5c67,True,212.00942600000002,27656192,2.0574314511846277,True,56.629217,profiles/M_RING/l_SW_C02_M02_CTRL_SW_C02_M02_SENS.json,352781e94d37ba85fb43644934cadc869384330540cff21168cf9d769b0d6a8b,True,1,352,4d2a3af8858b5a15be54e01fab2189e8b1945579ce2374825eeac2e9169deb66,M,M_RING,06520159cdd7ecc52bb953935dae139ef6824051d66a94f2b14644a8d0ae20d5,352,1.0,106.35880700000001,186126,3894468,32ddcfb441914bffee62b4c64f958c62deb67b31a8d632f708149008330599c2,True,SUCCESS_H2S,False,RING,436.194861,True,178.319134
4,COORD_CC_C02_PLC_C02_M03;IC_NEXT_CC_C02;IC_PREV_CC_C03;STAT_PLC_C02_M03,0.011363636363636364,H2S,True,18,27.017276,108982,2342614,False,0.0,8.797537,,l_SW_C02_M02_SENS_SW_C02_M03_ACT,118.918132,False,ba8b68000c3fdced0ab4368572c055793dbf1c035e605df503bcf0b8337e5c67,True,212.00942600000002,20242432,1.6148716000957428,True,40.605834,profiles/M_RING/l_SW_C02_M02_SENS_SW_C02_M03_ACT.json,c3068d85fce31c44ee05c4056b296603384ca101ac04f38bb16fd1c4402bdc71,True,1,352,d6fcd8a1c02a79e9af56911d38eaf715ae62a5846b0b2da5c8ed31ea202582a6,M,M_RING,d0861d3958ed9bdaaf74fdb19a4a3bf705c9380bd6b59cf2c932deed5496a19b,352,1.0,91.900856,108673,2342189,38539c5a529087d8f24514c293327983b2f17a5cd8698a2c99b822a02b20869d,True,SUCCESS_H2S,False,RING,342.368001,True,127.641585
8,CMD_PLC_C02_M03_A1_C02_M03;CMD_PLC_C02_M03_A2_C02_M03;CMD_PLC_C02_M03_A3_C02_M03;CMD_PLC_C02_M03_A4_C02_M03;COORD_CC_C02_PLC_C02_M03;IC_NEXT_CC_C02;IC_PREV_CC_C03;STAT_PLC_C02_M03,0.022727272727272728,H2S,True,19,26.317095,167565,3650811,False,0.0,7.776832,,l_SW_C02_M03_ACT_SW_C02_M03_CTRL,130.959979,False,ba8b68000c3fdced0ab4368572c055793dbf1c035e605df503bcf0b8337e5c67,True,212.00942600000002,26382336,1.9951222970623956,True,48.839668,profiles/M_RING/l_SW_C02_M03_ACT_SW_C02_M03_CTRL.json,cadc87811aaf7505476e3387af9f9dd0603b3f9b414adae9e41b131768bc8cea,True,1,352,08edcf965a279cc867ed2b3f9c268b667827dd40d8be41cf7c10a11f5ebf34d2,M,M_RING,25b9c8485d425c8009b4ad8f4a0229d9033b622e883aed63311bfb05cedef46f,352,1.0,104.64288400000001,167224,3650270,37b4b3d69b32c513daea03f7bc9a82bed7562a7e156fc38cacd36735e349efcf,True,SUCCESS_H2S,False,RING,422.984733,True,170.80763
10,IC_NEXT_CC_C02;IC_PREV_CC_C03;SC_S1_C02_M03;SC_S2_C02_M03;SC_S3_C02_M03;SC_S4_C02_M03;SF_S1_C02_M03;SF_S2_C02_M03;SF_S3_C02_M03;SF_S4_C02_M03,0.028409090909090908,H2S,True,20,25.748542999999998,179921,3799980,False,0.0,6.137667,,l_SW_C02_M03_CTRL_SW_C02_M03_SENS,137.99891,False,ba8b68000c3fdced0ab4368572c055793dbf1c035e605df503bcf0b8337e5c67,True,212.00942600000002,27369472,2.3850720203355484,True,68.123724,profiles/M_RING/l_SW_C02_M03_CTRL_SW_C02_M03_SENS.json,9c8a6ee709511a0957be8f187756a214ae8513b8832fcfd2d365598909695c2b,True,1,352,3f14723e406180d2e0494c30600ccc9fe39480d4a145d35d56ca2eff22e82033,M,M_RING,908dc22427505de4a56728583ce0484698536e1511de02527af1ff17e8ab7d8f,352,1.0,112.250367,179607,3799470,f1ceaa7c64e81bb20e285a93ab62a5a4ba635c45f43bc58201f337bdfc18ccff,True,SUCCESS_H2S,False,RING,505.65775,True,217.767019
2,IC_NEXT_CC_C02;IC_PREV_CC_C03,0.005681818181818182,H2S,True,21,21.446562999999998,101861,2240264,False,0.0,5.960754,,l_SW_C02_M03_SENS_SW_C03_CC,99.028224,False,ba8b68000c3fdced0ab4368572c055793dbf1c035e605df503bcf0b8337e5c67,True,212.00942600000002,19742720,1.461932338800823,True,36.252625,profiles/M_RING/l_SW_C02_M03_SENS_SW_C03_CC.json,004dea180e47a70d441556bdcefc0daefed3d3a81cc3266870532b96ab19f3ce,True,1,352,d81bc3b238d58636a2cbee73b346a378c3ddf915b0c6321c62eb7208b5744af3,M,M_RING,5256917aaf2026d7ca382230806d3044e11362a2c6242325708536dc7cb1a705,352,1.0,77.581661,101576,2239900,3db174b9cf8a957e0b165241842cbaac65db4f0446998c2c8a67a77f60702eb9,True,SUCCESS_H2S,False,RING,309.943436,True,129.126189
8,COORD_CC_C03_PLC_C03_M01;COORD_CC_C03_PLC_C03_M02;COORD_CC_C03_PLC_C03_M03;IC_NEXT_CC_C03;IC_PREV_CC_C04;STAT_PLC_C03_M01;STAT_PLC_C03_M02;STAT_PLC_C03_M03,0.022727272727272728,H2S,True,22,26.695930999999998,120014,2577150,False,0.0,6.628784,,l_SW_C03_CC_SW_C03_M01_ACT,114.060362,False,ba8b68000c3fdced0ab4368572c055793dbf1c035e605df503bcf0b8337e5c67,True,212.00942600000002,21262336,1.6849944256723752,True,37.500512,profiles/M_RING/l_SW_C03_CC_SW_C03_M01_ACT.json,1f40f7ddb542c8cbec36c6a91e8ee8bdc59537935534835c8dd69ca0ebb14a37,True,1,352,1a9d1a251a1a3206c830c5593246a7cf6ce198c665e7501a4548b3cb1b90ba4b,M,M_RING,d40549117746c39fe8bae07ddc7d8b2760ca51cecc2492e8f71ea044067d8d98,352,1.0,87.364431,119725,2576651,350f3ef11ff00c9855d0fa08cf86924a1c4038c0f5a2f243f15f654de429bac1,True,SUCCESS_H2S,False,RING,357.234701,True,151.235733
12,CMD_PLC_C03_M01_A1_C03_M01;CMD_PLC_C03_M01_A2_C03_M01;CMD_PLC_C03_M01_A3_C03_M01;CMD_PLC_C03_M01_A4_C03_M01;COORD_CC_C03_PLC_C03_M01;COORD_CC_C03_PLC_C03_M02;COORD_CC_C03_PLC_C03_M03;IC_NEXT_CC_C03;IC_PREV_CC_C04;STAT_PLC_C03_M01;STAT_PLC_C03_M02;STAT_PLC_C03_M03,0.03409090909090909,H2S,True,23,25.247337,178719,3877098,False,0.0,4.308535,,l_SW_C03_M01_ACT_SW_C03_M01_CTRL,141.151095,False,ba8b68000c3fdced0ab4368572c055793dbf1c035e605df503bcf0b8337e5c67,True,212.00942600000002,27066368,2.1506463113578733,True,61.158727,profiles/M_RING/l_SW_C03_M01_ACT_SW_C03_M01_CTRL.json,656f0b2fbfdf6a788c8e6e1e8235e66c5e0a410c82ccaa3166d2bc72ebdbccba,True,1,352,f32bdd1567c9a1f339b416dfa1af973975a9d18cf279a2bb6703ca056d5b1b7b,M,M_RING,8050bbe1fe51f3d80b3fd726d3cb553be268c6e582536430aa7740708c79f587,352,1.0,115.903758,178389,3876465,c80d8c32a66190e5555eb925bb6ea784a1e5639e636ffe00bd02ace8f9189465,True,SUCCESS_H2S,False,RING,455.95729,True,180.585666
14,COORD_CC_C03_PLC_C03_M02;COORD_CC_C03_PLC_C03_M03;IC_NEXT_CC_C03;IC_PREV_CC_C04;SC_S1_C03_M01;SC_S2_C03_M01;SC_S3_C03_M01;SC_S4_C03_M01;SF_S1_C03_M01;SF_S2_C03_M01;SF_S3_C03_M01;SF_S4_C03_M01;STAT_PLC_C03_M02;STAT_PLC_C03_M03,0.03977272727272727,H2S,True,24,30.959001999999998,192640,4015733,False,0.0,10.194361,,l_SW_C03_M01_CTRL_SW_C03_M01_SENS,132.415139,False,ba8b68000c3fdced0ab4368572c055793dbf1c035e605df503bcf0b8337e5c67,True,212.00942600000002,28160000,2.1171927987767862,True,56.689107,profiles/M_RING/l_SW_C03_M01_CTRL_SW_C03_M01_SENS.json,fbfa81ca92570316983de31aba9660e004a1c4b35b1464d3ebcf4ece275a6a0f,True,1,352,68318382815a49f469ad532c4aafda9055919bc77e53074e8e35d65bafd90620,M,M_RING,0e7f49e12babff882b5af60253ea2d2584c558ec928ef107d2fda5d131efdde4,352,1.0,101.45613700000001,192289,4015131,df6b96bb0530cac973b76e27c13d91014a337fd96de2ea68ae9e1be2667ad824,True,SUCCESS_H2S,False,RING,448.86483,True,185.176195
6,COORD_CC_C03_PLC_C03_M02;COORD_CC_C03_PLC_C03_M03;IC_NEXT_CC_C03;IC_PREV_CC_C04;STAT_PLC_C03_M02;STAT_PLC_C03_M03,0.017045454545454544,H2S,True,25,27.329585,114201,2455230,False,0.0,6.139949,,l_SW_C03_M01_SENS_SW_C03_M02_ACT,117.781384,False,ba8b68000c3fdced0ab4368572c055793dbf1c035e605df503bcf0b8337e5c67,True,212.00942600000002,20766720,1.707395141949962,True,46.583599,profiles/M_RING/l_SW_C03_M01_SENS_SW_C03_M02_ACT.json,0c76d69810a2e2a0b90690055713b4138f870455421544cb0e8b48c5a6303c08,True,1,352,0fb5d03e7b6031f36b730ebc6f3a8e5ec77460ab1e563407a17afc62b3094cfe,M,M_RING,3652cb190053d4639353e069cfa7c9a0d675c513bba6b77a2dfcedb963b9ab92,352,1.0,90.451799,113903,2454759,bb3e8d800e8402306ccf3f78a3b6283ac17617a3c18e46f7677784eaa63721a8,True,SUCCESS_H2S,False,RING,361.983864,True,148.126815
10,CMD_PLC_C03_M02_A1_C03_M02;CMD_PLC_C03_M02_A2_C03_M02;CMD_PLC_C03_M02_A3_C03_M02;CMD_PLC_C03_M02_A4_C03_M02;COORD_CC_C03_PLC_C03_M02;COORD_CC_C03_PLC_C03_M03;IC_NEXT_CC_C03;IC_PREV_CC_C04;STAT_PLC_C03_M02;STAT_PLC_C03_M03,0.028409090909090908,H2S,True,26,23.725859,173071,3757117,False,0.0,5.853708,,l_SW_C03_M02_ACT_SW_C03_M02_CTRL,134.759492,False,ba8b68000c3fdced0ab4368572c055793dbf1c035e605df503bcf0b8337e5c67,True,212.00942600000002,26558464,2.1903198917202857,True,56.035949,profiles/M_RING/l_SW_C03_M02_ACT_SW_C03_M02_CTRL.json,5ba4b2314111c2a27e67b6a6e05934978279c625cdd70df5744a5af7e7f1b143,True,1,352,2af190f0e22e22cf4c77f6c77c78e1fddf1ef75c96b0140150cd54533492fb4a,M,M_RING,ded5996e61af001e1159492c8f6c8ad8efff69c02ebf23490afa0f63d24816b7,352,1.0,111.033633,172718,3756530,39def5145213ec476e61815d7b604102063a770c3e4c777442e12755a16ddf08,True,SUCCESS_H2S,False,RING,464.368463,True,198.361634
12,COORD_CC_C03_PLC_C03_M03;IC_NEXT_CC_C03;IC_PREV_CC_C04;SC_S1_C03_M02;SC_S2_C03_M02;SC_S3_C03_M02;SC_S4_C03_M02;SF_S1_C03_M02;SF_S2_C03_M02;SF_S3_C03_M02;SF_S4_C03_M02;STAT_PLC_C03_M03,0.03409090909090909,H2S,True,27,27.83876,187540,3899093,False,0.0,7.594517,,l_SW_C03_M02_CTRL_SW_C03_M02_SENS,121.267861,False,ba8b68000c3fdced0ab4368572c055793dbf1c035e605df503bcf0b8337e5c67,True,212.00942600000002,27488256,1.9882156796179429,True,59.182739,profiles/M_RING/l_SW_C03_M02_CTRL_SW_C03_M02_SENS.json,f7d60f9b6abb50d9ea657c6f01fd7615ccca88434f6ecc6fc1f84094bce0289b,True,1,352,405043975f8801a1a72fb5989ec871ea9ffa95938a74c3f3f89f5cc0a5a78ae7,M,M_RING,dbfe00b78176c0e80d60088e511c8e52ba30b3427573bf98c851bca5096d10a2,352,1.0,93.429101,187176,3898537,cfcd6dcd4bd15e9f301989ed4786ea4cc30f70389bdcbc448b808664c21f48e1,True,SUCCESS_H2S,False,RING,421.520465,True,169.704643
4,COORD_CC_C03_PLC_C03_M03;IC_NEXT_CC_C03;IC_PREV_CC_C04;STAT_PLC_C03_M03,0.011363636363636364,H2S,True,28,24.747079000000003,108947,2343174,False,0.0,7.914897,,l_SW_C03_M02_SENS_SW_C03_M03_ACT,100.838688,False,ba8b68000c3fdced0ab4368572c055793dbf1c035e605df503bcf0b8337e5c67,True,212.00942600000002,20242432,1.4270832467609245,True,34.748496,profiles/M_RING/l_SW_C03_M02_SENS_SW_C03_M03_ACT.json,952f7657ffe81d969342668b4d512462136e88c8bd4daf0f47de3bea5659386d,True,1,352,f3eb6f80e3f089b0987fabb50f0fcf99042872fa309919062242882eef301626,M,M_RING,b4ccfe482adc4dd10a8171245f699d7b2f635d65d6c5f60ba61de68357411dd9,352,1.0,76.091609,108624,2342749,71dd395066db940c26ca5b6ee133de6b4ee16459030be9b1e14fed1ba48f76cb,True,SUCCESS_H2S,False,RING,302.5551,True,120.484573
8,CMD_PLC_C03_M03_A1_C03_M03;CMD_PLC_C03_M03_A2_C03_M03;CMD_PLC_C03_M03_A3_C03_M03;CMD_PLC_C03_M03_A4_C03_M03;COORD_CC_C03_PLC_C03_M03;IC_NEXT_CC_C03;IC_PREV_CC_C04;STAT_PLC_C03_M03,0.022727272727272728,H2S,True,29,24.477596000000002,167847,3642501,False,0.0,10.439635,,l_SW_C03_M03_ACT_SW_C03_M03_CTRL,117.241191,False,ba8b68000c3fdced0ab4368572c055793dbf1c035e605df503bcf0b8337e5c67,True,212.00942600000002,26378240,1.8839797198450978,True,48.686809,profiles/M_RING/l_SW_C03_M03_ACT_SW_C03_M03_CTRL.json,d437333734f5cb244abd704bb035f567150125ae0fb91524cfe01c09fb3ab60c,True,1,352,da5fed412a45a232bb90d1eeafe2d0e14f127602131b3de438ab0f8a25a65036,M,M_RING,c1f45a4164d31cc78579aad0a243bb8cbd352abbe8d10cde2000822dfd2f24d1,352,1.0,92.763595,167533,3641960,92f72e6b958f6cb29778297083d8d76e9ec5b40038793f2b26998222d45fa8ef,True,SUCCESS_H2S,False,RING,399.421459,True,162.445571
10,IC_NEXT_CC_C03;IC_PREV_CC_C04;SC_S1_C03_M03;SC_S2_C03_M03;SC_S3_C03_M03;SC_S4_C03_M03;SF_S1_C03_M03;SF_S2_C03_M03;SF_S3_C03_M03;SF_S4_C03_M03,0.028409090909090908,H2S,True,30,27.868614,180577,3795297,False,0.0,7.51827,,l_SW_C03_M03_CTRL_SW_C03_M03_SENS,144.574884,False,ba8b68000c3fdced0ab4368572c055793dbf1c035e605df503bcf0b8337e5c67,True,212.00942600000002,27209728,2.1972197122971315,True,67.070574,profiles/M_RING/l_SW_C03_M03_CTRL_SW_C03_M03_SENS.json,9045f2111479ac10c86cdb3814fc08937ab15facb5aa454757fc3733f9ffd024,True,1,352,e644eba0bd870e6c6f5db506d75df220f20dc6ad301f2261f1b254f24b5b2a3a,M,M_RING,40d84971e7ef7aac7f8c09fe394f4b83fe69fdda4c5f6261bfd0d6e3275de47d,352,1.0,116.70626999999999,180311,3794787,321dc423b7c93199aacb666584f04410c650024d750cc987408b9e328377129b,True,SUCCESS_H2S,False,RING,465.83129,True,185.051488
2,IC_NEXT_CC_C03;IC_PREV_CC_C04,0.005681818181818182,H2S,True,31,27.629164000000003,101875,2240205,False,0.0,5.987443,,l_SW_C03_M03_SENS_SW_C04_CC,114.887389,False,ba8b68000c3fdced0ab4368572c055793dbf1c035e605df503bcf0b8337e5c67,True,212.00942600000002,19902464,1.4773857177463419,True,38.000249,profiles/M_RING/l_SW_C03_M03_SENS_SW_C04_CC.json,063c1a5d1f16418a83266dbab94001cb4f455ef306d1ff1202f1bb2d3c5f63ed,True,1,352,297e9ce2c2952636ebcb24a7fe8a1d52913467984a975f64f2bb04459e3ee8e4,M,M_RING,9e61da2dd2c5c751e0330d466546ac4cbcee8eb902c09da323b1bf2eb3bc8101,352,1.0,87.258225,101587,2239841,f0ee39dd1f77829a8d533eb8a133785209c26959ad4eaeac5ac86165c42184b6,True,SUCCESS_H2S,False,RING,313.219698,True,119.646127
8,COORD_CC_C04_PLC_C04_M01;COORD_CC_C04_PLC_C04_M02;COORD_CC_C04_PLC_C04_M03;IC_NEXT_CC_C04;IC_PREV_CC_C05;STAT_PLC_C04_M01;STAT_PLC_C04_M02;STAT_PLC_C04_M03,0.022727272727272728,H2S,True,32,28.786776,119758,2577693,False,0.0,5.164904,,l_SW_C04_CC_SW_C04_M01_ACT,107.857101,False,ba8b68000c3fdced0ab4368572c055793dbf1c035e605df503bcf0b8337e5c67,True,212.00942600000002,21270528,1.4552677200305235,True,31.217629,profiles/M_RING/l_SW_C04_CC_SW_C04_M01_ACT.json,d740c6fc853871db98aa0c7264b3a7d262e28a805acff36e20d5af0d7ade9768,True,1,352,f4c135935efef7bdeeac58a3330fed2f03b617d347eb9b0d8b384fdceb311657,M,M_RING,da21e1662cd8bffd51b41513cc4644d8beb10e581bc3bad524b41b3ebdd90d42,352,1.0,79.070325,119489,2577194,4fb9bf1ddf8913be3cf006c6c8adeaa3e415e126eff835622cb3d4c525e7b9b6,True,SUCCESS_H2S,False,RING,308.530474,True,122.757722
12,CMD_PLC_C04_M01_A1_C04_M01;CMD_PLC_C04_M01_A2_C04_M01;CMD_PLC_C04_M01_A3_C04_M01;CMD_PLC_C04_M01_A4_C04_M01;COORD_CC_C04_PLC_C04_M01;COORD_CC_C04_PLC_C04_M02;COORD_CC_C04_PLC_C04_M03;IC_NEXT_CC_C04;IC_PREV_CC_C05;STAT_PLC_C04_M01;STAT_PLC_C04_M02;STAT_PLC_C04_M03,0.03409090909090909,H2S,True,33,35.120294,179127,3882699,False,0.0,3.976233,,l_SW_C04_M01_ACT_SW_C04_M01_CTRL,117.459559,False,ba8b68000c3fdced0ab4368572c055793dbf1c035e605df503bcf0b8337e5c67,True,212.00942600000002,27226112,1.870271343501491,True,50.657516,profiles/M_RING/l_SW_C04_M01_ACT_SW_C04_M01_CTRL.json,7d0273838f0b9c3ee3a20fd3040acf918fe19348be62f5ab2ba225da78b4c1a2,True,1,352,acf36b6f25599ba803347afcd4e4739471535f734a7f4d7683bec7333275c80e,M,M_RING,5c809d2b2816e3e8917db16bedc1d00d4b4ed6330ce077c041b82abb914e664e,352,1.0,82.339265,178800,3882066,b803c595b1d38ce3b110d0ff53d264234afbbf3616438361eae8255d5adb982e,True,SUCCESS_H2S,False,RING,396.515154,True,157.750713
14,COORD_CC_C04_PLC_C04_M02;COORD_CC_C04_PLC_C04_M03;IC_NEXT_CC_C04;IC_PREV_CC_C05;SC_S1_C04_M01;SC_S2_C04_M01;SC_S3_C04_M01;SC_S4_C04_M01;SF_S1_C04_M01;SF_S2_C04_M01;SF_S3_C04_M01;SF_S4_C04_M01;STAT_PLC_C04_M02;STAT_PLC_C04_M03,0.03977272727272727,H2S,True,34,31.079612,193195,4011687,False,0.0,3.947003,,l_SW_C04_M01_CTRL_SW_C04_M01_SENS,117.834981,False,ba8b68000c3fdced0ab4368572c055793dbf1c035e605df503bcf0b8337e5c67,True,212.00942600000002,27996160,2.170744007391445,True,67.905771,profiles/M_RING/l_SW_C04_M01_CTRL_SW_C04_M01_SENS.json,b25365361ba40998bd782a96a2802c888711442d1f8dd2fc5606bd8b827429fd,True,1,352,31c28068f5e138c976fbb0fd96a62f1dcd2dc3c67301fb335e89aed82e1e2475,M,M_RING,b45627ba5ed5831c0c4350480da6539ec0dde30ebb5e5eec0ff4fb8bca73a48f,352,1.0,86.755369,192879,4011085,b4b61153f61fb5af047c34fcaa9bb1a233cc033af8ccc3c8bb58f2597c571cf9,True,SUCCESS_H2S,False,RING,460.218191,True,196.043242
6,COORD_CC_C04_PLC_C04_M02;COORD_CC_C04_PLC_C04_M03;IC_NEXT_CC_C04;IC_PREV_CC_C05;STAT_PLC_C04_M02;STAT_PLC_C04_M03,0.017045454545454544,H2S,True,35,23.804508,113910,2455286,False,0.0,4.653828,,l_SW_C04_M01_SENS_SW_C04_M02_ACT,97.772729,False,ba8b68000c3fdced0ab4368572c055793dbf1c035e605df503bcf0b8337e5c67,True,212.00942600000002,20766720,1.4786842968010296,True,41.098026,profiles/M_RING/l_SW_C04_M01_SENS_SW_C04_M02_ACT.json,aee986c5e012092b4f33d723fc71e7f955fa92e0eeca93b9943278dba999a2aa,True,1,352,210dbfffa749ba79ef228a0406cc7b0d5aefd3d4d8561295ba37b5e14d28b25b,M,M_RING,b56a2aa6cef9d271778fa75868f771e3f9768394d055dd7097df6fa155b662f2,352,1.0,73.968221,113613,2454815,e6210b748522a415d1933d49b4380f11cbe6fdb1dc80293eaf1c50cddf9b6191,True,SUCCESS_H2S,False,RING,313.495009,True,136.735705
10,CMD_PLC_C04_M02_A1_C04_M02;CMD_PLC_C04_M02_A2_C04_M02;CMD_PLC_C04_M02_A3_C04_M02;CMD_PLC_C04_M02_A4_C04_M02;COORD_CC_C04_PLC_C04_M02;COORD_CC_C04_PLC_C04_M03;IC_NEXT_CC_C04;IC_PREV_CC_C05;STAT_PLC_C04_M02;STAT_PLC_C04_M03,0.028409090909090908,H2S,True,36,27.709735,173460,3760621,False,0.0,9.730315,,l_SW_C04_M02_ACT_SW_C04_M02_CTRL,118.179459,False,ba8b68000c3fdced0ab4368572c055793dbf1c035e605df503bcf0b8337e5c67,True,212.00942600000002,26722304,2.149114110615063,True,36.309236,profiles/M_RING/l_SW_C04_M02_ACT_SW_C04_M02_CTRL.json,189f4aa34d7f0f2605e5089980d763dcf83a5048d43e90697edc2103856d3d8e,True,1,352,b9fa11a4490855427e62fb89387bb81870a8a3c5293f8736dd12ccc9a37d2a33,M,M_RING,9c371ebbea54cf451cc6d447d1e1151fefa3029270ba571e14dfc093a5aa6c5b,352,1.0,90.469724,173082,3760034,46f98e6ece5e01ccf922d4cb8769226d34e925fb345f3a4722c5be5a3657dd01,True,SUCCESS_H2S,False,RING,455.632449,True,228.941272
12,COORD_CC_C04_PLC_C04_M03;IC_NEXT_CC_C04;IC_PREV_CC_C05;SC_S1_C04_M02;SC_S2_C04_M02;SC_S3_C04_M02;SC_S4_C04_M02;SF_S1_C04_M02;SF_S2_C04_M02;SF_S3_C04_M02;SF_S4_C04_M02;STAT_PLC_C04_M03,0.03409090909090909,H2S,True,37,25.980708,187322,3901091,False,0.0,4.871703,,l_SW_C04_M02_CTRL_SW_C04_M02_SENS,114.209209,False,ba8b68000c3fdced0ab4368572c055793dbf1c035e605df503bcf0b8337e5c67,True,212.00942600000002,27652096,2.161976666075215,True,79.949784,profiles/M_RING/l_SW_C04_M02_CTRL_SW_C04_M02_SENS.json,96da98eba00cad7aeb0a3dc45a6d00ae42294060be59a4b5267fe4a3c317def5,True,1,352,6432fc20b57a458127a39e960c4c4cb25b08b080d8ae18de05fc91f2b6bd975c,M,M_RING,f426be22d38cdbfecf5ab1f13bd92106ab6e925526865ba6a5e068851a11e73b,352,1.0,88.228501,186924,3900535,def58bddd7ee24b53b44fc9bf758a63ca83c40864470c09d8aab18a0a95db75e,True,SUCCESS_H2S,False,RING,458.359432,True,189.59812
4,COORD_CC_C04_PLC_C04_M03;IC_NEXT_CC_C04;IC_PREV_CC_C05;STAT_PLC_C04_M03,0.011363636363636364,H2S,True,38,24.360400000000002,108876,2343148,False,0.0,7.408652,,l_SW_C04_M02_SENS_SW_C04_M03_ACT,109.935242,False,ba8b68000c3fdced0ab4368572c055793dbf1c035e605df503bcf0b8337e5c67,True,212.00942600000002,20246528,1.5931224539044786,True,51.880397,profiles/M_RING/l_SW_C04_M02_SENS_SW_C04_M03_ACT.json,f1cd2837ea29d0fdef977c741be3e96fcea08dbb6742cab1d4b1a771165a5714,True,1,352,7e6118f3a73e56b9972b7686ec90f9e6e8d2d6ef733bcbf2565bfb61b24f2753,M,M_RING,484b56ff795ab5787f79ee113f1e1f8065b803c9aa6e2d1a3b5496e156709eb0,352,1.0,85.574842,108562,2342723,e58448d8d2f95950201342082ebe497d84301e8e924944312c00d97600a64842,True,SUCCESS_H2S,False,RING,337.756977,True,129.375397
8,CMD_PLC_C04_M03_A1_C04_M03;CMD_PLC_C04_M03_A2_C04_M03;CMD_PLC_C04_M03_A3_C04_M03;CMD_PLC_C04_M03_A4_C04_M03;COORD_CC_C04_PLC_C04_M03;IC_NEXT_CC_C04;IC_PREV_CC_C05;STAT_PLC_C04_M03,0.022727272727272728,H2S,True,39,26.000728000000002,168182,3643694,False,0.0,9.225999,,l_SW_C04_M03_ACT_SW_C04_M03_CTRL,108.933207,False,ba8b68000c3fdced0ab4368572c055793dbf1c035e605df503bcf0b8337e5c67,True,212.00942600000002,26382336,2.178242164572437,True,89.864047,profiles/M_RING/l_SW_C04_M03_ACT_SW_C04_M03_CTRL.json,0c043257b38f82551c47b5efe158f4448928f09e0d74d31e05cdf87db933a1fa,True,1,352,c1ea6daa6bb035da17dbd02200f53808c3b66134fe995481368792047497021d,M,M_RING,6b6d78c7dce69895bb6898ac072eee57697ce9e94d194fbdd7bef1eb5f666938,352,1.0,82.932479,167895,3643153,cc91bba6dcc67b17824b6bc4a5e9ccd44c8ed6032a3ad1efe81e01357cc2057c,True,SUCCESS_H2S,False,RING,461.807871,True,188.132223
10,IC_NEXT_CC_C04;IC_PREV_CC_C05;SC_S1_C04_M03;SC_S2_C04_M03;SC_S3_C04_M03;SC_S4_C04_M03;SF_S1_C04_M03;SF_S2_C04_M03;SF_S3_C04_M03;SF_S4_C04_M03,0.028409090909090908,H2S,True,40,31.007077000000002,180021,3797297,False,0.0,8.353918,,l_SW_C04_M03_CTRL_SW_C04_M03_SENS,124.06931,False,ba8b68000c3fdced0ab4368572c055793dbf1c035e605df503bcf0b8337e5c67,True,212.00942600000002,27205632,2.169729217605636,True,67.334036,profiles/M_RING/l_SW_C04_M03_CTRL_SW_C04_M03_SENS.json,6ccc97935f376663230a8e29e41f25a67836f21c9625c049c00391a3cd608159,True,1,352,9c0ed67d9a60127d9a800ac439bf51c385640c06856391c57d38a332876fdcf5,M,M_RING,4d07aa9c88307976ec91013163630a945b39ec6f4651b402cb08fc99ee9182db,352,1.0,93.06223299999999,179732,3796787,76f23ffedeeee65b293eb8f41acf9f2fe02a39ffb31e37a40f89f276d98ecc87,True,SUCCESS_H2S,False,RING,460.003046,True,196.234749
2,IC_NEXT_CC_C04;IC_PREV_CC_C05,0.005681818181818182,H2S,True,41,26.922062,101948,2240732,False,0.0,7.488074,,l_SW_C04_M03_SENS_SW_C05_CC,113.74789,False,ba8b68000c3fdced0ab4368572c055793dbf1c035e605df503bcf0b8337e5c67,True,212.00942600000002,19738624,1.523961816678849,True,39.131515,profiles/M_RING/l_SW_C04_M03_SENS_SW_C05_CC.json,4a9e70c8bef185b05a50ecd9046e8ef509000da6c7ed7339a123d734b5b082b0,True,1,352,e72146da77b26bbdd0855366ceb5d69324a6e3ecd6bf2f54fce446eabd16005f,M,M_RING,aee369c08dd1667e0f924d8cc2594f6194287eaf5fd9779fc40e889110e81899,352,1.0,86.825828,101659,2240368,36156020142a4f4f883fd4cfd1e78a18e73e73f7d883c11daea12bd784ee3202,True,SUCCESS_H2S,False,RING,323.09427,True,124.319007
8,COORD_CC_C05_PLC_C05_M01;COORD_CC_C05_PLC_C05_M02;COORD_CC_C05_PLC_C05_M03;IC_NEXT_CC_C05;IC_PREV_CC_C06;STAT_PLC_C05_M01;STAT_PLC_C05_M02;STAT_PLC_C05_M03,0.022727272727272728,H2S,True,42,27.130611,119820,2572322,False,0.0,5.84646,,l_SW_C05_CC_SW_C05_M01_ACT,109.84262,False,ba8b68000c3fdced0ab4368572c055793dbf1c035e605df503bcf0b8337e5c67,True,212.00942600000002,21426176,1.5810022805306778,True,39.355233,profiles/M_RING/l_SW_C05_CC_SW_C05_M01_ACT.json,545f9c290e0ff571d1d66a6734caaf77959456f5d1766b5cd0156f693f6adbb8,True,1,352,01d9efaefd77493dbb6afc87cb7fa730a53d6cbb33a68b37500246cbeea61f79,M,M_RING,80a3cd392e887f93385374dec2e0f6b00204cc8ad0e3c5f6d7c3fc81f38e47f8,352,1.0,82.712009,119556,2571823,74abce4eef2c5cfb36ad49158387bfb72ea92e5dd2492b89992bb2d552028f7f,True,SUCCESS_H2S,False,RING,335.187386,True,134.98455
12,CMD_PLC_C05_M01_A1_C05_M01;CMD_PLC_C05_M01_A2_C05_M01;CMD_PLC_C05_M01_A3_C05_M01;CMD_PLC_C05_M01_A4_C05_M01;COORD_CC_C05_PLC_C05_M01;COORD_CC_C05_PLC_C05_M02;COORD_CC_C05_PLC_C05_M03;IC_NEXT_CC_C05;IC_PREV_CC_C06;STAT_PLC_C05_M01;STAT_PLC_C05_M02;STAT_PLC_C05_M03,0.03409090909090909,H2S,True,43,27.3688,179233,3875526,False,0.0,6.80523,,l_SW_C05_M01_ACT_SW_C05_M01_CTRL,131.709728,False,ba8b68000c3fdced0ab4368572c055793dbf1c035e605df503bcf0b8337e5c67,True,212.00942600000002,27070464,2.2003320456138584,True,77.433083,profiles/M_RING/l_SW_C05_M01_ACT_SW_C05_M01_CTRL.json,5d4961b56357b1b8d06589d60d735ca17b2a4feb7665c94a0c50a4f746c2a58f,True,1,352,feceb496c66d5b337159e665a3fb0144b0d728de9eae108b6b5564bfc0288ae8,M,M_RING,81624cffbd470832c93403cfb3774c492c9f2c2f37bd429839c775f4db6520de,352,1.0,104.34092800000002,178940,3874893,1f544cd976b79627bb5fd333aedb531400a7974f753d6a14fa41ba7f5cb4c007,True,SUCCESS_H2S,False,RING,466.491134,True,191.878331
14,COORD_CC_C05_PLC_C05_M02;COORD_CC_C05_PLC_C05_M03;IC_NEXT_CC_C05;IC_PREV_CC_C06;SC_S1_C05_M01;SC_S2_C05_M01;SC_S3_C05_M01;SC_S4_C05_M01;SF_S1_C05_M01;SF_S2_C05_M01;SF_S3_C05_M01;SF_S4_C05_M01;STAT_PLC_C05_M02;STAT_PLC_C05_M03,0.03977272727272727,H2S,True,44,30.012964999999998,193831,4013509,False,0.0,6.667053,,l_SW_C05_M01_CTRL_SW_C05_M01_SENS,141.704064,False,ba8b68000c3fdced0ab4368572c055793dbf1c035e605df503bcf0b8337e5c67,True,212.00942600000002,28160000,2.4537569004125315,True,75.611268,profiles/M_RING/l_SW_C05_M01_CTRL_SW_C05_M01_SENS.json,ec6957ce426b846b777741ce071914dceef6ac0c6b35eefdb56ad24d6c2dbc03,True,1,352,d5a18f662b8f45671c1db04e476ed47c4acdaea161380bc94fa1023511b66056,M,M_RING,b6b9658da7663775c9cb1248c1961b072414d96299dd752155ea9fb6e51a0238,352,1.0,111.691099,193519,4012907,e6750f3e681ca0b49acb61d3734f22af920fca3ac6ecbe6be3b3d52a1fab2910,True,SUCCESS_H2S,False,RING,520.219592,True,231.795627
6,COORD_CC_C05_PLC_C05_M02;COORD_CC_C05_PLC_C05_M03;IC_NEXT_CC_C05;IC_PREV_CC_C06;STAT_PLC_C05_M02;STAT_PLC_C05_M03,0.017045454545454544,H2S,True,45,29.560443,114177,2455139,False,0.0,12.456161,,l_SW_C05_M01_SENS_SW_C05_M02_ACT,104.94606,False,ba8b68000c3fdced0ab4368572c055793dbf1c035e605df503bcf0b8337e5c67,True,212.00942600000002,20602880,1.5882005453851846,True,42.157376,profiles/M_RING/l_SW_C05_M01_SENS_SW_C05_M02_ACT.json,ce64d3f332de710523d76289e49ee62beae827c78e11eef6f336ec041fa603b0,True,1,352,7048ab2b3891682e54ca486b5682363fefb9a04783957e9b3448468a7e37ff8f,M,M_RING,4c32346b4136eaa020708b81a0f3a5b78856298b6ef376e7f0b722cc3084321e,352,1.0,75.385617,113868,2454668,2163d315ce7db35b62066aec238ae128b284fdadcc62cb0862142e7e22e74964,True,SUCCESS_H2S,False,RING,336.713486,True,134.801654
10,CMD_PLC_C05_M02_A1_C05_M02;CMD_PLC_C05_M02_A2_C05_M02;CMD_PLC_C05_M02_A3_C05_M02;CMD_PLC_C05_M02_A4_C05_M02;COORD_CC_C05_PLC_C05_M02;COORD_CC_C05_PLC_C05_M03;IC_NEXT_CC_C05;IC_PREV_CC_C06;STAT_PLC_C05_M02;STAT_PLC_C05_M03,0.028409090909090908,H2S,True,46,25.934706,173768,3763160,False,0.0,5.900616,,l_SW_C05_M02_ACT_SW_C05_M02_CTRL,130.055155,False,ba8b68000c3fdced0ab4368572c055793dbf1c035e605df503bcf0b8337e5c67,True,212.00942600000002,26722304,1.9965548465755478,True,52.797795,profiles/M_RING/l_SW_C05_M02_ACT_SW_C05_M02_CTRL.json,9b1e198d81cc5fca5b1d69104865386e3de2bb7420d452e1ff0f716062dc6271,True,1,352,f977b06a2a2ea36f6b68a92e4e28303588d3e0fc5003efdea5de135141e8bfe7,M,M_RING,4873783fd415be1b2b6875c2eda59221ad86ea94d16a348b4bd75a705898767e,352,1.0,104.12044900000001,173422,3762573,237c78e9799a8f51e3d63f5390e19cf481c9ab26035b812675dc9b6eaf80608b,True,SUCCESS_H2S,False,RING,423.288447,True,175.992955
12,COORD_CC_C05_PLC_C05_M03;IC_NEXT_CC_C05;IC_PREV_CC_C06;SC_S1_C05_M02;SC_S2_C05_M02;SC_S3_C05_M02;SC_S4_C05_M02;SF_S1_C05_M02;SF_S2_C05_M02;SF_S3_C05_M02;SF_S4_C05_M02;STAT_PLC_C05_M03,0.03409090909090909,H2S,True,47,27.318022,186835,3889745,False,0.0,5.381028,,l_SW_C05_M02_CTRL_SW_C05_M02_SENS,132.981519,False,ba8b68000c3fdced0ab4368572c055793dbf1c035e605df503bcf0b8337e5c67,True,212.00942600000002,27656192,2.107379202092646,True,63.153471,profiles/M_RING/l_SW_C05_M02_CTRL_SW_C05_M02_SENS.json,3e4ba1e2863ddccc8d71114663b55be33f551156f78c628c6e2651d373b7d8fc,True,1,352,5559598d3b40af2ea53c82c60ba82317ae7868365b1235deced91705167e60e1,M,M_RING,ee5cbf2d5c06a60f5d98192877f96831643146af6625bbd67e7dcf64783d2046,352,1.0,105.66349699999999,186454,3889189,d6ac158f0f9638ffb67b9b607d45b3c47816bcba330928985b463a7a8df36d08,True,SUCCESS_H2S,False,RING,446.784255,True,176.42643
4,COORD_CC_C05_PLC_C05_M03;IC_NEXT_CC_C05;IC_PREV_CC_C06;STAT_PLC_C05_M03,0.011363636363636364,H2S,True,48,26.417711999999998,108989,2342419,False,0.0,5.958248,,l_SW_C05_M02_SENS_SW_C05_M03_ACT,108.63705,False,ba8b68000c3fdced0ab4368572c055793dbf1c035e605df503bcf0b8337e5c67,True,212.00942600000002,20066304,1.5684900585505097,True,43.255939,profiles/M_RING/l_SW_C05_M02_SENS_SW_C05_M03_ACT.json,602940bcb27b3a1b8a0081273a7678ac5ba2002d39efff02069c4422537a1abc,True,1,352,9d4b58c75a586453ed6222748391a85ffab4c46855a2bc1495147d7134c8bb7a,M,M_RING,38e2e866f37e55d2f1918729f7002bb8393867cfe558c3279686b78737c5354f,352,1.0,82.21933800000001,108675,2341994,63e4c101d5e08b6b8a0f43ad9861f1cc6cb5a05708cf04518cba0d44048315a3,True,SUCCESS_H2S,False,RING,332.534677,True,135.784336
8,CMD_PLC_C05_M03_A1_C05_M03;CMD_PLC_C05_M03_A2_C05_M03;CMD_PLC_C05_M03_A3_C05_M03;CMD_PLC_C05_M03_A4_C05_M03;COORD_CC_C05_PLC_C05_M03;IC_NEXT_CC_C05;IC_PREV_CC_C06;STAT_PLC_C05_M03,0.022727272727272728,H2S,True,49,27.123481,168512,3648077,False,0.0,5.566585,,l_SW_C05_M03_ACT_SW_C05_M03_CTRL,120.889058,False,ba8b68000c3fdced0ab4368572c055793dbf1c035e605df503bcf0b8337e5c67,True,212.00942600000002,26378240,1.9945536289504409,True,51.670515,profiles/M_RING/l_SW_C05_M03_ACT_SW_C05_M03_CTRL.json,aa29f9157da092fc750cf097e848289a60504d4c080091f82bf6f6fe2b8ea615,True,1,352,4140ac210baec66d7fc2cdb45662e5c7a4270c8754be89c7dceeb44e5e45a197,M,M_RING,b78d3836b99ccd3908bf4215106329109c921b80cf575f7e88780b98febcfe46,352,1.0,93.76557700000001,168238,3647536,41f65c5cb0fba42f6ccad15defcda3aca5b9f5212c4cbf9d6e4d37f61c0f3381,True,SUCCESS_H2S,False,RING,422.86417,True,180.309373
10,IC_NEXT_CC_C05;IC_PREV_CC_C06;SC_S1_C05_M03;SC_S2_C05_M03;SC_S3_C05_M03;SC_S4_C05_M03;SF_S1_C05_M03;SF_S2_C05_M03;SF_S3_C05_M03;SF_S4_C05_M03,0.028409090909090908,H2S,True,50,27.999924999999998,180783,3799274,False,0.0,5.090707,,l_SW_C05_M03_CTRL_SW_C05_M03_SENS,145.77678,False,ba8b68000c3fdced0ab4368572c055793dbf1c035e605df503bcf0b8337e5c67,True,212.00942600000002,27205632,2.3942082226098758,True,66.81551,profiles/M_RING/l_SW_C05_M03_CTRL_SW_C05_M03_SENS.json,785f61086324e403a64ba1900fda1c4720388b4d533f47679267c43749ae51d8,True,1,352,6c400fae0f79370c7b081558304f7af57b6f11a87054efd7e5930790d550cf33,M,M_RING,4b0a48fe3c207aa9269c8ed40eea358da23ea7f248e07ceb62e669b7ec6af6c5,352,1.0,117.77685500000001,180435,3798764,a0275ff38da6166959b1a5d8597e0d284ed4b4166da60be48817b5642e4e68dd,True,SUCCESS_H2S,False,RING,507.594711,True,218.453915
2,IC_NEXT_CC_C05;IC_PREV_CC_C06,0.005681818181818182,H2S,True,51,27.228728,101944,2240347,False,0.0,4.949874,,l_SW_C05_M03_SENS_SW_C06_CC,106.37175,False,ba8b68000c3fdced0ab4368572c055793dbf1c035e605df503bcf0b8337e5c67,True,212.00942600000002,19738624,1.5684490179224388,True,41.679191,profiles/M_RING/l_SW_C05_M03_SENS_SW_C06_CC.json,6e92b567f08b18f27f883c1de53afba2173a3b8959d6ba40687cdc3acd43d1dc,True,1,352,32dfebd38ab9d1c42199dbe16cb6b50ee111fc4d80fe7980badf4e978e852f20,M,M_RING,d209080a56a675a4dd23bf1cc306202aca1c1162fecf5f35abef209c01c256be,352,1.0,79.143022,101651,2239983,e65f6f72adee5d8526dad3b7b24d54fb4a440e207ba771d8077b27c1c087b10d,True,SUCCESS_H2S,False,RING,332.525976,True,136.260497
8,COORD_CC_C06_PLC_C06_M01;COORD_CC_C06_PLC_C06_M02;COORD_CC_C06_PLC_C06_M03;IC_NEXT_CC_C06;IC_PREV_CC_C07;STAT_PLC_C06_M01;STAT_PLC_C06_M02;STAT_PLC_C06_M03,0.022727272727272728,H2S,True,52,26.047252999999998,119822,2575833,False,0.0,9.505365,,l_SW_C06_CC_SW_C06_M01_ACT,106.888047,False,ba8b68000c3fdced0ab4368572c055793dbf1c035e605df503bcf0b8337e5c67,True,212.00942600000002,21430272,1.6285578830820475,True,43.479245,profiles/M_RING/l_SW_C06_CC_SW_C06_M01_ACT.json,56bae1e5e51dd4ca86895a9ad396e57635d53d17b7d20440f2aefcf952b142ca,True,1,352,6e0616ac376cfcd5cbf10830b0a11c3ebcdaf8b73b2051ffc7f584ded736a934,M,M_RING,95478302c61641b556de97d1b7df7041333765e1efc797525c5b01c674d2176e,352,1.0,80.840794,119535,2575334,d5e6ca0bbbc6cf173f58d2569cd7c0c54f950d22881875f02848285954dfb010,True,SUCCESS_H2S,False,RING,345.269622,True,141.031295
12,CMD_PLC_C06_M01_A1_C06_M01;CMD_PLC_C06_M01_A2_C06_M01;CMD_PLC_C06_M01_A3_C06_M01;CMD_PLC_C06_M01_A4_C06_M01;COORD_CC_C06_PLC_C06_M01;COORD_CC_C06_PLC_C06_M02;COORD_CC_C06_PLC_C06_M03;IC_NEXT_CC_C06;IC_PREV_CC_C07;STAT_PLC_C06_M01;STAT_PLC_C06_M02;STAT_PLC_C06_M03,0.03409090909090909,H2S,True,53,27.024708,179445,3882646,False,0.0,7.218117,,l_SW_C06_M01_ACT_SW_C06_M01_CTRL,144.433506,False,ba8b68000c3fdced0ab4368572c055793dbf1c035e605df503bcf0b8337e5c67,True,212.00942600000002,27226112,2.146339257576217,True,61.315072,profiles/M_RING/l_SW_C06_M01_ACT_SW_C06_M01_CTRL.json,0e3fb7a084a1913aa2ee074fab8d41c59d864a5954a2239a3fd494857859dd9c,True,1,352,e866b2b3a793b2724e04cfd29fd82f506b6c5df47c47eda11130c3ab1abd696e,M,M_RING,3d65bff54a655da71f64a42687ffce6e378c519162bb832e9c9f819e02a0fdc1,352,1.0,117.40879799999999,179156,3882013,de3ee566aac9740ed553d91abd0449ade3b0037c8d3559a8f0d96e4a7aae7e00,True,SUCCESS_H2S,False,RING,455.044154,True,177.965775
14,COORD_CC_C06_PLC_C06_M02;COORD_CC_C06_PLC_C06_M03;IC_NEXT_CC_C06;IC_PREV_CC_C07;SC_S1_C06_M01;SC_S2_C06_M01;SC_S3_C06_M01;SC_S4_C06_M01;SF_S1_C06_M01;SF_S2_C06_M01;SF_S3_C06_M01;SF_S4_C06_M01;STAT_PLC_C06_M02;STAT_PLC_C06_M03,0.03977272727272727,H2S,True,54,27.470202,193475,4005446,False,0.0,5.859563,,l_SW_C06_M01_CTRL_SW_C06_M01_SENS,137.919752,False,ba8b68000c3fdced0ab4368572c055793dbf1c035e605df503bcf0b8337e5c67,True,212.00942600000002,27996160,2.249543517937735,True,62.905146,profiles/M_RING/l_SW_C06_M01_CTRL_SW_C06_M01_SENS.json,2d44e82c29cda8ac11cdac62f347fdf33831a00a7f58d2f81809c7455efb2eab,True,1,352,20633a9e6d9b46890830d94d49c07d439bfd0a3aa3df01c258b9f9e18a1c9959,M,M_RING,d56104cab1cbddfdb027273e142e9e608d043f0534df4dcf3d516e7efe9989d6,352,1.0,110.44954999999999,193174,4004844,b37ecf27c9a1cfb22c5bbff302c02747fd7f20a6a96ecd12a6df6ed40111d2ce,True,SUCCESS_H2S,False,RING,476.92443,True,200.492633
6,COORD_CC_C06_PLC_C06_M02;COORD_CC_C06_PLC_C06_M03;IC_NEXT_CC_C06;IC_PREV_CC_C07;STAT_PLC_C06_M02;STAT_PLC_C06_M03,0.017045454545454544,H2S,True,55,26.229115,114274,2453271,False,0.0,7.02896,,l_SW_C06_M01_SENS_SW_C06_M02_ACT,107.292003,False,ba8b68000c3fdced0ab4368572c055793dbf1c035e605df503bcf0b8337e5c67,True,212.00942600000002,20598784,1.598497394167748,True,44.741167,profiles/M_RING/l_SW_C06_M01_SENS_SW_C06_M02_ACT.json,2a270faf6385b66d84e815047492b0cde14c1ac35a1069e1942259cb07a8b99e,True,1,352,5b32665fb1b5a9babbbd654ca74d9c2e8b7bc6809203463d3c885580ae5b8263,M,M_RING,a20484643f404db0122021e246df263c64840e1692b9f8232c8118636b3b06ab,352,1.0,81.06288799999999,113956,2452800,efdea85436fc05753be7fff7d4cad99602462b9ef5f356af5b6e30003cf47b26,True,SUCCESS_H2S,False,RING,338.896515,True,134.154009
10,CMD_PLC_C06_M02_A1_C06_M02;CMD_PLC_C06_M02_A2_C06_M02;CMD_PLC_C06_M02_A3_C06_M02;CMD_PLC_C06_M02_A4_C06_M02;COORD_CC_C06_PLC_C06_M02;COORD_CC_C06_PLC_C06_M03;IC_NEXT_CC_C06;IC_PREV_CC_C07;STAT_PLC_C06_M02;STAT_PLC_C06_M03,0.028409090909090908,H2S,True,56,25.788256999999998,173245,3677040,False,0.0,5.580403,,l_SW_C06_M02_ACT_SW_C06_M02_CTRL,117.173719,False,ba8b68000c3fdced0ab4368572c055793dbf1c035e605df503bcf0b8337e5c67,True,212.00942600000002,26689536,2.3173300039970863,True,63.268503,profiles/M_RING/l_SW_C06_M02_ACT_SW_C06_M02_CTRL.json,435fc560a7a7f1204d4b8c65f88104da5329294d9ebb164a3262a741975bcb29,True,1,352,574ac68d55e16646c16341ed12e16e55e5e28db95f09599f4c9b8ea5a3c9f6ab,M,M_RING,bb5ecd70b254ab0d8a7a067fb943f1ecd893e9fb6d314d663759860b018829a7,352,1.0,91.385462,172942,3676453,fdf51e4ce529d5afac73e3dab9511f833f7bb4b01909fbde2dcb7b08a3a4bd5a,True,SUCCESS_H2S,False,RING,491.295804,True,229.927694
12,COORD_CC_C06_PLC_C06_M03;IC_NEXT_CC_C06;IC_PREV_CC_C07;SC_S1_C06_M02;SC_S2_C06_M02;SC_S3_C06_M02;SC_S4_C06_M02;SF_S1_C06_M02;SF_S2_C06_M02;SF_S3_C06_M02;SF_S4_C06_M02;STAT_PLC_C06_M03,0.03409090909090909,H2S,True,57,25.807208000000003,186845,3863927,False,0.0,6.381586,,l_SW_C06_M02_CTRL_SW_C06_M02_SENS,139.021386,False,ba8b68000c3fdced0ab4368572c055793dbf1c035e605df503bcf0b8337e5c67,True,212.00942600000002,27656192,2.1414698372892156,True,64.232913,profiles/M_RING/l_SW_C06_M02_CTRL_SW_C06_M02_SENS.json,491ab938d5fe999d23edf0a7bacd4d1d19a11d6de7832322bd37e3295a6ba4f5,True,1,352,beab99366ecdf0e0c21e28a11b177919f3aa0fd018f59c8a6e43858c34afcddc,M,M_RING,ddf47a53a765587c0879239f306f67d2227fa9606195cb07f0cf85b06436b858,352,1.0,113.214178,186476,3863371,480a1ba1d00e3c9f087d1cf3487eb785fed8d5d61cf457b48d5b673f533e0c42,True,SUCCESS_H2S,False,RING,454.011791,True,180.231049
4,COORD_CC_C06_PLC_C06_M03;IC_NEXT_CC_C06;IC_PREV_CC_C07;STAT_PLC_C06_M03,0.011363636363636364,H2S,True,58,26.073523,108941,2343087,False,0.0,5.021313,,l_SW_C06_M02_SENS_SW_C06_M03_ACT,105.374299,False,ba8b68000c3fdced0ab4368572c055793dbf1c035e605df503bcf0b8337e5c67,True,212.00942600000002,20074496,1.5136022725706542,True,37.704603,profiles/M_RING/l_SW_C06_M02_SENS_SW_C06_M03_ACT.json,d57671134219fd358808975af8511bc02b98ac27cd6cdb72bbda6db689dea86f,True,1,352,2e4843cde834ea89d9a181c0e12eaa68b701a59c1d44a0a9c772f680968e3012,M,M_RING,7ec0c3092600de3e5983bae3dbe51d2fc34b1d53b19226cbdfee53815b294ca0,352,1.0,79.30077599999998,108635,2342662,1d0fdd8ada1df65d24b3b7eb9d73feae5c5a7003fcf3ae50692b7b86e9cf8ad9,True,SUCCESS_H2S,False,RING,320.897949,True,137.965305
8,CMD_PLC_C06_M03_A1_C06_M03;CMD_PLC_C06_M03_A2_C06_M03;CMD_PLC_C06_M03_A3_C06_M03;CMD_PLC_C06_M03_A4_C06_M03;COORD_CC_C06_PLC_C06_M03;IC_NEXT_CC_C06;IC_PREV_CC_C07;STAT_PLC_C06_M03,0.022727272727272728,H2S,True,59,25.725943,168318,3646720,False,0.0,8.011145,,l_SW_C06_M03_ACT_SW_C06_M03_CTRL,134.700075,False,ba8b68000c3fdced0ab4368572c055793dbf1c035e605df503bcf0b8337e5c67,True,212.00942600000002,26214400,2.094797511503097,True,63.236969,profiles/M_RING/l_SW_C06_M03_ACT_SW_C06_M03_CTRL.json,639eb0f325c8ee7a01390c804a55bd97bf603c8d84eb8550da90446c1c1ec76a,True,1,352,6796bc74c9e640e9b64c6bce478d34f6754fec79a2cb329ea605a1c10f8f6201,M,M_RING,54a8a2b4f2e6c75ea05e4ce87d8072f1551e252bde19423110690d6e0d33355b,352,1.0,108.974132,168097,3646179,7bf904111803a6862dc0df784b6aff9d499b0f91ec56feeba9d6621548936ea0,True,SUCCESS_H2S,False,RING,444.116818,True,173.618009
10,IC_NEXT_CC_C06;IC_PREV_CC_C07;SC_S1_C06_M03;SC_S2_C06_M03;SC_S3_C06_M03;SC_S4_C06_M03;SF_S1_C06_M03;SF_S2_C06_M03;SF_S3_C06_M03;SF_S4_C06_M03,0.028409090909090908,H2S,True,60,25.649295,180095,3800402,False,0.0,9.96564,,l_SW_C06_M03_CTRL_SW_C06_M03_SENS,123.069464,False,ba8b68000c3fdced0ab4368572c055793dbf1c035e605df503bcf0b8337e5c67,True,212.00942600000002,27209728,2.075746995324632,True,56.387924,profiles/M_RING/l_SW_C06_M03_CTRL_SW_C06_M03_SENS.json,6ce09bd0be67a331434407f1389cf1fc6e71b34d57f272ac223d79d6ca4359fb,True,1,352,5b3f4a96360de2a1c959136bf350e86c0b3250c030ead450756071e21ae77f78,M,M_RING,b1652706f9bc47a725e05cfcfada7db79dbc8899d9a53dd83bd9a55b220256d1,352,1.0,97.420169,179784,3799892,b53842adaf4077774ae9d94bd78aa961c70e29cfea7c506a5b767139f2e9a912,True,SUCCESS_H2S,False,RING,440.077929,True,185.503594
2,IC_NEXT_CC_C06;IC_PREV_CC_C07,0.005681818181818182,H2S,True,61,24.552457,101924,2240341,False,0.0,9.048034,,l_SW_C06_M03_SENS_SW_C07_CC,93.343026,False,ba8b68000c3fdced0ab4368572c055793dbf1c035e605df503bcf0b8337e5c67,True,212.00942600000002,19742720,1.6319549537387075,True,57.271705,profiles/M_RING/l_SW_C06_M03_SENS_SW_C07_CC.json,21cbb7c5d7049eb6a853a782fc8b084380abef7e2e8e2cc02abfe083c5731e70,True,1,352,84b92549501a737e039004fa4a5b98dab00e15057ed4878b354ac222540d242e,M,M_RING,d5b73cdba283248ba85eeda23d5ff1329a7c5260cff2c817060455f54c1dbe39,352,1.0,68.79056899999999,101640,2239977,035a6ed4db210d80de17386e57106e7b2d104620b53d2db5f023c865865e2854,True,SUCCESS_H2S,False,RING,345.989833,True,136.991572
8,COORD_CC_C07_PLC_C07_M01;COORD_CC_C07_PLC_C07_M02;COORD_CC_C07_PLC_C07_M03;IC_NEXT_CC_C07;IC_PREV_CC_C08;STAT_PLC_C07_M01;STAT_PLC_C07_M02;STAT_PLC_C07_M03,0.022727272727272728,H2S,True,62,24.6241,119764,2577332,False,0.0,6.725707,,l_SW_C07_CC_SW_C07_M01_ACT,109.681379,False,ba8b68000c3fdced0ab4368572c055793dbf1c035e605df503bcf0b8337e5c67,True,212.00942600000002,21270528,1.784225702304387,True,57.174712,profiles/M_RING/l_SW_C07_CC_SW_C07_M01_ACT.json,15924db656e87d1a9aedf6d090dbfb78956620711b8b9f2f4da72c8391ebbdaf,True,1,352,45da3736ad3ff4c0d731f3fe47f475f9e8f5e94945c9249798536990a7c2c51e,M,M_RING,e542dfdcadc9f2524cdcd92061015a47a770e003a015fdb685d106ae082f921c,352,1.0,85.05727900000001,119444,2576833,14b9274706f3ed3e1959cd059bb805175b50c498d485870c1a002efb435a7938,True,SUCCESS_H2S,False,RING,378.272667,True,150.709292
12,CMD_PLC_C07_M01_A1_C07_M01;CMD_PLC_C07_M01_A2_C07_M01;CMD_PLC_C07_M01_A3_C07_M01;CMD_PLC_C07_M01_A4_C07_M01;COORD_CC_C07_PLC_C07_M01;COORD_CC_C07_PLC_C07_M02;COORD_CC_C07_PLC_C07_M03;IC_NEXT_CC_C07;IC_PREV_CC_C08;STAT_PLC_C07_M01;STAT_PLC_C07_M02;STAT_PLC_C07_M03,0.03409090909090909,H2S,True,63,25.507708,179021,3884225,False,0.0,8.428142,,l_SW_C07_M01_ACT_SW_C07_M01_CTRL,119.892447,False,ba8b68000c3fdced0ab4368572c055793dbf1c035e605df503bcf0b8337e5c67,True,212.00942600000002,27062272,2.3823977854645007,True,104.016958,profiles/M_RING/l_SW_C07_M01_ACT_SW_C07_M01_CTRL.json,61a867544a694d3f5b32c3aeee349489d2cb8af95536a3a34b547f2a140d0f09,True,1,352,13cf4bc7e1ab8d6726d043924c9fc8a6c99e767dae478ce24a12af8313796af7,M,M_RING,c6a338c18f51f5543e2f907f2f6a08616f88760c4d041c2df0d07de66005b5de,352,1.0,94.384739,178717,3883592,a157ca858ada91898989b7d777722b39ba3082f2a49f91553278cce90aa261be,True,SUCCESS_H2S,False,RING,505.090787,True,194.110462
14,COORD_CC_C07_PLC_C07_M02;COORD_CC_C07_PLC_C07_M03;IC_NEXT_CC_C07;IC_PREV_CC_C08;SC_S1_C07_M01;SC_S2_C07_M01;SC_S3_C07_M01;SC_S4_C07_M01;SF_S1_C07_M01;SF_S2_C07_M01;SF_S3_C07_M01;SF_S4_C07_M01;STAT_PLC_C07_M02;STAT_PLC_C07_M03,0.03977272727272727,H2S,True,64,26.694111,192601,3994720,False,0.0,7.422328,,l_SW_C07_M01_CTRL_SW_C07_M01_SENS,140.374743,False,ba8b68000c3fdced0ab4368572c055793dbf1c035e605df503bcf0b8337e5c67,True,212.00942600000002,27996160,2.238165764384457,True,63.127811,profiles/M_RING/l_SW_C07_M01_CTRL_SW_C07_M01_SENS.json,7f1f066b4467befe644c99da5f47c5dc467a2aa032fad132f2f11df94bcfd2cd,True,1,352,46d26afe317990cf626f4ea7040eada20b2a373e821c209e340b914c4e6e2554,M,M_RING,d9c49d9a8794f0c045a4c1259c528b139d8e38d9dadab982e6ae90347c1d6bb4,352,1.0,113.680632,192297,3994118,81c73d59ff04bc7589244c30ef7ab40865f3500daa5aa1f115f1647886e281a0,True,SUCCESS_H2S,False,RING,474.512239,True,198.033796
6,COORD_CC_C07_PLC_C07_M02;COORD_CC_C07_PLC_C07_M03;IC_NEXT_CC_C07;IC_PREV_CC_C08;STAT_PLC_C07_M02;STAT_PLC_C07_M03,0.017045454545454544,H2S,True,65,24.464914,113967,2455372,False,0.0,4.767599,,l_SW_C07_M01_SENS_SW_C07_M02_ACT,97.436951,False,ba8b68000c3fdced0ab4368572c055793dbf1c035e605df503bcf0b8337e5c67,True,212.00942600000002,20598784,1.5683947042996096,True,47.173277,profiles/M_RING/l_SW_C07_M01_SENS_SW_C07_M02_ACT.json,b8c803290f54aab4026a3d28b8c85c8ccfdfc86472389c444f2474efb687eeef,True,1,352,43274a55a12931924ab883ac9bf758cde784e5bc498a65b7db5307ac9a6e25dc,M,M_RING,ac6cfbd7545e96052bfba3a5e2d7414b20bdcfa6b821235cd0d27deb41d47d6b,352,1.0,72.972037,113666,2454901,557d3a386dce6f47906da1d924c68b53ffc1c7dc88a4972c1b764f65a962a655,True,SUCCESS_H2S,False,RING,332.514461,True,131.93352
10,CMD_PLC_C07_M02_A1_C07_M02;CMD_PLC_C07_M02_A2_C07_M02;CMD_PLC_C07_M02_A3_C07_M02;CMD_PLC_C07_M02_A4_C07_M02;COORD_CC_C07_PLC_C07_M02;COORD_CC_C07_PLC_C07_M03;IC_NEXT_CC_C07;IC_PREV_CC_C08;STAT_PLC_C07_M02;STAT_PLC_C07_M03,0.028409090909090908,H2S,True,66,23.578597,173032,3760270,False,0.0,5.377052,,l_SW_C07_M02_ACT_SW_C07_M02_CTRL,118.174481,False,ba8b68000c3fdced0ab4368572c055793dbf1c035e605df503bcf0b8337e5c67,True,212.00942600000002,26722304,2.049927822548795,True,62.131497,profiles/M_RING/l_SW_C07_M02_ACT_SW_C07_M02_CTRL.json,814def65ec13d6eab80886dc8f848d51caad2b714031d908789abb33e7e2aa5a,True,1,352,f5a7cd7be386a5cb1fde8ff595619be74835d4397240d8910761f12b69874b0a,M,M_RING,8358e95986f07d081dfdf387a364ccfa034fea98ba7cc82d0f68486a119c92e4,352,1.0,94.595884,172745,3759683,9db04009d5bf4432031df0a867bfaca3d42653b79347f42bb38b4793a00ad625,True,SUCCESS_H2S,False,RING,434.604021,True,185.715932
12,COORD_CC_C07_PLC_C07_M03;IC_NEXT_CC_C07;IC_PREV_CC_C08;SC_S1_C07_M02;SC_S2_C07_M02;SC_S3_C07_M02;SC_S4_C07_M02;SF_S1_C07_M02;SF_S2_C07_M02;SF_S3_C07_M02;SF_S4_C07_M02;STAT_PLC_C07_M03,0.03409090909090909,H2S,True,67,26.031391,187528,3860985,False,0.0,5.903324,,l_SW_C07_M02_CTRL_SW_C07_M02_SENS,135.835663,False,ba8b68000c3fdced0ab4368572c055793dbf1c035e605df503bcf0b8337e5c67,True,212.00942600000002,27492352,2.390201296993276,True,87.672055,profiles/M_RING/l_SW_C07_M02_CTRL_SW_C07_M02_SENS.json,2f2247ae5886b295a4229750aed0d19dcd663290f33168da30b8117657b05f1a,True,1,352,edc7e0a1235c715f0f4dabd646e1950b8b52cb8b8115080cdae9066815c7b8c7,M,M_RING,425de67feb7e2e1d7dc2f93f60170517cc31ddb68a389f5468491280b120f6b8,352,1.0,109.80427200000001,187191,3860429,aa61257f25954373799520a44f3960f15a5840c5baace58d3101ded5c84cf1e2,True,SUCCESS_H2S,False,RING,506.745205,True,202.463356
4,COORD_CC_C07_PLC_C07_M03;IC_NEXT_CC_C07;IC_PREV_CC_C08;STAT_PLC_C07_M03,0.011363636363636364,H2S,True,68,23.952484,108827,2343020,False,0.0,11.723257,,l_SW_C07_M02_SENS_SW_C07_M03_ACT,101.169607,False,ba8b68000c3fdced0ab4368572c055793dbf1c035e605df503bcf0b8337e5c67,True,212.00942600000002,20078592,1.7040990856698983,True,57.65377,profiles/M_RING/l_SW_C07_M02_SENS_SW_C07_M03_ACT.json,25fe2ed626fc465570d111f42e7d7a4969551723e5f4a8d1155be578d1bd17b1,True,1,352,14a9884f6249045791a40bb949b5b88b6adc67b5473016de029b99b4dbf5f4cf,M,M_RING,6ffdeaa134e109366b63dcc9a66b33624bbcc756b8dfa2a0807613e31b14823c,352,1.0,77.217123,108500,2342595,2efa8acc2324013a0e40717a57eee9f5bc4faa13e41b291cc2210d526354b1fa,True,SUCCESS_H2S,False,RING,361.285069,True,144.697509
8,CMD_PLC_C07_M03_A1_C07_M03;CMD_PLC_C07_M03_A2_C07_M03;CMD_PLC_C07_M03_A3_C07_M03;CMD_PLC_C07_M03_A4_C07_M03;COORD_CC_C07_PLC_C07_M03;IC_NEXT_CC_C07;IC_PREV_CC_C08;STAT_PLC_C07_M03,0.022727272727272728,H2S,True,69,26.200861999999997,167622,3648041,False,0.0,6.462548,,l_SW_C07_M03_ACT_SW_C07_M03_CTRL,114.332491,False,ba8b68000c3fdced0ab4368572c055793dbf1c035e605df503bcf0b8337e5c67,True,212.00942600000002,26382336,2.198935055840394,True,91.906437,profiles/M_RING/l_SW_C07_M03_ACT_SW_C07_M03_CTRL.json,661970a160448292dda209c8a0082d7a4b7f1ef72f0da0ed558e55471cd36213,True,1,352,7fdc4586f47cc2228ce663f5bef87b824daa05890c6e4fca0f2a550dc386a679,M,M_RING,eeed3df35877c329cfbe29316ea3269840983fdbb1166653ef48022b94c4d4b1,352,1.0,88.131629,167403,3647500,5784a8aeaaa777810fc8f36720f7e21625e13c0fbd8a86300fc6cfd329eae1ed,True,SUCCESS_H2S,False,RING,466.194959,True,179.364383
10,IC_NEXT_CC_C07;IC_PREV_CC_C08;SC_S1_C07_M03;SC_S2_C07_M03;SC_S3_C07_M03;SC_S4_C07_M03;SF_S1_C07_M03;SF_S2_C07_M03;SF_S3_C07_M03;SF_S4_C07_M03,0.028409090909090908,H2S,True,70,25.099817,180795,3797515,False,0.0,9.997884,,l_SW_C07_M03_CTRL_SW_C07_M03_SENS,133.864948,False,ba8b68000c3fdced0ab4368572c055793dbf1c035e605df503bcf0b8337e5c67,True,212.00942600000002,27369472,2.3222101360719685,True,74.996582,profiles/M_RING/l_SW_C07_M03_CTRL_SW_C07_M03_SENS.json,8bd2c5ced487bae1be1efefb13c69ade9e3c27c0e64b4650780bd7f6d438815a,True,1,352,bc0d214b91874bcbd77be827d6dd070b25d7af76f3cf6c429ecf6c8bdd952f07,M,M_RING,74f1c4246f183d5e48715d0d082561c9fbd8d052905c59f1477b605d632ec6be,352,1.0,108.765131,180494,3797005,eb90bc9d069bc5c5cfa490d207516d212c56938edc630d400ad88a131398a565,True,SUCCESS_H2S,False,RING,492.330438,True,196.90543
2,IC_NEXT_CC_C07;IC_PREV_CC_C08,0.005681818181818182,H2S,True,71,22.288071,101828,2240562,False,0.0,8.123558,,l_SW_C07_M03_SENS_SW_C08_CC,91.366634,False,ba8b68000c3fdced0ab4368572c055793dbf1c035e605df503bcf0b8337e5c67,True,212.00942600000002,19902464,1.4840898441940027,True,40.752626,profiles/M_RING/l_SW_C07_M03_SENS_SW_C08_CC.json,fadb7bceb79f2cb1ae7f314c1e8b313a39be2985f4d676d77d60b37234abf815,True,1,352,d1475a5eff7d41e98fac3493035b5c6d3d613b8885f15b40c6b0c65448927d21,M,M_RING,0ed06ed23152de79d4c64bd6d25ef89d4e71d5cd26b32cb3af70ed1dda27e416,352,1.0,69.078563,101539,2240198,e47296be07aa4604a7cc1691bb7f41a45a27b3e5e94c47931ba29c86f40fd56c,True,SUCCESS_H2S,False,RING,314.641036,True,126.6727
8,COORD_CC_C08_PLC_C08_M01;COORD_CC_C08_PLC_C08_M02;COORD_CC_C08_PLC_C08_M03;IC_NEXT_CC_C08;IC_PREV_CC_C01;STAT_PLC_C08_M01;STAT_PLC_C08_M02;STAT_PLC_C08_M03,0.022727272727272728,H2S,True,72,26.151108999999998,119682,2577911,False,0.0,5.666317,,l_SW_C08_CC_SW_C08_M01_ACT,107.511876,False,ba8b68000c3fdced0ab4368572c055793dbf1c035e605df503bcf0b8337e5c67,True,212.00942600000002,21262336,1.7015501235308281,True,47.733793,profiles/M_RING/l_SW_C08_CC_SW_C08_M01_ACT.json,5063775a1e39e01dc646ef6bd3855ec458554c7a473e32129ecd36f889733abe,True,1,352,5e253b577e53ef2f3c1c51ff4a280c9972412e7e49e993629b689df7aa48420f,M,M_RING,196743887d760f6c7d6658464b167ebb8fc0697029403f857c70a48f9a50ea5d,352,1.0,81.36076700000001,119379,2577412,22388672cb6e4079050336ff6688b7f924f794962f36f32a956c5a57a0a83d4b,True,SUCCESS_H2S,False,RING,360.744665,True,145.365161
12,CMD_PLC_C08_M01_A1_C08_M01;CMD_PLC_C08_M01_A2_C08_M01;CMD_PLC_C08_M01_A3_C08_M01;CMD_PLC_C08_M01_A4_C08_M01;COORD_CC_C08_PLC_C08_M01;COORD_CC_C08_PLC_C08_M02;COORD_CC_C08_PLC_C08_M03;IC_NEXT_CC_C08;IC_PREV_CC_C01;STAT_PLC_C08_M01;STAT_PLC_C08_M02;STAT_PLC_C08_M03,0.03409090909090909,H2S,True,73,29.697247,178866,3884178,False,0.0,7.808266,,l_SW_C08_M01_ACT_SW_C08_M01_CTRL,130.451683,False,ba8b68000c3fdced0ab4368572c055793dbf1c035e605df503bcf0b8337e5c67,True,212.00942600000002,27066368,2.2848380005519187,True,69.139408,profiles/M_RING/l_SW_C08_M01_ACT_SW_C08_M01_CTRL.json,6c755adb7e9ff049903485f8e1b6ed3ac2049c6f89d409296eca118208b205d7,True,1,352,e406630e5043405466ab3e9ba826aab292513d1d057611ccea3b872334189e06,M,M_RING,132c5cf4fdd1833a1249ea19c7a385e6f29b5007d78b26405ec3ae1ac1f7ce3c,352,1.0,100.754436,178595,3883545,0cf3f23fbf5fb1bf89c81262aa04145c1ec108a2ff82f435f89aeb6e0c3c4743,True,SUCCESS_H2S,False,RING,484.407193,True,204.077465
14,COORD_CC_C08_PLC_C08_M02;COORD_CC_C08_PLC_C08_M03;IC_NEXT_CC_C08;IC_PREV_CC_C01;SC_S1_C08_M01;SC_S2_C08_M01;SC_S3_C08_M01;SC_S4_C08_M01;SF_S1_C08_M01;SF_S2_C08_M01;SF_S3_C08_M01;SF_S4_C08_M01;STAT_PLC_C08_M02;STAT_PLC_C08_M03,0.03977272727272727,H2S,True,74,26.764250999999998,192956,4000430,False,0.0,6.166474,,l_SW_C08_M01_CTRL_SW_C08_M01_SENS,135.557787,False,ba8b68000c3fdced0ab4368572c055793dbf1c035e605df503bcf0b8337e5c67,True,212.00942600000002,27996160,2.5484361671730578,True,80.364048,profiles/M_RING/l_SW_C08_M01_CTRL_SW_C08_M01_SENS.json,1d9054fb7167e16df276dab5d6e36b571126d08c2bc25f1635b40818e134eb2b,True,1,352,0a570a266c5b2bc88feeae15fa7d748f21656192f8db68fa640b314899fec2df,M,M_RING,158c2233a5c421aada3421ffb38e85a1a70be11c7ab723cdb7782ed6e6483a84,352,1.0,108.79353599999999,192637,3999828,62cc09be769037425307088744a932c2330a5965514346afe50d2bb930816435,True,SUCCESS_H2S,False,RING,540.292489,True,246.273471
6,COORD_CC_C08_PLC_C08_M02;COORD_CC_C08_PLC_C08_M03;IC_NEXT_CC_C08;IC_PREV_CC_C01;STAT_PLC_C08_M02;STAT_PLC_C08_M03,0.017045454545454544,H2S,True,75,24.79438,113983,2455694,False,0.0,5.469983,,l_SW_C08_M01_SENS_SW_C08_M02_ACT,101.050586,False,ba8b68000c3fdced0ab4368572c055793dbf1c035e605df503bcf0b8337e5c67,True,212.00942600000002,20762624,1.60259120743056,True,45.43362,profiles/M_RING/l_SW_C08_M01_SENS_SW_C08_M02_ACT.json,def599e018cb724b8e89441f9a34a65993fd33241b7ad3e93550fe92286b43e0,True,1,352,7fb4d25e3d1ba1c7bd9bd19f6dd0d2fdcda6a48fe68d3ec251b8d075c9132c1a,M,M_RING,3b5c1d6c78afe000947bee40e7c8903ca819a90d93ab2592fd9f456da55a2d9a,352,1.0,76.25620599999999,113683,2455223,d64fb4c9c3bc33c6290d7d654261de914e107e8f0394553f818f7b12f159414a,True,SUCCESS_H2S,False,RING,339.764442,True,139.491595
10,CMD_PLC_C08_M02_A1_C08_M02;CMD_PLC_C08_M02_A2_C08_M02;CMD_PLC_C08_M02_A3_C08_M02;CMD_PLC_C08_M02_A4_C08_M02;COORD_CC_C08_PLC_C08_M02;COORD_CC_C08_PLC_C08_M03;IC_NEXT_CC_C08;IC_PREV_CC_C01;STAT_PLC_C08_M02;STAT_PLC_C08_M03,0.028409090909090908,H2S,True,76,29.436332,173019,3762429,False,0.0,6.914348,,l_SW_C08_M02_ACT_SW_C08_M02_CTRL,133.153401,False,ba8b68000c3fdced0ab4368572c055793dbf1c035e605df503bcf0b8337e5c67,True,212.00942600000002,26722304,2.3887125660158146,True,66.51911,profiles/M_RING/l_SW_C08_M02_ACT_SW_C08_M02_CTRL.json,0e9b5fa3833137937cc503deb7c5503245a9b27548030e62d875cd5bc9d56cb6,True,1,352,c6878ee115e916b58417d672a3d4cef5bf873a85b9b0e3e2f96ad0552e8209e7,M,M_RING,7aaa4e80beb7f34112ad652cffb6ec90e8cb2699d403c7e5fd3e636470939d1c,352,1.0,103.71706900000001,172762,3761842,274d86c94cc34b45bb7856e3101a152ca379fd88968658039062ade16d5b4c27,True,SUCCESS_H2S,False,RING,506.42958,True,212.935123
12,COORD_CC_C08_PLC_C08_M03;IC_NEXT_CC_C08;IC_PREV_CC_C01;SC_S1_C08_M02;SC_S2_C08_M02;SC_S3_C08_M02;SC_S4_C08_M02;SF_S1_C08_M02;SF_S2_C08_M02;SF_S3_C08_M02;SF_S4_C08_M02;STAT_PLC_C08_M03,0.03409090909090909,H2S,True,77,26.557671000000003,187212,3889926,False,0.0,7.218289,,l_SW_C08_M02_CTRL_SW_C08_M02_SENS,133.791648,False,ba8b68000c3fdced0ab4368572c055793dbf1c035e605df503bcf0b8337e5c67,True,212.00942600000002,27656192,2.370387352494412,True,71.25291,profiles/M_RING/l_SW_C08_M02_CTRL_SW_C08_M02_SENS.json,c37e1bacf8d67ddc7f6ca697c342d0d0e4e7786083701031cc7731d0cd868f99,True,1,352,12060d35af2a2be41ce49f3d68b71b9fc99b50e97590cbcfe01469e9dbc859b3,M,M_RING,10c75e2d5e6cebe23319882ada5f3c7446c11d2dd85657f0fdde8c2e20c8c491,352,1.0,107.23397700000001,186859,3889370,34f0bfc57b4aa684677facec36466011c6775e93a517a16e93828c5d140d49bf,True,SUCCESS_H2S,False,RING,502.544462,True,211.603303
4,COORD_CC_C08_PLC_C08_M03;IC_NEXT_CC_C08;IC_PREV_CC_C01;STAT_PLC_C08_M03,0.011363636363636364,H2S,True,78,24.157265000000002,108566,2343309,False,0.0,9.592784,,l_SW_C08_M02_SENS_SW_C08_M03_ACT,104.405035,False,ba8b68000c3fdced0ab4368572c055793dbf1c035e605df503bcf0b8337e5c67,True,212.00942600000002,20238336,1.688860112285762,True,43.092949,profiles/M_RING/l_SW_C08_M02_SENS_SW_C08_M03_ACT.json,386b93cffb04b1cac44427fbe2dcec920d6cec8eb98a120e90f9c8779d8eb83c,True,1,352,e37006a63882d9d6e9dfa578103521dbb72711449bc7307048c2c6dd9f6b1fd4,M,M_RING,bb87ae0afe5b20a3fa311f6490695340a085ab20e6e7ad12e7ddd6c83d300337,352,1.0,80.24777,108244,2342884,fbc613ccc7ab90a09274abad6c3c3b319b013f28cd6af4b4d94eeec03406ecc8,True,SUCCESS_H2S,False,RING,358.054263,True,149.969296
8,CMD_PLC_C08_M03_A1_C08_M03;CMD_PLC_C08_M03_A2_C08_M03;CMD_PLC_C08_M03_A3_C08_M03;CMD_PLC_C08_M03_A4_C08_M03;COORD_CC_C08_PLC_C08_M03;IC_NEXT_CC_C08;IC_PREV_CC_C01;STAT_PLC_C08_M03,0.022727272727272728,H2S,True,79,26.626516,166534,3648806,False,0.0,5.656262,,l_SW_C08_M03_ACT_SW_C08_M03_CTRL,133.928189,False,ba8b68000c3fdced0ab4368572c055793dbf1c035e605df503bcf0b8337e5c67,True,212.00942600000002,26386432,2.2174216065280037,True,65.805874,profiles/M_RING/l_SW_C08_M03_ACT_SW_C08_M03_CTRL.json,0fb6afe01de24c608bbb146655cf44f3eaae0b8314706ba74e79d80066fa2896,True,1,352,b30713c564fb0bc0275b2431a0d83336cea4f298c0993dc6a018efc9cd51c5fc,M,M_RING,53a814cbe2fff966647ffb35dbac608926513312b121d0784eb0cadf77a4c6b4,352,1.0,107.30167300000001,166237,3648265,12985d6da642e5e34bbfb7a58ddbc1d7d475085f5b80b5339917b768e74871e8,True,SUCCESS_H2S,False,RING,470.114282,True,194.191958
10,IC_NEXT_CC_C08;IC_PREV_CC_C01;SC_S1_C08_M03;SC_S2_C08_M03;SC_S3_C08_M03;SC_S4_C08_M03;SF_S1_C08_M03;SF_S2_C08_M03;SF_S3_C08_M03;SF_S4_C08_M03,0.028409090909090908,H2S,True,80,29.901148,179789,3758236,False,0.0,9.604111,,l_SW_C08_M03_CTRL_SW_C08_M03_SENS,145.099705,False,ba8b68000c3fdced0ab4368572c055793dbf1c035e605df503bcf0b8337e5c67,True,212.00942600000002,27369472,2.5912520417842173,True,71.855518,profiles/M_RING/l_SW_C08_M03_CTRL_SW_C08_M03_SENS.json,8bb5f88bfc75aed658ea5e9a1bba943c328057d957a6ee4946176bbcdf469c37,True,1,352,551febe885fe6706ffcfce0899a0cdc9f3db335852425c5657b49cec76baeffd,M,M_RING,dcc1b8c653c77854e0a8193f720779896a715abf7b426094fb2de46c8d5eb3ca,352,1.0,115.198557,179474,3757726,ffead7501cb6a1cd5840c3d5a7a098d66def790abe4bda0ba4998b43dca25a07,True,SUCCESS_H2S,False,RING,549.369858,True,232.58111
8,COORD_CC_C01_PLC_C01_M01;COORD_CC_C01_PLC_C01_M02;COORD_CC_C01_PLC_C01_M03;IC_NEXT_CC_C01;IC_PREV_CC_C01;STAT_PLC_C01_M01;STAT_PLC_C01_M02;STAT_PLC_C01_M03,0.022727272727272728,H2S,True,1,76.51443900000001,119556,2914361,False,0.0,7.648866,,l_SW_C01_CC_SW_C01_CORE_A,187.980451,False,ba8b68000c3fdced0ab4368572c055793dbf1c035e605df503bcf0b8337e5c67,True,332.0221345,23076864,1.730082902048207,True,55.286916,profiles/M_REDSTAR/l_SW_C01_CC_SW_C01_CORE_A.json,3b8adf58dbb83716dafc8795f162d6247d49a4c49c0b377af9efaa4bd9911139,True,1,352,5191847b364a0ac2d91f783b7c4901ad8fe277a490e5825ea2e95910b5217f29,M,M_REDSTAR,a5570e5b4f8cea1db0b35d1f646059c111f1400dbb0772dae04b8193a02fea72,352,1.0,111.46601199999998,119281,2913865,ed096e797b842a13112c123a3d95c6659023cf3a0015839aba3509fb8c4347d8,True,SUCCESS_H2S,False,REDSTAR,574.425818,True,262.284758
2,IC_NEXT_CC_C08;IC_PREV_CC_C02,0.005681818181818182,H2S,True,2,73.63286500000001,119516,2914217,False,0.0,5.421439,,l_SW_C01_CC_SW_C01_CORE_B,167.834407,False,ba8b68000c3fdced0ab4368572c055793dbf1c035e605df503bcf0b8337e5c67,True,332.0221345,23244800,1.561440537031425,True,48.990524,profiles/M_REDSTAR/l_SW_C01_CC_SW_C01_CORE_B.json,2fd824edfbe8273f6810cbddcc3eba05b37d52fa3780e4c3f32c204c15335cc4,True,1,352,bea7d57a883b819a3ba8cee7b29b525c7f0f4f70866f449a090a154c84ca94e5,M,M_REDSTAR,5b06267e42927e7627748c583dc41afe1f6f7845e64e6cb6f8e03fa681492cd4,352,1.0,94.20154199999999,119266,2913859,d55478bd51914d1e1748e16ad013f3d84e22c9dbc04dae75119f3a715b1d25e0,True,SUCCESS_H2S,False,REDSTAR,518.43282,True,237.000556
4,CMD_PLC_C01_M01_A1_C01_M01;CMD_PLC_C01_M01_A2_C01_M01;CMD_PLC_C01_M01_A3_C01_M01;CMD_PLC_C01_M01_A4_C01_M01,0.011363636363636364,H2S,True,3,73.25849199999999,119572,2915024,False,0.0,7.008838,,l_SW_C01_CORE_A_SW_C01_M01_ACT,165.14616,False,ba8b68000c3fdced0ab4368572c055793dbf1c035e605df503bcf0b8337e5c67,True,332.0221345,23080960,1.5476215758139462,True,50.581252,profiles/M_REDSTAR/l_SW_C01_CORE_A_SW_C01_M01_ACT.json,44368f6fd308bdd1f52681edd2bd9cb3ae283268ae6c28035e9e1a514879b3b2,True,1,352,47a21bdeff7a5923b1c34e5dbfd5d002a8703bfad55dbcc92a8a65a622319689,M,M_REDSTAR,fa0254d729b257359eddb2d3c178f4e2afb134bcfca1dfd1bbcd5f8e6b878ce2,352,1.0,91.88766800000002,119317,2914569,c70023964a3e5c1b74a216cd1de30b35ada804183ab388ab83c8709339a4fc95,True,SUCCESS_H2S,False,REDSTAR,513.844619,True,233.377307
6,CMD_PLC_C01_M01_A1_C01_M01;CMD_PLC_C01_M01_A2_C01_M01;CMD_PLC_C01_M01_A3_C01_M01;CMD_PLC_C01_M01_A4_C01_M01;COORD_CC_C01_PLC_C01_M01;STAT_PLC_C01_M01,0.017045454545454544,H2S,True,4,75.47233200000001,119634,2914686,False,0.0,8.002471,,l_SW_C01_CORE_A_SW_C01_M01_CTRL,181.170872,False,ba8b68000c3fdced0ab4368572c055793dbf1c035e605df503bcf0b8337e5c67,True,332.0221345,23248896,1.6467697577554126,True,48.603194,profiles/M_REDSTAR/l_SW_C01_CORE_A_SW_C01_M01_CTRL.json,3c6dc028606acffd161e33de73b7fe63c358711d70cc0b4e6382122bc9eb046c,True,1,352,8bbca530a2a423af294ed8c5dd11f835d3eeab87e786a946aa3b76430e85c880,M,M_REDSTAR,5d0859ea16986b0fe1bf9a53aeac7d2b24146a1f6594de710dd1bc50df01ec2a,352,1.0,105.69854,119365,2914182,2499526b677f86cce679a972253d05a510cd78d148229d357a89eba2addcebc9,True,SUCCESS_H2S,False,REDSTAR,546.76401,True,248.179975
4,CMD_PLC_C01_M02_A1_C01_M02;CMD_PLC_C01_M02_A2_C01_M02;CMD_PLC_C01_M02_A3_C01_M02;CMD_PLC_C01_M02_A4_C01_M02,0.011363636363636364,H2S,True,5,72.274872,119568,2915016,False,0.0,10.560756,,l_SW_C01_CORE_A_SW_C01_M02_ACT,167.693915,False,ba8b68000c3fdced0ab4368572c055793dbf1c035e605df503bcf0b8337e5c67,True,332.0221345,23244800,1.5528715420628079,True,50.317925,profiles/M_REDSTAR/l_SW_C01_CORE_A_SW_C01_M02_ACT.json,2a9f519db030a1fa1758694c9608546744bfdab23d288415f789fc3759403790,True,1,352,23417da87ce4c4e0c63a2be9f91335f8b28bac86ce37ac5ec7a1bfa614ad2d5a,M,M_REDSTAR,114418b01b9534084961c6dad822bbe00cbe929e1e7377fa91019c35484c604f,352,1.0,95.419043,119311,2914561,9d44aec7b4d7a6733cf74be001e64c2edcab4d52bd4d70d4948b4d24819e49d0,True,SUCCESS_H2S,False,REDSTAR,515.587724,True,235.337381
6,CMD_PLC_C01_M02_A1_C01_M02;CMD_PLC_C01_M02_A2_C01_M02;CMD_PLC_C01_M02_A3_C01_M02;CMD_PLC_C01_M02_A4_C01_M02;COORD_CC_C01_PLC_C01_M02;STAT_PLC_C01_M02,0.017045454545454544,H2S,True,6,71.301932,119637,2914680,False,0.0,9.524777,,l_SW_C01_CORE_A_SW_C01_M02_CTRL,167.981397,False,ba8b68000c3fdced0ab4368572c055793dbf1c035e605df503bcf0b8337e5c67,True,332.0221345,23085056,1.6190393384751884,True,59.787397,profiles/M_REDSTAR/l_SW_C01_CORE_A_SW_C01_M02_CTRL.json,6702541ee384d3d52e282bba73c777d596fbd4a388324cd9da9bb7073066c8f2,True,1,352,f0d263d2905800741e91fddad8656a1dd17f4c1f442743726cb6b3418ab0269c,M,M_REDSTAR,35216c3b9accf73bb00246c0e3843634f0595cc1448f88445fa838889d915304,352,1.0,96.679465,119373,2914176,9d67d5eee1a6a70f82499bf4dfb4226c2a4f3d37d736885a8b9e45750a0d0fc6,True,SUCCESS_H2S,False,REDSTAR,537.556897,True,234.184079
4,CMD_PLC_C01_M03_A1_C01_M03;CMD_PLC_C01_M03_A2_C01_M03;CMD_PLC_C01_M03_A3_C01_M03;CMD_PLC_C01_M03_A4_C01_M03,0.011363636363636364,H2S,True,7,71.189832,119567,2915008,False,0.0,7.396591,,l_SW_C01_CORE_A_SW_C01_M03_ACT,180.103757,False,ba8b68000c3fdced0ab4368572c055793dbf1c035e605df503bcf0b8337e5c67,True,332.0221345,23244800,1.6994543928516308,True,89.777376,profiles/M_REDSTAR/l_SW_C01_CORE_A_SW_C01_M03_ACT.json,08cb5b1b5df5bfe0f377389dac4a01e281a286d4d5eb2fc43a039da8f36015a2,True,1,352,ef91f369ee64ad1860eb48a4bc7935daf53a5c7712b80bfbe8d2b89d01eb4f70,M,M_REDSTAR,92f7606ed985ae9beaec3cf5510ddd84937ae8532cc85f4e86b142f52da0998a,352,1.0,108.913925,119312,2914553,77a0f0b044ef746b8a5e927896943126b87b875a8bd953dcb73ad352ef4ef072,True,SUCCESS_H2S,False,REDSTAR,564.256475,True,233.628373
6,CMD_PLC_C01_M03_A1_C01_M03;CMD_PLC_C01_M03_A2_C01_M03;CMD_PLC_C01_M03_A3_C01_M03;CMD_PLC_C01_M03_A4_C01_M03;COORD_CC_C01_PLC_C01_M03;STAT_PLC_C01_M03,0.017045454545454544,H2S,True,8,73.059944,119640,2914686,False,0.0,12.330307,,l_SW_C01_CORE_A_SW_C01_M03_CTRL,171.165955,False,ba8b68000c3fdced0ab4368572c055793dbf1c035e605df503bcf0b8337e5c67,True,332.0221345,23248896,1.4165322944756864,True,32.629607,profiles/M_REDSTAR/l_SW_C01_CORE_A_SW_C01_M03_CTRL.json,fd706bad6b53f039ef32ecbe3606751230c594affd6f3c88202f30b1a7c178ed,True,1,352,b0d4e4996dd61a8dfbf123d551e21bf02d57d610455aba1ec738a7ad7db69cd6,M,M_REDSTAR,10852e4e2d0a405d4a70098817f6621fef5ec879056a5ced5ccdbcba4d8c2562,352,1.0,98.106011,119371,2914182,4b4a7242b0d24d1d99659a78503bf9629cbdafafc33f181bc10626f2aaf1bf5f,True,SUCCESS_H2S,False,REDSTAR,470.320076,True,203.880502
2,IC_NEXT_CC_C01;IC_PREV_CC_C01,0.005681818181818182,H2S,True,9,71.68175000000001,119630,2915679,False,0.0,6.219677,,l_SW_C01_CORE_A_SW_FACTORY_CORE_B,141.647367,False,ba8b68000c3fdced0ab4368572c055793dbf1c035e605df503bcf0b8337e5c67,True,332.0221345,23244800,1.3467376735992884,True,29.586515,profiles/M_REDSTAR/l_SW_C01_CORE_A_SW_FACTORY_CORE_B.json,f2469daeb6dd4289b1bbf69721d89734f1f9d7b45b10bcb5b9b96405a7e62f02,True,1,352,168da55dc19accf5a6cdf87ef9ed081835b112412123037c7b003c8535685b84,M,M_REDSTAR,186a024931c180494e82722e9276196cb408b98b262d57fd4e7895fa158d8580,352,1.0,69.965617,119360,2915297,86eabd1acb4d237a5e84c02bb0fd6cebce81453c95c5ac878b2efbebe7bd3492,True,SUCCESS_H2S,False,REDSTAR,447.146717,True,223.684609
8,SC_S1_C01_M01;SC_S2_C01_M01;SC_S3_C01_M01;SC_S4_C01_M01;SF_S1_C01_M01;SF_S2_C01_M01;SF_S3_C01_M01;SF_S4_C01_M01,0.022727272727272728,H2S,True,10,81.940523,119664,2914311,False,0.0,4.692789,,l_SW_C01_CORE_B_SW_C01_M01_CTRL,175.50002,False,ba8b68000c3fdced0ab4368572c055793dbf1c035e605df503bcf0b8337e5c67,True,332.0221345,23252992,1.5068767230035383,True,52.62254,profiles/M_REDSTAR/l_SW_C01_CORE_B_SW_C01_M01_CTRL.json,246aa25f1a3f4fa269c6e59cfe907c50aa735306ba25e8e69f81d3e8214e03a8,True,1,352,7461d813628920fb7baf69d260c6c020b9b31841144c1722e546f0e53910e1e8,M,M_REDSTAR,b4a78952431eb11ad151ee66551e8669e03ade6acb4184760e9ef2ac3de3214c,352,1.0,93.55949700000001,119398,2913841,733abd8c15c529cef0c5be68339f40257fa6550c70ed768aaf2db6dcc6ea5bd7,True,SUCCESS_H2S,False,REDSTAR,500.316426,True,226.800368
8,SC_S1_C01_M01;SC_S2_C01_M01;SC_S3_C01_M01;SC_S4_C01_M01;SF_S1_C01_M01;SF_S2_C01_M01;SF_S3_C01_M01;SF_S4_C01_M01,0.022727272727272728,H2S,True,11,68.228413,119665,2914311,False,0.0,6.956668,,l_SW_C01_CORE_B_SW_C01_M01_SENS,171.080594,False,ba8b68000c3fdced0ab4368572c055793dbf1c035e605df503bcf0b8337e5c67,True,332.0221345,23085056,1.4956043691117227,True,49.10825,profiles/M_REDSTAR/l_SW_C01_CORE_B_SW_C01_M01_SENS.json,d906fa6da995c713593228426be792156fcbb4c5a44ebea5f4911563cef4e70f,True,1,352,7461d813628920fb7baf69d260c6c020b9b31841144c1722e546f0e53910e1e8,M,M_REDSTAR,062dc3f81d66d872b24d17ed81363d3fabff723c17e6e4cf509d6af8174668e7,352,1.0,102.85218099999999,119398,2913841,733abd8c15c529cef0c5be68339f40257fa6550c70ed768aaf2db6dcc6ea5bd7,True,SUCCESS_H2S,False,REDSTAR,496.573755,True,233.269951
8,SC_S1_C01_M02;SC_S2_C01_M02;SC_S3_C01_M02;SC_S4_C01_M02;SF_S1_C01_M02;SF_S2_C01_M02;SF_S3_C01_M02;SF_S4_C01_M02,0.022727272727272728,H2S,True,12,85.82124300000001,119664,2914305,False,0.0,5.452798,,l_SW_C01_CORE_B_SW_C01_M02_CTRL,178.107585,False,ba8b68000c3fdced0ab4368572c055793dbf1c035e605df503bcf0b8337e5c67,True,332.0221345,23248896,1.5427973251584526,True,46.004744,profiles/M_REDSTAR/l_SW_C01_CORE_B_SW_C01_M02_CTRL.json,9569975ceeddb7bdd2e1d822ea00eef1a5bce652eb16f70e9ade4be9eaa3fcc1,True,1,352,cecfa679affed89f7c69c07dd56e12ed6d0509ded1b8c3ca9c0e7f986ceacef3,M,M_REDSTAR,3735c478783c59dec0d2aeb838b83a8e0eb607e263f50b4f0ebd08df26375fda,352,1.0,92.28634199999999,119403,2913835,61ff7589c0a24cac24697b5381d683373939654a07dab404e76b1f9b92a624f0,True,SUCCESS_H2S,False,REDSTAR,512.242861,True,238.281055
8,SC_S1_C01_M02;SC_S2_C01_M02;SC_S3_C01_M02;SC_S4_C01_M02;SF_S1_C01_M02;SF_S2_C01_M02;SF_S3_C01_M02;SF_S4_C01_M02,0.022727272727272728,H2S,True,13,70.966666,119665,2914305,False,0.0,34.9689,,l_SW_C01_CORE_B_SW_C01_M02_SENS,168.751767,False,ba8b68000c3fdced0ab4368572c055793dbf1c035e605df503bcf0b8337e5c67,True,332.0221345,23248896,1.6388019937869533,True,50.735242,profiles/M_REDSTAR/l_SW_C01_CORE_B_SW_C01_M02_SENS.json,4bddd76dfd7bc1b270e4f5a0d9208286d27129911ddf7885b705e860b3c9c569,True,1,352,cecfa679affed89f7c69c07dd56e12ed6d0509ded1b8c3ca9c0e7f986ceacef3,M,M_REDSTAR,054484ce5195a7a61da10946ecbaf3b0284e956cb1e40f191303f6a09f4ae029,352,1.0,97.785101,119403,2913835,61ff7589c0a24cac24697b5381d683373939654a07dab404e76b1f9b92a624f0,True,SUCCESS_H2S,False,REDSTAR,544.118536,True,240.77619
8,SC_S1_C01_M03;SC_S2_C01_M03;SC_S3_C01_M03;SC_S4_C01_M03;SF_S1_C01_M03;SF_S2_C01_M03;SF_S3_C01_M03;SF_S4_C01_M03,0.022727272727272728,H2S,True,14,72.772738,119672,2914305,False,0.0,6.56792,,l_SW_C01_CORE_B_SW_C01_M03_CTRL,161.302544,False,ba8b68000c3fdced0ab4368572c055793dbf1c035e605df503bcf0b8337e5c67,True,332.0221345,23252992,1.5262684120838335,True,48.627768,profiles/M_REDSTAR/l_SW_C01_CORE_B_SW_C01_M03_CTRL.json,6bafa7627a67be68fe48e5c0f22a3e1778c80426f3b813cbc190a0badf7a82f6,True,1,352,93385069892c0c5e3636e2c3d37e2a82b5c59e05544bbb33db9c90e0d4d9a331,M,M_REDSTAR,6e5a88e3a6536377cdd97d3b3c342c26294130098a0b71326db850b86f5b7b24,352,1.0,88.52980600000001,119410,2913835,36caedbd6191c2f9025bf0a18c16613a930d92c67153e6505d948bd58d8a2f60,True,SUCCESS_H2S,False,REDSTAR,506.754896,True,233.712299
8,SC_S1_C01_M03;SC_S2_C01_M03;SC_S3_C01_M03;SC_S4_C01_M03;SF_S1_C01_M03;SF_S2_C01_M03;SF_S3_C01_M03;SF_S4_C01_M03,0.022727272727272728,H2S,True,15,78.439551,119673,2914305,False,0.0,7.605029,,l_SW_C01_CORE_B_SW_C01_M03_SENS,172.750716,False,ba8b68000c3fdced0ab4368572c055793dbf1c035e605df503bcf0b8337e5c67,True,332.0221345,23085056,1.647139862598528,True,55.695311,profiles/M_REDSTAR/l_SW_C01_CORE_B_SW_C01_M03_SENS.json,ab206cd0e2369aadc7fd00376a1defb8a16285004679882b5f2b50ea24b7289b,True,1,352,93385069892c0c5e3636e2c3d37e2a82b5c59e05544bbb33db9c90e0d4d9a331,M,M_REDSTAR,e1cbe6c959e583d61fa1e67cad7906610e6c18aa4d9d39db82861dabfe122c79,352,1.0,94.31116500000002,119410,2913835,36caedbd6191c2f9025bf0a18c16613a930d92c67153e6505d948bd58d8a2f60,True,SUCCESS_H2S,False,REDSTAR,546.886893,True,247.461048
2,IC_NEXT_CC_C08;IC_PREV_CC_C02,0.005681818181818182,H2S,True,16,69.62903,119560,2914973,False,0.0,6.019488,,l_SW_C01_CORE_B_SW_FACTORY_CORE_B,187.597028,False,ba8b68000c3fdced0ab4368572c055793dbf1c035e605df503bcf0b8337e5c67,True,332.0221345,23244800,1.5771409872675222,True,47.890421,profiles/M_REDSTAR/l_SW_C01_CORE_B_SW_FACTORY_CORE_B.json,207763da90edd5ba0aea1be253808614ef5251b06bba2f490fc3da745a40e668,True,1,352,3aeed9e80c772c74a475e1a5ad93836271f62ee47865a7a17879d5e681b0a77f,M,M_REDSTAR,72fe167678e218882f66424cb340b3d8b0f2b9608c6822f0881cbf1a36f437ef,352,1.0,117.967998,119300,2914591,748932f6e636e55307ae74326522a509acdb8f1f7f17c1cda9409114d68ce749,True,SUCCESS_H2S,False,REDSTAR,523.645717,True,230.632191
8,COORD_CC_C02_PLC_C02_M01;COORD_CC_C02_PLC_C02_M02;COORD_CC_C02_PLC_C02_M03;IC_NEXT_CC_C02;IC_PREV_CC_C02;STAT_PLC_C02_M01;STAT_PLC_C02_M02;STAT_PLC_C02_M03,0.022727272727272728,H2S,True,17,70.43429900000001,119554,2914351,False,0.0,8.844571,,l_SW_C02_CC_SW_C02_CORE_A,162.814245,False,ba8b68000c3fdced0ab4368572c055793dbf1c035e605df503bcf0b8337e5c67,True,332.0221345,23236608,1.648814464807918,True,48.052973,profiles/M_REDSTAR/l_SW_C02_CC_SW_C02_CORE_A.json,326076bdbe36e2a979929415c948972b8a5f6e88b87772ea4aa07f07593b1de7,True,1,352,e639a12cc523d8a4def5dc6e49b312285430ad0926a31245cc2e96c9fedd0933,M,M_REDSTAR,c7a1d9456107f6ba7a648efb31e20e171d9a2e99bef6d0eb1513625f96ee1941,352,1.0,92.37994599999999,119261,2913855,817fd40e40ef2cb9b74fc2dabed068f983ce15e74eb573087726e35ce3b437c7,True,SUCCESS_H2S,False,REDSTAR,547.442898,True,259.959565
2,IC_NEXT_CC_C01;IC_PREV_CC_C03,0.005681818181818182,H2S,True,18,71.59827800000001,119526,2914219,False,0.0,7.148784,,l_SW_C02_CC_SW_C02_CORE_B,164.549325,False,ba8b68000c3fdced0ab4368572c055793dbf1c035e605df503bcf0b8337e5c67,True,332.0221345,23076864,1.52937461764315,True,55.495043,profiles/M_REDSTAR/l_SW_C02_CC_SW_C02_CORE_B.json,8cbe745fb419ccfd26ac89fdd467563734efb202d4d9f25f589e887f1c4a7fea,True,1,352,614dbea6988f75bd77f2f29936e3429d1c7fd7d6f07eca3d0df58ab7f62c8e1c,M,M_REDSTAR,fa09b9bc81a726f3209aa30ac5b0a5aed56560ac686cd35f2a2f11da17be4606,352,1.0,92.951047,119267,2913861,62409ef0715253cd4781b1bcd0dea37779c6d626a99cc39ab0e2cba9dbfcf077,True,SUCCESS_H2S,False,REDSTAR,507.786225,True,227.993588
4,CMD_PLC_C02_M01_A1_C02_M01;CMD_PLC_C02_M01_A2_C02_M01;CMD_PLC_C02_M01_A3_C02_M01;CMD_PLC_C02_M01_A4_C02_M01,0.011363636363636364,H2S,True,19,78.23451200000001,119579,2915008,False,0.0,9.391194,,l_SW_C02_CORE_A_SW_C02_M01_ACT,193.533928,False,ba8b68000c3fdced0ab4368572c055793dbf1c035e605df503bcf0b8337e5c67,True,332.0221345,23080960,1.5561414505634412,True,42.213617,profiles/M_REDSTAR/l_SW_C02_CORE_A_SW_C02_M01_ACT.json,8284222c057c940d6cd07a5a3f2486a413f3f5cf076eb53885467102535a1025,True,1,352,7e757ba0d0783bfe63b727058cc1a5b10c45288c9dc2a966698172893adf60ab,M,M_REDSTAR,2c5bf1178c57c0763ea19d9c4ced3970d2d2ffaf775c607044445217ea9ed2fc,352,1.0,115.299416,119317,2914553,d79731d7df4ce87edf457599913d754ce22c1bc6d3ef111d057a06faa0e3c334,True,SUCCESS_H2S,False,REDSTAR,516.673406,True,223.536296
6,CMD_PLC_C02_M01_A1_C02_M01;CMD_PLC_C02_M01_A2_C02_M01;CMD_PLC_C02_M01_A3_C02_M01;CMD_PLC_C02_M01_A4_C02_M01;COORD_CC_C02_PLC_C02_M01;STAT_PLC_C02_M01,0.017045454545454544,H2S,True,20,67.608538,119631,2914696,False,0.0,7.137676,,l_SW_C02_CORE_A_SW_C02_M01_CTRL,150.03301,False,ba8b68000c3fdced0ab4368572c055793dbf1c035e605df503bcf0b8337e5c67,True,332.0221345,23080960,1.4387648242770996,True,50.093067,profiles/M_REDSTAR/l_SW_C02_CORE_A_SW_C02_M01_CTRL.json,460faa7dd3c10d228e407420e86da4074b523028f24fc85e8254309b28c0cd64,True,1,352,33acc0221c92fb7bb414020be6ad3eb1c442efdd0a80b7ac077b03f06f9583a8,M,M_REDSTAR,95d60d45275685e59b5bd4cc1a14d176ace59a632c2710ff980b45d82eaad41c,352,1.0,82.424472,119349,2914192,aceb3cebcf5a8421512f99537690e94895536b1a9c265fc5fbb5c83abbcbe27f,True,SUCCESS_H2S,False,REDSTAR,477.701768,True,217.394595
4,CMD_PLC_C02_M02_A1_C02_M02;CMD_PLC_C02_M02_A2_C02_M02;CMD_PLC_C02_M02_A3_C02_M02;CMD_PLC_C02_M02_A4_C02_M02,0.011363636363636364,H2S,True,21,78.29228,119584,2915006,False,0.0,9.564255,,l_SW_C02_CORE_A_SW_C02_M02_ACT,167.250737,False,ba8b68000c3fdced0ab4368572c055793dbf1c035e605df503bcf0b8337e5c67,True,332.0221345,23244800,1.5087515648749616,True,47.826987,profiles/M_REDSTAR/l_SW_C02_CORE_A_SW_C02_M02_ACT.json,1d8e8385fabcd4880d0ca3311ebec793460be8f34e0dc08886da9a49fc0ed173,True,1,352,7c3921923e4500d1273d4c574919d257f841f9bc320fee9798db20431118260e,M,M_REDSTAR,c8f87daf79f59ecff02605b4f8bc9f0711a898c6a7a825bf61c58bd39ea5ee15,352,1.0,88.95845699999998,119318,2914551,0c1e15f6a7450516df491b684903f7179d7d0c88dee30c628c64c3ffad95b3ba,True,SUCCESS_H2S,False,REDSTAR,500.938915,True,224.820266
6,CMD_PLC_C02_M02_A1_C02_M02;CMD_PLC_C02_M02_A2_C02_M02;CMD_PLC_C02_M02_A3_C02_M02;CMD_PLC_C02_M02_A4_C02_M02;COORD_CC_C02_PLC_C02_M02;STAT_PLC_C02_M02,0.017045454545454544,H2S,True,22,77.981092,119629,2914696,False,0.0,6.836616,,l_SW_C02_CORE_A_SW_C02_M02_CTRL,180.303808,False,ba8b68000c3fdced0ab4368572c055793dbf1c035e605df503bcf0b8337e5c67,True,332.0221345,23252992,1.5739197833510705,True,44.99296,profiles/M_REDSTAR/l_SW_C02_CORE_A_SW_C02_M02_CTRL.json,b8c8e2c6cf2402f02b9acae8fbf910aaf18059f55c35865d262273c3e657e265,True,1,352,6512483e987b35f72a06bafc5c23448e3f130bc6f5f6c7554a13a4409ab0b6c8,M,M_REDSTAR,6f03c759077a3710cefa24be47e9dfe0e923c1ffe07dfef23aea5baa4ab580e7,352,1.0,102.322716,119356,2914192,58b977a16b6761f21343b97133d0c12507878b5b2695f7d6a2920e5ea1b0d1fc,True,SUCCESS_H2S,False,REDSTAR,522.576206,True,236.972006
4,CMD_PLC_C02_M03_A1_C02_M03;CMD_PLC_C02_M03_A2_C02_M03;CMD_PLC_C02_M03_A3_C02_M03;CMD_PLC_C02_M03_A4_C02_M03,0.011363636363636364,H2S,True,23,79.21136800000001,119583,2915016,False,0.0,11.147426,,l_SW_C02_CORE_A_SW_C02_M03_ACT,170.374827,False,ba8b68000c3fdced0ab4368572c055793dbf1c035e605df503bcf0b8337e5c67,True,332.0221345,23244800,1.5497729323826148,True,58.890201,profiles/M_REDSTAR/l_SW_C02_CORE_A_SW_C02_M03_ACT.json,f3fa1770cdfd741625e229140b9c27c4dcf74bf9e9755ba85970d626e0ae7f96,True,1,352,e7e33b2665ba70824313e4fc74436b75d795a19518ae893669fc78ce406631eb,M,M_REDSTAR,ffe1e91876784bbf0457095502756f16c8516bf45302d8ce459d753c57387b92,352,1.0,91.163459,119316,2914561,d5376225f5844b1f679df584f95aceb389b64efd34e49541e8bc095081884bdb,True,SUCCESS_H2S,False,REDSTAR,514.558917,True,224.345354
6,CMD_PLC_C02_M03_A1_C02_M03;CMD_PLC_C02_M03_A2_C02_M03;CMD_PLC_C02_M03_A3_C02_M03;CMD_PLC_C02_M03_A4_C02_M03;COORD_CC_C02_PLC_C02_M03;STAT_PLC_C02_M03,0.017045454545454544,H2S,True,24,73.654386,119619,2914682,False,0.0,6.765096,,l_SW_C02_CORE_A_SW_C02_M03_CTRL,165.113548,False,ba8b68000c3fdced0ab4368572c055793dbf1c035e605df503bcf0b8337e5c67,True,332.0221345,23248896,1.6166603675635367,True,88.197443,profiles/M_REDSTAR/l_SW_C02_CORE_A_SW_C02_M03_CTRL.json,d31e8266df4d89435b932dea6234d16c57449227ec1647b623d1e1f38f8b478f,True,1,352,5e3d9199888aab09f471bb0745acfea4cfc28c391955dc2f858614fea7ef41c7,M,M_REDSTAR,e98b405f3fa1d66831aecc4806b89e5488d07aec39578fd4840148ee2a86c9d4,352,1.0,91.459162,119340,2914178,dc32559e9476d60eb012161c063883f9e779a040e0af8d5f07571916ede0ef48,True,SUCCESS_H2S,False,REDSTAR,536.767026,True,217.419286
2,IC_NEXT_CC_C02;IC_PREV_CC_C02,0.005681818181818182,H2S,True,25,73.61804099999999,119641,2916030,False,0.0,7.380956,,l_SW_C02_CORE_A_SW_FACTORY_CORE_B,181.670794,False,ba8b68000c3fdced0ab4368572c055793dbf1c035e605df503bcf0b8337e5c67,True,332.0221345,23244800,1.5173609728118895,True,46.402493,profiles/M_REDSTAR/l_SW_C02_CORE_A_SW_FACTORY_CORE_B.json,a86bc737a0e39ef9ec7cf37adbe78ec5e190aa11cd9db8bbfae3de74e244d166,True,1,352,1242cbccce6d8d92fbeec6bf840b4fe0627924b9789cc2513ee3e93a682ca6e1,M,M_REDSTAR,ccd4c4501957f30ac638b38ae0d146b3ffe86847bc23e56878261cd2408b2be7,352,1.0,108.05275300000001,119377,2915648,c797a6892af3a0484e8f3372911da698290a79dbcc33e3c5bf33e97f811ea51b,True,SUCCESS_H2S,False,REDSTAR,503.797429,True,219.009662
8,SC_S1_C02_M01;SC_S2_C02_M01;SC_S3_C02_M01;SC_S4_C02_M01;SF_S1_C02_M01;SF_S2_C02_M01;SF_S3_C02_M01;SF_S4_C02_M01,0.022727272727272728,H2S,True,26,72.674943,119680,2914309,False,0.0,9.661168,,l_SW_C02_CORE_B_SW_C02_M01_CTRL,165.522631,False,ba8b68000c3fdced0ab4368572c055793dbf1c035e605df503bcf0b8337e5c67,True,332.0221345,23252992,1.5222540140618246,True,50.406538,profiles/M_REDSTAR/l_SW_C02_CORE_B_SW_C02_M01_CTRL.json,1d0ae60b9d30fd047733cc1cca6305cb3b163381a363c8e66101f4f10bfe2232,True,1,352,ee27c36023ec87765a33d36bf1818c45d286693fef469bbe8476c6f7573d3bad,M,M_REDSTAR,eb8994d887e127b465b49ccd2fdb296f204a6b756f4ebd0763c3e6d479e5a643,352,1.0,92.84768799999999,119409,2913839,d9d43b25eb693e351e26dabbf6dca517f5799ccaa34bfa81c6212f46e62c2f4f,True,SUCCESS_H2S,False,REDSTAR,505.422027,True,225.141829
8,SC_S1_C02_M01;SC_S2_C02_M01;SC_S3_C02_M01;SC_S4_C02_M01;SF_S1_C02_M01;SF_S2_C02_M01;SF_S3_C02_M01;SF_S4_C02_M01,0.022727272727272728,H2S,True,27,69.576392,119681,2914309,False,0.0,7.607122,,l_SW_C02_CORE_B_SW_C02_M01_SENS,161.083853,False,ba8b68000c3fdced0ab4368572c055793dbf1c035e605df503bcf0b8337e5c67,True,332.0221345,23244800,1.5316963995965156,True,48.400655,profiles/M_REDSTAR/l_SW_C02_CORE_B_SW_C02_M01_SENS.json,1267f478018eb554ac1bb9b19356ecd7748986822133652ca2ac50facb31be88,True,1,352,ee27c36023ec87765a33d36bf1818c45d286693fef469bbe8476c6f7573d3bad,M,M_REDSTAR,50104d696026b92e62b45125642723bef7c2fc63ae6b90597e513935998ff0d3,352,1.0,91.507461,119409,2913839,d9d43b25eb693e351e26dabbf6dca517f5799ccaa34bfa81c6212f46e62c2f4f,True,SUCCESS_H2S,False,REDSTAR,508.557108,True,234.94347
8,SC_S1_C02_M02;SC_S2_C02_M02;SC_S3_C02_M02;SC_S4_C02_M02;SF_S1_C02_M02;SF_S2_C02_M02;SF_S3_C02_M02;SF_S4_C02_M02,0.022727272727272728,H2S,True,28,75.72579,119669,2914309,False,0.0,9.406864,,l_SW_C02_CORE_B_SW_C02_M02_CTRL,186.607582,False,ba8b68000c3fdced0ab4368572c055793dbf1c035e605df503bcf0b8337e5c67,True,332.0221345,23085056,1.5460512015954164,True,46.939448,profiles/M_REDSTAR/l_SW_C02_CORE_B_SW_C02_M02_CTRL.json,0bb2876b1d3c2e224aae0bf8952bc0fddd41c38200aaa95c62c8257a42face36,True,1,352,1113d96f2c283413da0254934e20b898e2841c5f072b08733b1d2e09bc8f39a2,M,M_REDSTAR,bb93f0d6b35a27d1125e05248954713828232e51a26ea4824f2b4bf608233cd4,352,1.0,110.881792,119401,2913839,c199790eb40e51c3be90c1a80398c81dd5647ff2d31eee71e86bea58d08e562e,True,SUCCESS_H2S,False,REDSTAR,513.32322,True,214.581219
8,SC_S1_C02_M02;SC_S2_C02_M02;SC_S3_C02_M02;SC_S4_C02_M02;SF_S1_C02_M02;SF_S2_C02_M02;SF_S3_C02_M02;SF_S4_C02_M02,0.022727272727272728,H2S,True,29,70.425698,119671,2914309,False,0.0,6.436752,,l_SW_C02_CORE_B_SW_C02_M02_SENS,165.853825,False,ba8b68000c3fdced0ab4368572c055793dbf1c035e605df503bcf0b8337e5c67,True,332.0221345,23085056,1.548864628481569,True,60.78775,profiles/M_REDSTAR/l_SW_C02_CORE_B_SW_C02_M02_SENS.json,03ace3af7ddc26596880951695a5a468cacb1f30e7a9697ecd9a1d6416a3edaf,True,1,352,1113d96f2c283413da0254934e20b898e2841c5f072b08733b1d2e09bc8f39a2,M,M_REDSTAR,569ed2e3fdbb3d5fa943dfb45f9dc30329dd12a33adffa5a01e701c3410904de,352,1.0,95.428127,119401,2913839,c199790eb40e51c3be90c1a80398c81dd5647ff2d31eee71e86bea58d08e562e,True,SUCCESS_H2S,False,REDSTAR,514.25734,True,225.32149
8,SC_S1_C02_M03;SC_S2_C02_M03;SC_S3_C02_M03;SC_S4_C02_M03;SF_S1_C02_M03;SF_S2_C02_M03;SF_S3_C02_M03;SF_S4_C02_M03,0.022727272727272728,H2S,True,30,71.524942,119682,2914309,False,0.0,8.937738,,l_SW_C02_CORE_B_SW_C02_M03_CTRL,162.565545,False,ba8b68000c3fdced0ab4368572c055793dbf1c035e605df503bcf0b8337e5c67,True,332.0221345,23248896,1.60671707265348,True,78.437405,profiles/M_REDSTAR/l_SW_C02_CORE_B_SW_C02_M03_CTRL.json,ab135eda8ec4cf9b6f52f86368c373eb8719c23e2acde08944f5befa66602730,True,1,352,6b403f7b02848a53d4fe52dd7a793a1b14c51093c58416806f9a01c67c6d73d3,M,M_REDSTAR,00ddd7fc24101eff6cd2914b6b4968788894dea48b3c6c72a73554e0df9caa08,352,1.0,91.04060299999999,119411,2913839,c9c001f5c3e6bb61479c5d4352baee30bc8972c4cbd7df4e0142f87412b1eedc,True,SUCCESS_H2S,False,REDSTAR,533.465632,True,220.211884
8,SC_S1_C02_M03;SC_S2_C02_M03;SC_S3_C02_M03;SC_S4_C02_M03;SF_S1_C02_M03;SF_S2_C02_M03;SF_S3_C02_M03;SF_S4_C02_M03,0.022727272727272728,H2S,True,31,71.357964,119683,2914309,False,0.0,7.177971,,l_SW_C02_CORE_B_SW_C02_M03_SENS,174.474851,False,ba8b68000c3fdced0ab4368572c055793dbf1c035e605df503bcf0b8337e5c67,True,332.0221345,23080960,1.615701365235335,True,48.076483,profiles/M_REDSTAR/l_SW_C02_CORE_B_SW_C02_M03_SENS.json,5248652cf6fdd402875f3d0987532c1a561643d71f8aa2c4be28748768bbe04d,True,1,352,6b403f7b02848a53d4fe52dd7a793a1b14c51093c58416806f9a01c67c6d73d3,M,M_REDSTAR,762cd76e95200a59e45da3fab8292e3111e5cf83985b6686e40448e79196e2e2,352,1.0,103.116887,119411,2913839,c9c001f5c3e6bb61479c5d4352baee30bc8972c4cbd7df4e0142f87412b1eedc,True,SUCCESS_H2S,False,REDSTAR,536.448616,True,247.313911
2,IC_NEXT_CC_C01;IC_PREV_CC_C03,0.005681818181818182,H2S,True,32,72.672698,119611,2915300,False,0.0,11.178823,,l_SW_C02_CORE_B_SW_FACTORY_CORE_B,163.255011,False,ba8b68000c3fdced0ab4368572c055793dbf1c035e605df503bcf0b8337e5c67,True,332.0221345,23244800,1.590779972532223,True,53.201228,profiles/M_REDSTAR/l_SW_C02_CORE_B_SW_FACTORY_CORE_B.json,777621dd3e88bbb20a28cc49ff0955f110c8bd7ec14801e5e8eb07959314ae2f,True,1,352,83cce3e7fbed00bdb7f96123fc7cc6772c0a0b38344a531d69d053eab43fcf15,M,M_REDSTAR,79355deba010d4f8e70d456d40e03f693698fa024a9c5074aa9febc6a1c0c7a5,352,1.0,90.582313,119344,2914918,a057eaa94bef1c50086071a7ce6c6248c20e1470ef9dcea9fe227853d4e94f3a,True,SUCCESS_H2S,False,REDSTAR,528.174162,True,238.475336
8,COORD_CC_C03_PLC_C03_M01;COORD_CC_C03_PLC_C03_M02;COORD_CC_C03_PLC_C03_M03;IC_NEXT_CC_C03;IC_PREV_CC_C03;STAT_PLC_C03_M01;STAT_PLC_C03_M02;STAT_PLC_C03_M03,0.022727272727272728,H2S,True,33,75.73599,119571,2914395,False,0.0,7.371984,,l_SW_C03_CC_SW_C03_CORE_A,169.281381,False,ba8b68000c3fdced0ab4368572c055793dbf1c035e605df503bcf0b8337e5c67,True,332.0221345,23236608,1.5048112613106521,True,49.039336,profiles/M_REDSTAR/l_SW_C03_CC_SW_C03_CORE_A.json,db3389e0106e7a79b85c7cedd53722b687d94bcacbbeb591e9122e713c95d98b,True,1,352,05a39bc6628d73da184cd9164fdcde7e2b21623e6149895a710a03bd9ac15e3c,M,M_REDSTAR,ccb8ce2849dfa1cd19a707830f90aa69e41ed4ae63ad2c4ee53adfd02728d672,352,1.0,93.54539100000001,119279,2913899,9e4300ad1ca405c40353d24fe2668cd9f1c172a53889ec0bf9eb3d6fe4aa255c,True,SUCCESS_H2S,False,REDSTAR,499.630647,True,216.179587
2,IC_NEXT_CC_C02;IC_PREV_CC_C04,0.005681818181818182,H2S,True,34,70.271611,119508,2914217,False,0.0,9.630134,,l_SW_C03_CC_SW_C03_CORE_B,165.308813,False,ba8b68000c3fdced0ab4368572c055793dbf1c035e605df503bcf0b8337e5c67,True,332.0221345,23248896,1.535992679427823,True,68.529556,profiles/M_REDSTAR/l_SW_C03_CC_SW_C03_CORE_B.json,81ed61d1b4f7e97706b6adbab27ed81f0b7363cafa00e58870458e758ee25341,True,1,352,fbf5fcfab4446f7881f2e0036bf0903c6905f0f164989d570b29c1449c170f98,M,M_REDSTAR,94fe2badb688508621296c98c7dc2e134943e94b77b0e223c2de2bc532cddc33,352,1.0,95.037202,119247,2913859,b84257425f4c2bea184fbde0f9b0df234d984437142fa1dab817faa4ccb8c472,True,SUCCESS_H2S,False,REDSTAR,509.983568,True,214.147409
4,CMD_PLC_C03_M01_A1_C03_M01;CMD_PLC_C03_M01_A2_C03_M01;CMD_PLC_C03_M01_A3_C03_M01;CMD_PLC_C03_M01_A4_C03_M01,0.011363636363636364,H2S,True,35,71.02685,119579,2915024,False,0.0,7.780806,,l_SW_C03_CORE_A_SW_C03_M01_ACT,164.26643,False,ba8b68000c3fdced0ab4368572c055793dbf1c035e605df503bcf0b8337e5c67,True,332.0221345,23240704,1.5131389199595668,True,51.280129,profiles/M_REDSTAR/l_SW_C03_CORE_A_SW_C03_M01_ACT.json,4031a83cbf2cd65b32703941f690ddb5220f991ca7e6ca8cbca5653ae56083ec,True,1,352,171bfd5bff6fd9bdeef5a91fd980e1d795456e768bc50a700809268785d7918b,M,M_REDSTAR,8c2cddf4b7deef51422c169aab4f2512f087452d28b63a55ea2c99fe64437e8f,352,1.0,93.23958000000002,119317,2914569,97134c18870bea1ea611652e4c73b83c90056cc5c87fe5e49c891454c6de0ad3,True,SUCCESS_H2S,False,REDSTAR,502.395614,True,224.25923
6,CMD_PLC_C03_M01_A1_C03_M01;CMD_PLC_C03_M01_A2_C03_M01;CMD_PLC_C03_M01_A3_C03_M01;CMD_PLC_C03_M01_A4_C03_M01;COORD_CC_C03_PLC_C03_M01;STAT_PLC_C03_M01,0.017045454545454544,H2S,True,36,69.369276,119660,2914746,False,0.0,10.446003,,l_SW_C03_CORE_A_SW_C03_M01_CTRL,173.578296,False,ba8b68000c3fdced0ab4368572c055793dbf1c035e605df503bcf0b8337e5c67,True,332.0221345,23244800,1.6752681649903673,True,97.236873,profiles/M_REDSTAR/l_SW_C03_CORE_A_SW_C03_M01_CTRL.json,7e217c0fb93e7150f1ce4ac6e602660782cfb4560ebbc194b46c361c4e523596,True,1,352,e02b22de1085b46a4f1be8ca25a0ede346686311359a382fc72b46d734a8d792,M,M_REDSTAR,b33c1297356d5c60b0f09b24bf5ac95913e419f932185ffe0da315ab5cce5ca0,352,1.0,104.20902,119378,2914242,97e26cab155fac78f32022c1c4cbcf75cef1f2dd74fd7f4b5752d10063dbd878,True,SUCCESS_H2S,False,REDSTAR,556.226112,True,222.721361
4,CMD_PLC_C03_M02_A1_C03_M02;CMD_PLC_C03_M02_A2_C03_M02;CMD_PLC_C03_M02_A3_C03_M02;CMD_PLC_C03_M02_A4_C03_M02,0.011363636363636364,H2S,True,37,77.396828,119588,2915016,False,0.0,6.042249,,l_SW_C03_CORE_A_SW_C03_M02_ACT,170.952825,False,ba8b68000c3fdced0ab4368572c055793dbf1c035e605df503bcf0b8337e5c67,True,332.0221345,23085056,1.5126355589404235,True,47.442213,profiles/M_REDSTAR/l_SW_C03_CORE_A_SW_C03_M02_ACT.json,e128d25da9c88c112e6cc3dbe09e06ce19f765039c2d7e70d6ece7a5796b11b2,True,1,352,01f4aafb65ee9c7ed0d2104abb74bdc8de5a6c9ee6ff78cc2a4bee4ee7461b17,M,M_REDSTAR,95142a6c7818879aba6ad2d1e3148ace0bf4605a9f0c1079afa7f603c0416b42,352,1.0,93.55599699999999,119319,2914561,30ce5700f4bac11f2f346a7c29b29604bc0270fad43ebf9c82424722a404f9ff,True,SUCCESS_H2S,False,REDSTAR,502.228487,True,225.895365
6,CMD_PLC_C03_M02_A1_C03_M02;CMD_PLC_C03_M02_A2_C03_M02;CMD_PLC_C03_M02_A3_C03_M02;CMD_PLC_C03_M02_A4_C03_M02;COORD_CC_C03_PLC_C03_M02;STAT_PLC_C03_M02,0.017045454545454544,H2S,True,38,70.71521899999999,119642,2914688,False,0.0,9.367739,,l_SW_C03_CORE_A_SW_C03_M02_CTRL,160.14927,False,ba8b68000c3fdced0ab4368572c055793dbf1c035e605df503bcf0b8337e5c67,True,332.0221345,23085056,1.4849077690029728,True,49.714278,profiles/M_REDSTAR/l_SW_C03_CORE_A_SW_C03_M02_CTRL.json,4b162d8799d40b4d400c48a2c68ad2c23629cd0650cf821b4eabae29f3417fc1,True,1,352,b56361193c771d03cb34de0866a14a02001f59dbdb64076bf16f1672e4ff7756,M,M_REDSTAR,0a18e65fecaec9cf2434b02b7708ef25af116ad34f7f7a71ac32f0bf319cfcc2,352,1.0,89.43405100000001,119362,2914184,9cc54f0cb6c6db8bb20607e3e66d851e1848c8d1fe19d255da61a50fd1782139,True,SUCCESS_H2S,False,REDSTAR,493.022247,True,217.741163
4,CMD_PLC_C03_M03_A1_C03_M03;CMD_PLC_C03_M03_A2_C03_M03;CMD_PLC_C03_M03_A3_C03_M03;CMD_PLC_C03_M03_A4_C03_M03,0.011363636363636364,H2S,True,39,73.607399,119593,2915024,False,0.0,6.995761,,l_SW_C03_CORE_A_SW_C03_M03_ACT,173.392879,False,ba8b68000c3fdced0ab4368572c055793dbf1c035e605df503bcf0b8337e5c67,True,332.0221345,23244800,1.5319125056706122,True,44.301049,profiles/M_REDSTAR/l_SW_C03_CORE_A_SW_C03_M03_ACT.json,51c4cae39c255bed5f83d5bbd6d9293042fdcb6fc7c15515dfa645c4bbeb857c,True,1,352,53641cc621e078e6bf1a87bc691bc6dd5c4371016732962529b3f5701ef0bcb7,M,M_REDSTAR,1400f5355bcd9602d55d877e92bfd6f1d9f59bac969fb2382984ee841e934eb7,352,1.0,99.78547999999999,119326,2914569,14bd2f83199c60acb7b1ff7af8b6483b730ace772b20de6e6948d5ff795a2e1e,True,SUCCESS_H2S,False,REDSTAR,508.62886,True,227.448397
6,CMD_PLC_C03_M03_A1_C03_M03;CMD_PLC_C03_M03_A2_C03_M03;CMD_PLC_C03_M03_A3_C03_M03;CMD_PLC_C03_M03_A4_C03_M03;COORD_CC_C03_PLC_C03_M03;STAT_PLC_C03_M03,0.017045454545454544,H2S,True,40,73.485059,119642,2914710,False,0.0,6.278495,,l_SW_C03_CORE_A_SW_C03_M03_CTRL,170.035373,False,ba8b68000c3fdced0ab4368572c055793dbf1c035e605df503bcf0b8337e5c67,True,332.0221345,23085056,1.5547123621060874,True,51.499448,profiles/M_REDSTAR/l_SW_C03_CORE_A_SW_C03_M03_CTRL.json,7d0ee137d4feeb4be8ca45ecab0958b50f398d94a7b84a3eb640cd6e696023be,True,1,352,450331287ac9eff6501971f1d3d6f3c62cd92261262a18b37d96653350cd2c06,M,M_REDSTAR,d55a2c94d031abc3fd1c7dc9a584f4481c2e56b5da020651afdfd962eea27775,352,1.0,96.55031399999999,119360,2914206,e88ec41d302e7a425a168af4a818ba08c1d44090c969234dd11a05bf5ece2311,True,SUCCESS_H2S,False,REDSTAR,516.198917,True,230.850076
2,IC_NEXT_CC_C03;IC_PREV_CC_C03,0.005681818181818182,H2S,True,41,70.97463599999999,119599,2915679,False,0.0,5.525117,,l_SW_C03_CORE_A_SW_FACTORY_CORE_B,155.485065,False,ba8b68000c3fdced0ab4368572c055793dbf1c035e605df503bcf0b8337e5c67,True,332.0221345,23248896,1.6191782719835506,True,99.059999,profiles/M_REDSTAR/l_SW_C03_CORE_A_SW_FACTORY_CORE_B.json,0e3a53c9412067114dfa598e23c716b54f4935b4af75c372798d285005e0b39b,True,1,352,5542a05ea79ed5eed94b76007b4a8aa1532fa2f9f9cd9df5f51f0a49fe0bcc6c,M,M_REDSTAR,9a04856988279537f65cebe87fedaf110ee11be4c73688013836b23ade9f386b,352,1.0,84.510429,119332,2915297,974b1f0e84112431c44e2f1cbdd17aafd72d94f51a9d8aaf8ea087b507ac3544,True,SUCCESS_H2S,False,REDSTAR,537.603026,True,221.680098
8,SC_S1_C03_M01;SC_S2_C03_M01;SC_S3_C03_M01;SC_S4_C03_M01;SF_S1_C03_M01;SF_S2_C03_M01;SF_S3_C03_M01;SF_S4_C03_M01,0.022727272727272728,H2S,True,42,69.85730099999999,119669,2914311,False,0.0,6.428783,,l_SW_C03_CORE_B_SW_C03_M01_CTRL,172.95997,False,ba8b68000c3fdced0ab4368572c055793dbf1c035e605df503bcf0b8337e5c67,True,332.0221345,23252992,1.5266814990010853,True,48.501452,profiles/M_REDSTAR/l_SW_C03_CORE_B_SW_C03_M01_CTRL.json,d8b43063eaef8c0a8ecb030ca6bc57122896561f51936dc72fd0358b161d7857,True,1,352,7d4600f7eb35d243e61b5d7ff75c7503edce2830b780be0abec2e3cbe5e6add3,M,M_REDSTAR,e99b645a6c9111c2adc7cab12b70f394900aa8356954a99f537c066bead5d0f5,352,1.0,103.102669,119404,2913841,ec786535fdf503c92d088ff945d38acde1e4ba3f2e15235861165aa30481af1c,True,SUCCESS_H2S,False,REDSTAR,506.89205,True,226.153376
8,SC_S1_C03_M01;SC_S2_C03_M01;SC_S3_C03_M01;SC_S4_C03_M01;SF_S1_C03_M01;SF_S2_C03_M01;SF_S3_C03_M01;SF_S4_C03_M01,0.022727272727272728,H2S,True,43,79.963255,119670,2914311,False,0.0,6.903357,,l_SW_C03_CORE_B_SW_C03_M01_SENS,176.970199,False,ba8b68000c3fdced0ab4368572c055793dbf1c035e605df503bcf0b8337e5c67,True,332.0221345,23252992,1.5651812846230588,True,51.116359,profiles/M_REDSTAR/l_SW_C03_CORE_B_SW_C03_M01_SENS.json,dd8255c62bd5d56c00b2e79d3139fbae37bad4ef2e8494556e63bab7c1571300,True,1,352,7d4600f7eb35d243e61b5d7ff75c7503edce2830b780be0abec2e3cbe5e6add3,M,M_REDSTAR,e9236983f105f87d45623920e5c91150a0866ea56ce923c446d25422839a4f39,352,1.0,97.006944,119404,2913841,ec786535fdf503c92d088ff945d38acde1e4ba3f2e15235861165aa30481af1c,True,SUCCESS_H2S,False,REDSTAR,519.674831,True,232.516658
8,SC_S1_C03_M02;SC_S2_C03_M02;SC_S3_C03_M02;SC_S4_C03_M02;SF_S1_C03_M02;SF_S2_C03_M02;SF_S3_C03_M02;SF_S4_C03_M02,0.022727272727272728,H2S,True,44,68.362567,119664,2914315,False,0.0,5.828691,,l_SW_C03_CORE_B_SW_C03_M02_CTRL,162.722575,False,ba8b68000c3fdced0ab4368572c055793dbf1c035e605df503bcf0b8337e5c67,True,332.0221345,23252992,1.50479103976726,True,47.481141,profiles/M_REDSTAR/l_SW_C03_CORE_B_SW_C03_M02_CTRL.json,97e84c1afb2ac4327cc21e28368e21820b70115bd46d1091872d1452cbbb68f1,True,1,352,e409564c6cea13f14b3d9821d642c65fb63b74aa02a9fa5027fcb1c75e91e388,M,M_REDSTAR,bcc1bf32a059950ca6609b6ce8866859cef78200cefd0328f22a9259131ef796,352,1.0,94.36000800000001,119393,2913845,b8dd118a79ed5c68c4968296baace0de6a1a8875b66efde2d4ebb5e407da0222,True,SUCCESS_H2S,False,REDSTAR,499.623933,True,228.161133
8,SC_S1_C03_M02;SC_S2_C03_M02;SC_S3_C03_M02;SC_S4_C03_M02;SF_S1_C03_M02;SF_S2_C03_M02;SF_S3_C03_M02;SF_S4_C03_M02,0.022727272727272728,H2S,True,45,70.780763,119664,2914315,False,0.0,6.686553,,l_SW_C03_CORE_B_SW_C03_M02_SENS,179.68788,False,ba8b68000c3fdced0ab4368572c055793dbf1c035e605df503bcf0b8337e5c67,True,332.0221345,23085056,1.5397477844959762,True,45.969294,profiles/M_REDSTAR/l_SW_C03_CORE_B_SW_C03_M02_SENS.json,cedce69ac802dd1b9b9bd1b09d18dfc867d0d1ad1b7832a81986f7ca52a50c98,True,1,352,e409564c6cea13f14b3d9821d642c65fb63b74aa02a9fa5027fcb1c75e91e388,M,M_REDSTAR,fe6fea5c4d844037b4c157f1f74341760b01d0137cea50ffa527be73aa705303,352,1.0,108.90711700000001,119393,2913845,b8dd118a79ed5c68c4968296baace0de6a1a8875b66efde2d4ebb5e407da0222,True,SUCCESS_H2S,False,REDSTAR,511.230346,True,226.472869
8,SC_S1_C03_M03;SC_S2_C03_M03;SC_S3_C03_M03;SC_S4_C03_M03;SF_S1_C03_M03;SF_S2_C03_M03;SF_S3_C03_M03;SF_S4_C03_M03,0.022727272727272728,H2S,True,46,76.57923899999999,119663,2914313,False,0.0,10.210559,,l_SW_C03_CORE_B_SW_C03_M03_CTRL,168.829093,False,ba8b68000c3fdced0ab4368572c055793dbf1c035e605df503bcf0b8337e5c67,True,332.0221345,23089152,1.558639946638859,True,58.438256,profiles/M_REDSTAR/l_SW_C03_CORE_B_SW_C03_M03_CTRL.json,47db96f56952198b1f917acca57d50f3f9c93507beb184cce9499560a49da75a,True,1,352,14135c34dcc9634fe32c28ff596950d64b3ccf2d0229b7e906df7bb6793a0e83,M,M_REDSTAR,fe22f6ca3fce2b36ce2154112ebb14cefc8478aa563fa5afaae2ddbc52f41d85,352,1.0,92.24985400000001,119398,2913843,47b6ae70a2c100a5513f6a68429152aee36024d1af20761df8e6f525026f92cb,True,SUCCESS_H2S,False,REDSTAR,517.502962,True,225.959682
8,SC_S1_C03_M03;SC_S2_C03_M03;SC_S3_C03_M03;SC_S4_C03_M03;SF_S1_C03_M03;SF_S2_C03_M03;SF_S3_C03_M03;SF_S4_C03_M03,0.022727272727272728,H2S,True,47,75.01774499999999,119664,2914313,False,0.0,8.300108,,l_SW_C03_CORE_B_SW_C03_M03_SENS,165.962407,False,ba8b68000c3fdced0ab4368572c055793dbf1c035e605df503bcf0b8337e5c67,True,332.0221345,23248896,1.5424421681139455,True,56.470096,profiles/M_REDSTAR/l_SW_C03_CORE_B_SW_C03_M03_SENS.json,83f9f12e104c47548cd92f42d3b909dc700afbc6dff8fc9e07eb04f35de26215,True,1,352,14135c34dcc9634fe32c28ff596950d64b3ccf2d0229b7e906df7bb6793a0e83,M,M_REDSTAR,d2d3702826b03c0d191b5384ccb070b1abc148fdc13ee0d77e8f0bca36c02dbe,352,1.0,90.94466200000002,119398,2913843,47b6ae70a2c100a5513f6a68429152aee36024d1af20761df8e6f525026f92cb,True,SUCCESS_H2S,False,REDSTAR,512.124941,True,222.482384
2,IC_NEXT_CC_C02;IC_PREV_CC_C04,0.005681818181818182,H2S,True,48,73.529786,119611,2915292,False,0.0,6.268452,,l_SW_C03_CORE_B_SW_FACTORY_CORE_B,184.480751,False,ba8b68000c3fdced0ab4368572c055793dbf1c035e605df503bcf0b8337e5c67,True,332.0221345,23244800,1.7946002603028262,True,99.012152,profiles/M_REDSTAR/l_SW_C03_CORE_B_SW_FACTORY_CORE_B.json,0fc538620e22af7cbb62fd2cf5aca03a9be66080234abf8059e335b1eef079e3,True,1,352,125e62552ddcf881361cee608beedeec92fe05490531b6186e2822995af712c6,M,M_REDSTAR,2d69a34d3ee87ea7065cd4a3379c9abee1ef2c94e9ae4d62ff2ae032d96bd570,352,1.0,110.950965,119346,2914910,bbf0a227a6272656a15e30905ac8921977d7f6455c2d6080319401d38410db8d,True,SUCCESS_H2S,False,REDSTAR,595.847009,True,244.413612
8,COORD_CC_C04_PLC_C04_M01;COORD_CC_C04_PLC_C04_M02;COORD_CC_C04_PLC_C04_M03;IC_NEXT_CC_C04;IC_PREV_CC_C04;STAT_PLC_C04_M01;STAT_PLC_C04_M02;STAT_PLC_C04_M03,0.022727272727272728,H2S,True,49,70.303353,119568,2914371,False,0.0,8.168039,,l_SW_C04_CC_SW_C04_CORE_A,167.505229,False,ba8b68000c3fdced0ab4368572c055793dbf1c035e605df503bcf0b8337e5c67,True,332.0221345,23072768,1.570733766847704,True,50.669648,profiles/M_REDSTAR/l_SW_C04_CC_SW_C04_CORE_A.json,f376b95eec0ad443f9bd269f1d87e5f3dcd334c0159dfe4f05ccf29a91f136b3,True,1,352,61909586a2200131a9b1a6de51dce86769dba12ccd37fd0a4faff8ff29ce7e13,M,M_REDSTAR,fe4aff4ccdf606a2c16ab7e75ecb967d32eddbd48e116928874b4a1e8375fdbb,352,1.0,97.20187600000001,119277,2913875,6759c0fec50c8e841c350bd3167558ac6c7d3bfee2edd5595036c327bc8ca1bf,True,SUCCESS_H2S,False,REDSTAR,521.518378,True,239.050186
2,IC_NEXT_CC_C03;IC_PREV_CC_C05,0.005681818181818182,H2S,True,50,73.78691900000001,119529,2914217,False,0.0,5.449684,,l_SW_C04_CC_SW_C04_CORE_B,164.196511,False,ba8b68000c3fdced0ab4368572c055793dbf1c035e605df503bcf0b8337e5c67,True,332.0221345,23080960,1.568377062523824,True,57.835812,profiles/M_REDSTAR/l_SW_C04_CC_SW_C04_CORE_B.json,0b2867527f8518dcef4ed560b69226186f98de6ef6ab2892709d5c9eb5b1414e,True,1,352,b0a3305c542fc40af0b8ae24765465cce531777c1f52d85545920bad9bff165f,M,M_REDSTAR,e69eca543d1f6be4795abd60a73fa8f1f7a2caf2fb96c83ae41a9b97b12a1680,352,1.0,90.40959199999998,119269,2913859,8e12cf465dcd9a11646ea12aa117e9943210c2deab0fabde54e0f80e1cbc7980,True,SUCCESS_H2S,False,REDSTAR,520.7359,True,238.326122
4,CMD_PLC_C04_M01_A1_C04_M01;CMD_PLC_C04_M01_A2_C04_M01;CMD_PLC_C04_M01_A3_C04_M01;CMD_PLC_C04_M01_A4_C04_M01,0.011363636363636364,H2S,True,51,69.715947,119591,2915016,False,0.0,8.741583,,l_SW_C04_CORE_A_SW_C04_M01_ACT,166.384657,False,ba8b68000c3fdced0ab4368572c055793dbf1c035e605df503bcf0b8337e5c67,True,332.0221345,23248896,1.538731084207279,True,45.575502,profiles/M_REDSTAR/l_SW_C04_CORE_A_SW_C04_M01_ACT.json,9911cba560f70d45dc61d7329b25b00303ef2ddbd5dececd89ae4d19d90ba3a4,True,1,352,d32535473e3db552312b204b32ff113b5ad5cbe968afe45d12010dba13bd43e8,M,M_REDSTAR,1cf955b08bd129f3e256175ef294250e62c21701c4f2f519e6db726a1bea1c51,352,1.0,96.66871,119329,2914561,8ff71539b3d0230ec5cf0868aa6c454f4243d801f1f2660325216a9c84b507ac,True,SUCCESS_H2S,False,REDSTAR,510.892779,True,237.406821
6,CMD_PLC_C04_M01_A1_C04_M01;CMD_PLC_C04_M01_A2_C04_M01;CMD_PLC_C04_M01_A3_C04_M01;CMD_PLC_C04_M01_A4_C04_M01;COORD_CC_C04_PLC_C04_M01;STAT_PLC_C04_M01,0.017045454545454544,H2S,True,52,72.179294,119649,2914698,False,0.0,7.168189,,l_SW_C04_CORE_A_SW_C04_M01_CTRL,172.065358,False,ba8b68000c3fdced0ab4368572c055793dbf1c035e605df503bcf0b8337e5c67,True,332.0221345,23080960,1.5218885775821673,True,47.403915,profiles/M_REDSTAR/l_SW_C04_CORE_A_SW_C04_M01_CTRL.json,8e746fa8c718f55bc9ce6469d1cdc61b7ef89fee5c499a5e19bc4595e5c624ed,True,1,352,7d8bc64ad1331ad614563edfed825c5e5d6a00f48edd2b928eb025ebd6205075,M,M_REDSTAR,aac20b862c3aba0b1fe5209c4a0b345745877cfcffea4fd74d545b022a99e84a,352,1.0,99.886064,119369,2914194,8c01b72445bfec155c2711b8c6aca5a2ca2a6317c4cb5a9d4fc6bbb51a17e006,True,SUCCESS_H2S,False,REDSTAR,505.300694,True,224.286429
4,CMD_PLC_C04_M02_A1_C04_M02;CMD_PLC_C04_M02_A2_C04_M02;CMD_PLC_C04_M02_A3_C04_M02;CMD_PLC_C04_M02_A4_C04_M02,0.011363636363636364,H2S,True,53,73.05415699999999,119580,2915016,False,0.0,5.173096,,l_SW_C04_CORE_A_SW_C04_M02_ACT,177.992873,False,ba8b68000c3fdced0ab4368572c055793dbf1c035e605df503bcf0b8337e5c67,True,332.0221345,23244800,1.5410761537646822,True,52.951255,profiles/M_REDSTAR/l_SW_C04_CORE_A_SW_C04_M02_ACT.json,6011b979bb15adc7b6410ac030a7962db4ab1b26c77fa7440ac2cbec841388c3,True,1,352,5c9b1a211bd4d770ec01a339131d4c7bc7ba4999140c5e0fa1a2ecf80e4ecbb2,M,M_REDSTAR,5780fdac7dc45d8b4a58d53a466c5173e36453cb21265e4f1db25e3823515628,352,1.0,104.93871600000001,119320,2914561,a61236e3847e623f844c14034d74763591f607e12b189efb3872447f4164dafa,True,SUCCESS_H2S,False,REDSTAR,511.671394,True,209.865369
6,CMD_PLC_C04_M02_A1_C04_M02;CMD_PLC_C04_M02_A2_C04_M02;CMD_PLC_C04_M02_A3_C04_M02;CMD_PLC_C04_M02_A4_C04_M02;COORD_CC_C04_PLC_C04_M02;STAT_PLC_C04_M02,0.017045454545454544,H2S,True,54,68.849391,119654,2914700,False,0.0,9.510087,,l_SW_C04_CORE_A_SW_C04_M02_CTRL,179.116092,False,ba8b68000c3fdced0ab4368572c055793dbf1c035e605df503bcf0b8337e5c67,True,332.0221345,23252992,1.5759693334541829,True,51.89225,profiles/M_REDSTAR/l_SW_C04_CORE_A_SW_C04_M02_CTRL.json,5dd92cc58ce2895292debce5762474d72540c30a2552ea765c1b60896384de97,True,1,352,6ead80d9a1a627812d6ce570c9b431c8f33838e0e30ad8d89ea6df505ce293bf,M,M_REDSTAR,7046bf922348b98f800dd5ea8d8fb6e805b53d78e1a3ab59a54181e89f8a7cdb,352,1.0,110.26670100000001,119369,2914196,867cf5fdc2de8f1a38fecb27bab0cb06cfa8396b8f87a889764edb7a24431cb5,True,SUCCESS_H2S,False,REDSTAR,523.256702,True,236.70408
4,CMD_PLC_C04_M03_A1_C04_M03;CMD_PLC_C04_M03_A2_C04_M03;CMD_PLC_C04_M03_A3_C04_M03;CMD_PLC_C04_M03_A4_C04_M03,0.011363636363636364,H2S,True,55,67.851324,119589,2915008,False,0.0,7.750906,,l_SW_C04_CORE_A_SW_C04_M03_ACT,157.825909,False,ba8b68000c3fdced0ab4368572c055793dbf1c035e605df503bcf0b8337e5c67,True,332.0221345,23080960,1.441128787153195,True,45.413429,profiles/M_REDSTAR/l_SW_C04_CORE_A_SW_C04_M03_ACT.json,53eda46fc4e06b22aa3878f7973be74eb5f5ebd6f501123e197e6aa7fb3a3788,True,1,352,e38e9a37f811a2b519c24e839d29aae33d61b30a29a1191d66f1e3a06f98cafd,M,M_REDSTAR,05fd730411edfc65e04e786e3431cb18185442522058ab69f0b8fd29b14fee0f,352,1.0,89.97458499999999,119323,2914553,4d7a2628caa8d4b5614329a779ef0a7654484de982ac8657afc81a86629db4d7,True,SUCCESS_H2S,False,REDSTAR,478.486656,True,213.080878
6,CMD_PLC_C04_M03_A1_C04_M03;CMD_PLC_C04_M03_A2_C04_M03;CMD_PLC_C04_M03_A3_C04_M03;CMD_PLC_C04_M03_A4_C04_M03;COORD_CC_C04_PLC_C04_M03;STAT_PLC_C04_M03,0.017045454545454544,H2S,True,56,70.426084,119643,2914690,False,0.0,7.88064,,l_SW_C04_CORE_A_SW_C04_M03_CTRL,159.395058,False,ba8b68000c3fdced0ab4368572c055793dbf1c035e605df503bcf0b8337e5c67,True,332.0221345,23248896,1.530188066422421,True,53.108447,profiles/M_REDSTAR/l_SW_C04_CORE_A_SW_C04_M03_CTRL.json,ef63c6bb0aa111524bd3c95ca02a908595c74df0992bb572e162673479e96b22,True,1,352,b8dcda465a5427a07bf424cfa59f23dd6b2d81bc91e2de85d50a72f9dfcd2c77,M,M_REDSTAR,deb46970222fcf9597533fea43ed0464cfaf74f3358e9cb59ed7d18ff1bd6ef2,352,1.0,88.968974,119361,2914186,25eb8d8181dcb528c28ead1260b2c68f565a78b0f7fe5d383e10e1c57ae77709,True,SUCCESS_H2S,False,REDSTAR,508.056308,True,233.227581
2,IC_NEXT_CC_C04;IC_PREV_CC_C04,0.005681818181818182,H2S,True,57,71.343671,119612,2915681,False,0.0,6.29533,,l_SW_C04_CORE_A_SW_FACTORY_CORE_B,172.57889,False,ba8b68000c3fdced0ab4368572c055793dbf1c035e605df503bcf0b8337e5c67,True,332.0221345,23080960,1.5081600892485076,True,50.881106,profiles/M_REDSTAR/l_SW_C04_CORE_A_SW_FACTORY_CORE_B.json,0fe9b0926b40cbb375d7720fa43963e396d671e51ac9ccf7fe49de7f9e81d764,True,1,352,534d4beeb2c17a2afb95b3d59c584e60150d464dde97d349b58b13a3d765a2fd,M,M_REDSTAR,48f8f706815bc1b3f23b98dbfb0c0c47176f665595fdf8be5011a3c73f75cbe2,352,1.0,101.235219,119347,2915299,3dcb98d943d2265f98968d60ed42957ede40c95791ec10e85ce581190e2a4636,True,SUCCESS_H2S,False,REDSTAR,500.742532,True,217.991042
8,SC_S1_C04_M01;SC_S2_C04_M01;SC_S3_C04_M01;SC_S4_C04_M01;SF_S1_C04_M01;SF_S2_C04_M01;SF_S3_C04_M01;SF_S4_C04_M01,0.022727272727272728,H2S,True,58,75.76158099999999,119669,2914313,False,0.0,18.732678,,l_SW_C04_CORE_B_SW_C04_M01_CTRL,172.946826,False,ba8b68000c3fdced0ab4368572c055793dbf1c035e605df503bcf0b8337e5c67,True,332.0221345,23085056,1.6736991762216382,True,88.499016,profiles/M_REDSTAR/l_SW_C04_CORE_B_SW_C04_M01_CTRL.json,bc643880e4ccf17a7ad786f5c3b6680404b5dcab18486d6de358305c61eec93d,True,1,352,f056afc0e65e713bc4dda9c69fe738801d0ba9286bf9e133dda9c9942c59c2cd,M,M_REDSTAR,d71855cff58fdaa0d4755e5defbedf6507abf1ec390b77b60f9ca30dee0188e3,352,1.0,97.185245,119402,2913843,fe90b6ebbaf9677910793d87e08b6d7113f29b53ed4dcf0a46d5b66fbf521219,True,SUCCESS_H2S,False,REDSTAR,555.705173,True,221.552842
8,SC_S1_C04_M01;SC_S2_C04_M01;SC_S3_C04_M01;SC_S4_C04_M01;SF_S1_C04_M01;SF_S2_C04_M01;SF_S3_C04_M01;SF_S4_C04_M01,0.022727272727272728,H2S,True,59,73.20053999999999,119669,2914313,False,0.0,6.416791,,l_SW_C04_CORE_B_SW_C04_M01_SENS,162.069874,False,ba8b68000c3fdced0ab4368572c055793dbf1c035e605df503bcf0b8337e5c67,True,332.0221345,23085056,1.5394914943539706,True,51.620224,profiles/M_REDSTAR/l_SW_C04_CORE_B_SW_C04_M01_SENS.json,2d1c587e09540d169476a54ff26d38b3249cb11c46de14de0aff62a548cf8b6e,True,1,352,f056afc0e65e713bc4dda9c69fe738801d0ba9286bf9e133dda9c9942c59c2cd,M,M_REDSTAR,347a64436a269f4d8303cae2e34bf1797c5016797be3d1d5ecb012fa7484bf44,352,1.0,88.86933400000001,119402,2913843,fe90b6ebbaf9677910793d87e08b6d7113f29b53ed4dcf0a46d5b66fbf521219,True,SUCCESS_H2S,False,REDSTAR,511.145252,True,235.644778
8,SC_S1_C04_M02;SC_S2_C04_M02;SC_S3_C04_M02;SC_S4_C04_M02;SF_S1_C04_M02;SF_S2_C04_M02;SF_S3_C04_M02;SF_S4_C04_M02,0.022727272727272728,H2S,True,60,70.04585300000001,119655,2914317,False,0.0,6.488337,,l_SW_C04_CORE_B_SW_C04_M02_CTRL,180.429402,False,ba8b68000c3fdced0ab4368572c055793dbf1c035e605df503bcf0b8337e5c67,True,332.0221345,23085056,1.5598449777450003,True,48.325386,profiles/M_REDSTAR/l_SW_C04_CORE_B_SW_C04_M02_CTRL.json,286cdf526daace3bfbcfe7bcac520aa076e1b850a783f72c58b7eded90d616dd,True,1,352,a42fe668309fc237140d26537cc64c1aead4b16d5cafcdfbf5516aa395c0eaa3,M,M_REDSTAR,f6a155a4393bab6f27acd3260c3f82f1c6f603fc603ceb8904fcf99fae304426,352,1.0,110.383549,119389,2913847,569ef075f92a15b859ff9ec649401154c13811b8ad6f8531533835370be9796a,True,SUCCESS_H2S,False,REDSTAR,517.903059,True,226.661197
8,SC_S1_C04_M02;SC_S2_C04_M02;SC_S3_C04_M02;SC_S4_C04_M02;SF_S1_C04_M02;SF_S2_C04_M02;SF_S3_C04_M02;SF_S4_C04_M02,0.022727272727272728,H2S,True,61,71.583228,119656,2914317,False,0.0,9.595655,,l_SW_C04_CORE_B_SW_C04_M02_SENS,164.998841,False,ba8b68000c3fdced0ab4368572c055793dbf1c035e605df503bcf0b8337e5c67,True,332.0221345,23248896,1.5228827582879116,True,53.24199,profiles/M_REDSTAR/l_SW_C04_CORE_B_SW_C04_M02_SENS.json,f23ecb56efeeed069e7d868e51a876b534bcd463d662963423aeee2e30f22216,True,1,352,a42fe668309fc237140d26537cc64c1aead4b16d5cafcdfbf5516aa395c0eaa3,M,M_REDSTAR,37a68326ca7cedcf47fa88b7967debb16c9c8a8c1c0f7acf9cb2593f0c1d23e9,352,1.0,93.415613,119389,2913847,569ef075f92a15b859ff9ec649401154c13811b8ad6f8531533835370be9796a,True,SUCCESS_H2S,False,REDSTAR,505.630784,True,225.984489
8,SC_S1_C04_M03;SC_S2_C04_M03;SC_S3_C04_M03;SC_S4_C04_M03;SF_S1_C04_M03;SF_S2_C04_M03;SF_S3_C04_M03;SF_S4_C04_M03,0.022727272727272728,H2S,True,62,68.69876599999999,119680,2914309,False,0.0,7.548966,,l_SW_C04_CORE_B_SW_C04_M03_CTRL,157.621008,False,ba8b68000c3fdced0ab4368572c055793dbf1c035e605df503bcf0b8337e5c67,True,332.0221345,23085056,1.5301283595597148,True,52.833973,profiles/M_REDSTAR/l_SW_C04_CORE_B_SW_C04_M03_CTRL.json,f1848d89cfa5d4f88c2aa5c7495bb57720adb545f0b99b0353a0387d49faa667,True,1,352,07466d0cc3cbdda8ef2851bda8667ed8c526d1d8c67d8b6cefe9059411007287,M,M_REDSTAR,475205306a03d5b8d98344f2ab4b43f15b68f9112a1ddb1191e82df41a139c5d,352,1.0,88.922242,119413,2913839,4ae727c4e8b7654a28a5be3663052696a6a2b72fa77ca9cd202e7cf53b78b624,True,SUCCESS_H2S,False,REDSTAR,508.036484,True,236.50532
8,SC_S1_C04_M03;SC_S2_C04_M03;SC_S3_C04_M03;SC_S4_C04_M03;SF_S1_C04_M03;SF_S2_C04_M03;SF_S3_C04_M03;SF_S4_C04_M03,0.022727272727272728,H2S,True,63,74.990318,119681,2914309,False,0.0,6.246958,,l_SW_C04_CORE_B_SW_C04_M03_SENS,188.518418,False,ba8b68000c3fdced0ab4368572c055793dbf1c035e605df503bcf0b8337e5c67,True,332.0221345,23085056,1.6362477393807613,True,66.702789,profiles/M_REDSTAR/l_SW_C04_CORE_B_SW_C04_M03_SENS.json,268484e0f534f06dc6714e5737f1670ec43d011d7433c01982a0d1fd117c4ee9,True,1,352,07466d0cc3cbdda8ef2851bda8667ed8c526d1d8c67d8b6cefe9059411007287,M,M_REDSTAR,23c792a3c003974fedb75c277731d718a0a9f289ac5e6bc27410ad517f78b2d4,352,1.0,113.5281,119413,2913839,4ae727c4e8b7654a28a5be3663052696a6a2b72fa77ca9cd202e7cf53b78b624,True,SUCCESS_H2S,False,REDSTAR,543.270467,True,230.487003
2,IC_NEXT_CC_C03;IC_PREV_CC_C05,0.005681818181818182,H2S,True,64,71.760641,119603,2915290,False,0.0,7.254437,,l_SW_C04_CORE_B_SW_FACTORY_CORE_B,168.150959,False,ba8b68000c3fdced0ab4368572c055793dbf1c035e605df503bcf0b8337e5c67,True,332.0221345,23080960,1.5530256161280114,True,59.32331,profiles/M_REDSTAR/l_SW_C04_CORE_B_SW_FACTORY_CORE_B.json,f53cba759701f533e5ac1a8403f81b0640efcd67a389837a400a2ddd92d2cc60,True,1,352,f6a095aeaabb178085e4d3a859161d0de458712b647f58f7ff5eacc3558be5d6,M,M_REDSTAR,f5a22dbe0eae047ef6024e5536fc1e81b7ada65729aa6222be8d1dbb0e2a4906,352,1.0,96.390318,119334,2914908,5f70d53ea11cba601d69a57d579e31eb091ce5d212301fde3947bdddd6a841e8,True,SUCCESS_H2S,False,REDSTAR,515.63888,True,218.399127
8,COORD_CC_C05_PLC_C05_M01;COORD_CC_C05_PLC_C05_M02;COORD_CC_C05_PLC_C05_M03;IC_NEXT_CC_C05;IC_PREV_CC_C05;STAT_PLC_C05_M01;STAT_PLC_C05_M02;STAT_PLC_C05_M03,0.022727272727272728,H2S,True,65,68.932355,119584,2914349,False,0.0,10.73903,,l_SW_C05_CC_SW_C05_CORE_A,164.703534,False,ba8b68000c3fdced0ab4368572c055793dbf1c035e605df503bcf0b8337e5c67,True,332.0221345,23072768,1.6578550066516726,True,86.074636,profiles/M_REDSTAR/l_SW_C05_CC_SW_C05_CORE_A.json,59c2c2deb0e2f4b4979056d7d36f932f151510f02a8684ef777f746ee0271729,True,1,352,ca5c6bcfe263e81d77e2f84a8e4e8eea25c0842ddaf75af06794da7e4b361acd,M,M_REDSTAR,f6e5cd4edac25dd9a9e40854a85a9ebfe24867b3681f1d2e55b75fdf375b38c5,352,1.0,95.77117899999999,119297,2913853,1a39d72a69270e55c2b6b7e81855cddf39d0f262b55faf5409e53cb04617dbe8,True,SUCCESS_H2S,False,REDSTAR,550.444558,True,231.894578
2,IC_NEXT_CC_C04;IC_PREV_CC_C06,0.005681818181818182,H2S,True,66,70.908712,119523,2914213,False,0.0,10.871005,,l_SW_C05_CC_SW_C05_CORE_B,186.586726,False,ba8b68000c3fdced0ab4368572c055793dbf1c035e605df503bcf0b8337e5c67,True,332.0221345,23248896,1.575322584404384,True,58.124787,profiles/M_REDSTAR/l_SW_C05_CC_SW_C05_CORE_B.json,d21c92fd8ae24b549298f4179389fa42269ccc962839882a4e4c2a10441ac86b,True,1,352,5a264cbae191ea6f044df452c32fc5e86364b64952ed1947a6e4c946dc42fdf4,M,M_REDSTAR,43d2c81847e8f869a95816a74ae8a272d030857ba9c75eb4f5334225f339da4a,352,1.0,115.678014,119265,2913855,90d8ab2be2ed80b85f2fff0e72f557b791106a4a3cc6172973a1513499981f0a,True,SUCCESS_H2S,False,REDSTAR,523.041967,True,215.22719
4,CMD_PLC_C05_M01_A1_C05_M01;CMD_PLC_C05_M01_A2_C05_M01;CMD_PLC_C05_M01_A3_C05_M01;CMD_PLC_C05_M01_A4_C05_M01,0.011363636363636364,H2S,True,67,67.208694,119598,2915000,False,0.0,7.375138,,l_SW_C05_CORE_A_SW_C05_M01_ACT,159.198513,False,ba8b68000c3fdced0ab4368572c055793dbf1c035e605df503bcf0b8337e5c67,True,332.0221345,23244800,1.4974105258033632,True,54.595114,profiles/M_REDSTAR/l_SW_C05_CORE_A_SW_C05_M01_ACT.json,aefd0d41acc012353442fd2cc5063ef3ddae390af64634c818e2d28f0563f5f3,True,1,352,b25dbdcf633900ac1bf881def4d7dbd162da358e5d9d31d0643e303caa6d2835,M,M_REDSTAR,10ab80c1c834cc6ecf9d9cd8026c4da1a4a061021c182a4c378103256987da02,352,1.0,91.989819,119332,2914545,5236724e128b80699bc4348f8ec4e79d8e1a3f78b5cf17d347ab6bfc58db30f3,True,SUCCESS_H2S,False,REDSTAR,497.173439,True,222.905649
6,CMD_PLC_C05_M01_A1_C05_M01;CMD_PLC_C05_M01_A2_C05_M01;CMD_PLC_C05_M01_A3_C05_M01;CMD_PLC_C05_M01_A4_C05_M01;COORD_CC_C05_PLC_C05_M01;STAT_PLC_C05_M01,0.017045454545454544,H2S,True,68,73.109843,119662,2914756,False,0.0,7.374209,,l_SW_C05_CORE_A_SW_C05_M01_CTRL,169.643385,False,ba8b68000c3fdced0ab4368572c055793dbf1c035e605df503bcf0b8337e5c67,True,332.0221345,23085056,1.523104095940929,True,49.776241,profiles/M_REDSTAR/l_SW_C05_CORE_A_SW_C05_M01_CTRL.json,bffc7ecc204ff709a1fd0a01052c6b1034a2ccfe3068c0065f4c72629bb746d0,True,1,352,5d71d17b2583bc1377db3c4bac5fb7e215b815c2f90aca20373d9b46e40c72b1,M,M_REDSTAR,7bae0cd739aef3b4b999db0f9ee9384996eb1164a358b49d37ad656e0d1b7e2a,352,1.0,96.533542,119385,2914252,f65521593b620158e6e2d7409784d3eec7eaff03b2f83e6a4efe7f07224b3276,True,SUCCESS_H2S,False,REDSTAR,505.704273,True,223.131597
4,CMD_PLC_C05_M02_A1_C05_M02;CMD_PLC_C05_M02_A2_C05_M02;CMD_PLC_C05_M02_A3_C05_M02;CMD_PLC_C05_M02_A4_C05_M02,0.011363636363636364,H2S,True,69,81.19477499999999,119593,2915008,False,0.0,11.929569,,l_SW_C05_CORE_A_SW_C05_M02_ACT,163.163354,False,ba8b68000c3fdced0ab4368572c055793dbf1c035e605df503bcf0b8337e5c67,True,332.0221345,23244800,1.435669211385062,True,40.99652,profiles/M_REDSTAR/l_SW_C05_CORE_A_SW_C05_M02_ACT.json,2a80f2a75a2303cfd6998b8c3f3c4c8dca1a197d056c9a04441a6190efa75801,True,1,352,f13baf781feb042a2cb310a3deb86d469ebfdc1bb1fdad674634fa59c95b2776,M,M_REDSTAR,08bd26252702aa3fe0c6c442ecca9a5c5216b0ecbbd8673c5ecc15fec4b9bcab,352,1.0,81.968579,119328,2914553,a68073902e70bcb54c93588ca838fbcc727f68e1ea56aa52b4b6e47c15245376,True,SUCCESS_H2S,False,REDSTAR,476.673956,True,222.260152
6,CMD_PLC_C05_M02_A1_C05_M02;CMD_PLC_C05_M02_A2_C05_M02;CMD_PLC_C05_M02_A3_C05_M02;CMD_PLC_C05_M02_A4_C05_M02;COORD_CC_C05_PLC_C05_M02;STAT_PLC_C05_M02,0.017045454545454544,H2S,True,70,71.456146,119650,2914774,False,0.0,4.234336,,l_SW_C05_CORE_A_SW_C05_M02_CTRL,144.185647,False,ba8b68000c3fdced0ab4368572c055793dbf1c035e605df503bcf0b8337e5c67,True,332.0221345,23089152,1.3548639420604651,True,41.4395,profiles/M_REDSTAR/l_SW_C05_CORE_A_SW_C05_M02_CTRL.json,ddf69639d636a5ffe5e6de23f12a218edbd51ae98bb96388cef11ce74001ee9e,True,1,352,ea56050015b3522ba9cc9877e6a9b207acad1b9677cf83a9b4d69a9edae4f5c1,M,M_REDSTAR,7bfb6e57dd84bd265763218d10a7237d0cd51fbc0436a6339946ef2d861a7bcc,352,1.0,72.72950099999998,119368,2914270,c9855c886605bfabf74e425962b15662487d8f7ff3903aad0fcf4daceba3d6f6,True,SUCCESS_H2S,False,REDSTAR,449.844818,True,221.235586
4,CMD_PLC_C05_M03_A1_C05_M03;CMD_PLC_C05_M03_A2_C05_M03;CMD_PLC_C05_M03_A3_C05_M03;CMD_PLC_C05_M03_A4_C05_M03,0.011363636363636364,H2S,True,71,78.161001,119594,2915008,False,0.0,17.375505,,l_SW_C05_CORE_A_SW_C05_M03_ACT,166.071044,False,ba8b68000c3fdced0ab4368572c055793dbf1c035e605df503bcf0b8337e5c67,True,332.0221345,23080960,1.481897099242942,True,22.352962,profiles/M_REDSTAR/l_SW_C05_CORE_A_SW_C05_M03_ACT.json,ebfa417a9370678570a724bd1b4fea90b0a3157b5537acfbb66a94639821a20f,True,1,352,d2291f91c3514ac77d3737470c1f500b6b24f65505b910823cf63b1a61c1da46,M,M_REDSTAR,28cb63bf902e31a37e5dc316e3fb53d8764d0ec0a754519741466cc752b8a346,352,1.0,87.910043,119327,2914553,218e98081257fc927f1e4c5ca06f60fe6e717ad22bf9e2997cb62b39fd8ab1d6,True,SUCCESS_H2S,False,REDSTAR,492.022638,True,241.966268
6,CMD_PLC_C05_M03_A1_C05_M03;CMD_PLC_C05_M03_A2_C05_M03;CMD_PLC_C05_M03_A3_C05_M03;CMD_PLC_C05_M03_A4_C05_M03;COORD_CC_C05_PLC_C05_M03;STAT_PLC_C05_M03,0.017045454545454544,H2S,True,72,79.62770499999999,119637,2914688,False,0.0,5.459635,,l_SW_C05_CORE_A_SW_C05_M03_CTRL,164.298514,False,ba8b68000c3fdced0ab4368572c055793dbf1c035e605df503bcf0b8337e5c67,True,332.0221345,23244800,1.4642681269793474,True,28.872788,profiles/M_REDSTAR/l_SW_C05_CORE_A_SW_C05_M03_CTRL.json,eaa4e6ee900e135a45a7838d8f097d0bcc3c7f231f496c4a57f187404f74646c,True,1,352,9bd379c61e786caf01e21ecafe2566e4e5ee939379b66b026d740fae078767dc,M,M_REDSTAR,10d7409d64d5926b58de3b8deb6aebe2e08e97ee465d6d0d1ded1f526e767362,352,1.0,84.67080900000002,119355,2914184,1fc3789fb52bd7640ed18384a5c2fdb489cb539f26e11ba0dd9c3b9f099fa5b8,True,SUCCESS_H2S,False,REDSTAR,486.169429,True,214.266353
2,IC_NEXT_CC_C05;IC_PREV_CC_C05,0.005681818181818182,H2S,True,73,82.970528,119640,2916030,False,0.0,7.116771,,l_SW_C05_CORE_A_SW_FACTORY_CORE_B,157.072072,False,ba8b68000c3fdced0ab4368572c055793dbf1c035e605df503bcf0b8337e5c67,True,332.0221345,23080960,1.6818770767826627,True,57.410678,profiles/M_REDSTAR/l_SW_C05_CORE_A_SW_FACTORY_CORE_B.json,a590790d782bacac9da94ffc8dbb22a943f6add75470ab30b61f13303c8c1975,True,1,352,7dbf5a7e8e8f83060fadc1ec239f1b9f3c2f3c08fb60f1a2544856bf123608f8,M,M_REDSTAR,b02c20db9b2566baf60b971671bcce84331f58b15e4f5e409558f08b806b293f,352,1.0,74.10154399999999,119376,2915648,991592f2a0f5752a0559b26f041d012bec44ea1c33cd408f3a6726b400880bb1,True,SUCCESS_H2S,False,REDSTAR,558.420417,True,299.73008
8,SC_S1_C05_M01;SC_S2_C05_M01;SC_S3_C05_M01;SC_S4_C05_M01;SF_S1_C05_M01;SF_S2_C05_M01;SF_S3_C05_M01;SF_S4_C05_M01,0.022727272727272728,H2S,True,74,68.476543,119671,2914317,False,0.0,3.642687,,l_SW_C05_CORE_B_SW_C05_M01_CTRL,148.836575,False,ba8b68000c3fdced0ab4368572c055793dbf1c035e605df503bcf0b8337e5c67,True,332.0221345,23248896,1.4690170001301524,True,50.188015,profiles/M_REDSTAR/l_SW_C05_CORE_B_SW_C05_M01_CTRL.json,0adaf917cfbcf91b06b3f47e56814d5fffdf4aef2e311bb8b7cc93c7523b442d,True,1,352,d07aca8434b8acdc6be99c2337e0a4c81246c8a0ee006e864bc832bd19d7b2f3,M,M_REDSTAR,a986efaf500c589bb6f62cafef3bad0f6f401df026765fa1a5ba497bed6a1844,352,1.0,80.360032,119408,2913847,7ceabded856eef28646352857602823b91d45629be57b963bd3b2ee590e31992,True,SUCCESS_H2S,False,REDSTAR,487.74616,True,230.438112
8,SC_S1_C05_M01;SC_S2_C05_M01;SC_S3_C05_M01;SC_S4_C05_M01;SF_S1_C05_M01;SF_S2_C05_M01;SF_S3_C05_M01;SF_S4_C05_M01,0.022727272727272728,H2S,True,75,69.72102199999999,119672,2914317,False,0.0,6.865279,,l_SW_C05_CORE_B_SW_C05_M01_SENS,168.048994,False,ba8b68000c3fdced0ab4368572c055793dbf1c035e605df503bcf0b8337e5c67,True,332.0221345,23248896,1.664181193317399,True,47.980174,profiles/M_REDSTAR/l_SW_C05_CORE_B_SW_C05_M01_SENS.json,427efe66cfe5cad5e299fa2b7ab56e981add70a5d5b5fc15ab28884b1a93ef03,True,1,352,d07aca8434b8acdc6be99c2337e0a4c81246c8a0ee006e864bc832bd19d7b2f3,M,M_REDSTAR,2f38af02667bf7831f559200760c386b6534bd7960a7249ea9fbed740d9b7c91,352,1.0,98.327972,119408,2913847,7ceabded856eef28646352857602823b91d45629be57b963bd3b2ee590e31992,True,SUCCESS_H2S,False,REDSTAR,552.544992,True,268.892787
8,SC_S1_C05_M02;SC_S2_C05_M02;SC_S3_C05_M02;SC_S4_C05_M02;SF_S1_C05_M02;SF_S2_C05_M02;SF_S3_C05_M02;SF_S4_C05_M02,0.022727272727272728,H2S,True,76,63.03874700000001,119651,2914319,False,0.0,7.118699,,l_SW_C05_CORE_B_SW_C05_M02_CTRL,150.480922,False,ba8b68000c3fdced0ab4368572c055793dbf1c035e605df503bcf0b8337e5c67,True,332.0221345,23080960,1.434415147403373,True,48.077608,profiles/M_REDSTAR/l_SW_C05_CORE_B_SW_C05_M02_CTRL.json,0f941e4f5d8308fbc19da01219632fecfc2c9b9f00a8c47647931657453ebe74,True,1,352,d4c4732985526fd802abae7f941e265e79edbfd891efd1bc2c0d79b9a651c089,M,M_REDSTAR,bce94401147ffed8e5d83d0f6387ac952cbe26039ba00c95c16f3612f28f4d8b,352,1.0,87.44217499999999,119382,2913849,bc26713dd4ce00f9bac661431ee8ebb4a47a81735d7cf5917a7683053f902fc5,True,SUCCESS_H2S,False,REDSTAR,476.257579,True,221.107414
8,SC_S1_C05_M02;SC_S2_C05_M02;SC_S3_C05_M02;SC_S4_C05_M02;SF_S1_C05_M02;SF_S2_C05_M02;SF_S3_C05_M02;SF_S4_C05_M02,0.022727272727272728,H2S,True,77,67.380336,119651,2914319,False,0.0,8.979684,,l_SW_C05_CORE_B_SW_C05_M02_SENS,149.875339,False,ba8b68000c3fdced0ab4368572c055793dbf1c035e605df503bcf0b8337e5c67,True,332.0221345,23248896,1.4189810890454353,True,47.297033,profiles/M_REDSTAR/l_SW_C05_CORE_B_SW_C05_M02_SENS.json,c14039fe706ea2765b2b50ad92dbd25763aa37fc2ba48d3af895b18995e5fc33,True,1,352,d4c4732985526fd802abae7f941e265e79edbfd891efd1bc2c0d79b9a651c089,M,M_REDSTAR,d18ba5d8ec131fabcdd2a20c8abbbe04123159ae8db4bdf754d112ae45451b8b,352,1.0,82.495003,119382,2913849,bc26713dd4ce00f9bac661431ee8ebb4a47a81735d7cf5917a7683053f902fc5,True,SUCCESS_H2S,False,REDSTAR,471.13313,True,211.246878
8,SC_S1_C05_M03;SC_S2_C05_M03;SC_S3_C05_M03;SC_S4_C05_M03;SF_S1_C05_M03;SF_S2_C05_M03;SF_S3_C05_M03;SF_S4_C05_M03,0.022727272727272728,H2S,True,78,76.296845,119678,2914309,False,0.0,7.623316,,l_SW_C05_CORE_B_SW_C05_M03_CTRL,189.045916,False,ba8b68000c3fdced0ab4368572c055793dbf1c035e605df503bcf0b8337e5c67,True,332.0221345,23248896,1.5460907561872206,True,46.759852,profiles/M_REDSTAR/l_SW_C05_CORE_B_SW_C05_M03_CTRL.json,13e89aa348dd382d1fac116fce7c489c208ac72a4e7158d199cb9cae449f4cc1,True,1,352,28c2142e859533a7cde1e9b170358702d8cd8fbfaf460508c752abf60e8d753b,M,M_REDSTAR,1b798e281ca67c1fa2a4dc3d2e24edcd10d644cdd978d841d2929008e2ecc99b,352,1.0,112.749071,119409,2913839,05926c266cdaa6de08bdcc18187528664db464309e0e282cc674ff049071c86e,True,SUCCESS_H2S,False,REDSTAR,513.336353,True,220.704929
8,SC_S1_C05_M03;SC_S2_C05_M03;SC_S3_C05_M03;SC_S4_C05_M03;SF_S1_C05_M03;SF_S2_C05_M03;SF_S3_C05_M03;SF_S4_C05_M03,0.022727272727272728,H2S,True,79,76.562309,119679,2914309,False,0.0,5.799394,,l_SW_C05_CORE_B_SW_C05_M03_SENS,174.398683,False,ba8b68000c3fdced0ab4368572c055793dbf1c035e605df503bcf0b8337e5c67,True,332.0221345,23085056,1.543557840719803,True,49.071205,profiles/M_REDSTAR/l_SW_C05_CORE_B_SW_C05_M03_SENS.json,c6bd448e5373a42fe7594d9a492b7cfeb2b6d0ed22d5475fc56417ea7f463ca8,True,1,352,28c2142e859533a7cde1e9b170358702d8cd8fbfaf460508c752abf60e8d753b,M,M_REDSTAR,cd16641f2e3243e44ead8ee76d49daae2451c874b255b804814f543f9aabe1d8,352,1.0,97.836374,119409,2913839,05926c266cdaa6de08bdcc18187528664db464309e0e282cc674ff049071c86e,True,SUCCESS_H2S,False,REDSTAR,512.495369,True,228.821837
2,IC_NEXT_CC_C04;IC_PREV_CC_C06,0.005681818181818182,H2S,True,80,77.633195,119620,2915296,False,0.0,6.949934,,l_SW_C05_CORE_B_SW_FACTORY_CORE_B,164.51022,False,ba8b68000c3fdced0ab4368572c055793dbf1c035e605df503bcf0b8337e5c67,True,332.0221345,23080960,1.5770252961854867,True,47.167616,profiles/M_REDSTAR/l_SW_C05_CORE_B_SW_FACTORY_CORE_B.json,b3f357944e12bd88e9c28dd11b9ef97403d177532d6d3e90833cb29068d1c817,True,1,352,ed4952ae868e0d9ce00a22851272d0629a3a053dd7b7ce3f088548a62047906a,M,M_REDSTAR,3782514e7af89dc5a86b41fa5c0c02beabcb3f73490c4e07a15d47832f32e672,352,1.0,86.877025,119356,2914914,0072f2aea9c287843927699e928fcab4beeb76724c0ba2b607a7a254e81676d5,True,SUCCESS_H2S,False,REDSTAR,523.607305,True,254.311009
8,COORD_CC_C06_PLC_C06_M01;COORD_CC_C06_PLC_C06_M02;COORD_CC_C06_PLC_C06_M03;IC_NEXT_CC_C06;IC_PREV_CC_C06;STAT_PLC_C06_M01;STAT_PLC_C06_M02;STAT_PLC_C06_M03,0.022727272727272728,H2S,True,81,72.74891099999999,119593,2914363,False,0.0,7.374621,,l_SW_C06_CC_SW_C06_CORE_A,165.935219,False,ba8b68000c3fdced0ab4368572c055793dbf1c035e605df503bcf0b8337e5c67,True,332.0221345,23076864,1.5280399746963256,True,57.460669,profiles/M_REDSTAR/l_SW_C06_CC_SW_C06_CORE_A.json,7c63dd1429b9c9fcefbca52d1df89138aa09e7664f36ca8b90ea1024c8c16516,True,1,352,b5ea4cea1b8ceb864097e819e9232cb82f5789bc556a79bcd2c016d7d9688286,M,M_REDSTAR,1600dca38a26328261133e42b011be49161ee28b166b8262289a6451ea58f3e5,352,1.0,93.186308,119302,2913867,584250f0e55e5d7005770dd39b7385a74edcbdb97d4bd24d3f500e49831dacac,True,SUCCESS_H2S,False,REDSTAR,507.343094,True,219.305296
2,IC_NEXT_CC_C05;IC_PREV_CC_C07,0.005681818181818182,H2S,True,82,73.522273,119529,2914215,False,0.0,5.812669,,l_SW_C06_CC_SW_C06_CORE_B,168.185538,False,ba8b68000c3fdced0ab4368572c055793dbf1c035e605df503bcf0b8337e5c67,True,332.0221345,23244800,1.6099185007799535,True,84.459558,profiles/M_REDSTAR/l_SW_C06_CC_SW_C06_CORE_B.json,c0d840aaa369993b1c6406fbabe6f186d4e22dec267d36b410fff719be1326ee,True,1,352,20f9626fcd2ae5dc64c7795514929690e700714a1247d38c03c08bdbfca9d23b,M,M_REDSTAR,24b4c6f51e16f6c621a624b48961ca41d3d3835b079df3e6fe2bf1fed4259733,352,1.0,94.66326500000001,119270,2913857,0c1abaa238a78a40533786dd404c0f7d85bf51f0adfac065a4c7cc7a6374aa5d,True,SUCCESS_H2S,False,REDSTAR,534.528577,True,217.738449
4,CMD_PLC_C06_M01_A1_C06_M01;CMD_PLC_C06_M01_A2_C06_M01;CMD_PLC_C06_M01_A3_C06_M01;CMD_PLC_C06_M01_A4_C06_M01,0.011363636363636364,H2S,True,83,73.570681,119597,2915016,False,0.0,7.721101,,l_SW_C06_CORE_A_SW_C06_M01_ACT,158.582063,False,ba8b68000c3fdced0ab4368572c055793dbf1c035e605df503bcf0b8337e5c67,True,332.0221345,23236608,1.4615342218998957,True,45.411385,profiles/M_REDSTAR/l_SW_C06_CORE_A_SW_C06_M01_ACT.json,e9361b51c0a868156e5b5920024508e8def22ab3c3ce5ea9e30bd666c862f4b9,True,1,352,cb877baca518239f2ce26e11f6ce1e6b218d2f7dbf9efb6dc0c2973eb6163e35,M,M_REDSTAR,1d7e72e3c0aa811ae33f228d33384d349fc813a0803484767c5e0e86f880ac8b,352,1.0,85.01138200000001,119333,2914561,44e0e99671f5b8a9d5f4f18d6b7c3e049fde219b61c561e8b68e23c19c92fc24,True,SUCCESS_H2S,False,REDSTAR,485.261712,True,218.391875
6,CMD_PLC_C06_M01_A1_C06_M01;CMD_PLC_C06_M01_A2_C06_M01;CMD_PLC_C06_M01_A3_C06_M01;CMD_PLC_C06_M01_A4_C06_M01;COORD_CC_C06_PLC_C06_M01;STAT_PLC_C06_M01,0.017045454545454544,H2S,True,84,68.33615499999999,119657,2914696,False,0.0,6.725839,,l_SW_C06_CORE_A_SW_C06_M01_CTRL,173.044815,False,ba8b68000c3fdced0ab4368572c055793dbf1c035e605df503bcf0b8337e5c67,True,332.0221345,23257088,1.5393674062414053,True,45.166028,profiles/M_REDSTAR/l_SW_C06_CORE_A_SW_C06_M01_CTRL.json,08e72adfdd2b4b851c8f24d9846e5912eb55c9e96078765e3638a68427d13915,True,1,352,2cc9a433311b553e67dc50e6d99c504859669fae8edb1cc6b3bceecd8e9ca9b4,M,M_REDSTAR,3222ecd4287138c500fbf649c194945a73fcbf02c188c44c853dd33ab58a9792,352,1.0,104.70866000000001,119379,2914192,c53549bfd7d07080a698b2a78f3676b33152aa70b39ee55aadd6efd9ae76d757,True,SUCCESS_H2S,False,REDSTAR,511.104052,True,228.698638
4,CMD_PLC_C06_M02_A1_C06_M02;CMD_PLC_C06_M02_A2_C06_M02;CMD_PLC_C06_M02_A3_C06_M02;CMD_PLC_C06_M02_A4_C06_M02,0.011363636363636364,H2S,True,85,72.397722,119600,2915008,False,0.0,11.738987,,l_SW_C06_CORE_A_SW_C06_M02_ACT,157.757242,False,ba8b68000c3fdced0ab4368572c055793dbf1c035e605df503bcf0b8337e5c67,True,332.0221345,23244800,1.461046700186189,True,47.966823,profiles/M_REDSTAR/l_SW_C06_CORE_A_SW_C06_M02_ACT.json,057be19af220e87a398e6ced43ba63899f4500ea50b5e54163724f1ba166aaa7,True,1,352,e4e858b896bfba174b8e1bfc9c5ea20b3c3b5167766a6eab3006f29d32c0bd3d,M,M_REDSTAR,e0148ab048f6eea9be0abaf3a0af04b20271c6bc443177ebfab138bb7d78ea05,352,1.0,85.35951999999999,119333,2914553,246730cfaefd4b84c226b81998c54c452bca869ccbc8b33546fc6501aac2b841,True,SUCCESS_H2S,False,REDSTAR,485.099844,True,214.768379
6,CMD_PLC_C06_M02_A1_C06_M02;CMD_PLC_C06_M02_A2_C06_M02;CMD_PLC_C06_M02_A3_C06_M02;CMD_PLC_C06_M02_A4_C06_M02;COORD_CC_C06_PLC_C06_M02;STAT_PLC_C06_M02,0.017045454545454544,H2S,True,86,68.812641,119653,2914714,False,0.0,7.765011,,l_SW_C06_CORE_A_SW_C06_M02_CTRL,161.376513,False,ba8b68000c3fdced0ab4368572c055793dbf1c035e605df503bcf0b8337e5c67,True,332.0221345,23252992,1.5157610041808824,True,49.520724,profiles/M_REDSTAR/l_SW_C06_CORE_A_SW_C06_M02_CTRL.json,06311b4099b7c98c73362b18a302b521415b54db453f2de06eba57acea52944a,True,1,352,fd7fc88c2e81dde2e6e752856d45c25e31bd7295ce99df0d2cda21e91cc8a7ff,M,M_REDSTAR,0e1a4eee81a67adbc1ef25f42ed99e9e90f3e12fe6ffc081f4a8638466e5c584,352,1.0,92.56387199999999,119373,2914210,287fac1c0800851d62408922891dfc4a8f8157f91f856cc758fcc68a1d8d266a,True,SUCCESS_H2S,False,REDSTAR,503.266204,True,231.408026
4,CMD_PLC_C06_M03_A1_C06_M03;CMD_PLC_C06_M03_A2_C06_M03;CMD_PLC_C06_M03_A3_C06_M03;CMD_PLC_C06_M03_A4_C06_M03,0.011363636363636364,H2S,True,87,69.81250999999999,119599,2915000,False,0.0,5.699321,,l_SW_C06_CORE_A_SW_C06_M03_ACT,168.643095,False,ba8b68000c3fdced0ab4368572c055793dbf1c035e605df503bcf0b8337e5c67,True,332.0221345,23244800,1.5427338173443372,True,64.060698,profiles/M_REDSTAR/l_SW_C06_CORE_A_SW_C06_M03_ACT.json,464b4e2d9812d3cf45a548f1f08cd6fa53169ea5c4ae5bd4b153a4e2dfc3560c,True,1,352,fa1f4ed5effa02f2f27242b94e88af1705bb19356389cd0dda1b5df797bd581b,M,M_REDSTAR,fc1e242c41e74727cf65c6e50164bc9b61aed81ce8d458edc9524cbe351461d0,352,1.0,98.830585,119331,2914545,49da4519b56efba995362f20e973ee0ae9542a30a6cda14c44ddba69f9d38220,True,SUCCESS_H2S,False,REDSTAR,512.221775,True,218.32645
6,CMD_PLC_C06_M03_A1_C06_M03;CMD_PLC_C06_M03_A2_C06_M03;CMD_PLC_C06_M03_A3_C06_M03;CMD_PLC_C06_M03_A4_C06_M03;COORD_CC_C06_PLC_C06_M03;STAT_PLC_C06_M03,0.017045454545454544,H2S,True,88,77.42989299999999,119655,2914716,False,0.0,8.607621,,l_SW_C06_CORE_A_SW_C06_M03_CTRL,175.112407,False,ba8b68000c3fdced0ab4368572c055793dbf1c035e605df503bcf0b8337e5c67,True,332.0221345,23085056,1.6115372031017408,True,82.878968,profiles/M_REDSTAR/l_SW_C06_CORE_A_SW_C06_M03_CTRL.json,33c2528151a5ee059fbf6fff8be183ae252571c2eec037e7da11e280030212f4,True,1,352,6781b0cc7e7909f46bafa7413113157b25d8e0e3295e74efa2daf0fdd3187152,M,M_REDSTAR,f366562fb306a4c4b48a561c4a9cc4df60649d67bd29f2f722628d8de9710f16,352,1.0,97.682514,119374,2914212,ebbd68dc0f348c6022a32ab4a8760f841da8eed4426920286505aaeb4a41c3ce,True,SUCCESS_H2S,False,REDSTAR,535.066022,True,213.227955
2,IC_NEXT_CC_C06;IC_PREV_CC_C06,0.005681818181818182,H2S,True,89,74.268244,119610,2915308,False,0.0,6.19077,,l_SW_C06_CORE_A_SW_FACTORY_CORE_B,170.927576,False,ba8b68000c3fdced0ab4368572c055793dbf1c035e605df503bcf0b8337e5c67,True,332.0221345,23080960,1.5119235943590381,True,48.303756,profiles/M_REDSTAR/l_SW_C06_CORE_A_SW_FACTORY_CORE_B.json,58a7c5be8ec99e327b5917db9a245cf447dd3fd4348d0f6314ec111cd7f41d4f,True,1,352,eb6feadfde35fed957722ed2ccf5af1a1599d856d3882b27461500b8db7a4275,M,M_REDSTAR,57d20d18aa02224e87a965d4c997268602f405ce580bcdeb394ab5ac3f04161a,352,1.0,96.65933199999999,119344,2914926,780c557e9ee6ee5dff180ce483e50a9c43d5d9b2e2513fa6bbe2e5d49791d045,True,SUCCESS_H2S,False,REDSTAR,501.992099,True,219.913928
8,SC_S1_C06_M01;SC_S2_C06_M01;SC_S3_C06_M01;SC_S4_C06_M01;SF_S1_C06_M01;SF_S2_C06_M01;SF_S3_C06_M01;SF_S4_C06_M01,0.022727272727272728,H2S,True,90,75.494613,119677,2914319,False,0.0,6.645583,,l_SW_C06_CORE_B_SW_C06_M01_CTRL,177.833871,False,ba8b68000c3fdced0ab4368572c055793dbf1c035e605df503bcf0b8337e5c67,True,332.0221345,23089152,1.5630561040200772,True,55.383241,profiles/M_REDSTAR/l_SW_C06_CORE_B_SW_C06_M01_CTRL.json,1220ac5cd753240a04b35d5e4c82d3c94170c08b1355de6f1ef905bdc6b37adb,True,1,352,99987ad0eccad54f2a451d48f4bdca09cbf2be2e2128910982e2aae5e1364c65,M,M_REDSTAR,90eb9a0d1ce891c97d65deb8eb221153bacad066f69b325c18f3975ea800cfef,352,1.0,102.33925799999999,119408,2913849,80daba577c5f84e5574263e26f23c0f396ffc2c01ccad5b7a836b7f1b657fe42,True,SUCCESS_H2S,False,REDSTAR,518.969224,True,223.335748
8,SC_S1_C06_M01;SC_S2_C06_M01;SC_S3_C06_M01;SC_S4_C06_M01;SF_S1_C06_M01;SF_S2_C06_M01;SF_S3_C06_M01;SF_S4_C06_M01,0.022727272727272728,H2S,True,91,70.693481,119678,2914319,False,0.0,9.708225,,l_SW_C06_CORE_B_SW_C06_M01_SENS,165.04596,False,ba8b68000c3fdced0ab4368572c055793dbf1c035e605df503bcf0b8337e5c67,True,332.0221345,23248896,1.5970232008733745,True,54.439291,profiles/M_REDSTAR/l_SW_C06_CORE_B_SW_C06_M01_SENS.json,d9095e5967884e0152e2a787625a59269c7ed1850102b5e1eadf1a937eb7e186,True,1,352,99987ad0eccad54f2a451d48f4bdca09cbf2be2e2128910982e2aae5e1364c65,M,M_REDSTAR,0e09d67d6fd5703c493d1d398a596ab496015e9c63c623190a84dcf6c036424d,352,1.0,94.352479,119408,2913849,80daba577c5f84e5574263e26f23c0f396ffc2c01ccad5b7a836b7f1b657fe42,True,SUCCESS_H2S,False,REDSTAR,530.247052,True,245.516377
8,SC_S1_C06_M02;SC_S2_C06_M02;SC_S3_C06_M02;SC_S4_C06_M02;SF_S1_C06_M02;SF_S2_C06_M02;SF_S3_C06_M02;SF_S4_C06_M02,0.022727272727272728,H2S,True,92,71.863097,119661,2914313,False,0.0,5.28447,,l_SW_C06_CORE_B_SW_C06_M02_CTRL,174.409222,False,ba8b68000c3fdced0ab4368572c055793dbf1c035e605df503bcf0b8337e5c67,True,332.0221345,23085056,1.6417412677045482,True,75.872129,profiles/M_REDSTAR/l_SW_C06_CORE_B_SW_C06_M02_CTRL.json,c55d7b7be5141b5c81f816c09e3aeba9d3f45e99895a4d31063d70cd48b64df3,True,1,352,876a0426176731f0530c9be1eb991e1ee5bd3d3531e8b88c6e0a1da30e0770cc,M,M_REDSTAR,1d9a8fe5d5e9fd3fca11937b4262b8b51074642f3783cead7bbba713d80ac47f,352,1.0,102.546125,119385,2913843,6da603ac21ea8bec6b50e5dfc551db1882075afba23efe98421b9ad3add0b84c,True,SUCCESS_H2S,False,REDSTAR,545.09444,True,233.487207
8,SC_S1_C06_M02;SC_S2_C06_M02;SC_S3_C06_M02;SC_S4_C06_M02;SF_S1_C06_M02;SF_S2_C06_M02;SF_S3_C06_M02;SF_S4_C06_M02,0.022727272727272728,H2S,True,93,81.907824,119662,2914313,False,0.0,7.315229,,l_SW_C06_CORE_B_SW_C06_M02_SENS,193.720442,False,ba8b68000c3fdced0ab4368572c055793dbf1c035e605df503bcf0b8337e5c67,True,332.0221345,23248896,1.6356805452679841,True,57.529181,profiles/M_REDSTAR/l_SW_C06_CORE_B_SW_C06_M02_SENS.json,419844246015232ff66368c41b430925629695b7262eb3f97ef37cd67bf0ee0c,True,1,352,876a0426176731f0530c9be1eb991e1ee5bd3d3531e8b88c6e0a1da30e0770cc,M,M_REDSTAR,f85531734cf03c226ef87f65e226f65cbbe9e12cf34fadf6c760dd8b68086962,352,1.0,111.81261799999999,119385,2913843,6da603ac21ea8bec6b50e5dfc551db1882075afba23efe98421b9ad3add0b84c,True,SUCCESS_H2S,False,REDSTAR,543.082146,True,230.871511
8,SC_S1_C06_M03;SC_S2_C06_M03;SC_S3_C06_M03;SC_S4_C06_M03;SF_S1_C06_M03;SF_S2_C06_M03;SF_S3_C06_M03;SF_S4_C06_M03,0.022727272727272728,H2S,True,94,68.968848,119695,2914317,False,0.0,9.550902,,l_SW_C06_CORE_B_SW_C06_M03_CTRL,163.947238,False,ba8b68000c3fdced0ab4368572c055793dbf1c035e605df503bcf0b8337e5c67,True,332.0221345,23085056,1.614397912980106,True,87.112414,profiles/M_REDSTAR/l_SW_C06_CORE_B_SW_C06_M03_CTRL.json,90d343a844ddb73e3297cfef95e94c4e07575e6ab455629f4d85ff37ead10770,True,1,352,5bdf909ba671b1f92cf358af8e03b3367f2bc3e3990907a48e68091619a6f33e,M,M_REDSTAR,6c4632d73493f811a7a81eae0a07379520b2fd36e0458748573305e7dd1d49b5,352,1.0,94.97839,119420,2913847,2189621f468db6bf9a8e5f5a928cccfe42e7beafa4b30f2c4d5db38d7ac9cc84,True,SUCCESS_H2S,False,REDSTAR,536.015841,True,216.342664
8,SC_S1_C06_M03;SC_S2_C06_M03;SC_S3_C06_M03;SC_S4_C06_M03;SF_S1_C06_M03;SF_S2_C06_M03;SF_S3_C06_M03;SF_S4_C06_M03,0.022727272727272728,H2S,True,95,69.57514400000001,119696,2914317,False,0.0,12.049182,,l_SW_C06_CORE_B_SW_C06_M03_SENS,170.681371,False,ba8b68000c3fdced0ab4368572c055793dbf1c035e605df503bcf0b8337e5c67,True,332.0221345,23244800,1.545186924879552,True,62.168197,profiles/M_REDSTAR/l_SW_C06_CORE_B_SW_C06_M03_SENS.json,e28a1705331ef77a18193e0defebd6c30af291fd2e5cc47b6ec12d9b289a046b,True,1,352,5bdf909ba671b1f92cf358af8e03b3367f2bc3e3990907a48e68091619a6f33e,M,M_REDSTAR,d73195c384f745e018394158e127651f24eba589dea4f5e17383237f92dc108d,352,1.0,101.106227,119420,2913847,2189621f468db6bf9a8e5f5a928cccfe42e7beafa4b30f2c4d5db38d7ac9cc84,True,SUCCESS_H2S,False,REDSTAR,513.036261,True,215.11846
2,IC_NEXT_CC_C05;IC_PREV_CC_C07,0.005681818181818182,H2S,True,96,68.926969,119540,2914239,False,0.0,7.332444,,l_SW_C06_CORE_B_SW_FACTORY_CORE_B,181.874074,False,ba8b68000c3fdced0ab4368572c055793dbf1c035e605df503bcf0b8337e5c67,True,332.0221345,23240704,1.567339276291533,True,47.256752,profiles/M_REDSTAR/l_SW_C06_CORE_B_SW_FACTORY_CORE_B.json,2ce848127cfd4a309cef179441938530358ce0848e95ab14dd251ec47e6d2309,True,1,352,20f9626fcd2ae5dc64c7795514929690e700714a1247d38c03c08bdbfca9d23b,M,M_REDSTAR,43c6daf60fc764602996fd1beaa52ece0cb2edd6f5964115b8b1f9eeb92c7622,352,1.0,112.94710500000001,119270,2913857,0c1abaa238a78a40533786dd404c0f7d85bf51f0adfac065a4c7cc7a6374aa5d,True,SUCCESS_H2S,False,REDSTAR,520.391332,True,231.320884
8,COORD_CC_C07_PLC_C07_M01;COORD_CC_C07_PLC_C07_M02;COORD_CC_C07_PLC_C07_M03;IC_NEXT_CC_C07;IC_PREV_CC_C07;STAT_PLC_C07_M01;STAT_PLC_C07_M02;STAT_PLC_C07_M03,0.022727272727272728,H2S,True,97,73.43039499999999,119546,2914351,False,0.0,6.070757,,l_SW_C07_CC_SW_C07_CORE_A,164.07777,False,ba8b68000c3fdced0ab4368572c055793dbf1c035e605df503bcf0b8337e5c67,True,332.0221345,22908928,1.5237296717035593,True,48.371247,profiles/M_REDSTAR/l_SW_C07_CC_SW_C07_CORE_A.json,46d43487988fc317d0af6c2ff045b0473e524ed1b1edb9a3ab6ba903c831bd0a,True,1,352,7f6188f622becca9ed61aefc95921fb04fab37b081d9a3ee9cf9a23d440e0ad5,M,M_REDSTAR,8f21f7926b667c20f28c856076963bd5bd1d931e0d89b1e7d207777cf3a8aaff,352,1.0,90.647375,119257,2913855,e94c65afcba3d9f08ee337f6f5c02d61f689140e516f51c8e4092eb494b83890,True,SUCCESS_H2S,False,REDSTAR,505.911978,True,234.882728
2,IC_NEXT_CC_C06;IC_PREV_CC_C08,0.005681818181818182,H2S,True,98,79.424412,119516,2914217,False,0.0,9.50029,,l_SW_C07_CC_SW_C07_CORE_B,170.102065,False,ba8b68000c3fdced0ab4368572c055793dbf1c035e605df503bcf0b8337e5c67,True,332.0221345,23085056,1.609840430683696,True,56.179177,profiles/M_REDSTAR/l_SW_C07_CC_SW_C07_CORE_B.json,267621edd18affd09ba3f944334e866f68d8a6ddcd8f1c6b9ade979f2a6707ef,True,1,352,27fb7c5f7b43d94ba0e8b2c9de2bc1b73434165a079d5fff7b1fd02f0d190789,M,M_REDSTAR,d6d780074d141cdc0ac6edbe95b6963d054249f9d20ac2b048e814789cb4a805,352,1.0,90.677653,119258,2913859,c882d1b8a320743c51ca294e8eb00f67a97b5f6098b848446dce2876a7d0c5eb,True,SUCCESS_H2S,False,REDSTAR,534.502656,True,244.763753
4,CMD_PLC_C07_M01_A1_C07_M01;CMD_PLC_C07_M01_A2_C07_M01;CMD_PLC_C07_M01_A3_C07_M01;CMD_PLC_C07_M01_A4_C07_M01,0.011363636363636364,H2S,True,99,72.28706,119593,2915008,False,0.0,6.197309,,l_SW_C07_CORE_A_SW_C07_M01_ACT,167.188102,False,ba8b68000c3fdced0ab4368572c055793dbf1c035e605df503bcf0b8337e5c67,True,332.0221345,23072768,1.6476685261476143,True,95.324141,profiles/M_REDSTAR/l_SW_C07_CORE_A_SW_C07_M01_ACT.json,e81cd81ef496ab1204df02328a21932fa05ff98a35c85162cebf34a3d79fe276,True,1,352,77f6e4b7b09dabb4134575474a4fe6218748733d2d2185a9cec8768b7204d86a,M,M_REDSTAR,5fff4d5b87fecbaa245225f7b0ed807a7b8ea99ebd4d7a5d92eecdebfc5132dd,352,1.0,94.90104199999999,119330,2914553,99a132ed6ef5443f7fce694adf96155982ed801b1a6d0b2dd49d180202ac66ec,True,SUCCESS_H2S,False,REDSTAR,547.062421,True,225.770789
6,CMD_PLC_C07_M01_A1_C07_M01;CMD_PLC_C07_M01_A2_C07_M01;CMD_PLC_C07_M01_A3_C07_M01;CMD_PLC_C07_M01_A4_C07_M01;COORD_CC_C07_PLC_C07_M01;STAT_PLC_C07_M01,0.017045454545454544,H2S,True,100,64.276228,119649,2914688,False,0.0,9.158978,,l_SW_C07_CORE_A_SW_C07_M01_CTRL,157.294591,False,ba8b68000c3fdced0ab4368572c055793dbf1c035e605df503bcf0b8337e5c67,True,332.0221345,23248896,1.502586801182076,True,47.842891,profiles/M_REDSTAR/l_SW_C07_CORE_A_SW_C07_M01_CTRL.json,d6b9c4f7436530c9c74461ed2d3c673467bc01b4594aac7d99a781df51011faa,True,1,352,fb9d61409968953691d23bc32405011f605ff5e714887b620a13beb40d360413,M,M_REDSTAR,9abb5e62b478e409a9b5d8b3044895b7864f20cb1997b2e929975efd18f1c014,352,1.0,93.018363,119371,2914184,509d86f77b78138893ea1e512c9c238babed91af1b47d5518980f7dbe233c9f8,True,SUCCESS_H2S,False,REDSTAR,498.892077,True,222.689939
4,CMD_PLC_C07_M02_A1_C07_M02;CMD_PLC_C07_M02_A2_C07_M02;CMD_PLC_C07_M02_A3_C07_M02;CMD_PLC_C07_M02_A4_C07_M02,0.011363636363636364,H2S,True,101,67.59430900000001,119604,2915008,False,0.0,6.49284,,l_SW_C07_CORE_A_SW_C07_M02_ACT,164.24345,False,ba8b68000c3fdced0ab4368572c055793dbf1c035e605df503bcf0b8337e5c67,True,332.0221345,23080960,1.4949109785932058,True,53.330371,profiles/M_REDSTAR/l_SW_C07_CORE_A_SW_C07_M02_ACT.json,435b54e6bd0874c27e3d7eaea8f167ca0de706ac786ed4211f1a5e62aabdfe62,True,1,352,d7cb65ef37ada97c7460f2fbaeaa139ff38585f004b5127f36cba5c2a29aa90e,M,M_REDSTAR,ccbabc49daf25916ec433064b3b907972c0c039335ea8eb5543659cd46404bed,352,1.0,96.64914099999999,119334,2914553,c1d5637af27f9b23ed8009379545e40d67fd2cacbacf23d09f39bcd4afebcdef,True,SUCCESS_H2S,False,REDSTAR,496.343534,True,218.972513
6,CMD_PLC_C07_M02_A1_C07_M02;CMD_PLC_C07_M02_A2_C07_M02;CMD_PLC_C07_M02_A3_C07_M02;CMD_PLC_C07_M02_A4_C07_M02;COORD_CC_C07_PLC_C07_M02;STAT_PLC_C07_M02,0.017045454545454544,H2S,True,102,70.79575,119639,2914696,False,0.0,5.753164,,l_SW_C07_CORE_A_SW_C07_M02_CTRL,172.839734,False,ba8b68000c3fdced0ab4368572c055793dbf1c035e605df503bcf0b8337e5c67,True,332.0221345,23089152,1.536320898509253,True,51.179387,profiles/M_REDSTAR/l_SW_C07_CORE_A_SW_C07_M02_CTRL.json,db7418e1256685be58c005886b489f4f96c73cb8c307b95356f894a7346c5365,True,1,352,b570009de044d8bde1171b6c048c68a19b4ca8e9f9dc2f6f7e8b52f4fedfc703,M,M_REDSTAR,164fb9e666d0a9284d90971365e918057b8bdb3b43058f345e68390d3ee3a0fd,352,1.0,102.043984,119364,2914192,07783203571e9431aa892143b68b7b7d33cd8651be17ab47a631a42aeff24350,True,SUCCESS_H2S,False,REDSTAR,510.092544,True,217.478189
4,CMD_PLC_C07_M03_A1_C07_M03;CMD_PLC_C07_M03_A2_C07_M03;CMD_PLC_C07_M03_A3_C07_M03;CMD_PLC_C07_M03_A4_C07_M03,0.011363636363636364,H2S,True,103,76.059106,119593,2915004,False,0.0,13.178979,,l_SW_C07_CORE_A_SW_C07_M03_ACT,163.410653,False,ba8b68000c3fdced0ab4368572c055793dbf1c035e605df503bcf0b8337e5c67,True,332.0221345,23080960,1.5028954884331667,True,54.160475,profiles/M_REDSTAR/l_SW_C07_CORE_A_SW_C07_M03_ACT.json,a2d33488b4e75176e8b92af1ee8c5c3ac1e843da26cde51fe9f03ed22fd15e8e,True,1,352,ddaa6ba553747f07fda017ba2460c29b7fb7cefb93bc52d415dc0737bc21b37e,M,M_REDSTAR,ee0c890d4f0d4435923ac14782293f2f1eaefa9aff8867fb8415c83dc4da84f9,352,1.0,87.351547,119326,2914549,3e9a2c422db3fafc6b28a47b76a7d2b51b4dac45b143dca129bdf895c84b2962,True,SUCCESS_H2S,False,REDSTAR,498.994568,True,216.1601
6,CMD_PLC_C07_M03_A1_C07_M03;CMD_PLC_C07_M03_A2_C07_M03;CMD_PLC_C07_M03_A3_C07_M03;CMD_PLC_C07_M03_A4_C07_M03;COORD_CC_C07_PLC_C07_M03;STAT_PLC_C07_M03,0.017045454545454544,H2S,True,104,68.923958,119638,2914700,False,0.0,7.630113,,l_SW_C07_CORE_A_SW_C07_M03_CTRL,160.69851,False,ba8b68000c3fdced0ab4368572c055793dbf1c035e605df503bcf0b8337e5c67,True,332.0221345,23244800,1.5052337692865474,True,72.155302,profiles/M_REDSTAR/l_SW_C07_CORE_A_SW_C07_M03_CTRL.json,fd5c53d54b25bccc3bfb5a688672edd907d0393dd7f096508b54a4c703201e06,True,1,352,b979dd5812d48d1053922b98d7a11a22866aec1718f9aaeb30ec0e2801a0951b,M,M_REDSTAR,ad2161030c3765cf658ad0df9db556654f149d058b476448277ffffb2a61df96,352,1.0,91.774552,119358,2914196,beee430db3a67fe62982893182ca042e3e6a8946ef64fe3da238eb644da1df68,True,SUCCESS_H2S,False,REDSTAR,499.770929,True,208.653318
2,IC_NEXT_CC_C07;IC_PREV_CC_C07,0.005681818181818182,H2S,True,105,69.16096900000001,119605,2915312,False,0.0,6.371847,,l_SW_C07_CORE_A_SW_FACTORY_CORE_B,173.756916,False,ba8b68000c3fdced0ab4368572c055793dbf1c035e605df503bcf0b8337e5c67,True,332.0221345,23244800,1.5241915686196519,True,58.484473,profiles/M_REDSTAR/l_SW_C07_CORE_A_SW_FACTORY_CORE_B.json,a70fe120e7ea0b8c6d5216b3957ef805d068d989c6f0fca875a2221ac182073a,True,1,352,5c69021fba465e4fe45c202575de13ac1fe38b10bd176f0cc569f2049bcf6a4c,M,M_REDSTAR,3f4051caf3f943a0363bc30ca043f3e2ffb42f0023de4ef40e3ff98d398aa86a,352,1.0,104.59594699999998,119336,2914930,ca8dbba0e35bd9edaee4d241cf71f1910b312f13a56477203eb209ea60cc4ebd,True,SUCCESS_H2S,False,REDSTAR,506.065338,True,209.652318
8,SC_S1_C07_M01;SC_S2_C07_M01;SC_S3_C07_M01;SC_S4_C07_M01;SF_S1_C07_M01;SF_S2_C07_M01;SF_S3_C07_M01;SF_S4_C07_M01,0.022727272727272728,H2S,True,106,75.47873,119682,2914309,False,0.0,7.151823,,l_SW_C07_CORE_B_SW_C07_M01_CTRL,169.046282,False,ba8b68000c3fdced0ab4368572c055793dbf1c035e605df503bcf0b8337e5c67,True,332.0221345,23252992,1.6206662119389512,True,86.952237,profiles/M_REDSTAR/l_SW_C07_CORE_B_SW_C07_M01_CTRL.json,dd2321e7e532854b450f9334596554d48d3eb43340c03eb28110b0bb5cfabe4f,True,1,352,578f2ea88e7fbf99c62b9ca9c1701273f4cb656a0b1f27f16e6b32b22464be90,M,M_REDSTAR,a24fc538632255ac47898ccb6acad085f6e04ba0cde55b015032d1790bd4becb,352,1.0,93.56755199999999,119415,2913839,3fc47994743ec8fbc13c68a893f93c59b5f5910ae2b0e8766124b8a3208529df,True,SUCCESS_H2S,False,REDSTAR,538.097055,True,212.931009
8,SC_S1_C07_M01;SC_S2_C07_M01;SC_S3_C07_M01;SC_S4_C07_M01;SF_S1_C07_M01;SF_S2_C07_M01;SF_S3_C07_M01;SF_S4_C07_M01,0.022727272727272728,H2S,True,107,75.762913,119683,2914309,False,0.0,7.430586,,l_SW_C07_CORE_B_SW_C07_M01_SENS,162.249317,False,ba8b68000c3fdced0ab4368572c055793dbf1c035e605df503bcf0b8337e5c67,True,332.0221345,23248896,1.510147947681482,True,50.936782,profiles/M_REDSTAR/l_SW_C07_CORE_B_SW_C07_M01_SENS.json,3ef1c00c0890b38af902180d46fc539c7957e77bb3a5f1a376e5cb42b828cbb1,True,1,352,578f2ea88e7fbf99c62b9ca9c1701273f4cb656a0b1f27f16e6b32b22464be90,M,M_REDSTAR,640bd125bbacf3e52448e5c55c3162242638114b842ede2ac7970cb499d3fa69,352,1.0,86.486404,119415,2913839,3fc47994743ec8fbc13c68a893f93c59b5f5910ae2b0e8766124b8a3208529df,True,SUCCESS_H2S,False,REDSTAR,501.402545,True,223.271152
8,SC_S1_C07_M02;SC_S2_C07_M02;SC_S3_C07_M02;SC_S4_C07_M02;SF_S1_C07_M02;SF_S2_C07_M02;SF_S3_C07_M02;SF_S4_C07_M02,0.022727272727272728,H2S,True,108,70.678387,119660,2914313,False,0.0,7.129382,,l_SW_C07_CORE_B_SW_C07_M02_CTRL,173.620852,False,ba8b68000c3fdced0ab4368572c055793dbf1c035e605df503bcf0b8337e5c67,True,332.0221345,23252992,1.4972449043152574,True,48.190526,profiles/M_REDSTAR/l_SW_C07_CORE_B_SW_C07_M02_CTRL.json,557094c4b5afa18bd542bc492a5c61c588c40e033e0e7f7d2480b82ea57fdead,True,1,352,054c619db54ebdb498d67b1e8160f53dc3f099466a2c2c4fd137146273c00e17,M,M_REDSTAR,ffa23f98a1bb27530b5d4b69c8a381842a7737e75112b61206800f8f064925bc,352,1.0,102.94246500000001,119386,2913843,296b30a6ac8386d8f3c0ffbd4aabe6db24740f4bf7f8aafb5e7015edad942fa3,True,SUCCESS_H2S,False,REDSTAR,497.118449,True,212.777047
8,SC_S1_C07_M02;SC_S2_C07_M02;SC_S3_C07_M02;SC_S4_C07_M02;SF_S1_C07_M02;SF_S2_C07_M02;SF_S3_C07_M02;SF_S4_C07_M02,0.022727272727272728,H2S,True,109,76.19633200000001,119661,2914313,False,0.0,5.749336,,l_SW_C07_CORE_B_SW_C07_M02_SENS,169.139366,False,ba8b68000c3fdced0ab4368572c055793dbf1c035e605df503bcf0b8337e5c67,True,332.0221345,23085056,1.4876169950048916,True,50.154486,profiles/M_REDSTAR/l_SW_C07_CORE_B_SW_C07_M02_SENS.json,054e6c64091a05d6045f520587f903aeadf773dbe27708a6390c80ae51b52747,True,1,352,054c619db54ebdb498d67b1e8160f53dc3f099466a2c2c4fd137146273c00e17,M,M_REDSTAR,854eecf90384a4e7daf0ce26f387283da2bf33a13f9441c9316f39e24fa5cb3d,352,1.0,92.94303399999998,119386,2913843,296b30a6ac8386d8f3c0ffbd4aabe6db24740f4bf7f8aafb5e7015edad942fa3,True,SUCCESS_H2S,False,REDSTAR,493.92177,True,215.191085
8,SC_S1_C07_M03;SC_S2_C07_M03;SC_S3_C07_M03;SC_S4_C07_M03;SF_S1_C07_M03;SF_S2_C07_M03;SF_S3_C07_M03;SF_S4_C07_M03,0.022727272727272728,H2S,True,110,72.288033,119675,2914317,False,0.0,5.938086,,l_SW_C07_CORE_B_SW_C07_M03_CTRL,191.373436,False,ba8b68000c3fdced0ab4368572c055793dbf1c035e605df503bcf0b8337e5c67,True,332.0221345,23089152,1.5782462358695548,True,50.181623,profiles/M_REDSTAR/l_SW_C07_CORE_B_SW_C07_M03_CTRL.json,073dc67fb9efedf1c902338d22bf9cb37f65872e295a5b56f3d548fb78b8fc46,True,1,352,6d9fbe733809b7ec55a7762f5f08409851462691ef1e1387cc280cc4cb50f815,M,M_REDSTAR,e432098574e1673cae8506d3e146e3d72dfed1268d32fb20c9f26e26a4665f8f,352,1.0,119.085403,119405,2913847,b678aa917e763f3d942387ff39b6fb25c8a47a62c0a124bb848b0bfb06fb9363,True,SUCCESS_H2S,False,REDSTAR,524.012684,True,224.230586
8,SC_S1_C07_M03;SC_S2_C07_M03;SC_S3_C07_M03;SC_S4_C07_M03;SF_S1_C07_M03;SF_S2_C07_M03;SF_S3_C07_M03;SF_S4_C07_M03,0.022727272727272728,H2S,True,111,70.219392,119676,2914317,False,0.0,7.121381,,l_SW_C07_CORE_B_SW_C07_M03_SENS,162.934168,False,ba8b68000c3fdced0ab4368572c055793dbf1c035e605df503bcf0b8337e5c67,True,332.0221345,23248896,1.62419311535388,True,99.166987,profiles/M_REDSTAR/l_SW_C07_CORE_B_SW_C07_M03_SENS.json,57ea15d47752e7bd1f78e79c0d22d675d7d655e483ea422d7a49eb6b6a18c727,True,1,352,6d9fbe733809b7ec55a7762f5f08409851462691ef1e1387cc280cc4cb50f815,M,M_REDSTAR,4c52c7984b0aa6af2ba7e51cf52b7d7ac0c5f5a996863724b32a39d29f415099,352,1.0,92.714776,119405,2913847,b678aa917e763f3d942387ff39b6fb25c8a47a62c0a124bb848b0bfb06fb9363,True,SUCCESS_H2S,False,REDSTAR,539.268065,True,219.489632
2,IC_NEXT_CC_C06;IC_PREV_CC_C08,0.005681818181818182,H2S,True,112,71.716393,119526,2914241,False,0.0,8.308201,,l_SW_C07_CORE_B_SW_FACTORY_CORE_B,160.13657,False,ba8b68000c3fdced0ab4368572c055793dbf1c035e605df503bcf0b8337e5c67,True,332.0221345,23240704,1.5106177808154535,True,50.665662,profiles/M_REDSTAR/l_SW_C07_CORE_B_SW_FACTORY_CORE_B.json,17a557e0f4ff7a3ad53709c1df3a6fd5335955fd7ac8d55c42724279b842e901,True,1,352,27fb7c5f7b43d94ba0e8b2c9de2bc1b73434165a079d5fff7b1fd02f0d190789,M,M_REDSTAR,403f9581e90990c455584614b973589f09b820aee4357347814fcd2437836e97,352,1.0,88.42017700000001,119258,2913859,c882d1b8a320743c51ca294e8eb00f67a97b5f6098b848446dce2876a7d0c5eb,True,SUCCESS_H2S,False,REDSTAR,501.55854,True,224.89493
8,COORD_CC_C08_PLC_C08_M01;COORD_CC_C08_PLC_C08_M02;COORD_CC_C08_PLC_C08_M03;IC_NEXT_CC_C08;IC_PREV_CC_C08;STAT_PLC_C08_M01;STAT_PLC_C08_M02;STAT_PLC_C08_M03,0.022727272727272728,H2S,True,113,65.66852800000001,119561,2914367,False,0.0,8.044953,,l_SW_C08_CC_SW_C08_CORE_A,178.02774,False,ba8b68000c3fdced0ab4368572c055793dbf1c035e605df503bcf0b8337e5c67,True,332.0221345,23240704,1.5701790357594367,True,49.135747,profiles/M_REDSTAR/l_SW_C08_CC_SW_C08_CORE_A.json,2e424abeb0f2b9beb157d7fae2899fc2832c591fcb06b320792f2a48093b5b6d,True,1,352,31b6a37e4062e29f4476e38b3b8e56bad4da1caea1f9944bbef49aad0a5b11a6,M,M_REDSTAR,a4618c58eb41773d501df55f7948356437fbc4a2c1ef8f05462101344e395392,352,1.0,112.35921199999999,119272,2913871,c608bbd248b27865d1ef34e9e2e0d6d0d234b7fce35f213750414317440e04a0,True,SUCCESS_H2S,False,REDSTAR,521.334195,True,226.632159
2,IC_NEXT_CC_C07;IC_PREV_CC_C01,0.005681818181818182,H2S,True,114,75.31386599999999,119512,2914215,False,0.0,9.717617,,l_SW_C08_CC_SW_C08_CORE_B,164.505227,False,ba8b68000c3fdced0ab4368572c055793dbf1c035e605df503bcf0b8337e5c67,True,332.0221345,23085056,1.4912585955922164,True,51.0776,profiles/M_REDSTAR/l_SW_C08_CC_SW_C08_CORE_B.json,8c2d7b5d6b6503f506371196fcb88515ce212182af9abc8edd870120617e052f,True,1,352,d0e2dd15c4b559a5b3e2a8fe6863bffc9a0d389678eee0a58236e0c4b38a01cd,M,M_REDSTAR,443718698b8c9115d639b03f28b75f731160929c5c9871d2594134bc48c53e41,352,1.0,89.191361,119258,2913857,90d275c5a551f287f0333969055130d2479b1b8891681cc350f9a7b5e76a9baa,True,SUCCESS_H2S,False,REDSTAR,495.130862,True,217.602909
4,CMD_PLC_C08_M01_A1_C08_M01;CMD_PLC_C08_M01_A2_C08_M01;CMD_PLC_C08_M01_A3_C08_M01;CMD_PLC_C08_M01_A4_C08_M01,0.011363636363636364,H2S,True,115,71.451266,119595,2915008,False,0.0,6.851191,,l_SW_C08_CORE_A_SW_C08_M01_ACT,156.101167,False,ba8b68000c3fdced0ab4368572c055793dbf1c035e605df503bcf0b8337e5c67,True,332.0221345,22917120,1.50844312158351,True,47.613199,profiles/M_REDSTAR/l_SW_C08_CORE_A_SW_C08_M01_ACT.json,a8d7fd13c26efd5187ffbac3411a3107f184870f1cf10905c5f981f305e95a6f,True,1,352,02be33479d1c62d3389bfd71fa0218f88844ffc42965594d4815bdb7b4222a5f,M,M_REDSTAR,01007cf44b43507896b39ab43eacf3923067f1c88df0aace799d4d0d83aeb6f4,352,1.0,84.649901,119330,2914553,4f7feb51cb8afa973df37416e4a549bff5712bfea6e04c63ee20999d4aa3b497,True,SUCCESS_H2S,False,REDSTAR,500.836505,True,229.672206
6,CMD_PLC_C08_M01_A1_C08_M01;CMD_PLC_C08_M01_A2_C08_M01;CMD_PLC_C08_M01_A3_C08_M01;CMD_PLC_C08_M01_A4_C08_M01;COORD_CC_C08_PLC_C08_M01;STAT_PLC_C08_M01,0.017045454545454544,H2S,True,116,74.966985,119649,2914682,False,0.0,6.902111,,l_SW_C08_CORE_A_SW_C08_M01_CTRL,178.509784,False,ba8b68000c3fdced0ab4368572c055793dbf1c035e605df503bcf0b8337e5c67,True,332.0221345,23252992,1.6600535136912689,True,69.476693,profiles/M_REDSTAR/l_SW_C08_CORE_A_SW_C08_M01_CTRL.json,acbaf4cfc2e41b507d882863e1a7c0d0e8f0591e34bf3bf159f015d6cdf02603,True,1,352,0e7ceeb6a703852954e0b51a27ff312f4bd4c8a7850dfb115d17f4bea2654447,M,M_REDSTAR,c20dbeb6667d60d977b0dfe4abc20b128ddef389de4880d45ac6a357a7c93dcf,352,1.0,103.542799,119374,2914178,ce9bd39a39d4f72879ad6345711c2373d01296676da64eae653797592e2c565d,True,SUCCESS_H2S,False,REDSTAR,551.174511,True,240.428336
4,CMD_PLC_C08_M02_A1_C08_M02;CMD_PLC_C08_M02_A2_C08_M02;CMD_PLC_C08_M02_A3_C08_M02;CMD_PLC_C08_M02_A4_C08_M02,0.011363636363636364,H2S,True,117,69.50263299999999,119605,2915024,False,0.0,6.080217,,l_SW_C08_CORE_A_SW_C08_M02_ACT,165.681904,False,ba8b68000c3fdced0ab4368572c055793dbf1c035e605df503bcf0b8337e5c67,True,332.0221345,23244800,1.5346038443108678,True,59.670959,profiles/M_REDSTAR/l_SW_C08_CORE_A_SW_C08_M02_ACT.json,935af6fab0b04298c3c0f53120503cade3015ee2712f1a098b93a88c11450b05,True,1,352,620b6d78c989e76ddf5431d72b24663ba31ad85f29cd0e695d77c46a190ae002,M,M_REDSTAR,c28401441d2c6659ae41c5862c0579025250861d46ee64eb4410f08e0c898f19,352,1.0,96.17927100000001,119338,2914569,d80c5e6d588ecced766cd72bfe455a1f42c63273bc8b272240b3f0cc83780e2c,True,SUCCESS_H2S,False,REDSTAR,509.522444,True,226.111381
6,CMD_PLC_C08_M02_A1_C08_M02;CMD_PLC_C08_M02_A2_C08_M02;CMD_PLC_C08_M02_A3_C08_M02;CMD_PLC_C08_M02_A4_C08_M02;COORD_CC_C08_PLC_C08_M02;STAT_PLC_C08_M02,0.017045454545454544,H2S,True,118,75.140303,119666,2914674,False,0.0,9.436793,,l_SW_C08_CORE_A_SW_C08_M02_CTRL,158.961903,False,ba8b68000c3fdced0ab4368572c055793dbf1c035e605df503bcf0b8337e5c67,True,332.0221345,23089152,1.6161364476740934,True,82.317574,profiles/M_REDSTAR/l_SW_C08_CORE_A_SW_C08_M02_CTRL.json,d565c91f4ec3ebd89ed023e29aa6b5e128f69c4c16c6b0f0c5d27a41a1b56033,True,1,352,bc1b8d397d19b75f24a3a1d7a1f77b5441f0d9a36647e59bd40e7f90c4e12e35,M,M_REDSTAR,859213cf7db2f138a67c094e15a43dfa339545425c5d51433d4263313009dc6b,352,1.0,83.8216,119386,2914170,b75e632f794d81254136c454a40898bb85468dddfe9c63d229402ffb2a1e85ad,True,SUCCESS_H2S,False,REDSTAR,536.593073,True,221.135555
4,CMD_PLC_C08_M03_A1_C08_M03;CMD_PLC_C08_M03_A2_C08_M03;CMD_PLC_C08_M03_A3_C08_M03;CMD_PLC_C08_M03_A4_C08_M03,0.011363636363636364,H2S,True,119,73.892293,119605,2915006,False,0.0,5.810827,,l_SW_C08_CORE_A_SW_C08_M03_ACT,183.224195,False,ba8b68000c3fdced0ab4368572c055793dbf1c035e605df503bcf0b8337e5c67,True,332.0221345,23248896,1.5455321277684275,True,47.962311,profiles/M_REDSTAR/l_SW_C08_CORE_A_SW_C08_M03_ACT.json,73c06b14bc6459fe0caee2cc1f5546836743ad86f103f7dc43c5c7cb78c3b90e,True,1,352,c6c5af36ab7b8e12e760dcf029e489fbc9f4f84e889783f0fb40c4c73a442593,M,M_REDSTAR,bac406b97446738c98196f3951f5dc7ec076f173220aa60225f832d4288a9c41,352,1.0,109.33190200000001,119342,2914551,6646ac342412b946704a1a1b54c4b1eea01a546a5e4da6234d0ed0ae91450d59,True,SUCCESS_H2S,False,REDSTAR,513.150876,True,219.463793
6,CMD_PLC_C08_M03_A1_C08_M03;CMD_PLC_C08_M03_A2_C08_M03;CMD_PLC_C08_M03_A3_C08_M03;CMD_PLC_C08_M03_A4_C08_M03;COORD_CC_C08_PLC_C08_M03;STAT_PLC_C08_M03,0.017045454545454544,H2S,True,120,68.406832,119651,2914678,False,0.0,8.007678,,l_SW_C08_CORE_A_SW_C08_M03_CTRL,166.761072,False,ba8b68000c3fdced0ab4368572c055793dbf1c035e605df503bcf0b8337e5c67,True,332.0221345,23252992,1.5031759335912587,True,52.196345,profiles/M_REDSTAR/l_SW_C08_CORE_A_SW_C08_M03_CTRL.json,13293df872e299d94e6d2128c6141542875ef7238712303020e0561b3feffac4,True,1,352,2a9d6f7a0c7136fcab0fa5236a6f4114a16838de02d55ff051a9bf70254230fe,M,M_REDSTAR,0097d21241732504b1ebc1a11cc2763527116f5d17e9a604bf7fc84e8ae997d2,352,1.0,98.35424000000002,119366,2914174,cbca8a5fd3cf4cd3a05eaac3ac51fa3c939c745811a23f58e1045f656a3bbeb4,True,SUCCESS_H2S,False,REDSTAR,499.087682,True,217.39045
2,IC_NEXT_CC_C08;IC_PREV_CC_C08,0.005681818181818182,H2S,True,121,70.756851,119598,2915308,False,0.0,6.534742,,l_SW_C08_CORE_A_SW_FACTORY_CORE_B,167.590423,False,ba8b68000c3fdced0ab4368572c055793dbf1c035e605df503bcf0b8337e5c67,True,332.0221345,23076864,1.5347899041953783,True,51.582763,profiles/M_REDSTAR/l_SW_C08_CORE_A_SW_FACTORY_CORE_B.json,9e5b00ae247601adf769fd67ec69de240ff619dccc19e2aab0fa39b45ece19ac,True,1,352,027ca8ddc4cdc97ff3de64e3daf4ed23a5605176777c2972de19d61c4ad32fc2,M,M_REDSTAR,a744923b22482485b34f0cca6526ccac53ef79dd9e7e91886ba069831990a52c,352,1.0,96.83357199999999,119331,2914926,71e0f4bb2603048d45ba5071ffc9aeb4d8230bc04682b2571c2d6158bf8b5d16,True,SUCCESS_H2S,False,REDSTAR,509.58422,True,228.678647
8,SC_S1_C08_M01;SC_S2_C08_M01;SC_S3_C08_M01;SC_S4_C08_M01;SF_S1_C08_M01;SF_S2_C08_M01;SF_S3_C08_M01;SF_S4_C08_M01,0.022727272727272728,H2S,True,122,69.192189,119681,2914317,False,0.0,7.149954,,l_SW_C08_CORE_B_SW_C08_M01_CTRL,170.73111,False,ba8b68000c3fdced0ab4368572c055793dbf1c035e605df503bcf0b8337e5c67,True,332.0221345,23252992,1.5323757609298787,True,54.622347,profiles/M_REDSTAR/l_SW_C08_CORE_B_SW_C08_M01_CTRL.json,196a09648bda46aeafb55c11b9a395587829934bc5d369b9f20af163f93236a3,True,1,352,4e0d811740931588c36dbd0e27f34aa8ef4f4ef533991af39fa667864f28bfab,M,M_REDSTAR,a16b6a066a7d01f6c58063094b0b2799bb33da91402a077e4242b22f0b371dbd,352,1.0,101.538921,119418,2913847,b573f8358883b46125667b65b5b9638c84437923ba2da7f3daf743e9696db10f,True,SUCCESS_H2S,False,REDSTAR,508.782671,True,223.308045
8,SC_S1_C08_M01;SC_S2_C08_M01;SC_S3_C08_M01;SC_S4_C08_M01;SF_S1_C08_M01;SF_S2_C08_M01;SF_S3_C08_M01;SF_S4_C08_M01,0.022727272727272728,H2S,True,123,69.116703,119682,2914317,False,0.0,5.606273,,l_SW_C08_CORE_B_SW_C08_M01_SENS,164.141374,False,ba8b68000c3fdced0ab4368572c055793dbf1c035e605df503bcf0b8337e5c67,True,332.0221345,23085056,1.666716762222369,True,93.103806,profiles/M_REDSTAR/l_SW_C08_CORE_B_SW_C08_M01_SENS.json,416cbff14263f0811c03131e9c14ecc9d042231be949e3d53b852f9c4ce0f648,True,1,352,4e0d811740931588c36dbd0e27f34aa8ef4f4ef533991af39fa667864f28bfab,M,M_REDSTAR,5d0568a13886041db66c1c33aa16ff69aeb6acfa191652e259a64c472bc92807,352,1.0,95.02467100000001,119418,2913847,b573f8358883b46125667b65b5b9638c84437923ba2da7f3daf743e9696db10f,True,SUCCESS_H2S,False,REDSTAR,553.386857,True,235.51476
8,SC_S1_C08_M02;SC_S2_C08_M02;SC_S3_C08_M02;SC_S4_C08_M02;SF_S1_C08_M02;SF_S2_C08_M02;SF_S3_C08_M02;SF_S4_C08_M02,0.022727272727272728,H2S,True,124,70.285227,119665,2914313,False,0.0,7.041396,,l_SW_C08_CORE_B_SW_C08_M02_CTRL,160.954686,False,ba8b68000c3fdced0ab4368572c055793dbf1c035e605df503bcf0b8337e5c67,True,332.0221345,23085056,1.5248856006616631,True,52.219447,profiles/M_REDSTAR/l_SW_C08_CORE_B_SW_C08_M02_CTRL.json,769e1f4604c1157dfee484e9aa7dc3de6560953383a32a84ef5a6fd9b5208401,True,1,352,19f8bc9ba2a38d3d10b60c90851e7d795047f5cc3e10f41f7ecae693649ba5f3,M,M_REDSTAR,6326a01ec6cb6975fb71bdae510cbce072cfa57879cbc92fe047d4c86791bf49,352,1.0,90.669459,119394,2913843,e3e6b641f23e895ac761df6bd327a9c7c759f1a8140175391225a79ae9890b16,True,SUCCESS_H2S,False,REDSTAR,506.295772,True,229.040786
8,SC_S1_C08_M02;SC_S2_C08_M02;SC_S3_C08_M02;SC_S4_C08_M02;SF_S1_C08_M02;SF_S2_C08_M02;SF_S3_C08_M02;SF_S4_C08_M02,0.022727272727272728,H2S,True,125,78.339191,119666,2914313,False,0.0,7.450931,,l_SW_C08_CORE_B_SW_C08_M02_SENS,189.356748,False,ba8b68000c3fdced0ab4368572c055793dbf1c035e605df503bcf0b8337e5c67,True,332.0221345,23085056,1.6120932353080815,True,54.429857,profiles/M_REDSTAR/l_SW_C08_CORE_B_SW_C08_M02_SENS.json,a31b23fbfc42de2bd3d068c4e8b5dd2b659408a1e3213e84c710b7a8a4e252aa,True,1,352,19f8bc9ba2a38d3d10b60c90851e7d795047f5cc3e10f41f7ecae693649ba5f3,M,M_REDSTAR,1f5ecadc9b34dd7869f1aa9a809452f7e6cad7a69f564bba8ba144f7aeb0285c,352,1.0,111.01755700000001,119394,2913843,e3e6b641f23e895ac761df6bd327a9c7c759f1a8140175391225a79ae9890b16,True,SUCCESS_H2S,False,REDSTAR,535.250637,True,227.37556
8,SC_S1_C08_M03;SC_S2_C08_M03;SC_S3_C08_M03;SC_S4_C08_M03;SF_S1_C08_M03;SF_S2_C08_M03;SF_S3_C08_M03;SF_S4_C08_M03,0.022727272727272728,H2S,True,126,76.440524,119675,2914309,False,0.0,7.85763,,l_SW_C08_CORE_B_SW_C08_M03_CTRL,170.75506,False,ba8b68000c3fdced0ab4368572c055793dbf1c035e605df503bcf0b8337e5c67,True,332.0221345,23089152,1.5503829188231424,True,51.085727,profiles/M_REDSTAR/l_SW_C08_CORE_B_SW_C08_M03_CTRL.json,673ebef8521bcd57c7698e2960065c68e1cba615fa70466a86e2728c16e56487,True,1,352,d573bc23d8026ff1aa51c116af5cdff90e99e24e881d278a12ba27fa99fc3db4,M,M_REDSTAR,a96d7b84ccc9632eb074f6cdd73a19ccf474329780520ad05c04a572dfb2808c,352,1.0,94.31453599999999,119406,2913839,2324d82ed317fc24e64a33e10e5e3e31aace4d61b693cf1dc49e3197bce69c14,True,SUCCESS_H2S,False,REDSTAR,514.761446,True,225.221929
8,SC_S1_C08_M03;SC_S2_C08_M03;SC_S3_C08_M03;SC_S4_C08_M03;SF_S1_C08_M03;SF_S2_C08_M03;SF_S3_C08_M03;SF_S4_C08_M03,0.022727272727272728,H2S,True,127,71.930621,119676,2914309,False,0.0,6.280888,,l_SW_C08_CORE_B_SW_C08_M03_SENS,147.693491,False,ba8b68000c3fdced0ab4368572c055793dbf1c035e605df503bcf0b8337e5c67,True,332.0221345,23085056,1.2937035527672025,True,32.350254,profiles/M_REDSTAR/l_SW_C08_CORE_B_SW_C08_M03_SENS.json,6a1b247356ab91ecf052e96632fdf99ef5ea3459eab995626eac5a6e1854db82,True,1,352,d573bc23d8026ff1aa51c116af5cdff90e99e24e881d278a12ba27fa99fc3db4,M,M_REDSTAR,bc205cd1aae3539e58a3c30343f9a59100caeecfea028cd1ec88f77ddc63192e,352,1.0,75.76286999999999,119406,2913839,2324d82ed317fc24e64a33e10e5e3e31aace4d61b693cf1dc49e3197bce69c14,True,SUCCESS_H2S,False,REDSTAR,429.538215,True,199.718531
2,IC_NEXT_CC_C07;IC_PREV_CC_C01,0.005681818181818182,H2S,True,128,86.317589,119524,2914239,False,0.0,4.99167,,l_SW_C08_CORE_B_SW_FACTORY_CORE_B,184.694763,False,ba8b68000c3fdced0ab4368572c055793dbf1c035e605df503bcf0b8337e5c67,True,332.0221345,23244800,1.4453452831470788,True,32.64446,profiles/M_REDSTAR/l_SW_C08_CORE_B_SW_FACTORY_CORE_B.json,1a112bd7903fb15691107f85f2e8c3b429a086497eb967a68b15308df4ab7762,True,1,352,d0e2dd15c4b559a5b3e2a8fe6863bffc9a0d389678eee0a58236e0c4b38a01cd,M,M_REDSTAR,8910bd6f6e46a6a7064a755bed2d1c249ef2c65cba126f8d0db950c4cef14ff3,352,1.0,98.377174,119258,2913857,90d275c5a551f287f0333969055130d2479b1b8891681cc350f9a7b5e76a9baa,True,SUCCESS_H2S,False,REDSTAR,479.886626,True,217.562071
1,IC_NEXT_CC_C01,0.002840909090909091,H2S,True,1,78.074933,93101,2108229,False,0.0,4.891356,,l_SW_BB_C01_A_SW_BB_C01_B,131.480382,False,ba8b68000c3fdced0ab4368572c055793dbf1c035e605df503bcf0b8337e5c67,True,252.317694,19271680,1.5519300838251955,True,58.89287,profiles/M_ROR/l_SW_BB_C01_A_SW_BB_C01_B.json,059111b6e1727a63a2fb05a1086141b71cacc5ebca717a18640d208809e856c5,True,1,352,3ebba459135d4155948d3a2ea956e1354aaaa5a800369c7a6e516a77a3cc4414,M,M_ROR,cb163b2e30ade4fde5b6bf7aa1079eeee283678980256f18dda95c23a6c9868c,352,1.0,53.40544899999999,92818,2107888,2970219da22ee29282c196940e77b20593fadd758f4e2a501022bcb6c64ab890,True,SUCCESS_H2S,False,ROR,391.57942,True,152.1957
2,IC_NEXT_CC_C08;IC_PREV_CC_C01,0.005681818181818182,H2S,True,2,73.044157,93676,2114424,False,0.0,8.682304,,l_SW_BB_C01_A_SW_BB_C08_B,135.381339,False,ba8b68000c3fdced0ab4368572c055793dbf1c035e605df503bcf0b8337e5c67,True,252.317694,19570688,1.553083958511447,True,50.673136,profiles/M_ROR/l_SW_BB_C01_A_SW_BB_C08_B.json,3d42b159b545c681d77bb88a14e4b0cdb1c685c19b17ce4378e1c0dc7626510e,True,1,352,b1fadf1d249f64b311e4bf3dcb6f7cf42ac13daff145e1042b614c93cac933a4,M,M_ROR,eed3d42f14fb06febebb22e6d84e6cc329cd483a15b38f59314d05edd1d25a29,352,1.0,62.337182,93368,2114066,fdf398679be6afa50288295f0751f8b664b36d603cefb977cce8aaf1e9724200,True,SUCCESS_H2S,False,ROR,391.870563,True,138.430212
3,IC_NEXT_CC_C01;IC_NEXT_CC_C08;IC_PREV_CC_C01,0.008522727272727272,H2S,True,3,82.788105,93217,2110168,False,0.0,8.952461,,l_SW_BB_C01_A_SW_C01_CC,163.931365,False,ba8b68000c3fdced0ab4368572c055793dbf1c035e605df503bcf0b8337e5c67,True,252.317694,19271680,1.525424126617137,True,21.738754,profiles/M_ROR/l_SW_BB_C01_A_SW_C01_CC.json,ed5feb366b88626e7d4ebf9d589afad01a828c6e225c6741423abe21b150a125,True,1,352,968e2e44ad2896b8c46a750c91df707e3462a061ed7781d698b1c1f3762e344e,M,M_ROR,2c1fcda15f4d74771f97b2080e394d8cffcc69bd2a010a6ea368073012f98838,352,1.0,81.14326,92917,2109799,2d5237a0327f5dc01e55e5c688f8274b1f7bd7f22eb233553771505b5b7a3b20,True,SUCCESS_H2S,False,ROR,384.891498,True,160.652919
2,IC_NEXT_CC_C01;IC_PREV_CC_C02,0.005681818181818182,H2S,True,4,71.318006,93629,2114772,False,0.0,8.125795,,l_SW_BB_C01_B_SW_BB_C02_A,162.479053,False,ba8b68000c3fdced0ab4368572c055793dbf1c035e605df503bcf0b8337e5c67,True,252.317694,19566592,1.5048714340263432,True,16.749463,profiles/M_ROR/l_SW_BB_C01_B_SW_BB_C02_A.json,61e6ac9762055c733a72fd823acb3e8e9915d706268ac1e62371b730da2a879b,True,1,352,9f5d9bb5d2b9613b2ce66fae7cf7be23c0fbeb864e9f1e17e801a07e9fae885c,M,M_ROR,4d99eca7044a47af6f9e3da37ce7046373910e2cca87fd6ebfcce844c50173e5,352,1.0,91.161047,93323,2114414,afcf63c0a56b50e5d1af793a484316fac5a67ae6c24479cb892d1f47cda9530e,True,SUCCESS_H2S,False,ROR,379.70569,True,157.921345
1,IC_PREV_CC_C02,0.002840909090909091,H2S,True,5,72.52833,93073,2108170,False,0.0,8.255778,,l_SW_BB_C01_B_SW_C01_M01_ACT,156.096462,False,ba8b68000c3fdced0ab4368572c055793dbf1c035e605df503bcf0b8337e5c67,True,252.317694,19427328,1.5039219920898612,True,39.322943,profiles/M_ROR/l_SW_BB_C01_B_SW_C01_M01_ACT.json,a023d00245a4be79eafd410a85eaada9a68938761d8ded9422c4b9ca93673680,True,1,352,3933bf4410819a65011374cf9924e79df10fee7f38804654347f405fbc348749,M,M_ROR,d630300b6bbecc91c7ce7b8ce93c7837f1818fc863420d2b85e2d47aefddf007,352,1.0,83.568132,92785,2107820,19985dc258895a2ef04c393449cf50d2623f90f79d9d14d020d44bf1992f527b,True,SUCCESS_H2S,False,ROR,379.466129,True,138.343598
1,IC_NEXT_CC_C02,0.002840909090909091,H2S,True,6,72.29467100000001,93091,2107494,False,0.0,10.054712,,l_SW_BB_C02_A_SW_BB_C02_B,167.513701,False,ba8b68000c3fdced0ab4368572c055793dbf1c035e605df503bcf0b8337e5c67,True,252.317694,19275776,1.5978597402685522,True,40.668396,profiles/M_ROR/l_SW_BB_C02_A_SW_BB_C02_B.json,de35d1168862c2e6f8ff2576e77c915a960f2662f67747c1fd8ce4a3fc68dce6,True,1,352,701a2c81e4c5ae515f1d0d6ada97ff254ed7d80913d9cc9dbfa84ed70a632ec3,M,M_ROR,14a17e91f3b35415411513dc74115e284df963fe6a1caaad5f2f1a48cd5b6273,352,1.0,95.21902999999999,92803,2107153,3d2d8270306a16199024dce8c2c2a39c9a3df47d661a75d5d0e167ca360fdd13,True,SUCCESS_H2S,False,ROR,403.168285,True,144.922939
3,IC_NEXT_CC_C01;IC_NEXT_CC_C02;IC_PREV_CC_C02,0.008522727272727272,H2S,True,7,73.984378,93207,2109405,False,0.0,7.521545,,l_SW_BB_C02_A_SW_C02_CC,144.917145,False,ba8b68000c3fdced0ab4368572c055793dbf1c035e605df503bcf0b8337e5c67,True,252.317694,19443712,1.5011917911710146,True,39.884376,profiles/M_ROR/l_SW_BB_C02_A_SW_C02_CC.json,f28aaf6a50cd62ed5df905cb375b5531977ed0f308cfb14796a085bb07213b69,True,1,352,fdf4665ed9ae6708a25c8654797ca1fc02687c79917ad83c9818fb0492d69e42,M,M_ROR,92edb49e223dec87e8bc15fdece0360fb3757a56ca84ed21a4037e8ae4da53f7,352,1.0,70.932767,92901,2109036,8bb8210ed69756ff83ff9e1d0c08eb3ff1bde6f32d7376d86cd91c83796c2b94,True,SUCCESS_H2S,False,ROR,378.777251,True,147.931254
2,IC_NEXT_CC_C02;IC_PREV_CC_C03,0.005681818181818182,H2S,True,8,68.13280300000001,93589,2113322,False,0.0,6.584742,,l_SW_BB_C02_B_SW_BB_C03_A,148.325631,False,ba8b68000c3fdced0ab4368572c055793dbf1c035e605df503bcf0b8337e5c67,True,252.317694,19410944,1.5399317734728506,True,44.624165,profiles/M_ROR/l_SW_BB_C02_B_SW_BB_C03_A.json,b030722d5d5ed68ece509e33014ee30a0396e86b5d9173a976175c30316d0d27,True,1,352,8f34d7107ce4129c8d24889782326b59a3d69d57b60450b354e95c4d12b6dc8a,M,M_ROR,ccdb63ea0b6d1a56273a790ce204372de835c8b781296fe0b9d1cf994e40802a,352,1.0,80.19282799999998,93283,2112964,67b6c1c85600d70a71808b7809d031c0b41e4c6614342fee6ac52b0cded16d08,True,SUCCESS_H2S,False,ROR,388.552034,True,147.608378
1,IC_PREV_CC_C03,0.002840909090909091,H2S,True,9,73.668833,93083,2108172,False,0.0,5.336528,,l_SW_BB_C02_B_SW_C02_M01_ACT,154.975602,False,ba8b68000c3fdced0ab4368572c055793dbf1c035e605df503bcf0b8337e5c67,True,252.317694,19542016,1.5403437540928064,True,39.968646,profiles/M_ROR/l_SW_BB_C02_B_SW_C02_M01_ACT.json,62e6a227038d5bf2eb875f98d023f4a3b65117d56d1713bb61348ad77047fc98,True,1,352,22f0568c2186f3c8e33b689c26ba1a0014520f47ba4666993a9360ccc8c96d7b,M,M_ROR,5b9f444520170ae143c7bb1de9843f8f656c8c4657fa4f891eaadfeb3890e47a,352,1.0,81.306769,92792,2107822,efc163798ce974da0af24df5d7290a0dc1d5c2909e72892d433e0a4c8d49620b,True,SUCCESS_H2S,False,ROR,388.655984,True,152.725661
1,IC_NEXT_CC_C03,0.002840909090909091,H2S,True,10,71.835648,93096,2107484,False,0.0,8.598329,,l_SW_BB_C03_A_SW_BB_C03_B,151.80173,False,ba8b68000c3fdced0ab4368572c055793dbf1c035e605df503bcf0b8337e5c67,True,252.317694,19554304,1.6723519952588026,True,73.190135,profiles/M_ROR/l_SW_BB_C03_A_SW_BB_C03_B.json,8e718518d39989fd0cf04625290241046a8fd250d8e8b76787b6c80cc11019c7,True,1,352,f34960754ef28570818c7263f245c79f69591b2e7b9631005bd8abb01b297774,M,M_ROR,626dd05277bf552322020c34d4ebe6ef8737418f20840b6cabdba39d0a994654,352,1.0,79.96608199999999,92801,2107143,d19b44c660473973c505930051ac820bc4dee7bb9f9a9e7fb94b3ade5ee41abc,True,SUCCESS_H2S,False,ROR,421.963999,True,146.889644
3,IC_NEXT_CC_C02;IC_NEXT_CC_C03;IC_PREV_CC_C03,0.008522727272727272,H2S,True,11,73.998549,93190,2109369,False,0.0,7.83899,,l_SW_BB_C03_A_SW_C03_CC,149.295183,False,ba8b68000c3fdced0ab4368572c055793dbf1c035e605df503bcf0b8337e5c67,True,252.317694,19439616,1.4936125129615365,True,36.50117,profiles/M_ROR/l_SW_BB_C03_A_SW_C03_CC.json,88c4184e564e39d0c344adfba42d667578272507784fc103970eecd05196aba8,True,1,352,18db1fdd95c744141d38151bade6942468f65052c3a0285f82e371001f91d172,M,M_ROR,502fd4efa4b064bbc875d00912f5bf512d3c4b2ce938122ea55a9a7f43c73136,352,1.0,75.29663400000001,92881,2109000,6a22293aaa89663815ff561ea10ff036a7ddeaf9f215df2d9c6de486332938b9,True,SUCCESS_H2S,False,ROR,376.864865,True,146.377918
2,IC_NEXT_CC_C03;IC_PREV_CC_C04,0.005681818181818182,H2S,True,12,73.365021,93617,2113330,False,0.0,5.260264,,l_SW_BB_C03_B_SW_BB_C04_A,153.175223,False,ba8b68000c3fdced0ab4368572c055793dbf1c035e605df503bcf0b8337e5c67,True,252.317694,19410944,1.5113930258097557,True,37.45361,profiles/M_ROR/l_SW_BB_C03_B_SW_BB_C04_A.json,79f2ca317ee8fdb36c09892987620e8ee4d125731357f3d6638d85eb85da72ac,True,1,352,2046bd54cf0bef70199be5c6837e8eb62fd740af2688bb872bc698657680ec21,M,M_ROR,b35457ad112a7a402db89108ef9ed97d4f25439646a5a6528d31dff9dd2add96,352,1.0,79.81020199999999,93311,2112972,870879c845ffb0da1c2cb5f239798e2c6964546f035bb22fe6ecdca8f7733296,True,SUCCESS_H2S,False,ROR,381.351203,True,142.427755
1,IC_PREV_CC_C04,0.002840909090909091,H2S,True,13,72.530383,93096,2108172,False,0.0,5.608601,,l_SW_BB_C03_B_SW_C03_M01_ACT,167.177652,False,ba8b68000c3fdced0ab4368572c055793dbf1c035e605df503bcf0b8337e5c67,True,252.317694,19267584,1.781280428157369,True,39.412771,profiles/M_ROR/l_SW_BB_C03_B_SW_C03_M01_ACT.json,611bb7f6da6793136aa56e95803b26706fbe882d0fe5e899a6218fe5ad82db25,True,1,352,a5b5865fba1c0f66f76beb5e8451ec0203601ec45681010f0bf487be6c69f80f,M,M_ROR,bf2453a3282fa174f0ef2c89ebb7f40ce3454ae73c64c1d97c3430f35f81705f,352,1.0,94.647269,92796,2107822,6e0c9dcff002eafdcb042a6f4ad5df5ae0b928a52b131a4d5d607cfedaf12ccb,True,SUCCESS_H2S,False,ROR,449.44857,True,189.035937
1,IC_NEXT_CC_C04,0.002840909090909091,H2S,True,14,81.965768,93092,2107480,False,0.0,5.818389,,l_SW_BB_C04_A_SW_BB_C04_B,159.6225,False,ba8b68000c3fdced0ab4368572c055793dbf1c035e605df503bcf0b8337e5c67,True,252.317694,19554304,1.6098026086113486,True,44.899138,profiles/M_ROR/l_SW_BB_C04_A_SW_BB_C04_B.json,ad677f5510f62686fdfdbb1bea83f2db89659179e5ac88ae511e0522d10e6a1e,True,1,352,7b72b0c71958d7499a22a9b8b7fd1927b09d497ede90f18869ca8497572cb827,M,M_ROR,db036fa977b9e26b005f58b93ce15fb4e63536cb72d71bf7a49979e6ab922dff,352,1.0,77.656732,92797,2107139,b76e002ff5aa3774b6e2dab3ab02c0fa4edc38e3a64bfcf4062afff16ea7b34f,True,SUCCESS_H2S,False,ROR,406.181682,True,151.295629
3,IC_NEXT_CC_C03;IC_NEXT_CC_C04;IC_PREV_CC_C04,0.008522727272727272,H2S,True,15,73.968826,93219,2109411,False,0.0,7.073299,,l_SW_BB_C04_A_SW_C04_CC,153.496349,False,ba8b68000c3fdced0ab4368572c055793dbf1c035e605df503bcf0b8337e5c67,True,252.317694,19439616,1.623513581255225,True,43.089759,profiles/M_ROR/l_SW_BB_C04_A_SW_C04_CC.json,3ccd8ceb4c391b5d45ac59ae9cf10e593d4e582408e531393977b19bba3c8d70,True,1,352,8349f310f74b6606dd3489975899adea6d609eaf3c5a8a7d1913c8c9a9b7202b,M,M_ROR,9c55f96a625f577de6390429a11ff0aba83a5ab5055e695a9138adaeece34e16,352,1.0,79.527523,92909,2109042,3a8fdff9b8904f28d9a885c294baed8af15d8ec0b91f163eaed648de19317378,True,SUCCESS_H2S,False,ROR,409.641203,True,166.973459
2,IC_NEXT_CC_C04;IC_PREV_CC_C05,0.005681818181818182,H2S,True,16,71.988408,93638,2113475,False,0.0,5.738472,,l_SW_BB_C04_B_SW_BB_C05_A,160.612666,False,ba8b68000c3fdced0ab4368572c055793dbf1c035e605df503bcf0b8337e5c67,True,252.317694,19574784,1.6426127293316182,True,38.302149,profiles/M_ROR/l_SW_BB_C04_B_SW_BB_C05_A.json,6123116cf11ecd3ddb1f28027b9089ee282af9f4210042f6ed7aa43dc5d3bcb9,True,1,352,d09936cd929ea2fb4817f6ed90339752259b5f8d9d244e2ce4261143ba682a89,M,M_ROR,c0a00022bb0d6d4bad6ba9e8226891ee1f07ed6100b70cf5763af2f2ad39ab68,352,1.0,88.62425799999998,93329,2113117,64fe7e501cbe9f89f108eae0bec412ee1226050ae020a95f7c5118deb3c035d7,True,SUCCESS_H2S,False,ROR,414.460256,True,160.55707
1,IC_PREV_CC_C05,0.002840909090909091,H2S,True,17,72.451567,93080,2108172,False,0.0,8.795337,,l_SW_BB_C04_B_SW_C04_M01_ACT,149.468665,False,ba8b68000c3fdced0ab4368572c055793dbf1c035e605df503bcf0b8337e5c67,True,252.317694,19382272,1.7084258585527499,True,65.274724,profiles/M_ROR/l_SW_BB_C04_B_SW_C04_M01_ACT.json,d36906b5377198f36113971094784376949e39a4a80ba43273eda4a631e7c86a,True,1,352,f26dcce4dad75a8821dc72060b4b9eda8e0cdbcd2953ccca288cadf0bd56d37c,M,M_ROR,e01a2802619b82a5b845b8c33540d8d7f2b0e2cc08a1cba85a7e110742f65c33,352,1.0,77.01709799999999,92789,2107822,1d3143b2ab255b6d4ba7f11ad39b54b18d9d27bea455f3f7c246d80150b9668d,True,SUCCESS_H2S,False,ROR,431.066073,True,162.738413
1,IC_NEXT_CC_C05,0.002840909090909091,H2S,True,18,82.784513,93093,2107640,False,0.0,9.205536,,l_SW_BB_C05_A_SW_BB_C05_B,163.585283,False,ba8b68000c3fdced0ab4368572c055793dbf1c035e605df503bcf0b8337e5c67,True,252.317694,19386368,1.7874171995246597,True,50.441474,profiles/M_ROR/l_SW_BB_C05_A_SW_BB_C05_B.json,34344273142dce6daf869a9c27d5e0b2fb9e06d72da5858f5f0de696f24f74e5,True,1,352,35ce2f063a518cb8f99c4249d469342e6f29c56e4cdc6bf35871fe11c926be3d,M,M_ROR,0ff4f05ba398e2f7f79c82c369c1370748e3818f1308f2f2904f881357150b85,352,1.0,80.80077,92802,2107299,95d72f9e5fe48200b362fa97ef800837abd8337c1db108f0e55aab50a78d0695,True,SUCCESS_H2S,False,ROR,450.996986,True,181.884397
3,IC_NEXT_CC_C04;IC_NEXT_CC_C05;IC_PREV_CC_C05,0.008522727272727272,H2S,True,19,75.943873,93223,2109407,False,0.0,7.069943,,l_SW_BB_C05_A_SW_C05_CC,175.56014,False,ba8b68000c3fdced0ab4368572c055793dbf1c035e605df503bcf0b8337e5c67,True,252.317694,19435520,1.730100648430942,True,39.797489,profiles/M_ROR/l_SW_BB_C05_A_SW_C05_CC.json,c249c969095f469fc2d9b780db5d1af457d7dce99208849864a66dc9ad3e3e4e,True,1,352,47f4762cc28e442f731e1358f6f27040e673ebf3b3170d3c98e92950e098d5de,M,M_ROR,aea2934d5e07f7c41a260cdfdd3db564e470b29acf8a39074a8e57832fb27caa,352,1.0,99.616267,92912,2109038,d4019b21536932ab19516019490cdaba844dba23b872a5e1e9bf367e27bfc250,True,SUCCESS_H2S,False,ROR,436.535006,True,170.924817
2,IC_NEXT_CC_C05;IC_PREV_CC_C06,0.005681818181818182,H2S,True,20,69.43525100000001,93601,2113484,False,0.0,6.797499,,l_SW_BB_C05_B_SW_BB_C06_A,146.218385,False,ba8b68000c3fdced0ab4368572c055793dbf1c035e605df503bcf0b8337e5c67,True,252.317694,19574784,1.578246934200342,True,40.441923,profiles/M_ROR/l_SW_BB_C05_B_SW_BB_C06_A.json,d26e83580ffe26d74cc4da36ef4e85b660cecc0b7ba4c17dab06d64d3a1a273d,True,1,352,66b19b3001336857fba7f68038b12d90341a6771d0b4325875d4ddb374c9e9f4,M,M_ROR,384a7dbaf48300bca8a212144c0bb2286936cf77bf6cc6e29a1a8f34c14d7427,352,1.0,76.783134,93290,2113126,13c1aaf989fb5ad3a46ea1fc4f3fcd26dfdb456552ec6b4f14ff7cd08fc16cbc,True,SUCCESS_H2S,False,ROR,398.219627,True,159.206584
1,IC_PREV_CC_C06,0.002840909090909091,H2S,True,21,77.032345,93095,2108178,False,0.0,9.060978,,l_SW_BB_C05_B_SW_C05_M01_ACT,153.606779,False,ba8b68000c3fdced0ab4368572c055793dbf1c035e605df503bcf0b8337e5c67,True,252.317694,19378176,1.636823860636583,True,42.757869,profiles/M_ROR/l_SW_BB_C05_B_SW_C05_M01_ACT.json,23111eb44700e43eed0051442ae100f96bb592e8daf764b1bdf79ef3e59d3922,True,1,352,91af7c0ae374110752a6b087b9136ed09c587ff8af29f38ba01d3c95b6bd542e,M,M_ROR,5a8191790b8530d79f743d330672b645e6b61e532c872dae827a744ebcdc8ab8,352,1.0,76.57443399999998,92801,2107828,564dd073e27e7c8cda7df336ccef12f0150973800876f3bd83857cc02f564a79,True,SUCCESS_H2S,False,ROR,412.999622,True,166.342704
1,IC_NEXT_CC_C06,0.002840909090909091,H2S,True,22,69.640976,93095,2107478,False,0.0,6.015977,,l_SW_BB_C06_A_SW_BB_C06_B,156.826351,False,ba8b68000c3fdced0ab4368572c055793dbf1c035e605df503bcf0b8337e5c67,True,252.317694,19271680,1.6123924150955502,True,36.340923,profiles/M_ROR/l_SW_BB_C06_A_SW_BB_C06_B.json,58b85d2f35c47658db364f83a4cfa5b071308d141a042406fd7039056858f4cb,True,1,352,27ac15e08d3aa9e0e69e32bb6ee5d2b4c9a3b438c11e13f7ac5845401eb8e1a7,M,M_ROR,4508b59bdba313ee390a3af660354fe33e7b94a55fa67bdc32945ffb2cfd0b27,352,1.0,87.185375,92799,2107137,2850dd0ca1b5582efb1cbcd18f2bb2587d4235fe4be359bebd72ac750b6e31f2,True,SUCCESS_H2S,False,ROR,406.835136,True,167.23723
3,IC_NEXT_CC_C05;IC_NEXT_CC_C06;IC_PREV_CC_C06,0.008522727272727272,H2S,True,23,68.525278,93223,2109437,False,0.0,12.239551,,l_SW_BB_C06_A_SW_C06_CC,150.66841,False,ba8b68000c3fdced0ab4368572c055793dbf1c035e605df503bcf0b8337e5c67,True,252.317694,19439616,1.8130920814455447,True,49.550085,profiles/M_ROR/l_SW_BB_C06_A_SW_C06_CC.json,7d058aec5b87b099dba50259e8098fdf682ca92c5e57ccccdaff5ce8253cc72e,True,1,352,ec18b8b1e2ff5c53f6192b83e66ba8bc49099c0a51f511c59b512d56f574a226,M,M_ROR,bb5fe314c4bd76c492e489b5d295a1295e3d987412e7dd559ceef49bd35f7f76,352,1.0,82.143132,92910,2109068,2cbc1a666ebd276c1fb58fa66a8cdacc022c26a7280a7be2856105cca0875177,True,SUCCESS_H2S,False,ROR,457.475213,True,192.054607
2,IC_NEXT_CC_C06;IC_PREV_CC_C07,0.005681818181818182,H2S,True,24,70.932533,93623,2113284,False,0.0,11.382875,,l_SW_BB_C06_B_SW_BB_C07_A,145.477319,False,ba8b68000c3fdced0ab4368572c055793dbf1c035e605df503bcf0b8337e5c67,True,252.317694,19410944,1.625894242676457,True,41.584452,profiles/M_ROR/l_SW_BB_C06_B_SW_BB_C07_A.json,6b3c4fda631283701fba40e83b026d98921a9165371c4df1de03aa42fdf9288a,True,1,352,646d2b8306870847c98bda4bc29267b1e8a8b65ab6b30da5c6b0e14d41a71e61,M,M_ROR,4274615ebff8b39c3360f00b37cf16c21b61bc72f878815ef116f7d91470ad4b,352,1.0,74.54478599999999,93316,2112926,30a203d88db3b73a0e4bebf6ee200b32a3ec4da6c81dd1b74dc61345a894263b,True,SUCCESS_H2S,False,ROR,410.241886,True,170.779188
1,IC_PREV_CC_C07,0.002840909090909091,H2S,True,25,69.490885,93092,2108170,False,0.0,7.097422,,l_SW_BB_C06_B_SW_C06_M01_ACT,166.745114,False,ba8b68000c3fdced0ab4368572c055793dbf1c035e605df503bcf0b8337e5c67,True,252.317694,19546112,1.6923236188104986,True,38.600171,profiles/M_ROR/l_SW_BB_C06_B_SW_C06_M01_ACT.json,1871d42496572ea091acf3dd0dae899b34a7078cd2b892687bbbbe53fe591bb7,True,1,352,88959b5e4ec8ca5937bf2099d86ece46ca9f5eff0aa8a58949dbd8bf289cf0a4,M,M_ROR,6bbc77c158238bb5b9eb57b00994dfdde07dfe82f30d1d273d4bafb3c2f27104,352,1.0,97.254229,92797,2107820,ff44f1ad4d5196f809c4bb80ee5461ac9ccb618cc4fce1d38c5496603372d0f6,True,SUCCESS_H2S,False,ROR,427.003193,True,168.709269
1,IC_NEXT_CC_C07,0.002840909090909091,H2S,True,26,76.355329,93103,2107484,False,0.0,7.561383,,l_SW_BB_C07_A_SW_BB_C07_B,154.639036,False,ba8b68000c3fdced0ab4368572c055793dbf1c035e605df503bcf0b8337e5c67,True,252.317694,19439616,1.623474749257973,True,44.584598,profiles/M_ROR/l_SW_BB_C07_A_SW_BB_C07_B.json,04e901777838d6123974f76e86d34ba8777e3bed001c796216f3af7225f1aa92,True,1,352,a48e74799392e19c80aafac00ddc47ff83d88572f3a8257a75cfc276463957c5,M,M_ROR,ada664034cb7430a1366ae15e059ebf53428b5d7b2650a7b05544ec461bcd040,352,1.0,78.283707,92809,2107143,ead5f21f52c0ad15d8a15dde00867bdfe1f3f07a3ed4a9e8740c7a781e209dc3,True,SUCCESS_H2S,False,ROR,409.631405,True,162.706566
3,IC_NEXT_CC_C06;IC_NEXT_CC_C07;IC_PREV_CC_C07,0.008522727272727272,H2S,True,27,71.46463899999999,93221,2109401,False,0.0,6.530693,,l_SW_BB_C07_A_SW_C07_CC,149.867332,False,ba8b68000c3fdced0ab4368572c055793dbf1c035e605df503bcf0b8337e5c67,True,252.317694,19439616,1.614752253561734,True,45.230099,profiles/M_ROR/l_SW_BB_C07_A_SW_C07_CC.json,a59c209f1c9d4f166ecded0fdfb314dc911f21f631cb037440f6ab691841a865,True,1,352,730b05315c510988454845dbd9496f6d9f372c456baab1489e3a013d3def7bf0,M,M_ROR,a5d19cb4160b1ebdace7f756dce946b065642ae35586ef1da322e21a27dc9473,352,1.0,78.40269300000001,92915,2109032,e597dd254b42990fc35c295b4a4853cb5c6192ee16faf7045a187610352f47ca,True,SUCCESS_H2S,False,ROR,407.430565,True,159.296313
2,IC_NEXT_CC_C07;IC_PREV_CC_C08,0.005681818181818182,H2S,True,28,73.36959999999999,93761,2114310,False,0.0,8.429489,,l_SW_BB_C07_B_SW_BB_C08_A,157.213078,False,ba8b68000c3fdced0ab4368572c055793dbf1c035e605df503bcf0b8337e5c67,True,252.317694,19578880,1.6421013621026515,True,41.474398,profiles/M_ROR/l_SW_BB_C07_B_SW_BB_C08_A.json,200e87a32eef38729428a4f9bf68fe59bb7529f4a2e5a7056c4a482098a10790,True,1,352,92375b3828e22ec6f843b4f788c1b9177c2efe9ffe825cbe5a96243fbf2055d0,M,M_ROR,f478fe0333193bf281912bd59f7db4abe6649fde6fb273e4602ca7a619cc6c79,352,1.0,83.843478,93453,2113952,b9ed56611d1244fa8cfa066682c4b97c33de5b1c2bf5c215840eaf2381b53988,True,SUCCESS_H2S,False,ROR,414.331229,True,161.281421
1,IC_PREV_CC_C08,0.002840909090909091,H2S,True,29,73.836475,93091,2108174,False,0.0,5.837425,,l_SW_BB_C07_B_SW_C07_M01_ACT,149.218795,False,ba8b68000c3fdced0ab4368572c055793dbf1c035e605df503bcf0b8337e5c67,True,252.317694,19382272,1.584156174952994,True,38.664163,profiles/M_ROR/l_SW_BB_C07_B_SW_C07_M01_ACT.json,5bdd477823343508651c394fbc0f2d76e000732fea43cc1538ce221c24ffef28,True,1,352,6ea27eb46285d40f221054f930cf5f12940ecda6f378cadc67474bc760ddcf55,M,M_ROR,b100e93311ab4f4c631630ba4d74fa64935cb0dcd7fbbd1036575b180288aa63,352,1.0,75.38232,92799,2107824,01191c14ad3d0baad3305c267098d817c15a6b6bbb60145c42d3a7864e21e471,True,SUCCESS_H2S,False,ROR,399.710633,True,157.96095
2,IC_NEXT_CC_C08;IC_PREV_CC_C01,0.005681818181818182,H2S,True,30,69.232744,93130,2108248,False,0.0,7.671231,,l_SW_BB_C08_A_SW_BB_C08_B,147.769088,False,ba8b68000c3fdced0ab4368572c055793dbf1c035e605df503bcf0b8337e5c67,True,252.317694,19271680,1.5950649541050421,True,46.033452,profiles/M_ROR/l_SW_BB_C08_A_SW_BB_C08_B.json,e380d64b432252b2ae4cedcb139c0c143cdec8d769a95d8771acc5c7fbf72257,True,1,352,db902cd27ab776f0f0dcc51226a3ffe7acda577617e457c4e94f8f4fa5888ef4,M,M_ROR,66e34ca84f84113874ca4566f42469db5c1e348c03489a45ecee401ead9ad3cc,352,1.0,78.53634400000001,92827,2107890,c4641b6755d0c60f9c433561d6526d9e24b7f853adf1e18cdfe6158a3d27ebb1,True,SUCCESS_H2S,False,ROR,402.463111,True,152.954233
4,IC_NEXT_CC_C07;IC_NEXT_CC_C08;IC_PREV_CC_C01;IC_PREV_CC_C08,0.011363636363636364,H2S,True,31,75.55425699999999,93241,2109450,False,0.0,10.254899,,l_SW_BB_C08_A_SW_C08_CC,152.257317,False,ba8b68000c3fdced0ab4368572c055793dbf1c035e605df503bcf0b8337e5c67,True,252.317694,19128320,1.7083651850432655,True,78.201013,profiles/M_ROR/l_SW_BB_C08_A_SW_C08_CC.json,05142be79042a97e62326e1fa216ed65530bec6a5d19de9cfba2f7a34048179f,True,1,352,d52ac44af196db4635ae286c035f0bf958d5bc19fb3e3c89463e4accc098dd87,M,M_ROR,288bf5616a127a5c1781a2e34c2dc552c510b78707a006d9680ecb844c1385a6,352,1.0,76.70306000000001,92929,2109064,8ee8aca70acfca0e614000c8693b71864e24a90d73197dd3d3305d9d9f2c2417,True,SUCCESS_H2S,False,ROR,431.050764,True,149.238571
3,COORD_CC_C01_PLC_C01_M01;IC_PREV_CC_C02;STAT_PLC_C01_M01,0.008522727272727272,H2S,True,32,70.074965,93370,2111214,False,0.0,8.814274,,l_SW_C01_CC_SW_C01_M01_ACT,152.317519,False,ba8b68000c3fdced0ab4368572c055793dbf1c035e605df503bcf0b8337e5c67,True,252.317694,19283968,1.5009529177133332,True,34.993394,profiles/M_ROR/l_SW_C01_CC_SW_C01_M01_ACT.json,28bb17d829ea72d1e2cb6272ae0c77b56210fb751a494c1a933778ecc99adde8,True,1,352,9b97ea0dd74efbd7a961ff9e913f2185ca768ed31af1b7c22bc5e16815761e27,M,M_ROR,b0a974adce7380aabb9e47d891983be2eea0a792292f283f5adec807071be188,352,1.0,82.242554,93063,2110824,aeef23400cf861c630bd5cdc2df4502f0621bda8c07d219cb1397659a980fcbe,True,SUCCESS_H2S,False,ROR,378.716979,True,146.742177
4,COORD_CC_C01_PLC_C01_M02;COORD_CC_C01_PLC_C01_M03;STAT_PLC_C01_M02;STAT_PLC_C01_M03,0.011363636363636364,H2S,True,33,64.39471200000001,93583,2118335,False,0.0,5.818513,,l_SW_C01_CC_SW_C01_M03_SENS,146.979445,False,ba8b68000c3fdced0ab4368572c055793dbf1c035e605df503bcf0b8337e5c67,True,252.317694,19447808,1.5230343298873046,True,41.175528,profiles/M_ROR/l_SW_C01_CC_SW_C01_M03_SENS.json,c600f24ed912fff7f782915b4e845215ce5b187828907492bcd4d57f0b2e09a5,True,1,352,c62a66276128f83e70e98483d04dc877b4124e1b3efa984bbf1ea9a5c5f94422,M,M_ROR,baf5f18bcd96434fbfe12f1b1716c09aa890d415a32a28ec715a1d3310ea2d7d,352,1.0,82.58473299999999,93277,2117913,0501fe244ad8786634ebc3c9e9cc69078771cc0e8a098cf5b78accce28c04139,True,SUCCESS_H2S,False,ROR,384.28851,True,149.805903
6,CMD_PLC_C01_M01_A1_C01_M01;CMD_PLC_C01_M01_A2_C01_M01;CMD_PLC_C01_M01_A3_C01_M01;CMD_PLC_C01_M01_A4_C01_M01;COORD_CC_C01_PLC_C01_M01;STAT_PLC_C01_M01,0.017045454545454544,H2S,True,34,72.747394,98975,2252270,False,0.0,7.270179,,l_SW_C01_M01_ACT_SW_C01_M01_CTRL,158.99918,False,ba8b68000c3fdced0ab4368572c055793dbf1c035e605df503bcf0b8337e5c67,True,252.317694,19898368,1.5903752512893528,True,39.761948,profiles/M_ROR/l_SW_C01_M01_ACT_SW_C01_M01_CTRL.json,084af180ee67039ab2b409b1027276efbbed1d01366db26d806eb394189c7344,True,1,352,ba6dcde445763f8214440bbcbbf40a8bac7382c160ea089a4a3ecc3706fe9a59,M,M_ROR,17b46bb1ce94457f6829fde5502fcfbec845c26479fb4e0a74c8b9e72be130ee,352,1.0,86.251786,98694,2251763,e435c28dc7c826352d4842b969a2ba324218d002353180c4ef382b1add7dadab,True,SUCCESS_H2S,False,ROR,401.279816,True,156.837619
8,SC_S1_C01_M01;SC_S2_C01_M01;SC_S3_C01_M01;SC_S4_C01_M01;SF_S1_C01_M01;SF_S2_C01_M01;SF_S3_C01_M01;SF_S4_C01_M01,0.022727272727272728,H2S,True,35,71.73897,101060,2267641,False,0.0,8.111303,,l_SW_C01_M01_CTRL_SW_C01_M01_SENS,153.775687,False,ba8b68000c3fdced0ab4368572c055793dbf1c035e605df503bcf0b8337e5c67,True,252.317694,20254720,1.6058134393064007,True,42.461833,profiles/M_ROR/l_SW_C01_M01_CTRL_SW_C01_M01_SENS.json,9dab69bf52b0ee08ab49b5dfb709038650925156b4190f61f1cfb709b2445af7,True,1,352,13d04b7612ae5f13d3172d049f3f6052aaf7cf78904bf73006a426d50d1f183f,M,M_ROR,af5c25a1fdb94de824c0de3023cfebd8e13ab0b7dabaf1621e21afab4132819b,352,1.0,82.03671700000001,100766,2267165,ef7b1149ffd350c51b39985ed062d5ec7d0e53eb4dbad8a0df9118f465bd865f,True,SUCCESS_H2S,False,ROR,405.175144,True,157.461951
4,CMD_PLC_C01_M02_A1_C01_M02;CMD_PLC_C01_M02_A2_C01_M02;CMD_PLC_C01_M02_A3_C01_M02;CMD_PLC_C01_M02_A4_C01_M02,0.011363636363636364,H2S,True,36,69.394284,98427,2241709,False,0.0,9.682149,,l_SW_C01_M02_ACT_SW_C01_M02_CTRL,154.152372,False,ba8b68000c3fdced0ab4368572c055793dbf1c035e605df503bcf0b8337e5c67,True,252.317694,19869696,1.6068703687502788,True,40.381761,profiles/M_ROR/l_SW_C01_M02_ACT_SW_C01_M02_CTRL.json,442ae2e7ea5b2fac6448fc81296fa7f809c3e8ef93f40b070cea32df21a0131e,True,1,352,7f87c7533eab8b2336cb31109f3210422fe337683de3fed2327001d6bbf2a56d,M,M_ROR,4bed56e63eaa4862c4a95293689618679b53f442908f819b0a0266fc3289e2d4,352,1.0,84.75808800000001,98163,2241248,475c985f4bca8d13e93730b632b0364be0e488075d687b46dbc9bca57731122b,True,SUCCESS_H2S,False,ROR,405.441826,True,158.259139
10,COORD_CC_C01_PLC_C01_M02;SC_S1_C01_M02;SC_S2_C01_M02;SC_S3_C01_M02;SC_S4_C01_M02;SF_S1_C01_M02;SF_S2_C01_M02;SF_S3_C01_M02;SF_S4_C01_M02;STAT_PLC_C01_M02,0.028409090909090908,H2S,True,37,75.402081,100823,2267574,False,0.0,6.830482,,l_SW_C01_M02_CTRL_SW_C01_M02_SENS,162.573582,False,ba8b68000c3fdced0ab4368572c055793dbf1c035e605df503bcf0b8337e5c67,True,252.317694,20254720,1.646518935766748,True,54.182218,profiles/M_ROR/l_SW_C01_M02_CTRL_SW_C01_M02_SENS.json,c52aebffbb68315045faac191a27af87a9ab1c3bf5ec8ea8f23f2b74ba1efba1,True,1,352,eea447d9372716a7cd4206e0c9d3176f323b38ef10255f34fb88e70e3f7e06de,M,M_ROR,c012b04bdf91d73193f9817a185c8db8c0742b1069c4026c54831e0d5ac2b522,352,1.0,87.17150099999999,100511,2267052,540c6c975183037e912917e1f6c10620a7a964df2e751df11d89832adf8dfd34,True,SUCCESS_H2S,False,ROR,415.445861,True,151.696254
2,COORD_CC_C01_PLC_C01_M02;STAT_PLC_C01_M02,0.005681818181818182,H2S,True,38,72.329426,93076,2108225,False,0.0,5.213456,,l_SW_C01_M02_SENS_SW_C01_M03_ACT,152.425498,False,ba8b68000c3fdced0ab4368572c055793dbf1c035e605df503bcf0b8337e5c67,True,252.317694,19423232,1.575526110348805,True,45.064489,profiles/M_ROR/l_SW_C01_M02_SENS_SW_C01_M03_ACT.json,fda918a79acfa6fabb6dc784aa5e46bf6b10104e79a939404b0b7924c13e4a5f,True,1,352,59b7d3970a06fb86973dec9340f3e60c2f0b83446b36c6161ee36f611ec81825,M,M_ROR,13ed08df0429dc7574199f1bdbb1adbebe11671a1e2f5837839e8cca3d7944da,352,1.0,80.096072,92775,2107834,d8d4c90941d050bc9d1cea438e7b7cf2e70d4154c52d983f85e2a776bc18bfc6,True,SUCCESS_H2S,False,ROR,397.533115,True,148.940313
6,CMD_PLC_C01_M03_A1_C01_M03;CMD_PLC_C01_M03_A2_C01_M03;CMD_PLC_C01_M03_A3_C01_M03;CMD_PLC_C01_M03_A4_C01_M03;COORD_CC_C01_PLC_C01_M02;STAT_PLC_C01_M02,0.017045454545454544,H2S,True,39,66.171171,98526,2241975,False,0.0,8.668994,,l_SW_C01_M03_ACT_SW_C01_M03_CTRL,143.197086,False,ba8b68000c3fdced0ab4368572c055793dbf1c035e605df503bcf0b8337e5c67,True,252.317694,20041728,1.5773842638241613,True,46.966283,profiles/M_ROR/l_SW_C01_M03_ACT_SW_C01_M03_CTRL.json,d2fbb73249dbc5e03be5a9ad0377835c690ad043936fd4830268228dad6bc1bb,True,1,352,c28b95bf97af64b9fd3f70c69b1d21376526e1fb86b3300708aa6efc4ac808ad,M,M_ROR,27c39f6be2829526a5e4daa9dbe45da7618cb825b47a616005d06f77c75c9e91,352,1.0,77.02591500000001,98247,2241468,512e43e2d0a37d8b2b669f1e70355f23eab33f10ee46a57ea9100283f815e825,True,SUCCESS_H2S,False,ROR,398.00196,True,154.45286
12,COORD_CC_C01_PLC_C01_M02;COORD_CC_C01_PLC_C01_M03;SC_S1_C01_M03;SC_S2_C01_M03;SC_S3_C01_M03;SC_S4_C01_M03;SF_S1_C01_M03;SF_S2_C01_M03;SF_S3_C01_M03;SF_S4_C01_M03;STAT_PLC_C01_M02;STAT_PLC_C01_M03,0.03409090909090909,H2S,True,40,72.862528,101465,2277131,False,0.0,6.991332,,l_SW_C01_M03_CTRL_SW_C01_M03_SENS,153.766363,False,ba8b68000c3fdced0ab4368572c055793dbf1c035e605df503bcf0b8337e5c67,True,252.317694,20025344,1.675993939608532,True,44.39516,profiles/M_ROR/l_SW_C01_M03_CTRL_SW_C01_M03_SENS.json,deb7006c367913b3c8bc9b77570c9a5a22d3588a7526f915830bbf225a7a1aba,True,1,352,58b028c3763bb97930f022d5a5423205fc893c0bb3ae3d7fadae797df1ced9c0,M,M_ROR,a304cf9dafaf09092a57ba44ef59d7fc21aaaea7e7e24930db4fcc22d2f74f37,352,1.0,80.90383500000002,101145,2276563,cfeb1da20dd8237ee8410940447c727b1a34385c1d2fca6cb360f3971c0cc97b,True,SUCCESS_H2S,False,ROR,422.882926,True,166.132491
4,COORD_CC_C02_PLC_C02_M01;COORD_CC_C02_PLC_C02_M02;IC_PREV_CC_C03;STAT_PLC_C02_M01,0.011363636363636364,H2S,True,41,74.75867699999999,93369,2110478,False,0.0,5.493811,,l_SW_C02_CC_SW_C02_M01_ACT,148.893383,False,ba8b68000c3fdced0ab4368572c055793dbf1c035e605df503bcf0b8337e5c67,True,252.317694,19288064,1.6328786359310972,True,39.271513,profiles/M_ROR/l_SW_C02_CC_SW_C02_M01_ACT.json,be4d6f8565ad6291155fb3e22a9ac6e6e4a0bafae34c955a541ae8023d83da17,True,1,352,9d9f2d5ef96a1f7696a43e133c0c68578eb61c3df43a8a7799c3bfd3da4f1027,M,M_ROR,9befec6fbc0c390fffd796fce823de6fbf6d210bcb8cc62cc158f68c902a7297,352,1.0,74.13470600000001,93054,2110061,59952dd6923ed386a0108bce80d431ba054bd14e43b16237df8629f7f9d5141b,True,SUCCESS_H2S,False,ROR,412.004172,True,171.785344
3,COORD_CC_C02_PLC_C02_M03;STAT_PLC_C02_M02;STAT_PLC_C02_M03,0.008522727272727272,H2S,True,42,63.678518000000004,93591,2117503,False,0.0,5.587415,,l_SW_C02_CC_SW_C02_M03_SENS,144.078982,False,ba8b68000c3fdced0ab4368572c055793dbf1c035e605df503bcf0b8337e5c67,True,252.317694,19288064,1.531857230749739,True,41.376789,profiles/M_ROR/l_SW_C02_CC_SW_C02_M03_SENS.json,3b0d520a63423208fc5aaf8d6460b04bae9735ecd42452a846edcce525fc1efa,True,1,352,f9538f4550332c042482ac30977bdd52ea446eb5234e725ee697689b539e4b6a,M,M_ROR,a5a4d9d8251ea0aed8abd8b892cfcf3133e8331a93d58ff386c6dca88ba81a32,352,1.0,80.400464,93284,2117108,f5e1d1ddc6375d345bd08c4628746f50608d02ec9eac214f64d2bc036c45717d,True,SUCCESS_H2S,False,ROR,386.514684,True,154.570227
7,CMD_PLC_C02_M01_A1_C02_M01;CMD_PLC_C02_M01_A2_C02_M01;CMD_PLC_C02_M01_A3_C02_M01;CMD_PLC_C02_M01_A4_C02_M01;COORD_CC_C02_PLC_C02_M01;COORD_CC_C02_PLC_C02_M02;STAT_PLC_C02_M01,0.019886363636363636,H2S,True,43,65.132436,99062,2251050,False,0.0,9.073201,,l_SW_C02_M01_ACT_SW_C02_M01_CTRL,148.729367,False,ba8b68000c3fdced0ab4368572c055793dbf1c035e605df503bcf0b8337e5c67,True,252.317694,19910656,1.7476245562073027,True,44.433867,profiles/M_ROR/l_SW_C02_M01_ACT_SW_C02_M01_CTRL.json,dcd68ae9c41d692992eb8c9a1ab5a378afc591b9bd531316a822d15942326f1e,True,1,352,0dc337925353870555a7394ffd950aea2f00c38d569060b8c29ee3f80f64653a,M,M_ROR,d3958c987d6dcb6fe7a91bbd3381c74875089e945671eb3da09bda2b6419c2bf,352,1.0,83.596931,98738,2250516,a31e8fdb86f205dedcad49206a4c6e8cd9dbb8008c69ff6d794877226719eacb,True,SUCCESS_H2S,False,ROR,440.956598,True,189.029978
9,COORD_CC_C02_PLC_C02_M02;SC_S1_C02_M01;SC_S2_C02_M01;SC_S3_C02_M01;SC_S4_C02_M01;SF_S1_C02_M01;SF_S2_C02_M01;SF_S3_C02_M01;SF_S4_C02_M01,0.02556818181818182,H2S,True,44,65.72756000000001,101051,2266825,False,0.0,6.962204,,l_SW_C02_M01_CTRL_SW_C02_M01_SENS,145.647022,False,ba8b68000c3fdced0ab4368572c055793dbf1c035e605df503bcf0b8337e5c67,True,252.317694,20094976,1.6936010401236468,True,51.96518,profiles/M_ROR/l_SW_C02_M01_CTRL_SW_C02_M01_SENS.json,0adbe0218a7755ab05469ec314f980da45232d775df5bbca983baa8dad7d247a,True,1,352,8d156650634fc6ca7f94bcd76e20c2dc102b9e5fe85f8f7600802f806192f992,M,M_ROR,3931e40a539d3c43b6f99e1e32df1def0ba7394ec75362728678c313a5367291,352,1.0,79.91946199999998,100734,2266322,60532e41f334eacceb1494524850aed6462504e396ae64ba0ffc8779bf5368a8,True,SUCCESS_H2S,False,ROR,427.325509,True,175.37788
1,COORD_CC_C02_PLC_C02_M02,0.002840909090909091,H2S,True,45,73.017631,93122,2107521,False,0.0,9.634138,,l_SW_C02_M01_SENS_SW_C02_M02_ACT,149.071294,False,ba8b68000c3fdced0ab4368572c055793dbf1c035e605df503bcf0b8337e5c67,True,252.317694,19263488,1.7858593737782023,True,81.561086,profiles/M_ROR/l_SW_C02_M01_SENS_SW_C02_M02_ACT.json,a909e2cb31fe6b407428de0fff0b84fb76a735bbb403c8b7e528b69c14070eed,True,1,352,c4b49aefba6d0158cbd373847632d588f88be2d71400e8fd548691ffd7145d47,M,M_ROR,7a8d5d72b1a533019a1f00fcbee19cb45adec6e9b6519b510165d1b68b69e85c,352,1.0,76.053663,92822,2107149,1f627e62dd67b1e08b21c7b3335baaa97c3dafa6f311c3742544707e09815f8a,True,SUCCESS_H2S,False,ROR,450.603919,True,165.247564
5,CMD_PLC_C02_M02_A1_C02_M02;CMD_PLC_C02_M02_A2_C02_M02;CMD_PLC_C02_M02_A3_C02_M02;CMD_PLC_C02_M02_A4_C02_M02;COORD_CC_C02_PLC_C02_M02,0.014204545454545454,H2S,True,46,67.37391199999999,98622,2240539,False,0.0,6.604496,,l_SW_C02_M02_ACT_SW_C02_M02_CTRL,151.237786,False,ba8b68000c3fdced0ab4368572c055793dbf1c035e605df503bcf0b8337e5c67,True,252.317694,20045824,1.6743048904053475,True,48.541468,profiles/M_ROR/l_SW_C02_M02_ACT_SW_C02_M02_CTRL.json,7561a99ba3e97390ea604d3c1e5df6bae58ef4867246d27baf9768db05a360b7,True,1,352,062dad901dd68f8574d29e882ac0a27714f5e3c0fef9c4d27338b057310f4986,M,M_ROR,ecc0b0b0bdbb63f64965798f248669c917e440d3eeb2fb0eda004f826dbaf43e,352,1.0,83.86387400000001,98307,2240051,c525c594f2430c94ad4bd9b36e8e09fbe7d2907f46803c6a85621494fce62209,True,SUCCESS_H2S,False,ROR,422.456749,True,172.894632
9,SC_S1_C02_M02;SC_S2_C02_M02;SC_S3_C02_M02;SC_S4_C02_M02;SF_S1_C02_M02;SF_S2_C02_M02;SF_S3_C02_M02;SF_S4_C02_M02;STAT_PLC_C02_M02,0.02556818181818182,H2S,True,47,74.471859,100835,2266643,False,0.0,11.51173,,l_SW_C02_M02_CTRL_SW_C02_M02_SENS,160.646918,False,ba8b68000c3fdced0ab4368572c055793dbf1c035e605df503bcf0b8337e5c67,True,252.317694,20094976,1.7387955202222165,True,42.082567,profiles/M_ROR/l_SW_C02_M02_CTRL_SW_C02_M02_SENS.json,32dfa054d2bdaf7069be83acee1cc81624fa5fa59a7ca2120ab4b2f740a3cd51,True,1,352,5e2e2415f389a8dcfb7ca17e9908f5d2f048ca35881900dca911317b971e7067,M,M_ROR,3c520bdd81557cfcb0c53296d5a891eb7c04c3fb0584dd2edd0f9a44952dee37,352,1.0,86.175059,100522,2266148,b943d6559b1fea4e6e4bc3fa7b9ead63ad67b122f9fa22d1e73d2191e366079b,True,SUCCESS_H2S,False,ROR,438.728876,True,175.956981
1,STAT_PLC_C02_M02,0.002840909090909091,H2S,True,48,69.930933,93081,2107463,False,0.0,8.131243,,l_SW_C02_M02_SENS_SW_C02_M03_ACT,147.08065,False,ba8b68000c3fdced0ab4368572c055793dbf1c035e605df503bcf0b8337e5c67,True,252.317694,19537920,1.5558622535603865,True,40.412683,profiles/M_ROR/l_SW_C02_M02_SENS_SW_C02_M03_ACT.json,feead6ba99578a4e669b3d9149011c2790f387cc17c44337f969172569273c27,True,1,352,381735c0ab2259bd402e00a629a3dd13a5d2eee6e9fba8d523650784d075adbf,M,M_ROR,0ad695616e4b5880261476baa52a79803f1360a7910d80358a670826eef46df9,352,1.0,77.149717,92787,2107099,dc8562e4642c7ee9703841fde52e4993cdb7ea59cd8e37d7b96dd3485be69e6c,True,SUCCESS_H2S,False,ROR,392.571576,True,153.865887
5,CMD_PLC_C02_M03_A1_C02_M03;CMD_PLC_C02_M03_A2_C02_M03;CMD_PLC_C02_M03_A3_C02_M03;CMD_PLC_C02_M03_A4_C02_M03;STAT_PLC_C02_M02,0.014204545454545454,H2S,True,49,72.81523299999999,98635,2241484,False,0.0,9.775402,,l_SW_C02_M03_ACT_SW_C02_M03_CTRL,162.313142,False,ba8b68000c3fdced0ab4368572c055793dbf1c035e605df503bcf0b8337e5c67,True,252.317694,19881984,1.7065728216428613,True,43.225361,profiles/M_ROR/l_SW_C02_M03_ACT_SW_C02_M03_CTRL.json,ba5031a5d473af9c606e65c15057b55507291702e1538c6ce8ebf9b04a4691d5,True,1,352,327dc689d8bf8c48be8ba3d615b081e8fca798d34ae0bbcc387413f30fca7903,M,M_ROR,73fed76fe95b789ff4123a0c9ac557ae73128902f19d22ff810f8a0eb0eee1b0,352,1.0,89.497909,98333,2241004,9df524bdd22cd51ad706e2ad9610c916a1e010f4dc7c7074698a12ee63d1fde9,True,SUCCESS_H2S,False,ROR,430.598519,True,172.617788
11,COORD_CC_C02_PLC_C02_M03;SC_S1_C02_M03;SC_S2_C02_M03;SC_S3_C02_M03;SC_S4_C02_M03;SF_S1_C02_M03;SF_S2_C02_M03;SF_S3_C02_M03;SF_S4_C02_M03;STAT_PLC_C02_M02;STAT_PLC_C02_M03,0.03125,H2S,True,50,68.601206,101236,2276511,False,0.0,8.493074,,l_SW_C02_M03_CTRL_SW_C02_M03_SENS,145.123768,False,ba8b68000c3fdced0ab4368572c055793dbf1c035e605df503bcf0b8337e5c67,True,252.317694,20176896,1.7226539887448402,True,47.368654,profiles/M_ROR/l_SW_C02_M03_CTRL_SW_C02_M03_SENS.json,4a47d4f984ef95aab623319f44bd69638b5138b0662d81dbacaf1839d36acfd3,True,1,352,db345699dd2f3fa2e29bc7ad5c1dab15bf08cd3fbba6f2fff9f755bf84dcb0bc,M,M_ROR,c3adb7db3ed9ccff5a9899f087c5127cababdf9b70fff125b9b7553111804397,352,1.0,76.52256200000001,100919,2275970,2b5546f4bba44f68e0fb5e2d3ed64ea931d80b612c6b36919a2387721102e334,True,SUCCESS_H2S,False,ROR,434.656082,True,181.298955
4,COORD_CC_C03_PLC_C03_M01;COORD_CC_C03_PLC_C03_M02;IC_PREV_CC_C04;STAT_PLC_C03_M01,0.011363636363636364,H2S,True,51,67.049439,93389,2110518,False,0.0,8.870923,,l_SW_C03_CC_SW_C03_M01_ACT,143.980638,False,ba8b68000c3fdced0ab4368572c055793dbf1c035e605df503bcf0b8337e5c67,True,252.317694,19451904,1.7202240719590598,True,45.838172,profiles/M_ROR/l_SW_C03_CC_SW_C03_M01_ACT.json,736f430f44606e645f5a6a13891b1dc59561eaa457402df4d33d6c41cbf7156b,True,1,352,b8907e1c8ffbea390819145f95d1908974a2eff30cba1a6bdd782ecd6a7e29ce,M,M_ROR,5a9cb0a95ea02cdcd33735f7cb5c6391fe4cc120fd81e4a74224d782dd7e7008,352,1.0,76.93119899999999,93070,2110101,09964ddbaed1edbcbccc956ca6895cc41f6996d31c72b76870e030c71124f01e,True,SUCCESS_H2S,False,ROR,434.042971,True,181.30498
3,COORD_CC_C03_PLC_C03_M03;STAT_PLC_C03_M02;STAT_PLC_C03_M03,0.008522727272727272,H2S,True,52,68.883299,93636,2117473,False,0.0,9.003279,,l_SW_C03_CC_SW_C03_M03_SENS,159.590152,False,ba8b68000c3fdced0ab4368572c055793dbf1c035e605df503bcf0b8337e5c67,True,252.317694,19406848,1.7645725669956387,True,79.821471,profiles/M_ROR/l_SW_C03_CC_SW_C03_M03_SENS.json,7531798f4d20fa41c8e9fb93448af76d3150d155db05be6bf275293e782e8eed,True,1,352,bd0bafcc6034fcabea779b1f915916a313141de82ac776eee52462f42d66b87e,M,M_ROR,f052927927f77478303cb6e71bdda5832274c217bd9c8a2c72c0a83c38366883,352,1.0,90.706853,93332,2117078,c463bb4810655005356e2dc487610cdf784f35355981774a7a2e7f58550dca17,True,SUCCESS_H2S,False,ROR,445.232881,True,153.194207
7,CMD_PLC_C03_M01_A1_C03_M01;CMD_PLC_C03_M01_A2_C03_M01;CMD_PLC_C03_M01_A3_C03_M01;CMD_PLC_C03_M01_A4_C03_M01;COORD_CC_C03_PLC_C03_M01;COORD_CC_C03_PLC_C03_M02;STAT_PLC_C03_M01,0.019886363636363636,H2S,True,53,73.453275,99329,2250531,False,0.0,10.671492,,l_SW_C03_M01_ACT_SW_C03_M01_CTRL,166.06577,False,ba8b68000c3fdced0ab4368572c055793dbf1c035e605df503bcf0b8337e5c67,True,252.317694,20070400,1.707412972789772,True,44.421418,profiles/M_ROR/l_SW_C03_M01_ACT_SW_C03_M01_CTRL.json,d0966a9caeb7c4966a6dc9d4e7a3a84550f905d582a05edbbab71fd2758c6d77,True,1,352,d15ee32279af0f665c6d5a09083938d3ca0c5f93cf086cbc1226aec54672c8ec,M,M_ROR,f1917568cfb385608deefc7d1f3c39280098702b3bc5e88dbd80919fe0814799,352,1.0,92.61249499999998,99013,2249997,51815accd2d4073bd0c278028cfc5ef6b5666b4d6d50abf5f433aaa255952910,True,SUCCESS_H2S,False,ROR,430.810504,True,156.136694
9,COORD_CC_C03_PLC_C03_M02;SC_S1_C03_M01;SC_S2_C03_M01;SC_S3_C03_M01;SC_S4_C03_M01;SF_S1_C03_M01;SF_S2_C03_M01;SF_S3_C03_M01;SF_S4_C03_M01,0.02556818181818182,H2S,True,54,69.382612,100930,2267005,False,0.0,5.241343,,l_SW_C03_M01_CTRL_SW_C03_M01_SENS,147.824821,False,ba8b68000c3fdced0ab4368572c055793dbf1c035e605df503bcf0b8337e5c67,True,252.317694,20094976,1.580679351801622,True,41.151618,profiles/M_ROR/l_SW_C03_M01_CTRL_SW_C03_M01_SENS.json,754d0de5723e968771d0445b9082e488e8008630e47bd7155f1e259c3f3dce9d,True,1,352,5aaf0f51deb63889fa42d7adc53e448a4a47deb7578f095b9f3184abdd6ebadf,M,M_ROR,9a7add2ea694a053d7bfacb8857649a6133f5bd36cd80aaa33c6fde2c7fcd42d,352,1.0,78.44220899999999,100625,2266502,755c5500e049eb15e6801768476e65c143e06e39a059f4527f32804022bff66c,True,SUCCESS_H2S,False,ROR,398.833369,True,162.495502
1,COORD_CC_C03_PLC_C03_M02,0.002840909090909091,H2S,True,55,70.017836,93114,2107509,False,0.0,5.069864,,l_SW_C03_M01_SENS_SW_C03_M02_ACT,157.18069,False,ba8b68000c3fdced0ab4368572c055793dbf1c035e605df503bcf0b8337e5c67,True,252.317694,19427328,1.6303790926370785,True,37.978807,profiles/M_ROR/l_SW_C03_M01_SENS_SW_C03_M02_ACT.json,3d6ac829b7e74a4f5fb4c07044062b5df0c8416ec9a09814a514e6ff21695d5d,True,1,352,0475271d557424877a835fb988d27d1fc38d3cf55f4c7eb674cd2d9e2abe234a,M,M_ROR,ecc3758b92f28fd7284354ddaecf445f4a2977cac6a342f79c291ace8b2b838d,352,1.0,87.162854,92817,2107137,33f662ad3dab0bcd49e71789b63bd1a0d3968d4c9f69c89c67604a7b5ca1eb04,True,SUCCESS_H2S,False,ROR,411.373493,True,165.121722
5,CMD_PLC_C03_M02_A1_C03_M02;CMD_PLC_C03_M02_A2_C03_M02;CMD_PLC_C03_M02_A3_C03_M02;CMD_PLC_C03_M02_A4_C03_M02;COORD_CC_C03_PLC_C03_M02,0.014204545454545454,H2S,True,56,66.650913,98797,2240944,False,0.0,6.972806,,l_SW_C03_M02_ACT_SW_C03_M02_CTRL,147.473258,False,ba8b68000c3fdced0ab4368572c055793dbf1c035e605df503bcf0b8337e5c67,True,252.317694,20037632,1.5817899358259038,True,45.386819,profiles/M_ROR/l_SW_C03_M02_ACT_SW_C03_M02_CTRL.json,e20f8f91cf24b59c7c00076f8da6c11bda2dc09e7def57722ba1f1b10e59b5c6,True,1,352,8a31db20f5dad6430ce1d67c119721d9d7952bc8dcc85295c2aae70aa56f3302,M,M_ROR,070f6c6f8654218d55106fc3c301ba37397fda0e622ffec0cf60cbb32b88d417,352,1.0,80.82234499999998,98489,2240456,a75892f411ff0b5a5cb148256aab34cefe3f628a80bd7cf8a7868b6feb11bf4a,True,SUCCESS_H2S,False,ROR,399.113589,True,157.745505
9,SC_S1_C03_M02;SC_S2_C03_M02;SC_S3_C03_M02;SC_S4_C03_M02;SF_S1_C03_M02;SF_S2_C03_M02;SF_S3_C03_M02;SF_S4_C03_M02;STAT_PLC_C03_M02,0.02556818181818182,H2S,True,57,74.984491,100974,2266432,False,0.0,5.643492,,l_SW_C03_M02_CTRL_SW_C03_M02_SENS,156.395966,False,ba8b68000c3fdced0ab4368572c055793dbf1c035e605df503bcf0b8337e5c67,True,252.317694,20094976,1.6866773124519758,True,55.836046,profiles/M_ROR/l_SW_C03_M02_CTRL_SW_C03_M02_SENS.json,b035808dbd0a56858806843f78c0e36677d6cbc7a3a1b6adf17a3037d091690c,True,1,352,0a0e19ab842c556ea54d50516c1377eb286814cbeef7b19d4bb971000479bf2c,M,M_ROR,09b03b8621129ec109dc0aac399bf228649e7fcad9cee2d885fe0df258b569c3,352,1.0,81.41147499999998,100661,2265937,32a904f605b6fe04c181c458a369d2543b06bed84c5d24ef4d6f6edfbccd3cc2,True,SUCCESS_H2S,False,ROR,425.57853,True,164.250079
1,STAT_PLC_C03_M02,0.002840909090909091,H2S,True,58,60.597878,93088,2107463,False,0.0,7.143575,,l_SW_C03_M02_SENS_SW_C03_M03_ACT,142.968559,False,ba8b68000c3fdced0ab4368572c055793dbf1c035e605df503bcf0b8337e5c67,True,252.317694,19374080,1.3210195992041684,True,16.557843,profiles/M_ROR/l_SW_C03_M02_SENS_SW_C03_M03_ACT.json,7b0959e44a079e3f3b514608dc2e6f7d2b22d87cb8ddd35108ab54b109f72a5c,True,1,352,610326b273f162df499ea133437f42de2fa8bf386536a635f96f10a78c55fd13,M,M_ROR,d510224ac1d7410b57aa9b071c98f931de4d789bf607913bb1e3891548e39006,352,1.0,82.37068099999999,92802,2107099,8205b256291a510e5576bbfe9c099a877aa804bbf2f09eea2457a41f3014ae95,True,SUCCESS_H2S,False,ROR,333.316619,True,135.247941
5,CMD_PLC_C03_M03_A1_C03_M03;CMD_PLC_C03_M03_A2_C03_M03;CMD_PLC_C03_M03_A3_C03_M03;CMD_PLC_C03_M03_A4_C03_M03;STAT_PLC_C03_M02,0.014204545454545454,H2S,True,59,68.09813100000001,98783,2240650,False,0.0,4.852493,,l_SW_C03_M03_ACT_SW_C03_M03_CTRL,141.044853,False,ba8b68000c3fdced0ab4368572c055793dbf1c035e605df503bcf0b8337e5c67,True,252.317694,20045824,1.4632883534517402,True,48.3303,profiles/M_ROR/l_SW_C03_M03_ACT_SW_C03_M03_CTRL.json,b8543d432f866f69e259fef2568e2875cebf998a8ec6da3f3fd5b07917231636,True,1,352,aa6f8971be4ff3ef3c9ba816f3366469342d4b0ef949fa7751dda793f1cd0b05,M,M_ROR,0c9bfbe2f7bff4c606e6ebdde24e733bffe85a21bc5bd4026fdf351f47e3e54a,352,1.0,72.94672199999998,98476,2240170,5270f27e0f854a7ec136ca663f34217f77ab09fe2bc74cf4149ff49103df4c65,True,SUCCESS_H2S,False,ROR,369.213543,True,143.909419
11,COORD_CC_C03_PLC_C03_M03;SC_S1_C03_M03;SC_S2_C03_M03;SC_S3_C03_M03;SC_S4_C03_M03;SF_S1_C03_M03;SF_S2_C03_M03;SF_S3_C03_M03;SF_S4_C03_M03;STAT_PLC_C03_M02;STAT_PLC_C03_M03,0.03125,H2S,True,60,75.057614,101439,2275985,False,0.0,8.384564,,l_SW_C03_M03_CTRL_SW_C03_M03_SENS,153.627185,False,ba8b68000c3fdced0ab4368572c055793dbf1c035e605df503bcf0b8337e5c67,True,252.317694,20176896,1.5446552709854744,True,26.507062,profiles/M_ROR/l_SW_C03_M03_CTRL_SW_C03_M03_SENS.json,02286fb3f4387768347ad3d1752c141917151adb1281e24ac0beff312a549c6c,True,1,352,a89e6284ee0282286f3dc38ced4442ef97b807dfbad2dcfdcc5e7464ca026b1b,M,M_ROR,7d1c9d59d02868b97ae2644d7ea7f06d05ca0dadbed46276e1a818aac9dec991,352,1.0,78.569571,101123,2275444,f1c1d551cd1436dd750b8c65affe46f312ec2412a843903086cef068f33272a6,True,SUCCESS_H2S,False,ROR,389.743856,True,148.997277
4,COORD_CC_C04_PLC_C04_M01;COORD_CC_C04_PLC_C04_M02;IC_PREV_CC_C05;STAT_PLC_C04_M01,0.011363636363636364,H2S,True,61,76.138523,93341,2110550,False,0.0,9.635569,,l_SW_C04_CC_SW_C04_M01_ACT,153.208246,False,ba8b68000c3fdced0ab4368572c055793dbf1c035e605df503bcf0b8337e5c67,True,252.317694,19451904,1.6282181661029291,True,36.138949,profiles/M_ROR/l_SW_C04_CC_SW_C04_M01_ACT.json,e39ea36b09189014d69eef45bf2d96c1e57f9df6d03641b98b62597ce1f58597,True,1,352,0f8a3675e4ff7f06f0704105f705af059868f1c713ee78781e5206cf81b6791a,M,M_ROR,b0795d51d71cb26e743826b851339b9368508a34c13e80e3006a6fd9346998ed,352,1.0,77.069723,93029,2110133,8b87a5bffb0b60726e3569934e70a0b5d647544f1c04116d5222e5f14e9412ee,True,SUCCESS_H2S,False,ROR,410.828253,True,149.833676
3,COORD_CC_C04_PLC_C04_M03;STAT_PLC_C04_M02;STAT_PLC_C04_M03,0.008522727272727272,H2S,True,62,72.693623,93592,2117653,False,0.0,5.672744,,l_SW_C04_CC_SW_C04_M03_SENS,159.188298,False,ba8b68000c3fdced0ab4368572c055793dbf1c035e605df503bcf0b8337e5c67,True,252.317694,19574784,1.4349346463193342,True,20.282569,profiles/M_ROR/l_SW_C04_CC_SW_C04_M03_SENS.json,51bdbba2954a5cb0e300efcb53544d64964cb6d1a4028462596fc33842ba149e,True,1,352,7167d5df5fc4c51bfe2803664eadee328087dd412c5be3468e5214f44ee0e756,M,M_ROR,485c7cc89bc5dccf48eb0cabfa909daee9549605bd04ba4b9bd2d2463397d6d5,352,1.0,86.494675,93282,2117258,23b49ab5d08df4367c7f1b4a12ddb5747e8686b93831bf8186e3755adbd9b3c6,True,SUCCESS_H2S,False,ROR,362.059401,True,149.693219
7,CMD_PLC_C04_M01_A1_C04_M01;CMD_PLC_C04_M01_A2_C04_M01;CMD_PLC_C04_M01_A3_C04_M01;CMD_PLC_C04_M01_A4_C04_M01;COORD_CC_C04_PLC_C04_M01;COORD_CC_C04_PLC_C04_M02;STAT_PLC_C04_M01,0.019886363636363636,H2S,True,63,72.320164,99291,2251382,False,0.0,4.225952,,l_SW_C04_M01_ACT_SW_C04_M01_CTRL,157.696899,False,ba8b68000c3fdced0ab4368572c055793dbf1c035e605df503bcf0b8337e5c67,True,252.317694,19906560,1.4703558562167267,True,18.245784,profiles/M_ROR/l_SW_C04_M01_ACT_SW_C04_M01_CTRL.json,45c14d0e7a06d4b4b8f33593eed7a9defa75ffa6e71d79a0aef0c50015f147bc,True,1,352,55313a23638c1f56291fd8af26b61279a4e7588dcf3824154549236fbaa40cd6,M,M_ROR,a59b3b63ceb53bb0db1601602ce0e910f454476dc5cd6751ccbc1116da2b627c,352,1.0,85.376735,98994,2250848,a12526213680894f46e49308ad4e48d3a58ea3278f55f74e7365600731e7e328,True,SUCCESS_H2S,False,ROR,370.996799,True,159.344064
9,COORD_CC_C04_PLC_C04_M02;SC_S1_C04_M01;SC_S2_C04_M01;SC_S3_C04_M01;SC_S4_C04_M01;SF_S1_C04_M01;SF_S2_C04_M01;SF_S3_C04_M01;SF_S4_C04_M01,0.02556818181818182,H2S,True,64,75.848401,101081,2267217,False,0.0,9.877835,,l_SW_C04_M01_CTRL_SW_C04_M01_SENS,161.520889,False,ba8b68000c3fdced0ab4368572c055793dbf1c035e605df503bcf0b8337e5c67,True,252.317694,20258816,1.6431778898550016,True,30.294918,profiles/M_ROR/l_SW_C04_M01_CTRL_SW_C04_M01_SENS.json,796d1eb733c4dcf7b3a1dbe23ddc7e9b32d11b51b3605832b76b134adac224f3,True,1,352,ea8408bd74d2b31d5b761d1413544a1794ac8e25ec68bd957773ac48ae6707ee,M,M_ROR,1d53921bc452883947a156527bc1952de22776fa9a6e9f928cc039abdda0a98c,352,1.0,85.67248800000002,100768,2266714,fe1caddbe4ce33efd8fc1b548f828573eec3673cc1944b7f5742f35c88732b38,True,SUCCESS_H2S,False,ROR,414.602856,True,172.159225
1,COORD_CC_C04_PLC_C04_M02,0.002840909090909091,H2S,True,65,65.384758,93112,2107505,False,0.0,6.611689,,l_SW_C04_M01_SENS_SW_C04_M02_ACT,157.910227,False,ba8b68000c3fdced0ab4368572c055793dbf1c035e605df503bcf0b8337e5c67,True,252.317694,19427328,1.5743941802194816,True,51.847928,profiles/M_ROR/l_SW_C04_M01_SENS_SW_C04_M02_ACT.json,426b4aa17a470f2bf033368e894a503faddbd9ba584c79b6597a93d82b856547,True,1,352,ceebbc19bcecabdf0b4ce03c41f308d2b946d5ea8a256b8097414e42126f7aa8,M,M_ROR,dfc2840f3f6cdb1e4fe5b7e1d12ddfeb285140f971a777226ad93bb6db0b150f,352,1.0,92.52546899999999,92818,2107133,bb940ee060ed611a4dda7926a93f57215cae01c84352e405c21361fd61c3934d,True,SUCCESS_H2S,False,ROR,397.247509,True,143.514087
5,CMD_PLC_C04_M02_A1_C04_M02;CMD_PLC_C04_M02_A2_C04_M02;CMD_PLC_C04_M02_A3_C04_M02;CMD_PLC_C04_M02_A4_C04_M02;COORD_CC_C04_PLC_C04_M02,0.014204545454545454,H2S,True,66,74.21690699999999,98835,2241220,False,0.0,8.065787,,l_SW_C04_M02_ACT_SW_C04_M02_CTRL,162.90994,False,ba8b68000c3fdced0ab4368572c055793dbf1c035e605df503bcf0b8337e5c67,True,252.317694,20041728,1.8487469253741675,True,92.527794,profiles/M_ROR/l_SW_C04_M02_ACT_SW_C04_M02_CTRL.json,ec18e2f0042b5c804a39b3cdcd902c4781a3a850d42ebed9fe319746233192ab,True,1,352,4f7b06f7b2d7a76f15ccfc65438a4679bcb2aa14d6776d7d499454f0ae3925fe,M,M_ROR,8dd6d036c2ba895ab50802da5340a9ea35ef3a1fc10a5024f0fe6a5bd6626a20,352,1.0,88.69303300000001,98535,2240732,25692ebacd86adafe6d407c923481cff9a281cd2d79bd6b495214579bf04f4ca,True,SUCCESS_H2S,False,ROR,466.471561,True,154.610322
9,SC_S1_C04_M02;SC_S2_C04_M02;SC_S3_C04_M02;SC_S4_C04_M02;SF_S1_C04_M02;SF_S2_C04_M02;SF_S3_C04_M02;SF_S4_C04_M02;STAT_PLC_C04_M02,0.02556818181818182,H2S,True,67,76.676487,101011,2266386,False,0.0,7.374079,,l_SW_C04_M02_CTRL_SW_C04_M02_SENS,171.715222,False,ba8b68000c3fdced0ab4368572c055793dbf1c035e605df503bcf0b8337e5c67,True,252.317694,20258816,1.732112243384723,True,49.665599,profiles/M_ROR/l_SW_C04_M02_CTRL_SW_C04_M02_SENS.json,8ecbf84d89bc894eb6eec311be6e5b4bdc50d6771c6655cebe111f85afde66cc,True,1,352,ccaf3bf3f693ce46d68ea40a403b69454da643c694fef6367c37fb1156e611a8,M,M_ROR,a75d611189c697e85af1456b57f2e8daf096fe881d752a2f3535295145e33e37,352,1.0,95.03873500000002,100706,2265891,19fee99c4cb8049439c2ec42a4fc78468bf870919b5ae2e2ec242d97d52db224,True,SUCCESS_H2S,False,ROR,437.042567,True,160.781443
1,STAT_PLC_C04_M02,0.002840909090909091,H2S,True,68,76.04837,93079,2107427,False,0.0,9.837488,,l_SW_C04_M02_SENS_SW_C04_M03_ACT,157.947012,False,ba8b68000c3fdced0ab4368572c055793dbf1c035e605df503bcf0b8337e5c67,True,252.317694,19533824,1.5742630994400257,True,30.586375,profiles/M_ROR/l_SW_C04_M02_SENS_SW_C04_M03_ACT.json,b9dbe86a2872304c0c2628aaf225f9ca474cb294545adde89fb7e701d83df502,True,1,352,619700e70b58e25cbaa90621febf9648856cde98e3ad224e79e35055fc184cf6,M,M_ROR,5470b67d647abd5d317a5417e308aa93f34442863a076a797afc6ca0ffe3d5cc,352,1.0,81.898642,92787,2107063,cb352c6feea8c06142a0d87bc747f1597cbfa709702e23afdddc9a2eb26c5ba4,True,SUCCESS_H2S,False,ROR,397.214435,True,152.87293
5,CMD_PLC_C04_M03_A1_C04_M03;CMD_PLC_C04_M03_A2_C04_M03;CMD_PLC_C04_M03_A3_C04_M03;CMD_PLC_C04_M03_A4_C04_M03;STAT_PLC_C04_M02,0.014204545454545454,H2S,True,69,77.628129,98757,2240592,False,0.0,8.053365,,l_SW_C04_M03_ACT_SW_C04_M03_CTRL,165.12344,False,ba8b68000c3fdced0ab4368572c055793dbf1c035e605df503bcf0b8337e5c67,True,252.317694,20041728,1.7198111679000998,True,36.989383,profiles/M_ROR/l_SW_C04_M03_ACT_SW_C04_M03_CTRL.json,668c4593a570a843238a4fd472949da2439ce2e92616fa9bf38b19218cf50bfc,True,1,352,b1e9e38f4fa027b62d28be1e1bef2b8291a8622e587d529a4e362280c0ebba74,M,M_ROR,e4c19fab3b01423d3f287b1554e254521629569b103a5fe22187057ad5a9f5aa,352,1.0,87.49531099999999,98461,2240112,06e983ed57ae98abe9bc1e1dfafbf2efff4866f3aa893a026f950c327d838c82,True,SUCCESS_H2S,False,ROR,433.938788,True,171.497444
11,COORD_CC_C04_PLC_C04_M03;SC_S1_C04_M03;SC_S2_C04_M03;SC_S3_C04_M03;SC_S4_C04_M03;SF_S1_C04_M03;SF_S2_C04_M03;SF_S3_C04_M03;SF_S4_C04_M03;STAT_PLC_C04_M02;STAT_PLC_C04_M03,0.03125,H2S,True,70,65.857382,101322,2276110,False,0.0,5.364616,,l_SW_C04_M03_CTRL_SW_C04_M03_SENS,153.423251,False,ba8b68000c3fdced0ab4368572c055793dbf1c035e605df503bcf0b8337e5c67,True,252.317694,19865600,1.7645942975366604,True,46.737947,profiles/M_ROR/l_SW_C04_M03_CTRL_SW_C04_M03_SENS.json,0700bb547fee6b1e1c155e2068fa2434334a0891a4ff531e79834647e6596a03,True,1,352,766a7695fad10d9e0c547c4438dad1a9509cd08fdf84250a885f03b0b138fc0d,M,M_ROR,e79883f52b34f66481c40c8ba2cf43bafc4ae851e4ad77311167caf8e9bab793,352,1.0,87.56586899999999,101000,2275569,b0df30f87751d6cb9f38786482eb390258f690e7ac3c15dcebfbed0ed5a44914,True,SUCCESS_H2S,False,ROR,445.238364,True,188.475273
4,COORD_CC_C05_PLC_C05_M01;COORD_CC_C05_PLC_C05_M02;IC_PREV_CC_C06;STAT_PLC_C05_M01,0.011363636363636364,H2S,True,71,75.321715,93356,2110714,False,0.0,5.234457,,l_SW_C05_CC_SW_C05_M01_ACT,164.335197,False,ba8b68000c3fdced0ab4368572c055793dbf1c035e605df503bcf0b8337e5c67,True,252.317694,19288064,1.6923950446376543,True,48.237387,profiles/M_ROR/l_SW_C05_CC_SW_C05_M01_ACT.json,68a8fb3380d60a303a72ed438b977901ca156547c7b9f4892fa134edb1fe4d68,True,1,352,cdc087589d7be487f7f66a5a4747d216413500439c5af359ee05d3deadbc8159,M,M_ROR,a34fd36775ce4b5faf4fd98b93b8c9591806c060647158f03d8ee09d53812ec1,352,1.0,89.013482,93037,2110297,4d05b2d86ab09453c6ef45c0f9cb874c0e91044fc094dc63c6e3ef8f16d5f4a5,True,SUCCESS_H2S,False,ROR,427.021215,True,165.723116
3,COORD_CC_C05_PLC_C05_M03;STAT_PLC_C05_M02;STAT_PLC_C05_M03,0.008522727272727272,H2S,True,72,66.727889,93602,2117597,False,0.0,10.462996,,l_SW_C05_CC_SW_C05_M03_SENS,150.47263,False,ba8b68000c3fdced0ab4368572c055793dbf1c035e605df503bcf0b8337e5c67,True,252.317694,19410944,1.6709621799254395,True,49.876476,profiles/M_ROR/l_SW_C05_CC_SW_C05_M03_SENS.json,965fb3a0cb146a5158aa463e8f81798cf8c0771e92323bab050a20de6d094ff8,True,1,352,9a64f4da37cdb9529eab6bcb914963c3abe7c49c7985c2b886c365c220185031,M,M_ROR,6f84c37f91b214a9785caf05a1c8ab3babe70795e0f3269053b8b4fedd087e6e,352,1.0,83.744741,93289,2117202,6264047b2a6f6b851cfc72aefc01d9d7d1b7ef4c54215f2fc4af6e91e66e6490,True,SUCCESS_H2S,False,ROR,421.613324,True,161.420934
7,CMD_PLC_C05_M01_A1_C05_M01;CMD_PLC_C05_M01_A2_C05_M01;CMD_PLC_C05_M01_A3_C05_M01;CMD_PLC_C05_M01_A4_C05_M01;COORD_CC_C05_PLC_C05_M01;COORD_CC_C05_PLC_C05_M02;STAT_PLC_C05_M01,0.019886363636363636,H2S,True,73,71.024292,99385,2251041,False,0.0,5.224117,,l_SW_C05_M01_ACT_SW_C05_M01_CTRL,166.198002,False,ba8b68000c3fdced0ab4368572c055793dbf1c035e605df503bcf0b8337e5c67,True,252.317694,19906560,1.7936953601042345,True,74.372344,profiles/M_ROR/l_SW_C05_M01_ACT_SW_C05_M01_CTRL.json,bfbff60a4c31dba276a3af952787b9d81da6665c871760c135508cc634b841f2,True,1,352,19faf990a6a16c07896f38c4698e5542a29baa300d9e4f14f2e20e1e954840b2,M,M_ROR,0b7c73f8a23f78f9af2be3fcc77a1a00b61ad3c107e21325e8a9f56ebfcc1f94,352,1.0,95.17371,99083,2250507,1affc662db419450ce47bcf0f5618899121a8a7cbc4d0ba2fbe32491578242eb,True,SUCCESS_H2S,False,ROR,452.581077,True,162.616381
9,COORD_CC_C05_PLC_C05_M02;SC_S1_C05_M01;SC_S2_C05_M01;SC_S3_C05_M01;SC_S4_C05_M01;SF_S1_C05_M01;SF_S2_C05_M01;SF_S3_C05_M01;SF_S4_C05_M01,0.02556818181818182,H2S,True,74,66.191463,101177,2267206,False,0.0,5.012584,,l_SW_C05_M01_CTRL_SW_C05_M01_SENS,149.618455,False,ba8b68000c3fdced0ab4368572c055793dbf1c035e605df503bcf0b8337e5c67,True,252.317694,20258816,1.6312389094678394,True,44.255228,profiles/M_ROR/l_SW_C05_M01_CTRL_SW_C05_M01_SENS.json,2cb996fbc7b06e78b757bfab71e53e96d4ab3f98ad1eafd7c4c4b6ef7f70a09c,True,1,352,c9342abcd2ded900968557c4891c04337e62d7b84670aad479c6b4057d5c0aa5,M,M_ROR,d7150d55f734ee9ffcf392fec6e9d2e4f398ce0570308a634564a924140909a8,352,1.0,83.42699200000001,100857,2266703,c3cda54360840f0454b6dc709d5a66f8e557f5e06d2b0e90cd3a70292a71080f,True,SUCCESS_H2S,False,ROR,411.59044,True,164.415781
1,COORD_CC_C05_PLC_C05_M02,0.002840909090909091,H2S,True,75,64.893568,93130,2107665,False,0.0,10.617129,,l_SW_C05_M01_SENS_SW_C05_M02_ACT,149.170827,False,ba8b68000c3fdced0ab4368572c055793dbf1c035e605df503bcf0b8337e5c67,True,252.317694,19427328,1.606641522334141,True,42.825938,profiles/M_ROR/l_SW_C05_M01_SENS_SW_C05_M02_ACT.json,8cee9cc8ec7f0ed2d0cd4ba515502be94c77f3fdec0741c9669eb07c7347f7df,True,1,352,58bf411ed3bede390a1af61eda45eb243f508e7d5f5d9111f7bc468184ef982c,M,M_ROR,5ebaf7791a8567232d5b03c9f99abb98ad6a6528e1a5acef31cb93619f84cba7,352,1.0,84.277259,92835,2107293,349450b973b4e38cb38ee2e07958b657588c776b18d70b46f389db4602978c00,True,SUCCESS_H2S,False,ROR,405.384084,True,156.691524
5,CMD_PLC_C05_M02_A1_C05_M02;CMD_PLC_C05_M02_A2_C05_M02;CMD_PLC_C05_M02_A3_C05_M02;CMD_PLC_C05_M02_A4_C05_M02;COORD_CC_C05_PLC_C05_M02,0.014204545454545454,H2S,True,76,71.189966,98823,2241673,False,0.0,6.9323,,l_SW_C05_M02_ACT_SW_C05_M02_CTRL,155.112811,False,ba8b68000c3fdced0ab4368572c055793dbf1c035e605df503bcf0b8337e5c67,True,252.317694,20045824,1.7309145826293104,True,44.564437,profiles/M_ROR/l_SW_C05_M02_ACT_SW_C05_M02_CTRL.json,daf2517f36785b3c48e67a696678aab20d303657038feb103c6bb74b176c9473,True,1,352,fef0ba412c19e35d4b22d27cda4529e9f2c2ed9c093d41328cf7f3dce016c07e,M,M_ROR,626b546ef8551b5377f0dfe3e529915b91a45d6a3d634625cd4ed2542dacaebc,352,1.0,83.922845,98519,2241185,305c67cc1350c44c2edb30afc3c7b64beedc3f5fad51b9f7ed1bc84f9fd737ac,True,SUCCESS_H2S,False,ROR,436.740376,True,178.673541
9,SC_S1_C05_M02;SC_S2_C05_M02;SC_S3_C05_M02;SC_S4_C05_M02;SF_S1_C05_M02;SF_S2_C05_M02;SF_S3_C05_M02;SF_S4_C05_M02;STAT_PLC_C05_M02,0.02556818181818182,H2S,True,77,71.668184,100880,2265621,False,0.0,7.813309,,l_SW_C05_M02_CTRL_SW_C05_M02_SENS,151.521738,False,ba8b68000c3fdced0ab4368572c055793dbf1c035e605df503bcf0b8337e5c67,True,252.317694,20262912,1.5800699058386292,True,40.54266,profiles/M_ROR/l_SW_C05_M02_CTRL_SW_C05_M02_SENS.json,c9b797a0027a15d5211346f1669c454e53a3e12f09cd6636065bc97791718e7b,True,1,352,980da56c7e5b8d3dcc857fba71c60fbf46543ad6dd0aa4d10ac7a61c32dcccae,M,M_ROR,b91e8d94a6abeeaebddd008b83a5ca3adb5831a25fb0eb9bcb789726b79dca81,352,1.0,79.853554,100573,2265126,d174e04003c8d3612dd8ed0523d7bf335f302266373feb9ed12c86988568520f,True,SUCCESS_H2S,False,ROR,398.679595,True,152.512975
1,STAT_PLC_C05_M02,0.002840909090909091,H2S,True,78,64.595562,93077,2107469,False,0.0,8.96232,,l_SW_C05_M02_SENS_SW_C05_M03_ACT,145.667486,False,ba8b68000c3fdced0ab4368572c055793dbf1c035e605df503bcf0b8337e5c67,True,252.317694,19419136,1.6305281547159354,True,48.450214,profiles/M_ROR/l_SW_C05_M02_SENS_SW_C05_M03_ACT.json,b85578e59cf1c6055a6b508a8a15e7234820237164b07b461f3e4582c1dba5e1,True,1,352,9064f10ee46db5b38592e0f0d2e1e3c1011cb4a35f2765f69818ed2313195cce,M,M_ROR,e0c646eb6a1b53d7a9bfe9dc313d13a493cfbdf87a071f48772e4ba05caf07c3,352,1.0,81.071924,92788,2107105,24ace676790be663e0b3008a32f5f4b0ff00cac94a4665790d6ccd89b2037022,True,SUCCESS_H2S,False,ROR,411.411104,True,165.21795
5,CMD_PLC_C05_M03_A1_C05_M03;CMD_PLC_C05_M03_A2_C05_M03;CMD_PLC_C05_M03_A3_C05_M03;CMD_PLC_C05_M03_A4_C05_M03;STAT_PLC_C05_M02,0.014204545454545454,H2S,True,79,73.882488,98749,2241239,False,0.0,6.622543,,l_SW_C05_M03_ACT_SW_C05_M03_CTRL,168.88126,False,ba8b68000c3fdced0ab4368572c055793dbf1c035e605df503bcf0b8337e5c67,True,252.317694,20045824,1.8785405671946256,True,85.958732,profiles/M_ROR/l_SW_C05_M03_ACT_SW_C05_M03_CTRL.json,552a0bea490c583bdf91f81c8888793e6d3b0ecf00f6390cab75be65f04aa985,True,1,352,8c6840545b4fed669402ee77d08358729b206e78b970169a6af5d87a37e60068,M,M_ROR,f2ae33883a1df9c863d4232b23ed12808fb72890ab12fed35c97b0c5c31870e1,352,1.0,94.998772,98460,2240759,01cac54bb94c5f47766f137810c4bacacaf56167e2dab4737231106b550f3061,True,SUCCESS_H2S,False,ROR,473.989024,True,165.836692
11,COORD_CC_C05_PLC_C05_M03;SC_S1_C05_M03;SC_S2_C05_M03;SC_S3_C05_M03;SC_S4_C05_M03;SF_S1_C05_M03;SF_S2_C05_M03;SF_S3_C05_M03;SF_S4_C05_M03;STAT_PLC_C05_M02;STAT_PLC_C05_M03,0.03125,H2S,True,80,65.67383699999999,101369,2276594,False,0.0,8.852663,,l_SW_C05_M03_CTRL_SW_C05_M03_SENS,152.592614,False,ba8b68000c3fdced0ab4368572c055793dbf1c035e605df503bcf0b8337e5c67,True,252.317694,20013056,1.6628715899726003,True,44.649069,profiles/M_ROR/l_SW_C05_M03_CTRL_SW_C05_M03_SENS.json,08c7e895561eb18ae3ca0b9f0f7fad487f5469372722a817b8f6c243d691758c,True,1,352,17022a3161e71a721476178dccc2eb55ce556e4c53d997f6c76fc162eb963209,M,M_ROR,e14ac86ecad966c07790ac49746dd80628030b75c65ff095b3b52e5414af2151,352,1.0,86.918777,101050,2276053,412c1c458eddad441358aabaefa6932657e9d4267f34a7bbb4d563792f97053c,True,SUCCESS_H2S,False,ROR,419.571925,True,165.632493
4,COORD_CC_C06_PLC_C06_M01;COORD_CC_C06_PLC_C06_M02;IC_PREV_CC_C07;STAT_PLC_C06_M01,0.011363636363636364,H2S,True,81,73.192115,93350,2110528,False,0.0,11.106577,,l_SW_C06_CC_SW_C06_M01_ACT,151.516205,False,ba8b68000c3fdced0ab4368572c055793dbf1c035e605df503bcf0b8337e5c67,True,252.317694,19451904,1.639193480422344,True,47.563442,profiles/M_ROR/l_SW_C06_CC_SW_C06_M01_ACT.json,febd431d9d24b2adfb04f4c3cbccf74e65240c8f0de093e8fd81680bc25432be,True,1,352,7f4716b51a364c2e10f76191c80de29614848edcb475c5bf87e1e2304bd90822,M,M_ROR,472b75757fa287ec1ac1720ac9c441653fe7a58d13bd51ae677e122f13c2cc52,352,1.0,78.32409000000001,93033,2110111,60c70502f13ab65f7c0c035ef9a149803fdf48992c6deef1a3d1009da5c78199,True,SUCCESS_H2S,False,ROR,413.597519,True,158.253853
3,COORD_CC_C06_PLC_C06_M03;STAT_PLC_C06_M02;STAT_PLC_C06_M03,0.008522727272727272,H2S,True,82,67.70805800000001,93622,2117607,False,0.0,8.267134,,l_SW_C06_CC_SW_C06_M03_SENS,161.453786,False,ba8b68000c3fdced0ab4368572c055793dbf1c035e605df503bcf0b8337e5c67,True,252.317694,19566592,1.618876926641538,True,39.433019,profiles/M_ROR/l_SW_C06_CC_SW_C06_M03_SENS.json,35b604c9496d188a7ad4baf8a270bbf401a10629fafbd4bdc239e347cdeb8035,True,1,352,5d6a5c9484fe1ab3c0a5ab2679a45625397133ab979559ff70992d72bcca5888,M,M_ROR,babed27d930fc523c2db13c04282d499c7bcd51bba554f9dc2d2abf41a3c11ce,352,1.0,93.745728,93320,2117212,39383571044d04941d34937bd2021224eb686b4790c9351da67025185d626969,True,SUCCESS_H2S,False,ROR,408.471293,True,155.278382
7,CMD_PLC_C06_M01_A1_C06_M01;CMD_PLC_C06_M01_A2_C06_M01;CMD_PLC_C06_M01_A3_C06_M01;CMD_PLC_C06_M01_A4_C06_M01;COORD_CC_C06_PLC_C06_M01;COORD_CC_C06_PLC_C06_M02;STAT_PLC_C06_M01,0.019886363636363636,H2S,True,83,74.068288,99375,2251625,False,0.0,8.232463,,l_SW_C06_M01_ACT_SW_C06_M01_CTRL,164.460958,False,ba8b68000c3fdced0ab4368572c055793dbf1c035e605df503bcf0b8337e5c67,True,252.317694,19902464,1.7020166488997797,True,41.015076,profiles/M_ROR/l_SW_C06_M01_ACT_SW_C06_M01_CTRL.json,beec7f4e294d66c908582ddc0fa81d302aba107d7ebe68eb97c3cc3357e87148,True,1,352,6f4c62bebd4b47141bc0296461a4eceae41e9fee08aa411d80d760703f7837b4,M,M_ROR,a34e6e48e2db8d7fe578d7c3d5197962040bdb8d34877137e5190faec7cab127,352,1.0,90.39267000000001,99067,2251091,7a2c1ac08b3678860560bc3a1c8bb7038c3072ff5e702027e993f062a49bd9a1,True,SUCCESS_H2S,False,ROR,429.448916,True,172.848197
9,COORD_CC_C06_PLC_C06_M02;SC_S1_C06_M01;SC_S2_C06_M01;SC_S3_C06_M01;SC_S4_C06_M01;SF_S1_C06_M01;SF_S2_C06_M01;SF_S3_C06_M01;SF_S4_C06_M01,0.02556818181818182,H2S,True,84,72.06290899999999,101047,2266929,False,0.0,7.704382,,l_SW_C06_M01_CTRL_SW_C06_M01_SENS,165.214529,False,ba8b68000c3fdced0ab4368572c055793dbf1c035e605df503bcf0b8337e5c67,True,252.317694,20094976,1.7107139105353428,True,42.518811,profiles/M_ROR/l_SW_C06_M01_CTRL_SW_C06_M01_SENS.json,0f5b3296aac609191d3262738294106514d2fe7e2e6b9213d7a0031eb61c8f51,True,1,352,7ddcc2cd0c83bdf92cf03b2cf42ab5b00bec8935cb56512b590c234fce1d89ba,M,M_ROR,923532a7ccae388df21a100f26e37a6ff9a5758d086172cb566cb861e4e88f31,352,1.0,93.15162000000001,100731,2266426,30950a7c071b0227945ed2dc0248806edd843d21efacda23fdfd576d884bf370,True,SUCCESS_H2S,False,ROR,431.643389,True,165.823231
1,COORD_CC_C06_PLC_C06_M02,0.002840909090909091,H2S,True,85,67.325307,93113,2107499,False,0.0,6.21434,,l_SW_C06_M01_SENS_SW_C06_M02_ACT,164.568143,False,ba8b68000c3fdced0ab4368572c055793dbf1c035e605df503bcf0b8337e5c67,True,252.317694,19263488,1.7125764632265543,True,56.403984,profiles/M_ROR/l_SW_C06_M01_SENS_SW_C06_M02_ACT.json,8551a8f99bedc40dc454d966293fe71c53d929556bbf1ab957ab42c2119950df,True,1,352,44e139942586a43357a953de79b4f85125d349ba822ee0b8346356762f1ecf33,M,M_ROR,3244064af613dee32472bfee25d24a24ab695eb57f4091fd25b864c8e1abf454,352,1.0,97.242836,92819,2107127,4d81e92b2811011c8cf44d21a80891429dfff94d8e385b057c04bb9b2106936f,True,SUCCESS_H2S,False,ROR,432.113344,True,161.739817
5,CMD_PLC_C06_M02_A1_C06_M02;CMD_PLC_C06_M02_A2_C06_M02;CMD_PLC_C06_M02_A3_C06_M02;CMD_PLC_C06_M02_A4_C06_M02;COORD_CC_C06_PLC_C06_M02,0.014204545454545454,H2S,True,86,73.615855,98736,2232834,False,0.0,10.611213,,l_SW_C06_M02_ACT_SW_C06_M02_CTRL,165.516161,False,ba8b68000c3fdced0ab4368572c055793dbf1c035e605df503bcf0b8337e5c67,True,252.317694,19873792,1.7147577569411363,True,51.583802,profiles/M_ROR/l_SW_C06_M02_ACT_SW_C06_M02_CTRL.json,2582c346a9f4bfc8753c20f7899b0f10bbf10a501a7734b3d2ca08c26ff9e7da,True,1,352,eb691e82d18d74f854625c8c132a20cc08e33f80dc9918ddb32f993ce16d4c79,M,M_ROR,72bc417a57efa4dc83b0ec2d5838dcd106b56d0f0fdd0556beba6cf6b360e375,352,1.0,91.90030600000001,98438,2232346,86b2823125d8eeb8489c0fcf4919fb61c7dd25615ff0623029bb777278ac29cb,True,SUCCESS_H2S,False,ROR,432.663723,True,158.540653
9,SC_S1_C06_M02;SC_S2_C06_M02;SC_S3_C06_M02;SC_S4_C06_M02;SF_S1_C06_M02;SF_S2_C06_M02;SF_S3_C06_M02;SF_S4_C06_M02;STAT_PLC_C06_M02,0.02556818181818182,H2S,True,87,76.685502,100890,2262466,False,0.0,8.117083,,l_SW_C06_M02_CTRL_SW_C06_M02_SENS,165.747554,False,ba8b68000c3fdced0ab4368572c055793dbf1c035e605df503bcf0b8337e5c67,True,252.317694,20254720,1.8652728928316855,True,83.48254,profiles/M_ROR/l_SW_C06_M02_CTRL_SW_C06_M02_SENS.json,5732bea4ce22c688da58b5e129aaef3cfc74f9e89782a90e8542bbc45bb4c05a,True,1,352,249b458f00b0692c27122a4e7da6145795558dcd1e1d1e15a3897484f0d6ce3c,M,M_ROR,dfbf7aff7513112d806ace7f69f8cf906c31818ac4cf1e6d1ec17745fc933de0,352,1.0,89.06205200000001,100592,2261971,21392d084ecca8d947a4663cc45b07389674d536e137338b48dafbd2a95d6e23,True,SUCCESS_H2S,False,ROR,470.641355,True,163.546509
1,STAT_PLC_C06_M02,0.002840909090909091,H2S,True,88,69.380479,93090,2107499,False,0.0,6.985172,,l_SW_C06_M02_SENS_SW_C06_M03_ACT,154.596773,False,ba8b68000c3fdced0ab4368572c055793dbf1c035e605df503bcf0b8337e5c67,True,252.317694,19374080,1.5255546961363717,True,35.174783,profiles/M_ROR/l_SW_C06_M02_SENS_SW_C06_M03_ACT.json,36ed30550a39502651669e97d640907b53ef08fea8ef1c4e6c09857f968c9506,True,1,352,a44a73c5c1ce3139e2d8224104bfa793698c1c5f382c3b39e7423d8687a21509,M,M_ROR,1c97dd959cb7cde4729947026245cc59d91d39989c08596bc82abd4a5af43fcf,352,1.0,85.21629400000002,92803,2107135,39c430f8839d8749a4212646118d1f486552d0cd18dbc2737d6689ac64ccc95d,True,SUCCESS_H2S,False,ROR,384.924443,True,149.405439
5,CMD_PLC_C06_M03_A1_C06_M03;CMD_PLC_C06_M03_A2_C06_M03;CMD_PLC_C06_M03_A3_C06_M03;CMD_PLC_C06_M03_A4_C06_M03;STAT_PLC_C06_M02,0.014204545454545454,H2S,True,89,68.85862,98788,2240997,False,0.0,6.535712,,l_SW_C06_M03_ACT_SW_C06_M03_CTRL,150.438572,False,ba8b68000c3fdced0ab4368572c055793dbf1c035e605df503bcf0b8337e5c67,True,252.317694,20045824,1.5749542955160332,True,43.191332,profiles/M_ROR/l_SW_C06_M03_ACT_SW_C06_M03_CTRL.json,2b6d330e0f4d87853294c78ef8e3794d4cf1097133d5a8307536a4d2501376e1,True,1,352,6ab7038cb640668b198fb5b6cda8b055590a82a5b2844e4ad6583e08ac80a638,M,M_ROR,0681b6a19e2d8e181c050c4715b9f331c99bd36a6d80b97e563adb93f8946ada,352,1.0,81.57995199999999,98488,2240517,0cc8ba393fe9609172ab51ac0cb60195709f33d9edcbb319bb13cddbd89f6d4d,True,SUCCESS_H2S,False,ROR,397.388836,True,151.858257
11,COORD_CC_C06_PLC_C06_M03;SC_S1_C06_M03;SC_S2_C06_M03;SC_S3_C06_M03;SC_S4_C06_M03;SF_S1_C06_M03;SF_S2_C06_M03;SF_S3_C06_M03;SF_S4_C06_M03;STAT_PLC_C06_M02;STAT_PLC_C06_M03,0.03125,H2S,True,90,70.89793399999999,101312,2276612,False,0.0,6.772359,,l_SW_C06_M03_CTRL_SW_C06_M03_SENS,147.83366,False,ba8b68000c3fdced0ab4368572c055793dbf1c035e605df503bcf0b8337e5c67,True,252.317694,20017152,1.5740548778160601,True,42.080109,profiles/M_ROR/l_SW_C06_M03_CTRL_SW_C06_M03_SENS.json,0991456ae72e93e79f05544dfb04b8281a8216f1417187b0de18ba250164099e,True,1,352,b2b9cdb64967c27e7c2a2c167fdfb9c5627fa19fa09f689377719a39c5934fde,M,M_ROR,e10714a28bafe8f8791b7ee68f2c0f0b88db4e608dbe1b6a8c086b7222e695c8,352,1.0,76.93572600000002,100994,2276071,435e3996852cae5d05a21c6a3fb4f63cfba0a47c95c4a3405ac2a56ccc4ded65,True,SUCCESS_H2S,False,ROR,397.161897,True,156.395605
4,COORD_CC_C07_PLC_C07_M01;COORD_CC_C07_PLC_C07_M02;IC_PREV_CC_C08;STAT_PLC_C07_M01,0.011363636363636364,H2S,True,91,72.353711,93355,2110534,False,0.0,8.377269,,l_SW_C07_CC_SW_C07_M01_ACT,155.814519,False,ba8b68000c3fdced0ab4368572c055793dbf1c035e605df503bcf0b8337e5c67,True,252.317694,19435520,1.5731878835259172,True,43.715218,profiles/M_ROR/l_SW_C07_CC_SW_C07_M01_ACT.json,908bfc2e1369149a27f5a4b30964ba66742dc77c44d2cefc823c9f5ebd3af078,True,1,352,7fe2e7659d2f68580a902a8380a8dd68613e29f848dd8baa7aae9df77be57144,M,M_ROR,fb34973b59a9c601abde3a6c729e19809a771bed61f0058ad7d96162612f4e37,352,1.0,83.46080799999999,93040,2110117,11d9d9cea0e15de5b88036aa86027067843c213441bfe83ac03cfdcc87a41940,True,SUCCESS_H2S,False,ROR,396.943139,True,145.567639
3,COORD_CC_C07_PLC_C07_M03;STAT_PLC_C07_M02;STAT_PLC_C07_M03,0.008522727272727272,H2S,True,92,68.901096,93597,2117591,False,0.0,5.523677,,l_SW_C07_CC_SW_C07_M03_SENS,148.561911,False,ba8b68000c3fdced0ab4368572c055793dbf1c035e605df503bcf0b8337e5c67,True,252.317694,19406848,1.556004015318878,True,47.634172,profiles/M_ROR/l_SW_C07_CC_SW_C07_M03_SENS.json,0ce3bd373b22309702ba5738c83a38a6a49a797c7e489bfda88f120c67275d1d,True,1,352,c92c93e894597a898d9af14f795ae4239ae8bd358ac824189a32be7a10626444,M,M_ROR,aeb580d9fbb0779f4f709d3392508395a9b447150474d16080956a144f5eec86,352,1.0,79.66081500000001,93289,2117196,07ba07b23708292ac4d61defa057bffe4b51651cde6bdb10da5093ebe8c3cc13,True,SUCCESS_H2S,False,ROR,392.607345,True,151.790239
7,CMD_PLC_C07_M01_A1_C07_M01;CMD_PLC_C07_M01_A2_C07_M01;CMD_PLC_C07_M01_A3_C07_M01;CMD_PLC_C07_M01_A4_C07_M01;COORD_CC_C07_PLC_C07_M01;COORD_CC_C07_PLC_C07_M02;STAT_PLC_C07_M01,0.019886363636363636,H2S,True,93,64.67469100000001,99374,2251593,False,0.0,7.64635,,l_SW_C07_M01_ACT_SW_C07_M01_CTRL,138.048138,False,ba8b68000c3fdced0ab4368572c055793dbf1c035e605df503bcf0b8337e5c67,True,252.317694,20070400,1.5542969451837176,True,49.158987,profiles/M_ROR/l_SW_C07_M01_ACT_SW_C07_M01_CTRL.json,ed48340eba3099acf9a8a449f37dc049f30689d00f22a595d214de6645e01878,True,1,352,338a670549454c62184ebd00e322fc84aea54e6280f184e44b71ec846d8bfff2,M,M_ROR,7d59c791c86b2c63ca648b8cb1c921f8c6415e2f940ea2ccf810e2e6d251ffff,352,1.0,73.37344699999998,99068,2251059,c7d46c7241a2f950398b0ce6faf5c5c44c9231c9e570f86b9a24679f19f1601d,True,SUCCESS_H2S,False,ROR,392.176621,True,151.146906
9,COORD_CC_C07_PLC_C07_M02;SC_S1_C07_M01;SC_S2_C07_M01;SC_S3_C07_M01;SC_S4_C07_M01;SF_S1_C07_M01;SF_S2_C07_M01;SF_S3_C07_M01;SF_S4_C07_M01,0.02556818181818182,H2S,True,94,75.837066,101046,2265018,False,0.0,8.138963,,l_SW_C07_M01_CTRL_SW_C07_M01_SENS,171.884156,False,ba8b68000c3fdced0ab4368572c055793dbf1c035e605df503bcf0b8337e5c67,True,252.317694,20254720,1.8033943747123815,True,42.422447,profiles/M_ROR/l_SW_C07_M01_CTRL_SW_C07_M01_SENS.json,5afa315a4f417aa26884f75afcacee5b89902f9555bea85e28e5aeb1f51d7562,True,1,352,20eb4bde7caa73dbb1e3c20179d0178a3da7830aa9164b6de811006c27ef3f40,M,M_ROR,498cd80c4a9c1fa41e6886ae7f6c0088275d35fb3482e19073c7308740fdac24,352,1.0,96.04709,100728,2264515,cf432fd4187c249d52cfafdf3f5cc1b1019d98b85d39802dcbf4a5baf4349bb8,True,SUCCESS_H2S,False,ROR,455.02831,True,160.24448
1,COORD_CC_C07_PLC_C07_M02,0.002840909090909091,H2S,True,95,70.523948,93114,2107511,False,0.0,8.01768,,l_SW_C07_M01_SENS_SW_C07_M02_ACT,142.911308,False,ba8b68000c3fdced0ab4368572c055793dbf1c035e605df503bcf0b8337e5c67,True,252.317694,19263488,1.5143748262062033,True,40.984244,profiles/M_ROR/l_SW_C07_M01_SENS_SW_C07_M02_ACT.json,dfed9a6ec2ee2b1807dfab4af3f0ec0c2ec442b6fe74287449e4d4b0afe46a56,True,1,352,3774a0c10768619517ff14429f46a3e51f714f0f2b628b7c1c38930649eae1ae,M,M_ROR,05eccdd0baac4f0ad8f78936f310c70119c4cfa82bf837a529f702c4f27970a0,352,1.0,72.38735999999999,92820,2107139,1bac8b801bd075aa028222bb5bc3270b0f4849943468614d9cb7f3f54e701ca1,True,SUCCESS_H2S,False,ROR,382.103564,True,146.484556
5,CMD_PLC_C07_M02_A1_C07_M02;CMD_PLC_C07_M02_A2_C07_M02;CMD_PLC_C07_M02_A3_C07_M02;CMD_PLC_C07_M02_A4_C07_M02;COORD_CC_C07_PLC_C07_M02,0.014204545454545454,H2S,True,96,73.66663,98789,2241240,False,0.0,9.358427,,l_SW_C07_M02_ACT_SW_C07_M02_CTRL,162.555409,False,ba8b68000c3fdced0ab4368572c055793dbf1c035e605df503bcf0b8337e5c67,True,252.317694,19877888,1.5814296281575877,True,38.333271,profiles/M_ROR/l_SW_C07_M02_ACT_SW_C07_M02_CTRL.json,10f1c4ffe63ae92c2002237b9de64b88ef0fac98f07eaa1cbc5d4974fb36c544,True,1,352,084f3f8771f26d1bdb247e5e0d87683acff48ddf49feef905912bd95c331a82f,M,M_ROR,2eeb2c7a167456878e60fb726aa7031642b43dc1161300c7bdbfcb83c921b41f,352,1.0,88.888779,98493,2240752,58e68fa14e2f0668dfd6d25834f6fcdabf57f32f6e2dd0d44d41cb9244665052,True,SUCCESS_H2S,False,ROR,399.022677,True,145.6176
9,SC_S1_C07_M02;SC_S2_C07_M02;SC_S3_C07_M02;SC_S4_C07_M02;SF_S1_C07_M02;SF_S2_C07_M02;SF_S3_C07_M02;SF_S4_C07_M02;STAT_PLC_C07_M02,0.02556818181818182,H2S,True,97,73.64251800000001,100942,2262534,False,0.0,6.541348,,l_SW_C07_M02_CTRL_SW_C07_M02_SENS,156.189692,False,ba8b68000c3fdced0ab4368572c055793dbf1c035e605df503bcf0b8337e5c67,True,252.317694,20017152,1.6001093843224488,True,42.446081,profiles/M_ROR/l_SW_C07_M02_CTRL_SW_C07_M02_SENS.json,87890da3a1599ae26210a9012374f5dfb44b21cc789a3a0ffa994bec1fe1ed04,True,1,352,c77d5ff469255b0338b1bbfa9f067bbc7110c6b588b448e38c1b3c7dd6c24fa9,M,M_ROR,b657214d2448a225bc19cb623db31e79e5700013f893fff1ae989a494e4e8817,352,1.0,82.547174,100646,2262039,78629e4fc394a7604f96888313a36198c64523e7208f78a4416f3e7d8f8d65e5,True,SUCCESS_H2S,False,ROR,403.73591,True,158.00397
1,STAT_PLC_C07_M02,0.002840909090909091,H2S,True,98,65.625277,93092,2107471,False,0.0,5.420409,,l_SW_C07_M02_SENS_SW_C07_M03_ACT,144.917769,False,ba8b68000c3fdced0ab4368572c055793dbf1c035e605df503bcf0b8337e5c67,True,252.317694,19378176,1.50080692715906,True,37.531173,profiles/M_ROR/l_SW_C07_M02_SENS_SW_C07_M03_ACT.json,633335d80f1625d6f19e04a0677c5f9d43d4065157fc7bf6b5c95af655ce00ba,True,1,352,4e8152e1cb32ddb56ba1c7aad5fa4191fd54fc8a65a449eab9d86a29a0059df0,M,M_ROR,b391c3dadbf2d6d2147ed91ea726db68fff81ed604dbeec636d76fd13a12bad9,352,1.0,79.292492,92801,2107107,222ce490be38f1be04392b2a7aff617b137e8a92defeeac25b00ee25085e4aff,True,SUCCESS_H2S,False,ROR,378.680143,True,147.611402
5,CMD_PLC_C07_M03_A1_C07_M03;CMD_PLC_C07_M03_A2_C07_M03;CMD_PLC_C07_M03_A3_C07_M03;CMD_PLC_C07_M03_A4_C07_M03;STAT_PLC_C07_M02,0.014204545454545454,H2S,True,99,74.723178,98769,2241189,False,0.0,10.163057,,l_SW_C07_M03_ACT_SW_C07_M03_CTRL,161.0359,False,ba8b68000c3fdced0ab4368572c055793dbf1c035e605df503bcf0b8337e5c67,True,252.317694,19881984,1.6961134719311441,True,51.386578,profiles/M_ROR/l_SW_C07_M03_ACT_SW_C07_M03_CTRL.json,182cfc025b7c7a8e800198287a6c466ed8300e39292a431d13bb45a9a996b6ea,True,1,352,55aef3fa297afb19ff01e824ee710c81eb467cda7707e74f425ea05521e0f946,M,M_ROR,74dc9574d28695b6886cd11f23f1f5c4db183911dbe677c7caeda210712ca964,352,1.0,86.312722,98478,2240709,0d3fef05627827d4ce210d1b298b89356ca8c7d772e316d0369d2e20fb510dda,True,SUCCESS_H2S,False,ROR,427.95944,True,166.411443
11,COORD_CC_C07_PLC_C07_M03;SC_S1_C07_M03;SC_S2_C07_M03;SC_S3_C07_M03;SC_S4_C07_M03;SF_S1_C07_M03;SF_S2_C07_M03;SF_S3_C07_M03;SF_S4_C07_M03;STAT_PLC_C07_M02;STAT_PLC_C07_M03,0.03125,H2S,True,100,70.364103,101344,2276245,False,0.0,6.244574,,l_SW_C07_M03_CTRL_SW_C07_M03_SENS,147.978687,False,ba8b68000c3fdced0ab4368572c055793dbf1c035e605df503bcf0b8337e5c67,True,252.317694,20176896,1.7262141869448124,True,78.201874,profiles/M_ROR/l_SW_C07_M03_CTRL_SW_C07_M03_SENS.json,c7808b979f352fdf1a3d476b8fb1c9b4c45499aefbae17ed3264153518563228,True,1,352,f7d87c0af53ed16d6859a2312ed0cfe121eb265171c8c03b533cfe6f8b8bcb31,M,M_ROR,8a323c8f3f81bdd3c9b1ec9de2ca500571fde803861fdabd24234cfdec8df886,352,1.0,77.61458400000001,101021,2275704,aac4b7dbba14499ab02f423ac6f89f6a2d57eac39b89831329accc0521db83f9,True,SUCCESS_H2S,False,ROR,435.554383,True,157.634464
3,COORD_CC_C08_PLC_C08_M01;COORD_CC_C08_PLC_C08_M02;STAT_PLC_C08_M01,0.008522727272727272,H2S,True,101,71.543486,93357,2110531,False,0.0,8.050873,,l_SW_C08_CC_SW_C08_M01_ACT,152.914748,False,ba8b68000c3fdced0ab4368572c055793dbf1c035e605df503bcf0b8337e5c67,True,252.317694,19288064,1.5900892864057328,True,40.846489,profiles/M_ROR/l_SW_C08_CC_SW_C08_M01_ACT.json,264a8e3eb76cf6605af27729d9d379f28dbc4bf5237366bf85ec59754c114f7b,True,1,352,d18f5e3381925640193a527dd139333f1e9c73822b079279d52a9985ab14b2dd,M,M_ROR,afc2f9a48e2d920fc60a85923b7435ba29a18b219c774c7a71da5a3366e108dc,352,1.0,81.371262,93050,2110131,ea8dd03eeec306b41c1df7e6eedba8a838aab85858428d1b1ef267177610e8da,True,SUCCESS_H2S,False,ROR,401.207662,True,154.818212
3,COORD_CC_C08_PLC_C08_M03;STAT_PLC_C08_M02;STAT_PLC_C08_M03,0.008522727272727272,H2S,True,102,67.90885,93663,2117542,False,0.0,6.957348,,l_SW_C08_CC_SW_C08_M03_SENS,151.627159,False,ba8b68000c3fdced0ab4368572c055793dbf1c035e605df503bcf0b8337e5c67,True,252.317694,19566592,1.5294736484077096,True,39.866054,profiles/M_ROR/l_SW_C08_CC_SW_C08_M03_SENS.json,435a7cdc6640b106c57f4af7e7227cfc16a3239e19734ce56cb27ab0831db938,True,1,352,d9a21ae7103899619edd201a47990a2d9deb462c8dc431ac7fd92990f5851a85,M,M_ROR,f6f79ee153e3aa42abe4e0e95ca64df14b4736196b3cd1ca423172be4cb92ee0,352,1.0,83.718309,93350,2117147,2c71bb7d37b7b8080264e752652a7cbf7e74608702fd49f878389b74eaf5eac4,True,SUCCESS_H2S,False,ROR,385.913264,True,151.666781
7,CMD_PLC_C08_M01_A1_C08_M01;CMD_PLC_C08_M01_A2_C08_M01;CMD_PLC_C08_M01_A3_C08_M01;CMD_PLC_C08_M01_A4_C08_M01;COORD_CC_C08_PLC_C08_M01;COORD_CC_C08_PLC_C08_M02;STAT_PLC_C08_M01,0.019886363636363636,H2S,True,103,76.961474,99384,2251307,False,0.0,5.354552,,l_SW_C08_M01_ACT_SW_C08_M01_CTRL,161.733839,False,ba8b68000c3fdced0ab4368572c055793dbf1c035e605df503bcf0b8337e5c67,True,252.317694,19759104,1.7132245628402107,True,42.152255,profiles/M_ROR/l_SW_C08_M01_ACT_SW_C08_M01_CTRL.json,3f58698dbf65bce626506cf3b929fe86e87370c6c00ce77b3e174c463cd3f3b1,True,1,352,863e5a2727226b1a064311404760f11e6260817b471bdc54b6d8e284b6270b58,M,M_ROR,42810f790985e9a24a7397ae507b8a0f9f55d70f50ba9cfa1ffa96290cfa12b8,352,1.0,84.772365,99078,2250773,f4046f431e7fd9330fb9209b25a1650d761a53e13f18ff81779cbcdca3e62250,True,SUCCESS_H2S,False,ROR,432.276871,True,179.255807
9,COORD_CC_C08_PLC_C08_M02;SC_S1_C08_M01;SC_S2_C08_M01;SC_S3_C08_M01;SC_S4_C08_M01;SF_S1_C08_M01;SF_S2_C08_M01;SF_S3_C08_M01;SF_S4_C08_M01,0.02556818181818182,H2S,True,104,80.114372,101004,2265357,False,0.0,9.853583,,l_SW_C08_M01_CTRL_SW_C08_M01_SENS,165.401258,False,ba8b68000c3fdced0ab4368572c055793dbf1c035e605df503bcf0b8337e5c67,True,252.317694,20099072,1.7189711316876572,True,47.407007,profiles/M_ROR/l_SW_C08_M01_CTRL_SW_C08_M01_SENS.json,4ee0113a194c5eec02ae8c20e86f8d4761720bb31886114b74dc33e58ad63c44,True,1,352,1299369bc5fcd11fae8a8eb520f0722020018cd36b2f8eafc314a3ddd2fa2e6c,M,M_ROR,2e9814382dad44a3976be0f2070bb929cb695862dafcae077ebe99311b1b516a,352,1.0,85.28688600000001,100690,2264854,d35954203b900b4b491fb46544fd36f229cc7a9b9ccb81fde686e85504cfcd0b,True,SUCCESS_H2S,False,ROR,433.726832,True,160.239855
1,COORD_CC_C08_PLC_C08_M02,0.002840909090909091,H2S,True,105,71.05341299999999,93117,2107497,False,0.0,6.35283,,l_SW_C08_M01_SENS_SW_C08_M02_ACT,162.057754,False,ba8b68000c3fdced0ab4368572c055793dbf1c035e605df503bcf0b8337e5c67,True,252.317694,19263488,1.6000195253845337,True,41.615572,profiles/M_ROR/l_SW_C08_M01_SENS_SW_C08_M02_ACT.json,c844888e2cdaf4a279bf9b01ebae5a77e393c0ae0522b44f6fbec84031cc3487,True,1,352,4d5988fbdc04facc4835fdd3d11a78d2d9495471ee49463fa94d431700799614,M,M_ROR,8209b568534896c5d953d1d93ca640dcb38830768fe0fee6954225e095302054,352,1.0,91.004341,92817,2107125,215092d381684fd46b7eabebdd5b67aea96c1680c55b830303dea62519542bc0,True,SUCCESS_H2S,False,ROR,403.713237,True,152.755889
5,CMD_PLC_C08_M02_A1_C08_M02;CMD_PLC_C08_M02_A2_C08_M02;CMD_PLC_C08_M02_A3_C08_M02;CMD_PLC_C08_M02_A4_C08_M02;COORD_CC_C08_PLC_C08_M02,0.014204545454545454,H2S,True,106,77.03093,98808,2241307,False,0.0,6.871731,,l_SW_C08_M02_ACT_SW_C08_M02_CTRL,176.812176,False,ba8b68000c3fdced0ab4368572c055793dbf1c035e605df503bcf0b8337e5c67,True,252.317694,20037632,1.756190178244099,True,50.941338,profiles/M_ROR/l_SW_C08_M02_ACT_SW_C08_M02_CTRL.json,c22a0587cc909ddfb80eeb9d54af89783e4ea245e58d3067fa28aec4df714a40,True,1,352,78edbe7b3f88944ef847b1d5d3e044273b0d26443e7eb21f6215bd6cb50ec147,M,M_ROR,6f084fa5d62fd4d0b66c042e1e916f285b29b3194dfaddb9cef71f8830c0d576,352,1.0,99.781246,98505,2240819,c60a5a30fdf4cdd164be480ddfbbf951eafaa9d2b35299ad9d5884b1694f43ad,True,SUCCESS_H2S,False,ROR,443.117856,True,155.867924
9,SC_S1_C08_M02;SC_S2_C08_M02;SC_S3_C08_M02;SC_S4_C08_M02;SF_S1_C08_M02;SF_S2_C08_M02;SF_S3_C08_M02;SF_S4_C08_M02;STAT_PLC_C08_M02,0.02556818181818182,H2S,True,107,67.44776800000001,100971,2266646,False,0.0,5.583812,,l_SW_C08_M02_CTRL_SW_C08_M02_SENS,155.555703,False,ba8b68000c3fdced0ab4368572c055793dbf1c035e605df503bcf0b8337e5c67,True,252.317694,20254720,1.706729370315187,True,46.410818,profiles/M_ROR/l_SW_C08_M02_CTRL_SW_C08_M02_SENS.json,d011510a13cbfdbdd90a87acf54a9ba08325f4cd223e37b1f5f201319029c71e,True,1,352,085141dd3883dc2223462a9a9fcde3a191a7c376a5a5b637de0dc957bf00d5f9,M,M_ROR,9a68e8cfeeed113e2f386dafb3fad3c945e898e4b9af335ac67827df5d359676,352,1.0,88.10793499999998,100665,2266151,2d3bbb20803dc23fe3d800c5820f852882da833d2b0c54670d29f46caa2154a4,True,SUCCESS_H2S,False,ROR,430.638019,True,170.508571
1,STAT_PLC_C08_M02,0.002840909090909091,H2S,True,108,71.193139,93097,2107419,False,0.0,6.968138,,l_SW_C08_M02_SENS_SW_C08_M03_ACT,157.957664,False,ba8b68000c3fdced0ab4368572c055793dbf1c035e605df503bcf0b8337e5c67,True,252.317694,19423232,1.6050983963098522,True,45.783504,profiles/M_ROR/l_SW_C08_M02_SENS_SW_C08_M03_ACT.json,e37b391681b4f17830a38a042e2640d01d0b72331db9ae33f0cc0ae337850a16,True,1,352,ca61319702da8db88437e8d57367d2acb96897adf2adc53577386a21185101ce,M,M_ROR,a40e2a21e8747a721de90e0ed66f9bce433ad65566c9061bb0f9cf191af4eaba,352,1.0,86.76452499999999,92810,2107055,9286e341042d3a68b318fe35fa57600e375a1c44232560c39def5929d08c9fd1,True,SUCCESS_H2S,False,ROR,404.994726,True,150.884019
5,CMD_PLC_C08_M03_A1_C08_M03;CMD_PLC_C08_M03_A2_C08_M03;CMD_PLC_C08_M03_A3_C08_M03;CMD_PLC_C08_M03_A4_C08_M03;STAT_PLC_C08_M02,0.014204545454545454,H2S,True,109,77.466001,98752,2241119,False,0.0,5.40049,,l_SW_C08_M03_ACT_SW_C08_M03_CTRL,182.035624,False,ba8b68000c3fdced0ab4368572c055793dbf1c035e605df503bcf0b8337e5c67,True,252.317694,20045824,1.7407956177659107,True,44.463761,profiles/M_ROR/l_SW_C08_M03_ACT_SW_C08_M03_CTRL.json,a3810212e137140058bb4099098c6f43d8b1a69b85581295aff426e61e8a3447,True,1,352,1453f5d6c3c9824b2e0b479b7afcf4a5552c7c455de47ecc243874331af5d46a,M,M_ROR,f5c70fa7c0745abac8396edc2bcebefac26705132f0b413afdd16db25810a36f,352,1.0,104.569623,98460,2240639,046b6488f890c5cca69e3e4e34cec6f2a36227df5b38a142bf13305a19c52313,True,SUCCESS_H2S,False,ROR,439.233536,True,160.579163
11,COORD_CC_C08_PLC_C08_M03;SC_S1_C08_M03;SC_S2_C08_M03;SC_S3_C08_M03;SC_S4_C08_M03;SF_S1_C08_M03;SF_S2_C08_M03;SF_S3_C08_M03;SF_S4_C08_M03;STAT_PLC_C08_M02;STAT_PLC_C08_M03,0.03125,H2S,True,110,68.823528,101312,2272079,False,0.0,7.196601,,l_SW_C08_M03_CTRL_SW_C08_M03_SENS,159.649601,False,ba8b68000c3fdced0ab4368572c055793dbf1c035e605df503bcf0b8337e5c67,True,252.317694,20185088,1.6325289220501515,True,42.836621,profiles/M_ROR/l_SW_C08_M03_CTRL_SW_C08_M03_SENS.json,3f2acc283309c9f5ac66c90ab2aeb2b77d959160f3595e14d75aa00248ab1f5a,True,1,352,383ce0dd528729eb67af1efed1c1f165002b4909e0fb16d539f57bd2b9285b50,M,M_ROR,a9966e49e0f0ee1d31e06869f15c77f8f5b7fd6a994af49e4a42f80896394b80,352,1.0,90.826073,100991,2271538,f47b3f309e0ab1d1711fbc423a60382a1fccaac161bef6752ca87eaa26dba405,True,SUCCESS_H2S,False,ROR,411.915933,True,153.589629
10,COORD_CC_C01_PLC_C01_M01;COORD_CC_C01_PLC_C01_M02;COORD_CC_C01_PLC_C01_M03;COORD_CC_C01_PLC_C01_M04;IC_NEXT_CC_C01;IC_PREV_CC_C02;STAT_PLC_C01_M01;STAT_PLC_C01_M02;STAT_PLC_C01_M03;STAT_PLC_C01_M04,0.010775862068965518,H2S,True,1,91.03016099999999,391089,7384241,False,0.0,19.876415,,l_SW_C01_CC_SW_C01_M01_ACT,306.880552,False,0cd2d39b9ab3999bdbbe7304a7051ca98a51d813131ec9fa7eee74407629483d,True,1171.2569495,50618368,1.350716427915632,True,185.40703,profiles/L_RING/l_SW_C01_CC_SW_C01_M01_ACT.json,165a790eb73439b570dbf0dd4f94188f9899d75712a2d9413d59f11747f55665,True,1,928,24344e40ca22a244dbfde0a40558e3b52ae40327277431ad30a1510acb91889f,L,L_RING,8d4495ce2ce4114d3ef8e940c872cebb42f250dd7c11f84edd6e32570c6f2261,928,1.0,215.85039100000003,390653,7383696,568276b1dc60e7723d7ea106408fa5df7e2248ba986f2997615160896f1ffcd8,True,SUCCESS_H2S,False,RING,1582.036003,True,928.842892
2,IC_NEXT_CC_C16;IC_PREV_CC_C01,0.0021551724137931034,H2S,True,2,89.310056,276770,6126381,False,0.0,15.675475,,l_SW_C01_CC_SW_C16_M04_SENS,274.112268,False,0cd2d39b9ab3999bdbbe7304a7051ca98a51d813131ec9fa7eee74407629483d,True,1171.2569495,45191168,1.1667017477107402,True,98.102627,profiles/L_RING/l_SW_C01_CC_SW_C16_M04_SENS.json,0c5d41ee6eff3ee594588dacc5181dd940e85caa703737054912c8335538b29b,True,1,928,5c19e8f8b9794c9a655bac557b3ea226161ad30bf6d059153bb6663e74b45d55,L,L_RING,a780b9aee917fe9077a2c81f2095febf621829ab035905e40905421e7f577498,928,1.0,184.80221199999997,276403,6126017,2c46606656d441f992c4356a3aa2fa32e7d10d619508f20929c17ebf8f39fb50,True,SUCCESS_H2S,False,RING,1366.50753,True,872.535605
14,CMD_PLC_C01_M01_A1_C01_M01;CMD_PLC_C01_M01_A2_C01_M01;CMD_PLC_C01_M01_A3_C01_M01;CMD_PLC_C01_M01_A4_C01_M01;COORD_CC_C01_PLC_C01_M01;COORD_CC_C01_PLC_C01_M02;COORD_CC_C01_PLC_C01_M03;COORD_CC_C01_PLC_C01_M04;IC_NEXT_CC_C01;IC_PREV_CC_C02;STAT_PLC_C01_M01;STAT_PLC_C01_M02;STAT_PLC_C01_M03;STAT_PLC_C01_M04,0.015086206896551725,H2S,True,3,101.535442,693960,10850229,False,0.0,18.299201,,l_SW_C01_M01_ACT_SW_C01_M01_CTRL,379.487949,False,0cd2d39b9ab3999bdbbe7304a7051ca98a51d813131ec9fa7eee74407629483d,True,1171.2569495,66240512,1.7757565083288327,True,208.586731,profiles/L_RING/l_SW_C01_M01_ACT_SW_C01_M01_CTRL.json,d99f43a140bc0dfe02081b5dd0eb61ef9cfb948c8296fae4c91e423824464656,True,1,928,11a5b23366b6ed405c538ef499591b0eb09310b073772974763b8b859ac574e7,L,L_RING,de3e6a329e619006b90e778ac3bb76dc3bedce5c76e5ed0dc3fb120a2595ca39,928,1.0,277.952507,693614,10849550,989c4321087d683fda132868ed74728e6ff97f290b3b71a10c1bb484f404aa87,True,SUCCESS_H2S,False,RING,2079.867151,True,1264.714553
16,COORD_CC_C01_PLC_C01_M02;COORD_CC_C01_PLC_C01_M03;COORD_CC_C01_PLC_C01_M04;IC_NEXT_CC_C01;IC_PREV_CC_C02;SC_S1_C01_M01;SC_S2_C01_M01;SC_S3_C01_M01;SC_S4_C01_M01;SF_S1_C01_M01;SF_S2_C01_M01;SF_S3_C01_M01;SF_S4_C01_M01;STAT_PLC_C01_M02;STAT_PLC_C01_M03;STAT_PLC_C01_M04,0.017241379310344827,H2S,True,4,105.240739,744979,11168326,False,0.0,18.570057,,l_SW_C01_M01_CTRL_SW_C01_M01_SENS,320.151919,False,0cd2d39b9ab3999bdbbe7304a7051ca98a51d813131ec9fa7eee74407629483d,True,1171.2569495,68411392,1.7797851017147797,True,160.715752,profiles/L_RING/l_SW_C01_M01_CTRL_SW_C01_M01_SENS.json,f6c06d5df618e6d6adf1454755fe079376dc7e17b1711550fc916ea3cb3d7a50,True,1,928,771f6cef74d1a9fe7e89ddc8ca507704060d9c7955123b87ccd731f2cc27cc56,L,L_RING,8ea2111e8e22f6659e134c360d990d9b53291a501d5a011c31b9e8856ec91911,928,1.0,214.91118,744393,11167678,54a304a15f978df06a2a6efd5d6c424f51476e44be21d6460ca4ca9a0b85a190,True,SUCCESS_H2S,False,RING,2084.585669,True,1412.779896
8,COORD_CC_C01_PLC_C01_M02;COORD_CC_C01_PLC_C01_M03;COORD_CC_C01_PLC_C01_M04;IC_NEXT_CC_C01;IC_PREV_CC_C02;STAT_PLC_C01_M02;STAT_PLC_C01_M03;STAT_PLC_C01_M04,0.008620689655172414,H2S,True,5,101.83627800000001,364856,7056339,False,0.0,11.25627,,l_SW_C01_M01_SENS_SW_C01_M02_ACT,261.097747,False,0cd2d39b9ab3999bdbbe7304a7051ca98a51d813131ec9fa7eee74407629483d,True,1171.2569495,49090560,1.3109954759760423,True,115.848476,profiles/L_RING/l_SW_C01_M01_SENS_SW_C01_M02_ACT.json,d0bde0d2c95c1a61cc29a9a23b5b198b53acffe5d82723c6e2113964c22afb83,True,1,928,bc615238e99153eb393fceefc671c601320c12c5a2bbe1f9bde31a80a86cc0ac,L,L_RING,3939dfb66b58e60635c545064feb9e88d3ce0d4c7f283c62e4424a73bf8f3501,928,1.0,159.26146900000003,364585,7055822,dd373fc190e194538fc8d8540c241dac4cc3b4eeeea818281dc4b798bedaa082,True,SUCCESS_H2S,False,RING,1535.512562,True,1023.6516
12,CMD_PLC_C01_M02_A1_C01_M02;CMD_PLC_C01_M02_A2_C01_M02;CMD_PLC_C01_M02_A3_C01_M02;CMD_PLC_C01_M02_A4_C01_M02;COORD_CC_C01_PLC_C01_M02;COORD_CC_C01_PLC_C01_M03;COORD_CC_C01_PLC_C01_M04;IC_NEXT_CC_C01;IC_PREV_CC_C02;STAT_PLC_C01_M02;STAT_PLC_C01_M03;STAT_PLC_C01_M04,0.01293103448275862,H2S,True,6,110.63788,668460,10512936,False,0.0,18.893509,,l_SW_C01_M02_ACT_SW_C01_M02_CTRL,355.334941,False,0cd2d39b9ab3999bdbbe7304a7051ca98a51d813131ec9fa7eee74407629483d,True,1171.2569495,64933888,1.8333776810602394,True,159.357841,profiles/L_RING/l_SW_C01_M02_ACT_SW_C01_M02_CTRL.json,0543f342bd2432acdd44c30f23d1dc6cc6b32f865d1021508fc147e20116c703,True,1,928,8c656bde0ad62504d4f7d09b6899840c12ab6592a9f2fc33a3e1647d3dc3bc92,L,L_RING,524460b318d33fd812d2edf42580fe1cb30e846dfe96c81b6f34ea82a77df450,928,1.0,244.69706100000002,668025,10512303,16e1b995d533359238c34604068d0de620334f9f12de97d93afc744e59f61d92,True,SUCCESS_H2S,False,RING,2147.35635,True,1419.146886
14,COORD_CC_C01_PLC_C01_M03;COORD_CC_C01_PLC_C01_M04;IC_NEXT_CC_C01;IC_PREV_CC_C02;SC_S1_C01_M02;SC_S2_C01_M02;SC_S3_C01_M02;SC_S4_C01_M02;SF_S1_C01_M02;SF_S2_C01_M02;SF_S3_C01_M02;SF_S4_C01_M02;STAT_PLC_C01_M03;STAT_PLC_C01_M04,0.015086206896551725,H2S,True,7,107.452011,717435,10820529,False,0.0,15.277744,,l_SW_C01_M02_CTRL_SW_C01_M02_SENS,388.404622,False,0cd2d39b9ab3999bdbbe7304a7051ca98a51d813131ec9fa7eee74407629483d,True,1171.2569495,67350528,1.9053006908113972,True,202.048811,profiles/L_RING/l_SW_C01_M02_CTRL_SW_C01_M02_SENS.json,5d691cf3a64546dc4c5ce59199afab56d3c9c962c550b80c85960f446d525d18,True,1,928,d374a0843a7b17824ba9454c98229545b2e601f80ff34f8cdd4f762dd0118550,L,L_RING,c9d1c40efeac9f51abbede6cf0807cccf9264647fc88aa9933336544a88cabde,928,1.0,280.95261100000005,717022,10819927,dce69148395c7b9f01caba5013bf7e2c63296faf7d70d299fec86bc0f3e68c9f,True,SUCCESS_H2S,False,RING,2231.596675,True,1446.931938
6,COORD_CC_C01_PLC_C01_M03;COORD_CC_C01_PLC_C01_M04;IC_NEXT_CC_C01;IC_PREV_CC_C02;STAT_PLC_C01_M03;STAT_PLC_C01_M04,0.00646551724137931,H2S,True,8,97.936121,338035,6735569,False,0.0,19.404534,,l_SW_C01_M02_SENS_SW_C01_M03_ACT,291.71624,False,0cd2d39b9ab3999bdbbe7304a7051ca98a51d813131ec9fa7eee74407629483d,True,1171.2569495,47583232,1.2394508588569957,True,126.527379,profiles/L_RING/l_SW_C01_M02_SENS_SW_C01_M03_ACT.json,e4901622c1ca95256b2dcec83cb775ab0b57b6664d8cbfe0a9c216619a026f35,True,1,928,5d05631eaef1eb8e8d36f529ec5432a7927b774ba2b7074d724e9554244ff9dc,L,L_RING,dc2d40266350a35210b20ece6f94f6f224f2dc0f8cbca237fc4b3654eeedac7c,928,1.0,193.780119,337624,6735098,071e5ed1c3d38565cd172644e8cab00cc2d4040b373e6de689c2cbbb5c1d0b44,True,SUCCESS_H2S,False,RING,1451.715432,True,891.27039
10,CMD_PLC_C01_M03_A1_C01_M03;CMD_PLC_C01_M03_A2_C01_M03;CMD_PLC_C01_M03_A3_C01_M03;CMD_PLC_C01_M03_A4_C01_M03;COORD_CC_C01_PLC_C01_M03;COORD_CC_C01_PLC_C01_M04;IC_NEXT_CC_C01;IC_PREV_CC_C02;STAT_PLC_C01_M03;STAT_PLC_C01_M04,0.010775862068965518,H2S,True,9,103.066884,637695,10197552,False,0.0,17.592996,,l_SW_C01_M03_ACT_SW_C01_M03_CTRL,384.614486,False,0cd2d39b9ab3999bdbbe7304a7051ca98a51d813131ec9fa7eee74407629483d,True,1171.2569495,63385600,1.7255298684569298,True,163.205397,profiles/L_RING/l_SW_C01_M03_ACT_SW_C01_M03_CTRL.json,163a3b84483cfa000ac8530439b5eb96996c33e08d81d9b85bd6b25511bed275,True,1,928,c05c705f02a9eed1e1ebb97e7990b26a79bcdad8f967ddb9fef957bf27253280,L,L_RING,fdfce35e7e2e6c1606b23f612409893de308300e3ed4ec89a3db6bfd352dcdfb,928,1.0,281.547602,637317,10196965,a232523592010b4fb405d50ea33f6050bad1166b0749e9f31acd6d80184f07cb,True,SUCCESS_H2S,False,RING,2021.03885,True,1267.398659
12,COORD_CC_C01_PLC_C01_M04;IC_NEXT_CC_C01;IC_PREV_CC_C02;SC_S1_C01_M03;SC_S2_C01_M03;SC_S3_C01_M03;SC_S4_C01_M03;SF_S1_C01_M03;SF_S2_C01_M03;SF_S3_C01_M03;SF_S4_C01_M03;STAT_PLC_C01_M04,0.01293103448275862,H2S,True,10,100.995029,690598,10567179,False,0.0,16.825792,,l_SW_C01_M03_CTRL_SW_C01_M03_SENS,380.328402,False,0cd2d39b9ab3999bdbbe7304a7051ca98a51d813131ec9fa7eee74407629483d,True,1171.2569495,65953792,1.8801981913021724,True,213.38717,profiles/L_RING/l_SW_C01_M03_CTRL_SW_C01_M03_SENS.json,86fc9892a47dd07dc8e5f7cf932d28312a5cf0199701aaf5f032ffb6a318e155,True,1,928,8b3f30c331aa030c4f2f764699c9fcb88f5cd310e40e0d9885c79b21c49966ac,L,L_RING,9659008ca7a1302b57ae96a6413adf42952c4834ec3e6f198650d233a0a63ef7,928,1.0,279.333373,690383,10566623,c441c7543491750cc67b32319993d7aa5c7af12c4d673b35dd6055f0dccca615,True,SUCCESS_H2S,False,RING,2202.195198,True,1390.868804
4,COORD_CC_C01_PLC_C01_M04;IC_NEXT_CC_C01;IC_PREV_CC_C02;STAT_PLC_C01_M04,0.004310344827586207,H2S,True,11,93.47257,308311,6427303,False,0.0,13.915756,,l_SW_C01_M03_SENS_SW_C01_M04_ACT,275.953682,False,0cd2d39b9ab3999bdbbe7304a7051ca98a51d813131ec9fa7eee74407629483d,True,1171.2569495,46444544,1.2986522715184965,True,175.000036,profiles/L_RING/l_SW_C01_M03_SENS_SW_C01_M04_ACT.json,36c5ce92adfa1416bce483dee38dd5f0c1049b123bc82846185fcdc713f2ae2b,True,1,928,498307532a4df88b8963e240c7722f8bd2118c8041cbbe62061c67883e428b76,L,L_RING,878cff9e5b31b8bcee3d6de5131a0a208d6d993637394ab12456573737c97fc5,928,1.0,182.481112,307971,6426878,0a049546ab26edc0f666e8a8bf8f1aa7375a3fc0c774ac2119983fbc71ba1c74,True,SUCCESS_H2S,False,RING,1521.055498,True,906.757658
8,CMD_PLC_C01_M04_A1_C01_M04;CMD_PLC_C01_M04_A2_C01_M04;CMD_PLC_C01_M04_A3_C01_M04;CMD_PLC_C01_M04_A4_C01_M04;COORD_CC_C01_PLC_C01_M04;IC_NEXT_CC_C01;IC_PREV_CC_C02;STAT_PLC_C01_M04,0.008620689655172414,H2S,True,12,93.18593,611648,9895052,False,0.0,26.931852,,l_SW_C01_M04_ACT_SW_C01_M04_CTRL,343.262119,False,0cd2d39b9ab3999bdbbe7304a7051ca98a51d813131ec9fa7eee74407629483d,True,1171.2569495,62304256,1.7360089857891596,True,159.662759,profiles/L_RING/l_SW_C01_M04_ACT_SW_C01_M04_CTRL.json,32e6a485b0ba7dfaab6a23b43d879b7c92a04d0e2617fae280cf670098536939,True,1,928,aa0265a85bdc0e4c5d3bcb5306ab78971bbb004befa9aed676e0c86efebf6075,L,L_RING,9a9789fd99760779eaf73e271009c19e899412dbe777f036a3442038acc25e22,928,1.0,250.076189,611433,9894511,382145980565ca309c3c889f950192a920785c7a5c43be350c79a337daabbe4f,True,SUCCESS_H2S,False,RING,2033.312589,True,1322.882952
10,IC_NEXT_CC_C01;IC_PREV_CC_C02;SC_S1_C01_M04;SC_S2_C01_M04;SC_S3_C01_M04;SC_S4_C01_M04;SF_S1_C01_M04;SF_S2_C01_M04;SF_S3_C01_M04;SF_S4_C01_M04,0.010775862068965518,H2S,True,13,98.359134,659158,10244264,False,0.0,17.244961,,l_SW_C01_M04_CTRL_SW_C01_M04_SENS,352.57324,False,0cd2d39b9ab3999bdbbe7304a7051ca98a51d813131ec9fa7eee74407629483d,True,1171.2569495,64618496,1.8460918596240097,True,227.522933,profiles/L_RING/l_SW_C01_M04_CTRL_SW_C01_M04_SENS.json,2487cd2ce3ebb606291548d00f39e0fc5294077f77318bd7cf1b7192f2325c59,True,1,928,b3ade65484f5b31dcf831c14b81b6aa70b7f55540d006d366c299d638bfc1845,L,L_RING,4f31ba67ae984e699cd66770e982473f31571c36f76d8fe54c65da17b467df14,928,1.0,254.21410600000002,658744,10243754,340e91dfc97f2983dcedecbbc5521de40b064ce9f4f11aba16b84493aa3359f9,True,SUCCESS_H2S,False,RING,2162.24792,True,1367.334557
2,IC_NEXT_CC_C01;IC_PREV_CC_C02,0.0021551724137931034,H2S,True,14,98.24489799999999,277563,6126468,False,0.0,18.479505,,l_SW_C01_M04_SENS_SW_C02_CC,275.019846,False,0cd2d39b9ab3999bdbbe7304a7051ca98a51d813131ec9fa7eee74407629483d,True,1171.2569495,45191168,1.2287511221294145,True,134.821106,profiles/L_RING/l_SW_C01_M04_SENS_SW_C02_CC.json,d3f1e3248a59048e461d7542979698a45d555b401a8ca068550687201678115d,True,1,928,9d124d45affa33cd063d1e88403c6e6caef7d87fde9ad71ff7a3de12cfddf67e,L,L_RING,74c9932edb7c42f484572719f7c79f9248a317b629d66fce8ca64874db37f07c,928,1.0,176.774948,277225,6126104,8a4f1a0a385fbc38f3592c32fc69580f326216daaa4367b17d46baa7c6e96914,True,SUCCESS_H2S,False,RING,1439.183291,True,894.593177
10,COORD_CC_C02_PLC_C02_M01;COORD_CC_C02_PLC_C02_M02;COORD_CC_C02_PLC_C02_M03;COORD_CC_C02_PLC_C02_M04;IC_NEXT_CC_C02;IC_PREV_CC_C03;STAT_PLC_C02_M01;STAT_PLC_C02_M02;STAT_PLC_C02_M03;STAT_PLC_C02_M04,0.010775862068965518,H2S,True,15,95.72622199999999,388947,7367330,False,0.0,20.392679,,l_SW_C02_CC_SW_C02_M01_ACT,327.591115,False,0cd2d39b9ab3999bdbbe7304a7051ca98a51d813131ec9fa7eee74407629483d,True,1171.2569495,50618368,1.4280187013737757,True,120.562489,profiles/L_RING/l_SW_C02_CC_SW_C02_M01_ACT.json,b533f42dd918f757a94d721d8001b31758f0cade80993b9dce3f4b193f4c23df,True,1,928,b995f81042a4b35b99458987f2c3348651e1a247e6302f7fdbe2bb9cff8e0b1a,L,L_RING,24f145501a832b71bb21ecb9083112cb40eaa7c04e85c4b2b8e84637d294775e,928,1.0,231.864893,388528,7366785,0fb8b82ebc20ba22a3a4549caf496b345bc00fe7d183faa2600acedcffb14f25,True,SUCCESS_H2S,False,RING,1672.576828,True,1059.372775
14,CMD_PLC_C02_M01_A1_C02_M01;CMD_PLC_C02_M01_A2_C02_M01;CMD_PLC_C02_M01_A3_C02_M01;CMD_PLC_C02_M01_A4_C02_M01;COORD_CC_C02_PLC_C02_M01;COORD_CC_C02_PLC_C02_M02;COORD_CC_C02_PLC_C02_M03;COORD_CC_C02_PLC_C02_M04;IC_NEXT_CC_C02;IC_PREV_CC_C03;STAT_PLC_C02_M01;STAT_PLC_C02_M02;STAT_PLC_C02_M03;STAT_PLC_C02_M04,0.015086206896551725,H2S,True,16,97.1849,692785,10822364,False,0.0,16.593187,,l_SW_C02_M01_ACT_SW_C02_M01_CTRL,370.495816,False,0cd2d39b9ab3999bdbbe7304a7051ca98a51d813131ec9fa7eee74407629483d,True,1171.2569495,66240512,1.8723231891483434,True,208.630237,profiles/L_RING/l_SW_C02_M01_ACT_SW_C02_M01_CTRL.json,3d42ab2e4a380478cc6456fdf33813c6bb943223a83ee4ece3c9e32448398166,True,1,928,b656e36a72333bde096cc517392a8920c634e6908e3331a086169b4791342369,L,L_RING,fc86e99aa3bea6e1b02ad16da13e4a5367a567c146ce833e6dfd077c09d9c970,928,1.0,273.310916,692366,10821685,5fc1e52c634e1e95eb980a00201602c3b69f873695be8c395034ea376ddf1dd0,True,SUCCESS_H2S,False,RING,2192.971547,True,1409.602777
16,COORD_CC_C02_PLC_C02_M02;COORD_CC_C02_PLC_C02_M03;COORD_CC_C02_PLC_C02_M04;IC_NEXT_CC_C02;IC_PREV_CC_C03;SC_S1_C02_M01;SC_S2_C02_M01;SC_S3_C02_M01;SC_S4_C02_M01;SF_S1_C02_M01;SF_S2_C02_M01;SF_S3_C02_M01;SF_S4_C02_M01;STAT_PLC_C02_M02;STAT_PLC_C02_M03;STAT_PLC_C02_M04,0.017241379310344827,H2S,True,17,115.06636900000001,743641,11180023,False,0.0,24.157702,,l_SW_C02_M01_CTRL_SW_C02_M01_SENS,416.098892,False,0cd2d39b9ab3999bdbbe7304a7051ca98a51d813131ec9fa7eee74407629483d,True,1171.2569495,68415488,2.0156651544375745,True,222.023727,profiles/L_RING/l_SW_C02_M01_CTRL_SW_C02_M01_SENS.json,7866292172433af3b9dfbe16c67216bd1efa51f2322bdd81a0c1103a0dff561e,True,1,928,582bc0a40f5c75167c1b11aec58d2b8c92dbb2378db1623f66375391f161f917,L,L_RING,f2f636e61d3dc8726618f0b6a74f3eaa3c940dd5e81ca7cb1d972e39761514bd,928,1.0,301.03252299999997,743149,11179375,2cda1f1992c44fb26d21a35548d5a35e323ae7575397a9818daac2d1e707d64b,True,SUCCESS_H2S,False,RING,2360.86182,True,1416.422251
8,COORD_CC_C02_PLC_C02_M02;COORD_CC_C02_PLC_C02_M03;COORD_CC_C02_PLC_C02_M04;IC_NEXT_CC_C02;IC_PREV_CC_C03;STAT_PLC_C02_M02;STAT_PLC_C02_M03;STAT_PLC_C02_M04,0.008620689655172414,H2S,True,18,103.37283,364015,7053105,False,0.0,17.286126,,l_SW_C02_M01_SENS_SW_C02_M02_ACT,291.287014,False,0cd2d39b9ab3999bdbbe7304a7051ca98a51d813131ec9fa7eee74407629483d,True,1171.2569495,49090560,1.3384644963423544,True,115.72568,profiles/L_RING/l_SW_C02_M01_SENS_SW_C02_M02_ACT.json,f4b6213bf6da0f92f3e6b763872f31ef134ac7aa94bf8485113df0c86608cbc3,True,1,928,caae489b5c1da4dc084ca41d935aa9ce8acde84c9d9fc2c1862b6e197496ec1f,L,L_RING,4e8c2f98d9b349328976d9e411e5d65049540ed170b8cba9e917d1d983aed26f,928,1.0,187.914184,363702,7052588,c4153b74d1f4c188a53d61ad94e044c204d1801c2248d770fa096076dcca43ee,True,SUCCESS_H2S,False,RING,1567.685843,True,1013.744654
12,CMD_PLC_C02_M02_A1_C02_M02;CMD_PLC_C02_M02_A2_C02_M02;CMD_PLC_C02_M02_A3_C02_M02;CMD_PLC_C02_M02_A4_C02_M02;COORD_CC_C02_PLC_C02_M02;COORD_CC_C02_PLC_C02_M03;COORD_CC_C02_PLC_C02_M04;IC_NEXT_CC_C02;IC_PREV_CC_C03;STAT_PLC_C02_M02;STAT_PLC_C02_M03;STAT_PLC_C02_M04,0.01293103448275862,H2S,True,19,90.753279,666218,10497961,False,0.0,21.747267,,l_SW_C02_M02_ACT_SW_C02_M02_CTRL,331.96636,False,0cd2d39b9ab3999bdbbe7304a7051ca98a51d813131ec9fa7eee74407629483d,True,1171.2569495,64778240,1.8213200988140648,True,217.018588,profiles/L_RING/l_SW_C02_M02_ACT_SW_C02_M02_CTRL.json,fb53b0080f252c5441b2b45003659d66206cae47085c96d026b47147f611203b,True,1,928,405a603fa25556030ececb605dbc1df92c7bd5983d4d3ac8ded9d7919d7092c6,L,L_RING,6b4475015dd8208be0d8ad19bda5d6eec518117c7d97f1173228a03b0d89255a,928,1.0,241.213081,665794,10497328,dce6fca41d37ab323c8a7879dd333f1054ff5d668cd3748354278f9c6a124ede,True,SUCCESS_H2S,False,RING,2133.233823,True,1371.615827
14,COORD_CC_C02_PLC_C02_M03;COORD_CC_C02_PLC_C02_M04;IC_NEXT_CC_C02;IC_PREV_CC_C03;SC_S1_C02_M02;SC_S2_C02_M02;SC_S3_C02_M02;SC_S4_C02_M02;SF_S1_C02_M02;SF_S2_C02_M02;SF_S3_C02_M02;SF_S4_C02_M02;STAT_PLC_C02_M03;STAT_PLC_C02_M04,0.015086206896551725,H2S,True,20,96.348644,715440,10809681,False,0.0,18.063733,,l_SW_C02_M02_CTRL_SW_C02_M02_SENS,365.719169,False,0cd2d39b9ab3999bdbbe7304a7051ca98a51d813131ec9fa7eee74407629483d,True,1171.2569495,67358720,1.9114960581072737,True,180.954434,profiles/L_RING/l_SW_C02_M02_CTRL_SW_C02_M02_SENS.json,76e23049df17254e165ed0f6596c23145cdc28200182ad461763b5e1d92bb7ea,True,1,928,775bdf18b2da2a4e1f17e1d596f9e3dbdf08b218af2f7fe1f62e256968b35061,L,L_RING,9ad232da19626d8e90c5d10c0a6b6130d04a2484d9ba3e46b3d6c3bf1240de3b,928,1.0,269.37052500000004,715078,10809079,47dc6780e6dab999685851f953d48980c5612b45f9047c08a5a7ed4a64fdddbe,True,SUCCESS_H2S,False,RING,2238.853042,True,1436.061156
6,COORD_CC_C02_PLC_C02_M03;COORD_CC_C02_PLC_C02_M04;IC_NEXT_CC_C02;IC_PREV_CC_C03;STAT_PLC_C02_M03;STAT_PLC_C02_M04,0.00646551724137931,H2S,True,21,95.138158,337808,6734017,False,0.0,19.224499,,l_SW_C02_M02_SENS_SW_C02_M03_ACT,280.461364,False,0cd2d39b9ab3999bdbbe7304a7051ca98a51d813131ec9fa7eee74407629483d,True,1171.2569495,47759360,1.3232356227739932,True,151.798073,profiles/L_RING/l_SW_C02_M02_SENS_SW_C02_M03_ACT.json,8fd10594f1e4f36a9173565c65e205d7e4155a6edaa47b45df7ecd55d366deff,True,1,928,f57d6b73f5e0546fe74b2724ed773b5c5e3c2fc25d50475aff439a5b0b0561ef,L,L_RING,f878bdf09e3e8bc81d205097d4b38997d3ccd9a910e09ddd2d8e5818939eda92,928,1.0,185.323206,337387,6733546,5db5b82c30e009a3518d523afa592a56ac5bf7921f5b3399ea5386ee38bdbf19,True,SUCCESS_H2S,False,RING,1549.848919,True,965.087204
10,CMD_PLC_C02_M03_A1_C02_M03;CMD_PLC_C02_M03_A2_C02_M03;CMD_PLC_C02_M03_A3_C02_M03;CMD_PLC_C02_M03_A4_C02_M03;COORD_CC_C02_PLC_C02_M03;COORD_CC_C02_PLC_C02_M04;IC_NEXT_CC_C02;IC_PREV_CC_C03;STAT_PLC_C02_M03;STAT_PLC_C02_M04,0.010775862068965518,H2S,True,22,94.451973,637506,10202325,False,0.0,19.010917,,l_SW_C02_M03_ACT_SW_C02_M03_CTRL,340.657775,False,0cd2d39b9ab3999bdbbe7304a7051ca98a51d813131ec9fa7eee74407629483d,True,1171.2569495,63557632,1.6918417746387082,True,225.829316,profiles/L_RING/l_SW_C02_M03_ACT_SW_C02_M03_CTRL.json,e8ff9bb269ac116bcc31681c09685d62a204100bff3589e04996505d2681243b,True,1,928,9479ae48982b18e29f8feb2d639e9db0b38e76a52d706532c3c562c83b023da8,L,L_RING,8d7297788e2c97cb443750cc7503006045d817352c3c9d495f0a717c0e902926,928,1.0,246.205802,637103,10201738,d435008b66112ce8470acd7179a0591d170e11e42fcf194a36e73ec237a09a15,True,SUCCESS_H2S,False,RING,1981.581436,True,1193.46969
12,COORD_CC_C02_PLC_C02_M04;IC_NEXT_CC_C02;IC_PREV_CC_C03;SC_S1_C02_M03;SC_S2_C02_M03;SC_S3_C02_M03;SC_S4_C02_M03;SF_S1_C02_M03;SF_S2_C02_M03;SF_S3_C02_M03;SF_S4_C02_M03;STAT_PLC_C02_M04,0.01293103448275862,H2S,True,23,107.440366,689094,10532751,False,0.0,20.075628,,l_SW_C02_M03_CTRL_SW_C02_M03_SENS,399.784489,False,0cd2d39b9ab3999bdbbe7304a7051ca98a51d813131ec9fa7eee74407629483d,True,1171.2569495,66117632,1.8731332334348725,True,180.690083,profiles/L_RING/l_SW_C02_M03_CTRL_SW_C02_M03_SENS.json,462b2d95417bae6c12d0ba7474255821c41053152425b10d2cc1392fc3c85d2b,True,1,928,5ed75dadf2ec6bff6c19ac2ad65ecc1ffef21e63a772c5c9b6bc1dc2a006ba66,L,L_RING,4222d52f918b19fa9f2ca9c7cb90676fb0bd2f1f6530add3df9cc3074348713d,928,1.0,292.344123,688699,10532195,d0d8ef5370b6b783d4fcdd5084cde4e52d95c7e79669e0cbbecc621d09b9fdb7,True,SUCCESS_H2S,False,RING,2193.920317,True,1396.316626
4,COORD_CC_C02_PLC_C02_M04;IC_NEXT_CC_C02;IC_PREV_CC_C03;STAT_PLC_C02_M04,0.004310344827586207,H2S,True,24,96.89549,308067,6426177,False,0.0,20.389246,,l_SW_C02_M03_SENS_SW_C02_M04_ACT,273.983919,False,0cd2d39b9ab3999bdbbe7304a7051ca98a51d813131ec9fa7eee74407629483d,True,1171.2569495,46284800,1.3214352663271007,True,142.437472,profiles/L_RING/l_SW_C02_M03_SENS_SW_C02_M04_ACT.json,18af4d4432655a8f1e957f16147bb9d2de530f029f2a5ca83d36f7834c8397ba,True,1,928,5827ed2fa9b2141478088662e7041f0749c2fdf68b824281c1821a46e94932f4,L,L_RING,42017099bfa3b9ee8a6603b471e1fa573ea3dbd7935813c40181481c8235c2cd,928,1.0,177.08842900000002,307742,6425752,4d6857b7581cceadfde77ae9358ee9d6a006212bc66f121510bf776926f6a183,True,SUCCESS_H2S,False,RING,1547.740239,True,981.840403
8,CMD_PLC_C02_M04_A1_C02_M04;CMD_PLC_C02_M04_A2_C02_M04;CMD_PLC_C02_M04_A3_C02_M04;CMD_PLC_C02_M04_A4_C02_M04;COORD_CC_C02_PLC_C02_M04;IC_NEXT_CC_C02;IC_PREV_CC_C03;STAT_PLC_C02_M04,0.008620689655172414,H2S,True,25,97.05996999999999,610864,9778605,False,0.0,18.047112,,l_SW_C02_M04_ACT_SW_C02_M04_CTRL,352.809221,False,0cd2d39b9ab3999bdbbe7304a7051ca98a51d813131ec9fa7eee74407629483d,True,1171.2569495,62025728,1.772065285833337,True,198.927439,profiles/L_RING/l_SW_C02_M04_ACT_SW_C02_M04_CTRL.json,24e4be54921c53ddae54157197d18e51f4e9e821be5d6fe81529223a88a2a513,True,1,928,574d57c5455eb631df3899a0f9e603c0543819058f32a62fba26b51d7d2e4efe,L,L_RING,12d767bf344ce9516e0df109506195fbb07c09f9e7b4b39ed885ee2a894159bf,928,1.0,255.749251,610479,9778064,a58b3d690464bc633819d354e20099877f297746e16c4812573ceaff30b343a7,True,SUCCESS_H2S,False,RING,2075.543781,True,1312.844333
10,IC_NEXT_CC_C02;IC_PREV_CC_C03;SC_S1_C02_M04;SC_S2_C02_M04;SC_S3_C02_M04;SC_S4_C02_M04;SF_S1_C02_M04;SF_S2_C02_M04;SF_S3_C02_M04;SF_S4_C02_M04,0.010775862068965518,H2S,True,26,99.11407,659303,10252411,False,0.0,20.275903,,l_SW_C02_M04_CTRL_SW_C02_M04_SENS,372.4166,False,0cd2d39b9ab3999bdbbe7304a7051ca98a51d813131ec9fa7eee74407629483d,True,1171.2569495,64778240,1.8879572615931786,True,231.890285,profiles/L_RING/l_SW_C02_M04_CTRL_SW_C02_M04_SENS.json,a019a152912a67ecdf689ed293591330d971a01d51da8d89af7adc2b0c7a157d,True,1,928,07cd985d0e34684d55c33ab25746c1bbae2a410d7409f3d86eddb11fea05f35e,L,L_RING,4cc49a8540222e9346695d7b2ba9210c4172f92fd3323d9b7e6b37d6071bd3fb,928,1.0,273.30253000000005,658998,10251901,30e35c6e8864f900e2d4afd81529fe5080e2b3928714c90fa10287299bfd6a39,True,SUCCESS_H2S,False,RING,2211.283063,True,1385.987931
2,IC_NEXT_CC_C02;IC_PREV_CC_C03,0.0021551724137931034,H2S,True,27,89.876045,277608,6125979,False,0.0,18.101812,,l_SW_C02_M04_SENS_SW_C03_CC,275.054091,False,0cd2d39b9ab3999bdbbe7304a7051ca98a51d813131ec9fa7eee74407629483d,True,1171.2569495,45191168,1.2583948531782008,True,138.618672,profiles/L_RING/l_SW_C02_M04_SENS_SW_C03_CC.json,b21a957ead1bbc85bdfc2790f269fefcc93c8bd8b9bd314eae8503cdf5fcf592,True,1,928,1ebd20f5c032fd4f78b7274315e90fcfd68f22f2c3f6c39aa03880f9aef82144,L,L_RING,43851730808210662d4935d639c36144dfb93981732007cfc84d162af7e4f2f7,928,1.0,185.17804600000002,277259,6125615,6df4f5b2b62b751ed2d9229e3a53b5f13e05ffc6b9907bd656ae9a771cc6d1e2,True,SUCCESS_H2S,False,RING,1473.903717,True,917.119821
10,COORD_CC_C03_PLC_C03_M01;COORD_CC_C03_PLC_C03_M02;COORD_CC_C03_PLC_C03_M03;COORD_CC_C03_PLC_C03_M04;IC_NEXT_CC_C03;IC_PREV_CC_C04;STAT_PLC_C03_M01;STAT_PLC_C03_M02;STAT_PLC_C03_M03;STAT_PLC_C03_M04,0.010775862068965518,H2S,True,28,96.7403,389855,7383861,False,0.0,21.269604,,l_SW_C03_CC_SW_C03_M01_ACT,291.751613,False,0cd2d39b9ab3999bdbbe7304a7051ca98a51d813131ec9fa7eee74407629483d,True,1171.2569495,50450432,1.44536274958512,True,165.011964,profiles/L_RING/l_SW_C03_CC_SW_C03_M01_ACT.json,7a513f0542f8921549bba141858d4f56319c3f62fdabe75df8edc66dcde09517,True,1,928,d8fa4510e44bde531816e53159f84d25681162f9fdbde6fe91df3b75bc76a244,L,L_RING,223ea27a28bf0c7f81bb8c6dcb0ca923812a4325accd5d56890e114457fa586d,928,1.0,195.01131300000003,389364,7383316,ebe8e763b4527775da1577537e36e45babf37b3936321260aac3fab03b8cac29,True,SUCCESS_H2S,False,RING,1692.891165,True,1059.684447
14,CMD_PLC_C03_M01_A1_C03_M01;CMD_PLC_C03_M01_A2_C03_M01;CMD_PLC_C03_M01_A3_C03_M01;CMD_PLC_C03_M01_A4_C03_M01;COORD_CC_C03_PLC_C03_M01;COORD_CC_C03_PLC_C03_M02;COORD_CC_C03_PLC_C03_M03;COORD_CC_C03_PLC_C03_M04;IC_NEXT_CC_C03;IC_PREV_CC_C04;STAT_PLC_C03_M01;STAT_PLC_C03_M02;STAT_PLC_C03_M03;STAT_PLC_C03_M04,0.015086206896551725,H2S,True,29,129.20446099999998,694134,10834657,False,0.0,11.09025,,l_SW_C03_M01_ACT_SW_C03_M01_CTRL,372.584328,False,0cd2d39b9ab3999bdbbe7304a7051ca98a51d813131ec9fa7eee74407629483d,True,1171.2569495,66248704,1.7479935387994896,True,129.624369,profiles/L_RING/l_SW_C03_M01_ACT_SW_C03_M01_CTRL.json,58ae3bdf985bf70f07cf4ba2f2706a6f95bae6a47b38189d9a11ee20e0aede81,True,1,928,e21d39f47192ba1f9a0bb6007d665c880e59755ed2e7c1c85cb6f9a3a06eb055,L,L_RING,46a33ecd626f3f1be9847f08c7a15e915907542f20e917294673cf064d9142c0,928,1.0,243.37986700000005,693751,10833978,df69aa4ffe6ff4c86c099fbcddc1303df4912b01075f388131e2ad9dd9c94098,True,SUCCESS_H2S,False,RING,2047.34958,True,1332.32464
16,COORD_CC_C03_PLC_C03_M02;COORD_CC_C03_PLC_C03_M03;COORD_CC_C03_PLC_C03_M04;IC_NEXT_CC_C03;IC_PREV_CC_C04;SC_S1_C03_M01;SC_S2_C03_M01;SC_S3_C03_M01;SC_S4_C03_M01;SF_S1_C03_M01;SF_S2_C03_M01;SF_S3_C03_M01;SF_S4_C03_M01;STAT_PLC_C03_M02;STAT_PLC_C03_M03;STAT_PLC_C03_M04,0.017241379310344827,H2S,True,30,106.75641900000001,744899,11151300,False,0.0,19.448933,,l_SW_C03_M01_CTRL_SW_C03_M01_SENS,383.982349,False,0cd2d39b9ab3999bdbbe7304a7051ca98a51d813131ec9fa7eee74407629483d,True,1171.2569495,68411392,1.9888768156248193,True,250.201939,profiles/L_RING/l_SW_C03_M01_CTRL_SW_C03_M01_SENS.json,f47915ca06eddd5f2ad9a57ad6369da564ce50d45fded5423dfc24b74ea36fd2,True,1,928,05d8560664c6945038c59c14e198972048a868b51bb40ab63ea9c961b1dbec5b,L,L_RING,d81d06709850b82765ff1d461cf9b65f17b89c2c891d8c63a943ead5c3bf51e4,928,1.0,277.22593,744367,11150652,a15ea6054311bcd11cd6ec99415ad7cf39617718389f5bf5d08615bc96981b1e,True,SUCCESS_H2S,False,RING,2329.485792,True,1475.087631
8,COORD_CC_C03_PLC_C03_M02;COORD_CC_C03_PLC_C03_M03;COORD_CC_C03_PLC_C03_M04;IC_NEXT_CC_C03;IC_PREV_CC_C04;STAT_PLC_C03_M02;STAT_PLC_C03_M03;STAT_PLC_C03_M04,0.008620689655172414,H2S,True,31,95.966757,363848,7056330,False,0.0,19.667678,,l_SW_C03_M01_SENS_SW_C03_M02_ACT,291.871077,False,0cd2d39b9ab3999bdbbe7304a7051ca98a51d813131ec9fa7eee74407629483d,True,1171.2569495,49258496,1.3097246438152297,True,119.378226,profiles/L_RING/l_SW_C03_M01_SENS_SW_C03_M02_ACT.json,3c619e2ca98e3ba5e95a74cf1427d8822805f659d9ac0ef50574bd9f4cfb0a6a,True,1,928,d998fb07cd5dbe333da15747cf03cb6e9b9140890a6f211d710880e6a75b3a06,L,L_RING,d05d561a9d77171252940f9b8cffaf9a38da1e66a681fd31118310c398b4f306,928,1.0,195.90432,363575,7055813,eafbc1745b99da63aa7c14ee7a8ae9d95a4441032c6eb9934c871182882531c3,True,SUCCESS_H2S,False,RING,1534.024091,True,968.516151
12,CMD_PLC_C03_M02_A1_C03_M02;CMD_PLC_C03_M02_A2_C03_M02;CMD_PLC_C03_M02_A3_C03_M02;CMD_PLC_C03_M02_A4_C03_M02;COORD_CC_C03_PLC_C03_M02;COORD_CC_C03_PLC_C03_M03;COORD_CC_C03_PLC_C03_M04;IC_NEXT_CC_C03;IC_PREV_CC_C04;STAT_PLC_C03_M02;STAT_PLC_C03_M03;STAT_PLC_C03_M04,0.01293103448275862,H2S,True,32,105.08187500000001,667611,10509713,False,0.0,17.122448,,l_SW_C03_M02_ACT_SW_C03_M02_CTRL,355.879383,False,0cd2d39b9ab3999bdbbe7304a7051ca98a51d813131ec9fa7eee74407629483d,True,1171.2569495,64774144,1.722436496843172,True,185.83353,profiles/L_RING/l_SW_C03_M02_ACT_SW_C03_M02_CTRL.json,6ae83828284d230bec7028f046cab942a304e8ffcb5b80444ffb00be5eed39a9,True,1,928,69e9bf938a3848768fa0fb54e2c9c914c6d78fc1df2c66523cb41a9e91d14eee,L,L_RING,67bc2f0b068dd7b7964a12864dc329bcaf7638faadb3dd12aa0580fdfbf3910f,928,1.0,250.797508,667060,10509080,ba77bd985e9ae7cb66b24bd61891e7bd85bb2915f2199f0c5bcab0afe60972ca,True,SUCCESS_H2S,False,RING,2017.415717,True,1265.395639
14,COORD_CC_C03_PLC_C03_M03;COORD_CC_C03_PLC_C03_M04;IC_NEXT_CC_C03;IC_PREV_CC_C04;SC_S1_C03_M02;SC_S2_C03_M02;SC_S3_C03_M02;SC_S4_C03_M02;SF_S1_C03_M02;SF_S2_C03_M02;SF_S3_C03_M02;SF_S4_C03_M02;STAT_PLC_C03_M03;STAT_PLC_C03_M04,0.015086206896551725,H2S,True,33,104.708344,718918,10825583,False,0.0,21.180141,,l_SW_C03_M02_CTRL_SW_C03_M02_SENS,385.366615,False,0cd2d39b9ab3999bdbbe7304a7051ca98a51d813131ec9fa7eee74407629483d,True,1171.2569495,67354624,1.982107339462151,True,288.418093,profiles/L_RING/l_SW_C03_M02_CTRL_SW_C03_M02_SENS.json,1c2d0837a24b9e16a836bc1a271419fa17495dc3f6a0d9cec6352b9525c163f0,True,1,928,5931c474653bf3b1e363a2c4b75b55c26a6953cfb733c4d337a8a6dd13dd7c1f,L,L_RING,a7e10d706bb0650a174d69ccb3f105dd1a1398725676a1a80571e7599ca7aab4,928,1.0,280.658271,718452,10824981,fb3d80eedf7631369100838cf2f1864255821c7e86831813456e5c92365aac03,True,SUCCESS_H2S,False,RING,2321.556996,True,1434.50542
6,COORD_CC_C03_PLC_C03_M03;COORD_CC_C03_PLC_C03_M04;IC_NEXT_CC_C03;IC_PREV_CC_C04;STAT_PLC_C03_M03;STAT_PLC_C03_M04,0.00646551724137931,H2S,True,34,102.053959,337897,6737512,False,0.0,14.513256,,l_SW_C03_M02_SENS_SW_C03_M03_ACT,292.604034,False,0cd2d39b9ab3999bdbbe7304a7051ca98a51d813131ec9fa7eee74407629483d,True,1171.2569495,47812608,1.2538611067596488,True,114.375517,profiles/L_RING/l_SW_C03_M02_SENS_SW_C03_M03_ACT.json,ac36583c66b48b37e62628da3410229499e94e08a2c4ca495a30ca6275257642,True,1,928,aa730c9e3764c54f11ef6c05dbf90544130feb5e891927b87aee8d225492b85e,L,L_RING,970c61ca6d57a8dc6f97bd8d463331a154c77aef408f572f7fd2338a238dc024,928,1.0,190.550075,337474,6737041,3328fa1612dbe5a3509fe2ad8cf404e47293e502ba0af47d144560e38b84ed07,True,SUCCESS_H2S,False,RING,1468.593535,True,923.279116
10,CMD_PLC_C03_M03_A1_C03_M03;CMD_PLC_C03_M03_A2_C03_M03;CMD_PLC_C03_M03_A3_C03_M03;CMD_PLC_C03_M03_A4_C03_M03;COORD_CC_C03_PLC_C03_M03;COORD_CC_C03_PLC_C03_M04;IC_NEXT_CC_C03;IC_PREV_CC_C04;STAT_PLC_C03_M03;STAT_PLC_C03_M04,0.010775862068965518,H2S,True,35,98.49543299999999,638459,10185248,False,0.0,22.05467,,l_SW_C03_M03_ACT_SW_C03_M03_CTRL,360.363364,False,0cd2d39b9ab3999bdbbe7304a7051ca98a51d813131ec9fa7eee74407629483d,True,1171.2569495,63717376,1.8064892847835348,True,166.336093,profiles/L_RING/l_SW_C03_M03_ACT_SW_C03_M03_CTRL.json,1476229539614af8bb45c479d447be500e6d34b9e2af6e7ccc7197e2ee2d5566,True,1,928,12efd40c76161fa23a4d2cd844e6c950b17037c70234420f05f2dc8a16354a67,L,L_RING,6e96ab1ebaa2c5f81a7be679b7c64f8ac25a861d6596ed639b9ed31f5c9cca8a,928,1.0,261.867931,638038,10184661,ebd85836c10d5ff01dc9cb9bf205cc4b3e088bbe76f1b3f5d8a48dfb371ed7eb,True,SUCCESS_H2S,False,RING,2115.863129,True,1382.41177
12,COORD_CC_C03_PLC_C03_M04;IC_NEXT_CC_C03;IC_PREV_CC_C04;SC_S1_C03_M03;SC_S2_C03_M03;SC_S3_C03_M03;SC_S4_C03_M03;SF_S1_C03_M03;SF_S2_C03_M03;SF_S3_C03_M03;SF_S4_C03_M03;STAT_PLC_C03_M04,0.01293103448275862,H2S,True,36,105.20313,690292,10535877,False,0.0,15.358685,,l_SW_C03_M03_CTRL_SW_C03_M03_SENS,377.384414,False,0cd2d39b9ab3999bdbbe7304a7051ca98a51d813131ec9fa7eee74407629483d,True,1171.2569495,65953792,2.0134383399020335,True,265.402118,profiles/L_RING/l_SW_C03_M03_CTRL_SW_C03_M03_SENS.json,2d6ad35534fb4242f71da0f52cf108f813a7617043332e69b3971975c95a1db6,True,1,928,a6ccbf07d202e0dda698c23e89d4641041e6545076c521b6bc4f467693cc0546,L,L_RING,5d4446b22cf83945238a11cf81a924017b142636d5c0247e468195b0fcae1aea,928,1.0,272.181284,689832,10535321,ef04739dd4598a4d03ac14b7dcaca168cbaa5184b015dd7deebfeda448c304a1,True,SUCCESS_H2S,False,RING,2358.253648,True,1462.391209
4,COORD_CC_C03_PLC_C03_M04;IC_NEXT_CC_C03;IC_PREV_CC_C04;STAT_PLC_C03_M04,0.004310344827586207,H2S,True,37,108.464804,308055,6426280,False,0.0,18.41246,,l_SW_C03_M03_SENS_SW_C03_M04_ACT,309.467276,False,0cd2d39b9ab3999bdbbe7304a7051ca98a51d813131ec9fa7eee74407629483d,True,1171.2569495,46448640,1.420356059112544,True,144.226035,profiles/L_RING/l_SW_C03_M03_SENS_SW_C03_M04_ACT.json,96a8b9a5eab9071784701147bb382d7885901e5e221246fd7d8159ad0540b92e,True,1,928,1f93bb6f2f9483efdff409e50e470566565a3b1af28265aeb86a39a422107d9d,L,L_RING,fddf114bcf7085430f6821ee36cbc7f84bd3c7a1bc5d7069977b61f7802b8ae5,928,1.0,201.002472,307695,6425855,8da006bb85a90b39b5ea3218a04ae426734256d6676aa23831aaa191f38b3198,True,SUCCESS_H2S,False,RING,1663.601905,True,1055.614109
8,CMD_PLC_C03_M04_A1_C03_M04;CMD_PLC_C03_M04_A2_C03_M04;CMD_PLC_C03_M04_A3_C03_M04;CMD_PLC_C03_M04_A4_C03_M04;COORD_CC_C03_PLC_C03_M04;IC_NEXT_CC_C03;IC_PREV_CC_C04;STAT_PLC_C03_M04,0.008620689655172414,H2S,True,38,98.13050199999999,612382,9888233,False,0.0,22.120238,,l_SW_C03_M04_ACT_SW_C03_M04_CTRL,365.629528,False,0cd2d39b9ab3999bdbbe7304a7051ca98a51d813131ec9fa7eee74407629483d,True,1171.2569495,62312448,1.7517038553118955,True,146.332054,profiles/L_RING/l_SW_C03_M04_ACT_SW_C03_M04_CTRL.json,bad8bab692aff4dfccb119de10badc36335d71764d552bef2bf77aeab7d5ec3c,True,1,928,76145b95497f4d4c8f064407a0aa11657f6648771d6a25c66258fcaaa7244e43,L,L_RING,6e4f1a7bf42808c7db8a86cab105d4f4a6b61c2a05637ac5b3e55ffae0282b3a,928,1.0,267.499026,611947,9887692,df7f1c09ac285cc7ccbf82c12e63006690d4bc8bed749b890d6ed49553652e9d,True,SUCCESS_H2S,False,RING,2051.695314,True,1346.559226
10,IC_NEXT_CC_C03;IC_PREV_CC_C04;SC_S1_C03_M04;SC_S2_C03_M04;SC_S3_C03_M04;SC_S4_C03_M04;SF_S1_C03_M04;SF_S2_C03_M04;SF_S3_C03_M04;SF_S4_C03_M04,0.010775862068965518,H2S,True,39,106.94143,658349,10159623,False,0.0,15.755657,,l_SW_C03_M04_CTRL_SW_C03_M04_SENS,340.467289,False,0cd2d39b9ab3999bdbbe7304a7051ca98a51d813131ec9fa7eee74407629483d,True,1171.2569495,64782336,1.7222091803690938,True,164.452377,profiles/L_RING/l_SW_C03_M04_CTRL_SW_C03_M04_SENS.json,7a6550c727b61e9aefa4ada9b22ad9f9cf523af3ebb47869b06d96e9258a7346,True,1,928,211a7e21d19661da8064c976a27b94cba9c99899ce77b9d26c14338d97f794f0,L,L_RING,c9e2da625f166462ebffba3d050c615cf80569e5d769a800a10fdad53f5f6b1c,928,1.0,233.525859,657883,10159113,e244adc45a2349136169f88fa94f685c75dd28a7fb730ebbb0d2ee6ce6600180,True,SUCCESS_H2S,False,RING,2017.149471,True,1308.65605
2,IC_NEXT_CC_C03;IC_PREV_CC_C04,0.0021551724137931034,H2S,True,40,87.742599,277396,6126182,False,0.0,14.774236,,l_SW_C03_M04_SENS_SW_C04_CC,254.49798,False,0cd2d39b9ab3999bdbbe7304a7051ca98a51d813131ec9fa7eee74407629483d,True,1171.2569495,45191168,1.2030369805716143,True,109.491947,profiles/L_RING/l_SW_C03_M04_SENS_SW_C04_CC.json,4092da17fad3b2e2accfb28783bd8119114c84182f7cc1c3516e0da0218fd09b,True,1,928,119f0e9059be2ade8b593885484c8c1b21a9f36c106cb4dd278f8f4bddb1e4f1,L,L_RING,647e7010f885e6c6cb76a6932e8154ed05ba1ef629fcbc783a1296f7e9b02996,928,1.0,166.755381,277047,6125818,9c78bb67fb0de487879b90fb74a66522b6b2a57f3313d976d309c55a8195bb4b,True,SUCCESS_H2S,False,RING,1409.065424,True,908.111296
10,COORD_CC_C04_PLC_C04_M01;COORD_CC_C04_PLC_C04_M02;COORD_CC_C04_PLC_C04_M03;COORD_CC_C04_PLC_C04_M04;IC_NEXT_CC_C04;IC_PREV_CC_C05;STAT_PLC_C04_M01;STAT_PLC_C04_M02;STAT_PLC_C04_M03;STAT_PLC_C04_M04,0.010775862068965518,H2S,True,41,97.035426,388963,7383579,False,0.0,26.024392,,l_SW_C04_CC_SW_C04_M01_ACT,310.166326,False,0cd2d39b9ab3999bdbbe7304a7051ca98a51d813131ec9fa7eee74407629483d,True,1171.2569495,50614272,1.3942905676650588,True,124.946208,profiles/L_RING/l_SW_C04_CC_SW_C04_M01_ACT.json,ae412c23bab53427e5309adb2fe114c45816a51adf9da3949b6228bc5159aa8e,True,1,928,b811a925043989a7ea4b24666657a843c6a227f3b768ca3562e37cbb6d386bbd,L,L_RING,07c038d0217ead673af66e7a066538f62e96d4e2debff9f58c56e129e1c9f60b,928,1.0,213.13090000000003,388478,7383034,1bd7342ff8e39f5e4bbcdb7edc9b76b63c6cbce403d735c24b741b872ca55d6f,True,SUCCESS_H2S,False,RING,1633.072517,True,1034.563983
14,CMD_PLC_C04_M01_A1_C04_M01;CMD_PLC_C04_M01_A2_C04_M01;CMD_PLC_C04_M01_A3_C04_M01;CMD_PLC_C04_M01_A4_C04_M01;COORD_CC_C04_PLC_C04_M01;COORD_CC_C04_PLC_C04_M02;COORD_CC_C04_PLC_C04_M03;COORD_CC_C04_PLC_C04_M04;IC_NEXT_CC_C04;IC_PREV_CC_C05;STAT_PLC_C04_M01;STAT_PLC_C04_M02;STAT_PLC_C04_M03;STAT_PLC_C04_M04,0.015086206896551725,H2S,True,42,100.28555999999999,694842,10843438,False,0.0,19.654984,,l_SW_C04_M01_ACT_SW_C04_M01_CTRL,384.970315,False,0cd2d39b9ab3999bdbbe7304a7051ca98a51d813131ec9fa7eee74407629483d,True,1171.2569495,66412544,1.8991735194822852,True,204.155565,profiles/L_RING/l_SW_C04_M01_ACT_SW_C04_M01_CTRL.json,4df420d6d8f675c3c181c3c519998df75a04f644454cb2305b732da391ac6185,True,1,928,c6608e1cad5aa6f95047920b7cd2ad916b329780273457265ec68b3fe1cbf32e,L,L_RING,231f95fb2711c2fe52dfefd25ce78cd66d1c64055d9e2ed97db0e3715698b3d0,928,1.0,284.68475500000005,694367,10842759,27446d81998eec0354e1f94ba1aef796242c7ba112388a0f6922a0e53694eb96,True,SUCCESS_H2S,False,RING,2224.420183,True,1423.49066
16,COORD_CC_C04_PLC_C04_M02;COORD_CC_C04_PLC_C04_M03;COORD_CC_C04_PLC_C04_M04;IC_NEXT_CC_C04;IC_PREV_CC_C05;SC_S1_C04_M01;SC_S2_C04_M01;SC_S3_C04_M01;SC_S4_C04_M01;SF_S1_C04_M01;SF_S2_C04_M01;SF_S3_C04_M01;SF_S4_C04_M01;STAT_PLC_C04_M02;STAT_PLC_C04_M03;STAT_PLC_C04_M04,0.017241379310344827,H2S,True,43,106.69506,744552,11135029,False,0.0,14.413156,,l_SW_C04_M01_CTRL_SW_C04_M01_SENS,387.808237,False,0cd2d39b9ab3999bdbbe7304a7051ca98a51d813131ec9fa7eee74407629483d,True,1171.2569495,68411392,1.97602959964337,True,243.648985,profiles/L_RING/l_SW_C04_M01_CTRL_SW_C04_M01_SENS.json,9a26e3e7442c50e1bf43b78da4c7b6264747bb4797465a7e9c621e3402e8e94f,True,1,928,5ef92b4c255b08cbc5c18161bdebca436358f32ff02ef16383f4280e110ee5e5,L,L_RING,723e1dc8befd09ca65ab88fa275d79a5c93c2813f34f2a21543b7ba841cb9115,928,1.0,281.113177,743998,11134381,2ccf3143f21959690ac5fa9626653b4306cd340f2645fc8d5fa66bba57b66950,True,SUCCESS_H2S,False,RING,2314.438401,True,1436.451124
8,COORD_CC_C04_PLC_C04_M02;COORD_CC_C04_PLC_C04_M03;COORD_CC_C04_PLC_C04_M04;IC_NEXT_CC_C04;IC_PREV_CC_C05;STAT_PLC_C04_M02;STAT_PLC_C04_M03;STAT_PLC_C04_M04,0.008620689655172414,H2S,True,44,97.54233599999999,363061,7054590,False,0.0,18.406053,,l_SW_C04_M01_SENS_SW_C04_M02_ACT,291.64465,False,0cd2d39b9ab3999bdbbe7304a7051ca98a51d813131ec9fa7eee74407629483d,True,1171.2569495,49254400,1.395649367713741,True,143.491314,profiles/L_RING/l_SW_C04_M01_SENS_SW_C04_M02_ACT.json,ad1bca09e7fcfd34ef286071516b6a3f9f8c79c0f796c51ad0b3dd51c17b5892,True,1,928,0a6b9fddef6898b77a2112cfca027fe2d475aa4fb2e68fae902d7693b05b3714,L,L_RING,d51e6c2f65b5598f8d4b7ad20e890be2981e1cd5142aa892aa4324f26923747a,928,1.0,194.10231400000004,362709,7054073,236785ba739bfc76afb3a34d5c89653616d4f7b4dc647a0985ea1a1efa9f1b11,True,SUCCESS_H2S,False,RING,1634.664021,True,1046.144983
12,CMD_PLC_C04_M02_A1_C04_M02;CMD_PLC_C04_M02_A2_C04_M02;CMD_PLC_C04_M02_A3_C04_M02;CMD_PLC_C04_M02_A4_C04_M02;COORD_CC_C04_PLC_C04_M02;COORD_CC_C04_PLC_C04_M03;COORD_CC_C04_PLC_C04_M04;IC_NEXT_CC_C04;IC_PREV_CC_C05;STAT_PLC_C04_M02;STAT_PLC_C04_M03;STAT_PLC_C04_M04,0.01293103448275862,H2S,True,45,96.229574,668051,10515369,False,0.0,19.561765,,l_SW_C04_M02_ACT_SW_C04_M02_CTRL,355.548129,False,0cd2d39b9ab3999bdbbe7304a7051ca98a51d813131ec9fa7eee74407629483d,True,1171.2569495,64774144,1.8373672864171124,True,271.530609,profiles/L_RING/l_SW_C04_M02_ACT_SW_C04_M02_CTRL.json,c46933a3b1f9b9e5b148050ca4d674f16ded5fcda504bb34e9b9380b77c94fc7,True,1,928,3863c5abd1cc9d4129980ce48910814e328a79f4c74ffa4213ecfcc08469b0d6,L,L_RING,88d3520b0578ace2186cfa409094addb280f1274643d6999ede78a813a5af01a,928,1.0,259.318555,667566,10514736,083dd9e36a0a511105cbc239512fb9d9abdd6187afb56c6df7445c7c8e53c50d,True,SUCCESS_H2S,False,RING,2152.029203,True,1317.280818
14,COORD_CC_C04_PLC_C04_M03;COORD_CC_C04_PLC_C04_M04;IC_NEXT_CC_C04;IC_PREV_CC_C05;SC_S1_C04_M02;SC_S2_C04_M02;SC_S3_C04_M02;SC_S4_C04_M02;SF_S1_C04_M02;SF_S2_C04_M02;SF_S3_C04_M02;SF_S4_C04_M02;STAT_PLC_C04_M03;STAT_PLC_C04_M04,0.015086206896551725,H2S,True,46,102.45250999999999,715610,10871567,False,0.0,18.107086,,l_SW_C04_M02_CTRL_SW_C04_M02_SENS,368.26154,False,0cd2d39b9ab3999bdbbe7304a7051ca98a51d813131ec9fa7eee74407629483d,True,1171.2569495,67190784,1.8636483932341439,True,177.066293,profiles/L_RING/l_SW_C04_M02_CTRL_SW_C04_M02_SENS.json,f5fed809be6b7434bd3a4c805d0ca7befe8a8135dfa5c89c8502d867756fe6bb,True,1,928,4cfc8d54709ab8a6dd8fdca048b0c2095471d346109de1f3ccd318d3c45e70a2,L,L_RING,30fe66f478f7bc123526c23714ecdb0aca69508f1d3cfb1839c3adab60944cbe,928,1.0,265.80903,715276,10870965,88d406fa0a1a45737718a77e9bc664bccfa0425ce81100aba701e608244a5bb8,True,SUCCESS_H2S,False,RING,2182.811132,True,1418.746451
6,COORD_CC_C04_PLC_C04_M03;COORD_CC_C04_PLC_C04_M04;IC_NEXT_CC_C04;IC_PREV_CC_C05;STAT_PLC_C04_M03;STAT_PLC_C04_M04,0.00646551724137931,H2S,True,47,94.035275,337030,6736076,False,0.0,20.935869,,l_SW_C04_M02_SENS_SW_C04_M03_ACT,300.927964,False,0cd2d39b9ab3999bdbbe7304a7051ca98a51d813131ec9fa7eee74407629483d,True,1171.2569495,47759360,1.2875844080530683,True,124.65167,profiles/L_RING/l_SW_C04_M02_SENS_SW_C04_M03_ACT.json,15ecb5d0ae1efbcd122e3465dfcafed2ce6085edbfce326487ef6e3058c7a565,True,1,928,51302c6fa0748aa4181f2ddf4d01638ee58697530c870423b65462f0d3c740f8,L,L_RING,385ce687324fa9c30bfecbedab51a6d472ad6cc3f26cc07a4fda6c467dbf83c4,928,1.0,206.89268899999996,336642,6735605,e3c4c0b285a395717d69c1509f51f36ebfdb4b19ea662a6304915edb06242cd8,True,SUCCESS_H2S,False,RING,1508.092186,True,929.903615
10,CMD_PLC_C04_M03_A1_C04_M03;CMD_PLC_C04_M03_A2_C04_M03;CMD_PLC_C04_M03_A3_C04_M03;CMD_PLC_C04_M03_A4_C04_M03;COORD_CC_C04_PLC_C04_M03;COORD_CC_C04_PLC_C04_M04;IC_NEXT_CC_C04;IC_PREV_CC_C05;STAT_PLC_C04_M03;STAT_PLC_C04_M04,0.010775862068965518,H2S,True,48,102.611277,639339,10183895,False,0.0,20.913724,,l_SW_C04_M03_ACT_SW_C04_M03_CTRL,378.142094,False,0cd2d39b9ab3999bdbbe7304a7051ca98a51d813131ec9fa7eee74407629483d,True,1171.2569495,63561728,1.7839704258676845,True,218.070437,profiles/L_RING/l_SW_C04_M03_ACT_SW_C04_M03_CTRL.json,d0189dd26cee083fbc6687bdb1d320992a8d032be7a015b4f9e70562eabd7fdc,True,1,928,2d695f8101ae8d44c815145d05217a95f53d60e9385b0a54a3630aa59d819b40,L,L_RING,b701a569fd4d9d744e9da2c071c21f4453f45a40a9b9d1c78044c876e929ed12,928,1.0,275.53081699999996,638682,10183308,87742d4c3b44ce7a623b3a3dd0dcdbe8f1fc651af37593a898db8a685f495de0,True,SUCCESS_H2S,False,RING,2089.487759,True,1266.099751
12,COORD_CC_C04_PLC_C04_M04;IC_NEXT_CC_C04;IC_PREV_CC_C05;SC_S1_C04_M03;SC_S2_C04_M03;SC_S3_C04_M03;SC_S4_C04_M03;SF_S1_C04_M03;SF_S2_C04_M03;SF_S3_C04_M03;SF_S4_C04_M03;STAT_PLC_C04_M04,0.01293103448275862,H2S,True,49,99.259351,689186,10557641,False,0.0,15.875997,,l_SW_C04_M03_CTRL_SW_C04_M03_SENS,379.79779,False,0cd2d39b9ab3999bdbbe7304a7051ca98a51d813131ec9fa7eee74407629483d,True,1171.2569495,65957888,1.9270905935401665,True,181.656693,profiles/L_RING/l_SW_C04_M03_CTRL_SW_C04_M03_SENS.json,9b0131433e87a90a6cca12b8047a2e107a1ae5549f072b8e7cd22d061538d5bb,True,1,928,ee0122dc6d0a7f50702bd28c493ebdecf452d5cab3eef34154810ca18fe0a998,L,L_RING,de1c5f3ab80ecd74af910ab069b96ef6447973ad5b19c17b1bfe583adf798576,928,1.0,280.53843900000004,688918,10557085,430a84455f42c9488c9c477b7d7adf932d36b5bd6b70e2e0fa0ed4290ada9c06,True,SUCCESS_H2S,False,RING,2257.11825,True,1486.619325
4,COORD_CC_C04_PLC_C04_M04;IC_NEXT_CC_C04;IC_PREV_CC_C05;STAT_PLC_C04_M04,0.004310344827586207,H2S,True,50,90.414473,308070,6427090,False,0.0,18.410687,,l_SW_C04_M03_SENS_SW_C04_M04_ACT,282.003489,False,0cd2d39b9ab3999bdbbe7304a7051ca98a51d813131ec9fa7eee74407629483d,True,1171.2569495,46280704,1.268460682034143,True,151.905738,profiles/L_RING/l_SW_C04_M03_SENS_SW_C04_M04_ACT.json,1ffab16913b0232ffe979068afb78e197f2f598e98f71c5e7db9415bc2feb484,True,1,928,e15e33982464a9f7217724d19fd1b9b3d62bd492d4a214d7edf1f7d78692493e,L,L_RING,c3df79bbd1df6fa99a4fa8772737e723bf8bb779a53654b301bb2c99a3456133,928,1.0,191.58901600000002,307697,6426665,dc7079fa7b7c16e00b3284df3c1fc80d60dba0ad0b8cb4e980a54a22ae88fb8d,True,SUCCESS_H2S,False,RING,1485.693389,True,912.195392
8,CMD_PLC_C04_M04_A1_C04_M04;CMD_PLC_C04_M04_A2_C04_M04;CMD_PLC_C04_M04_A3_C04_M04;CMD_PLC_C04_M04_A4_C04_M04;COORD_CC_C04_PLC_C04_M04;IC_NEXT_CC_C04;IC_PREV_CC_C05;STAT_PLC_C04_M04,0.008620689655172414,H2S,True,51,100.52386100000001,613462,9888387,False,0.0,17.340583,,l_SW_C04_M04_ACT_SW_C04_M04_CTRL,351.630507,False,0cd2d39b9ab3999bdbbe7304a7051ca98a51d813131ec9fa7eee74407629483d,True,1171.2569495,62152704,1.8406189597596918,True,235.156928,profiles/L_RING/l_SW_C04_M04_ACT_SW_C04_M04_CTRL.json,a41dc542defb23e35f098f4ff30f7b1c9b463311d28294905adc6a02d11e6cd7,True,1,928,450b46e0eaaa670edf4455005f1fe3a37fc741a95adc6a68f6dfeadec18d79b9,L,L_RING,58e6df60d554f9c8584201f208a377739d6e08cba0e0638cc5318d923df3f32d,928,1.0,251.106646,612944,9887846,dc11d7a3b122a069b1d4e721616465bd0bc12658d15d51a441fea5c525b14ba4,True,SUCCESS_H2S,False,RING,2155.837748,True,1358.189233
10,IC_NEXT_CC_C04;IC_PREV_CC_C05;SC_S1_C04_M04;SC_S2_C04_M04;SC_S3_C04_M04;SC_S4_C04_M04;SF_S1_C04_M04;SF_S2_C04_M04;SF_S3_C04_M04;SF_S4_C04_M04,0.010775862068965518,H2S,True,52,97.74235200000001,661529,10251053,False,0.0,15.121889,,l_SW_C04_M04_CTRL_SW_C04_M04_SENS,345.351003,False,0cd2d39b9ab3999bdbbe7304a7051ca98a51d813131ec9fa7eee74407629483d,True,1171.2569495,64782336,1.812668514715182,True,186.094257,profiles/L_RING/l_SW_C04_M04_CTRL_SW_C04_M04_SENS.json,cc52ba65c02841a9a7e2504d367b257ab4498f4914ee835a0a62f7be941bb4db,True,1,928,bb80a7cbd95de7502f74ff891236a5e09f3997af09ba9d642111b539e50d988d,L,L_RING,1ad5aeeec2fd7d8ccc8515abd070a4f562deabd514ff85cc8f18b46af076769d,928,1.0,247.60865099999998,661171,10250543,002b67ebeae51db4b32bba1edc05a4e7f10add89ade3067f604a3ac7abecef14,True,SUCCESS_H2S,False,RING,2123.100595,True,1391.074412
2,IC_NEXT_CC_C04;IC_PREV_CC_C05,0.0021551724137931034,H2S,True,53,89.38394600000001,277308,6126310,False,0.0,31.62766,,l_SW_C04_M04_SENS_SW_C05_CC,254.228953,False,0cd2d39b9ab3999bdbbe7304a7051ca98a51d813131ec9fa7eee74407629483d,True,1171.2569495,45191168,1.333383600128641,True,126.968249,profiles/L_RING/l_SW_C04_M04_SENS_SW_C05_CC.json,94047b9de8794f2205c04e857d224ef536aaeea2f5ec64f092b8c21b84b57dac,True,1,928,fda446735005c7c857d8c0f2d99ac89d9be84289d9f9d8f57dd074d2191314e7,L,L_RING,8b42bb219893de4ac32d34477058b593f69616ea059650c87afbad3ccf2687f4,928,1.0,164.84500699999998,276949,6125946,fb9524d93a9d0b27f57e49f4ea7a97606df31e5bc236e7400185fcaad1c446f6,True,SUCCESS_H2S,False,RING,1561.734808,True,993.269085
10,COORD_CC_C05_PLC_C05_M01;COORD_CC_C05_PLC_C05_M02;COORD_CC_C05_PLC_C05_M03;COORD_CC_C05_PLC_C05_M04;IC_NEXT_CC_C05;IC_PREV_CC_C06;STAT_PLC_C05_M01;STAT_PLC_C05_M02;STAT_PLC_C05_M03;STAT_PLC_C05_M04,0.010775862068965518,H2S,True,54,99.458318,389017,7377509,False,0.0,20.414851,,l_SW_C05_CC_SW_C05_M01_ACT,311.522472,False,0cd2d39b9ab3999bdbbe7304a7051ca98a51d813131ec9fa7eee74407629483d,True,1171.2569495,50618368,1.497851591616106,True,195.166628,profiles/L_RING/l_SW_C05_CC_SW_C05_M01_ACT.json,b9c0369ee657d8dabb4a97e5836759d598d15443e75888e132c0e68c016ebc20,True,1,928,85fa71db2815a6c5c8c6a4a2742f094f9952f6559b5bb54d43ec8d96082de653,L,L_RING,0e435f06edc4a0551cd129dae34a3703c719576ef893ec2b4dd068bd83fc7c38,928,1.0,212.06415399999997,388677,7376964,2d7cd1039a1d1621d289229853d60c4406b7939470087ffdb61f45cd45bebc95,True,SUCCESS_H2S,False,RING,1754.369086,True,1085.382067
14,CMD_PLC_C05_M01_A1_C05_M01;CMD_PLC_C05_M01_A2_C05_M01;CMD_PLC_C05_M01_A3_C05_M01;CMD_PLC_C05_M01_A4_C05_M01;COORD_CC_C05_PLC_C05_M01;COORD_CC_C05_PLC_C05_M02;COORD_CC_C05_PLC_C05_M03;COORD_CC_C05_PLC_C05_M04;IC_NEXT_CC_C05;IC_PREV_CC_C06;STAT_PLC_C05_M01;STAT_PLC_C05_M02;STAT_PLC_C05_M03;STAT_PLC_C05_M04,0.015086206896551725,H2S,True,55,103.745515,696407,10832341,False,0.0,17.087242,,l_SW_C05_M01_ACT_SW_C05_M01_CTRL,376.106986,False,0cd2d39b9ab3999bdbbe7304a7051ca98a51d813131ec9fa7eee74407629483d,True,1171.2569495,66408448,1.7809864649174487,True,163.781184,profiles/L_RING/l_SW_C05_M01_ACT_SW_C05_M01_CTRL.json,13f44b8998720bcf6b5da4fdb4123bb9079488c20416ceaf9bce3739093abaac,True,1,928,9e3151a766829a0e9786b688eb1fef770ab116ec8b5bf54dc3f206b286ba705d,L,L_RING,351921bd9d4ba9b2c278ed7b6a144335d3b2615461a65879bfed59506cda3e8c,928,1.0,272.361471,696069,10831662,8ecfe13ccdafa0b697358672196c5234a7e5ebce3fdd8c421007a113dfb9d0f9,True,SUCCESS_H2S,False,RING,2085.992774,True,1324.859053
16,COORD_CC_C05_PLC_C05_M02;COORD_CC_C05_PLC_C05_M03;COORD_CC_C05_PLC_C05_M04;IC_NEXT_CC_C05;IC_PREV_CC_C06;SC_S1_C05_M01;SC_S2_C05_M01;SC_S3_C05_M01;SC_S4_C05_M01;SF_S1_C05_M01;SF_S2_C05_M01;SF_S3_C05_M01;SF_S4_C05_M01;STAT_PLC_C05_M02;STAT_PLC_C05_M03;STAT_PLC_C05_M04,0.017241379310344827,H2S,True,56,104.73582200000001,744943,11119808,False,0.0,18.298266,,l_SW_C05_M01_CTRL_SW_C05_M01_SENS,384.211411,False,0cd2d39b9ab3999bdbbe7304a7051ca98a51d813131ec9fa7eee74407629483d,True,1171.2569495,68575232,1.9709649125117101,True,231.312957,profiles/L_RING/l_SW_C05_M01_CTRL_SW_C05_M01_SENS.json,ff5fe5c6a575ad26583a56424eac0781ec7bcd30737a98054d31d30ca41acfca,True,1,928,d75850a2e59cda82715968d1082d354ba6d6a2f85122fa0e680a5eb955576016,L,L_RING,d749412a34d16621d836a6cfbba5badc7c122d0be66da95a4d27a7be49ddbada,928,1.0,279.475589,744378,11119160,27a2a460622cf015bc94f37932b9c09950b3e9773b750d409d40bb3dc12a042a,True,SUCCESS_H2S,False,RING,2308.506351,True,1448.457173
8,COORD_CC_C05_PLC_C05_M02;COORD_CC_C05_PLC_C05_M03;COORD_CC_C05_PLC_C05_M04;IC_NEXT_CC_C05;IC_PREV_CC_C06;STAT_PLC_C05_M02;STAT_PLC_C05_M03;STAT_PLC_C05_M04,0.008620689655172414,H2S,True,57,95.197163,363478,7056919,False,0.0,17.043959,,l_SW_C05_M01_SENS_SW_C05_M02_ACT,300.73853,False,0cd2d39b9ab3999bdbbe7304a7051ca98a51d813131ec9fa7eee74407629483d,True,1171.2569495,49250304,1.5427581947508435,True,256.996452,profiles/L_RING/l_SW_C05_M01_SENS_SW_C05_M02_ACT.json,38d6dba4883d083f6889056cf64c0b0a6629df0287d3250bea54b819811a4980,True,1,928,366b17bedbd97a03c70e48ac1e0673a1fb3a7ecaebcc69b2b78fac159ce1f67b,L,L_RING,9c2015431c1796558cb2eea2597bfa20a33c3f214b8e3075cad0504f49875908,928,1.0,205.54136700000004,363188,7056402,2d7b339a3d88ff7acff4bbc99764a66e759d384c3762b255291e5d5d472c90d5,True,SUCCESS_H2S,False,RING,1806.966257,True,1091.418003
12,CMD_PLC_C05_M02_A1_C05_M02;CMD_PLC_C05_M02_A2_C05_M02;CMD_PLC_C05_M02_A3_C05_M02;CMD_PLC_C05_M02_A4_C05_M02;COORD_CC_C05_PLC_C05_M02;COORD_CC_C05_PLC_C05_M03;COORD_CC_C05_PLC_C05_M04;IC_NEXT_CC_C05;IC_PREV_CC_C06;STAT_PLC_C05_M02;STAT_PLC_C05_M03;STAT_PLC_C05_M04,0.01293103448275862,H2S,True,58,102.518359,670150,10523704,False,0.0,19.63079,,l_SW_C05_M02_ACT_SW_C05_M02_CTRL,347.489246,False,0cd2d39b9ab3999bdbbe7304a7051ca98a51d813131ec9fa7eee74407629483d,True,1171.2569495,64946176,1.812901344070104,True,173.40393,profiles/L_RING/l_SW_C05_M02_ACT_SW_C05_M02_CTRL.json,34ce32b59f71200fc20a8109905ce779e8e5b0d52f627a5c46f6741d69ebbb4f,True,1,928,ed0959344d612dd9b6c0062c6f92c3d4fed5a8625330b5df8b962f877befd35f,L,L_RING,28fec6759f187f5c8b61f8531b9aad2202123ee4c68df5b259ead9c559dfc3cd,928,1.0,244.97088699999998,669770,10523071,f90fd48f96634986c60706abc5e8edea6141615a18803571fd6c21eada2aa660,True,SUCCESS_H2S,False,RING,2123.373298,True,1387.544524
14,COORD_CC_C05_PLC_C05_M03;COORD_CC_C05_PLC_C05_M04;IC_NEXT_CC_C05;IC_PREV_CC_C06;SC_S1_C05_M02;SC_S2_C05_M02;SC_S3_C05_M02;SC_S4_C05_M02;SF_S1_C05_M02;SF_S2_C05_M02;SF_S3_C05_M02;SF_S4_C05_M02;STAT_PLC_C05_M03;STAT_PLC_C05_M04,0.015086206896551725,H2S,True,59,104.621773,716157,10821226,False,0.0,17.707827,,l_SW_C05_M02_CTRL_SW_C05_M02_SENS,373.166927,False,0cd2d39b9ab3999bdbbe7304a7051ca98a51d813131ec9fa7eee74407629483d,True,1171.2569495,67358720,1.8744177286949792,True,225.535811,profiles/L_RING/l_SW_C05_M02_CTRL_SW_C05_M02_SENS.json,734d7aebac8b5cf2fcbc5ef52a792097de6c66f8344e127b5e4b0ab39f195205,True,1,928,03dd3b0d4ca0b35829b083bf5636f29ef750e8d7e1162648caddb01c28b41a2e,L,L_RING,5ab7d2cfa077f1b9f11708eb6c1cad7aa13b6c3b1a71e021c389d7550befcde4,928,1.0,268.54515399999997,715651,10820624,48593d2ef960ba63b4a6e6cccbef5765a2f4a0cecf4158da8b71e9b8626fd707,True,SUCCESS_H2S,False,RING,2195.424791,True,1376.205692
6,COORD_CC_C05_PLC_C05_M03;COORD_CC_C05_PLC_C05_M04;IC_NEXT_CC_C05;IC_PREV_CC_C06;STAT_PLC_C05_M03;STAT_PLC_C05_M04,0.00646551724137931,H2S,True,60,89.262107,336431,6736992,False,0.0,18.93029,,l_SW_C05_M02_SENS_SW_C05_M03_ACT,267.934625,False,0cd2d39b9ab3999bdbbe7304a7051ca98a51d813131ec9fa7eee74407629483d,True,1171.2569495,47755264,1.368538820353868,True,160.243832,profiles/L_RING/l_SW_C05_M02_SENS_SW_C05_M03_ACT.json,d0ac4c0dccb25159b6904ab5a324b2482a4b50ab7124ee36e364193bf4ecf30e,True,1,928,73242b6c48561550f1ce87cf83d8afb3208aa0bf7a9ef88f6ccbf4da9c0d9dbd,L,L_RING,93d19a2f87f2be523d4b6d81d33570b6aef0dee134dbfefc04e099e8f3757184,928,1.0,178.67251799999997,336049,6736521,a09eab663a561cc98cf1567a43c1bf480d523e8de0a1d7832b7858ac7787132f,True,SUCCESS_H2S,False,RING,1602.910604,True,1014.666741
10,CMD_PLC_C05_M03_A1_C05_M03;CMD_PLC_C05_M03_A2_C05_M03;CMD_PLC_C05_M03_A3_C05_M03;CMD_PLC_C05_M03_A4_C05_M03;COORD_CC_C05_PLC_C05_M03;COORD_CC_C05_PLC_C05_M04;IC_NEXT_CC_C05;IC_PREV_CC_C06;STAT_PLC_C05_M03;STAT_PLC_C05_M04,0.010775862068965518,H2S,True,61,97.778756,639863,10198881,False,0.0,21.899682,,l_SW_C05_M03_ACT_SW_C05_M03_CTRL,378.221517,False,0cd2d39b9ab3999bdbbe7304a7051ca98a51d813131ec9fa7eee74407629483d,True,1171.2569495,63721472,1.8143929689443434,True,170.961015,profiles/L_RING/l_SW_C05_M03_ACT_SW_C05_M03_CTRL.json,67716ac855c5f0e5e13cbd0f7f0f179538dff6fc7fbb6edf7bc2f00867026794,True,1,928,25b5f65fec5c592cdc7ba91916eb03ab9a759c97b567e1bbd59ec60cd29caf24,L,L_RING,8dd6c95fe7907b520fe1a5e2b9b0bd4c4cac9e63c3c366f88acd35ea56e8b11d,928,1.0,280.442761,639363,10198294,6be511304a81101b9bf251ecc637bb8764c30a27f4aa7f941ca1f9fbc4580bf3,True,SUCCESS_H2S,False,RING,2125.120374,True,1329.100932
12,COORD_CC_C05_PLC_C05_M04;IC_NEXT_CC_C05;IC_PREV_CC_C06;SC_S1_C05_M03;SC_S2_C05_M03;SC_S3_C05_M03;SC_S4_C05_M03;SF_S1_C05_M03;SF_S2_C05_M03;SF_S3_C05_M03;SF_S4_C05_M03;STAT_PLC_C05_M04,0.01293103448275862,H2S,True,62,101.037969,688686,10543736,False,0.0,20.106033,,l_SW_C05_M03_CTRL_SW_C05_M03_SENS,383.814029,False,0cd2d39b9ab3999bdbbe7304a7051ca98a51d813131ec9fa7eee74407629483d,True,1171.2569495,66117632,1.8658397193996756,True,211.033926,profiles/L_RING/l_SW_C05_M03_CTRL_SW_C05_M03_SENS.json,4ab2f8b08f22c77bcecc6a3819061aa8c062e5f6532ef618e54b14ba0fd4d73e,True,1,928,c5b35ef06b693fadb68bb355cf4caa155d70be354848a1d9dd304183e5cd7925,L,L_RING,1474305ca7c0fecc9049eac8c6eb7c46f696b55c14370563e33badd8d736d5be,928,1.0,282.77606000000003,688466,10543180,cabe74d478c7bd47fec893ce7defa09cf53e198bacab96191714ebae97822f45,True,SUCCESS_H2S,False,RING,2185.377738,True,1363.414496
4,COORD_CC_C05_PLC_C05_M04;IC_NEXT_CC_C05;IC_PREV_CC_C06;STAT_PLC_C05_M04,0.004310344827586207,H2S,True,63,101.83402099999999,307018,6426384,False,0.0,20.890242,,l_SW_C05_M03_SENS_SW_C05_M04_ACT,307.022318,False,0cd2d39b9ab3999bdbbe7304a7051ca98a51d813131ec9fa7eee74407629483d,True,1171.2569495,46505984,1.5158221667396818,True,262.006939,profiles/L_RING/l_SW_C05_M03_SENS_SW_C05_M04_ACT.json,7a35a6c94bb270ba655713c4a51e9f74271aff666d23018f169c553a37b1b129,True,1,928,7cc9754e8acf6ef978f70329632188d1e41efa7c133486f2b1d436fc6aa83b57,L,L_RING,ab899254caa318317a05c6de51c775fa28c756869c8fcf6dc15b347a4bce9cbc,928,1.0,205.18829699999998,306641,6425959,7b6feed8f9231be897d6260d587d9aea70d080d5c4e3dc620d826fdc9335f07f,True,SUCCESS_H2S,False,RING,1775.417247,True,1051.812515
8,CMD_PLC_C05_M04_A1_C05_M04;CMD_PLC_C05_M04_A2_C05_M04;CMD_PLC_C05_M04_A3_C05_M04;CMD_PLC_C05_M04_A4_C05_M04;COORD_CC_C05_PLC_C05_M04;IC_NEXT_CC_C05;IC_PREV_CC_C06;STAT_PLC_C05_M04,0.008620689655172414,H2S,True,64,96.86141199999999,613534,9877564,False,0.0,21.482587,,l_SW_C05_M04_ACT_SW_C05_M04_CTRL,363.633609,False,0cd2d39b9ab3999bdbbe7304a7051ca98a51d813131ec9fa7eee74407629483d,True,1171.2569495,62148608,1.7668435264212707,True,174.077369,profiles/L_RING/l_SW_C05_M04_ACT_SW_C05_M04_CTRL.json,41c7e03ab49ae8de7fdbbbd1388ec76dfb9e979c462e6179df87ff0ca2582e27,True,1,928,ccc4094df62af42af9ba2d1a4163c5213e3e2e2740c9a2d836beb394682baadc,L,L_RING,6107e1907d5fe98b0108011607b59f2b9f1db00223816bcfc9a79a8c3fbd8bb5,928,1.0,266.772197,613172,9877023,2c584830a87ea8ece937919c2cd4d6e837fc506157926cda5f7abc07a34e3853,True,SUCCESS_H2S,False,RING,2069.427759,True,1313.216974
10,IC_NEXT_CC_C05;IC_PREV_CC_C06;SC_S1_C05_M04;SC_S2_C05_M04;SC_S3_C05_M04;SC_S4_C05_M04;SF_S1_C05_M04;SF_S2_C05_M04;SF_S3_C05_M04;SF_S4_C05_M04,0.010775862068965518,H2S,True,65,93.121695,660488,10250881,False,0.0,17.704066,,l_SW_C05_M04_CTRL_SW_C05_M04_SENS,388.070335,False,0cd2d39b9ab3999bdbbe7304a7051ca98a51d813131ec9fa7eee74407629483d,True,1171.2569495,64618496,1.8342444660986834,True,223.066964,profiles/L_RING/l_SW_C05_M04_CTRL_SW_C05_M04_SENS.json,56d753c6649eca460025424d019e7ee988885903d28d48cbf03d40674f00ca1f,True,1,928,df94df0af58abc0b1f5d752f11a18fa264e553926b4883fa1aca009a5f24e146,L,L_RING,3f9964d01af7c09c8154ec609a8156e3e2fdcba9592c3e202b710b00dd6b20d3,928,1.0,294.94864,660135,10250371,7384690c9679c5b1b5169a10c12fa54554fb4872c24d62c0067fd3ec06eb7869,True,SUCCESS_H2S,False,RING,2148.371578,True,1319.602391
2,IC_NEXT_CC_C05;IC_PREV_CC_C06,0.0021551724137931034,H2S,True,66,102.656384,276802,6125959,False,0.0,16.299848,,l_SW_C05_M04_SENS_SW_C06_CC,251.241629,False,0cd2d39b9ab3999bdbbe7304a7051ca98a51d813131ec9fa7eee74407629483d,True,1171.2569495,45191168,1.1855553861112864,True,97.432376,profiles/L_RING/l_SW_C05_M04_SENS_SW_C06_CC.json,7ec0e9fe038bf8397dba27b37820af736efea91a26c5a0a92ff58c2e802e7a0e,True,1,928,cc10614b1827451d107e6d3ea701ef7b71a043d4729064b35386585410cf9901,L,L_RING,b66b0ca526930248c0c570ec8b07e1fa8c7ac0903933a3cab9e7b9c848a0bff8,928,1.0,148.585245,276426,6125595,5851624e91772f644364dd48e8918a3ed55d9b4202c0d5be831991a974247d0a,True,SUCCESS_H2S,False,RING,1388.589985,True,904.838679
10,COORD_CC_C06_PLC_C06_M01;COORD_CC_C06_PLC_C06_M02;COORD_CC_C06_PLC_C06_M03;COORD_CC_C06_PLC_C06_M04;IC_NEXT_CC_C06;IC_PREV_CC_C07;STAT_PLC_C06_M01;STAT_PLC_C06_M02;STAT_PLC_C06_M03;STAT_PLC_C06_M04,0.010775862068965518,H2S,True,67,95.552727,389555,7380190,False,0.0,30.245967,,l_SW_C06_CC_SW_C06_M01_ACT,270.51765,False,0cd2d39b9ab3999bdbbe7304a7051ca98a51d813131ec9fa7eee74407629483d,True,1171.2569495,50614272,1.4772517104283787,True,145.151087,profiles/L_RING/l_SW_C06_CC_SW_C06_M01_ACT.json,fee9f64738666e4c177446febb495ac6e99f580f844d1919bdb61c24fac855be,True,1,928,cbdf6a21c241fe6935a7ad6a67ed4cfc01124905307e03652e639f7c90463b74,L,L_RING,f0a55c707da3064b9e9dbbfde41053b586a3b118c99d7d9b9d6d44dfc33392e8,928,1.0,174.964923,389118,7379645,7b24dc62fba79a1a309eac4a267e40dbbc93549fc812823c3af294c76e508bee,True,SUCCESS_H2S,False,RING,1730.241332,True,1137.746966
14,CMD_PLC_C06_M01_A1_C06_M01;CMD_PLC_C06_M01_A2_C06_M01;CMD_PLC_C06_M01_A3_C06_M01;CMD_PLC_C06_M01_A4_C06_M01;COORD_CC_C06_PLC_C06_M01;COORD_CC_C06_PLC_C06_M02;COORD_CC_C06_PLC_C06_M03;COORD_CC_C06_PLC_C06_M04;IC_NEXT_CC_C06;IC_PREV_CC_C07;STAT_PLC_C06_M01;STAT_PLC_C06_M02;STAT_PLC_C06_M03;STAT_PLC_C06_M04,0.015086206896551725,H2S,True,68,103.844298,696106,10844080,False,0.0,19.256927,,l_SW_C06_M01_ACT_SW_C06_M01_CTRL,397.501247,False,0cd2d39b9ab3999bdbbe7304a7051ca98a51d813131ec9fa7eee74407629483d,True,1171.2569495,66248704,1.8708660784770013,True,181.566327,profiles/L_RING/l_SW_C06_M01_ACT_SW_C06_M01_CTRL.json,1c14c79bbb6dcb77e37a5940d6d09b01abf9c5b730f7a17a399c23b065f3d07d,True,1,928,02d0d785fa10e07642480587b6286d6494ea2de3722a61ce18edf88c58642d89,L,L_RING,da89274649d8c4d87cc27e5ea251542338c86f052784747c4eb35ee5245891b6,928,1.0,293.656949,695869,10843401,00ebcc16aaa2f6821429b07a881bd70ed0f6132b387906ea20ed4402a3584c96,True,SUCCESS_H2S,False,RING,2191.264896,True,1389.412098
16,COORD_CC_C06_PLC_C06_M02;COORD_CC_C06_PLC_C06_M03;COORD_CC_C06_PLC_C06_M04;IC_NEXT_CC_C06;IC_PREV_CC_C07;SC_S1_C06_M01;SC_S2_C06_M01;SC_S3_C06_M01;SC_S4_C06_M01;SF_S1_C06_M01;SF_S2_C06_M01;SF_S3_C06_M01;SF_S4_C06_M01;STAT_PLC_C06_M02;STAT_PLC_C06_M03;STAT_PLC_C06_M04,0.017241379310344827,H2S,True,69,106.760324,745710,11122425,False,0.0,23.760711,,l_SW_C06_M01_CTRL_SW_C06_M01_SENS,431.136124,False,0cd2d39b9ab3999bdbbe7304a7051ca98a51d813131ec9fa7eee74407629483d,True,1171.2569495,68579328,2.1393837253812595,True,284.987901,profiles/L_RING/l_SW_C06_M01_CTRL_SW_C06_M01_SENS.json,0c4f155bea2f159da5af2ea141f2e6320dd3377fd461cd33f0c22328ed4ad019,True,1,928,caa443aca53601ba8ccaab46f8af297a59d5af96fa9ff575149e2414075964c3,L,L_RING,52f00460be46e74a2370c4c40e8fd9ffb73ef748ab5fb58d8e140b161d2716e1,928,1.0,324.3758,745261,11121777,033f8c9be365d9db3dac61bcbb2950937816532da993879de5254fb6ddfc38b7,True,SUCCESS_H2S,False,RING,2505.768056,True,1552.62308
8,COORD_CC_C06_PLC_C06_M02;COORD_CC_C06_PLC_C06_M03;COORD_CC_C06_PLC_C06_M04;IC_NEXT_CC_C06;IC_PREV_CC_C07;STAT_PLC_C06_M02;STAT_PLC_C06_M03;STAT_PLC_C06_M04,0.008620689655172414,H2S,True,70,90.20954,362890,7050711,False,0.0,19.665894,,l_SW_C06_M01_SENS_SW_C06_M02_ACT,313.903795,False,0cd2d39b9ab3999bdbbe7304a7051ca98a51d813131ec9fa7eee74407629483d,True,1171.2569495,49090560,1.542202225370873,True,138.412762,profiles/L_RING/l_SW_C06_M01_SENS_SW_C06_M02_ACT.json,e96389f1c045dc20dd695143aa24daacdacd7f0134270917ca58e2403fd031f4,True,1,928,eaaf2037b9b5abb801d657fb79284d45d3c1516e38678cd2a8403b0f96fe9404,L,L_RING,a329d709eea140776dd43c321069067125a286f12ff9f272b264a129b0cde7dd,928,1.0,223.694255,362672,7050194,22aa97ffbd4eedc85720b265996619584b0edc8f118137315719e04c046ca718,True,SUCCESS_H2S,False,RING,1806.315074,True,1180.586399
12,CMD_PLC_C06_M02_A1_C06_M02;CMD_PLC_C06_M02_A2_C06_M02;CMD_PLC_C06_M02_A3_C06_M02;CMD_PLC_C06_M02_A4_C06_M02;COORD_CC_C06_PLC_C06_M02;COORD_CC_C06_PLC_C06_M03;COORD_CC_C06_PLC_C06_M04;IC_NEXT_CC_C06;IC_PREV_CC_C07;STAT_PLC_C06_M02;STAT_PLC_C06_M03;STAT_PLC_C06_M04,0.01293103448275862,H2S,True,71,99.813526,667775,10296470,False,0.0,21.34921,,l_SW_C06_M02_ACT_SW_C06_M02_CTRL,366.618656,False,0cd2d39b9ab3999bdbbe7304a7051ca98a51d813131ec9fa7eee74407629483d,True,1171.2569495,64643072,1.8786520045318202,True,212.063894,profiles/L_RING/l_SW_C06_M02_ACT_SW_C06_M02_CTRL.json,2b218c82e473e04458d967859a10516d9bcc0e0f181da6d6624097db0cbcbfeb,True,1,928,31e2de07beab695320b9f42245f7d1731953cddd78bd60ff98d2081f7c4aad74,L,L_RING,a925bb55e29d8b54158af57392390b4847f05721bf2cc1159a680b89a409d1b3,928,1.0,266.80512999999996,667432,10295837,a60cd109caf3cdff68cf86a485b25e2539831137297c3140e8eca654f8c7b935,True,SUCCESS_H2S,False,RING,2200.384216,True,1409.312437
14,COORD_CC_C06_PLC_C06_M03;COORD_CC_C06_PLC_C06_M04;IC_NEXT_CC_C06;IC_PREV_CC_C07;SC_S1_C06_M02;SC_S2_C06_M02;SC_S3_C06_M02;SC_S4_C06_M02;SF_S1_C06_M02;SF_S2_C06_M02;SF_S3_C06_M02;SF_S4_C06_M02;STAT_PLC_C06_M03;STAT_PLC_C06_M04,0.015086206896551725,H2S,True,72,105.976477,716278,10723758,False,0.0,17.633812,,l_SW_C06_M02_CTRL_SW_C06_M02_SENS,386.960266,False,0cd2d39b9ab3999bdbbe7304a7051ca98a51d813131ec9fa7eee74407629483d,True,1171.2569495,67358720,1.9767976377757235,True,287.382507,profiles/L_RING/l_SW_C06_M02_CTRL_SW_C06_M02_SENS.json,b4300aaac501d2a71b036facec571412631770eca10f36e5f1527120a929c378,True,1,928,9ade72764719eed4f3a94939659b47838dee672d35e14138aa50696e6f7254c3,L,L_RING,5e70ffdabe8772a3b4aca38d4d5c355fddfc4c7e0c8527022d63572d5c9a7899,928,1.0,280.983789,715797,10723156,7decd2c8957e90714482cf0bb52fdb9eea02db9bcd8be96819a172cf5a7dc039,True,SUCCESS_H2S,False,RING,2315.337971,True,1417.861461
6,COORD_CC_C06_PLC_C06_M03;COORD_CC_C06_PLC_C06_M04;IC_NEXT_CC_C06;IC_PREV_CC_C07;STAT_PLC_C06_M03;STAT_PLC_C06_M04,0.00646551724137931,H2S,True,73,95.145417,336276,6736069,False,0.0,14.788213,,l_SW_C06_M02_SENS_SW_C06_M03_ACT,289.81031,False,0cd2d39b9ab3999bdbbe7304a7051ca98a51d813131ec9fa7eee74407629483d,True,1171.2569495,47591424,1.2945320355599734,True,117.283799,profiles/L_RING/l_SW_C06_M02_SENS_SW_C06_M03_ACT.json,46bc486aa78de121304c314c4cfb1f4dd9e580e95f5431d275d345831d9dc630,True,1,928,44fd059eb37402f3d20a7ac54392a8b662ce9ebfa5cf8569f6d87dc25b991239,L,L_RING,3bf181002f816b48237aa61c6190edf9b8fbbf64be2ed6d34a2ca34b76918a78,928,1.0,194.664893,335894,6735598,7044ff2a386aef3fceb8b2131cb414a812b961282cb4da658b0c898594e058e3,True,SUCCESS_H2S,False,RING,1516.229643,True,968.438756
10,CMD_PLC_C06_M03_A1_C06_M03;CMD_PLC_C06_M03_A2_C06_M03;CMD_PLC_C06_M03_A3_C06_M03;CMD_PLC_C06_M03_A4_C06_M03;COORD_CC_C06_PLC_C06_M03;COORD_CC_C06_PLC_C06_M04;IC_NEXT_CC_C06;IC_PREV_CC_C07;STAT_PLC_C06_M03;STAT_PLC_C06_M04,0.010775862068965518,H2S,True,74,95.229811,640182,10195042,False,0.0,18.785771,,l_SW_C06_M03_ACT_SW_C06_M03_CTRL,350.166652,False,0cd2d39b9ab3999bdbbe7304a7051ca98a51d813131ec9fa7eee74407629483d,True,1171.2569495,63717376,1.7270796838076734,True,149.642615,profiles/L_RING/l_SW_C06_M03_ACT_SW_C06_M03_CTRL.json,1ea9a2998e0105713679d55dfb06663d7c619b841ea189cb2b2eda402e9de596,True,1,928,30ee387d58cd975f30fcef97f7163083c9060957d693778fa7ee6f660f4ec0bc,L,L_RING,e8d6a2382978f091a75d19d8fc23a24198024281c06c860878b9cc8831576e8f,928,1.0,254.93684100000002,639781,10194455,98356deed7917a58f51f254c04eaffc676e26fd363ac4d65af237108cc30daee,True,SUCCESS_H2S,False,RING,2022.854082,True,1323.112642
12,COORD_CC_C06_PLC_C06_M04;IC_NEXT_CC_C06;IC_PREV_CC_C07;SC_S1_C06_M03;SC_S2_C06_M03;SC_S3_C06_M03;SC_S4_C06_M03;SF_S1_C06_M03;SF_S2_C06_M03;SF_S3_C06_M03;SF_S4_C06_M03;STAT_PLC_C06_M04,0.01293103448275862,H2S,True,75,106.171011,689369,10507847,False,0.0,19.074294,,l_SW_C06_M03_CTRL_SW_C06_M03_SENS,364.21202,False,0cd2d39b9ab3999bdbbe7304a7051ca98a51d813131ec9fa7eee74407629483d,True,1171.2569495,66117632,1.9766252101968853,True,254.132323,profiles/L_RING/l_SW_C06_M03_CTRL_SW_C06_M03_SENS.json,965cee3231618409dfad4010e55dd1a5aa24062fa52f6599e23a36eb04225d7a,True,1,928,2a45d6774f00d079464d244db10378775a72ecbd9a428214d4633d07e0a94d6d,L,L_RING,8ba5dc51fb9b78b9bf69245d43e83b883e18563cc7bcf808e56dadcd7ce17bf3,928,1.0,258.04100900000003,689023,10507291,b4dfa14be4051e00e849ca7188d5966e4e703479db170e80eef0fe337bb6665e,True,SUCCESS_H2S,False,RING,2315.136014,True,1448.404939
4,COORD_CC_C06_PLC_C06_M04;IC_NEXT_CC_C06;IC_PREV_CC_C07;STAT_PLC_C06_M04,0.004310344827586207,H2S,True,76,89.71689099999999,307369,6426310,False,0.0,20.312949,,l_SW_C06_M03_SENS_SW_C06_M04_ACT,291.000643,False,0cd2d39b9ab3999bdbbe7304a7051ca98a51d813131ec9fa7eee74407629483d,True,1171.2569495,46448640,1.3296495424550734,True,136.895413,profiles/L_RING/l_SW_C06_M03_SENS_SW_C06_M04_ACT.json,46431615215026e038f8b6148d7fd7e897e2ecc162c7c876d936e31623b70234,True,1,928,3de2151e075c29c2677a25c64c12223bc05c1b9f15b474807ea671c06e7aa016,L,L_RING,d34da81bf4bd0f4a7d6e9ba2490929e7262a5cc387794fcad14a4f22043b6926,928,1.0,201.28375200000005,307004,6425885,b8e5f8024342354fbddfcc398eff18051a6830755c9331ad038b7788e7afe4ec,True,SUCCESS_H2S,False,RING,1557.361267,True,968.365394
8,CMD_PLC_C06_M04_A1_C06_M04;CMD_PLC_C06_M04_A2_C06_M04;CMD_PLC_C06_M04_A3_C06_M04;CMD_PLC_C06_M04_A4_C06_M04;COORD_CC_C06_PLC_C06_M04;IC_NEXT_CC_C06;IC_PREV_CC_C07;STAT_PLC_C06_M04,0.008620689655172414,H2S,True,77,99.409462,613036,9884220,False,0.0,21.206685,,l_SW_C06_M04_ACT_SW_C06_M04_CTRL,375.97844,False,0cd2d39b9ab3999bdbbe7304a7051ca98a51d813131ec9fa7eee74407629483d,True,1171.2569495,62148608,1.7399827355303987,True,155.133669,profiles/L_RING/l_SW_C06_M04_ACT_SW_C06_M04_CTRL.json,4e7e0dae8dda452fe2ffe22a2b91bda6102443c0c6fce4e7365c2d0123e2efc3,True,1,928,0dbb2759829b007b021cc967dcf154a22e0626286e95de51a492206edc92637c,L,L_RING,a3479b70433aa9dbfc58568097219fd87cdf8290bea912076397e8d16db1e7ea,928,1.0,276.56897799999996,612703,9883679,3f0fcd2d9d3632cc5514439286adc8dc409607c0c22966d894a0e2d7b1d953ea,True,SUCCESS_H2S,False,RING,2037.966871,True,1307.156227
10,IC_NEXT_CC_C06;IC_PREV_CC_C07;SC_S1_C06_M04;SC_S2_C06_M04;SC_S3_C06_M04;SC_S4_C06_M04;SF_S1_C06_M04;SF_S2_C06_M04;SF_S3_C06_M04;SF_S4_C06_M04,0.010775862068965518,H2S,True,78,98.68492900000001,659111,10155565,False,0.0,21.099345,,l_SW_C06_M04_CTRL_SW_C06_M04_SENS,358.382959,False,0cd2d39b9ab3999bdbbe7304a7051ca98a51d813131ec9fa7eee74407629483d,True,1171.2569495,64618496,1.8652546727109087,True,282.277474,profiles/L_RING/l_SW_C06_M04_CTRL_SW_C06_M04_SENS.json,3e5158a354326099c1edb1647334b3e1a24aaf531580a54698cd65c94f67dccc,True,1,928,1c3ed3638fa70bcca1d513aaffafdef60ae5973208d32cd9457a7ce5fda2b272,L,L_RING,ddc4ee8f8d09de6188cb19b01846ad051e9f7e2b3b22fd0a3a76e610b2681a22,928,1.0,259.69803,658699,10155055,3a622fd896f22428625cd56537c04215f47cb040a9f336b8a53eeba05f40f99b,True,SUCCESS_H2S,False,RING,2184.692498,True,1328.604245
2,IC_NEXT_CC_C06;IC_PREV_CC_C07,0.0021551724137931034,H2S,True,79,100.593259,276692,6125791,False,0.0,11.754269,,l_SW_C06_M04_SENS_SW_C07_CC,282.259069,False,0cd2d39b9ab3999bdbbe7304a7051ca98a51d813131ec9fa7eee74407629483d,True,1171.2569495,45191168,1.2463653749274937,True,64.40535,profiles/L_RING/l_SW_C06_M04_SENS_SW_C07_CC.json,2dbddfc54250a3c072a99ccfe3290852b32328ccaaab6815ce163abd40060a03,True,1,928,889725b96586e76a76f58b24fcd92d21a7b91e99287a8c62a4a855a72c3ec702,L,L_RING,e8cece24a0749663aea75861ebc3c4b9d8c679c5971d79fb00af998cdfe1a7ba,928,1.0,181.66581000000002,276315,6125427,9011204a34be50658c8919e586e9f225bb7514b553866ec60c8d95f43eb39b63,True,SUCCESS_H2S,False,RING,1459.814107,True,984.645422
10,COORD_CC_C07_PLC_C07_M01;COORD_CC_C07_PLC_C07_M02;COORD_CC_C07_PLC_C07_M03;COORD_CC_C07_PLC_C07_M04;IC_NEXT_CC_C07;IC_PREV_CC_C08;STAT_PLC_C07_M01;STAT_PLC_C07_M02;STAT_PLC_C07_M03;STAT_PLC_C07_M04,0.010775862068965518,H2S,True,80,96.746032,390311,7385943,False,0.0,21.062976,,l_SW_C07_CC_SW_C07_M01_ACT,323.357626,False,0cd2d39b9ab3999bdbbe7304a7051ca98a51d813131ec9fa7eee74407629483d,True,1171.2569495,50454528,1.442875345773989,True,134.437691,profiles/L_RING/l_SW_C07_CC_SW_C07_M01_ACT.json,f0ad4e4d45c5cab74bf153852107f7fae45cfca1aa1cad2e087dcc919e62730d,True,1,928,600be1a58ce33fb5bf36893d5136329a007819480af85be7d443ff28cfddb89b,L,L_RING,23b4a78f127c4836274d1a0a4dcc197f99f88ee325f84e40892d1f888306fb49,928,1.0,226.61159399999997,389812,7385398,f6aeb224d0f9afa5eb65dbf8f491fe5e1fd6b4785e0830bf800c940f2d0a7d0c,True,SUCCESS_H2S,False,RING,1689.977776,True,1061.861421
14,CMD_PLC_C07_M01_A1_C07_M01;CMD_PLC_C07_M01_A2_C07_M01;CMD_PLC_C07_M01_A3_C07_M01;CMD_PLC_C07_M01_A4_C07_M01;COORD_CC_C07_PLC_C07_M01;COORD_CC_C07_PLC_C07_M02;COORD_CC_C07_PLC_C07_M03;COORD_CC_C07_PLC_C07_M04;IC_NEXT_CC_C07;IC_PREV_CC_C08;STAT_PLC_C07_M01;STAT_PLC_C07_M02;STAT_PLC_C07_M03;STAT_PLC_C07_M04,0.015086206896551725,H2S,True,81,103.18448199999999,695874,10849936,False,0.0,20.047184,,l_SW_C07_M01_ACT_SW_C07_M01_CTRL,394.258062,False,0cd2d39b9ab3999bdbbe7304a7051ca98a51d813131ec9fa7eee74407629483d,True,1171.2569495,66408448,1.955998217964042,True,217.585899,profiles/L_RING/l_SW_C07_M01_ACT_SW_C07_M01_CTRL.json,11c7688c35018d73c5c80b474c6d6c595178fba57f64eba846fe451c531bdc02,True,1,928,6f1d5231ab8cdce45b2e0a70ac1b5f0925d640705d33c19c410b9dfc0a96a332,L,L_RING,f5561ee465755069483564923cbb0824d3c13494095fd6c49cbd8c6d47eeb643,928,1.0,291.07358,695513,10849257,0a8615d65181fa167ff1f00ee8228c3b734762cedac0d2f970ae1d4c19abf6a9,True,SUCCESS_H2S,False,RING,2290.976506,True,1457.962599
16,COORD_CC_C07_PLC_C07_M02;COORD_CC_C07_PLC_C07_M03;COORD_CC_C07_PLC_C07_M04;IC_NEXT_CC_C07;IC_PREV_CC_C08;SC_S1_C07_M01;SC_S2_C07_M01;SC_S3_C07_M01;SC_S4_C07_M01;SF_S1_C07_M01;SF_S2_C07_M01;SF_S3_C07_M01;SF_S4_C07_M01;STAT_PLC_C07_M02;STAT_PLC_C07_M03;STAT_PLC_C07_M04,0.017241379310344827,H2S,True,82,102.509013,746406,11095189,False,0.0,14.125142,,l_SW_C07_M01_CTRL_SW_C07_M01_SENS,376.522907,False,0cd2d39b9ab3999bdbbe7304a7051ca98a51d813131ec9fa7eee74407629483d,True,1171.2569495,68411392,2.0431277441056497,True,248.601731,profiles/L_RING/l_SW_C07_M01_CTRL_SW_C07_M01_SENS.json,65974b71b284a9f668e3f49b663ab872c5d7b43281f43fab6b954a2d87f2ca50,True,1,928,a77604ad90bce356b49a295d63ee7922fd819111fca488a766546861aba33a78,L,L_RING,8d35cdb2871be7196fd7cdfc7caa8c7cc7f088fbc1bc69ee9cc1acc153e1425d,928,1.0,274.013894,745869,11094541,d1414cea0a54dac18341125351e9e9c29c2bbae9fe040cc82108b9baaf82118c,True,SUCCESS_H2S,False,RING,2393.027569,True,1525.287338
8,COORD_CC_C07_PLC_C07_M02;COORD_CC_C07_PLC_C07_M03;COORD_CC_C07_PLC_C07_M04;IC_NEXT_CC_C07;IC_PREV_CC_C08;STAT_PLC_C07_M02;STAT_PLC_C07_M03;STAT_PLC_C07_M04,0.008620689655172414,H2S,True,83,99.30004100000001,362738,7057225,False,0.0,13.290353,,l_SW_C07_M01_SENS_SW_C07_M02_ACT,288.255603,False,0cd2d39b9ab3999bdbbe7304a7051ca98a51d813131ec9fa7eee74407629483d,True,1171.2569495,49258496,1.3773448359804161,True,140.098224,profiles/L_RING/l_SW_C07_M01_SENS_SW_C07_M02_ACT.json,20a3015d9ff4322622601e65a40ac2c8360bff49fd5208891c5ac57793aaaa2e,True,1,928,9fa199519a63d0c70d8039cfe5b4663e4f9d7bd143582caec5046fc2e80b3a3d,L,L_RING,e9427c2c279c2acdf1e61485cbc3711e488b42f2f82fa3db213e9fdb1c87ef4c,928,1.0,188.955562,362549,7056708,8274324cd21b7de17cefc7a29161e95af1454c3483294852441231d12c7d0421,True,SUCCESS_H2S,False,RING,1613.224711,True,1028.291253
12,CMD_PLC_C07_M02_A1_C07_M02;CMD_PLC_C07_M02_A2_C07_M02;CMD_PLC_C07_M02_A3_C07_M02;CMD_PLC_C07_M02_A4_C07_M02;COORD_CC_C07_PLC_C07_M02;COORD_CC_C07_PLC_C07_M03;COORD_CC_C07_PLC_C07_M04;IC_NEXT_CC_C07;IC_PREV_CC_C08;STAT_PLC_C07_M02;STAT_PLC_C07_M03;STAT_PLC_C07_M04,0.01293103448275862,H2S,True,84,102.92937400000001,669029,10515876,False,0.0,22.527148,,l_SW_C07_M02_ACT_SW_C07_M02_CTRL,362.377308,False,0cd2d39b9ab3999bdbbe7304a7051ca98a51d813131ec9fa7eee74407629483d,True,1171.2569495,65101824,1.9320795654327085,True,273.579775,profiles/L_RING/l_SW_C07_M02_ACT_SW_C07_M02_CTRL.json,c1e48646b185cb0c4613f6ee04e5edf1e2a44630539f2447f4db2c2189a6e4df,True,1,928,0f37da46cb5996e3d38575b44e8aabf468b2694d132e7142fe0848374cb7867b,L,L_RING,3b062c677c01b4116f72ea6401bf0fbd0cada0874529a2a61cf9248907c3ad4e,928,1.0,259.44793400000003,668686,10515243,1ccd3778eabe2345defa33db7823bca51ee15f0763f77190b31acf1a9aa57cb0,True,SUCCESS_H2S,False,RING,2262.961618,True,1408.111004
14,COORD_CC_C07_PLC_C07_M03;COORD_CC_C07_PLC_C07_M04;IC_NEXT_CC_C07;IC_PREV_CC_C08;SC_S1_C07_M02;SC_S2_C07_M02;SC_S3_C07_M02;SC_S4_C07_M02;SF_S1_C07_M02;SF_S2_C07_M02;SF_S3_C07_M02;SF_S4_C07_M02;STAT_PLC_C07_M03;STAT_PLC_C07_M04,0.015086206896551725,H2S,True,85,102.99259400000001,719457,10746616,False,0.0,18.599229,,l_SW_C07_M02_CTRL_SW_C07_M02_SENS,385.792632,False,0cd2d39b9ab3999bdbbe7304a7051ca98a51d813131ec9fa7eee74407629483d,True,1171.2569495,67190784,1.835245080866007,True,177.103512,profiles/L_RING/l_SW_C07_M02_CTRL_SW_C07_M02_SENS.json,759d27b856b0144ed8805028f0b43640e5af8731d5f62df62754d095b360fcac,True,1,928,f5943d09dbeae8f8b5b04406dbf5d1d97853fb37214175fab23cb46151afbb40,L,L_RING,cb13bbb367fbef0064431f3df8284026057a1275db8038a5ad39b4eed573c87a,928,1.0,282.80003800000003,718993,10746014,19adeb81e9fde4bea85284934d7631f5c12c69a1d14cd55ed0b044bbebd71ed4,True,SUCCESS_H2S,False,RING,2149.543555,True,1372.380703
6,COORD_CC_C07_PLC_C07_M03;COORD_CC_C07_PLC_C07_M04;IC_NEXT_CC_C07;IC_PREV_CC_C08;STAT_PLC_C07_M03;STAT_PLC_C07_M04,0.00646551724137931,H2S,True,86,97.593118,337116,6738285,False,0.0,16.570407,,l_SW_C07_M02_SENS_SW_C07_M03_ACT,302.750756,False,0cd2d39b9ab3999bdbbe7304a7051ca98a51d813131ec9fa7eee74407629483d,True,1171.2569495,47812608,1.3040900919751597,True,130.432141,profiles/L_RING/l_SW_C07_M02_SENS_SW_C07_M03_ACT.json,1a86856a2ba5262666e5d31907618cbbf0da1c886e0a2e2bd79cd1d4630f125a,True,1,928,64e7693b774276688abed3cae27a0456db9d66916a9b0566afa1a4de122bb7aa,L,L_RING,98e5ecda6520d99ed0e084d06d61445a83d508d9e0bbfa740e2d8b60d03afc6a,928,1.0,205.15763800000002,336757,6737814,17c5564870a0603c895190749a4ad55f33023e3e8078a42726fba618aa47b72d,True,SUCCESS_H2S,False,RING,1527.424583,True,949.014232
10,CMD_PLC_C07_M03_A1_C07_M03;CMD_PLC_C07_M03_A2_C07_M03;CMD_PLC_C07_M03_A3_C07_M03;CMD_PLC_C07_M03_A4_C07_M03;COORD_CC_C07_PLC_C07_M03;COORD_CC_C07_PLC_C07_M04;IC_NEXT_CC_C07;IC_PREV_CC_C08;STAT_PLC_C07_M03;STAT_PLC_C07_M04,0.010775862068965518,H2S,True,87,93.40101800000001,640096,10198683,False,0.0,19.649724,,l_SW_C07_M03_ACT_SW_C07_M03_CTRL,341.234148,False,0cd2d39b9ab3999bdbbe7304a7051ca98a51d813131ec9fa7eee74407629483d,True,1171.2569495,63713280,1.882668554446003,True,235.354694,profiles/L_RING/l_SW_C07_M03_ACT_SW_C07_M03_CTRL.json,8c710b79e76d170f4adbe2442ec4114f708ccc29a8b5a9da51170c6d6abb47f0,True,1,928,524a1e11dc9af2bd87a3e86370e8fffe3d76f8f5eeced57466933386b5efd6e3,L,L_RING,89ce4d4e860c4d5a3ce9c9006cd7a5b0aa9fc7569cbe5b6f7405c80014b353b2,928,1.0,247.83312999999998,639667,10198096,333ab4fb6fdde705a8c7912bddd49f34ecf619802a1c25438f870759d35d4098,True,SUCCESS_H2S,False,RING,2205.088628,True,1394.860733
12,COORD_CC_C07_PLC_C07_M04;IC_NEXT_CC_C07;IC_PREV_CC_C08;SC_S1_C07_M03;SC_S2_C07_M03;SC_S3_C07_M03;SC_S4_C07_M03;SF_S1_C07_M03;SF_S2_C07_M03;SF_S3_C07_M03;SF_S4_C07_M03;STAT_PLC_C07_M04,0.01293103448275862,H2S,True,88,94.877752,690569,10506830,False,0.0,19.354563,,l_SW_C07_M03_CTRL_SW_C07_M03_SENS,354.884383,False,0cd2d39b9ab3999bdbbe7304a7051ca98a51d813131ec9fa7eee74407629483d,True,1171.2569495,66117632,1.889997655890109,True,184.957998,profiles/L_RING/l_SW_C07_M03_CTRL_SW_C07_M03_SENS.json,a990c3fd78d7ec9d2c1acf8fb14a3f8c6d18e0e97f5c42bbbb302c897e83b1db,True,1,928,5b7bd12887a47b9b21acf7a41ded40dcb906a815fafb6f4cee6ef36e4e571d7f,L,L_RING,661f12793c7407c37f12730a8dfdcaf7ba8ce192f00395a2213776ee668c103f,928,1.0,260.006631,690147,10506274,54b7affa65b6468a19c65b5d5e0d3ce73fd1207e290811f7ef7b8761b8c9c900,True,SUCCESS_H2S,False,RING,2213.672889,True,1438.160664
4,COORD_CC_C07_PLC_C07_M04;IC_NEXT_CC_C07;IC_PREV_CC_C08;STAT_PLC_C07_M04,0.004310344827586207,H2S,True,89,100.564004,307525,6427399,False,0.0,19.528878,,l_SW_C07_M03_SENS_SW_C07_M04_ACT,293.4093,False,0cd2d39b9ab3999bdbbe7304a7051ca98a51d813131ec9fa7eee74407629483d,True,1171.2569495,46280704,1.4065027325585997,True,194.351746,profiles/L_RING/l_SW_C07_M03_SENS_SW_C07_M04_ACT.json,d006c23678653b5bd773611e2c0cee8d107fd312cbd9aa1284c6bbc348777e11,True,1,928,97973eea5bd59f083a5407a3a2db735b715a72b69ead2d43cf37ad3bc5207ebf,L,L_RING,bf428c48151601ddd8b844cfd16a1676e3fedc99515666a3223cf4e31bdc917c,928,1.0,192.84529599999996,307174,6426974,5803939b4591cf7946d7eea5a489f9a6e49eea4dba7a5a4025a81f5af855487b,True,SUCCESS_H2S,False,RING,1647.3761,True,993.293876
8,CMD_PLC_C07_M04_A1_C07_M04;CMD_PLC_C07_M04_A2_C07_M04;CMD_PLC_C07_M04_A3_C07_M04;CMD_PLC_C07_M04_A4_C07_M04;COORD_CC_C07_PLC_C07_M04;IC_NEXT_CC_C07;IC_PREV_CC_C08;STAT_PLC_C07_M04,0.008620689655172414,H2S,True,90,103.706141,612597,9895866,False,0.0,23.218147,,l_SW_C07_M04_ACT_SW_C07_M04_CTRL,370.602965,False,0cd2d39b9ab3999bdbbe7304a7051ca98a51d813131ec9fa7eee74407629483d,True,1171.2569495,62476288,1.8744481293683886,True,267.435382,profiles/L_RING/l_SW_C07_M04_ACT_SW_C07_M04_CTRL.json,eeab18514300ea7af11adc30e75c9ba340f6f86f816d5733445a2ccfe688e634,True,1,928,7f8244500adccde5a27c5972240087b9323b82c7006cdf91bd7948e2508ae17f,L,L_RING,c0323f1d2946c178a2c55618ff907376bdab274c3ff55694bf4bb6f8930c3cb8,928,1.0,266.896824,612407,9895325,88aff4b169199189a674a1f61e249a22d4ef7276f0dc838c2d911601f9b678bf,True,SUCCESS_H2S,False,RING,2195.460398,True,1351.213984
10,IC_NEXT_CC_C07;IC_PREV_CC_C08;SC_S1_C07_M04;SC_S2_C07_M04;SC_S3_C07_M04;SC_S4_C07_M04;SF_S1_C07_M04;SF_S2_C07_M04;SF_S3_C07_M04;SF_S4_C07_M04,0.010775862068965518,H2S,True,91,100.925706,659313,10160192,False,0.0,19.244139,,l_SW_C07_M04_CTRL_SW_C07_M04_SENS,359.071568,False,0cd2d39b9ab3999bdbbe7304a7051ca98a51d813131ec9fa7eee74407629483d,True,1171.2569495,64782336,1.8558438410358393,True,191.646898,profiles/L_RING/l_SW_C07_M04_CTRL_SW_C07_M04_SENS.json,fee43ffaa8e549f08949a960d251bae0cd9b979ff972e2ef405e47eaf47615bb,True,1,928,5a6564342cbf2212d69a39a71f826de9eb5721e956834e902a79d935fa8101ec,L,L_RING,ed791e7735f6f7353e126b3f82fbff7b2f5bf2e45900ab0c3c96250ab5422e39,928,1.0,258.145862,659007,10159682,e883eeaf38a4a4d9863361b09a5d6246c12e9b8e1a23b056f64616d595fc7d0a,True,SUCCESS_H2S,False,RING,2173.669996,True,1413.70474
2,IC_NEXT_CC_C07;IC_PREV_CC_C08,0.0021551724137931034,H2S,True,92,100.195836,276874,6126269,False,0.0,18.57678,,l_SW_C07_M04_SENS_SW_C08_CC,255.475751,False,0cd2d39b9ab3999bdbbe7304a7051ca98a51d813131ec9fa7eee74407629483d,True,1171.2569495,45027328,1.2199909068714558,True,102.493675,profiles/L_RING/l_SW_C07_M04_SENS_SW_C08_CC.json,e4e89dad2a6bec9fc432498a1e4d737f13a637b0af156956f1e1af032d01611f,True,1,928,79d13b57d07107dd84d1e60eda79221faf4a5f3744b59d054102319ff4ec700a,L,L_RING,956a54017c29045b69bb8653f04e9778db151a1dab5a64125eda8b3728cd3a66,928,1.0,155.27991500000002,276514,6125905,c748b7f00c1b1f91d8c550563b5cf72072a8083b929054059f26ae9adf6cc11d,True,SUCCESS_H2S,False,RING,1428.922828,True,914.639955
10,COORD_CC_C08_PLC_C08_M01;COORD_CC_C08_PLC_C08_M02;COORD_CC_C08_PLC_C08_M03;COORD_CC_C08_PLC_C08_M04;IC_NEXT_CC_C08;IC_PREV_CC_C09;STAT_PLC_C08_M01;STAT_PLC_C08_M02;STAT_PLC_C08_M03;STAT_PLC_C08_M04,0.010775862068965518,H2S,True,93,96.717606,389191,7386026,False,0.0,11.194775,,l_SW_C08_CC_SW_C08_M01_ACT,298.813784,False,0cd2d39b9ab3999bdbbe7304a7051ca98a51d813131ec9fa7eee74407629483d,True,1171.2569495,50450432,1.4984401772379836,True,214.27711,profiles/L_RING/l_SW_C08_CC_SW_C08_M01_ACT.json,54dcec53d21ddf145ade3a093851a2478a9fecf3d3d6afbd9c3a578d317ab8fe,True,1,928,ceb467317a5b12285e2726e78f8bfbb138c759b0e706ba3b13f39c1b77a4e389,L,L_RING,0dc158730a9e37a66498cd2443f4fcf1dd6098a70a57241be8fdb6204163e67c,928,1.0,202.096178,388716,7385481,95355e48adbeb6c5ec2586d96e4c7dd815822d6b6d37c8e3f383f45d0649b755,True,SUCCESS_H2S,False,RING,1755.058471,True,1109.817843
14,CMD_PLC_C08_M01_A1_C08_M01;CMD_PLC_C08_M01_A2_C08_M01;CMD_PLC_C08_M01_A3_C08_M01;CMD_PLC_C08_M01_A4_C08_M01;COORD_CC_C08_PLC_C08_M01;COORD_CC_C08_PLC_C08_M02;COORD_CC_C08_PLC_C08_M03;COORD_CC_C08_PLC_C08_M04;IC_NEXT_CC_C08;IC_PREV_CC_C09;STAT_PLC_C08_M01;STAT_PLC_C08_M02;STAT_PLC_C08_M03;STAT_PLC_C08_M04,0.015086206896551725,H2S,True,94,90.35483099999999,695219,10851202,False,0.0,18.378012,,l_SW_C08_M01_ACT_SW_C08_M01_CTRL,364.555025,False,0cd2d39b9ab3999bdbbe7304a7051ca98a51d813131ec9fa7eee74407629483d,True,1171.2569495,66248704,1.8527261937923725,True,177.896249,profiles/L_RING/l_SW_C08_M01_ACT_SW_C08_M01_CTRL.json,ca52283532c9602eba340addf9b8e009c7e214bad7340c999e55d6baa2493ab1,True,1,928,3bb3189afcd9e70f380fa6fedefcb622ee86cd8bb706317c3aab17c4236851af,L,L_RING,f8b85f39862968ed7c726594cd223b71130a500c13944d35e982f89350105576,928,1.0,274.200194,694836,10850523,7289b17cd3c8bfa9652b60e0a96595b6623711ec4af697d1d089f17cfdb78b24,True,SUCCESS_H2S,False,RING,2170.01843,True,1399.057286
16,COORD_CC_C08_PLC_C08_M02;COORD_CC_C08_PLC_C08_M03;COORD_CC_C08_PLC_C08_M04;IC_NEXT_CC_C08;IC_PREV_CC_C09;SC_S1_C08_M01;SC_S2_C08_M01;SC_S3_C08_M01;SC_S4_C08_M01;SF_S1_C08_M01;SF_S2_C08_M01;SF_S3_C08_M01;SF_S4_C08_M01;STAT_PLC_C08_M02;STAT_PLC_C08_M03;STAT_PLC_C08_M04,0.017241379310344827,H2S,True,95,104.750446,744700,11105153,False,0.0,19.865605,,l_SW_C08_M01_CTRL_SW_C08_M01_SENS,396.229297,False,0cd2d39b9ab3999bdbbe7304a7051ca98a51d813131ec9fa7eee74407629483d,True,1171.2569495,68575232,2.0255588664919166,True,245.042958,profiles/L_RING/l_SW_C08_M01_CTRL_SW_C08_M01_SENS.json,865828f8879c1d11f6be8b182ba3c45049e7fe6b49eab1ebb8488e61e7080b30,True,1,928,df788a959a49a5df266f942c0daa5c1282a36e2623cc1859ba0dc1421a4fc9e5,L,L_RING,7de70c36d0dcad0c301a073938b285d81f710d029395d60f10ceb7f4c25a63d0,928,1.0,291.47885099999996,744250,11104505,3ad6d3655701fe2b57c1060e87f94729eff6938d78bca42f2d2a54a7ebd5a2ff,True,SUCCESS_H2S,False,RING,2372.449899,True,1486.14181
8,COORD_CC_C08_PLC_C08_M02;COORD_CC_C08_PLC_C08_M03;COORD_CC_C08_PLC_C08_M04;IC_NEXT_CC_C08;IC_PREV_CC_C09;STAT_PLC_C08_M02;STAT_PLC_C08_M03;STAT_PLC_C08_M04,0.008620689655172414,H2S,True,96,87.335671,361701,7057255,False,0.0,17.914866,,l_SW_C08_M01_SENS_SW_C08_M02_ACT,283.491831,False,0cd2d39b9ab3999bdbbe7304a7051ca98a51d813131ec9fa7eee74407629483d,True,1171.2569495,49254400,1.458085752002618,True,236.914489,profiles/L_RING/l_SW_C08_M01_SENS_SW_C08_M02_ACT.json,9862921a69616c89b87cace14516298696adc03df68d89766710b0b3f673c15c,True,1,928,32158f4cca0dcc0e9be88ae8265adc787ce006f2f5b9c50bee6b8761cbe5ada0,L,L_RING,8d062ea3d6902a1811ffb9d769daa3829d29f8bb2dae3497aa300dd4dd2c4ee3,928,1.0,196.15616,361476,7056738,1ca52aff08dd3fe68353eb769b234783b9d9dd21ad0941453cc6349673370803,True,SUCCESS_H2S,False,RING,1707.79307,True,1026.351347
12,CMD_PLC_C08_M02_A1_C08_M02;CMD_PLC_C08_M02_A2_C08_M02;CMD_PLC_C08_M02_A3_C08_M02;CMD_PLC_C08_M02_A4_C08_M02;COORD_CC_C08_PLC_C08_M02;COORD_CC_C08_PLC_C08_M03;COORD_CC_C08_PLC_C08_M04;IC_NEXT_CC_C08;IC_PREV_CC_C09;STAT_PLC_C08_M02;STAT_PLC_C08_M03;STAT_PLC_C08_M04,0.01293103448275862,H2S,True,97,102.711867,668573,10523728,False,0.0,29.475982,,l_SW_C08_M02_ACT_SW_C08_M02_CTRL,381.309349,False,0cd2d39b9ab3999bdbbe7304a7051ca98a51d813131ec9fa7eee74407629483d,True,1171.2569495,64933888,1.8920884336661092,True,174.300843,profiles/L_RING/l_SW_C08_M02_ACT_SW_C08_M02_CTRL.json,47c96dd5ce6a1b3f996659f908a00b2f7e95a8c952f4dbf565199b2467d761c4,True,1,928,75482ae6e6dc99ad832ba0ae6314d367160e5db249c18d3110e3171736b2b200,L,L_RING,c55191074ac57b7ea78aa99c6f494e8074f3c07b4559b54b7fd1c6657cb3e839,928,1.0,278.597482,668188,10523095,696d064ebcb20e2752b619fec7d38650b2b55ac80321bae02136bd8aad031eb3,True,SUCCESS_H2S,False,RING,2216.121727,True,1429.389368
14,COORD_CC_C08_PLC_C08_M03;COORD_CC_C08_PLC_C08_M04;IC_NEXT_CC_C08;IC_PREV_CC_C09;SC_S1_C08_M02;SC_S2_C08_M02;SC_S3_C08_M02;SC_S4_C08_M02;SF_S1_C08_M02;SF_S2_C08_M02;SF_S3_C08_M02;SF_S4_C08_M02;STAT_PLC_C08_M03;STAT_PLC_C08_M04,0.015086206896551725,H2S,True,98,107.514392,718466,10815850,False,0.0,19.906061,,l_SW_C08_M02_CTRL_SW_C08_M02_SENS,397.296015,False,0cd2d39b9ab3999bdbbe7304a7051ca98a51d813131ec9fa7eee74407629483d,True,1171.2569495,67358720,2.021007281972161,True,266.686519,profiles/L_RING/l_SW_C08_M02_CTRL_SW_C08_M02_SENS.json,7cc7cadb1ec7d902b6ce70577e690cef47c4c9fc2486199d360ad93e05e2326f,True,1,928,cd63d5715222bfa1f2c7923f83cac26147a7058d3b3a8ad9fe7992284891da9d,L,L_RING,644a8d93025e8ba6c593328d90fac9ab3c4eb39c2d4ce08ed4f39a4a6a342067,928,1.0,289.781623,718018,10815248,919f26c7e2eec1d460f49834ae1983b9a213b408a15f59d8532181fdb76df85b,True,SUCCESS_H2S,False,RING,2367.118824,True,1467.937296
6,COORD_CC_C08_PLC_C08_M03;COORD_CC_C08_PLC_C08_M04;IC_NEXT_CC_C08;IC_PREV_CC_C09;STAT_PLC_C08_M03;STAT_PLC_C08_M04,0.00646551724137931,H2S,True,99,94.193837,336071,6737585,False,0.0,22.81362,,l_SW_C08_M02_SENS_SW_C08_M03_ACT,280.572374,False,0cd2d39b9ab3999bdbbe7304a7051ca98a51d813131ec9fa7eee74407629483d,True,1171.2569495,47816704,1.3809790317064838,True,150.660097,profiles/L_RING/l_SW_C08_M02_SENS_SW_C08_M03_ACT.json,98e1a734947757170b0a74c9a28125c827d1ffb03756842771891427d4d80850,True,1,928,b6787bd5599ec9b5f5099d7b36effd2df1cf5d38b5f9bf4a93da0462863a2924,L,L_RING,b521a85a941199b57e97a2d2cd5e9768c7fd3357b4d4693a5cea1cdb8a5a43b4,928,1.0,186.37853700000002,335709,6737114,ecd31f081f8d3e4ef987b2e1d57e7dba20256f2d57938d7c2b7ec40f4b396344,True,SUCCESS_H2S,False,RING,1617.481288,True,1027.429742
10,CMD_PLC_C08_M03_A1_C08_M03;CMD_PLC_C08_M03_A2_C08_M03;CMD_PLC_C08_M03_A3_C08_M03;CMD_PLC_C08_M03_A4_C08_M03;COORD_CC_C08_PLC_C08_M03;COORD_CC_C08_PLC_C08_M04;IC_NEXT_CC_C08;IC_PREV_CC_C09;STAT_PLC_C08_M03;STAT_PLC_C08_M04,0.010775862068965518,H2S,True,100,96.139765,639117,10198607,False,0.0,22.555401,,l_SW_C08_M03_ACT_SW_C08_M03_CTRL,368.348781,False,0cd2d39b9ab3999bdbbe7304a7051ca98a51d813131ec9fa7eee74407629483d,True,1171.2569495,63717376,1.886581019598894,True,173.811853,profiles/L_RING/l_SW_C08_M03_ACT_SW_C08_M03_CTRL.json,76514287bdc2b9555273f06bd231cdf12d45737661cabbc0464dda838fb596a2,True,1,928,493796988e8bea6203a7350a666fe9abee4cf67ed5c6c9652fa84aad8590b1ec,L,L_RING,9d1435445d606c69da20853de39317d5f26521612e39049cfa557113157b2236,928,1.0,272.20901599999996,638692,10198020,529122c320d3560e4c3eba7aa04a8c61bfd0f11c4a21d33fb34fe4bf75eca325,True,SUCCESS_H2S,False,RING,2209.67113,True,1384.988423
12,COORD_CC_C08_PLC_C08_M04;IC_NEXT_CC_C08;IC_PREV_CC_C09;SC_S1_C08_M03;SC_S2_C08_M03;SC_S3_C08_M03;SC_S4_C08_M03;SF_S1_C08_M03;SF_S2_C08_M03;SF_S3_C08_M03;SF_S4_C08_M03;STAT_PLC_C08_M04,0.01293103448275862,H2S,True,101,100.7781,691043,10402272,False,0.0,19.71223,,l_SW_C08_M03_CTRL_SW_C08_M03_SENS,373.719008,False,0cd2d39b9ab3999bdbbe7304a7051ca98a51d813131ec9fa7eee74407629483d,True,1171.2569495,66084864,1.9518495663790296,True,233.438355,profiles/L_RING/l_SW_C08_M03_CTRL_SW_C08_M03_SENS.json,cd589dcb9669b800173b1a6bc431f02e32ca286aa3e17d5933a90d8974aee515,True,1,928,136402635ddc1e3cd97ee10d909ee8edfe9b49df576bb27d8515c268853ba7ec,L,L_RING,02ae217602d608fb265b7bfe143b1163dcf2785d21dcf4e85d655600b5c259f9,928,1.0,272.940908,690784,10401716,c6490f96ff5d35572a8e3945278868abd48a39636e907272bfa8c4eb4fb5238b,True,SUCCESS_H2S,False,RING,2286.117369,True,1463.418918
4,COORD_CC_C08_PLC_C08_M04;IC_NEXT_CC_C08;IC_PREV_CC_C09;STAT_PLC_C08_M04,0.004310344827586207,H2S,True,102,94.25374599999999,306833,6427207,False,0.0,16.794245,,l_SW_C08_M03_SENS_SW_C08_M04_ACT,293.677522,False,0cd2d39b9ab3999bdbbe7304a7051ca98a51d813131ec9fa7eee74407629483d,True,1171.2569495,46448640,1.4152089716160101,True,227.482088,profiles/L_RING/l_SW_C08_M03_SENS_SW_C08_M04_ACT.json,df42fbfd4b9f91115e0d36791fc0c69c0789ca70982019940ce0b76ff1b8ba8c,True,1,928,f980f4ee57c5eb623dde8bdce46d9f67dfb2448d9bf3a96140fe85d864e03166,L,L_RING,39e90f51d5bb612da7edce59ba58cc7424153e3b7bcb6ea2b12b6d23a578322f,928,1.0,199.42377600000003,306483,6426782,d8449b2427ef5ce89082bf3fa5fdc867c51c8b79ae26748902946a4d1c04355b,True,SUCCESS_H2S,False,RING,1657.573343,True,976.982021
8,CMD_PLC_C08_M04_A1_C08_M04;CMD_PLC_C08_M04_A2_C08_M04;CMD_PLC_C08_M04_A3_C08_M04;CMD_PLC_C08_M04_A4_C08_M04;COORD_CC_C08_PLC_C08_M04;IC_NEXT_CC_C08;IC_PREV_CC_C09;STAT_PLC_C08_M04,0.008620689655172414,H2S,True,103,101.40617400000001,611716,9897742,False,0.0,24.35497,,l_SW_C08_M04_ACT_SW_C08_M04_CTRL,380.777533,False,0cd2d39b9ab3999bdbbe7304a7051ca98a51d813131ec9fa7eee74407629483d,True,1171.2569495,62312448,1.7880584613769246,True,163.836371,profiles/L_RING/l_SW_C08_M04_ACT_SW_C08_M04_CTRL.json,162f17f4dd41fc3b8837ee7f715669829c6f6373024dba8dc3e808055f37617f,True,1,928,40b78a79efbcb6d290e388726a392de8bfad5770cb33533babfcb1919a30f979,L,L_RING,f5b41b06042297a28b4534c51eb7e6b8ace99a65021fd07c5a7a80894c1854f0,928,1.0,279.371359,611362,9897201,8705314fb292a0fc981d45ac41da52044f7f717a0def2424a77759a5a42f55b2,True,SUCCESS_H2S,False,RING,2094.275899,True,1340.120123
10,IC_NEXT_CC_C08;IC_PREV_CC_C09;SC_S1_C08_M04;SC_S2_C08_M04;SC_S3_C08_M04;SC_S4_C08_M04;SF_S1_C08_M04;SF_S2_C08_M04;SF_S3_C08_M04;SF_S4_C08_M04,0.010775862068965518,H2S,True,104,115.316507,660467,10271530,False,0.0,11.279038,,l_SW_C08_M04_CTRL_SW_C08_M04_SENS,333.745433,False,0cd2d39b9ab3999bdbbe7304a7051ca98a51d813131ec9fa7eee74407629483d,True,1171.2569495,64618496,1.8221506825731753,True,162.411175,profiles/L_RING/l_SW_C08_M04_CTRL_SW_C08_M04_SENS.json,4abb84615231f665e267e2fee622bcafa94593949402d68c8d2abfc80eacadc5,True,1,928,8150d94b2affb354afb788955f430ca3a0b777bc2fc9b59c8f8017d85fa84f75,L,L_RING,9a938b47a78d5ca6321cfff714ad823a49ccbcc203506750972f6df028ef8acd,928,1.0,218.428926,660193,10271020,5e902eccbdffb3220787eba363fac09f113b7c638d6a9a63c064e16a85c585dc,True,SUCCESS_H2S,False,RING,2134.20665,True,1429.459096
2,IC_NEXT_CC_C08;IC_PREV_CC_C09,0.0021551724137931034,H2S,True,105,91.030229,277083,6125740,False,0.0,19.546673,,l_SW_C08_M04_SENS_SW_C09_CC,270.696323,False,0cd2d39b9ab3999bdbbe7304a7051ca98a51d813131ec9fa7eee74407629483d,True,1171.2569495,45187072,1.3270139918175143,True,160.218117,profiles/L_RING/l_SW_C08_M04_SENS_SW_C09_CC.json,2ce4132966d51c4c6ed5330956c1b8e3395e4149e05281903f63dcf98077d482,True,1,928,b64796fbcdfb716cb531e55409ea7706be18b0b367ea9ab33564b61829c95a50,L,L_RING,9854ec1f3be16a50ae7798b2d4219e14a49570af1f02c7055163251206af22e6,928,1.0,179.666094,276738,6125376,570931a730e225d0e1bcc010c0f52728f921b93283d2a9f6609e54adee01fca4,True,SUCCESS_H2S,False,RING,1554.27436,True,965.523708
10,COORD_CC_C09_PLC_C09_M01;COORD_CC_C09_PLC_C09_M02;COORD_CC_C09_PLC_C09_M03;COORD_CC_C09_PLC_C09_M04;IC_NEXT_CC_C09;IC_PREV_CC_C10;STAT_PLC_C09_M01;STAT_PLC_C09_M02;STAT_PLC_C09_M03;STAT_PLC_C09_M04,0.010775862068965518,H2S,True,106,108.310696,387589,7382980,False,0.0,20.489514,,l_SW_C09_CC_SW_C09_M01_ACT,371.615392,False,0cd2d39b9ab3999bdbbe7304a7051ca98a51d813131ec9fa7eee74407629483d,True,1171.2569495,50450432,1.7782080600581314,True,218.406385,profiles/L_RING/l_SW_C09_CC_SW_C09_M01_ACT.json,8a185a148e446a19d7d798ba028324caf826f972511c0b941791f7ef2e9c064b,True,1,928,bdb69881aab1429b2f6674de8ed2443d3e8d25bbfac10540a5e74373a123ff79,L,L_RING,0326ba969d889b75134b662713ef7aba92d1be2b408b0526fba908eb3844e476,928,1.0,263.304696,387179,7382435,1799ba770cf2f69665b740dd5f79ec5997714bd8f5266820aa6fb53ae08d3e36,True,SUCCESS_H2S,False,RING,2082.738548,True,1261.633134
14,CMD_PLC_C09_M01_A1_C09_M01;CMD_PLC_C09_M01_A2_C09_M01;CMD_PLC_C09_M01_A3_C09_M01;CMD_PLC_C09_M01_A4_C09_M01;COORD_CC_C09_PLC_C09_M01;COORD_CC_C09_PLC_C09_M02;COORD_CC_C09_PLC_C09_M03;COORD_CC_C09_PLC_C09_M04;IC_NEXT_CC_C09;IC_PREV_CC_C10;STAT_PLC_C09_M01;STAT_PLC_C09_M02;STAT_PLC_C09_M03;STAT_PLC_C09_M04,0.015086206896551725,H2S,True,107,101.946895,692572,10844204,False,0.0,21.192024,,l_SW_C09_M01_ACT_SW_C09_M01_CTRL,366.876125,False,0cd2d39b9ab3999bdbbe7304a7051ca98a51d813131ec9fa7eee74407629483d,True,1171.2569495,66412544,1.9224644779791764,True,182.452409,profiles/L_RING/l_SW_C09_M01_ACT_SW_C09_M01_CTRL.json,22c207533e006af9efe8982d30586dba744de81c808ff9d32f597fbf8da6087e,True,1,928,f103b697d713dc74fe6ca777567991e1cea0c4babb3fdb7e6c230380f4e4879d,L,L_RING,5e2be343d1dbbf2ca36c0b7dcde80a913b4e1ab8b73140d01abbe40e21d34560,928,1.0,264.92923,692233,10843525,0926086c636d00649ae446ff2e15e9d72dcaa5882c1f0ddf167e279761156a8b,True,SUCCESS_H2S,False,RING,2251.69988,True,1466.690208
16,COORD_CC_C09_PLC_C09_M02;COORD_CC_C09_PLC_C09_M03;COORD_CC_C09_PLC_C09_M04;IC_NEXT_CC_C09;IC_PREV_CC_C10;SC_S1_C09_M01;SC_S2_C09_M01;SC_S3_C09_M01;SC_S4_C09_M01;SF_S1_C09_M01;SF_S2_C09_M01;SF_S3_C09_M01;SF_S4_C09_M01;STAT_PLC_C09_M02;STAT_PLC_C09_M03;STAT_PLC_C09_M04,0.017241379310344827,H2S,True,108,104.904914,745058,11149762,False,0.0,23.624674,,l_SW_C09_M01_CTRL_SW_C09_M01_SENS,373.752336,False,0cd2d39b9ab3999bdbbe7304a7051ca98a51d813131ec9fa7eee74407629483d,True,1171.2569495,68407296,2.1602988294585144,True,307.077791,profiles/L_RING/l_SW_C09_M01_CTRL_SW_C09_M01_SENS.json,5c05267b1a964c913885c5c228acebf9c90c7b3aee8c2dccacfaee070fb05264,True,1,928,0ce2f1f6456d12201dd76b86ed72f25d33125f3a9b97eda22a2e52952faf0447,L,L_RING,cd17563fa047af6e440265115c50aa4f3a87e648c6de6cf4e153f52f1506ba8a,928,1.0,268.847422,744632,11149114,d31084b499adf1d12163b7a8df7c44c26c881ca5f21a6a87138dac38d2ae397d,True,SUCCESS_H2S,False,RING,2530.265017,True,1599.217961
8,COORD_CC_C09_PLC_C09_M02;COORD_CC_C09_PLC_C09_M03;COORD_CC_C09_PLC_C09_M04;IC_NEXT_CC_C09;IC_PREV_CC_C10;STAT_PLC_C09_M02;STAT_PLC_C09_M03;STAT_PLC_C09_M04,0.008620689655172414,H2S,True,109,90.892632,359985,7053959,False,0.0,19.458259,,l_SW_C09_M01_SENS_SW_C09_M02_ACT,308.731015,False,0cd2d39b9ab3999bdbbe7304a7051ca98a51d813131ec9fa7eee74407629483d,True,1171.2569495,49094656,1.445387212193442,True,143.91856,profiles/L_RING/l_SW_C09_M01_SENS_SW_C09_M02_ACT.json,c6b5d69398d23e9c4a28910ba42ca479343c17e19b643ef52fb55da2889ba648,True,1,928,b3769caade55eb772c6331586948abc718b1ec409a9b526f7839e68a28f3ac4c,L,L_RING,820ddada9943010e666d4248c485c2dbe3aab30cd9465cae59f37ec16a145f66,928,1.0,217.83838300000002,359706,7053442,325368185305760f474fc3393882eac42c82a60c8d8df25b4303d436228c695b,True,SUCCESS_H2S,False,RING,1692.919817,True,1078.23385
12,CMD_PLC_C09_M02_A1_C09_M02;CMD_PLC_C09_M02_A2_C09_M02;CMD_PLC_C09_M02_A3_C09_M02;CMD_PLC_C09_M02_A4_C09_M02;COORD_CC_C09_PLC_C09_M02;COORD_CC_C09_PLC_C09_M03;COORD_CC_C09_PLC_C09_M04;IC_NEXT_CC_C09;IC_PREV_CC_C10;STAT_PLC_C09_M02;STAT_PLC_C09_M03;STAT_PLC_C09_M04,0.01293103448275862,H2S,True,110,97.122488,664739,10411745,False,0.0,22.125098,,l_SW_C09_M02_ACT_SW_C09_M02_CTRL,370.03971,False,0cd2d39b9ab3999bdbbe7304a7051ca98a51d813131ec9fa7eee74407629483d,True,1171.2569495,64933888,1.894302004310114,True,218.246482,profiles/L_RING/l_SW_C09_M02_ACT_SW_C09_M02_CTRL.json,949e172bbc5738f7d377277e2624a3932e6fa87c3f1b07029655a13f9fb8df33,True,1,928,63a05fdad03890100c7545a2905acfed329ed66a4cef0ea4093b39e08ea3c111,L,L_RING,25da51b52be745ef0dbaad614e0ffb4b30df7e89e19ded7d0008fd5bd1f42c51,928,1.0,272.91722200000004,664399,10411112,1f6eeae48eabe7d905cf1118700a2b70bd0e0ccd9c9fd00ef2f8c8927ff27e66,True,SUCCESS_H2S,False,RING,2218.714387,True,1413.855576
14,COORD_CC_C09_PLC_C09_M03;COORD_CC_C09_PLC_C09_M04;IC_NEXT_CC_C09;IC_PREV_CC_C10;SC_S1_C09_M02;SC_S2_C09_M02;SC_S3_C09_M02;SC_S4_C09_M02;SF_S1_C09_M02;SF_S2_C09_M02;SF_S3_C09_M02;SF_S4_C09_M02;STAT_PLC_C09_M03;STAT_PLC_C09_M04,0.015086206896551725,H2S,True,111,106.705181,716432,10693965,False,0.0,18.957336,,l_SW_C09_M02_CTRL_SW_C09_M02_SENS,409.07989,False,0cd2d39b9ab3999bdbbe7304a7051ca98a51d813131ec9fa7eee74407629483d,True,1171.2569495,67190784,2.071326039120334,True,291.504642,profiles/L_RING/l_SW_C09_M02_CTRL_SW_C09_M02_SENS.json,1866219096aff75a945d3c4e5a6f02afe6b86770aaa37b583473598b1af75ac4,True,1,928,f3107480da1b6e0d1f950817c4b9d43778ff9bc53a8483a7f1257dbf0aa79c2d,L,L_RING,7d9436c11b679245d5506fe5c419649a95dac56a43b05b03e52345c84a118bb0,928,1.0,302.374709,715950,10693363,97f1e126237abb8bb704d2c785687e3a455756e4a58d8b56cecb437dae5948a2,True,SUCCESS_H2S,False,RING,2426.055018,True,1503.027984
6,COORD_CC_C09_PLC_C09_M03;COORD_CC_C09_PLC_C09_M04;IC_NEXT_CC_C09;IC_PREV_CC_C10;STAT_PLC_C09_M03;STAT_PLC_C09_M04,0.00646551724137931,H2S,True,112,101.384603,334451,6736107,False,0.0,18.974908,,l_SW_C09_M02_SENS_SW_C09_M03_ACT,309.52985,False,0cd2d39b9ab3999bdbbe7304a7051ca98a51d813131ec9fa7eee74407629483d,True,1171.2569495,47755264,1.3985788333629863,True,131.45153,profiles/L_RING/l_SW_C09_M02_SENS_SW_C09_M03_ACT.json,29972ee58bbb95a0e54af1686081080c21875e1f8520a5a7e5e2b6963734248c,True,1,928,3413c52774ab3a29a5e47dfae57d6902bbfd94f22b380cc3e5bf555523f620e3,L,L_RING,2ff6b5f78ef38d37001b2dbf9d2e12d35f42c3c50517906a1b0b17326ece235d,928,1.0,208.145247,334106,6735636,bffd0225ffcbef24c2e7eebcbbf5fb5fcfd178e62180d5cdbfbba087a8bedfd0,True,SUCCESS_H2S,False,RING,1638.095178,True,1042.516088
10,CMD_PLC_C09_M03_A1_C09_M03;CMD_PLC_C09_M03_A2_C09_M03;CMD_PLC_C09_M03_A3_C09_M03;CMD_PLC_C09_M03_A4_C09_M03;COORD_CC_C09_PLC_C09_M03;COORD_CC_C09_PLC_C09_M04;IC_NEXT_CC_C09;IC_PREV_CC_C10;STAT_PLC_C09_M03;STAT_PLC_C09_M04,0.010775862068965518,H2S,True,113,99.10991,636718,10193464,False,0.0,13.867552,,l_SW_C09_M03_ACT_SW_C09_M03_CTRL,364.078094,False,0cd2d39b9ab3999bdbbe7304a7051ca98a51d813131ec9fa7eee74407629483d,True,1171.2569495,63717376,1.812134945202304,True,176.152342,profiles/L_RING/l_SW_C09_M03_ACT_SW_C09_M03_CTRL.json,d30ab732936c82cd8c5f962c16a9869d9107780b9331e2d739ef70b550788b62,True,1,928,2bccbac1c2624c720c7fe723373986ffcd9f959563c0a7f27d5e6cea8a09180a,L,L_RING,8f59a820b5260cddb87ef88e1075b9142ffb19ad672e495fe823ee0af3e3e5d3,928,1.0,264.968184,636324,10192877,4e03582bb2319b220ae473c8c9e9a90eb9c86cbba8d04310bd05691356747db9,True,SUCCESS_H2S,False,RING,2122.475648,True,1378.557422
12,COORD_CC_C09_PLC_C09_M04;IC_NEXT_CC_C09;IC_PREV_CC_C10;SC_S1_C09_M03;SC_S2_C09_M03;SC_S3_C09_M03;SC_S4_C09_M03;SF_S1_C09_M03;SF_S2_C09_M03;SF_S3_C09_M03;SF_S4_C09_M03;STAT_PLC_C09_M04,0.01293103448275862,H2S,True,114,92.711043,689993,10532961,False,0.0,20.219274,,l_SW_C09_M03_CTRL_SW_C09_M03_SENS,382.781177,False,0cd2d39b9ab3999bdbbe7304a7051ca98a51d813131ec9fa7eee74407629483d,True,1171.2569495,66117632,2.023256320495369,True,280.439533,profiles/L_RING/l_SW_C09_M03_CTRL_SW_C09_M03_SENS.json,b10abcdefa50091a8c2832ece6eaf7280117964d1882a7069cfc38ca60639d00,True,1,928,0b3472e9562019061efcdceede236dadad847925deae4857bfd27cbc3bf0cd42,L,L_RING,f4f8ac7b67877ba4ba8b97543c8aac98dbd8c009469bca6819258e702e18deed,928,1.0,290.070134,689685,10532405,5fe3369e9d92817751a5ad065fe9ec37ca9150fd74a59640bcd23debf7b8b345,True,SUCCESS_H2S,False,RING,2369.753026,True,1448.215325
4,COORD_CC_C09_PLC_C09_M04;IC_NEXT_CC_C09;IC_PREV_CC_C10;STAT_PLC_C09_M04,0.004310344827586207,H2S,True,115,99.594753,306391,6427049,False,0.0,19.13087,,l_SW_C09_M03_SENS_SW_C09_M04_ACT,304.369282,False,0cd2d39b9ab3999bdbbe7304a7051ca98a51d813131ec9fa7eee74407629483d,True,1171.2569495,46448640,1.3399058154318342,True,135.430612,profiles/L_RING/l_SW_C09_M03_SENS_SW_C09_M04_ACT.json,e136bf0ec25f4de9ce6bf5a138e8b457b4a6057d2394cece23e79de268fd691b,True,1,928,e0e29aa1a70eba519de4dc9b5cca2affaf36df220cf9db2b7cba8d4bd022f2f4,L,L_RING,16715183fe4af674019089aff47bcca3c7c0888a620e0958095af0a7e5205c32,928,1.0,204.774529,306012,6426624,540631e57dcc71f12b79a35e9357b5d6961213fa36a627392ee9a23f4c7a3e33,True,SUCCESS_H2S,False,RING,1569.373998,True,984.909269
8,CMD_PLC_C09_M04_A1_C09_M04;CMD_PLC_C09_M04_A2_C09_M04;CMD_PLC_C09_M04_A3_C09_M04;CMD_PLC_C09_M04_A4_C09_M04;COORD_CC_C09_PLC_C09_M04;IC_NEXT_CC_C09;IC_PREV_CC_C10;STAT_PLC_C09_M04,0.008620689655172414,H2S,True,116,99.826842,611166,9897760,False,0.0,24.15681,,l_SW_C09_M04_ACT_SW_C09_M04_CTRL,372.547548,False,0cd2d39b9ab3999bdbbe7304a7051ca98a51d813131ec9fa7eee74407629483d,True,1171.2569495,62476288,1.731084990245345,True,173.640163,profiles/L_RING/l_SW_C09_M04_ACT_SW_C09_M04_CTRL.json,be24ef1cc3b8596d666b64a67cda673c5563ac67317e58974188bb0a56549e05,True,1,928,2722c62ecd6cd72dc0e6fa3a5c10328e43e61bc160a2ab703e463314e806e77a,L,L_RING,b5f14daee075f7cec895ea01d3329622a4a889c673a6a08cb54c906cc6ab0c53,928,1.0,272.720706,610772,9897219,a7fe46e7f35799153d84f406cc948dedfa61388550b248d0d7211a1033bbaa39,True,SUCCESS_H2S,False,RING,2027.545325,True,1290.67317
10,IC_NEXT_CC_C09;IC_PREV_CC_C10;SC_S1_C09_M04;SC_S2_C09_M04;SC_S3_C09_M04;SC_S4_C09_M04;SF_S1_C09_M04;SF_S2_C09_M04;SF_S3_C09_M04;SF_S4_C09_M04,0.010775862068965518,H2S,True,117,119.04756599999999,660999,10263563,False,0.0,18.799774,,l_SW_C09_M04_CTRL_SW_C09_M04_SENS,352.255008,False,0cd2d39b9ab3999bdbbe7304a7051ca98a51d813131ec9fa7eee74407629483d,True,1171.2569495,64618496,1.9483446710597296,True,209.529205,profiles/L_RING/l_SW_C09_M04_CTRL_SW_C09_M04_SENS.json,c71e5905691a1e96a561f1840e9b2df1040fea5d83f57a004b7f8e2c3e4009b5,True,1,928,51cf3337a8a62e6550b178721badc90c975e213a00d3cd0556d0cfee091e41c1,L,L_RING,4871cbc46a19be90dfd4e9c86d77cfd10240c6f806f258f9f7b725860d6d5cbf,928,1.0,233.207442,660703,10263053,31f068ed85097ec5121786f14bcadf7e5ec9f9d544049a585c773096b25d9f30,True,SUCCESS_H2S,False,RING,2282.012236,True,1474.983411
2,IC_NEXT_CC_C09;IC_PREV_CC_C10,0.0021551724137931034,H2S,True,118,88.888485,276908,6126260,False,0.0,17.902444,,l_SW_C09_M04_SENS_SW_C10_CC,245.292053,False,0cd2d39b9ab3999bdbbe7304a7051ca98a51d813131ec9fa7eee74407629483d,True,1171.2569495,45195264,1.2192013260707657,True,121.544657,profiles/L_RING/l_SW_C09_M04_SENS_SW_C10_CC.json,797bb22ae215c490f31a5487157baf84c5a596c201bf841a8566d92cad95c99f,True,1,928,e8061efda096be55a5e0bf678d750b75256dafc979cbd3e065228ebcdeb711c7,L,L_RING,415c9063706a9bc77fb454b3711e5f0fd5d6d8638e4c439f14bac02de7ea7b19,928,1.0,156.403568,276538,6125896,cffedea10cff9a3ec744ec4a8dd5e4167fa075a0ed3591ae7f27d96f6183d234,True,SUCCESS_H2S,False,RING,1427.998026,True,917.862085
10,COORD_CC_C10_PLC_C10_M01;COORD_CC_C10_PLC_C10_M02;COORD_CC_C10_PLC_C10_M03;COORD_CC_C10_PLC_C10_M04;IC_NEXT_CC_C10;IC_PREV_CC_C11;STAT_PLC_C10_M01;STAT_PLC_C10_M02;STAT_PLC_C10_M03;STAT_PLC_C10_M04,0.010775862068965518,H2S,True,119,94.112299,388127,7383880,False,0.0,20.296349,,l_SW_C10_CC_SW_C10_M01_ACT,318.56871,False,0cd2d39b9ab3999bdbbe7304a7051ca98a51d813131ec9fa7eee74407629483d,True,1171.2569495,50614272,1.4257981527562327,True,138.460998,profiles/L_RING/l_SW_C10_CC_SW_C10_M01_ACT.json,a30d279d51585f8d7e4385c30f99685fd4d0688ebf7d326f1400b24e6c392ac4,True,1,928,a55bc06ec83c8351e70e9744954761bc10fd3884a2768f2ec5e8631fba2741c7,L,L_RING,4b361206a0a838ded305c2c16004766524cfd6043bf8144f6371c5790e81c482,928,1.0,224.456411,387726,7383335,dad39b482fea5e55a2e14ef95b1b5f3467ebb90d50fd9263ae46d50512b6e195,True,SUCCESS_H2S,False,RING,1669.975995,True,1039.339117
14,CMD_PLC_C10_M01_A1_C10_M01;CMD_PLC_C10_M01_A2_C10_M01;CMD_PLC_C10_M01_A3_C10_M01;CMD_PLC_C10_M01_A4_C10_M01;COORD_CC_C10_PLC_C10_M01;COORD_CC_C10_PLC_C10_M02;COORD_CC_C10_PLC_C10_M03;COORD_CC_C10_PLC_C10_M04;IC_NEXT_CC_C10;IC_PREV_CC_C11;STAT_PLC_C10_M01;STAT_PLC_C10_M02;STAT_PLC_C10_M03;STAT_PLC_C10_M04,0.015086206896551725,H2S,True,120,103.109434,693561,10840601,False,0.0,19.877213,,l_SW_C10_M01_ACT_SW_C10_M01_CTRL,395.943533,False,0cd2d39b9ab3999bdbbe7304a7051ca98a51d813131ec9fa7eee74407629483d,True,1171.2569495,66408448,1.9214121589295212,True,216.540809,profiles/L_RING/l_SW_C10_M01_ACT_SW_C10_M01_CTRL.json,ecc088eef98145ed03002b5ac6f471a5b6a4e23492255029b8659ab0b02c6d8e,True,1,928,86553e526a25bd4dfd8027d2c409b2911e80d1c66167b122d7623583f8c2caf2,L,L_RING,0e0822ced7fe8e9868533f083d7feb574b2de8f6d91fcd0df3b3a9266ea217b2,928,1.0,292.83409900000004,693218,10839922,c4e99c208f62e98dd4d108ef358f7bd2c3e44d80db0a7f7f30a08c8d76d70f83,True,SUCCESS_H2S,False,RING,2250.467344,True,1393.534025
16,COORD_CC_C10_PLC_C10_M02;COORD_CC_C10_PLC_C10_M03;COORD_CC_C10_PLC_C10_M04;IC_NEXT_CC_C10;IC_PREV_CC_C11;SC_S1_C10_M01;SC_S2_C10_M01;SC_S3_C10_M01;SC_S4_C10_M01;SF_S1_C10_M01;SF_S2_C10_M01;SF_S3_C10_M01;SF_S4_C10_M01;STAT_PLC_C10_M02;STAT_PLC_C10_M03;STAT_PLC_C10_M04,0.017241379310344827,H2S,True,121,104.600789,744505,11161554,False,0.0,23.357451,,l_SW_C10_M01_CTRL_SW_C10_M01_SENS,380.164579,False,0cd2d39b9ab3999bdbbe7304a7051ca98a51d813131ec9fa7eee74407629483d,True,1171.2569495,68411392,2.095327944946379,True,279.605671,profiles/L_RING/l_SW_C10_M01_CTRL_SW_C10_M01_SENS.json,da312103d5b62c6e8b4025fade60a52f524a804d2d231b6df48e115ef54d5fd5,True,1,928,372e71ec831be9df8218f69f0c2f348992ee9a5f971bc44d815c49edc9dd529a,L,L_RING,65f50615c536680dd790494c397c1feaeee1a15882fb73d163ac0aedd403dd79,928,1.0,275.56379,744069,11160906,52655de5326ed27df9653326d846d67f960de6f8f6d74c7391430da22e6f3c5a,True,SUCCESS_H2S,False,RING,2454.167417,True,1557.116886
8,COORD_CC_C10_PLC_C10_M02;COORD_CC_C10_PLC_C10_M03;COORD_CC_C10_PLC_C10_M04;IC_NEXT_CC_C10;IC_PREV_CC_C11;STAT_PLC_C10_M02;STAT_PLC_C10_M03;STAT_PLC_C10_M04,0.008620689655172414,H2S,True,122,102.697059,360583,7055339,False,0.0,21.162553,,l_SW_C10_M01_SENS_SW_C10_M02_ACT,315.36164,False,0cd2d39b9ab3999bdbbe7304a7051ca98a51d813131ec9fa7eee74407629483d,True,1171.2569495,49254400,1.4342890308716156,True,137.845557,profiles/L_RING/l_SW_C10_M01_SENS_SW_C10_M02_ACT.json,359fa1edab68fdc765aaeb3e37493d5aab8e7f55b295f4e339b6035a5023ccda,True,1,928,d1920d0db8c1528ec7813c3f7d7aa8497f689ed42a65b629af5308b23d442fd7,L,L_RING,44d2737b942f0c16b8134738b1293ee74fecadb25842b46f0c14d234daed2382,928,1.0,212.66458100000003,360112,7054822,60a9bdba3b9c064585b3f00002e670c3624acc0ea29a95a8e7ad697fa3927d2f,True,SUCCESS_H2S,False,RING,1679.920995,True,1056.345414
12,CMD_PLC_C10_M02_A1_C10_M02;CMD_PLC_C10_M02_A2_C10_M02;CMD_PLC_C10_M02_A3_C10_M02;CMD_PLC_C10_M02_A4_C10_M02;COORD_CC_C10_PLC_C10_M02;COORD_CC_C10_PLC_C10_M03;COORD_CC_C10_PLC_C10_M04;IC_NEXT_CC_C10;IC_PREV_CC_C11;STAT_PLC_C10_M02;STAT_PLC_C10_M03;STAT_PLC_C10_M04,0.01293103448275862,H2S,True,123,98.181819,667446,10522636,False,0.0,24.276237,,l_SW_C10_M02_ACT_SW_C10_M02_CTRL,345.285928,False,0cd2d39b9ab3999bdbbe7304a7051ca98a51d813131ec9fa7eee74407629483d,True,1171.2569495,65101824,1.9990271758895548,True,305.641589,profiles/L_RING/l_SW_C10_M02_ACT_SW_C10_M02_CTRL.json,c98d5f8e2f7f4601f50ea5262e8d4db71e1b300645de8a4ac509270a10e164c3,True,1,928,fc0c60afcbffc523a78470e526b0e63ed280dc28aa669c1bcd38ae3925f67ca2,L,L_RING,f3d0e7456c73ec02a86f9b58b60077291ff6e1ec5e46d9a4d6d8e26f7deec2a6,928,1.0,247.104109,666904,10522003,0db36d834f8338b2e6bcb55d46d1840d135f54b2743d2ee94acb2016a79afa36,True,SUCCESS_H2S,False,RING,2341.374472,True,1464.542609
14,COORD_CC_C10_PLC_C10_M03;COORD_CC_C10_PLC_C10_M04;IC_NEXT_CC_C10;IC_PREV_CC_C11;SC_S1_C10_M02;SC_S2_C10_M02;SC_S3_C10_M02;SC_S4_C10_M02;SF_S1_C10_M02;SF_S2_C10_M02;SF_S3_C10_M02;SF_S4_C10_M02;STAT_PLC_C10_M03;STAT_PLC_C10_M04,0.015086206896551725,H2S,True,124,102.37964,716755,10728953,False,0.0,18.358596,,l_SW_C10_M02_CTRL_SW_C10_M02_SENS,347.380619,False,0cd2d39b9ab3999bdbbe7304a7051ca98a51d813131ec9fa7eee74407629483d,True,1171.2569495,67358720,1.9100148203645728,True,220.577641,profiles/L_RING/l_SW_C10_M02_CTRL_SW_C10_M02_SENS.json,34babc97741c028eece4045cc5864b79d61df70586ba9ec10e436a9068d0f315,True,1,928,9b27fe034193fe15d82be252e158cd25d1813140cc6e74a13ce559aaa4364013,L,L_RING,afa30e595259bc151f47817d802deced02fcb37ed30563fda707adcf8dd9d852,928,1.0,245.00097900000003,716371,10728351,7186f9cc08d7e916749bf144581b38c94895733f829d45f252a92028512aeed4,True,SUCCESS_H2S,False,RING,2237.118132,True,1436.285826
6,COORD_CC_C10_PLC_C10_M03;COORD_CC_C10_PLC_C10_M04;IC_NEXT_CC_C10;IC_PREV_CC_C11;STAT_PLC_C10_M03;STAT_PLC_C10_M04,0.00646551724137931,H2S,True,125,94.984571,334202,6734610,False,0.0,22.177035,,l_SW_C10_M02_SENS_SW_C10_M03_ACT,296.252227,False,0cd2d39b9ab3999bdbbe7304a7051ca98a51d813131ec9fa7eee74407629483d,True,1171.2569495,47755264,1.391328897297612,True,133.064281,profiles/L_RING/l_SW_C10_M02_SENS_SW_C10_M03_ACT.json,2dfa60ee8b9c63fb862753d4aad238be9cf1f5d563bf1ff9f9faf0b96907d2b0,True,1,928,593ba2b0113a62ae2b419cb0debe0266eadd7ab4aa16a19776c635230b2b8c86,L,L_RING,22f6f3ca23eaedee99f54f8eef71ed0dd82a87be720c93fc18041322dd727e96,928,1.0,201.267656,333828,6734139,12ac18933f43c5239a5baba8539b9b638be7a04c0ec45dd3278a02f99fe8d6bb,True,SUCCESS_H2S,False,RING,1629.60364,True,1032.767394
10,CMD_PLC_C10_M03_A1_C10_M03;CMD_PLC_C10_M03_A2_C10_M03;CMD_PLC_C10_M03_A3_C10_M03;CMD_PLC_C10_M03_A4_C10_M03;COORD_CC_C10_PLC_C10_M03;COORD_CC_C10_PLC_C10_M04;IC_NEXT_CC_C10;IC_PREV_CC_C11;STAT_PLC_C10_M03;STAT_PLC_C10_M04,0.010775862068965518,H2S,True,126,96.08536400000001,636950,10197543,False,0.0,16.99013,,l_SW_C10_M03_ACT_SW_C10_M03_CTRL,346.036767,False,0cd2d39b9ab3999bdbbe7304a7051ca98a51d813131ec9fa7eee74407629483d,True,1171.2569495,63553536,1.8576739467192378,True,244.912802,profiles/L_RING/l_SW_C10_M03_ACT_SW_C10_M03_CTRL.json,566004acd831229b44ffa184a901b450bed4326e1e083483db65fed5e1bf570f,True,1,928,4f1207a5017d0dc84cdee5f720e3228da86856b0cf2096bb3d19b6ff4ec6b90b,L,L_RING,ca12377ae8acb15aa082e266128157cb037dc37c5618502c86d14adccbb0604f,928,1.0,249.95140299999997,636700,10196956,106d389d149b396ee478ed22fd2765b33c3df72b1724e30ba93eb41f7578f59e,True,SUCCESS_H2S,False,RING,2175.81352,True,1350.541224
12,COORD_CC_C10_PLC_C10_M04;IC_NEXT_CC_C10;IC_PREV_CC_C11;SC_S1_C10_M03;SC_S2_C10_M03;SC_S3_C10_M03;SC_S4_C10_M03;SF_S1_C10_M03;SF_S2_C10_M03;SF_S3_C10_M03;SF_S4_C10_M03;STAT_PLC_C10_M04,0.01293103448275862,H2S,True,127,102.432848,691206,10543905,False,0.0,17.169341,,l_SW_C10_M03_CTRL_SW_C10_M03_SENS,379.603263,False,0cd2d39b9ab3999bdbbe7304a7051ca98a51d813131ec9fa7eee74407629483d,True,1171.2569495,66117632,1.8015204323020326,True,181.615132,profiles/L_RING/l_SW_C10_M03_CTRL_SW_C10_M03_SENS.json,87c563092d0457c90d56be498419f0b0fca2a19e21b880c2a25844cb5f1a9106,True,1,928,602ce4a1186be4e8daf733da04d025ce1a443fd938bc36db09286b341382dcb2,L,L_RING,9219c913ecf37d3e98329f0e8371bbb9a05c606b477e5957024d70d2b9c5e354,928,1.0,277.17041500000005,690937,10543349,aa43882fa31a1b58c77af6eed2ecf47a2df851e33a92ffae5da2e56e3fa9cec3,True,SUCCESS_H2S,False,RING,2110.043326,True,1322.394564
4,COORD_CC_C10_PLC_C10_M04;IC_NEXT_CC_C10;IC_PREV_CC_C11;STAT_PLC_C10_M04,0.004310344827586207,H2S,True,128,99.800957,305453,6425937,False,0.0,19.15117,,l_SW_C10_M03_SENS_SW_C10_M04_ACT,274.575099,False,0cd2d39b9ab3999bdbbe7304a7051ca98a51d813131ec9fa7eee74407629483d,True,1171.2569495,46342144,1.3476085974762448,True,150.726509,profiles/L_RING/l_SW_C10_M03_SENS_SW_C10_M04_ACT.json,dac73229b910c6884f420115655f70ffc9a598bcd1ae0dca5341382aafba2a96,True,1,928,d33e0a47b9277a43b21c7c52a894f1530521ea18b6e5ae1b83d2b30b73840e85,L,L_RING,603bdedf85975c591241b1ede46db5217c08fa8b3a823d07394b838a01419ef2,928,1.0,174.77414200000004,305070,6425512,50dc842ac9b14c5187e974ea1a76fb0926bd57e2887930442788f145976560f7,True,SUCCESS_H2S,False,RING,1578.395935,True,998.323087
8,CMD_PLC_C10_M04_A1_C10_M04;CMD_PLC_C10_M04_A2_C10_M04;CMD_PLC_C10_M04_A3_C10_M04;CMD_PLC_C10_M04_A4_C10_M04;COORD_CC_C10_PLC_C10_M04;IC_NEXT_CC_C10;IC_PREV_CC_C11;STAT_PLC_C10_M04,0.008620689655172414,H2S,True,129,95.44747600000001,609978,9888038,False,0.0,22.231868,,l_SW_C10_M04_ACT_SW_C10_M04_CTRL,369.338872,False,0cd2d39b9ab3999bdbbe7304a7051ca98a51d813131ec9fa7eee74407629483d,True,1171.2569495,62472192,1.8679350640642665,True,253.483238,profiles/L_RING/l_SW_C10_M04_ACT_SW_C10_M04_CTRL.json,d865434d5ca30993cb137b60879e39b105bddb38ac661bd1c9899d03f4185df5,True,1,928,c4d0667ec096d0147a054259d6289cd22b96767fb0ff9bc5236b1ae42c1d747c,L,L_RING,53fb434726d8b93098de8d3764307922af795fa51ed3b02f868a1e42d1b5ade1,928,1.0,273.891396,609725,9887497,9773e32e050114018bebca712ed7a58d7850fa15d0072222bb025d6384636e2c,True,SUCCESS_H2S,False,RING,2187.831925,True,1347.555559
10,IC_NEXT_CC_C10;IC_PREV_CC_C11;SC_S1_C10_M04;SC_S2_C10_M04;SC_S3_C10_M04;SC_S4_C10_M04;SF_S1_C10_M04;SF_S2_C10_M04;SF_S3_C10_M04;SF_S4_C10_M04,0.010775862068965518,H2S,True,130,102.133212,659951,10257400,False,0.0,15.157827,,l_SW_C10_M04_CTRL_SW_C10_M04_SENS,380.206492,False,0cd2d39b9ab3999bdbbe7304a7051ca98a51d813131ec9fa7eee74407629483d,True,1171.2569495,64778240,1.8385179331651,True,202.796351,profiles/L_RING/l_SW_C10_M04_CTRL_SW_C10_M04_SENS.json,b8ff2a33ca07c5776913fb46bd0a352ea2cf49029cdbf6531a410c2d7c037e09,True,1,928,e3ad329f0f5382bfe3a977d47d2a7539b09dea181ce26026fb8f957f9f32a412,L,L_RING,d748444bb1675a65411c39da21f23d45a9c4615e45b0ebb58b83f233ba4960a7,928,1.0,278.07328,659565,10256890,a3e36a27be92c8f642887f446f31bf3e933f460860254ae8c9e7f8f763d60e18,True,SUCCESS_H2S,False,RING,2153.376906,True,1373.799576
2,IC_NEXT_CC_C10;IC_PREV_CC_C11,0.0021551724137931034,H2S,True,131,97.780921,276580,6125905,False,0.0,11.930114,,l_SW_C10_M04_SENS_SW_C11_CC,283.28673,False,0cd2d39b9ab3999bdbbe7304a7051ca98a51d813131ec9fa7eee74407629483d,True,1171.2569495,45031424,1.2907667977085502,True,145.946731,profiles/L_RING/l_SW_C10_M04_SENS_SW_C11_CC.json,f7fbf9aff672b8be5c615d67a5999880a4304dd93c460d1460424e4807a7d5dc,True,1,928,d1e95bc8248c6753d3f10f3f0a895d25ea787955c54be653041ec6e665c01e59,L,L_RING,2449a79b69fc7e8ec46eff5027f5e2860ad5ae68c7b62a86de6189d80e49f079,928,1.0,185.50580899999997,276191,6125541,ee2ea665071f8edd14156e8ae2951faac27ad9bd45c7b267040f38179b58d9cf,True,SUCCESS_H2S,False,RING,1511.819582,True,965.197183
10,COORD_CC_C11_PLC_C11_M01;COORD_CC_C11_PLC_C11_M02;COORD_CC_C11_PLC_C11_M03;COORD_CC_C11_PLC_C11_M04;IC_NEXT_CC_C11;IC_PREV_CC_C12;STAT_PLC_C11_M01;STAT_PLC_C11_M02;STAT_PLC_C11_M03;STAT_PLC_C11_M04,0.010775862068965518,H2S,True,132,103.316406,389169,7386886,False,0.0,20.994939,,l_SW_C11_CC_SW_C11_M01_ACT,322.878123,False,0cd2d39b9ab3999bdbbe7304a7051ca98a51d813131ec9fa7eee74407629483d,True,1171.2569495,50614272,1.4985503844816248,True,211.456445,profiles/L_RING/l_SW_C11_CC_SW_C11_M01_ACT.json,d6acd274645c58e098303617df3bc3f593f33253033b6a11eaf51eefc47ed7d4,True,1,928,5f1fa67c9400933abfc3dd438714d5c93bbd8f51979c87567adeee28a0792ee0,L,L_RING,0c284932344f08b559b638d3f553041d2067623d8882346d766a38fa218458e8,928,1.0,219.56171700000002,388628,7386341,fe186f91d83e96b54a424f08066a1e22d87cce3f598779f6765bbdf545886f62,True,SUCCESS_H2S,False,RING,1755.187552,True,1045.933676
14,CMD_PLC_C11_M01_A1_C11_M01;CMD_PLC_C11_M01_A2_C11_M01;CMD_PLC_C11_M01_A3_C11_M01;CMD_PLC_C11_M01_A4_C11_M01;COORD_CC_C11_PLC_C11_M01;COORD_CC_C11_PLC_C11_M02;COORD_CC_C11_PLC_C11_M03;COORD_CC_C11_PLC_C11_M04;IC_NEXT_CC_C11;IC_PREV_CC_C12;STAT_PLC_C11_M01;STAT_PLC_C11_M02;STAT_PLC_C11_M03;STAT_PLC_C11_M04,0.015086206896551725,H2S,True,133,102.480223,694819,10826518,False,0.0,19.299551,,l_SW_C11_M01_ACT_SW_C11_M01_CTRL,371.198169,False,0cd2d39b9ab3999bdbbe7304a7051ca98a51d813131ec9fa7eee74407629483d,True,1171.2569495,66166784,1.8972687452984882,True,179.88657,profiles/L_RING/l_SW_C11_M01_ACT_SW_C11_M01_CTRL.json,8e7c8335c1335254bdb781be29d8c041868ef476f85887b6c712991cfd8840a0,True,1,928,5a01d7bd1e4e0fd67933f6d7f288dd11aea407838c035d055011f27ea50d6c6f,L,L_RING,534be92efbee4dbd02563f24311419a32f4449c4002a0a5f1191d7b84f343841,928,1.0,268.717946,694349,10825839,aed456ecb2532656d475912488bb4bf66ac1ea830467be4c79b87e84dab46e47,True,SUCCESS_H2S,False,RING,2222.189203,True,1442.639171
16,COORD_CC_C11_PLC_C11_M02;COORD_CC_C11_PLC_C11_M03;COORD_CC_C11_PLC_C11_M04;IC_NEXT_CC_C11;IC_PREV_CC_C12;SC_S1_C11_M01;SC_S2_C11_M01;SC_S3_C11_M01;SC_S4_C11_M01;SF_S1_C11_M01;SF_S2_C11_M01;SF_S3_C11_M01;SF_S4_C11_M01;STAT_PLC_C11_M02;STAT_PLC_C11_M03;STAT_PLC_C11_M04,0.017241379310344827,H2S,True,134,102.047035,745545,11113582,False,0.0,24.81621,,l_SW_C11_M01_CTRL_SW_C11_M01_SENS,433.816709,False,0cd2d39b9ab3999bdbbe7304a7051ca98a51d813131ec9fa7eee74407629483d,True,1171.2569495,68411392,2.105907605545439,True,252.690796,profiles/L_RING/l_SW_C11_M01_CTRL_SW_C11_M01_SENS.json,9d631ad66444368011cc0d40b03e2c4012a469f1f1b43395f3f734d5b32858e9,True,1,928,50822fd30c00015d557f343e76dfba0501b8a569263c1dcc97895b3387531e21,L,L_RING,ff11b92cb633eee32560dd161678efdbca38a708bc915ff8fab0eb11d3a56b59,928,1.0,331.769674,745080,11112934,aa2e945e4dcb864bbe7160af281db5eb6022162b97225d00298c8d2b2c05c8dc,True,SUCCESS_H2S,False,RING,2466.558918,True,1527.671142
8,COORD_CC_C11_PLC_C11_M02;COORD_CC_C11_PLC_C11_M03;COORD_CC_C11_PLC_C11_M04;IC_NEXT_CC_C11;IC_PREV_CC_C12;STAT_PLC_C11_M02;STAT_PLC_C11_M03;STAT_PLC_C11_M04,0.008620689655172414,H2S,True,135,97.89249099999999,361792,7057623,False,0.0,25.127753,,l_SW_C11_M01_SENS_SW_C11_M02_ACT,311.658186,False,0cd2d39b9ab3999bdbbe7304a7051ca98a51d813131ec9fa7eee74407629483d,True,1171.2569495,49094656,1.5152344716141213,True,246.949771,profiles/L_RING/l_SW_C11_M01_SENS_SW_C11_M02_ACT.json,65fa78b01e4589cb8b2925f45d2ee5e6624f0781fc6150bfc65083ac3a3eefaa,True,1,928,9d6cdf63d617d541ee0fb7fa6a0612bc4742d335240e29cdb4e45b1bf0b49986,L,L_RING,17e9794a87b46eb39d2c7aa8849291dfafc3b23ce8957a60d45bfad2a15b7861,928,1.0,213.765695,361320,7057106,b3adcfd9f88f9fb915e2bc26658dbb62f908eca66702ab14ee0f87dcaeb496be,True,SUCCESS_H2S,False,RING,1774.728905,True,1040.004258
12,CMD_PLC_C11_M02_A1_C11_M02;CMD_PLC_C11_M02_A2_C11_M02;CMD_PLC_C11_M02_A3_C11_M02;CMD_PLC_C11_M02_A4_C11_M02;COORD_CC_C11_PLC_C11_M02;COORD_CC_C11_PLC_C11_M03;COORD_CC_C11_PLC_C11_M04;IC_NEXT_CC_C11;IC_PREV_CC_C12;STAT_PLC_C11_M02;STAT_PLC_C11_M03;STAT_PLC_C11_M04,0.01293103448275862,H2S,True,136,98.606072,667545,10499381,False,0.0,21.200313,,l_SW_C11_M02_ACT_SW_C11_M02_CTRL,386.468062,False,0cd2d39b9ab3999bdbbe7304a7051ca98a51d813131ec9fa7eee74407629483d,True,1171.2569495,64937984,1.8684550789083705,True,183.876601,profiles/L_RING/l_SW_C11_M02_ACT_SW_C11_M02_CTRL.json,88b9ef282a9a7a485acd6a97bd5ae63c412e83a9f000756e6433d79f1b2f18c9,True,1,928,5b81d4cba9ec4ffd707f27cc80312decf1208bbc68afc99cd89ae866e6dc8c3d,L,L_RING,40596d63028f64d6820090c05a65811446465d0589b2af71ae5b0f8fa1a557d5,928,1.0,287.86199,667087,10498748,75cd12726a930dd3b2586dbb0a0855e9670eae974b1680912ac6815c9001ff5b,True,SUCCESS_H2S,False,RING,2188.440996,True,1402.470225
14,COORD_CC_C11_PLC_C11_M03;COORD_CC_C11_PLC_C11_M04;IC_NEXT_CC_C11;IC_PREV_CC_C12;SC_S1_C11_M02;SC_S2_C11_M02;SC_S3_C11_M02;SC_S4_C11_M02;SF_S1_C11_M02;SF_S2_C11_M02;SF_S3_C11_M02;SF_S4_C11_M02;STAT_PLC_C11_M03;STAT_PLC_C11_M04,0.015086206896551725,H2S,True,137,95.557228,720741,10853997,False,0.0,19.123497,,l_SW_C11_M02_CTRL_SW_C11_M02_SENS,351.826677,False,0cd2d39b9ab3999bdbbe7304a7051ca98a51d813131ec9fa7eee74407629483d,True,1171.2569495,67358720,1.9631127473621874,True,246.298424,profiles/L_RING/l_SW_C11_M02_CTRL_SW_C11_M02_SENS.json,c4288741b07f4257c2791368c8a8cfd71d464d0d8b9e439f472537d378505f07,True,1,928,2a1cf2186d2221c1319e72adbb365eb2884eb45f7cb7d7d5eb37e47a5e8cd6f9,L,L_RING,993f233ebf6396cae9fad183b2d56a1d942d1de38f245ce4c4a4eb8fee51766d,928,1.0,256.269449,720284,10853395,346b7aa630cf0bcc66a373393581e5ec3870a3bdbeddb89866d45ccb3f18ef38,True,SUCCESS_H2S,False,RING,2299.309448,True,1470.611473
6,COORD_CC_C11_PLC_C11_M03;COORD_CC_C11_PLC_C11_M04;IC_NEXT_CC_C11;IC_PREV_CC_C12;STAT_PLC_C11_M03;STAT_PLC_C11_M04,0.00646551724137931,H2S,True,138,96.78302900000001,335042,6736746,False,0.0,16.453915,,l_SW_C11_M02_SENS_SW_C11_M03_ACT,280.446303,False,0cd2d39b9ab3999bdbbe7304a7051ca98a51d813131ec9fa7eee74407629483d,True,1171.2569495,47652864,1.3953755405231,True,159.032999,profiles/L_RING/l_SW_C11_M02_SENS_SW_C11_M03_ACT.json,8107b1bd026cf79e941490778a730343b1ac5ca8f124da5706ed09d701a33bca,True,1,928,69cb7579a5cccca68eb7c136744f20fb0396a29ccd4242b939ae88400ca0922e,L,L_RING,6f710f05daf1c9bdfebf951c241e342cb5d5b9999d86bc15604848b4e635eae4,928,1.0,183.663274,334599,6736275,1efffa899610dcee9ff3d6eb3d0978176cab87735d7442cf82d2a7109bdcd129,True,SUCCESS_H2S,False,RING,1634.343299,True,1039.119157
10,CMD_PLC_C11_M03_A1_C11_M03;CMD_PLC_C11_M03_A2_C11_M03;CMD_PLC_C11_M03_A3_C11_M03;CMD_PLC_C11_M03_A4_C11_M03;COORD_CC_C11_PLC_C11_M03;COORD_CC_C11_PLC_C11_M04;IC_NEXT_CC_C11;IC_PREV_CC_C12;STAT_PLC_C11_M03;STAT_PLC_C11_M04,0.010775862068965518,H2S,True,139,101.403689,638363,10167305,False,0.0,19.643952,,l_SW_C11_M03_ACT_SW_C11_M03_CTRL,369.380288,False,0cd2d39b9ab3999bdbbe7304a7051ca98a51d813131ec9fa7eee74407629483d,True,1171.2569495,63553536,1.944794373235008,True,179.975572,profiles/L_RING/l_SW_C11_M03_ACT_SW_C11_M03_CTRL.json,a0778e85ef671c59de1cfa13ab86d699b6f991cf0298553bf4331859f658ec93,True,1,928,b3849b3053a5cacaeae76e71b5d44d2c03c092341d75b3ae769e0918bdd3e695,L,L_RING,ed18ca3811c8cafd4518f84342814b238537f3e52f6603f86a929af98dd06161,928,1.0,267.976599,638045,10166718,27aeb9818bfc64dccfd304db7a809d1b9979afc6889ac2ad3fc1d1708c472c3b,True,SUCCESS_H2S,False,RING,2277.853925,True,1458.731861
12,COORD_CC_C11_PLC_C11_M04;IC_NEXT_CC_C11;IC_PREV_CC_C12;SC_S1_C11_M03;SC_S2_C11_M03;SC_S3_C11_M03;SC_S4_C11_M03;SF_S1_C11_M03;SF_S2_C11_M03;SF_S3_C11_M03;SF_S4_C11_M03;STAT_PLC_C11_M04,0.01293103448275862,H2S,True,140,98.197673,689826,10512939,False,0.0,19.079477,,l_SW_C11_M03_CTRL_SW_C11_M03_SENS,341.38086,False,0cd2d39b9ab3999bdbbe7304a7051ca98a51d813131ec9fa7eee74407629483d,True,1171.2569495,65957888,2.0083432520969646,True,234.292289,profiles/L_RING/l_SW_C11_M03_CTRL_SW_C11_M03_SENS.json,1d6269b1c85b5aa21b6acf42679e2483895adb9b2c2dc31b882918accfa84b8d,True,1,928,7fe298a7a9a9322499db25393f51ab9a21552d40d82e6df135d370b092c5198c,L,L_RING,7d1c6cf007c60e141289d23d1e9ad754bb9ce7e98b7ce55d4c129968268e99fa,928,1.0,243.18318699999998,689368,10512383,90d7f1af406b31ee87d68ebcd89460ed503225c27c0989ddf0f963fd54dff509,True,SUCCESS_H2S,False,RING,2352.285991,True,1527.482611
4,COORD_CC_C11_PLC_C11_M04;IC_NEXT_CC_C11;IC_PREV_CC_C12;STAT_PLC_C11_M04,0.004310344827586207,H2S,True,141,95.802167,306407,6427025,False,0.0,17.284592,,l_SW_C11_M03_SENS_SW_C11_M04_ACT,275.099764,False,0cd2d39b9ab3999bdbbe7304a7051ca98a51d813131ec9fa7eee74407629483d,True,1171.2569495,46346240,1.4334023757269496,True,235.349381,profiles/L_RING/l_SW_C11_M03_SENS_SW_C11_M04_ACT.json,c117fc335467dfef7f223a74a4064e5894f372276e12836aac1ca1e49dc982a9,True,1,928,ff205a2065f4f464fd13bc002b9612ea287285efca8ceedd32f203950a32b6ec,L,L_RING,97703d2ce0a50ec9ed11f8a6f0412956cd1dc4d37f0a7eb0720cb4928d609dcc,928,1.0,179.297597,305979,6426600,48ef9a44747c2a05df1ed29ce41109d98a6e8a836b1d440734419c6e837f6484,True,SUCCESS_H2S,False,RING,1678.882494,True,1014.936482
8,CMD_PLC_C11_M04_A1_C11_M04;CMD_PLC_C11_M04_A2_C11_M04;CMD_PLC_C11_M04_A3_C11_M04;CMD_PLC_C11_M04_A4_C11_M04;COORD_CC_C11_PLC_C11_M04;IC_NEXT_CC_C11;IC_PREV_CC_C12;STAT_PLC_C11_M04,0.008620689655172414,H2S,True,142,95.602906,610826,9779184,False,0.0,20.267357,,l_SW_C11_M04_ACT_SW_C11_M04_CTRL,335.542716,False,0cd2d39b9ab3999bdbbe7304a7051ca98a51d813131ec9fa7eee74407629483d,True,1171.2569495,62189568,1.739329472384061,True,179.240488,profiles/L_RING/l_SW_C11_M04_ACT_SW_C11_M04_CTRL.json,374053d49ae119a3766c52c0835bd159fd9966801764b45d3d54164f3c3e9168,True,1,928,20a2dcafba3f22af0679572e51ec9bf5c55a897dcca69bea89c778a299cba104,L,L_RING,a2bae909e0fbf3e22a7e299fd10a1b7c4862bcab195de2124e77f14f2a2b7d75,928,1.0,239.93980999999997,610476,9778643,40762b0204d676ec9a8b5c58b8d899b959cda15eb74ed01cf718b353dd81fb00,True,SUCCESS_H2S,False,RING,2037.201732,True,1306.225958
10,IC_NEXT_CC_C11;IC_PREV_CC_C12;SC_S1_C11_M04;SC_S2_C11_M04;SC_S3_C11_M04;SC_S4_C11_M04;SF_S1_C11_M04;SF_S2_C11_M04;SF_S3_C11_M04;SF_S4_C11_M04,0.010775862068965518,H2S,True,143,114.211861,659758,10271806,False,0.0,15.835331,,l_SW_C11_M04_CTRL_SW_C11_M04_SENS,314.012949,False,0cd2d39b9ab3999bdbbe7304a7051ca98a51d813131ec9fa7eee74407629483d,True,1171.2569495,64622592,1.8030796469566648,True,181.62678,profiles/L_RING/l_SW_C11_M04_CTRL_SW_C11_M04_SENS.json,971da335b140b2263efc637c8f5e3f81abf154b64ed90c181a53b4c11d51868b,True,1,928,93da0b9fa9c2336988cd2eb2a93d6ba68190bf14bb7629ca409e8b22e665d843,L,L_RING,a9a9cf7a2680698d4fb4528424707aebff32aed0af9eb9e3d68a2b6351c1f1af,928,1.0,199.801088,659413,10271296,b69993fe8621dc8212b5718c6c3aebc2db85e92b081b49b0747c36cc85197a41,True,SUCCESS_H2S,False,RING,2111.869567,True,1417.124811
2,IC_NEXT_CC_C11;IC_PREV_CC_C12,0.0021551724137931034,H2S,True,144,88.47596,277107,6126336,False,0.0,16.840626,,l_SW_C11_M04_SENS_SW_C12_CC,269.369101,False,0cd2d39b9ab3999bdbbe7304a7051ca98a51d813131ec9fa7eee74407629483d,True,1171.2569495,45191168,1.2509453136013176,True,134.476214,profiles/L_RING/l_SW_C11_M04_SENS_SW_C12_CC.json,7c94bcd8ffbdda576c0e1eae4a5987d799a87d3dc6dc0e569d58bc69a566009e,True,1,928,f85c9e069b1d48e9ae34d64b13d21cd297ad8e01b67ffbe93a823d35cbcdd3ba,L,L_RING,72d687410052a670e3cdb87c5ce88037b533cb72a0c93729760397643fce0785,928,1.0,180.893141,276744,6125972,32ea4b24daf671fa0e29077679807f273663636e2861818c70dba6b93ba11cb7,True,SUCCESS_H2S,False,RING,1465.178392,True,912.270475
10,COORD_CC_C12_PLC_C12_M01;COORD_CC_C12_PLC_C12_M02;COORD_CC_C12_PLC_C12_M03;COORD_CC_C12_PLC_C12_M04;IC_NEXT_CC_C12;IC_PREV_CC_C13;STAT_PLC_C12_M01;STAT_PLC_C12_M02;STAT_PLC_C12_M03;STAT_PLC_C12_M04,0.010775862068965518,H2S,True,145,96.550272,388771,7386121,False,0.0,21.859176,,l_SW_C12_CC_SW_C12_M01_ACT,286.448759,False,0cd2d39b9ab3999bdbbe7304a7051ca98a51d813131ec9fa7eee74407629483d,True,1171.2569495,50614272,1.4872369643088295,True,197.068437,profiles/L_RING/l_SW_C12_CC_SW_C12_M01_ACT.json,8f13f58796ad7eabb5a55533250fd3124d1d748b59d49d3ebf64490544870e02,True,1,928,cf7ffacc3d8bb9aff588ded28c6724e383ea48eb71bf5d3b574c0e074546e4cb,L,L_RING,e977254b4b9e6c770a96360b73770ac07c44c0b466dfb2021513767ab7ba7dd0,928,1.0,189.898487,388328,7385576,f26f3ca34b57e2e4ecfe5bcf6cf7f19cb7308f1fc40f685fc59921334132b952,True,SUCCESS_H2S,False,RING,1741.93663,True,1068.197388
14,CMD_PLC_C12_M01_A1_C12_M01;CMD_PLC_C12_M01_A2_C12_M01;CMD_PLC_C12_M01_A3_C12_M01;CMD_PLC_C12_M01_A4_C12_M01;COORD_CC_C12_PLC_C12_M01;COORD_CC_C12_PLC_C12_M02;COORD_CC_C12_PLC_C12_M03;COORD_CC_C12_PLC_C12_M04;IC_NEXT_CC_C12;IC_PREV_CC_C13;STAT_PLC_C12_M01;STAT_PLC_C12_M02;STAT_PLC_C12_M03;STAT_PLC_C12_M04,0.015086206896551725,H2S,True,146,99.294032,693857,10739565,False,0.0,22.174069,,l_SW_C12_M01_ACT_SW_C12_M01_CTRL,356.483209,False,0cd2d39b9ab3999bdbbe7304a7051ca98a51d813131ec9fa7eee74407629483d,True,1171.2569495,66248704,1.8987982235233687,True,196.072915,profiles/L_RING/l_SW_C12_M01_ACT_SW_C12_M01_CTRL.json,081d8e238948041a990d13a881e86a5d32338e8f45cf8fb33f80516299941722,True,1,928,cca8307eb3e3d1eec584758cfcd4bedfd9d26fbaedf9c2c0b53b722cd0874311,L,L_RING,a6b77840d12162894e3a5bcff3bb3f83af3b2b50a44f594c9e2170f107b77cbf,928,1.0,257.189177,693456,10738886,2d70be7044d0fd8c5d2ed6f03a5ea0693d6894b15b20388b5dfbbc0048932c10,True,SUCCESS_H2S,False,RING,2223.980615,True,1440.235683
16,COORD_CC_C12_PLC_C12_M02;COORD_CC_C12_PLC_C12_M03;COORD_CC_C12_PLC_C12_M04;IC_NEXT_CC_C12;IC_PREV_CC_C13;SC_S1_C12_M01;SC_S2_C12_M01;SC_S3_C12_M01;SC_S4_C12_M01;SF_S1_C12_M01;SF_S2_C12_M01;SF_S3_C12_M01;SF_S4_C12_M01;STAT_PLC_C12_M02;STAT_PLC_C12_M03;STAT_PLC_C12_M04,0.017241379310344827,H2S,True,147,101.822112,745130,11107642,False,0.0,19.061517,,l_SW_C12_M01_CTRL_SW_C12_M01_SENS,357.753059,False,0cd2d39b9ab3999bdbbe7304a7051ca98a51d813131ec9fa7eee74407629483d,True,1171.2569495,68575232,2.067592375041016,True,295.192615,profiles/L_RING/l_SW_C12_M01_CTRL_SW_C12_M01_SENS.json,2e5f84f01b88f002ed51aa1ece07f8b739be7b4a41acdae2c06441559ca0089a,True,1,928,8b8e47afd987e5bd53e3a4423c601a80719ff6494f280c23a16c4cf528908e26,L,L_RING,bbf6b79daa87a5cdb4d5be5ee81a7e204bcc0d5e2f6a86d95c296bb1fd3a36a0,928,1.0,255.930947,744633,11106994,dc048b2d81a8a5fde0f59f3d91e1998bdaad1fab6bf7023cf5f2c077fe0069c5,True,SUCCESS_H2S,False,RING,2421.681938,True,1529.41176
8,COORD_CC_C12_PLC_C12_M02;COORD_CC_C12_PLC_C12_M03;COORD_CC_C12_PLC_C12_M04;IC_NEXT_CC_C12;IC_PREV_CC_C13;STAT_PLC_C12_M02;STAT_PLC_C12_M03;STAT_PLC_C12_M04,0.008620689655172414,H2S,True,148,88.829272,361319,7057360,False,0.0,23.634479,,l_SW_C12_M01_SENS_SW_C12_M02_ACT,283.443159,False,0cd2d39b9ab3999bdbbe7304a7051ca98a51d813131ec9fa7eee74407629483d,True,1171.2569495,49258496,1.4128973106255196,True,140.32765,profiles/L_RING/l_SW_C12_M01_SENS_SW_C12_M02_ACT.json,e4c84c363d6873d6b79a5e8b9148db6dfb12092f5e75c30f09261dabf9a698a8,True,1,928,6d3e43065487abe5fd315226fad23cc38ffa81712a4bbd40f76340ef13a0c14c,L,L_RING,d4f44792a77d89c092db04cfc30578e306ee01c1f309324f9e9b30e9c3f70a90,928,1.0,194.61388699999998,360824,7056843,902ff65bb8cddde9458433803958c400b754f8ee29147d8f5ad92329f80a1290,True,SUCCESS_H2S,False,RING,1654.865794,True,1054.645152
12,CMD_PLC_C12_M02_A1_C12_M02;CMD_PLC_C12_M02_A2_C12_M02;CMD_PLC_C12_M02_A3_C12_M02;CMD_PLC_C12_M02_A4_C12_M02;COORD_CC_C12_PLC_C12_M02;COORD_CC_C12_PLC_C12_M03;COORD_CC_C12_PLC_C12_M04;IC_NEXT_CC_C12;IC_PREV_CC_C13;STAT_PLC_C12_M02;STAT_PLC_C12_M03;STAT_PLC_C12_M04,0.01293103448275862,H2S,True,149,99.782746,667067,10523879,False,0.0,23.283587,,l_SW_C12_M02_ACT_SW_C12_M02_CTRL,344.358883,False,0cd2d39b9ab3999bdbbe7304a7051ca98a51d813131ec9fa7eee74407629483d,True,1171.2569495,65105920,1.8885811118937568,True,220.018612,profiles/L_RING/l_SW_C12_M02_ACT_SW_C12_M02_CTRL.json,a7b347bb0b32c11ab3ad725a6a424f771f68231bbd9ecccb801dcc0282b9fdf2,True,1,928,0fc8b3ebbc4d4680b8818e01749ae979aa727fa476f57b2d5b5efc3868dc5456,L,L_RING,01fab6b23a35c244f439fe66787040945259255db3009eaae21d6c48f7854242,928,1.0,244.576137,666712,10523246,d6d9dc9e8ff879750f040677aaadd4ee7a5228d6066511e1a1e50d48ba04e5f0,True,SUCCESS_H2S,False,RING,2212.013752,True,1426.986441
14,COORD_CC_C12_PLC_C12_M03;COORD_CC_C12_PLC_C12_M04;IC_NEXT_CC_C12;IC_PREV_CC_C13;SC_S1_C12_M02;SC_S2_C12_M02;SC_S3_C12_M02;SC_S4_C12_M02;SF_S1_C12_M02;SF_S2_C12_M02;SF_S3_C12_M02;SF_S4_C12_M02;STAT_PLC_C12_M03;STAT_PLC_C12_M04,0.015086206896551725,H2S,True,150,102.539671,718824,10801436,False,0.0,18.972096,,l_SW_C12_M02_CTRL_SW_C12_M02_SENS,374.119998,False,0cd2d39b9ab3999bdbbe7304a7051ca98a51d813131ec9fa7eee74407629483d,True,1171.2569495,67194880,2.0273202391786533,True,313.118867,profiles/L_RING/l_SW_C12_M02_CTRL_SW_C12_M02_SENS.json,c001dfdf59b86a80399e2be94981c67477000055999c1ca0972029ba57fec59e,True,1,928,f8a0c576558d891b2f947c47e6dc4cd22778b3e145bf87e79efa0354262c4dd6,L,L_RING,de0d03859af3b6ff2e0fd41fb5588a7d4affc4eee458e1beb8cdf27ea5be5c4f,928,1.0,271.580327,718350,10800834,94e4a26f666ba6953b01ae448237b5864bfa31efab0dc25c54a1be8a39ac34dc,True,SUCCESS_H2S,False,RING,2374.512919,True,1458.548053
6,COORD_CC_C12_PLC_C12_M03;COORD_CC_C12_PLC_C12_M04;IC_NEXT_CC_C12;IC_PREV_CC_C13;STAT_PLC_C12_M03;STAT_PLC_C12_M04,0.00646551724137931,H2S,True,151,96.719389,333729,6736517,False,0.0,15.71315,,l_SW_C12_M02_SENS_SW_C12_M03_ACT,311.834023,False,0cd2d39b9ab3999bdbbe7304a7051ca98a51d813131ec9fa7eee74407629483d,True,1171.2569495,47591424,1.368074453418643,True,139.916322,profiles/L_RING/l_SW_C12_M02_SENS_SW_C12_M03_ACT.json,131ac1ec5541b8c54d3578b222887f6c02f46b7bf3201804ba450ebf8aad241b,True,1,928,8271d23c6a25e8ac3009f653b0a0197ac0b60996fad6185c10dd6c9ce2b4219d,L,L_RING,d0b7570ac63568c0ca86e38a386e8d879d7532d5421348138ec290c073cbd448,928,1.0,215.114634,333352,6736046,25b47de669f641d99461d286e52b9f5a77d96139123569e6ce20f9228475b005,True,SUCCESS_H2S,False,RING,1602.366711,True,997.908981
10,CMD_PLC_C12_M03_A1_C12_M03;CMD_PLC_C12_M03_A2_C12_M03;CMD_PLC_C12_M03_A3_C12_M03;CMD_PLC_C12_M03_A4_C12_M03;COORD_CC_C12_PLC_C12_M03;COORD_CC_C12_PLC_C12_M04;IC_NEXT_CC_C12;IC_PREV_CC_C13;STAT_PLC_C12_M03;STAT_PLC_C12_M04,0.010775862068965518,H2S,True,152,92.49365800000001,638659,10197124,False,0.0,21.481114,,l_SW_C12_M03_ACT_SW_C12_M03_CTRL,369.49119,False,0cd2d39b9ab3999bdbbe7304a7051ca98a51d813131ec9fa7eee74407629483d,True,1171.2569495,63553536,1.8441193419787687,True,173.387163,profiles/L_RING/l_SW_C12_M03_ACT_SW_C12_M03_CTRL.json,5c5dbafb5daa64f06dd2cd23172ff1b3cd360eb682436f40394d1de206be633b,True,1,928,fdc471dc8330025963506e62cd831e580dc98038f7fccc6fd5c0405d8eace8f2,L,L_RING,906f8955dc5e131af1d20b0fac6c50bf43871b55aeddcce5b8b6f626d152d44a,928,1.0,276.997532,638360,10196537,c9857fd9cdbca2a49648c7fa3bd90563e4c61b7247a1b15d068dd64750e46ace,True,SUCCESS_H2S,False,RING,2159.937595,True,1396.223
12,COORD_CC_C12_PLC_C12_M04;IC_NEXT_CC_C12;IC_PREV_CC_C13;SC_S1_C12_M03;SC_S2_C12_M03;SC_S3_C12_M03;SC_S4_C12_M03;SF_S1_C12_M03;SF_S2_C12_M03;SF_S3_C12_M03;SF_S4_C12_M03;STAT_PLC_C12_M04,0.01293103448275862,H2S,True,153,101.477461,688806,10565319,False,0.0,21.131684,,l_SW_C12_M03_CTRL_SW_C12_M03_SENS,358.470884,False,0cd2d39b9ab3999bdbbe7304a7051ca98a51d813131ec9fa7eee74407629483d,True,1171.2569495,66117632,2.0311245120172496,True,289.261422,profiles/L_RING/l_SW_C12_M03_CTRL_SW_C12_M03_SENS.json,f58e8203c67ee05ad9b3675538497088d2d15b94a66edae60b74a374d3da3ba0,True,1,928,b59f5e4ebf61e9c399f7565bb98f3a90ba4fdbc689e6174859cee3a3f84d6ece,L,L_RING,83ac7c55f544623a233bc70e011cc6c1b890e779cd0fbb3bf508633fbd4c3301,928,1.0,256.993423,688439,10564763,4a23e220cf402c2bb46f5d0c1094d9152c5ef9823efcbfaa0d639d7e5cdb51b6,True,SUCCESS_H2S,False,RING,2378.9687,True,1458.572324
4,COORD_CC_C12_PLC_C12_M04;IC_NEXT_CC_C12;IC_PREV_CC_C13;STAT_PLC_C12_M04,0.004310344827586207,H2S,True,154,88.384291,305874,6426774,False,0.0,18.034441,,l_SW_C12_M03_SENS_SW_C12_M04_ACT,258.26586,False,0cd2d39b9ab3999bdbbe7304a7051ca98a51d813131ec9fa7eee74407629483d,True,1171.2569495,46284800,1.2985957348208672,True,135.870309,profiles/L_RING/l_SW_C12_M03_SENS_SW_C12_M04_ACT.json,8807856ff006bbfe0265cee3c5decc1b25a186224488b663d53f9853a5d19625,True,1,928,22256688a9e01f2bf8529300c1443444f061b070dd3bfbf76962df92f7e83539,L,L_RING,313ed3bf73815b1076b52da9b37c5c408ff5cca56d5e3386d3fa992edf035ed9,928,1.0,169.88156899999996,305533,6426349,46bbfc076ccae0c9ef6af823b1b8a7ba54ea9f9ac3539871897a14d3d330f57e,True,SUCCESS_H2S,False,RING,1520.989279,True,962.517132
8,CMD_PLC_C12_M04_A1_C12_M04;CMD_PLC_C12_M04_A2_C12_M04;CMD_PLC_C12_M04_A3_C12_M04;CMD_PLC_C12_M04_A4_C12_M04;COORD_CC_C12_PLC_C12_M04;IC_NEXT_CC_C12;IC_PREV_CC_C13;STAT_PLC_C12_M04,0.008620689655172414,H2S,True,155,93.022775,611566,9877095,False,0.0,23.556372,,l_SW_C12_M04_ACT_SW_C12_M04_CTRL,343.711177,False,0cd2d39b9ab3999bdbbe7304a7051ca98a51d813131ec9fa7eee74407629483d,True,1171.2569495,62312448,1.7972654470896694,True,188.722607,profiles/L_RING/l_SW_C12_M04_ACT_SW_C12_M04_CTRL.json,99ff47d382053fe8eefaa20e8dc13049d0f0aefb17252bbe6e0f756507f9b559,True,1,928,b7d400d22b198ccb4ca190e10e984127a0ce7b0bd208c05a7fa53e3ea1a410ba,L,L_RING,b5476a07d3e67ab1cb7db5e8cc659e15db024a7754d173c5e81a9d74d0e1913d,928,1.0,250.68840200000002,611198,9876554,0f40d849fa2849a5773cea182b7a26c77173fdc770843d3ea18ad7cadbefa46b,True,SUCCESS_H2S,False,RING,2105.059645,True,1369.491354
10,IC_NEXT_CC_C12;IC_PREV_CC_C13;SC_S1_C12_M04;SC_S2_C12_M04;SC_S3_C12_M04;SC_S4_C12_M04;SF_S1_C12_M04;SF_S2_C12_M04;SF_S3_C12_M04;SF_S4_C12_M04,0.010775862068965518,H2S,True,156,108.798748,659810,10274074,False,0.0,29.701784,,l_SW_C12_M04_CTRL_SW_C12_M04_SENS,334.329587,False,0cd2d39b9ab3999bdbbe7304a7051ca98a51d813131ec9fa7eee74407629483d,True,1171.2569495,64618496,1.9213814858991367,True,205.411719,profiles/L_RING/l_SW_C12_M04_CTRL_SW_C12_M04_SENS.json,76decfc6bf4fa186a1fa4cac14f10edc3caa0e2e895f0dd246c0ab206222c627,True,1,928,5d7970eac82ac25d25ee910dff0fe8d0ba760b406112e82b01f5fde98bcdc054,L,L_RING,b3189e11cba0b6200d5ccf853a998f9199e5bf1ae9679b74c9563aec2aeaa29c,928,1.0,225.53083900000001,659445,10273564,69d9cdd3608dec227ca1bb472ab7d3b0be9d83de474f0f3def3a9892f21e723e,True,SUCCESS_H2S,False,RING,2250.431418,True,1378.228298
2,IC_NEXT_CC_C12;IC_PREV_CC_C13,0.0021551724137931034,H2S,True,157,99.508949,277023,6126314,False,0.0,13.869229,,l_SW_C12_M04_SENS_SW_C13_CC,297.006136,False,0cd2d39b9ab3999bdbbe7304a7051ca98a51d813131ec9fa7eee74407629483d,True,1171.2569495,45191168,1.3492062767905908,True,138.078369,profiles/L_RING/l_SW_C12_M04_SENS_SW_C13_CC.json,fb18f7f1ad3610fdff6916c9f1046db24d61dfcdbfb457f8450e404c89d4a157,True,1,928,7b3f72704ad1e999488e3e1ae1892499ff0284afe8e87939e8247fb23c96e2f6,L,L_RING,329427faf0baa9a5188200ff3c11550240909ca1983d85eef908d38cb81fe394,928,1.0,197.49718700000003,276657,6125950,6cdc5541305ebfeb9f82acb20025a85dc448cead49ad53d51ac997c45d6a4f19,True,SUCCESS_H2S,False,RING,1580.267228,True,1006.305877
10,COORD_CC_C13_PLC_C13_M01;COORD_CC_C13_PLC_C13_M02;COORD_CC_C13_PLC_C13_M03;COORD_CC_C13_PLC_C13_M04;IC_NEXT_CC_C13;IC_PREV_CC_C14;STAT_PLC_C13_M01;STAT_PLC_C13_M02;STAT_PLC_C13_M03;STAT_PLC_C13_M04,0.010775862068965518,H2S,True,158,99.671421,387824,7383073,False,0.0,21.731449,,l_SW_C13_CC_SW_C13_M01_ACT,293.588739,False,0cd2d39b9ab3999bdbbe7304a7051ca98a51d813131ec9fa7eee74407629483d,True,1171.2569495,50618368,1.4664329955380129,True,147.411389,profiles/L_RING/l_SW_C13_CC_SW_C13_M01_ACT.json,fd3b009692ed1cc3fe43ecf2203dd6fb06f409d12b8746f2f21695e2b122e348,True,1,928,7c485390f3eae3549809172ddbeb98b1d0f15f5cade7c9d5bfd041270b3d9db6,L,L_RING,ace05e5c376f9cd9464933474d025b073dad3816ce2c97c5c3d492f1b00de749,928,1.0,193.91731799999997,387380,7382528,91ce1fd5f6594863e3a8127a4e0285a0d8c1c78b8c715cd143efab2ee44c4c6c,True,SUCCESS_H2S,False,RING,1717.569837,True,1096.167058
14,CMD_PLC_C13_M01_A1_C13_M01;CMD_PLC_C13_M01_A2_C13_M01;CMD_PLC_C13_M01_A3_C13_M01;CMD_PLC_C13_M01_A4_C13_M01;COORD_CC_C13_PLC_C13_M01;COORD_CC_C13_PLC_C13_M02;COORD_CC_C13_PLC_C13_M03;COORD_CC_C13_PLC_C13_M04;IC_NEXT_CC_C13;IC_PREV_CC_C14;STAT_PLC_C13_M01;STAT_PLC_C13_M02;STAT_PLC_C13_M03;STAT_PLC_C13_M04,0.015086206896551725,H2S,True,159,106.086028,693483,10844200,False,0.0,21.960005,,l_SW_C13_M01_ACT_SW_C13_M01_CTRL,381.648307,False,0cd2d39b9ab3999bdbbe7304a7051ca98a51d813131ec9fa7eee74407629483d,True,1171.2569495,66248704,1.9278637594969505,True,216.02513,profiles/L_RING/l_SW_C13_M01_ACT_SW_C13_M01_CTRL.json,a06dc3e829bc33be40cc48d4500e17bb08802f382a9f470c95f6cfcdc05f61d6,True,1,928,fa602045783f5e76f4ba5cb78e22be042d0282b7a29f2ab2f9f63923ad4a6203,L,L_RING,753c45199baba173f2348049e36ee99590ed7311f7dfd368845f713b30ef35ce,928,1.0,275.562279,693227,10843521,b87656374279ffce3eba8190ed56c81bd9670e230b42e5412db0b3754d654772,True,SUCCESS_H2S,False,RING,2258.023826,True,1429.438961
16,COORD_CC_C13_PLC_C13_M02;COORD_CC_C13_PLC_C13_M03;COORD_CC_C13_PLC_C13_M04;IC_NEXT_CC_C13;IC_PREV_CC_C14;SC_S1_C13_M01;SC_S2_C13_M01;SC_S3_C13_M01;SC_S4_C13_M01;SF_S1_C13_M01;SF_S2_C13_M01;SF_S3_C13_M01;SF_S4_C13_M01;STAT_PLC_C13_M02;STAT_PLC_C13_M03;STAT_PLC_C13_M04,0.017241379310344827,H2S,True,160,105.245616,745883,11117729,False,0.0,19.715773,,l_SW_C13_M01_CTRL_SW_C13_M01_SENS,368.953419,False,0cd2d39b9ab3999bdbbe7304a7051ca98a51d813131ec9fa7eee74407629483d,True,1171.2569495,68579328,2.0972692269178292,True,281.837418,profiles/L_RING/l_SW_C13_M01_CTRL_SW_C13_M01_SENS.json,c5900f603afd17ec9d90bfc438471fe8e42a5ca04ede0f46e9b0dee405a4f5be,True,1,928,3d941437b9c9288d38d3ae312b789f30aa595674f2c9ca8e3aab66edcddd37b7,L,L_RING,5829c847490419c0ae70a4a47f52760267759ad1f4ee4b35c317544fcdc1d1bb,928,1.0,263.707803,745473,11117081,c709e266bfc5e9a11470c60695531049ccb9fcdf60c6aac87017b2b303efc0b7,True,SUCCESS_H2S,False,RING,2456.441157,True,1550.452469
8,COORD_CC_C13_PLC_C13_M02;COORD_CC_C13_PLC_C13_M03;COORD_CC_C13_PLC_C13_M04;IC_NEXT_CC_C13;IC_PREV_CC_C14;STAT_PLC_C13_M02;STAT_PLC_C13_M03;STAT_PLC_C13_M04,0.008620689655172414,H2S,True,161,84.579115,361212,7054519,False,0.0,17.427501,,l_SW_C13_M01_SENS_SW_C13_M02_ACT,273.861089,False,0cd2d39b9ab3999bdbbe7304a7051ca98a51d813131ec9fa7eee74407629483d,True,1171.2569495,49258496,1.4324864776394652,True,150.962859,profiles/L_RING/l_SW_C13_M01_SENS_SW_C13_M02_ACT.json,13ec494a4815edd53bb16773c485d65030469e4fa9917d5fe1c0c22a76139556,True,1,928,8e8995c5f387c7ae130f53b424c633fcfe73526db189fcd528d0fd26c9509413,L,L_RING,89f11a917fb673c7659926cc0e671a5b8c1e5054a1f64763705896438675bb65,928,1.0,189.281974,360745,7054002,bcec3d6024c98738095ed6d7e90c46a802f633a91f75a99e29289e59aa0300cb,True,SUCCESS_H2S,False,RING,1677.809742,True,1093.815701
12,CMD_PLC_C13_M02_A1_C13_M02;CMD_PLC_C13_M02_A2_C13_M02;CMD_PLC_C13_M02_A3_C13_M02;CMD_PLC_C13_M02_A4_C13_M02;COORD_CC_C13_PLC_C13_M02;COORD_CC_C13_PLC_C13_M03;COORD_CC_C13_PLC_C13_M04;IC_NEXT_CC_C13;IC_PREV_CC_C14;STAT_PLC_C13_M02;STAT_PLC_C13_M03;STAT_PLC_C13_M04,0.01293103448275862,H2S,True,162,102.619601,665896,10410875,False,0.0,21.845144,,l_SW_C13_M02_ACT_SW_C13_M02_CTRL,343.728879,False,0cd2d39b9ab3999bdbbe7304a7051ca98a51d813131ec9fa7eee74407629483d,True,1171.2569495,65093632,1.9422476972035247,True,318.169813,profiles/L_RING/l_SW_C13_M02_ACT_SW_C13_M02_CTRL.json,4aeb9bad51983b036c5a3774494b6d6e4b648d9987f239e6d689aba5c4fee70a,True,1,928,6b10bfe0cbf46816a6d6b722cd7f7988c74485a6e3b289f992994a9ce8c1c0c6,L,L_RING,a3ece588bbc19cbac734a46b29012fc1362b36d189d1f110ce097b2ed5286db7,928,1.0,241.10927800000002,665508,10410242,cc177be64df59a5c08bf75257968f9c65bbd10725771f880ae8baaf92315a97c,True,SUCCESS_H2S,False,RING,2274.871113,True,1384.963373
14,COORD_CC_C13_PLC_C13_M03;COORD_CC_C13_PLC_C13_M04;IC_NEXT_CC_C13;IC_PREV_CC_C14;SC_S1_C13_M02;SC_S2_C13_M02;SC_S3_C13_M02;SC_S4_C13_M02;SF_S1_C13_M02;SF_S2_C13_M02;SF_S3_C13_M02;SF_S4_C13_M02;STAT_PLC_C13_M03;STAT_PLC_C13_M04,0.015086206896551725,H2S,True,163,100.797154,718134,10829199,False,0.0,18.537185,,l_SW_C13_M02_CTRL_SW_C13_M02_SENS,353.082989,False,0cd2d39b9ab3999bdbbe7304a7051ca98a51d813131ec9fa7eee74407629483d,True,1171.2569495,67358720,1.9327595383458598,True,212.448911,profiles/L_RING/l_SW_C13_M02_CTRL_SW_C13_M02_SENS.json,4ec96233dc02f6e1a8c9e6331d8f9e2cd5cd55f47eef05c9ebfddd2db5a91805,True,1,928,efc05dd0d23d7cc9269c30c4f89b4196918ede52b66e1b0de66168d2b044df0e,L,L_RING,6470c48ad6aa603efb24c1ee2b31dd98ae11778a8cdaf7a4eab990b5b24b4377,928,1.0,252.285835,717758,10828597,e766210e364db08d819d7f8afbc710d84a21e9f525092156be799d69172bcd42,True,SUCCESS_H2S,False,RING,2263.758041,True,1460.808633
6,COORD_CC_C13_PLC_C13_M03;COORD_CC_C13_PLC_C13_M04;IC_NEXT_CC_C13;IC_PREV_CC_C14;STAT_PLC_C13_M03;STAT_PLC_C13_M04,0.00646551724137931,H2S,True,164,91.046037,333604,6736225,False,0.0,14.851662,,l_SW_C13_M02_SENS_SW_C13_M03_ACT,272.150633,False,0cd2d39b9ab3999bdbbe7304a7051ca98a51d813131ec9fa7eee74407629483d,True,1171.2569495,47812608,1.3408606110473285,True,135.118888,profiles/L_RING/l_SW_C13_M02_SENS_SW_C13_M03_ACT.json,e8d5811a4d4d06566c8d736fa06becf5c2bb221d170100abb294460f4357d0b7,True,1,928,2e89870caf8280b0cc676cd96717a7b18b08508138300711fbe15f437479cb14,L,L_RING,3157a29997c7f806da39009cd4e71dd5ec55d9b3958cf30598560ef3d86126ef,928,1.0,181.10459600000002,333196,6735754,73a6164c0ce8d97c5c660eeae1acc8dcb7731670ff12a68509c93be02acb853a,True,SUCCESS_H2S,False,RING,1570.492309,True,1006.19841
10,CMD_PLC_C13_M03_A1_C13_M03;CMD_PLC_C13_M03_A2_C13_M03;CMD_PLC_C13_M03_A3_C13_M03;CMD_PLC_C13_M03_A4_C13_M03;COORD_CC_C13_PLC_C13_M03;COORD_CC_C13_PLC_C13_M04;IC_NEXT_CC_C13;IC_PREV_CC_C14;STAT_PLC_C13_M03;STAT_PLC_C13_M04,0.010775862068965518,H2S,True,165,90.42828899999999,638151,10085753,False,0.0,21.296898,,l_SW_C13_M03_ACT_SW_C13_M03_CTRL,361.174025,False,0cd2d39b9ab3999bdbbe7304a7051ca98a51d813131ec9fa7eee74407629483d,True,1171.2569495,63475712,1.9322193545712663,True,257.738863,profiles/L_RING/l_SW_C13_M03_ACT_SW_C13_M03_CTRL.json,02d1dd52943863ffbefd4d14adf3f626df6896b241d105b9d43515a659dc326d,True,1,928,717581b2d207acd00b9cc9720058e49c5d569b3c64d3274b94fa58e6e6f169ab,L,L_RING,98e6bacfae8b6557bf26aa591bc6935606df914815382fdce4760f68534efcc9,928,1.0,270.74573599999997,637915,10085166,193286fe208f118069f3301265352c22bd2ab0f00c87473bfe9fa6f892ee6f6b,True,SUCCESS_H2S,False,RING,2263.125347,True,1395.750539
12,COORD_CC_C13_PLC_C13_M04;IC_NEXT_CC_C13;IC_PREV_CC_C14;SC_S1_C13_M03;SC_S2_C13_M03;SC_S3_C13_M03;SC_S4_C13_M03;SF_S1_C13_M03;SF_S2_C13_M03;SF_S3_C13_M03;SF_S4_C13_M03;STAT_PLC_C13_M04,0.01293103448275862,H2S,True,166,97.630425,690038,10553489,False,0.0,18.237013,,l_SW_C13_M03_CTRL_SW_C13_M03_SENS,334.808154,False,0cd2d39b9ab3999bdbbe7304a7051ca98a51d813131ec9fa7eee74407629483d,True,1171.2569495,65953792,1.8595109586583505,True,193.970321,profiles/L_RING/l_SW_C13_M03_CTRL_SW_C13_M03_SENS.json,380149429aeb6db2280be9f25bc05a9cab108dc6ce7321f7dcd4d3353a820587,True,1,928,09da75efd986c1e89e68a32bfe5d7eebccda84b77bc67f60ff1ce1fd63afffbd,L,L_RING,ccf2a3738ec26f0e32b750474f91375e16175546dcbd525127e33e83cb32cf4a,928,1.0,237.177729,689732,10552933,5ac92f265d1c252f46be763a8f48976ac402f46d8f493a1841c0d36fb98dd5c4,True,SUCCESS_H2S,False,RING,2177.965133,True,1411.981787
4,COORD_CC_C13_PLC_C13_M04;IC_NEXT_CC_C13;IC_PREV_CC_C14;STAT_PLC_C13_M04,0.004310344827586207,H2S,True,167,95.094171,305728,6425539,False,0.0,20.713175,,l_SW_C13_M03_SENS_SW_C13_M04_ACT,270.744973,False,0cd2d39b9ab3999bdbbe7304a7051ca98a51d813131ec9fa7eee74407629483d,True,1171.2569495,46444544,1.3108540859931948,True,159.844021,profiles/L_RING/l_SW_C13_M03_SENS_SW_C13_M04_ACT.json,83f0471040650d4224c195ca6e61d62530d400507b956e0bdfa91ac390083939,True,1,928,94355e1df8aa555e319a414b4d40d76dfc2c6f03e0283df3dcd13011ef45a007,L,L_RING,f516277a1b9f70dc8157b32cd4a25b142d681dc82f919affa943b4ce4867fe7e,928,1.0,175.650802,305333,6425114,ecf8c2f793498dfb5a81fd0d7d4fff28c38888eb6fdd580d3735b3ed151e59f1,True,SUCCESS_H2S,False,RING,1535.346958,True,943.111749
8,CMD_PLC_C13_M04_A1_C13_M04;CMD_PLC_C13_M04_A2_C13_M04;CMD_PLC_C13_M04_A3_C13_M04;CMD_PLC_C13_M04_A4_C13_M04;COORD_CC_C13_PLC_C13_M04;IC_NEXT_CC_C13;IC_PREV_CC_C14;STAT_PLC_C13_M04,0.008620689655172414,H2S,True,168,89.232519,611602,9876518,False,0.0,20.071238,,l_SW_C13_M04_ACT_SW_C13_M04_CTRL,317.588182,False,0cd2d39b9ab3999bdbbe7304a7051ca98a51d813131ec9fa7eee74407629483d,True,1171.2569495,62308352,1.7699000094598798,True,276.874263,profiles/L_RING/l_SW_C13_M04_ACT_SW_C13_M04_CTRL.json,38bc32e5df19145a6aafcedb378318d28e71147a6e2af96213d558b2cfcc0c6f,True,1,928,9d845f0f59b8b092b50d340090bc637a5a788e6f7d0bcd6356fa23dbdd98d0aa,L,L_RING,d57dbe56c27054abdf6dc704868279ad2ecb30cd6b380c5bffb53593c7fbf291,928,1.0,228.35566300000002,611330,9875977,c361d191d210b264c001c16fb2f11bd1fb9fc6c082f4c15004367b5ed0e67267,True,SUCCESS_H2S,False,RING,2073.007686,True,1312.234055
10,IC_NEXT_CC_C13;IC_PREV_CC_C14;SC_S1_C13_M04;SC_S2_C13_M04;SC_S3_C13_M04;SC_S4_C13_M04;SF_S1_C13_M04;SF_S2_C13_M04;SF_S3_C13_M04;SF_S4_C13_M04,0.010775862068965518,H2S,True,169,95.951362,659149,10272344,False,0.0,14.789738,,l_SW_C13_M04_CTRL_SW_C13_M04_SENS,333.371342,False,0cd2d39b9ab3999bdbbe7304a7051ca98a51d813131ec9fa7eee74407629483d,True,1171.2569495,64778240,1.8996134758899887,True,167.850855,profiles/L_RING/l_SW_C13_M04_CTRL_SW_C13_M04_SENS.json,add4be9232ec9fc964c03568a33a89ec7572dd5bb91999bce9f6be30e6bdec62,True,1,928,d4aa238b9e6c0213ae7eca78f2fa129444d7919b01fe534faef24885774dcb26,L,L_RING,305fdc76dbc4d9a5680804afd9e108df32ccaae2ed934c6a98348e2a2ef058f7,928,1.0,237.41998,658810,10271834,375af94bc01526ded9e67a85260072ce3a87d3a023993568fb85056361f56a4a,True,SUCCESS_H2S,False,RING,2224.935485,True,1441.451878
2,IC_NEXT_CC_C13;IC_PREV_CC_C14,0.0021551724137931034,H2S,True,170,91.23263299999999,277118,6126546,False,0.0,19.598736,,l_SW_C13_M04_SENS_SW_C14_CC,262.707038,False,0cd2d39b9ab3999bdbbe7304a7051ca98a51d813131ec9fa7eee74407629483d,True,1171.2569495,45191168,1.2819113642322084,True,174.653842,profiles/L_RING/l_SW_C13_M04_SENS_SW_C14_CC.json,79776a27580d154daf4a48eddef628a910409408d93a5f0654663c337c669daa,True,1,928,02d42563df9603452790a08cf1ca5d6ac4008cbcbcce4cd3938edc929ae24493,L,L_RING,25da2bede217df2eb3b8ec43d79df452fe78d255d27a6ab12d97aca64ff25ccb,928,1.0,171.47440500000002,276742,6126182,fd84ee916e6affc89424a9ceb78dc4dfc130fad61b97c16f3fc3a0a15c57fd51,True,SUCCESS_H2S,False,RING,1501.447594,True,921.358294
10,COORD_CC_C14_PLC_C14_M01;COORD_CC_C14_PLC_C14_M02;COORD_CC_C14_PLC_C14_M03;COORD_CC_C14_PLC_C14_M04;IC_NEXT_CC_C14;IC_PREV_CC_C15;STAT_PLC_C14_M01;STAT_PLC_C14_M02;STAT_PLC_C14_M03;STAT_PLC_C14_M04,0.010775862068965518,H2S,True,171,92.43384999999999,388522,7385264,False,0.0,23.269197,,l_SW_C14_CC_SW_C14_M01_ACT,311.149781,False,0cd2d39b9ab3999bdbbe7304a7051ca98a51d813131ec9fa7eee74407629483d,True,1171.2569495,50454528,1.4810037009731312,True,230.359261,profiles/L_RING/l_SW_C14_CC_SW_C14_M01_ACT.json,694916101a82c96ef19eb9025267a08b191ba713abf486f0137faf153870e3ef,True,1,928,2cfc346513cff4073e4dffe59e86235cd475272af8cdb5121e48626f219282f9,L,L_RING,c8772c8ddf31d53f6d0757f7c80c48c0240d1b3552c2580a3efe0822b1b5fa83,928,1.0,218.715931,388026,7384719,b1418558e7a4997ec820843dfa8a09200efa9e9de401c17cb81cfa7c678e2af8,True,SUCCESS_H2S,False,RING,1734.635877,True,1027.735589
14,CMD_PLC_C14_M01_A1_C14_M01;CMD_PLC_C14_M01_A2_C14_M01;CMD_PLC_C14_M01_A3_C14_M01;CMD_PLC_C14_M01_A4_C14_M01;COORD_CC_C14_PLC_C14_M01;COORD_CC_C14_PLC_C14_M02;COORD_CC_C14_PLC_C14_M03;COORD_CC_C14_PLC_C14_M04;IC_NEXT_CC_C14;IC_PREV_CC_C15;STAT_PLC_C14_M01;STAT_PLC_C14_M02;STAT_PLC_C14_M03;STAT_PLC_C14_M04,0.015086206896551725,H2S,True,172,93.37778800000001,692813,10839596,False,0.0,19.681543,,l_SW_C14_M01_ACT_SW_C14_M01_CTRL,348.075145,False,0cd2d39b9ab3999bdbbe7304a7051ca98a51d813131ec9fa7eee74407629483d,True,1171.2569495,66408448,1.8950935838182619,True,189.946584,profiles/L_RING/l_SW_C14_M01_ACT_SW_C14_M01_CTRL.json,b73accf75bbb9673fbdcd64f437f67c7e6dc3970ee3bafcbb4de4af354270bfd,True,1,928,bda99c7fb9447b4e8ed2a4fb051952d74d43864d657dc126f864ea89c9df79e0,L,L_RING,2286e32fa895f75bc7eb4fff6214fb44a8a3d04cba7ba59ebfc12ffc57a2a7f1,928,1.0,254.697357,692500,10838917,ee1a7dc1bdefa0b0a97a87900474cced3b44f9c90d89462697a29a8c53a8aee0,True,SUCCESS_H2S,False,RING,2219.64153,True,1459.842114
16,COORD_CC_C14_PLC_C14_M02;COORD_CC_C14_PLC_C14_M03;COORD_CC_C14_PLC_C14_M04;IC_NEXT_CC_C14;IC_PREV_CC_C15;SC_S1_C14_M01;SC_S2_C14_M01;SC_S3_C14_M01;SC_S4_C14_M01;SF_S1_C14_M01;SF_S2_C14_M01;SF_S3_C14_M01;SF_S4_C14_M01;STAT_PLC_C14_M02;STAT_PLC_C14_M03;STAT_PLC_C14_M04,0.017241379310344827,H2S,True,173,94.988484,746212,11134900,False,0.0,16.990196,,l_SW_C14_M01_CTRL_SW_C14_M01_SENS,351.573671,False,0cd2d39b9ab3999bdbbe7304a7051ca98a51d813131ec9fa7eee74407629483d,True,1171.2569495,68579328,2.0215123086447906,True,254.664219,profiles/L_RING/l_SW_C14_M01_CTRL_SW_C14_M01_SENS.json,27408d303f3b4e2f9684b92ec708c970996ff00d9f8d2cf18970924513cdfe98,True,1,928,16538783fcd6e8a5194dc4e3a8fcf88843e03bc99ca31a4d173fefc20424f954,L,L_RING,ebb2fb070ba7abea76e6828f8882f94f05a039a0d5f73fe26016a47030558c94,928,1.0,256.585187,745886,11134252,36260c46fc966a826a70cf90e174db597366377e8729b2d75120a403858b03c9,True,SUCCESS_H2S,False,RING,2367.71034,True,1518.657036
8,COORD_CC_C14_PLC_C14_M02;COORD_CC_C14_PLC_C14_M03;COORD_CC_C14_PLC_C14_M04;IC_NEXT_CC_C14;IC_PREV_CC_C15;STAT_PLC_C14_M02;STAT_PLC_C14_M03;STAT_PLC_C14_M04,0.008620689655172414,H2S,True,174,87.50089799999999,361927,7056821,False,0.0,17.9633,,l_SW_C14_M01_SENS_SW_C14_M02_ACT,280.258127,False,0cd2d39b9ab3999bdbbe7304a7051ca98a51d813131ec9fa7eee74407629483d,True,1171.2569495,49258496,1.4602235058072541,True,245.81023,profiles/L_RING/l_SW_C14_M01_SENS_SW_C14_M02_ACT.json,06bffaca6fb8d3735430650981401eab1b2fa5e6c615d93d4ad84a50ee709eb0,True,1,928,11cfb7f746dbcb9af217a392fd922a3f0a056d28be925e828a145ad06d1b928e,L,L_RING,6e965db2153f638dde918bdf1365ed023b05a707b42ea61cf4ac7c6a886e99a5,928,1.0,192.757229,361501,7056304,a65c3cd1f11d2b0bdb35f6fdf332d2b15e586408c9001b250eeee74506c79fa2,True,SUCCESS_H2S,False,RING,1710.296929,True,1023.038994
12,CMD_PLC_C14_M02_A1_C14_M02;CMD_PLC_C14_M02_A2_C14_M02;CMD_PLC_C14_M02_A3_C14_M02;CMD_PLC_C14_M02_A4_C14_M02;COORD_CC_C14_PLC_C14_M02;COORD_CC_C14_PLC_C14_M03;COORD_CC_C14_PLC_C14_M04;IC_NEXT_CC_C14;IC_PREV_CC_C15;STAT_PLC_C14_M02;STAT_PLC_C14_M03;STAT_PLC_C14_M04,0.01293103448275862,H2S,True,175,101.30887399999999,665288,10518827,False,0.0,18.729928,,l_SW_C14_M02_ACT_SW_C14_M02_CTRL,379.278224,False,0cd2d39b9ab3999bdbbe7304a7051ca98a51d813131ec9fa7eee74407629483d,True,1171.2569495,64942080,1.897585914814672,True,189.594117,profiles/L_RING/l_SW_C14_M02_ACT_SW_C14_M02_CTRL.json,71ab9bdd952f50477047071d87580f379507fc14cbbc8a69f5870d0190a85f57,True,1,928,2be9625a485908b2b81acaddf60af3ad7ec4aa4bffa80e13015ebc1a555554c2,L,L_RING,6c0a7f302b7c7fa0030672e09c0463d9b98dffa17f085dadb00c93333e87dd95,928,1.0,277.96935,665163,10518194,7433e5b20f152531547ae89e14be7ef21ee1ffff3e9c08edc2bb53dec9af2fed,True,SUCCESS_H2S,False,RING,2222.56069,True,1416.587275
14,COORD_CC_C14_PLC_C14_M03;COORD_CC_C14_PLC_C14_M04;IC_NEXT_CC_C14;IC_PREV_CC_C15;SC_S1_C14_M02;SC_S2_C14_M02;SC_S3_C14_M02;SC_S4_C14_M02;SF_S1_C14_M02;SF_S2_C14_M02;SF_S3_C14_M02;SF_S4_C14_M02;STAT_PLC_C14_M03;STAT_PLC_C14_M04,0.015086206896551725,H2S,True,176,96.84607000000001,720696,10839209,False,0.0,19.375944,,l_SW_C14_M02_CTRL_SW_C14_M02_SENS,362.043772,False,0cd2d39b9ab3999bdbbe7304a7051ca98a51d813131ec9fa7eee74407629483d,True,1171.2569495,67358720,2.049908563637513,True,285.385,profiles/L_RING/l_SW_C14_M02_CTRL_SW_C14_M02_SENS.json,e21fc8b71831b83261e9f5efbf2a2d71421c596843445b599af912649b2eeb12,True,1,928,65547c566581951bcb12bd7c6debeb0e630aefe2bc04a15618dbe1f5aca91c26,L,L_RING,cfa9154b55d3cd655e182b9a83212a5edc50d8e709d73645f73a68419f88bdde,928,1.0,265.197702,720253,10838607,58ed48c5899a9d26766eee9384234fd8b8744f12da131d1e82083a55698980ef,True,SUCCESS_H2S,False,RING,2400.969651,True,1511.83216
6,COORD_CC_C14_PLC_C14_M03;COORD_CC_C14_PLC_C14_M04;IC_NEXT_CC_C14;IC_PREV_CC_C15;STAT_PLC_C14_M03;STAT_PLC_C14_M04,0.00646551724137931,H2S,True,177,100.016694,334993,6737494,False,0.0,17.618444,,l_SW_C14_M02_SENS_SW_C14_M03_ACT,299.493105,False,0cd2d39b9ab3999bdbbe7304a7051ca98a51d813131ec9fa7eee74407629483d,True,1171.2569495,47812608,1.4113088521742854,True,165.655595,profiles/L_RING/l_SW_C14_M02_SENS_SW_C14_M03_ACT.json,f789b5568c4d6b136288b9bea5d1a3c01c60684052e63369351e0eb43613625b,True,1,928,11cdc2038e284dc5f6f88353796af7bdf5e22d4cbd33f434572a1cb2e2af5a74,L,L_RING,279b87e04da8ea98cbdcc9b490b21d65a46d34543b82773bd5fc914d36267271,928,1.0,199.476411,334550,6737023,50c6d13c329cc36dfef5bb7673effd713e7ca7206e36418ede8f3856db5163c5,True,SUCCESS_H2S,False,RING,1653.005301,True,1027.578322
10,CMD_PLC_C14_M03_A1_C14_M03;CMD_PLC_C14_M03_A2_C14_M03;CMD_PLC_C14_M03_A3_C14_M03;CMD_PLC_C14_M03_A4_C14_M03;COORD_CC_C14_PLC_C14_M03;COORD_CC_C14_PLC_C14_M04;IC_NEXT_CC_C14;IC_PREV_CC_C15;STAT_PLC_C14_M03;STAT_PLC_C14_M04,0.010775862068965518,H2S,True,178,103.34900599999999,637585,10088675,False,0.0,25.310214,,l_SW_C14_M03_ACT_SW_C14_M03_CTRL,382.054674,False,0cd2d39b9ab3999bdbbe7304a7051ca98a51d813131ec9fa7eee74407629483d,True,1171.2569495,63483904,1.8694968503151663,True,193.854667,profiles/L_RING/l_SW_C14_M03_ACT_SW_C14_M03_CTRL.json,bb8868144de8cbe55f2f46ba32444223774e22b711cc83e835a826afae88cc96,True,1,928,5568384a9a74220e3848a82c833cf148c49f95c29d1fb4d36fae78c6d997e347,L,L_RING,4ac8cd5355664e0fd8d120f9cf95127f897424eafe31fde385a511e899ecb0a0,928,1.0,278.705668,637268,10088088,f3aa9fbe4ce21035c3489f5dc5f295c0bdab734ecb355a7d75edadbe39901d27,True,SUCCESS_H2S,False,RING,2189.661178,True,1326.064542
12,COORD_CC_C14_PLC_C14_M04;IC_NEXT_CC_C14;IC_PREV_CC_C15;SC_S1_C14_M03;SC_S2_C14_M03;SC_S3_C14_M03;SC_S4_C14_M03;SF_S1_C14_M03;SF_S2_C14_M03;SF_S3_C14_M03;SF_S4_C14_M03;STAT_PLC_C14_M04,0.01293103448275862,H2S,True,179,101.697985,689449,10463082,False,0.0,19.124256,,l_SW_C14_M03_CTRL_SW_C14_M03_SENS,369.566917,False,0cd2d39b9ab3999bdbbe7304a7051ca98a51d813131ec9fa7eee74407629483d,True,1171.2569495,66117632,1.9436560943965608,True,255.377172,profiles/L_RING/l_SW_C14_M03_CTRL_SW_C14_M03_SENS.json,1e9a1162f3c2c0b94cdbe82bbc74ae27749d0fb3e4b8d384fe3b063f29da8dca,True,1,928,d9664c8220781c73b784ffb67a89da0909df1845c7e96c37019c5dbb29fac881,L,L_RING,5b40fbd3bdda0a00f8eb1744509905087fd57a66a8f7ebaa6cb2f2094d6470e4,928,1.0,267.868932,689088,10462526,5aa8c9d3d4c17190a4dcf35e77bbecc2db7f5dbfa565bb5ee9bdbbac63bb8ee1,True,SUCCESS_H2S,False,RING,2276.520708,True,1419.422024
4,COORD_CC_C14_PLC_C14_M04;IC_NEXT_CC_C14;IC_PREV_CC_C15;STAT_PLC_C14_M04,0.004310344827586207,H2S,True,180,95.860322,305923,6425903,False,0.0,10.077176,,l_SW_C14_M03_SENS_SW_C14_M04_ACT,248.199536,False,0cd2d39b9ab3999bdbbe7304a7051ca98a51d813131ec9fa7eee74407629483d,True,1171.2569495,46448640,1.2942776285315865,True,169.218192,profiles/L_RING/l_SW_C14_M03_SENS_SW_C14_M04_ACT.json,af8a05cbb6a221dd1a65f474f26b9aec532aa4df113094cc2500e587d47334cb,True,1,928,559faf94ed7d31c8d327ee3c17a2d6e64db4bee26c91f85aed71f801ae44d689,L,L_RING,071261afbd5102dd88e7c0f13e58ad468a1e8c04a405ca40a03f323b07f35976,928,1.0,152.339214,305501,6425478,9b205c530a2e27ade3c13b11629056b6eff58187f2e6cd9aea12ea7039308a4f,True,SUCCESS_H2S,False,RING,1515.931667,True,994.892027
8,CMD_PLC_C14_M04_A1_C14_M04;CMD_PLC_C14_M04_A2_C14_M04;CMD_PLC_C14_M04_A3_C14_M04;CMD_PLC_C14_M04_A4_C14_M04;COORD_CC_C14_PLC_C14_M04;IC_NEXT_CC_C14;IC_PREV_CC_C15;STAT_PLC_C14_M04,0.008620689655172414,H2S,True,181,106.658615,610938,9869553,False,0.0,34.466028,,l_SW_C14_M04_ACT_SW_C14_M04_CTRL,347.357549,False,0cd2d39b9ab3999bdbbe7304a7051ca98a51d813131ec9fa7eee74407629483d,True,1171.2569495,62472192,1.7941135554389296,True,134.032933,profiles/L_RING/l_SW_C14_M04_ACT_SW_C14_M04_CTRL.json,74150d15fd33e18dc5b977dab1822afeff3918997329bb501c79400e1cc4bd65,True,1,928,ececc8543fc9dc0a2a184aa41ed0bf63be0b506c1b4ae801fa54464efea26dd9,L,L_RING,b68c70c67f92dd4dfc281b10d1a23c1aaffc2daf1d028058b5a2f2758bb628db,928,1.0,240.698934,610703,9869012,1779258a26ca9ddcbe6b05d243eded473166dc425f2ca9902a84246f7488478f,True,SUCCESS_H2S,False,RING,2101.36797,True,1384.568417
10,IC_NEXT_CC_C14;IC_PREV_CC_C15;SC_S1_C14_M04;SC_S2_C14_M04;SC_S3_C14_M04;SC_S4_C14_M04;SF_S1_C14_M04;SF_S2_C14_M04;SF_S3_C14_M04;SF_S4_C14_M04,0.010775862068965518,H2S,True,182,103.32585399999999,660185,10277315,False,0.0,21.139453,,l_SW_C14_M04_CTRL_SW_C14_M04_SENS,370.158224,False,0cd2d39b9ab3999bdbbe7304a7051ca98a51d813131ec9fa7eee74407629483d,True,1171.2569495,64618496,1.912352162312613,True,250.212711,profiles/L_RING/l_SW_C14_M04_CTRL_SW_C14_M04_SENS.json,ae82603f3a043d83f27a4201cb954e57e50e0bb5104fe8599d9a53bc1c0173da,True,1,928,17622b6c75aa1c84a47dcb077a752c07e60143386e9f3ad1b2a32ba0471f9986,L,L_RING,ded3c8eddd641248e6102c14beeded110b5ff48315e9ae30a5c5ca5dd9284d26,928,1.0,266.83237,659875,10276805,8738a633c4c3985cd042ca79b8b1f738fc298e3ac3f0b57d0f77a52537c8938b,True,SUCCESS_H2S,False,RING,2239.85576,True,1392.28351
2,IC_NEXT_CC_C14;IC_PREV_CC_C15,0.0021551724137931034,H2S,True,183,96.59957700000001,277177,6125913,False,0.0,14.722798,,l_SW_C14_M04_SENS_SW_C15_CC,291.445567,False,0cd2d39b9ab3999bdbbe7304a7051ca98a51d813131ec9fa7eee74407629483d,True,1171.2569495,45027328,1.2875678540424318,True,150.555055,profiles/L_RING/l_SW_C14_M04_SENS_SW_C15_CC.json,0feadb95e1107a74257f9fcd14a91ee4068678132b8061ba7a05e8e7ad93e63e,True,1,928,bef8019a93501adbca69c438520857e12af0bc92d045967cfd245fc36725d5a3,L,L_RING,b07a1a05d09359a45efc7297e0e52048051b40fd5611345005e8f5821151d566,928,1.0,194.84598999999997,276804,6125549,9f113f908c5a325c791e81f876d489c02761c3888b3b8f3aa73cf4168b133f30,True,SUCCESS_H2S,False,RING,1508.072797,True,919.74956
10,COORD_CC_C15_PLC_C15_M01;COORD_CC_C15_PLC_C15_M02;COORD_CC_C15_PLC_C15_M03;COORD_CC_C15_PLC_C15_M04;IC_NEXT_CC_C15;IC_PREV_CC_C16;STAT_PLC_C15_M01;STAT_PLC_C15_M02;STAT_PLC_C15_M03;STAT_PLC_C15_M04,0.010775862068965518,H2S,True,184,90.82601199999999,388002,7383326,False,0.0,22.3669,,l_SW_C15_CC_SW_C15_M01_ACT,320.240935,False,0cd2d39b9ab3999bdbbe7304a7051ca98a51d813131ec9fa7eee74407629483d,True,1171.2569495,50450432,1.548699057687,True,212.193966,profiles/L_RING/l_SW_C15_CC_SW_C15_M01_ACT.json,b9219f91b3078ba9654eb0c7ee656d434780c9ba54b5c35129c77492d8004b60,True,1,928,0aef42fcbc5caeda9a38ff83ad86305d49cc112f1a075957cac3690e83d44b65,L,L_RING,6fb5a728a3607018f8f0d270b7cbf9330b773f4acd9a6b7186b795aa02a46d91,928,1.0,229.414923,387591,7382781,4d8cf581c5c280738f506f648292e5d85b770eb783218791879c4a7999045a13,True,SUCCESS_H2S,False,RING,1813.924534,True,1092.099895
14,CMD_PLC_C15_M01_A1_C15_M01;CMD_PLC_C15_M01_A2_C15_M01;CMD_PLC_C15_M01_A3_C15_M01;CMD_PLC_C15_M01_A4_C15_M01;COORD_CC_C15_PLC_C15_M01;COORD_CC_C15_PLC_C15_M02;COORD_CC_C15_PLC_C15_M03;COORD_CC_C15_PLC_C15_M04;IC_NEXT_CC_C15;IC_PREV_CC_C16;STAT_PLC_C15_M01;STAT_PLC_C15_M02;STAT_PLC_C15_M03;STAT_PLC_C15_M04,0.015086206896551725,H2S,True,185,101.102092,691760,10826346,False,0.0,20.488929,,l_SW_C15_M01_ACT_SW_C15_M01_CTRL,377.584261,False,0cd2d39b9ab3999bdbbe7304a7051ca98a51d813131ec9fa7eee74407629483d,True,1171.2569495,66412544,1.9110297590597134,True,201.587067,profiles/L_RING/l_SW_C15_M01_ACT_SW_C15_M01_CTRL.json,e31bb69e5e298407bc11c71b26b2679c6fea099657d65553c39649874660ca42,True,1,928,a8a01b7481157eb47b04e3c26a27efeeb63936800f389264e76961d0caa461a1,L,L_RING,3b86da49322f0a24c9fd4a95202280e57025ce97903fb1a177f79284e63d2330,928,1.0,276.482169,691388,10825667,048df94e6d36b342a64ec5bb7b483981d9aacc36aafd997c601ec077e7220ff5,True,SUCCESS_H2S,False,RING,2238.306886,True,1425.627518
16,COORD_CC_C15_PLC_C15_M02;COORD_CC_C15_PLC_C15_M03;COORD_CC_C15_PLC_C15_M04;IC_NEXT_CC_C15;IC_PREV_CC_C16;SC_S1_C15_M01;SC_S2_C15_M01;SC_S3_C15_M01;SC_S4_C15_M01;SF_S1_C15_M01;SF_S2_C15_M01;SF_S3_C15_M01;SF_S4_C15_M01;STAT_PLC_C15_M02;STAT_PLC_C15_M03;STAT_PLC_C15_M04,0.017241379310344827,H2S,True,186,108.341452,745210,11193420,False,0.0,19.742995,,l_SW_C15_M01_CTRL_SW_C15_M01_SENS,387.426748,False,0cd2d39b9ab3999bdbbe7304a7051ca98a51d813131ec9fa7eee74407629483d,True,1171.2569495,68575232,2.064982900662823,True,302.885952,profiles/L_RING/l_SW_C15_M01_CTRL_SW_C15_M01_SENS.json,fdb46cec8468428e4141ec2db2ca4cfafb67689f1210cff75fa5cf58679a4645,True,1,928,2d3bc49999b2ea1a9532c77ffb3771811d4cd0367da159e3bb0090a5c5167b58,L,L_RING,aed73a948b8918e9911de39e1ef121957c66849e82444c976521de3020df6aca,928,1.0,279.08529599999997,744724,11192772,43990617f618ef3dea7cb2283d0a96f43013db2fc0bed9e276961a90fc78ceb4,True,SUCCESS_H2S,False,RING,2418.625573,True,1486.962359
8,COORD_CC_C15_PLC_C15_M02;COORD_CC_C15_PLC_C15_M03;COORD_CC_C15_PLC_C15_M04;IC_NEXT_CC_C15;IC_PREV_CC_C16;STAT_PLC_C15_M02;STAT_PLC_C15_M03;STAT_PLC_C15_M04,0.008620689655172414,H2S,True,187,103.538987,361885,7054742,False,0.0,21.414529,,l_SW_C15_M01_SENS_SW_C15_M02_ACT,304.143088,False,0cd2d39b9ab3999bdbbe7304a7051ca98a51d813131ec9fa7eee74407629483d,True,1171.2569495,49254400,1.378704301980323,True,147.612672,profiles/L_RING/l_SW_C15_M01_SENS_SW_C15_M02_ACT.json,a2689ae53269687c0e8d2e7b944b972cb46b480348f92e2ecdc0ba72a32203c1,True,1,928,21e06282876bbf02c0ad35c86d5ebec38d07f221275e308ab345ba8a8f674d01,L,L_RING,067b16139a991264c37222c0fa06733f525d40afc9ae56ae27e4d7a16175213d,928,1.0,200.60410099999996,361470,7054225,55ee6daec69698192573a4ac04eaf0dd65e1c83e3eb7e3f86c0582f720c81f9e,True,SUCCESS_H2S,False,RING,1614.816995,True,999.914805
12,CMD_PLC_C15_M02_A1_C15_M02;CMD_PLC_C15_M02_A2_C15_M02;CMD_PLC_C15_M02_A3_C15_M02;CMD_PLC_C15_M02_A4_C15_M02;COORD_CC_C15_PLC_C15_M02;COORD_CC_C15_PLC_C15_M03;COORD_CC_C15_PLC_C15_M04;IC_NEXT_CC_C15;IC_PREV_CC_C16;STAT_PLC_C15_M02;STAT_PLC_C15_M03;STAT_PLC_C15_M04,0.01293103448275862,H2S,True,188,104.133028,664410,10519483,False,0.0,22.908563,,l_SW_C15_M02_ACT_SW_C15_M02_CTRL,373.700821,False,0cd2d39b9ab3999bdbbe7304a7051ca98a51d813131ec9fa7eee74407629483d,True,1171.2569495,64933888,1.884032840054453,True,240.569421,profiles/L_RING/l_SW_C15_M02_ACT_SW_C15_M02_CTRL.json,f08b1e369f13e20c5031f0674bb66d18a755cb15ec7b58d36160dc37493abc44,True,1,928,6930ddcdd940ada44bfa50001b99db92bcf4ca2cbb396f202dbfac4d70040453,L,L_RING,5c6dbe7ca1effa6a608deeff613074a42a8405e807e5667448471f74c4764cdf,928,1.0,269.56779300000005,664165,10518850,0498c6adfc67fbc2359a5a21ae2618c299d96686a683bc95ee1209f697b2938e,True,SUCCESS_H2S,False,RING,2206.686557,True,1359.825996
14,COORD_CC_C15_PLC_C15_M03;COORD_CC_C15_PLC_C15_M04;IC_NEXT_CC_C15;IC_PREV_CC_C16;SC_S1_C15_M02;SC_S2_C15_M02;SC_S3_C15_M02;SC_S4_C15_M02;SF_S1_C15_M02;SF_S2_C15_M02;SF_S3_C15_M02;SF_S4_C15_M02;STAT_PLC_C15_M03;STAT_PLC_C15_M04,0.015086206896551725,H2S,True,189,107.007865,719563,10849757,False,0.0,20.592209,,l_SW_C15_M02_CTRL_SW_C15_M02_SENS,398.788293,False,0cd2d39b9ab3999bdbbe7304a7051ca98a51d813131ec9fa7eee74407629483d,True,1171.2569495,67358720,2.0945207813257887,True,337.09967,profiles/L_RING/l_SW_C15_M02_CTRL_SW_C15_M02_SENS.json,31c1a4e142101df1077e37f17dd5c73f168a3dc8dc9d1e0eb3be2e32463119ba,True,1,928,e03412efa4faf72485f013c771f80bbad2b3382b19e3256455611a009b57b73e,L,L_RING,6a8fc53f0651ca776f8eef8761a86b0f952b99343fdbe05036b387188f84d16a,928,1.0,291.78042800000003,719201,10849155,a2d9eaae04a38cebcbd3a58c2c8decf40c59681b37b164d136497bce36a9b1d8,True,SUCCESS_H2S,False,RING,2453.222021,True,1474.165796
6,COORD_CC_C15_PLC_C15_M03;COORD_CC_C15_PLC_C15_M04;IC_NEXT_CC_C15;IC_PREV_CC_C16;STAT_PLC_C15_M03;STAT_PLC_C15_M04,0.00646551724137931,H2S,True,190,87.64835599999999,334878,6735405,False,0.0,17.753545,,l_SW_C15_M02_SENS_SW_C15_M03_ACT,290.599253,False,0cd2d39b9ab3999bdbbe7304a7051ca98a51d813131ec9fa7eee74407629483d,True,1171.2569495,47591424,1.3566938174226817,True,137.362922,profiles/L_RING/l_SW_C15_M02_SENS_SW_C15_M03_ACT.json,817e5cd2e7353cc9519d4be5a5d798ad01cb596589c92cca7c0e3311cf3de084,True,1,928,7750756ea18677962832750dc0eb5c7ffdd5ac3632c0df402758adb734a62f3a,L,L_RING,fa7f7c67e0c2155ec93e7c7de0c1c2376f5b3c5714f1e25bbffda2c4865aee9a,928,1.0,202.950897,334446,6734934,9212228ce9f37112a37b25f1e8ff119bc7b0706fb97c56fafd947a338f0ac855,True,SUCCESS_H2S,False,RING,1589.037062,True,1003.194161
10,CMD_PLC_C15_M03_A1_C15_M03;CMD_PLC_C15_M03_A2_C15_M03;CMD_PLC_C15_M03_A3_C15_M03;CMD_PLC_C15_M03_A4_C15_M03;COORD_CC_C15_PLC_C15_M03;COORD_CC_C15_PLC_C15_M04;IC_NEXT_CC_C15;IC_PREV_CC_C16;STAT_PLC_C15_M03;STAT_PLC_C15_M04,0.010775862068965518,H2S,True,191,109.619197,637209,10202303,False,0.0,22.928038,,l_SW_C15_M03_ACT_SW_C15_M03_CTRL,385.033265,False,0cd2d39b9ab3999bdbbe7304a7051ca98a51d813131ec9fa7eee74407629483d,True,1171.2569495,63553536,1.8037601056726962,True,199.755601,profiles/L_RING/l_SW_C15_M03_ACT_SW_C15_M03_CTRL.json,c43d996e9b7528c4344e4f2278a7dcd7ae3e24f9898dd421ac8f1fff648ed039,True,1,928,9c55deec9922f3a99ac0254074fbccbbbcde4e786028131383d7ceca0d63557e,L,L_RING,fe12eaa419461ecd6824300b992346aade2ad5add81635460587ae25a12e6374,928,1.0,275.414068,636836,10201716,164e595c1c0e18e24be7d38fd1d4e258872eb2a867118b2046bfea0b9badbe94,True,SUCCESS_H2S,False,RING,2112.666559,True,1338.003649
12,COORD_CC_C15_PLC_C15_M04;IC_NEXT_CC_C15;IC_PREV_CC_C16;SC_S1_C15_M03;SC_S2_C15_M03;SC_S3_C15_M03;SC_S4_C15_M03;SF_S1_C15_M03;SF_S2_C15_M03;SF_S3_C15_M03;SF_S4_C15_M03;STAT_PLC_C15_M04,0.01293103448275862,H2S,True,192,114.435142,690355,10563669,False,0.0,10.945612,,l_SW_C15_M03_CTRL_SW_C15_M03_SENS,409.042209,False,0cd2d39b9ab3999bdbbe7304a7051ca98a51d813131ec9fa7eee74407629483d,True,1171.2569495,66117632,2.048474985804129,True,252.038036,profiles/L_RING/l_SW_C15_M03_CTRL_SW_C15_M03_SENS.json,a417bc540dd0fee95eba32531b9ee9fdd844b1a44d9b7d033a16a000a6055be3,True,1,928,5415732d6072d908ab79653f7ceec68a8a8f40fe39c9eefdb5422addd4f538f1,L,L_RING,62dafdc6933432c04dfb82122da5ddfd8e40d2d7d949824f3939342a439cbc12,928,1.0,294.60706700000003,690041,10563113,b6af6c92b652f0885a7c14205004bca0a2c30f63789155ffcf165f87370b9567,True,SUCCESS_H2S,False,RING,2399.290563,True,1494.061902
4,COORD_CC_C15_PLC_C15_M04;IC_NEXT_CC_C15;IC_PREV_CC_C16;STAT_PLC_C15_M04,0.004310344827586207,H2S,True,193,92.10494,305597,6426456,False,0.0,13.980967,,l_SW_C15_M03_SENS_SW_C15_M04_ACT,299.180237,False,0cd2d39b9ab3999bdbbe7304a7051ca98a51d813131ec9fa7eee74407629483d,True,1171.2569495,46448640,1.3116102778778005,True,133.632166,profiles/L_RING/l_SW_C15_M03_SENS_SW_C15_M04_ACT.json,11e07e33a2ac6f48a26be82d8a99c4705980e687391f8777c16a7039f5e0044b,True,1,928,b97eaef311da4703e8937d89c6ea4d7a6944bd7b6e6aefb3af2304628c8f2f01,L,L_RING,9033816d4410b3ec1e007ae9869d1e497582097ca3bd946e3244e76a2ad0ef0a,928,1.0,207.07529699999998,305268,6426031,9d32f5eba3038214fc70d5b19e4f59c2cb8fcefccbd2d61506bbae555e3a7ff2,True,SUCCESS_H2S,False,RING,1536.232653,True,969.407037
8,CMD_PLC_C15_M04_A1_C15_M04;CMD_PLC_C15_M04_A2_C15_M04;CMD_PLC_C15_M04_A3_C15_M04;CMD_PLC_C15_M04_A4_C15_M04;COORD_CC_C15_PLC_C15_M04;IC_NEXT_CC_C15;IC_PREV_CC_C16;STAT_PLC_C15_M04,0.008620689655172414,H2S,True,194,103.37508600000001,609347,9771383,False,0.0,25.028679,,l_SW_C15_M04_ACT_SW_C15_M04_CTRL,375.357995,False,0cd2d39b9ab3999bdbbe7304a7051ca98a51d813131ec9fa7eee74407629483d,True,1171.2569495,62353408,1.8027200093893658,True,179.318907,profiles/L_RING/l_SW_C15_M04_ACT_SW_C15_M04_CTRL.json,2292ebbc98d83c7c5a8b08c03660dd990b049a4128df1a3a59800b22dcce7869,True,1,928,f98b743cd7e97593bc4eee70b08eddfc4fdaf5978c3427673957568d05ecd724,L,L_RING,ac0b79a7b19a127e4897d141b9208c124730d86165f57889b8c63ed3ac4c4dc2,928,1.0,271.982909,609024,9770842,ff75988a6b00c155fb3921c035d834ea8e13fb3c225f3040d24df8d812a5bd59,True,SUCCESS_H2S,False,RING,2111.448339,True,1341.907103
10,IC_NEXT_CC_C15;IC_PREV_CC_C16;SC_S1_C15_M04;SC_S2_C15_M04;SC_S3_C15_M04;SC_S4_C15_M04;SF_S1_C15_M04;SF_S2_C15_M04;SF_S3_C15_M04;SF_S4_C15_M04,0.010775862068965518,H2S,True,195,115.551361,660845,10268778,False,0.0,26.915165,,l_SW_C15_M04_CTRL_SW_C15_M04_SENS,442.466691,False,0cd2d39b9ab3999bdbbe7304a7051ca98a51d813131ec9fa7eee74407629483d,True,1171.2569495,64782336,2.085214494601383,True,308.842014,profiles/L_RING/l_SW_C15_M04_CTRL_SW_C15_M04_SENS.json,32ae9fc92b396dd75abd8e90613ef76ae0e8302456fc7bae5125973a8deb13fe,True,1,928,c23d32384e9acd8fb48c1dff1ecf8457898ff95583acdb1920ed85a803b2a379,L,L_RING,366bf40f3df3793cf368aecd87564a0227307a68aafcce33904d0aefba172a57,928,1.0,326.91533000000004,660465,10268268,9f9072e251d70b43f70cbad6b479c349cba181d77781ac9219ef9943f2a4c86b,True,SUCCESS_H2S,False,RING,2442.321968,True,1421.771971
2,IC_NEXT_CC_C15;IC_PREV_CC_C16,0.0021551724137931034,H2S,True,196,98.23236,277116,6126515,False,0.0,16.985278,,l_SW_C15_M04_SENS_SW_C16_CC,282.377654,False,0cd2d39b9ab3999bdbbe7304a7051ca98a51d813131ec9fa7eee74407629483d,True,1171.2569495,45187072,1.2735048100561985,True,125.122285,profiles/L_RING/l_SW_C15_M04_SENS_SW_C16_CC.json,2db9de84c4107e5495b670371fab94c7b4bd72782e3752d1984efbafd39b2ca5,True,1,928,3ae14ba87c26abf9642bcc8fc14fe445eec5728b569e99b8307b5ef5259bd868,L,L_RING,346ec4cc88b801e3c7d5ec62d9ca0163bd15be3727aee943ba4f85fa5137b2cb,928,1.0,184.145294,276746,6126151,9aa663e47a16cc29e476925e252524a5cdeeb1a3a45c2fb208fb6f0dd52ee015,True,SUCCESS_H2S,False,RING,1491.601359,True,941.173597
10,COORD_CC_C16_PLC_C16_M01;COORD_CC_C16_PLC_C16_M02;COORD_CC_C16_PLC_C16_M03;COORD_CC_C16_PLC_C16_M04;IC_NEXT_CC_C16;IC_PREV_CC_C01;STAT_PLC_C16_M01;STAT_PLC_C16_M02;STAT_PLC_C16_M03;STAT_PLC_C16_M04,0.010775862068965518,H2S,True,197,102.096655,386049,7384362,False,0.0,22.589124,,l_SW_C16_CC_SW_C16_M01_ACT,345.295543,False,0cd2d39b9ab3999bdbbe7304a7051ca98a51d813131ec9fa7eee74407629483d,True,1171.2569495,50614272,1.5379393622970345,True,181.349307,profiles/L_RING/l_SW_C16_CC_SW_C16_M01_ACT.json,dd6e0c5cf9fcdb8ae39d967081bd8528d395f5d762a6d50ae66770b41d6fca2c,True,1,928,397a4ab6f5b1eeed6143368da532372cb667dae619286f64e4349627716b3f06,L,L_RING,48019e3b7086044ba607f888e87f0413fca2fc812ba4a23ca88bf7ec33cbe02d,928,1.0,243.198888,385592,7383817,c186c8934694d353f0a6e8073ed7f6fe2b73c64e32b43cb71fb2adbd0e2b0cdf,True,SUCCESS_H2S,False,RING,1801.322166,True,1099.570463
14,CMD_PLC_C16_M01_A1_C16_M01;CMD_PLC_C16_M01_A2_C16_M01;CMD_PLC_C16_M01_A3_C16_M01;CMD_PLC_C16_M01_A4_C16_M01;COORD_CC_C16_PLC_C16_M01;COORD_CC_C16_PLC_C16_M02;COORD_CC_C16_PLC_C16_M03;COORD_CC_C16_PLC_C16_M04;IC_NEXT_CC_C16;IC_PREV_CC_C01;STAT_PLC_C16_M01;STAT_PLC_C16_M02;STAT_PLC_C16_M03;STAT_PLC_C16_M04,0.015086206896551725,H2S,True,198,100.651125,689448,10837737,False,0.0,22.575948,,l_SW_C16_M01_ACT_SW_C16_M01_CTRL,354.447703,False,0cd2d39b9ab3999bdbbe7304a7051ca98a51d813131ec9fa7eee74407629483d,True,1171.2569495,66252800,1.8489436036426266,True,230.045973,profiles/L_RING/l_SW_C16_M01_ACT_SW_C16_M01_CTRL.json,1168972ad539378015eb6207dd39cd731180adab4ecb35fa854454539dc9e500,True,1,928,fd3fc959751e8959494ce6941712069213214b95c2de8713b3c29a77bb0d77f7,L,L_RING,7b65f7aa273e779f40f27c9b51336280a39ce619a0cd6006fe2f24db2a384937,928,1.0,253.796578,689200,10837058,80151632bc1f317509856c34821d13248d525ef7d5a590e78a49b5af97ea393b,True,SUCCESS_H2S,False,RING,2165.588045,True,1342.559676
16,COORD_CC_C16_PLC_C16_M02;COORD_CC_C16_PLC_C16_M03;COORD_CC_C16_PLC_C16_M04;IC_NEXT_CC_C16;IC_PREV_CC_C01;SC_S1_C16_M01;SC_S2_C16_M01;SC_S3_C16_M01;SC_S4_C16_M01;SF_S1_C16_M01;SF_S2_C16_M01;SF_S3_C16_M01;SF_S4_C16_M01;STAT_PLC_C16_M02;STAT_PLC_C16_M03;STAT_PLC_C16_M04,0.017241379310344827,H2S,True,199,101.330185,745219,11152672,False,0.0,16.390397,,l_SW_C16_M01_CTRL_SW_C16_M01_SENS,355.075205,False,0cd2d39b9ab3999bdbbe7304a7051ca98a51d813131ec9fa7eee74407629483d,True,1171.2569495,68423680,1.9621977039121081,True,254.10252,profiles/L_RING/l_SW_C16_M01_CTRL_SW_C16_M01_SENS.json,5fe22f17582791766304dd51c235a00435634543364783b8f973ed1227d590e5,True,1,928,69527c1a33035228f6efeb3b571ff14050375e6e6bab01700e0a845f161f5b66,L,L_RING,55753aa3bf2e95a7dd3f7c1afc4444e8c90115c54b7380086d166a662c13871c,928,1.0,253.74501999999998,744846,11152024,8fb09b4b8932a460277091f2dc4dd1770860e849fdde3a0f3c901058894a5a94,True,SUCCESS_H2S,False,RING,2298.237697,True,1422.351034
8,COORD_CC_C16_PLC_C16_M02;COORD_CC_C16_PLC_C16_M03;COORD_CC_C16_PLC_C16_M04;IC_NEXT_CC_C16;IC_PREV_CC_C01;STAT_PLC_C16_M02;STAT_PLC_C16_M03;STAT_PLC_C16_M04,0.008620689655172414,H2S,True,200,100.722104,360121,7055269,False,0.0,19.940624,,l_SW_C16_M01_SENS_SW_C16_M02_ACT,299.336665,False,0cd2d39b9ab3999bdbbe7304a7051ca98a51d813131ec9fa7eee74407629483d,True,1171.2569495,49262592,1.4350118551847277,True,141.64909,profiles/L_RING/l_SW_C16_M01_SENS_SW_C16_M02_ACT.json,01c77c9e021277c605a6399491bbdca0d354b1b53ec8987430076cf3c11c1ed3,True,1,928,d0aa5a04ef838f1f23ddaeadfb188ba050d001925651ebed6ffb944e1edbf82c,L,L_RING,a1f854dff93dbb9c98ebaf5118a538622f56ed03aa395e2f7eaa613c235d622f,928,1.0,198.61456099999998,359641,7054752,5c2d0cd8ad2b2085cb11d35b276708215080cd59df45fbe2f468c4f84c052fd1,True,SUCCESS_H2S,False,RING,1680.767608,True,1066.342176
12,CMD_PLC_C16_M02_A1_C16_M02;CMD_PLC_C16_M02_A2_C16_M02;CMD_PLC_C16_M02_A3_C16_M02;CMD_PLC_C16_M02_A4_C16_M02;COORD_CC_C16_PLC_C16_M02;COORD_CC_C16_PLC_C16_M03;COORD_CC_C16_PLC_C16_M04;IC_NEXT_CC_C16;IC_PREV_CC_C01;STAT_PLC_C16_M02;STAT_PLC_C16_M03;STAT_PLC_C16_M04,0.01293103448275862,H2S,True,201,97.558851,661988,10516377,False,0.0,25.533863,,l_SW_C16_M02_ACT_SW_C16_M02_CTRL,370.657298,False,0cd2d39b9ab3999bdbbe7304a7051ca98a51d813131ec9fa7eee74407629483d,True,1171.2569495,64942080,2.008388009141968,True,302.0998,profiles/L_RING/l_SW_C16_M02_ACT_SW_C16_M02_CTRL.json,a4d09bcfa92945a0760386c81983ea7b801f35665f71c7e72a22e5c6798ba04d,True,1,928,36253c5c68eee8980fc406d31e3a4864ba001ecafe58f90c2daba2863f75b408,L,L_RING,3c3a5c9169ca83f68a67175abc8049e70ff8f3e18b7f69511a3b8169eca8f87b,928,1.0,273.098447,661702,10515744,0502f2b1f15b7e0724547f88e59c7b7040ffc6b837b6387ef112f78a5b87016c,True,SUCCESS_H2S,False,RING,2352.338413,True,1433.872237
14,COORD_CC_C16_PLC_C16_M03;COORD_CC_C16_PLC_C16_M04;IC_NEXT_CC_C16;IC_PREV_CC_C01;SC_S1_C16_M02;SC_S2_C16_M02;SC_S3_C16_M02;SC_S4_C16_M02;SF_S1_C16_M02;SF_S2_C16_M02;SF_S3_C16_M02;SF_S4_C16_M02;STAT_PLC_C16_M03;STAT_PLC_C16_M04,0.015086206896551725,H2S,True,202,118.677249,718862,10866123,False,0.0,13.368327,,l_SW_C16_M02_CTRL_SW_C16_M02_SENS,342.673228,False,0cd2d39b9ab3999bdbbe7304a7051ca98a51d813131ec9fa7eee74407629483d,True,1171.2569495,67194880,1.8940877071824793,True,170.993289,profiles/L_RING/l_SW_C16_M02_CTRL_SW_C16_M02_SENS.json,4ab9bae9b3a7519b9cbb23117763621089c615238fe5137d644b91109e4f8b30,True,1,928,4e5af2f2d45242289eb419598a1d793edddcdb1287abffcc477b4a2ca027ecc5,L,L_RING,51edac92a5cad36e57fd3f9a5dbc6b4d3b2ba13ad7a0b552f123110a00013b17,928,1.0,223.99597899999998,718337,10865521,08ce247442e42de87b01ee8d708f96ea7b2b67bc1982db5950bcdd10fab436e9,True,SUCCESS_H2S,False,RING,2218.46339,True,1478.228812
6,COORD_CC_C16_PLC_C16_M03;COORD_CC_C16_PLC_C16_M04;IC_NEXT_CC_C16;IC_PREV_CC_C01;STAT_PLC_C16_M03;STAT_PLC_C16_M04,0.00646551724137931,H2S,True,203,103.24726,333037,6737855,False,0.0,21.843549,,l_SW_C16_M02_SENS_SW_C16_M03_ACT,308.519211,False,0cd2d39b9ab3999bdbbe7304a7051ca98a51d813131ec9fa7eee74407629483d,True,1171.2569495,47812608,1.4223540579299674,True,142.363578,profiles/L_RING/l_SW_C16_M02_SENS_SW_C16_M03_ACT.json,e8d46c865868469f10c9487762f21413006a5b72adaffc5176802a7151b1962e,True,1,928,3aafe520942b11bee754ccfc17beb7067594e1c130ad320d9ad45a0588bd5b79,L,L_RING,3ce7c29095d1a47f2e6d10933e3c1d9d759a58898c8608ff91cd5b20855988e5,928,1.0,205.271951,332669,6737384,d012bdc9124d9a40ab5e41d52b58094eaef864141f1f752365cda32c736e3139,True,SUCCESS_H2S,False,RING,1665.942075,True,1038.655853
10,CMD_PLC_C16_M03_A1_C16_M03;CMD_PLC_C16_M03_A2_C16_M03;CMD_PLC_C16_M03_A3_C16_M03;CMD_PLC_C16_M03_A4_C16_M03;COORD_CC_C16_PLC_C16_M03;COORD_CC_C16_PLC_C16_M04;IC_NEXT_CC_C16;IC_PREV_CC_C01;STAT_PLC_C16_M03;STAT_PLC_C16_M04,0.010775862068965518,H2S,True,204,102.59601,634380,10088461,False,0.0,18.60442,,l_SW_C16_M03_ACT_SW_C16_M03_CTRL,387.402349,False,0cd2d39b9ab3999bdbbe7304a7051ca98a51d813131ec9fa7eee74407629483d,True,1171.2569495,63488000,2.0074956831664887,True,279.787602,profiles/L_RING/l_SW_C16_M03_ACT_SW_C16_M03_CTRL.json,c29826e1cbbf55d2f83f967c36cb17eddb1c278eacd5382d88859d090898638c,True,1,928,3213d0135fe28c1f8e9a80ffa8931b25ea38bbedb1c8efbeb91562c64964b355,L,L_RING,5605ae3463ffe7597649d252f651f4f0be97e79908aea8bf0ee9647773124672,928,1.0,284.806339,634206,10087874,f2f6134c9818298021ed71c6e298b434ea56635040befc0811be7dcea72761ea,True,SUCCESS_H2S,False,RING,2351.29327,True,1435.577958
12,COORD_CC_C16_PLC_C16_M04;IC_NEXT_CC_C16;IC_PREV_CC_C01;SC_S1_C16_M03;SC_S2_C16_M03;SC_S3_C16_M03;SC_S4_C16_M03;SF_S1_C16_M03;SF_S2_C16_M03;SF_S3_C16_M03;SF_S4_C16_M03;STAT_PLC_C16_M04,0.01293103448275862,H2S,True,205,102.445667,691517,10525381,False,0.0,16.243125,,l_SW_C16_M03_CTRL_SW_C16_M03_SENS,379.424962,False,0cd2d39b9ab3999bdbbe7304a7051ca98a51d813131ec9fa7eee74407629483d,True,1171.2569495,66121728,1.9820988596832225,True,206.302426,profiles/L_RING/l_SW_C16_M03_CTRL_SW_C16_M03_SENS.json,d8d70139a275c6a271d7ac4b5efb976e26e0da25e5486ee20f6f2457012363be,True,1,928,d07f500c95bed0be03c09b7a56a97bb28ae8a20f7736d5b22ff454c3618fb057,L,L_RING,36cd3191100fcdb5f93378eb71003e687ea9fdf39d1e2dc686cd4801293ca619,928,1.0,276.979295,691230,10524825,94f7e1aeacb60c6dabab72e612516efd8452d8318d09faaf192aa4396b495052,True,SUCCESS_H2S,False,RING,2321.547064,True,1500.115487
4,COORD_CC_C16_PLC_C16_M04;IC_NEXT_CC_C16;IC_PREV_CC_C01;STAT_PLC_C16_M04,0.004310344827586207,H2S,True,206,94.173203,305355,6427031,False,0.0,19.059474,,l_SW_C16_M03_SENS_SW_C16_M04_ACT,287.868849,False,0cd2d39b9ab3999bdbbe7304a7051ca98a51d813131ec9fa7eee74407629483d,True,1171.2569495,46440448,1.3643717953453218,True,173.248042,profiles/L_RING/l_SW_C16_M03_SENS_SW_C16_M04_ACT.json,181dcd1055698bbd60254e5d679c50186f198dc20d34bf74219b45d96d3884da,True,1,928,0929537d069abf77cb3732157434ab793d1badea3f3c545a82707e8ecbd28f90,L,L_RING,248c129b151848ba548efce98ca361b1fc5905ac012f054f26e4ea18620bc19b,928,1.0,193.695646,305062,6426606,81e48369172555af54df2f26b4f5fa26f3dbeb8c58920d5f99e4009a60f8d9be,True,SUCCESS_H2S,False,RING,1598.029947,True,981.041647
8,CMD_PLC_C16_M04_A1_C16_M04;CMD_PLC_C16_M04_A2_C16_M04;CMD_PLC_C16_M04_A3_C16_M04;CMD_PLC_C16_M04_A4_C16_M04;COORD_CC_C16_PLC_C16_M04;IC_NEXT_CC_C16;IC_PREV_CC_C01;STAT_PLC_C16_M04,0.008620689655172414,H2S,True,207,102.66080099999999,608253,9890999,False,0.0,21.154078,,l_SW_C16_M04_ACT_SW_C16_M04_CTRL,363.858606,False,0cd2d39b9ab3999bdbbe7304a7051ca98a51d813131ec9fa7eee74407629483d,True,1171.2569495,62312448,1.8471300570925664,True,268.112875,profiles/L_RING/l_SW_C16_M04_ACT_SW_C16_M04_CTRL.json,4e8fb3c17da2aa243ff767b0e783194c5270750f7a698ffcd5fba65742d13232,True,1,928,aeef93f33712457be0b188fca2e3023543ba696e803f92b346912c48a6bd1af1,L,L_RING,a074992f4390becea62be3e5f670c988663f2ff5a84179f909dce0905390ab66,928,1.0,261.197805,607961,9890458,b45ff64e7f4b3a59d4bcf41e0944fca05c1400e076db365893867f45b713d8ae,True,SUCCESS_H2S,False,RING,2163.463916,True,1308.884156
10,IC_NEXT_CC_C16;IC_PREV_CC_C01;SC_S1_C16_M04;SC_S2_C16_M04;SC_S3_C16_M04;SC_S4_C16_M04;SF_S1_C16_M04;SF_S2_C16_M04;SF_S3_C16_M04;SF_S4_C16_M04,0.010775862068965518,H2S,True,208,97.726626,660443,10159788,False,0.0,17.60682,,l_SW_C16_M04_CTRL_SW_C16_M04_SENS,338.7165,False,0cd2d39b9ab3999bdbbe7304a7051ca98a51d813131ec9fa7eee74407629483d,True,1171.2569495,64782336,1.8254153257427481,True,194.921911,profiles/L_RING/l_SW_C16_M04_CTRL_SW_C16_M04_SENS.json,71242958c9f6c7026cc82e5219fd20b2be71189fc6bfb825f19252c1e58e9afc,True,1,928,e001d96fbfa331cf311063d06077eec3981d9a7485ecad7f09cb61e4126785db,L,L_RING,6ab42323422206aef3a27df0e19f3205c792cfbf6835a0862f3674662754c8ba,928,1.0,240.989874,660005,10159278,cdb5d01569c4baa524e0015d6ed6896ced761bb527acc9067e607d47f4eb16ce,True,SUCCESS_H2S,False,RING,2138.030386,True,1391.738996
10,COORD_CC_C01_PLC_C01_M01;COORD_CC_C01_PLC_C01_M02;COORD_CC_C01_PLC_C01_M03;COORD_CC_C01_PLC_C01_M04;IC_NEXT_CC_C01;IC_PREV_CC_C01;STAT_PLC_C01_M01;STAT_PLC_C01_M02;STAT_PLC_C01_M03;STAT_PLC_C01_M04,0.010775862068965518,H2S,True,1,527.864858,312222,7734024,False,0.0,18.324825,,l_SW_C01_CC_SW_C01_CORE_A,771.335382,False,0cd2d39b9ab3999bdbbe7304a7051ca98a51d813131ec9fa7eee74407629483d,True,1918.524997,53518336,1.3513802197282498,True,188.629386,profiles/L_REDSTAR/l_SW_C01_CC_SW_C01_CORE_A.json,908a63f1398f81b8e438c8cbd19aafddca8e0f8ea2ba2ee182070a113e309681,True,1,928,8329ebb571d0b581f281d049bf905cd9342a67f3d62756e6d3eaabc51c18c614,L,L_REDSTAR,d30653d6b58e5b69e61af3f5f2025bb22abdff34453b490b0089715ce31a131e,928,1.0,243.47052399999995,311875,7733482,60767b38bb6b27b06562ec32188cd5b0b5f91bb5a2a7af809ed83624f6d4d80d,True,SUCCESS_H2S,False,REDSTAR,2592.656732,True,1446.743983
2,IC_NEXT_CC_C16;IC_PREV_CC_C02,0.0021551724137931034,H2S,True,2,519.985546,312119,7733830,False,0.0,24.414432,,l_SW_C01_CC_SW_C01_CORE_B,754.038421,False,0cd2d39b9ab3999bdbbe7304a7051ca98a51d813131ec9fa7eee74407629483d,True,1918.524997,53694464,1.4199965354947104,True,225.585702,profiles/L_REDSTAR/l_SW_C01_CC_SW_C01_CORE_B.json,c778dcd696b623c3f6cbf8baa4d7814d5e907604702790a1a2a418b52b98df94,True,1,928,36eb5636cf1bfdffcd837e7df24d8699b67928c880154250cf89e047190112e7,L,L_REDSTAR,17b506485cff92467d2b8ed5d71a380c771d116f4a07c05721768c45a069655d,928,1.0,234.05287499999997,311821,7733472,cc0ae0d5bd55052fbca0a55e0586333481e19ec685942ec1969af50b2183ef8c,True,SUCCESS_H2S,False,REDSTAR,2724.298849,True,1535.084688
4,CMD_PLC_C01_M01_A1_C01_M01;CMD_PLC_C01_M01_A2_C01_M01;CMD_PLC_C01_M01_A3_C01_M01;CMD_PLC_C01_M01_A4_C01_M01,0.004310344827586207,H2S,True,3,497.19849700000003,312270,7735704,False,0.0,21.165517,,l_SW_C01_CORE_A_SW_C01_M01_ACT,730.142278,False,0cd2d39b9ab3999bdbbe7304a7051ca98a51d813131ec9fa7eee74407629483d,True,1918.524997,53522432,1.2976278484215134,True,149.874259,profiles/L_REDSTAR/l_SW_C01_CORE_A_SW_C01_M01_ACT.json,5ab48183a25f8a858a2254ad164405b68a87d4f3dc0822b38ed4296079edb7e1,True,1,928,46f232eaa89f96fde94a34fb7372a11a5b7dd60d322f7fb3c45ed0ae1ff835bf,L,L_REDSTAR,2eed8ff9e24bb3b6cd909d3c78564f8b5d863fdf3ce2eefbf75042907aa8f26f,928,1.0,232.943781,311959,7735249,979483b233ce37a54adcec5416c95828ad9396aeb0fe4ccec45c13f8b7c4a1a0,True,SUCCESS_H2S,False,REDSTAR,2489.531464,True,1436.492133
6,CMD_PLC_C01_M01_A1_C01_M01;CMD_PLC_C01_M01_A2_C01_M01;CMD_PLC_C01_M01_A3_C01_M01;CMD_PLC_C01_M01_A4_C01_M01;COORD_CC_C01_PLC_C01_M01;STAT_PLC_C01_M01,0.00646551724137931,H2S,True,4,509.36762899999997,312335,7735360,False,0.0,23.259242,,l_SW_C01_CORE_A_SW_C01_M01_CTRL,731.79097,False,0cd2d39b9ab3999bdbbe7304a7051ca98a51d813131ec9fa7eee74407629483d,True,1918.524997,53534720,1.3454126086635505,True,212.988154,profiles/L_REDSTAR/l_SW_C01_CORE_A_SW_C01_M01_CTRL.json,27aa1ba32f066d4d23bfe0b746c11eccb1a326ff80fa284a91fa170cff430b51,True,1,928,51e5a3d70e67ffed80358c3a329148cffeb0e2694bbc1dcd2f847e5226338b5d,L,L_REDSTAR,56d25210bc5e61359816dd12b1b5671256261ef744ef1245d54b1a298145cc91,928,1.0,222.42334100000005,312017,7734856,a2c4dd2ffc855d69de2c5567fc03c301e45a890b0773cfe7e7764bd5850c636f,True,SUCCESS_H2S,False,REDSTAR,2581.207721,True,1457.854745
4,CMD_PLC_C01_M02_A1_C01_M02;CMD_PLC_C01_M02_A2_C01_M02;CMD_PLC_C01_M02_A3_C01_M02;CMD_PLC_C01_M02_A4_C01_M02,0.004310344827586207,H2S,True,5,531.600954,312263,7735696,False,0.0,22.877871,,l_SW_C01_CORE_A_SW_C01_M02_ACT,795.705048,False,0cd2d39b9ab3999bdbbe7304a7051ca98a51d813131ec9fa7eee74407629483d,True,1918.524997,53526528,1.4185460477479512,True,180.204518,profiles/L_REDSTAR/l_SW_C01_CORE_A_SW_C01_M02_ACT.json,257dc07d4bae7d51460189549758b22a6e7f884d0e3489778222b8930a75d61a,True,1,928,024ce718880b07fc31dea777447092a16ccf5ee6a727cc1aaa62991e3c275bb6,L,L_REDSTAR,f2a579d79803c9ccab7bdf7f984fa68af8d2af5b0a919a200fe6fd34ae6da7c8,928,1.0,264.10409400000003,311952,7735241,b7292d7c767e32323b5f662518dbef0afd09406c36a2850b018031a1bf573e67,True,SUCCESS_H2S,False,REDSTAR,2721.516052,True,1546.685521
6,CMD_PLC_C01_M02_A1_C01_M02;CMD_PLC_C01_M02_A2_C01_M02;CMD_PLC_C01_M02_A3_C01_M02;CMD_PLC_C01_M02_A4_C01_M02;COORD_CC_C01_PLC_C01_M02;STAT_PLC_C01_M02,0.00646551724137931,H2S,True,6,519.1787770000001,312334,7735356,False,0.0,62.695623,,l_SW_C01_CORE_A_SW_C01_M02_CTRL,752.239901,False,0cd2d39b9ab3999bdbbe7304a7051ca98a51d813131ec9fa7eee74407629483d,True,1918.524997,53526528,1.3658419353917857,True,140.190513,profiles/L_REDSTAR/l_SW_C01_CORE_A_SW_C01_M02_CTRL.json,fcb650d24cf794bc313050afee517cd767c01e51361adcc009a39accc00ff732,True,1,928,cad01c09a482a86f06fa74e1efefda03578d0a1f77b6bf4c43d8aff074249bf2,L,L_REDSTAR,fa51b690fd483563b1e257abf2f5cdf47084f4670f67ef447b4040d9ada60731,928,1.0,233.06112399999995,312010,7734852,e410d107a43cf913b22140c43bd5b7937f08ec7e31923c92f79208c7fefffb47,True,SUCCESS_H2S,False,REDSTAR,2620.401895,True,1495.167949
4,CMD_PLC_C01_M03_A1_C01_M03;CMD_PLC_C01_M03_A2_C01_M03;CMD_PLC_C01_M03_A3_C01_M03;CMD_PLC_C01_M03_A4_C01_M03,0.004310344827586207,H2S,True,7,502.05102300000004,312285,7735688,False,0.0,21.992872,,l_SW_C01_CORE_A_SW_C01_M03_ACT,734.529397,False,0cd2d39b9ab3999bdbbe7304a7051ca98a51d813131ec9fa7eee74407629483d,True,1918.524997,53682176,1.289437220191716,True,175.177221,profiles/L_REDSTAR/l_SW_C01_CORE_A_SW_C01_M03_ACT.json,a8313d1da24f032d0ce833ee8ebf9d64b1815636fa1c466691710f94451080cb,True,1,928,aeec0c33d0f72c466adf22547c102db363cad214f0405329491b9a25684faa53,L,L_REDSTAR,a1a5952ee73f911f062fc48bdb2a635d692c7d2f7b09383c92a6beeb6b14d6a4,928,1.0,232.47837399999997,311968,7735233,0068add5908cae114f80bd2b21d09fe48d6acee649b31ece8d927d8ebe1246b9,True,SUCCESS_H2S,False,REDSTAR,2473.817539,True,1387.658391
6,CMD_PLC_C01_M03_A1_C01_M03;CMD_PLC_C01_M03_A2_C01_M03;CMD_PLC_C01_M03_A3_C01_M03;CMD_PLC_C01_M03_A4_C01_M03;COORD_CC_C01_PLC_C01_M03;STAT_PLC_C01_M03,0.00646551724137931,H2S,True,8,546.29374,312348,7735366,False,0.0,17.716757,,l_SW_C01_CORE_A_SW_C01_M03_CTRL,755.871658,False,0cd2d39b9ab3999bdbbe7304a7051ca98a51d813131ec9fa7eee74407629483d,True,1918.524997,53698560,1.3790778124534386,True,206.059679,profiles/L_REDSTAR/l_SW_C01_CORE_A_SW_C01_M03_CTRL.json,54a848939ee19be7be604f0ceef0e8938b29560b2fedc2563d9301d952088497,True,1,928,666db8b0d4cc923b1c8628e8a5a23076e881c1b430b02378a791fa515dc807b5,L,L_REDSTAR,e31fcfadf5e0c872e3d5ea65bab27666613b2644587aa0e55aac88b443acd753,928,1.0,209.57791800000007,312029,7734862,fbd3a97c23a01021a63ae82d44c3546a67c39480b5b219e51d44383a6b475d98,True,SUCCESS_H2S,False,REDSTAR,2645.795256,True,1518.043943
4,CMD_PLC_C01_M04_A1_C01_M04;CMD_PLC_C01_M04_A2_C01_M04;CMD_PLC_C01_M04_A3_C01_M04;CMD_PLC_C01_M04_A4_C01_M04,0.004310344827586207,H2S,True,9,507.92003100000005,312305,7735688,False,0.0,22.157138,,l_SW_C01_CORE_A_SW_C01_M04_ACT,724.563402,False,0cd2d39b9ab3999bdbbe7304a7051ca98a51d813131ec9fa7eee74407629483d,True,1918.524997,53682176,1.2917190002085752,True,136.214113,profiles/L_REDSTAR/l_SW_C01_CORE_A_SW_C01_M04_ACT.json,352298568fcc1366a80017f4b67affe286ed0b39ef4e3981467efa0a4f9087e9,True,1,928,b4ffcdab6fcf609b4b178b7c60e264c0435d9dfc11eda99b8d9b2c7d5df20e45,L,L_REDSTAR,3c9a3df16616fe56cc79776660f6ce9b2e4998915cac2d6fedf5e564b5a3e568,928,1.0,216.64337099999995,311991,7735233,32518e207fffac42a078268c20322cd6e09e53ce500fc5663baa3daf805cb96b,True,SUCCESS_H2S,False,REDSTAR,2478.195191,True,1429.613301
6,CMD_PLC_C01_M04_A1_C01_M04;CMD_PLC_C01_M04_A2_C01_M04;CMD_PLC_C01_M04_A3_C01_M04;CMD_PLC_C01_M04_A4_C01_M04;COORD_CC_C01_PLC_C01_M04;STAT_PLC_C01_M04,0.00646551724137931,H2S,True,10,503.416846,312360,7735364,False,0.0,21.226208,,l_SW_C01_CORE_A_SW_C01_M04_CTRL,728.721907,False,0cd2d39b9ab3999bdbbe7304a7051ca98a51d813131ec9fa7eee74407629483d,True,1918.524997,53534720,1.2927395383840288,True,153.621103,profiles/L_REDSTAR/l_SW_C01_CORE_A_SW_C01_M04_CTRL.json,9359500a2dc22742ae8327ed9189d998c70f70ac9ba710e06b061962f6d3cccb,True,1,928,d25c7cd9518bd4e21d2a6bf46ad1f8665bc01e3f315d76a0ba9b431f3c71985a,L,L_REDSTAR,b2b2e8fc4bf396df713097a5cdaf75d51c5567e5c7a6cb919f41c88c3b2b191e,928,1.0,225.30506099999997,312036,7734860,fe5265e762d25caf74d92e1eaaf79136a6c20f894b3cf229c6df8b6f0c04e023,True,SUCCESS_H2S,False,REDSTAR,2480.153119,True,1424.115645
2,IC_NEXT_CC_C01;IC_PREV_CC_C01,0.0021551724137931034,H2S,True,11,529.2648720000001,312208,7734548,False,0.0,22.638497,,l_SW_C01_CORE_A_SW_FACTORY_CORE_A,783.235322,False,0cd2d39b9ab3999bdbbe7304a7051ca98a51d813131ec9fa7eee74407629483d,True,1918.524997,53690368,1.4044128083883394,True,215.62921,profiles/L_REDSTAR/l_SW_C01_CORE_A_SW_FACTORY_CORE_A.json,e2a3ef69b0a429602e79f324613a628a3e8890a585e743e6045f2e9e7b029435,True,1,928,78d8c241f7e307be5958be2a51ac4c36a9449ec564fa46b270f60854944bd905,L,L_REDSTAR,c0846f8baa0a7f2b954f29a3d9cb01b45843d6cd263cbf2f57f7b13edc2864df,928,1.0,253.97044999999991,311887,7734166,1de151652a2e00b018d2ce4ebee88e9dd1cdbb17d55ae868c1b3e01939e577a8,True,SUCCESS_H2S,False,REDSTAR,2694.401079,True,1479.750291
8,SC_S1_C01_M01;SC_S2_C01_M01;SC_S3_C01_M01;SC_S4_C01_M01;SF_S1_C01_M01;SF_S2_C01_M01;SF_S3_C01_M01;SF_S4_C01_M01,0.008620689655172414,H2S,True,12,489.755264,312280,7733924,False,0.0,23.725929,,l_SW_C01_CORE_B_SW_C01_M01_CTRL,729.283932,False,0cd2d39b9ab3999bdbbe7304a7051ca98a51d813131ec9fa7eee74407629483d,True,1918.524997,53530624,1.2912935405448878,True,145.614452,profiles/L_REDSTAR/l_SW_C01_CORE_B_SW_C01_M01_CTRL.json,b7555b8d32e670304d9006b50c0edfd4d6b2445d93222aa86cf088d2775acb76,True,1,928,941184ca280dfd149d0436c9c183542fc5512eae170c67188b3c10a951a65a99,L,L_REDSTAR,ce16f0d215d61aa785957a4a3b044c31682871fcd8ed52d49bd6c09df1740fb7,928,1.0,239.52866800000004,311966,7733454,cee0ea2aa15f056ccd4bcdc02a503618c2445582e9800a53a6add3b9604d4932,True,SUCCESS_H2S,False,REDSTAR,2477.378936,True,1421.138853
8,SC_S1_C01_M01;SC_S2_C01_M01;SC_S3_C01_M01;SC_S4_C01_M01;SF_S1_C01_M01;SF_S2_C01_M01;SF_S3_C01_M01;SF_S4_C01_M01,0.008620689655172414,H2S,True,13,540.759359,312289,7733924,False,0.0,21.176898,,l_SW_C01_CORE_B_SW_C01_M01_SENS,791.757605,False,0cd2d39b9ab3999bdbbe7304a7051ca98a51d813131ec9fa7eee74407629483d,True,1918.524997,53530624,1.3303651320629626,True,145.557402,profiles/L_REDSTAR/l_SW_C01_CORE_B_SW_C01_M01_SENS.json,572091430b247897dc9c474304aa18d696102c4de30745f6b72f87275f915c57,True,1,928,941184ca280dfd149d0436c9c183542fc5512eae170c67188b3c10a951a65a99,L,L_REDSTAR,21c463bac8ad7a94d422f28ff22becc18f993a705b4eb9accd5f7152e12b9ea8,928,1.0,250.998246,311966,7733454,cee0ea2aa15f056ccd4bcdc02a503618c2445582e9800a53a6add3b9604d4932,True,SUCCESS_H2S,False,REDSTAR,2552.338761,True,1435.313566
8,SC_S1_C01_M02;SC_S2_C01_M02;SC_S3_C01_M02;SC_S4_C01_M02;SF_S1_C01_M02;SF_S2_C01_M02;SF_S3_C01_M02;SF_S4_C01_M02,0.008620689655172414,H2S,True,14,507.10228199999995,312307,7733918,False,0.0,19.242492,,l_SW_C01_CORE_B_SW_C01_M02_CTRL,735.77945,False,0cd2d39b9ab3999bdbbe7304a7051ca98a51d813131ec9fa7eee74407629483d,True,1918.524997,53530624,1.3421647203067428,True,201.328386,profiles/L_REDSTAR/l_SW_C01_CORE_B_SW_C01_M02_CTRL.json,7b9cfc8f8f56d35577ce227a3fd48ad1921c052bae4eb68c998981458f1834f0,True,1,928,04998e00f47aeb95c04743af26b8a5aaec2d56dbb151740891445b36dc636eb6,L,L_REDSTAR,019241759c0d23a51b009d524da3378f54e27ca292616c35c7f23ee1cdb78c1c,928,1.0,228.67716800000005,311989,7733448,89c708e940d9121f2226312675dcbb36b70b0deee58441f69dc2834d98dc17b7,True,SUCCESS_H2S,False,REDSTAR,2574.976566,True,1440.572145
8,SC_S1_C01_M02;SC_S2_C01_M02;SC_S3_C01_M02;SC_S4_C01_M02;SF_S1_C01_M02;SF_S2_C01_M02;SF_S3_C01_M02;SF_S4_C01_M02,0.008620689655172414,H2S,True,15,524.465101,312310,7733918,False,0.0,27.700517,,l_SW_C01_CORE_B_SW_C01_M02_SENS,740.952972,False,0cd2d39b9ab3999bdbbe7304a7051ca98a51d813131ec9fa7eee74407629483d,True,1918.524997,53694464,1.3106583833580354,True,154.220127,profiles/L_REDSTAR/l_SW_C01_CORE_B_SW_C01_M02_SENS.json,7ed66fdc95d77f82220d5f61089e51a0f7566a1a1ba51cd9365aff200cb0c3be,True,1,928,04998e00f47aeb95c04743af26b8a5aaec2d56dbb151740891445b36dc636eb6,L,L_REDSTAR,2499bf7bfa514888bf5f4edc2c710a7f8536443659332595df9cb09cbd22bf84,928,1.0,216.48787100000004,311989,7733448,89c708e940d9121f2226312675dcbb36b70b0deee58441f69dc2834d98dc17b7,True,SUCCESS_H2S,False,REDSTAR,2514.530871,True,1426.703795
8,SC_S1_C01_M03;SC_S2_C01_M03;SC_S3_C01_M03;SC_S4_C01_M03;SF_S1_C01_M03;SF_S2_C01_M03;SF_S3_C01_M03;SF_S4_C01_M03,0.008620689655172414,H2S,True,16,481.4914,312303,7733918,False,0.0,24.928509,,l_SW_C01_CORE_B_SW_C01_M03_CTRL,693.594193,False,0cd2d39b9ab3999bdbbe7304a7051ca98a51d813131ec9fa7eee74407629483d,True,1918.524997,53694464,1.3109421451025276,True,185.765479,profiles/L_REDSTAR/l_SW_C01_CORE_B_SW_C01_M03_CTRL.json,535f8eb3eadd1127ce3a81301be21ffb1fc9c0008377fc24a1cbd2649d55ed17,True,1,928,936595eb536f3bddeacdf7470753a5ea06f42089c903ae43d913e020a212f470,L,L_REDSTAR,6b1e6405129c2b91e23274e2d56c4f4211b740287a82ae2c4f0fcd5202b36766,928,1.0,212.10279300000002,311983,7733448,5fb4971d25614dc93d53ee4540dc627380e2994a84639a0eb97593b75e48a4da,True,SUCCESS_H2S,False,REDSTAR,2515.075275,True,1436.085505
8,SC_S1_C01_M03;SC_S2_C01_M03;SC_S3_C01_M03;SC_S4_C01_M03;SF_S1_C01_M03;SF_S2_C01_M03;SF_S3_C01_M03;SF_S4_C01_M03,0.008620689655172414,H2S,True,17,560.7288219999999,312305,7733918,False,0.0,24.337704,,l_SW_C01_CORE_B_SW_C01_M03_SENS,837.778192,False,0cd2d39b9ab3999bdbbe7304a7051ca98a51d813131ec9fa7eee74407629483d,True,1918.524997,53694464,1.3931278337156843,True,225.556694,profiles/L_REDSTAR/l_SW_C01_CORE_B_SW_C01_M03_SENS.json,8e56e6e3549b41c67a2e024b706a351980e5f4ad6fb6a27f63c124a57a148b89,True,1,928,936595eb536f3bddeacdf7470753a5ea06f42089c903ae43d913e020a212f470,L,L_REDSTAR,811eb849ea1b76ff0263bb73d5730a90b041daca8fabef1ae7b1b7065aef7e61,928,1.0,277.04937000000007,311983,7733448,5fb4971d25614dc93d53ee4540dc627380e2994a84639a0eb97593b75e48a4da,True,SUCCESS_H2S,False,REDSTAR,2672.750573,True,1422.535506
8,SC_S1_C01_M04;SC_S2_C01_M04;SC_S3_C01_M04;SC_S4_C01_M04;SF_S1_C01_M04;SF_S2_C01_M04;SF_S3_C01_M04;SF_S4_C01_M04,0.008620689655172414,H2S,True,18,507.348557,312278,7733930,False,0.0,25.031318,,l_SW_C01_CORE_B_SW_C01_M04_CTRL,761.117618,False,0cd2d39b9ab3999bdbbe7304a7051ca98a51d813131ec9fa7eee74407629483d,True,1918.524997,53534720,1.3485511510382473,True,158.765868,profiles/L_REDSTAR/l_SW_C01_CORE_B_SW_C01_M04_CTRL.json,2b5f91f689c6213c95d667f9fa1222873a24e7b5e6befcbe3d2a5b1e84eb62af,True,1,928,a85a0bee97aed5f770d70bc86d8ab71bcb808d8df60fe7f0e642ab2f0d70580b,L,L_REDSTAR,1f0dbf8389ba02db65bcbe8f4cf0cd76b63d7979eb93ad4b33e169efc0094be7,928,1.0,253.76906099999997,311956,7733460,c33fc91d41b5c04457672f294840e50f51b40a70eb7a39e0bc09699e5b65488f,True,SUCCESS_H2S,False,REDSTAR,2587.229093,True,1466.891797
8,SC_S1_C01_M04;SC_S2_C01_M04;SC_S3_C01_M04;SC_S4_C01_M04;SF_S1_C01_M04;SF_S2_C01_M04;SF_S3_C01_M04;SF_S4_C01_M04,0.008620689655172414,H2S,True,19,510.442259,312282,7733930,False,0.0,18.79722,,l_SW_C01_CORE_B_SW_C01_M04_SENS,764.572015,False,0cd2d39b9ab3999bdbbe7304a7051ca98a51d813131ec9fa7eee74407629483d,True,1918.524997,53694464,1.312327830461935,True,152.055496,profiles/L_REDSTAR/l_SW_C01_CORE_B_SW_C01_M04_SENS.json,9141a3b7de9c0925b194288e4148a12b921cf63f1433e99fe9a227788bcba399,True,1,928,a85a0bee97aed5f770d70bc86d8ab71bcb808d8df60fe7f0e642ab2f0d70580b,L,L_REDSTAR,319f261075fe6c38811c6318181b22a72e0b4d73b019c9ba68dfa7cb7b1a42e1,928,1.0,254.129756,311956,7733460,c33fc91d41b5c04457672f294840e50f51b40a70eb7a39e0bc09699e5b65488f,True,SUCCESS_H2S,False,REDSTAR,2517.733747,True,1422.857677
2,IC_NEXT_CC_C16;IC_PREV_CC_C02,0.0021551724137931034,H2S,True,20,501.86857,312201,7734524,False,0.0,22.873603,,l_SW_C01_CORE_B_SW_FACTORY_CORE_A,777.051734,False,0cd2d39b9ab3999bdbbe7304a7051ca98a51d813131ec9fa7eee74407629483d,True,1918.524997,53518336,1.3811300546739762,True,235.446577,profiles/L_REDSTAR/l_SW_C01_CORE_B_SW_FACTORY_CORE_A.json,e7ac2fbdc05e1e67d0970a97c6402cd8d374ce102dd440038348021e9b079e44,True,1,928,bedcab9e801f60db5f519b6f01e4c313f8bc7c8782bfe0704bc3f2c4c4565403,L,L_REDSTAR,bcda4a4ef62c06a453d6ca7d1edd7b98f69665170cbbdfb92122ae0d7dc20b5e,928,1.0,275.18316400000003,311870,7734142,5278e525a940c56788bdf1da13a0aab0dffc230691ee7e179179bbc07988fe22,True,SUCCESS_H2S,False,REDSTAR,2649.732534,True,1436.507287
10,COORD_CC_C02_PLC_C02_M01;COORD_CC_C02_PLC_C02_M02;COORD_CC_C02_PLC_C02_M03;COORD_CC_C02_PLC_C02_M04;IC_NEXT_CC_C02;IC_PREV_CC_C02;STAT_PLC_C02_M01;STAT_PLC_C02_M02;STAT_PLC_C02_M03;STAT_PLC_C02_M04,0.010775862068965518,H2S,True,21,533.077688,312207,7734012,False,0.0,17.622004,,l_SW_C02_CC_SW_C02_CORE_A,726.727166,False,0cd2d39b9ab3999bdbbe7304a7051ca98a51d813131ec9fa7eee74407629483d,True,1918.524997,53518336,1.2515031525544413,True,109.861372,profiles/L_REDSTAR/l_SW_C02_CC_SW_C02_CORE_A.json,e4649d3c2d4a35f61b1d1a8d56c0544ea90aede2a24e1de5aa62ed4bc0e709dd,True,1,928,299897b78165a40a4722e5b91b9dad7fcb105b70124245d349cefe9981f7eb03,L,L_REDSTAR,5496d54c048cd55d7bff6454829ec7472c074d57d85271c836f5e88c575ae090,928,1.0,193.64947800000004,311854,7733470,9e01820e46fc02a59f900f5bbc7fa8d3cc877ba5db15f7425c4cfdff82f95183,True,SUCCESS_H2S,False,REDSTAR,2401.040082,True,1395.885329
2,IC_NEXT_CC_C01;IC_PREV_CC_C03,0.0021551724137931034,H2S,True,22,622.4023159999999,312107,7733830,False,0.0,8.616504,,l_SW_C02_CC_SW_C02_CORE_B,859.052607,False,0cd2d39b9ab3999bdbbe7304a7051ca98a51d813131ec9fa7eee74407629483d,True,1918.524997,53530624,1.3890046922333639,True,146.707803,profiles/L_REDSTAR/l_SW_C02_CC_SW_C02_CORE_B.json,d4d1f360ea83086eb3500f7387f9fe0c3b4cebf50e745504f2b67a30394a7fe2,True,1,928,8b305cadf9c3ee4048d7e82afaf9495d4eb70980e24f4930dfc78c952b2f9fe9,L,L_REDSTAR,0ef004eb4faffa319c780cbff32976946137a783d4942fc481615e5d371d3a9c,928,1.0,236.65029100000004,311805,7733472,6ae99500ad63decc53a67e72542babe18b43e9623d2848bd4704cd1e378336a4,True,SUCCESS_H2S,False,REDSTAR,2664.840223,True,1496.149065
4,CMD_PLC_C02_M01_A1_C02_M01;CMD_PLC_C02_M01_A2_C02_M01;CMD_PLC_C02_M01_A3_C02_M01;CMD_PLC_C02_M01_A4_C02_M01,0.004310344827586207,H2S,True,23,504.68636300000003,312263,7735349,False,0.0,21.646158,,l_SW_C02_CORE_A_SW_C02_M01_ACT,727.392126,False,0cd2d39b9ab3999bdbbe7304a7051ca98a51d813131ec9fa7eee74407629483d,True,1918.524997,53682176,1.3399870093013961,True,168.567002,profiles/L_REDSTAR/l_SW_C02_CORE_A_SW_C02_M01_ACT.json,bcbd9536e28c433ab6aaa8ffd4aa292dc6e8742fb8a8b89706b335ca4129a557,True,1,928,e98728b6f47c5a6db97811b8e303f9b1202e41eaa5d2c7645ef2d2a6e4205b6d,L,L_REDSTAR,a33b8ffc873e0e984a7b00f228ba8ce8ab07d060be51c485fe84546eaf30a780,928,1.0,222.70576299999993,311943,7734894,f08e515098649154036917e50c0cd83ecb98e4c70ffe3b62a853b6767efaf1c4,True,SUCCESS_H2S,False,REDSTAR,2570.798573,True,1494.685272
6,CMD_PLC_C02_M01_A1_C02_M01;CMD_PLC_C02_M01_A2_C02_M01;CMD_PLC_C02_M01_A3_C02_M01;CMD_PLC_C02_M01_A4_C02_M01;COORD_CC_C02_PLC_C02_M01;STAT_PLC_C02_M01,0.00646551724137931,H2S,True,24,492.13035,312326,7735037,False,0.0,66.646135,,l_SW_C02_CORE_A_SW_C02_M01_CTRL,718.282042,False,0cd2d39b9ab3999bdbbe7304a7051ca98a51d813131ec9fa7eee74407629483d,True,1918.524997,53534720,1.3514581066467075,True,151.170165,profiles/L_REDSTAR/l_SW_C02_CORE_A_SW_C02_M01_CTRL.json,fe99de59370cc5bee0feb08b9e461f6569458534ad27458dfbd6ded16d356c08,True,1,928,b7dad62d5bc872901acde8aa0efe60eb95e369ae0c9f1174a220f69bf476db78,L,L_REDSTAR,c12ffbeb51e8a3a9d677e8b327f47ebdfb26454b340d6a37404b0447ed6319bd,928,1.0,226.15169200000003,311986,7734533,cfccd8cd5908d22faa49cb803fa8093e6d1f166d473bc402e7cc5759e6939817,True,SUCCESS_H2S,False,REDSTAR,2592.80616,True,1495.814366
4,CMD_PLC_C02_M02_A1_C02_M02;CMD_PLC_C02_M02_A2_C02_M02;CMD_PLC_C02_M02_A3_C02_M02;CMD_PLC_C02_M02_A4_C02_M02,0.004310344827586207,H2S,True,25,502.276235,312262,7735347,False,0.0,18.205482,,l_SW_C02_CORE_A_SW_C02_M02_ACT,728.584722,False,0cd2d39b9ab3999bdbbe7304a7051ca98a51d813131ec9fa7eee74407629483d,True,1918.524997,53690368,1.3226420343586485,True,185.642548,profiles/L_REDSTAR/l_SW_C02_CORE_A_SW_C02_M02_ACT.json,00902ea150d708607c49e852a6bf5647442bd553f1ffef20d9a560807d55e473,True,1,928,bd96ec5a15156075048533df059daae5e6e7cc1a7e9c3c2b89b253e625ba70da,L,L_REDSTAR,24b23cbfd47c6b8d88014962d05eab44eb19970b3bee7e0903e3e8feda010515,928,1.0,226.30848700000007,311931,7734892,7da5235c67295707166def3dcad593cfb0ebfaefa43ddf2997e2b24a60baf5ba,True,SUCCESS_H2S,False,REDSTAR,2537.521805,True,1443.933252
6,CMD_PLC_C02_M02_A1_C02_M02;CMD_PLC_C02_M02_A2_C02_M02;CMD_PLC_C02_M02_A3_C02_M02;CMD_PLC_C02_M02_A4_C02_M02;COORD_CC_C02_PLC_C02_M02;STAT_PLC_C02_M02,0.00646551724137931,H2S,True,26,508.42554900000005,312324,7735031,False,0.0,23.633463,,l_SW_C02_CORE_A_SW_C02_M02_CTRL,750.916385,False,0cd2d39b9ab3999bdbbe7304a7051ca98a51d813131ec9fa7eee74407629483d,True,1918.524997,53694464,1.3538027698682105,True,247.097328,profiles/L_REDSTAR/l_SW_C02_CORE_A_SW_C02_M02_CTRL.json,aab8967eeb34a2e4919091ca08a5252e9cb3b76ad94c3f54b4b29f4bf37942fe,True,1,928,57773f5bb9c68ac3361b6fc2fae449397cfeafe16ac85ebf4664f3d4b2ca38dd,L,L_REDSTAR,3e7fb0156720d2592372c6ae3b99ee51af7ac2643a75c90bd286ce948f051d45,928,1.0,242.49083599999994,311980,7734527,18c17651184d7b3b89f9e423b5d09f7ca7dc433b7d803d6d34473b4cfe3cbcd4,True,SUCCESS_H2S,False,REDSTAR,2597.304455,True,1410.169516
4,CMD_PLC_C02_M03_A1_C02_M03;CMD_PLC_C02_M03_A2_C02_M03;CMD_PLC_C02_M03_A3_C02_M03;CMD_PLC_C02_M03_A4_C02_M03,0.004310344827586207,H2S,True,27,541.0994089999999,312272,7735357,False,0.0,19.513214,,l_SW_C02_CORE_A_SW_C02_M03_ACT,835.198818,False,0cd2d39b9ab3999bdbbe7304a7051ca98a51d813131ec9fa7eee74407629483d,True,1918.524997,53522432,1.3509628829714957,True,142.675752,profiles/L_REDSTAR/l_SW_C02_CORE_A_SW_C02_M03_ACT.json,01ffe696ee8a41af2e13b0d5865986f8cc78c2b86ed53c2d8e8721aec902ec46,True,1,928,b06d289ed8650770d0558b5696e1586dd45f324e2215401ff3b46be4c39c9143,L,L_REDSTAR,b72f5b0968ce79602b2825dce99244c07d3db49f21033043fdc4452a4cd564fc,928,1.0,294.09940900000004,311940,7734902,2d1a04efce71c6bee2cd3b07cdcb06518bab72cf019ac91cabbfe073750a591d,True,SUCCESS_H2S,False,REDSTAR,2591.856061,True,1436.477151
6,CMD_PLC_C02_M03_A1_C02_M03;CMD_PLC_C02_M03_A2_C02_M03;CMD_PLC_C02_M03_A3_C02_M03;CMD_PLC_C02_M03_A4_C02_M03;COORD_CC_C02_PLC_C02_M03;STAT_PLC_C02_M03,0.00646551724137931,H2S,True,28,543.560467,312334,7735023,False,0.0,21.766858,,l_SW_C02_CORE_A_SW_C02_M03_CTRL,795.526253,False,0cd2d39b9ab3999bdbbe7304a7051ca98a51d813131ec9fa7eee74407629483d,True,1918.524997,53534720,1.3181849149500553,True,143.255398,profiles/L_REDSTAR/l_SW_C02_CORE_A_SW_C02_M03_CTRL.json,c2af7116f22d724e79a1237b21f00d78d85a8d1ff4319025750ad2b2f5e62487,True,1,928,d0c75dbfac5e01aa0413962f76d16f28d1234816e08fe844fcd44fa23a491e2a,L,L_REDSTAR,ab2a3557aa8419d88bb1af57159fcb9b743f87b71dbded010db44d4e46f4610a,928,1.0,251.96578599999998,311990,7734519,ed8d37319291bf5b2e7ac92bf3087c89d7addb7ff9c4cc9c763dbf6056312de2,True,SUCCESS_H2S,False,REDSTAR,2528.97071,True,1410.591119
4,CMD_PLC_C02_M04_A1_C02_M04;CMD_PLC_C02_M04_A2_C02_M04;CMD_PLC_C02_M04_A3_C02_M04;CMD_PLC_C02_M04_A4_C02_M04,0.004310344827586207,H2S,True,29,519.762767,312275,7735355,False,0.0,23.875311,,l_SW_C02_CORE_A_SW_C02_M04_ACT,774.802277,False,0cd2d39b9ab3999bdbbe7304a7051ca98a51d813131ec9fa7eee74407629483d,True,1918.524997,53694464,1.410192481844426,True,195.089491,profiles/L_REDSTAR/l_SW_C02_CORE_A_SW_C02_M04_ACT.json,3d31be9a0efd932df569e801574fb3c90be06db2674eaa027474d0fb91f69d40,True,1,928,4928a044cc2abba60e5c624ee7546eb98dd9eb4f60534cf262fa8fc39aec5f61,L,L_REDSTAR,e5d17f6e186e69f409554cc075ec70ae6abeaaa16b8254eb3d4f2cafa1456552,928,1.0,255.03950999999995,311949,7734900,ff56acb5690538eb694c946426c251fde639048957aaa4b6d881e0d04dcaf8be,True,SUCCESS_H2S,False,REDSTAR,2705.489527,True,1550.713453
6,CMD_PLC_C02_M04_A1_C02_M04;CMD_PLC_C02_M04_A2_C02_M04;CMD_PLC_C02_M04_A3_C02_M04;CMD_PLC_C02_M04_A4_C02_M04;COORD_CC_C02_PLC_C02_M04;STAT_PLC_C02_M04,0.00646551724137931,H2S,True,30,555.587932,312347,7735025,False,0.0,27.286138,,l_SW_C02_CORE_A_SW_C02_M04_CTRL,842.350318,False,0cd2d39b9ab3999bdbbe7304a7051ca98a51d813131ec9fa7eee74407629483d,True,1918.524997,53694464,1.3643184749184687,True,147.008333,profiles/L_REDSTAR/l_SW_C02_CORE_A_SW_C02_M04_CTRL.json,1768a469423bf8e9dfb916c3c139bbc0c25df99637f80a0551ae5710a166e85d,True,1,928,7657a654d3805c1068532dd23b69b892ef5d31826af648d336f7f286a7df49eb,L,L_REDSTAR,f4170fc75a8a3d6fa003ff1d6fc5eadfb9b40722bb4c3bebabbe358395e847e0,928,1.0,286.762386,312012,7734521,4876d29bc5050aa0e555a99420e10eeba463df13721410ca1a063b57f07839ad,True,SUCCESS_H2S,False,REDSTAR,2617.479098,True,1447.485844
2,IC_NEXT_CC_C02;IC_PREV_CC_C02,0.0021551724137931034,H2S,True,31,507.78301400000004,312185,7734550,False,0.0,19.009669,,l_SW_C02_CORE_A_SW_FACTORY_CORE_A,739.189514,False,0cd2d39b9ab3999bdbbe7304a7051ca98a51d813131ec9fa7eee74407629483d,True,1918.524997,53682176,1.3108908874956922,True,146.05244,profiles/L_REDSTAR/l_SW_C02_CORE_A_SW_FACTORY_CORE_A.json,246bfd52868e5eb59a427fd5cbf53c84a3dc3049d81c13d307cc1e1afbae3d2a,True,1,928,02d624ab44e604aad7d062926153b0c4ade926683c2a84572e923f729aebc328,L,L_REDSTAR,a9b64e36f521673167cdd050ec7b40f955907e38917ea614c9dadfccd6c8e192,928,1.0,231.4065,311861,7734168,ed051bb6cd682ed676b6ec40f365cdaa861e12444e3f73686a262ac56049f52c,True,SUCCESS_H2S,False,REDSTAR,2514.976936,True,1455.07067
8,SC_S1_C02_M01;SC_S2_C02_M01;SC_S3_C02_M01;SC_S4_C02_M01;SF_S1_C02_M01;SF_S2_C02_M01;SF_S3_C02_M01;SF_S4_C02_M01,0.008620689655172414,H2S,True,32,503.36691,312303,7733922,False,0.0,20.887187,,l_SW_C02_CORE_B_SW_C02_M01_CTRL,722.900899,False,0cd2d39b9ab3999bdbbe7304a7051ca98a51d813131ec9fa7eee74407629483d,True,1918.524997,53694464,1.3169718033129176,True,173.849239,profiles/L_REDSTAR/l_SW_C02_CORE_B_SW_C02_M01_CTRL.json,8424570d0a7fc505a4cae39144637487373e9624081c36c9afaf7984be9083c3,True,1,928,d43956633bb7fa68309a47dc274acd2f17243eecf55dc9f1331c76bae770afac,L,L_REDSTAR,71c059363976fc43c43f81049a2e5bf65218c4a41058435c3261316692bd22cd,928,1.0,219.53398899999996,311979,7733452,11863e55c2e2b5f8745e1ba224c71141875f23de361a3aab202d62d0e87b8799,True,SUCCESS_H2S,False,REDSTAR,2526.643325,True,1438.979383
8,SC_S1_C02_M01;SC_S2_C02_M01;SC_S3_C02_M01;SC_S4_C02_M01;SF_S1_C02_M01;SF_S2_C02_M01;SF_S3_C02_M01;SF_S4_C02_M01,0.008620689655172414,H2S,True,33,547.951911,312305,7733922,False,0.0,18.254108,,l_SW_C02_CORE_B_SW_C02_M01_SENS,836.738025,False,0cd2d39b9ab3999bdbbe7304a7051ca98a51d813131ec9fa7eee74407629483d,True,1918.524997,53526528,1.3663326608196389,True,196.450259,profiles/L_REDSTAR/l_SW_C02_CORE_B_SW_C02_M01_SENS.json,ea8c4d98323bae01fac127ce212462af6ba5f4499aaed25d530e0b668bb63f03,True,1,928,d43956633bb7fa68309a47dc274acd2f17243eecf55dc9f1331c76bae770afac,L,L_REDSTAR,9de2b7c32d39bb069cb9071b952aa17c61f9a054fac1ba03f1a1222bbaca25fc,928,1.0,288.786114,311979,7733452,11863e55c2e2b5f8745e1ba224c71141875f23de361a3aab202d62d0e87b8799,True,SUCCESS_H2S,False,REDSTAR,2621.343364,True,1396.355499
8,SC_S1_C02_M02;SC_S2_C02_M02;SC_S3_C02_M02;SC_S4_C02_M02;SF_S1_C02_M02;SF_S2_C02_M02;SF_S3_C02_M02;SF_S4_C02_M02,0.008620689655172414,H2S,True,34,517.0386500000001,312295,7733922,False,0.0,21.498352,,l_SW_C02_CORE_B_SW_C02_M02_CTRL,783.420209,False,0cd2d39b9ab3999bdbbe7304a7051ca98a51d813131ec9fa7eee74407629483d,True,1918.524997,53530624,1.3510806374966404,True,141.132192,profiles/L_REDSTAR/l_SW_C02_CORE_B_SW_C02_M02_CTRL.json,d62ab1c8472099d3fafbe3fba5b7aca8bd6b533ac930c16b49eb840d1a991f6a,True,1,928,d961382cc761dae01ea96ac6114c93a54239ffdb6ab29a5bea80fba205c57d31,L,L_REDSTAR,75649048b72ff398e88fe9e017030538fbf18f885832b72f7a8b45c722c14558,928,1.0,266.3815589999999,311969,7733452,5f12ceeb57a881e651d8ad1762aa87e3e8a82ce049473265cf3a101f1bf76a49,True,SUCCESS_H2S,False,REDSTAR,2592.081976,True,1472.470617
8,SC_S1_C02_M02;SC_S2_C02_M02;SC_S3_C02_M02;SC_S4_C02_M02;SF_S1_C02_M02;SF_S2_C02_M02;SF_S3_C02_M02;SF_S4_C02_M02,0.008620689655172414,H2S,True,35,488.63651400000003,312297,7733922,False,0.0,18.659252,,l_SW_C02_CORE_B_SW_C02_M02_SENS,691.29028,False,0cd2d39b9ab3999bdbbe7304a7051ca98a51d813131ec9fa7eee74407629483d,True,1918.524997,53690368,1.2399110679921987,True,118.455976,profiles/L_REDSTAR/l_SW_C02_CORE_B_SW_C02_M02_SENS.json,d5de2ef96c6110c541dc9c9a420fe85fea3b4c25764a84792b80b54741d8cacd,True,1,928,d961382cc761dae01ea96ac6114c93a54239ffdb6ab29a5bea80fba205c57d31,L,L_REDSTAR,95976076227cd27b5179b0dd9014fb9e3b4ac22f0b265a513d403369de385072,928,1.0,202.65376600000002,311969,7733452,5f12ceeb57a881e651d8ad1762aa87e3e8a82ce049473265cf3a101f1bf76a49,True,SUCCESS_H2S,False,REDSTAR,2378.800378,True,1400.182531
8,SC_S1_C02_M03;SC_S2_C02_M03;SC_S3_C02_M03;SC_S4_C02_M03;SF_S1_C02_M03;SF_S2_C02_M03;SF_S3_C02_M03;SF_S4_C02_M03,0.008620689655172414,H2S,True,36,587.509378,312306,7733922,False,0.0,14.824359,,l_SW_C02_CORE_B_SW_C02_M03_CTRL,924.131748,False,0cd2d39b9ab3999bdbbe7304a7051ca98a51d813131ec9fa7eee74407629483d,True,1918.524997,53530624,1.3702151189641236,True,198.84886,profiles/L_REDSTAR/l_SW_C02_CORE_B_SW_C02_M03_CTRL.json,359b2c9893e03b07d9e410d5eaf15d704b1b79459ed88cb0fe09c1f8a2180312,True,1,928,c2b76372f80455afb8b45c118bebcc733a33d925a41d216201376370864ee124,L,L_REDSTAR,72e7a73de48a0f2ebc33ce084d6ca0db9dafaa02fc957bd54ba8fe0f2c4826c0,928,1.0,336.62237000000005,311985,7733452,968e2c1f694606129cf9f53f565787c6fc336923d072510dd4e9d2126eb861d9,True,SUCCESS_H2S,False,REDSTAR,2628.791957,True,1325.733084
8,SC_S1_C02_M03;SC_S2_C02_M03;SC_S3_C02_M03;SC_S4_C02_M03;SF_S1_C02_M03;SF_S2_C02_M03;SF_S3_C02_M03;SF_S4_C02_M03,0.008620689655172414,H2S,True,37,531.722091,312308,7733922,False,0.0,20.059422,,l_SW_C02_CORE_B_SW_C02_M03_SENS,766.776451,False,0cd2d39b9ab3999bdbbe7304a7051ca98a51d813131ec9fa7eee74407629483d,True,1918.524997,53530624,1.3127657371878383,True,150.054556,profiles/L_REDSTAR/l_SW_C02_CORE_B_SW_C02_M03_SENS.json,c782a704c2510e4c36385ce7b94d4df73df1774f78483646d559276c58b48640,True,1,928,c2b76372f80455afb8b45c118bebcc733a33d925a41d216201376370864ee124,L,L_REDSTAR,1cb3b11115554d48d0ec455e40aff0263b31dc9d631b37f35f764439f9683e7e,928,1.0,235.05435999999997,311985,7733452,968e2c1f694606129cf9f53f565787c6fc336923d072510dd4e9d2126eb861d9,True,SUCCESS_H2S,False,REDSTAR,2518.573882,True,1427.552602
8,SC_S1_C02_M04;SC_S2_C02_M04;SC_S3_C02_M04;SC_S4_C02_M04;SF_S1_C02_M04;SF_S2_C02_M04;SF_S3_C02_M04;SF_S4_C02_M04,0.008620689655172414,H2S,True,38,514.995731,312278,7733924,False,0.0,20.660447,,l_SW_C02_CORE_B_SW_C02_M04_CTRL,734.188819,False,0cd2d39b9ab3999bdbbe7304a7051ca98a51d813131ec9fa7eee74407629483d,True,1918.524997,53694464,1.3025910613141727,True,181.869244,profiles/L_REDSTAR/l_SW_C02_CORE_B_SW_C02_M04_CTRL.json,693ad61881f405e1ba2f2d514ab36b5f52e313aad8bce41ac4c5b22967b85f20,True,1,928,b21585e2c88707a3c5b5599ca67707ea8f4b1320114b076cb8f51a3c8f999dd0,L,L_REDSTAR,813bd08d65022d04624c213d472f65b45fe67b60e197465dd05f991d6e0a0c25,928,1.0,219.193088,311955,7733454,a1717691f2f83dd5a6e4d50c73822aacf4825f938d389bc74a43649c525f13e0,True,SUCCESS_H2S,False,REDSTAR,2499.053512,True,1404.872643
8,SC_S1_C02_M04;SC_S2_C02_M04;SC_S3_C02_M04;SC_S4_C02_M04;SF_S1_C02_M04;SF_S2_C02_M04;SF_S3_C02_M04;SF_S4_C02_M04,0.008620689655172414,H2S,True,39,546.565646,312279,7733924,False,0.0,17.696903,,l_SW_C02_CORE_B_SW_C02_M04_SENS,836.979611,False,0cd2d39b9ab3999bdbbe7304a7051ca98a51d813131ec9fa7eee74407629483d,True,1918.524997,53690368,1.3775128430083208,True,217.926676,profiles/L_REDSTAR/l_SW_C02_CORE_B_SW_C02_M04_SENS.json,5395c1aac1dff9e7a4b82ed70eb440138a8e3b28d86d737669db11ffa2a92c88,True,1,928,b21585e2c88707a3c5b5599ca67707ea8f4b1320114b076cb8f51a3c8f999dd0,L,L_REDSTAR,c2cef0ff0dbc10aade4de9bdd4ec39fa0486e4cab57be23a07012f3526c2d376,928,1.0,290.41396499999996,311955,7733454,a1717691f2f83dd5a6e4d50c73822aacf4825f938d389bc74a43649c525f13e0,True,SUCCESS_H2S,False,REDSTAR,2642.792823,True,1405.602489
2,IC_NEXT_CC_C01;IC_PREV_CC_C03,0.0021551724137931034,H2S,True,40,499.190418,312190,7734161,False,0.0,25.835364,,l_SW_C02_CORE_B_SW_FACTORY_CORE_A,727.477268,False,0cd2d39b9ab3999bdbbe7304a7051ca98a51d813131ec9fa7eee74407629483d,True,1918.524997,53518336,1.3368842965354388,True,144.716311,profiles/L_REDSTAR/l_SW_C02_CORE_B_SW_FACTORY_CORE_A.json,a2e8681e67d269799680e3dc28d45af73109ada10f13a255d718f75a98d21789,True,1,928,c1173c64d2eb1daf189ab99f61f26e463c099fd0e24bd5bd441dc8cdc6472ec1,L,L_REDSTAR,120fa10adb042e8c203eae9cdb5e0f7a31aa8f2090d377d112fbb6213dfb96a3,928,1.0,228.28684999999996,311862,7733779,b618a5a80e0ba9e4f04417a4080db78f9806bdc02636e4bfc80512662dc4435f,True,SUCCESS_H2S,False,REDSTAR,2564.845941,True,1507.697572
10,COORD_CC_C03_PLC_C03_M01;COORD_CC_C03_PLC_C03_M02;COORD_CC_C03_PLC_C03_M03;COORD_CC_C03_PLC_C03_M04;IC_NEXT_CC_C03;IC_PREV_CC_C03;STAT_PLC_C03_M01;STAT_PLC_C03_M02;STAT_PLC_C03_M03;STAT_PLC_C03_M04,0.010775862068965518,H2S,True,41,551.5449970000001,312196,7734048,False,0.0,24.256938,,l_SW_C03_CC_SW_C03_CORE_A,817.858329,False,0cd2d39b9ab3999bdbbe7304a7051ca98a51d813131ec9fa7eee74407629483d,True,1918.524997,53678080,1.3294021975153865,True,144.793346,profiles/L_REDSTAR/l_SW_C03_CC_SW_C03_CORE_A.json,e5e933265848b43a0537878941a340ec3973d913c5c3d937e01ee0e73e9fc4e2,True,1,928,06bea29e501877a9191bc802503eb0c25a871f355a9a65659bbe24d66120abec,L,L_REDSTAR,d4dcd3d6b1773950bc1a6512fd1d50c34d3800a3fd6a9af036ac250a3853ca2f,928,1.0,266.31333199999995,311857,7733506,1b52165dc050ddf368d4c44580839667065e70b28968477ebc727564fe916234,True,SUCCESS_H2S,False,REDSTAR,2550.491347,True,1399.056975
2,IC_NEXT_CC_C02;IC_PREV_CC_C04,0.0021551724137931034,H2S,True,42,525.228877,312107,7733828,False,0.0,24.289824,,l_SW_C03_CC_SW_C03_CORE_B,808.866426,False,0cd2d39b9ab3999bdbbe7304a7051ca98a51d813131ec9fa7eee74407629483d,True,1918.524997,53534720,1.4165898814191995,True,229.82487,profiles/L_REDSTAR/l_SW_C03_CC_SW_C03_CORE_B.json,6798e1cab61dda789fd30732cb07c3e669ddfefdee60566b173f55220540c93a,True,1,928,d8640761647f3eab57bba794b952dcc4cdfbb80837d1886071c13bcb3ec3f742,L,L_REDSTAR,bd4ef8cffff78fa3553a81deb9e6c6e0ed3c86643f3d827469457ad4825772a7,928,1.0,283.63754900000004,311802,7733470,032ac6d17756578041194f153224fe74b45f5c0aff733ad198b827cb42a18322,True,SUCCESS_H2S,False,REDSTAR,2717.763098,True,1460.496973
4,CMD_PLC_C03_M01_A1_C03_M01;CMD_PLC_C03_M01_A2_C03_M01;CMD_PLC_C03_M01_A3_C03_M01;CMD_PLC_C03_M01_A4_C03_M01,0.004310344827586207,H2S,True,43,491.16078899999997,312245,7735363,False,0.0,20.84496,,l_SW_C03_CORE_A_SW_C03_M01_ACT,717.200394,False,0cd2d39b9ab3999bdbbe7304a7051ca98a51d813131ec9fa7eee74407629483d,True,1918.524997,53686272,1.2641979332000333,True,141.514566,profiles/L_REDSTAR/l_SW_C03_CORE_A_SW_C03_M01_ACT.json,66012f9e5942b1aa0aff41e22032c00302bae4b4f7890a34dff7dd64efd74aad,True,1,928,8c43f2f1472a5e0622f0e58fbef3ebc86f7b7daa7ea38f3758044883e6417529,L,L_REDSTAR,0a560ba60de29723c946cbd023ee77e96259ab3ba5fa84c1d14ffe4f5dc674dc,928,1.0,226.039605,311928,7734908,20150f85877b060739975580d40639214b846c8dcbfc5cc00e97a81a3a3c4b52,True,SUCCESS_H2S,False,REDSTAR,2425.395336,True,1392.493519
6,CMD_PLC_C03_M01_A1_C03_M01;CMD_PLC_C03_M01_A2_C03_M01;CMD_PLC_C03_M01_A3_C03_M01;CMD_PLC_C03_M01_A4_C03_M01;COORD_CC_C03_PLC_C03_M01;STAT_PLC_C03_M01,0.00646551724137931,H2S,True,44,521.675997,312335,7735085,False,0.0,20.55928,,l_SW_C03_CORE_A_SW_C03_M01_CTRL,781.406961,False,0cd2d39b9ab3999bdbbe7304a7051ca98a51d813131ec9fa7eee74407629483d,True,1918.524997,53530624,1.3203895914628,True,147.330606,profiles/L_REDSTAR/l_SW_C03_CORE_A_SW_C03_M01_CTRL.json,622ad409b94c0156ea5dfcb5871ab4091bb555d54995abe1f4b0842fe26ee6ae,True,1,928,9a7a7d491c0ce43441b90deb5f48e6e0209cbb0a8f54d45b42912284bd1fe26e,L,L_REDSTAR,55cb4b486e22216b506b3f34648ff581746951dc0f3b6ed1af118c0413bb8c61,928,1.0,259.730964,311998,7734581,2be249890380dbf61402989007f1fa17ae8263215828be9ef261d48a13d555be,True,SUCCESS_H2S,False,REDSTAR,2533.200437,True,1426.127853
4,CMD_PLC_C03_M02_A1_C03_M02;CMD_PLC_C03_M02_A2_C03_M02;CMD_PLC_C03_M02_A3_C03_M02;CMD_PLC_C03_M02_A4_C03_M02,0.004310344827586207,H2S,True,45,494.254364,312250,7735355,False,0.0,19.184615,,l_SW_C03_CORE_A_SW_C03_M02_ACT,725.524719,False,0cd2d39b9ab3999bdbbe7304a7051ca98a51d813131ec9fa7eee74407629483d,True,1918.524997,53522432,1.3150426989198098,True,185.865725,profiles/L_REDSTAR/l_SW_C03_CORE_A_SW_C03_M02_ACT.json,3f2b412d2e56f0ca345cfe29125b0bdefe108dc6df64c12e607af1afeb48a297,True,1,928,7367e9e8ff694d7a3ade42293ec82dcbc94999df3a7746122576928b8d392196,L,L_REDSTAR,82ae78702312b1ea1a0bce6f81dd03924acb22dec6c269a3f438d554b67fa8ce,928,1.0,231.270355,311927,7734900,045f25e58c1e4bd1865c64da04cbf8a1ebb46afd2c249e83952c094b674e2524,True,SUCCESS_H2S,False,REDSTAR,2522.94229,True,1436.534603
6,CMD_PLC_C03_M02_A1_C03_M02;CMD_PLC_C03_M02_A2_C03_M02;CMD_PLC_C03_M02_A3_C03_M02;CMD_PLC_C03_M02_A4_C03_M02;COORD_CC_C03_PLC_C03_M02;STAT_PLC_C03_M02,0.00646551724137931,H2S,True,46,494.233142,312335,7735033,False,0.0,19.472466,,l_SW_C03_CORE_A_SW_C03_M02_CTRL,725.274276,False,0cd2d39b9ab3999bdbbe7304a7051ca98a51d813131ec9fa7eee74407629483d,True,1918.524997,53530624,1.2699459750640925,True,142.196993,profiles/L_REDSTAR/l_SW_C03_CORE_A_SW_C03_M02_CTRL.json,9895b3b69e6dcdaf0585c68a3d50e97ff654df7d2963b4fd36d9eb759486566c,True,1,928,3c7af57ef6828f5b7e32ab138ebf0519a22ac33942dfe524c645a65aef8a84d2,L,L_REDSTAR,49ea6e5fba4615e39ff76eda759a2ff40dd5c843881075eb11c5464d8017dd38,928,1.0,231.041134,311992,7734529,c9d318281d5c1bdf45b1f293d25f77dc2b7365c589f8f5513fb0ba6d33e446e0,True,SUCCESS_H2S,False,REDSTAR,2436.423098,True,1394.580286
4,CMD_PLC_C03_M03_A1_C03_M03;CMD_PLC_C03_M03_A2_C03_M03;CMD_PLC_C03_M03_A3_C03_M03;CMD_PLC_C03_M03_A4_C03_M03,0.004310344827586207,H2S,True,47,498.68217799999996,312270,7735363,False,0.0,23.620321,,l_SW_C03_CORE_A_SW_C03_M03_ACT,759.919141,False,0cd2d39b9ab3999bdbbe7304a7051ca98a51d813131ec9fa7eee74407629483d,True,1918.524997,53522432,1.3330954014147776,True,172.336597,profiles/L_REDSTAR/l_SW_C03_CORE_A_SW_C03_M03_ACT.json,82999fe8eb8a70382ce50330c24c2514bf3878d48a646a0ac9bd6fbbdba3ea9d,True,1,928,4201e1ebcb9f4c16d18890f1154bd3514e736b23f1918f4d910393eb0b42bc70,L,L_REDSTAR,1aabfd3e6be8c5f9be331de5a07a5a48516c7280b550a3a24180fa2225871be2,928,1.0,261.236963,311944,7734908,ece86eef4b046ad303e7f6d2737ed2845a05bb13ecc736e27312d1a89468312c,True,SUCCESS_H2S,False,REDSTAR,2557.576851,True,1430.735212
6,CMD_PLC_C03_M03_A1_C03_M03;CMD_PLC_C03_M03_A2_C03_M03;CMD_PLC_C03_M03_A3_C03_M03;CMD_PLC_C03_M03_A4_C03_M03;COORD_CC_C03_PLC_C03_M03;STAT_PLC_C03_M03,0.00646551724137931,H2S,True,48,520.0705909999999,312344,7735057,False,0.0,17.743802,,l_SW_C03_CORE_A_SW_C03_M03_CTRL,779.954205,False,0cd2d39b9ab3999bdbbe7304a7051ca98a51d813131ec9fa7eee74407629483d,True,1918.524997,53530624,1.352481313017784,True,209.717001,profiles/L_REDSTAR/l_SW_C03_CORE_A_SW_C03_M03_CTRL.json,aa2d52830b3c6746b83eb1a9139aed211d37d985539855e8b6678ad65c2e7cfa,True,1,928,2cbf22ba472a1132b50ff22bd23261b9fca101d96e2d4fe40da2d3e6044f0c54,L,L_REDSTAR,1dbe2ad909a9dfa450665cebe3717a6310c9bdd54e9f29787afe20fa97db456d,928,1.0,259.8836140000001,312003,7734553,d7f2e9fed505231878e65d95507494e5a5a7c358f2eca0effb941fcaf8f18729,True,SUCCESS_H2S,False,REDSTAR,2594.769207,True,1426.358363
4,CMD_PLC_C03_M04_A1_C03_M04;CMD_PLC_C03_M04_A2_C03_M04;CMD_PLC_C03_M04_A3_C03_M04;CMD_PLC_C03_M04_A4_C03_M04,0.004310344827586207,H2S,True,49,496.07559499999996,312279,7735347,False,0.0,17.856115,,l_SW_C03_CORE_A_SW_C03_M04_ACT,726.136124,False,0cd2d39b9ab3999bdbbe7304a7051ca98a51d813131ec9fa7eee74407629483d,True,1918.524997,53526528,1.310537840232269,True,159.181665,profiles/L_REDSTAR/l_SW_C03_CORE_A_SW_C03_M04_ACT.json,e80f9dafe46498436101d579d7262152a186126ee21a39678ce5aebb729aa5a0,True,1,928,e511a2774d149229842402af3ff9659e483fcec772c1cd6f4e503e4e3d909c90,L,L_REDSTAR,2c9d72d09ccc2e847de39e881b552fc1fb25f4881a926dfd35a95b3eee87e132,928,1.0,230.06052900000003,311952,7734892,ac47b04897fef4e303ef5ceea5818a6b279b0095de27bc8041dbf6998419b396,True,SUCCESS_H2S,False,REDSTAR,2514.299606,True,1460.038754
6,CMD_PLC_C03_M04_A1_C03_M04;CMD_PLC_C03_M04_A2_C03_M04;CMD_PLC_C03_M04_A3_C03_M04;CMD_PLC_C03_M04_A4_C03_M04;COORD_CC_C03_PLC_C03_M04;STAT_PLC_C03_M04,0.00646551724137931,H2S,True,50,542.0412759999999,312351,7735015,False,0.0,19.396705,,l_SW_C03_CORE_A_SW_C03_M04_CTRL,753.439512,False,0cd2d39b9ab3999bdbbe7304a7051ca98a51d813131ec9fa7eee74407629483d,True,1918.524997,53530624,1.2769697829483113,True,91.97434,profiles/L_REDSTAR/l_SW_C03_CORE_A_SW_C03_M04_CTRL.json,9b02684e09616461aa1ebf514b5bf1a44681e6590cb1dcd9f3b5fe2e5d99c33e,True,1,928,34011e7ced463167d252d948a76cd4e4db510d18f630977546afaefc684d8d12,L,L_REDSTAR,32100a85856b8a518369a943fcfee90b043de7a04d0e45504a73e6b4977e1621,928,1.0,211.3982360000001,312016,7734511,e1253859aa1e8a0e2ed9002240093fbe9bb34234f30c7e20d1da8d727644a0e0,True,SUCCESS_H2S,False,REDSTAR,2449.898449,True,1445.487586
2,IC_NEXT_CC_C03;IC_PREV_CC_C03,0.0021551724137931034,H2S,True,51,542.383072,312186,7734548,False,0.0,15.178147,,l_SW_C03_CORE_A_SW_FACTORY_CORE_A,765.953143,False,0cd2d39b9ab3999bdbbe7304a7051ca98a51d813131ec9fa7eee74407629483d,True,1918.524997,53522432,1.3341416796770567,True,220.532317,profiles/L_REDSTAR/l_SW_C03_CORE_A_SW_FACTORY_CORE_A.json,313c37f74b98f31078cc1815f453309ba01cebfc56f323996ffc3f6b1cc4176f,True,1,928,d0dacb7c78ca8beea9a46f1430c37f6ca413527d6b7038bbddaf6b48bdd63e3d,L,L_REDSTAR,22ee994ed6dd96dfca83513141d46f058286f3e362c661282d81e7ea4a066361,928,1.0,223.57007099999998,311859,7734166,4bebbc711ee36c5776302d9f5560caeceeeec9277bd6b9fc26de3376ade565c8,True,SUCCESS_H2S,False,REDSTAR,2559.584162,True,1374.54947
8,SC_S1_C03_M01;SC_S2_C03_M01;SC_S3_C03_M01;SC_S4_C03_M01;SF_S1_C03_M01;SF_S2_C03_M01;SF_S3_C03_M01;SF_S4_C03_M01,0.008620689655172414,H2S,True,52,540.995859,312308,7733924,False,0.0,17.497285,,l_SW_C03_CORE_B_SW_C03_M01_CTRL,808.799469,False,0cd2d39b9ab3999bdbbe7304a7051ca98a51d813131ec9fa7eee74407629483d,True,1918.524997,53694464,1.297130613826451,True,142.664639,profiles/L_REDSTAR/l_SW_C03_CORE_B_SW_C03_M01_CTRL.json,1d65d54e258226dc9af97f4e4d87461775e3f1875c6d4a209298b888c7009797,True,1,928,8691dd9a2b953d8ca4f1b4502de1b5f28d7f492a2914e8b76b9706241c079547,L,L_REDSTAR,740b16abd8cfd38beda6315e673180010d9c13f1ea3c8bb29817894896a8917a,928,1.0,267.80361000000005,311982,7733454,b75176285e4d13296f57b436d191b061d90bfd14f2bca2b2bf8e521a90acfc18,True,SUCCESS_H2S,False,REDSTAR,2488.577507,True,1360.057679
8,SC_S1_C03_M01;SC_S2_C03_M01;SC_S3_C03_M01;SC_S4_C03_M01;SF_S1_C03_M01;SF_S2_C03_M01;SF_S3_C03_M01;SF_S4_C03_M01,0.008620689655172414,H2S,True,53,515.733002,312312,7733924,False,0.0,20.851864,,l_SW_C03_CORE_B_SW_C03_M01_SENS,737.01687,False,0cd2d39b9ab3999bdbbe7304a7051ca98a51d813131ec9fa7eee74407629483d,True,1918.524997,53690368,1.3637957045602154,True,143.37903,profiles/L_REDSTAR/l_SW_C03_CORE_B_SW_C03_M01_SENS.json,50c5330bd294054c3b325f7116c703d568ba7a68ce05dba7a52bb05dea6384a5,True,1,928,8691dd9a2b953d8ca4f1b4502de1b5f28d7f492a2914e8b76b9706241c079547,L,L_REDSTAR,2c1d3f4c9a44b6febccd9fea9ff647688de458dcd91050f68fbf04d7a2acc779,928,1.0,221.28386799999998,311982,7733454,b75176285e4d13296f57b436d191b061d90bfd14f2bca2b2bf8e521a90acfc18,True,SUCCESS_H2S,False,REDSTAR,2616.47615,True,1549.552245
8,SC_S1_C03_M02;SC_S2_C03_M02;SC_S3_C03_M02;SC_S4_C03_M02;SF_S1_C03_M02;SF_S2_C03_M02;SF_S3_C03_M02;SF_S4_C03_M02,0.008620689655172414,H2S,True,54,491.98652799999996,312292,7733928,False,0.0,22.127704,,l_SW_C03_CORE_B_SW_C03_M02_CTRL,738.957013,False,0cd2d39b9ab3999bdbbe7304a7051ca98a51d813131ec9fa7eee74407629483d,True,1918.524997,53694464,1.3547956440830256,True,171.679328,profiles/L_REDSTAR/l_SW_C03_CORE_B_SW_C03_M02_CTRL.json,d05e58949785ad8160029506c8b9c777c58040d4bf3272239f2ef24bc0db1982,True,1,928,0434e564953e116f4e3b129e1de22eab03d51a250c01aeb71762d99be4f09a0c,L,L_REDSTAR,7ea04f3639db8ffdaac7f305a10e55d2494ba9533ac73c4cb0c6607fd2bd6237,928,1.0,246.970485,311963,7733458,a23fe98ed81c7a08ac924ae0425eeb6d80d1ee35d8c6f8c77d1449ae28013866,True,SUCCESS_H2S,False,REDSTAR,2599.209309,True,1496.577949
8,SC_S1_C03_M02;SC_S2_C03_M02;SC_S3_C03_M02;SC_S4_C03_M02;SF_S1_C03_M02;SF_S2_C03_M02;SF_S3_C03_M02;SF_S4_C03_M02,0.008620689655172414,H2S,True,55,520.806054,312294,7733928,False,0.0,63.220402,,l_SW_C03_CORE_B_SW_C03_M02_SENS,786.128973,False,0cd2d39b9ab3999bdbbe7304a7051ca98a51d813131ec9fa7eee74407629483d,True,1918.524997,53694464,1.3474865722586151,True,133.9297,profiles/L_REDSTAR/l_SW_C03_CORE_B_SW_C03_M02_SENS.json,dfef4c803f594a30ee86bc2b291cf40aec91660eeb62a7e569322a0b4935926d,True,1,928,0434e564953e116f4e3b129e1de22eab03d51a250c01aeb71762d99be4f09a0c,L,L_REDSTAR,2abd12db98a100ff9f61c3570f8d88edc32d9cd2758e9a2bd4b3b15079cc4826,928,1.0,265.32291899999996,311963,7733458,a23fe98ed81c7a08ac924ae0425eeb6d80d1ee35d8c6f8c77d1449ae28013866,True,SUCCESS_H2S,False,REDSTAR,2585.186672,True,1435.643124
8,SC_S1_C03_M03;SC_S2_C03_M03;SC_S3_C03_M03;SC_S4_C03_M03;SF_S1_C03_M03;SF_S2_C03_M03;SF_S3_C03_M03;SF_S4_C03_M03,0.008620689655172414,H2S,True,56,506.86388000000005,312318,7733926,False,0.0,20.718546,,l_SW_C03_CORE_B_SW_C03_M03_CTRL,745.206168,False,0cd2d39b9ab3999bdbbe7304a7051ca98a51d813131ec9fa7eee74407629483d,True,1918.524997,53694464,1.334845824268403,True,187.898524,profiles/L_REDSTAR/l_SW_C03_CORE_B_SW_C03_M03_CTRL.json,2d488e8e1fad36ca7bd5a1ad700a5f8d0df67b82d5bd425a35b6194b2baf4164,True,1,928,ab848d79820316af3f7a76d28d2b169496ee9f5c0e2d68290fc0dbf533c7ba77,L,L_REDSTAR,f81783e63d846cfabbd0009df4ab448f42ddfae339be45391150d435d7bcbbc1,928,1.0,238.342288,311991,7733456,68c141f4aa26f5f9ef09e4036b6d9db01f2d0dd0eefcc43335897baf585696b6,True,SUCCESS_H2S,False,REDSTAR,2560.935081,True,1436.657401
8,SC_S1_C03_M03;SC_S2_C03_M03;SC_S3_C03_M03;SC_S4_C03_M03;SF_S1_C03_M03;SF_S2_C03_M03;SF_S3_C03_M03;SF_S4_C03_M03,0.008620689655172414,H2S,True,57,552.897953,312321,7733926,False,0.0,20.710032,,l_SW_C03_CORE_B_SW_C03_M03_SENS,825.25176,False,0cd2d39b9ab3999bdbbe7304a7051ca98a51d813131ec9fa7eee74407629483d,True,1918.524997,53530624,1.404825921587927,True,227.000812,profiles/L_REDSTAR/l_SW_C03_CORE_B_SW_C03_M03_SENS.json,f1ed70cb3779ccce052d6efe66fff9503ff750e44de145ae9c9c9880689000bb,True,1,928,ab848d79820316af3f7a76d28d2b169496ee9f5c0e2d68290fc0dbf533c7ba77,L,L_REDSTAR,0bf64d70018ada3c589034c92cbb3a210f6ee7754d98c0d3a91fe335ff745006,928,1.0,272.35380699999996,311991,7733456,68c141f4aa26f5f9ef09e4036b6d9db01f2d0dd0eefcc43335897baf585696b6,True,SUCCESS_H2S,False,REDSTAR,2695.193647,True,1457.277301
8,SC_S1_C03_M04;SC_S2_C03_M04;SC_S3_C03_M04;SC_S4_C03_M04;SF_S1_C03_M04;SF_S2_C03_M04;SF_S3_C03_M04;SF_S4_C03_M04,0.008620689655172414,H2S,True,58,502.781316,312289,7733922,False,0.0,23.390314,,l_SW_C03_CORE_B_SW_C03_M04_CTRL,727.727385,False,0cd2d39b9ab3999bdbbe7304a7051ca98a51d813131ec9fa7eee74407629483d,True,1918.524997,53698560,1.3152966846644636,True,142.450569,profiles/L_REDSTAR/l_SW_C03_CORE_B_SW_C03_M04_CTRL.json,7827614b3eb8e1b2d2e31ec655cddb189edafbf70187b2c16dffa0533cc00249,True,1,928,f43d55bac1665d7c123e8bdf777eee5297201b4a2f27f45c4d95fd15e3dfaeed,L,L_REDSTAR,28f8e9197efdef7c3f4e933d46bec2f52ca8bad73af7af266d657e4ae037e9a6,928,1.0,224.94606900000002,311960,7733452,3138d88bd2e7601376be3c4c05ced553d7b1742ddb294abbaab799744789fe8f,True,SUCCESS_H2S,False,REDSTAR,2523.429568,True,1458.989879
8,SC_S1_C03_M04;SC_S2_C03_M04;SC_S3_C03_M04;SC_S4_C03_M04;SF_S1_C03_M04;SF_S2_C03_M04;SF_S3_C03_M04;SF_S4_C03_M04,0.008620689655172414,H2S,True,59,522.2639009999999,312292,7733922,False,0.0,19.063117,,l_SW_C03_CORE_B_SW_C03_M04_SENS,814.76558,False,0cd2d39b9ab3999bdbbe7304a7051ca98a51d813131ec9fa7eee74407629483d,True,1918.524997,53530624,1.3955766550796733,True,135.549631,profiles/L_REDSTAR/l_SW_C03_CORE_B_SW_C03_M04_SENS.json,2e002f7f5b657be7241636aa776fa951750553102a11003af1d9847119886655,True,1,928,f43d55bac1665d7c123e8bdf777eee5297201b4a2f27f45c4d95fd15e3dfaeed,L,L_REDSTAR,aee85549362de6bd8e4f14eec6298a8bb303dd5c9bf47db6347cbd4fb92e9c9c,928,1.0,292.5016790000001,311960,7733452,3138d88bd2e7601376be3c4c05ced553d7b1742ddb294abbaab799744789fe8f,True,SUCCESS_H2S,False,REDSTAR,2677.448698,True,1548.138627
2,IC_NEXT_CC_C02;IC_PREV_CC_C04,0.0021551724137931034,H2S,True,60,516.016971,312181,7734163,False,0.0,24.658986,,l_SW_C03_CORE_B_SW_FACTORY_CORE_A,764.509865,False,0cd2d39b9ab3999bdbbe7304a7051ca98a51d813131ec9fa7eee74407629483d,True,1918.524997,53518336,1.4295235950996577,True,195.611608,profiles/L_REDSTAR/l_SW_C03_CORE_B_SW_FACTORY_CORE_A.json,9ed64e60bd7636b8b148d91e692bd0aa712ab0d7adfba92fa2241e285207f324,True,1,928,78215ae9e32132f12b0e46633a47a9b6e26db678ac2677ebd4efd8b997e6f09b,L,L_REDSTAR,59855135db8490a808124dad8097919d48d29b333cd9833f96543c498353f59e,928,1.0,248.49289399999998,311855,7733781,6d20613a0ffec101f1970d69f28025738e14d7ceafee6247894d222d9b12af27,True,SUCCESS_H2S,False,REDSTAR,2742.576751,True,1595.134764
10,COORD_CC_C04_PLC_C04_M01;COORD_CC_C04_PLC_C04_M02;COORD_CC_C04_PLC_C04_M03;COORD_CC_C04_PLC_C04_M04;IC_NEXT_CC_C04;IC_PREV_CC_C04;STAT_PLC_C04_M01;STAT_PLC_C04_M02;STAT_PLC_C04_M03;STAT_PLC_C04_M04,0.010775862068965518,H2S,True,61,510.025555,312206,7734040,False,0.0,22.320662,,l_SW_C04_CC_SW_C04_CORE_A,757.515292,False,0cd2d39b9ab3999bdbbe7304a7051ca98a51d813131ec9fa7eee74407629483d,True,1918.524997,53518336,1.330933125183565,True,156.05772,profiles/L_REDSTAR/l_SW_C04_CC_SW_C04_CORE_A.json,f63adf19eac349d52652a2369cf855cd7d77303c1c29de618183a068ad6864b0,True,1,928,6812f5faed9cc5a854aa3d834120a4829ea4619528eb143eebdb50e4a29cb941,L,L_REDSTAR,aa8a5ba710532a7ce7156b8264cbcee4565f5a0247b89f42c6c299aec22fe45c,928,1.0,247.48973700000005,311863,7733498,986cf4f74f880966b99180176cdd7eb3953e11ca85be3f27387467d7382f85be,True,SUCCESS_H2S,False,REDSTAR,2553.42847,True,1454.689071
2,IC_NEXT_CC_C03;IC_PREV_CC_C05,0.0021551724137931034,H2S,True,62,530.8908449999999,312113,7733830,False,0.0,22.058901,,l_SW_C04_CC_SW_C04_CORE_B,776.072877,False,0cd2d39b9ab3999bdbbe7304a7051ca98a51d813131ec9fa7eee74407629483d,True,1918.524997,53698560,1.2992498955696432,True,145.532774,profiles/L_REDSTAR/l_SW_C04_CC_SW_C04_CORE_B.json,0769c4f6c5226953590c45f9944204c63ccb4522222482a3c078cc3d17836627,True,1,928,1da48f9a8b474f450af6a633c9d49b4da3ba6f302378db173dfcd448b3764dc1,L,L_REDSTAR,82d3aad48bcaf38c61dc6d2ae6f261e673de42da4c7ad2c827a0d2e41f8031a4,928,1.0,245.18203200000005,311815,7733472,954e5a97bca047a69df6067ff782a5f29a6c859f0403c502193944d5e30d43ad,True,SUCCESS_H2S,False,REDSTAR,2492.643402,True,1401.889318
4,CMD_PLC_C04_M01_A1_C04_M01;CMD_PLC_C04_M01_A2_C04_M01;CMD_PLC_C04_M01_A3_C04_M01;CMD_PLC_C04_M01_A4_C04_M01,0.004310344827586207,H2S,True,63,601.9206740000001,312273,7735359,False,0.0,11.676066,,l_SW_C04_CORE_A_SW_C04_M01_ACT,841.158612,False,0cd2d39b9ab3999bdbbe7304a7051ca98a51d813131ec9fa7eee74407629483d,True,1918.524997,53686272,1.3989386456766608,True,155.099806,profiles/L_REDSTAR/l_SW_C04_CORE_A_SW_C04_M01_ACT.json,acd5b5f62a37de41c2908085d2718eed2ad25f5aafcc7badf63c26c417d339af,True,1,928,3792cfef79092df89666c6e9a6c53d49f6503585b515b6611fa302c8e7a49bc3,L,L_REDSTAR,379f9f99ff36c82c17eb104b828fc965c0e5ac2b3af0bbab1c3fcdda76753bd7,928,1.0,239.23793799999987,311951,7734904,37ac718403d8a1641fd24363ef9a26c6d0ad5191b218fc441367cfd6d635c003,True,SUCCESS_H2S,False,REDSTAR,2683.898761,True,1508.526143
6,CMD_PLC_C04_M01_A1_C04_M01;CMD_PLC_C04_M01_A2_C04_M01;CMD_PLC_C04_M01_A3_C04_M01;CMD_PLC_C04_M01_A4_C04_M01;COORD_CC_C04_PLC_C04_M01;STAT_PLC_C04_M01,0.00646551724137931,H2S,True,64,528.3481479999999,312335,7735041,False,0.0,23.547865,,l_SW_C04_CORE_A_SW_C04_M01_CTRL,815.099699,False,0cd2d39b9ab3999bdbbe7304a7051ca98a51d813131ec9fa7eee74407629483d,True,1918.524997,53534720,1.4385244077171646,True,215.580173,profiles/L_REDSTAR/l_SW_C04_CORE_A_SW_C04_M01_CTRL.json,e59157a07b495d70a40898c2bb9e88799bcaa9ff9270c769e220f5b2438cbffd,True,1,928,e61053762077feb3ede24d66590872006e41c27de2d14d13fa3727339a399982,L,L_REDSTAR,0098acad088f15d841dd1991094e93b0c6326e827fff2c6eca56f5ec00965d12,928,1.0,286.75155100000006,311995,7734537,ceed276ccd4727b55a8a2f060c0e5918f2928cf58e131647f05fb7616975c0ae,True,SUCCESS_H2S,False,REDSTAR,2759.845035,True,1522.604441
4,CMD_PLC_C04_M02_A1_C04_M02;CMD_PLC_C04_M02_A2_C04_M02;CMD_PLC_C04_M02_A3_C04_M02;CMD_PLC_C04_M02_A4_C04_M02,0.004310344827586207,H2S,True,65,501.342203,312260,7735359,False,0.0,24.253674,,l_SW_C04_CORE_A_SW_C04_M02_ACT,730.865949,False,0cd2d39b9ab3999bdbbe7304a7051ca98a51d813131ec9fa7eee74407629483d,True,1918.524997,53522432,1.333231413716107,True,151.554846,profiles/L_REDSTAR/l_SW_C04_CORE_A_SW_C04_M02_ACT.json,b3bebd6c9be1ed511fc9d7d8443e84a837f13ed5185bf0f670ae955eba4dc3a4,True,1,928,c16c3538ca60ce7477253ef710b90d7213486400489e2f1c8084cf618b03e401,L,L_REDSTAR,d08dd1100228df1bd0d3b361e134893a8469a2cbdb895315ffc9f0b6442070e5,928,1.0,229.52374600000002,311933,7734904,af76c2e9b46eb81e80338017d5f1d0b320f9f4ccaae902a5e299d69fced524ed,True,SUCCESS_H2S,False,REDSTAR,2557.837794,True,1484.53306
6,CMD_PLC_C04_M02_A1_C04_M02;CMD_PLC_C04_M02_A2_C04_M02;CMD_PLC_C04_M02_A3_C04_M02;CMD_PLC_C04_M02_A4_C04_M02;COORD_CC_C04_PLC_C04_M02;STAT_PLC_C04_M02,0.00646551724137931,H2S,True,66,535.27508,312317,7735037,False,0.0,21.410049,,l_SW_C04_CORE_A_SW_C04_M02_CTRL,813.964784,False,0cd2d39b9ab3999bdbbe7304a7051ca98a51d813131ec9fa7eee74407629483d,True,1918.524997,53698560,1.3764584105650826,True,187.620621,profiles/L_REDSTAR/l_SW_C04_CORE_A_SW_C04_M02_CTRL.json,74a17b90132aa3bcdef5433f720f57943094f1c73b8be41569ed53252da820b6,True,1,928,797b4bbf67019cb66d28e3ecac6857209a0819397c062b0251e0c86649d0e280,L,L_REDSTAR,f17ee97ac4e2a1f85352c711b75c8d9d892e78b3f997e2cfcaa8308633700b6c,928,1.0,278.689704,311978,7734533,e9955e321b1a667d3b3965a2d753deeba2fb182dbfc1e241115200618a36c100,True,SUCCESS_H2S,False,REDSTAR,2640.769868,True,1452.964543
4,CMD_PLC_C04_M03_A1_C04_M03;CMD_PLC_C04_M03_A2_C04_M03;CMD_PLC_C04_M03_A3_C04_M03;CMD_PLC_C04_M03_A4_C04_M03,0.004310344827586207,H2S,True,67,537.024837,312264,7735351,False,0.0,20.302096,,l_SW_C04_CORE_A_SW_C04_M03_ACT,822.820801,False,0cd2d39b9ab3999bdbbe7304a7051ca98a51d813131ec9fa7eee74407629483d,True,1918.524997,53686272,1.40081275990797,True,204.444258,profiles/L_REDSTAR/l_SW_C04_CORE_A_SW_C04_M03_ACT.json,131f27091a7640cafb80be2c7bcc786092974b782baddb889861fec231a083ed,True,1,928,ed09374a96355b221f00abbf67a702c92d8f0e1f1fc85ab1f4b6bfe611f4f3cf,L,L_REDSTAR,f8ced53b53d49edf1cfbb129a967210b09d67118af3a146b200e75d4a45956be,928,1.0,285.7959639999999,311939,7734896,4e77bc26c98dd305c51b05cc817ef06fa094df031fb1b154dbe1742be3515199,True,SUCCESS_H2S,False,REDSTAR,2687.494296,True,1456.76248
6,CMD_PLC_C04_M03_A1_C04_M03;CMD_PLC_C04_M03_A2_C04_M03;CMD_PLC_C04_M03_A3_C04_M03;CMD_PLC_C04_M03_A4_C04_M03;COORD_CC_C04_PLC_C04_M03;STAT_PLC_C04_M03,0.00646551724137931,H2S,True,68,580.750938,312339,7735033,False,0.0,22.781644,,l_SW_C04_CORE_A_SW_C04_M03_CTRL,887.34455,False,0cd2d39b9ab3999bdbbe7304a7051ca98a51d813131ec9fa7eee74407629483d,True,1918.524997,53530624,1.3766482267001705,True,148.253551,profiles/L_REDSTAR/l_SW_C04_CORE_A_SW_C04_M03_CTRL.json,27c9ce021308a87e7a7d07501d3d0cdfd5c80ac283d344339d1d2c05b3e0e4ad,True,1,928,7abb9f873b767dc782d5c701f904baf70412fb4d9b407aa729830f34f72717f7,L,L_REDSTAR,d549c8b30f8b96da74eaef240e322e84b1544684ab64cda2585f23584157cca4,928,1.0,306.593612,311992,7734529,d203afb37fdcd319c2be1c751f394c24116c6d01a7daddf3aaab99375ad68fbb,True,SUCCESS_H2S,False,REDSTAR,2641.134035,True,1420.403483
4,CMD_PLC_C04_M04_A1_C04_M04;CMD_PLC_C04_M04_A2_C04_M04;CMD_PLC_C04_M04_A3_C04_M04;CMD_PLC_C04_M04_A4_C04_M04,0.004310344827586207,H2S,True,69,503.88765,312270,7735359,False,0.0,22.852654,,l_SW_C04_CORE_A_SW_C04_M04_ACT,749.404596,False,0cd2d39b9ab3999bdbbe7304a7051ca98a51d813131ec9fa7eee74407629483d,True,1918.524997,53690368,1.324980296308331,True,186.992883,profiles/L_REDSTAR/l_SW_C04_CORE_A_SW_C04_M04_ACT.json,adae859fa426d44363feaea492eebf2c1cfd4ce58aff76d0e0a091f886246bf1,True,1,928,77e2e359d1cdaf09995bfea28ea36b74c15eac779ec05a4a2aa8b916fd29143e,L,L_REDSTAR,3222ae6300a2289ec2b2e5bebe0c162b809127e31bb4950141751053b170b295,928,1.0,245.51694599999996,311946,7734904,546872e83bf29a44a28a02dbd7b7bd023ba3f755181b81effba65f2a38e68e7b,True,SUCCESS_H2S,False,REDSTAR,2542.007819,True,1420.805745
6,CMD_PLC_C04_M04_A1_C04_M04;CMD_PLC_C04_M04_A2_C04_M04;CMD_PLC_C04_M04_A3_C04_M04;CMD_PLC_C04_M04_A4_C04_M04;COORD_CC_C04_PLC_C04_M04;STAT_PLC_C04_M04,0.00646551724137931,H2S,True,70,523.8091870000001,312330,7735027,False,0.0,20.244657,,l_SW_C04_CORE_A_SW_C04_M04_CTRL,862.314043,False,0cd2d39b9ab3999bdbbe7304a7051ca98a51d813131ec9fa7eee74407629483d,True,1918.524997,53534720,1.4009641777943433,True,231.022221,profiles/L_REDSTAR/l_SW_C04_CORE_A_SW_C04_M04_CTRL.json,1f7d6453311ed4185e633ef2ba83fa3e3772a010be9ecaea8e62829c024f7cc6,True,1,928,9828ed4c06aafa10729a8e254b4aed8a6bed19d26e717c281a0f948c49e13de0,L,L_REDSTAR,8274098a8b9c4a14be9748bc67cc709d023fe5597547b492e57d13be012d2c94,928,1.0,338.5048559999999,311988,7734523,7563eff5206f8aa4973c27ad0b364e81413c9f9a3afd742e2675b5efea4be53e,True,SUCCESS_H2S,False,REDSTAR,2687.784795,True,1379.712372
2,IC_NEXT_CC_C04;IC_PREV_CC_C04,0.0021551724137931034,H2S,True,71,547.390357,312195,7734552,False,0.0,20.566883,,l_SW_C04_CORE_A_SW_FACTORY_CORE_A,812.851078,False,0cd2d39b9ab3999bdbbe7304a7051ca98a51d813131ec9fa7eee74407629483d,True,1918.524997,53682176,1.2963236934045537,True,132.2662,profiles/L_REDSTAR/l_SW_C04_CORE_A_SW_FACTORY_CORE_A.json,3b507013fee8f90f6e98b3af2bb3812e9dba8422bc8f79f9017c1cae63a07a2d,True,1,928,40c7de226994eab68f230203fde93d903dce5920f5a7c24baa5f7ef53e92af93,L,L_REDSTAR,41f3011ba9ea9a369acadd94007643cf669694a59ccc9b64eabf5d78e9ab63ab,928,1.0,265.46072100000004,311868,7734170,7f07d96e666f4012995c8fd9e7532efadaa2abaeb0468ab80637884fb899de04,True,SUCCESS_H2S,False,REDSTAR,2487.02941,True,1367.209522
8,SC_S1_C04_M01;SC_S2_C04_M01;SC_S3_C04_M01;SC_S4_C04_M01;SF_S1_C04_M01;SF_S2_C04_M01;SF_S3_C04_M01;SF_S4_C04_M01,0.008620689655172414,H2S,True,72,503.551051,312320,7733926,False,0.0,18.164997,,l_SW_C04_CORE_B_SW_C04_M01_CTRL,720.648858,False,0cd2d39b9ab3999bdbbe7304a7051ca98a51d813131ec9fa7eee74407629483d,True,1918.524997,53694464,1.2762093857669972,True,141.465246,profiles/L_REDSTAR/l_SW_C04_CORE_B_SW_C04_M01_CTRL.json,b73a0d1d30c01189012af2dbbd3d6318a4ac07f620dad01dfdf3108f08408944,True,1,928,f96591a96eae4d9c6fe8c7111e477c63df5848ca97cfa0590f39c4c209b8f96b,L,L_REDSTAR,f4ede331154118b5f4b6651022b185d1b770d646c8e38492a06a8b871636e120,928,1.0,217.09780700000005,311995,7733456,0bd4e0e01691abae23ce716ddd927575ac392ca47196a0a4a726b968f4f52dbc,True,SUCCESS_H2S,False,REDSTAR,2448.439608,True,1390.450975
8,SC_S1_C04_M01;SC_S2_C04_M01;SC_S3_C04_M01;SC_S4_C04_M01;SF_S1_C04_M01;SF_S2_C04_M01;SF_S3_C04_M01;SF_S4_C04_M01,0.008620689655172414,H2S,True,73,380.986805,312323,7733926,False,0.0,13.431316,,l_SW_C04_CORE_B_SW_C04_M01_SENS,521.674353,False,0cd2d39b9ab3999bdbbe7304a7051ca98a51d813131ec9fa7eee74407629483d,True,1918.524997,53530624,0.8131717165215544,True,86.144771,profiles/L_REDSTAR/l_SW_C04_CORE_B_SW_C04_M01_SENS.json,22e5105a551516ac168e3ebef90aecc1804dc4740aa466b0684938ad7636fd3a,True,1,928,f96591a96eae4d9c6fe8c7111e477c63df5848ca97cfa0590f39c4c209b8f96b,L,L_REDSTAR,025628ae2d42a25f9a594154a1770de54a9af4f14f8194349cbf07dbcbd51c49,928,1.0,140.687548,311995,7733456,0bd4e0e01691abae23ce716ddd927575ac392ca47196a0a4a726b968f4f52dbc,True,SUCCESS_H2S,False,REDSTAR,1560.090265,True,840.510604
8,SC_S1_C04_M02;SC_S2_C04_M02;SC_S3_C04_M02;SC_S4_C04_M02;SF_S1_C04_M02;SF_S2_C04_M02;SF_S3_C04_M02;SF_S4_C04_M02,0.008620689655172414,H2S,True,74,352.542948,312301,7733930,False,0.0,8.127908,,l_SW_C04_CORE_B_SW_C04_M02_CTRL,471.014104,False,0cd2d39b9ab3999bdbbe7304a7051ca98a51d813131ec9fa7eee74407629483d,True,1918.524997,53530624,0.7599544213809376,True,59.25792,profiles/L_REDSTAR/l_SW_C04_CORE_B_SW_C04_M02_CTRL.json,f1717d6c44665bd33c8f0c95d162df4bf2605c66fc7309c7e8191b34f5b95ec4,True,1,928,ec1ba45e2aba4ffec2728260edddf73b15e446d43a52f3e9cfce17c56066fb4d,L,L_REDSTAR,1445364f0d3e5bc76e3b8001a7151c443778812c08772b11f6e0fb68151af21e,928,1.0,118.47115599999995,311972,7733460,49bbe2219b1ae68041f4ca76d4a37c255d654a2038bc0dd03ade05df87f2aba6,True,SUCCESS_H2S,False,REDSTAR,1457.991554,True,837.934535
8,SC_S1_C04_M02;SC_S2_C04_M02;SC_S3_C04_M02;SC_S4_C04_M02;SF_S1_C04_M02;SF_S2_C04_M02;SF_S3_C04_M02;SF_S4_C04_M02,0.008620689655172414,H2S,True,75,349.57986,312302,7733930,False,0.0,8.029706,,l_SW_C04_CORE_B_SW_C04_M02_SENS,471.333075,False,0cd2d39b9ab3999bdbbe7304a7051ca98a51d813131ec9fa7eee74407629483d,True,1918.524997,53526528,0.7627676534255758,True,59.430284,profiles/L_REDSTAR/l_SW_C04_CORE_B_SW_C04_M02_SENS.json,99a152875f1b2100e098f15caa655ebbbde92d3897965cae3ecac3479844ab62,True,1,928,ec1ba45e2aba4ffec2728260edddf73b15e446d43a52f3e9cfce17c56066fb4d,L,L_REDSTAR,8373e789496faea71972afd1a42eb53de2a42ba530ce6ed2bec95004e9a03294,928,1.0,121.75321500000001,311972,7733460,49bbe2219b1ae68041f4ca76d4a37c255d654a2038bc0dd03ade05df87f2aba6,True,SUCCESS_H2S,False,REDSTAR,1463.38881,True,841.517266
8,SC_S1_C04_M03;SC_S2_C04_M03;SC_S3_C04_M03;SC_S4_C04_M03;SF_S1_C04_M03;SF_S2_C04_M03;SF_S3_C04_M03;SF_S4_C04_M03,0.008620689655172414,H2S,True,76,350.200114,312317,7733922,False,0.0,8.29886,,l_SW_C04_CORE_B_SW_C04_M03_CTRL,473.209679,False,0cd2d39b9ab3999bdbbe7304a7051ca98a51d813131ec9fa7eee74407629483d,True,1918.524997,53698560,0.765271550954934,True,72.739835,profiles/L_REDSTAR/l_SW_C04_CORE_B_SW_C04_M03_CTRL.json,9ba3f6f6f2730608e137c4d0f7c2f180af657925cfa2fc48d46feea1f0e9cb49,True,1,928,8f85d7934590179490e00b18e1e9d269949d73a0110bc16c14a82a5e5fa81aa7,L,L_REDSTAR,8d2f7afb188eff36dda9b8ed54135ac0055727048b685a9f126d2bbeada89ae4,928,1.0,123.00956500000001,311987,7733452,6a7d10694dda57eff2b5e4be70cf8a8e4c869fa3f85f6ee72a8671d7c418e82b,True,SUCCESS_H2S,False,REDSTAR,1468.1926,True,832.538675
8,SC_S1_C04_M03;SC_S2_C04_M03;SC_S3_C04_M03;SC_S4_C04_M03;SF_S1_C04_M03;SF_S2_C04_M03;SF_S3_C04_M03;SF_S4_C04_M03,0.008620689655172414,H2S,True,77,351.662598,312318,7733922,False,0.0,8.157341,,l_SW_C04_CORE_B_SW_C04_M03_SENS,473.026879,False,0cd2d39b9ab3999bdbbe7304a7051ca98a51d813131ec9fa7eee74407629483d,True,1918.524997,53690368,0.7443107742838547,True,58.648578,profiles/L_REDSTAR/l_SW_C04_CORE_B_SW_C04_M03_SENS.json,70db8034d32408b54be816e5d8d9a5998724fff133772868ddc131b3c940f0ab,True,1,928,8f85d7934590179490e00b18e1e9d269949d73a0110bc16c14a82a5e5fa81aa7,L,L_REDSTAR,258e489bac6b91cdd581493200aef871488e151ab7ac87d900644d35640a796e,928,1.0,121.364281,311987,7733452,6a7d10694dda57eff2b5e4be70cf8a8e4c869fa3f85f6ee72a8671d7c418e82b,True,SUCCESS_H2S,False,REDSTAR,1427.978826,True,806.51054
8,SC_S1_C04_M04;SC_S2_C04_M04;SC_S3_C04_M04;SC_S4_C04_M04;SF_S1_C04_M04;SF_S2_C04_M04;SF_S3_C04_M04;SF_S4_C04_M04,0.008620689655172414,H2S,True,78,352.49161499999997,312282,7733928,False,0.0,8.161732,,l_SW_C04_CORE_B_SW_C04_M04_CTRL,466.889749,False,0cd2d39b9ab3999bdbbe7304a7051ca98a51d813131ec9fa7eee74407629483d,True,1918.524997,53530624,0.7605541925602546,True,72.150471,profiles/L_REDSTAR/l_SW_C04_CORE_B_SW_C04_M04_CTRL.json,34d637f264a8e241f9472090fd19e742ea5b505ef8d979e8c2aadd36d528bb39,True,1,928,fe6c46e2b63f427a6bb907d38236ec508e1aeab52ef3688d6d7c6c12bc458b91,L,L_REDSTAR,9857106415526fac29f4d910d5c0082f5e9b267509256ab0eb82590acc3439d0,928,1.0,114.39813400000003,311953,7733458,aa1e48fc6f9a8197dfadd1ea54b9636a4d898d3db8dc36840cf17965d8c012de,True,SUCCESS_H2S,False,REDSTAR,1459.14223,True,830.357097
8,SC_S1_C04_M04;SC_S2_C04_M04;SC_S3_C04_M04;SC_S4_C04_M04;SF_S1_C04_M04;SF_S2_C04_M04;SF_S3_C04_M04;SF_S4_C04_M04,0.008620689655172414,H2S,True,79,350.470527,312287,7733928,False,0.0,8.088325,,l_SW_C04_CORE_B_SW_C04_M04_SENS,470.321983,False,0cd2d39b9ab3999bdbbe7304a7051ca98a51d813131ec9fa7eee74407629483d,True,1918.524997,53530624,0.7677983160518601,True,90.327058,profiles/L_REDSTAR/l_SW_C04_CORE_B_SW_C04_M04_SENS.json,31fd5af4f310d177e2019f6128b0c31667adc3ea6416d12b2309efe621c6dbd8,True,1,928,fe6c46e2b63f427a6bb907d38236ec508e1aeab52ef3688d6d7c6c12bc458b91,L,L_REDSTAR,59c5f56a28f6d8c5958842860a2dcc612e16311fe5423bbe9c03a3306223ec2c,928,1.0,119.85145599999998,311953,7733458,aa1e48fc6f9a8197dfadd1ea54b9636a4d898d3db8dc36840cf17965d8c012de,True,SUCCESS_H2S,False,REDSTAR,1473.040262,True,822.823993
2,IC_NEXT_CC_C03;IC_PREV_CC_C05,0.0021551724137931034,H2S,True,80,357.83484799999997,312190,7734161,False,0.0,8.72547,,l_SW_C04_CORE_B_SW_FACTORY_CORE_A,477.642824,False,0cd2d39b9ab3999bdbbe7304a7051ca98a51d813131ec9fa7eee74407629483d,True,1918.524997,53518336,0.7612036253286305,True,59.880541,profiles/L_REDSTAR/l_SW_C04_CORE_B_SW_FACTORY_CORE_A.json,675cf48d8a0309f4d828ed49017d7c91cec791d62779509b72ec6b0088fe271b,True,1,928,4ffe5a2b28212fccbe2a6151c5effd5c9ee2f53f46c4e74b571039a8adf7692a,L,L_REDSTAR,3cfd5ab5c9e7608c4ccdf6671f0cff05724c0eb571c2ea8a171b5e70a90fe198,928,1.0,119.80797600000005,311860,7733779,2cb599a48704d8d3fc1153870cd58852b5f488a6f015b659babf8768897e4db5,True,SUCCESS_H2S,False,REDSTAR,1460.388183,True,832.665614
10,COORD_CC_C05_PLC_C05_M01;COORD_CC_C05_PLC_C05_M02;COORD_CC_C05_PLC_C05_M03;COORD_CC_C05_PLC_C05_M04;IC_NEXT_CC_C05;IC_PREV_CC_C05;STAT_PLC_C05_M01;STAT_PLC_C05_M02;STAT_PLC_C05_M03;STAT_PLC_C05_M04,0.010775862068965518,H2S,True,81,360.815312,312227,7734018,False,0.0,8.427553,,l_SW_C05_CC_SW_C05_CORE_A,479.138001,False,0cd2d39b9ab3999bdbbe7304a7051ca98a51d813131ec9fa7eee74407629483d,True,1918.524997,53518336,0.7675917114985602,True,57.923115,profiles/L_REDSTAR/l_SW_C05_CC_SW_C05_CORE_A.json,fca21121b880da3d6986a6dbb30c779e94d0a05c65842d6389c9860e40bf535d,True,1,928,59c31fe2c884749be1bde59c4abe784530f5f4e646929e0e2411a85cc14370ac,L,L_REDSTAR,c00531d669742d97d0e80d4fd28cd6567404ad701e64ca94e91ba761835b60ec,928,1.0,118.32268899999997,311877,7733476,73c8604edbc995970f70456938e14af60c478980f0274a60730889b9348451cd,True,SUCCESS_H2S,False,REDSTAR,1472.643886,True,844.563966
2,IC_NEXT_CC_C04;IC_PREV_CC_C06,0.0021551724137931034,H2S,True,82,349.077025,312137,7733826,False,0.0,8.253866,,l_SW_C05_CC_SW_C05_CORE_B,468.207636,False,0cd2d39b9ab3999bdbbe7304a7051ca98a51d813131ec9fa7eee74407629483d,True,1918.524997,53690368,0.7657903338749148,True,86.668268,profiles/L_REDSTAR/l_SW_C05_CC_SW_C05_CORE_B.json,dfadaefca05c07886a2a9f729e68f260f30fb782deae82898416b6bac438f14f,True,1,928,194a3e3a5ff8bb7060091cf4b662c3c353aca6b3f9cf0a8667cb299a25368c7e,L,L_REDSTAR,45196ccd00f00c3132b728f46b6fb148ccca1a01ccb5aaccbf8030d89255dd4e,928,1.0,119.13061099999999,311819,7733468,b0ed92d8df75745d41da54e71facde3d14a65011ab7ea927104efba5bbfe1519,True,SUCCESS_H2S,False,REDSTAR,1469.187898,True,821.854191
4,CMD_PLC_C05_M01_A1_C05_M01;CMD_PLC_C05_M01_A2_C05_M01;CMD_PLC_C05_M01_A3_C05_M01;CMD_PLC_C05_M01_A4_C05_M01,0.004310344827586207,H2S,True,83,352.533141,312250,7735341,False,0.0,7.891378,,l_SW_C05_CORE_A_SW_C05_M01_ACT,470.302665,False,0cd2d39b9ab3999bdbbe7304a7051ca98a51d813131ec9fa7eee74407629483d,True,1918.524997,53522432,0.7600480730145004,True,59.022913,profiles/L_REDSTAR/l_SW_C05_CORE_A_SW_C05_M01_ACT.json,ccd9d2bbc751c966908cd4ab4e54cb0b8021155e9dd38cdf7cad362d76caf261,True,1,928,d7dbd9e3fe0629ba191700414afd82b32d766a00dd81f33cee68819992745bfc,L,L_REDSTAR,7b84a693f03db07ebc22263b1a6fc855b1b1c960f28afc86bcf2b63f4b48dc4e,928,1.0,117.76952399999999,311930,7734886,5a7a0e7a4c23805f568e0945e2344be98eaa604a37f27cf41b6ae6a7a7141366,True,SUCCESS_H2S,False,REDSTAR,1458.171227,True,841.697593
6,CMD_PLC_C05_M01_A1_C05_M01;CMD_PLC_C05_M01_A2_C05_M01;CMD_PLC_C05_M01_A3_C05_M01;CMD_PLC_C05_M01_A4_C05_M01;COORD_CC_C05_PLC_C05_M01;STAT_PLC_C05_M01,0.00646551724137931,H2S,True,84,348.98828199999997,312324,7735097,False,0.0,8.390883,,l_SW_C05_CORE_A_SW_C05_M01_CTRL,473.940001,False,0cd2d39b9ab3999bdbbe7304a7051ca98a51d813131ec9fa7eee74407629483d,True,1918.524997,53530624,0.7688019782418295,True,59.669501,profiles/L_REDSTAR/l_SW_C05_CORE_A_SW_C05_M01_CTRL.json,d6ff1ff894b9cf344a0a16d8cc5ff3cc7165762186f9a17fd5ba89c3fc2edc6e,True,1,928,af2214a38b1a1e75bd6e01b941836adb71b7533daf10f0f9281da4228d6858ac,L,L_REDSTAR,b72ae88bea8c86c1c948a0506993acd556970f77099e6b79c704806fac8aeaa4,928,1.0,124.95171900000003,311987,7734593,ab4c795399b602230e2438325b0f22e93276f8204e8d5a114894c6f38cd97e08,True,SUCCESS_H2S,False,REDSTAR,1474.965813,True,853.181273
4,CMD_PLC_C05_M02_A1_C05_M02;CMD_PLC_C05_M02_A2_C05_M02;CMD_PLC_C05_M02_A3_C05_M02;CMD_PLC_C05_M02_A4_C05_M02,0.004310344827586207,H2S,True,85,350.519523,312242,7735349,False,0.0,7.966579,,l_SW_C05_CORE_A_SW_C05_M02_ACT,471.268733,False,0cd2d39b9ab3999bdbbe7304a7051ca98a51d813131ec9fa7eee74407629483d,True,1918.524997,53522432,0.7554373783329965,True,65.823794,profiles/L_REDSTAR/l_SW_C05_CORE_A_SW_C05_M02_ACT.json,b66141d9c87e7a64bafd9615de91366d444c2581d3950ba49b368a36caa60367,True,1,928,acb1f78ed725ea40edde31ef19938c765a1ce8aee065175504ce4f297f002016,L,L_REDSTAR,646ebff5d92ba696f81f5089c9cfb5b678f1eba2efc5bf0b41b118d53c1cc925,928,1.0,120.74921,311920,7734894,58a20e28677fc3126adbeda21b060afd2b99a70573461972d399af16a1dc955e,True,SUCCESS_H2S,False,REDSTAR,1449.325494,True,824.570653
6,CMD_PLC_C05_M02_A1_C05_M02;CMD_PLC_C05_M02_A2_C05_M02;CMD_PLC_C05_M02_A3_C05_M02;CMD_PLC_C05_M02_A4_C05_M02;COORD_CC_C05_PLC_C05_M02;STAT_PLC_C05_M02,0.00646551724137931,H2S,True,86,350.107891,312310,7735115,False,0.0,24.707806,,l_SW_C05_CORE_A_SW_C05_M02_CTRL,466.400683,False,0cd2d39b9ab3999bdbbe7304a7051ca98a51d813131ec9fa7eee74407629483d,True,1918.524997,53530624,0.7591227162936987,True,58.85392,profiles/L_REDSTAR/l_SW_C05_CORE_A_SW_C05_M02_CTRL.json,a7f2e3345b0b947b96adb3514508b654e34607456c3245ebde2bb48cd810d2ee,True,1,928,e3728b979b5909882b75dc592a0b6c21f3f326b85adf5d8e9ee3e3495db58ec6,L,L_REDSTAR,c6a35992603dc621e7f82066ddde8ffa14ec4f4b4b3c12c4af2d79ffb59d4ee0,928,1.0,116.29279200000002,311974,7734611,85dba7d46fe6281f46b45d25d1f0e4723e15902e37ba1de70c7e1f27941971b0,True,SUCCESS_H2S,False,REDSTAR,1456.395907,True,826.626883
4,CMD_PLC_C05_M03_A1_C05_M03;CMD_PLC_C05_M03_A2_C05_M03;CMD_PLC_C05_M03_A3_C05_M03;CMD_PLC_C05_M03_A4_C05_M03,0.004310344827586207,H2S,True,87,347.67172800000003,312261,7735349,False,0.0,8.122505,,l_SW_C05_CORE_A_SW_C05_M03_ACT,465.038285,False,0cd2d39b9ab3999bdbbe7304a7051ca98a51d813131ec9fa7eee74407629483d,True,1918.524997,53522432,0.7514353257081904,True,74.058806,profiles/L_REDSTAR/l_SW_C05_CORE_A_SW_C05_M03_ACT.json,6933c3c0f52d31077cb0bf1108ac4265316401402e288fc27d1fe53ba444222f,True,1,928,54f71de763dc4a85a59f909bd602382db9b567271f2979a35fd85fa65b8c8bd6,L,L_REDSTAR,903fb47ac0b0f5231b8b11a266b269c2a580ab0ae3f80e87b6d565170c257b5e,928,1.0,117.36655699999994,311936,7734894,d137b7e8108ca6e5c2d22ff80e1b1c98589f6292cc1a7636ee8b50351350119a,True,SUCCESS_H2S,False,REDSTAR,1441.647456,True,814.412689
6,CMD_PLC_C05_M03_A1_C05_M03;CMD_PLC_C05_M03_A2_C05_M03;CMD_PLC_C05_M03_A3_C05_M03;CMD_PLC_C05_M03_A4_C05_M03;COORD_CC_C05_PLC_C05_M03;STAT_PLC_C05_M03,0.00646551724137931,H2S,True,88,351.012755,312340,7735021,False,0.0,8.261696,,l_SW_C05_CORE_A_SW_C05_M03_CTRL,469.671618,False,0cd2d39b9ab3999bdbbe7304a7051ca98a51d813131ec9fa7eee74407629483d,True,1918.524997,53530624,0.7688474621422928,True,92.463237,profiles/L_REDSTAR/l_SW_C05_CORE_A_SW_C05_M03_CTRL.json,f44e5ccc03de35e61c7b4cca5930cbde0b32632d167f6889fe4a3955482f3395,True,1,928,658921610f89c9a8330f89434ce7a301458cd2c671df09a0e68e83396c23054e,L,L_REDSTAR,a3a8f4a173264c368f969d876afddd22fc40da425e06d851317db4a4865c4b14,928,1.0,118.658863,311997,7734517,18b33da96734b16d8cfcd561bea884755ca8ac6496fff0d9fade43096851be41,True,SUCCESS_H2S,False,REDSTAR,1475.053075,True,824.079452
4,CMD_PLC_C05_M04_A1_C05_M04;CMD_PLC_C05_M04_A2_C05_M04;CMD_PLC_C05_M04_A3_C05_M04;CMD_PLC_C05_M04_A4_C05_M04,0.004310344827586207,H2S,True,89,351.6146,312274,7735363,False,0.0,8.307969,,l_SW_C05_CORE_A_SW_C05_M04_ACT,472.269216,False,0cd2d39b9ab3999bdbbe7304a7051ca98a51d813131ec9fa7eee74407629483d,True,1918.524997,53686272,0.7513587575111486,True,58.353296,profiles/L_REDSTAR/l_SW_C05_CORE_A_SW_C05_M04_ACT.json,92e0b8b5c5e50296474649db90d1019323b78b01141b5d2bc3d8fc6298f43fb5,True,1,928,3c1f2865703991be437178dfbc12d990e8ee1d360851842b92e96549c5873f2f,L,L_REDSTAR,c2dd0e6405f69c2a59682a9d4d721acdb3e5339b9c9062d0ce2df0bbe2b18e5a,928,1.0,120.65461599999998,311949,7734908,86a0c9d099dd42be671607e430333fcf3bf6a233e764c5f9ed177e25b641a83b,True,SUCCESS_H2S,False,REDSTAR,1441.500558,True,822.959379
6,CMD_PLC_C05_M04_A1_C05_M04;CMD_PLC_C05_M04_A2_C05_M04;CMD_PLC_C05_M04_A3_C05_M04;CMD_PLC_C05_M04_A4_C05_M04;COORD_CC_C05_PLC_C05_M04;STAT_PLC_C05_M04,0.00646551724137931,H2S,True,90,350.629802,312349,7735019,False,0.0,8.07834,,l_SW_C05_CORE_A_SW_C05_M04_CTRL,472.546985,False,0cd2d39b9ab3999bdbbe7304a7051ca98a51d813131ec9fa7eee74407629483d,True,1918.524997,53526528,0.7519857256256537,True,59.38857,profiles/L_REDSTAR/l_SW_C05_CORE_A_SW_C05_M04_CTRL.json,568a64296b1a942f8ac679b0fcf6a4877f794db41a507195480e99df782d31c9,True,1,928,fae288f5403bb81eb4ead6da47e1b0bff53952dc7bf08e6b0aaf00763a1ad478,L,L_REDSTAR,78847628193dda58067a1e26980f504bfdf69743b555930963e64eb8e06375db,928,1.0,121.91718300000002,312004,7734515,7999e817cb1267c95454db953f878c2da8cf3ac7daf38f20378c87eafc0ef12f,True,SUCCESS_H2S,False,REDSTAR,1442.703412,True,823.277757
2,IC_NEXT_CC_C05;IC_PREV_CC_C05,0.0021551724137931034,H2S,True,91,350.53245300000003,312204,7734546,False,0.0,8.235564,,l_SW_C05_CORE_A_SW_FACTORY_CORE_A,469.637926,False,0cd2d39b9ab3999bdbbe7304a7051ca98a51d813131ec9fa7eee74407629483d,True,1918.524997,53514240,0.7629634204865146,True,69.89409,profiles/L_REDSTAR/l_SW_C05_CORE_A_SW_FACTORY_CORE_A.json,28d658c74458e8c7a64f2d2fccefc2e969799789718d6c642f3ccc7180b812e6,True,1,928,8fcf558458e75092835b90ce8c5826db8e46f36f9f22653bfa4a583591421aee,L,L_REDSTAR,0cc026fee61a4d2988554c563bf3c89b1f39d489751f20bb13f5c0d23f859a47,928,1.0,119.10547299999996,311877,7734164,639a8c5302d15c9f3014921d6f861bee064cfa4cb8a582a87e2931bfa5ec3dba,True,SUCCESS_H2S,False,REDSTAR,1463.764394,True,836.058261
8,SC_S1_C05_M01;SC_S2_C05_M01;SC_S3_C05_M01;SC_S4_C05_M01;SF_S1_C05_M01;SF_S2_C05_M01;SF_S3_C05_M01;SF_S4_C05_M01,0.008620689655172414,H2S,True,92,352.44285199999996,312310,7733930,False,0.0,7.98321,,l_SW_C05_CORE_B_SW_C05_M01_CTRL,472.375532,False,0cd2d39b9ab3999bdbbe7304a7051ca98a51d813131ec9fa7eee74407629483d,True,1918.524997,53694464,0.7523341396421743,True,60.373725,profiles/L_REDSTAR/l_SW_C05_CORE_B_SW_C05_M01_CTRL.json,d5f6532ba44f50c45ae74cc59ed7deb15e7dc74ad273d6ef50814ca9a3872203,True,1,928,515e5c6417986b79bea2daf2e6d0f49c52f8a47794aa875cd17346d1cb8681a3,L,L_REDSTAR,62b49f22c06ab000e7e32053b8ba8dcf9751973d1b56bfaa48fccdb513878d32,928,1.0,119.93268000000006,311985,7733460,ecbde26688166a155cd6f5c7e8822ab24a2f3055b954f1cf381a2122b8655dc0,True,SUCCESS_H2S,False,REDSTAR,1443.371853,True,823.308728
8,SC_S1_C05_M01;SC_S2_C05_M01;SC_S3_C05_M01;SC_S4_C05_M01;SF_S1_C05_M01;SF_S2_C05_M01;SF_S3_C05_M01;SF_S4_C05_M01,0.008620689655172414,H2S,True,93,356.386274,312311,7733930,False,0.0,8.40487,,l_SW_C05_CORE_B_SW_C05_M01_SENS,480.16131,False,0cd2d39b9ab3999bdbbe7304a7051ca98a51d813131ec9fa7eee74407629483d,True,1918.524997,53690368,0.753873320004493,True,57.915833,profiles/L_REDSTAR/l_SW_C05_CORE_B_SW_C05_M01_SENS.json,0c220c37cb1379c8299d8e6876c55997bc44dd2faf38de81eb587d989a431200,True,1,928,515e5c6417986b79bea2daf2e6d0f49c52f8a47794aa875cd17346d1cb8681a3,L,L_REDSTAR,3324ca77449ed1ea03250211255ac0bd37574330ed4b31c7b0324c1533cfbfc7,928,1.0,123.775036,311985,7733460,ecbde26688166a155cd6f5c7e8822ab24a2f3055b954f1cf381a2122b8655dc0,True,SUCCESS_H2S,False,REDSTAR,1446.324809,True,818.638217
8,SC_S1_C05_M02;SC_S2_C05_M02;SC_S3_C05_M02;SC_S4_C05_M02;SF_S1_C05_M02;SF_S2_C05_M02;SF_S3_C05_M02;SF_S4_C05_M02,0.008620689655172414,H2S,True,94,352.990856,312311,7733932,False,0.0,8.146076,,l_SW_C05_CORE_B_SW_C05_M02_CTRL,467.998816,False,0cd2d39b9ab3999bdbbe7304a7051ca98a51d813131ec9fa7eee74407629483d,True,1918.524997,53694464,0.7612455992409465,True,71.592169,profiles/L_REDSTAR/l_SW_C05_CORE_B_SW_C05_M02_CTRL.json,ae891a919b2b160b84272a27701ce84ca905e20eff8646bf87bc72667ecfdedc,True,1,928,0ec4b7fb1b63df9c3eb27d49041c45f6c34e45607d1edbe49e3b71996b1fec1a,L,L_REDSTAR,1ac723badc01099817319a1987f2b4a141aa90feb353ebeb06e820b332a3c555,928,1.0,115.00795999999997,311978,7733462,b808db164c9225082008badedb73ce86ca68c8cc2fc81c21b128cfcd16c6a218,True,SUCCESS_H2S,False,REDSTAR,1460.468711,True,833.510457
8,SC_S1_C05_M02;SC_S2_C05_M02;SC_S3_C05_M02;SC_S4_C05_M02;SF_S1_C05_M02;SF_S2_C05_M02;SF_S3_C05_M02;SF_S4_C05_M02,0.008620689655172414,H2S,True,95,351.878646,312313,7733932,False,0.0,8.120448,,l_SW_C05_CORE_B_SW_C05_M02_SENS,469.789282,False,0cd2d39b9ab3999bdbbe7304a7051ca98a51d813131ec9fa7eee74407629483d,True,1918.524997,53686272,0.760959032737586,True,79.847055,profiles/L_REDSTAR/l_SW_C05_CORE_B_SW_C05_M02_SENS.json,d36593b64bd215407dc491022148db96751e15164a406c5d355d22732c66a06d,True,1,928,0ec4b7fb1b63df9c3eb27d49041c45f6c34e45607d1edbe49e3b71996b1fec1a,L,L_REDSTAR,56bcf08580cb734bf39f691020e2d6d4382ca33698038c8dbf5000f67a23bf3e,928,1.0,117.91063600000001,311978,7733462,b808db164c9225082008badedb73ce86ca68c8cc2fc81c21b128cfcd16c6a218,True,SUCCESS_H2S,False,REDSTAR,1459.918926,True,816.307446
8,SC_S1_C05_M03;SC_S2_C05_M03;SC_S3_C05_M03;SC_S4_C05_M03;SF_S1_C05_M03;SF_S2_C05_M03;SF_S3_C05_M03;SF_S4_C05_M03,0.008620689655172414,H2S,True,96,352.16218,312322,7733922,False,0.0,8.215169,,l_SW_C05_CORE_B_SW_C05_M03_CTRL,475.122607,False,0cd2d39b9ab3999bdbbe7304a7051ca98a51d813131ec9fa7eee74407629483d,True,1918.524997,53530624,0.7640514902292931,True,60.139062,profiles/L_REDSTAR/l_SW_C05_CORE_B_SW_C05_M03_CTRL.json,12fb0674597db5fcb38993cd8755a417bc8c3d8728c358db56c18819602ec732,True,1,928,127a0bc78e7dd06efedd35d05259afaedbe78654b3019f58a1a5f4751d4f2dd0,L,L_REDSTAR,63de611eb8256c62f5ca85f83ad895e469afc0c1b4caeb8407faabbea2fe21e8,928,1.0,122.96042700000004,311996,7733452,87b12dd0bccd407e64091284aa6c7faaadf533327f41c5f1c99fc01023be7605,True,SUCCESS_H2S,False,REDSTAR,1465.851883,True,840.323235
8,SC_S1_C05_M03;SC_S2_C05_M03;SC_S3_C05_M03;SC_S4_C05_M03;SF_S1_C05_M03;SF_S2_C05_M03;SF_S3_C05_M03;SF_S4_C05_M03,0.008620689655172414,H2S,True,97,352.91625999999997,312324,7733922,False,0.0,8.025886,,l_SW_C05_CORE_B_SW_C05_M03_SENS,468.291209,False,0cd2d39b9ab3999bdbbe7304a7051ca98a51d813131ec9fa7eee74407629483d,True,1918.524997,53530624,0.7552698730878198,True,71.268504,profiles/L_REDSTAR/l_SW_C05_CORE_B_SW_C05_M03_SENS.json,8143ffb8a7a19cda3450c7309e6fa469a1ce47df76a9192fdc9b208c74a6ac54,True,1,928,127a0bc78e7dd06efedd35d05259afaedbe78654b3019f58a1a5f4751d4f2dd0,L,L_REDSTAR,6ac0604ec6a02697a9261b8af8630416b17a4e5f4a3e08d910a644b0c8611eeb,928,1.0,115.37494900000002,311996,7733452,87b12dd0bccd407e64091284aa6c7faaadf533327f41c5f1c99fc01023be7605,True,SUCCESS_H2S,False,REDSTAR,1449.004131,True,819.980317
8,SC_S1_C05_M04;SC_S2_C05_M04;SC_S3_C05_M04;SC_S4_C05_M04;SF_S1_C05_M04;SF_S2_C05_M04;SF_S3_C05_M04;SF_S4_C05_M04,0.008620689655172414,H2S,True,98,351.59668300000004,312294,7733922,False,0.0,8.854484,,l_SW_C05_CORE_B_SW_C05_M04_CTRL,470.606266,False,0cd2d39b9ab3999bdbbe7304a7051ca98a51d813131ec9fa7eee74407629483d,True,1918.524997,53690368,0.7728462403766115,True,82.252916,profiles/L_REDSTAR/l_SW_C05_CORE_B_SW_C05_M04_CTRL.json,64ffe748b9e76f6992e2a443a1caefc192a697334c01121c921f08049e7caf5d,True,1,928,928ca6680a60e1d6974dfbf5809a502b81873ead15f8961694231fa7a1d5a0cb,L,L_REDSTAR,5a4c656302b10aa11a580ffbbda52b0ba001cdcb18a3436e910699739a083fc2,928,1.0,119.00958299999996,311960,7733452,0aa56c3a76fd885b8f4c75ddcdb8c0bf88ccc081ae01be1d09932bbaa189537c,True,SUCCESS_H2S,False,REDSTAR,1482.724831,True,832.890982
8,SC_S1_C05_M04;SC_S2_C05_M04;SC_S3_C05_M04;SC_S4_C05_M04;SF_S1_C05_M04;SF_S2_C05_M04;SF_S3_C05_M04;SF_S4_C05_M04,0.008620689655172414,H2S,True,99,353.647974,312295,7733922,False,0.0,8.018705,,l_SW_C05_CORE_B_SW_C05_M04_SENS,472.907428,False,0cd2d39b9ab3999bdbbe7304a7051ca98a51d813131ec9fa7eee74407629483d,True,1918.524997,53694464,0.7623147289125469,True,63.933468,profiles/L_REDSTAR/l_SW_C05_CORE_B_SW_C05_M04_SENS.json,6703622dbef4333432c1643642929fe2f7a656b3a707f523e73a9a24c6633751,True,1,928,928ca6680a60e1d6974dfbf5809a502b81873ead15f8961694231fa7a1d5a0cb,L,L_REDSTAR,8b74ab052abc4cea50e73b7ab9b4016a7fc8951fc6c3420fb7ed72ed03ffdafc,928,1.0,119.259454,311960,7733452,0aa56c3a76fd885b8f4c75ddcdb8c0bf88ccc081ae01be1d09932bbaa189537c,True,SUCCESS_H2S,False,REDSTAR,1462.519863,True,836.526687
2,IC_NEXT_CC_C04;IC_PREV_CC_C06,0.0021551724137931034,H2S,True,100,351.96033900000003,312189,7734161,False,0.0,8.303,,l_SW_C05_CORE_B_SW_FACTORY_CORE_A,476.434816,False,0cd2d39b9ab3999bdbbe7304a7051ca98a51d813131ec9fa7eee74407629483d,True,1918.524997,53682176,0.771762669923659,True,74.575699,profiles/L_REDSTAR/l_SW_C05_CORE_B_SW_FACTORY_CORE_A.json,3071f1187565c1f8e7a34843c985557305b9dc09ab0b2b864658fc0af4b45bec,True,1,928,99ba899ae01c0e6e9ada17072d9ad499a0c1febfacede33a322535b2f7de098e,L,L_REDSTAR,2a9990fd0bc17579ee10b47d0c24b0731f6476fffcdec943b78430573847edfa,928,1.0,124.47447699999998,311863,7733779,c2a8226ce4074afbc8597fc44319e5f426434e23fec916012b06619e4c4a599f,True,SUCCESS_H2S,False,REDSTAR,1480.645974,True,841.904297
10,COORD_CC_C06_PLC_C06_M01;COORD_CC_C06_PLC_C06_M02;COORD_CC_C06_PLC_C06_M03;COORD_CC_C06_PLC_C06_M04;IC_NEXT_CC_C06;IC_PREV_CC_C06;STAT_PLC_C06_M01;STAT_PLC_C06_M02;STAT_PLC_C06_M03;STAT_PLC_C06_M04,0.010775862068965518,H2S,True,101,350.26007500000003,312208,7734014,False,0.0,8.019608,,l_SW_C06_CC_SW_C06_CORE_A,471.849182,False,0cd2d39b9ab3999bdbbe7304a7051ca98a51d813131ec9fa7eee74407629483d,True,1918.524997,53682176,0.7710380199961502,True,93.293966,profiles/L_REDSTAR/l_SW_C06_CC_SW_C06_CORE_A.json,0fb2a87bbcef7468f4e7b4ea12c550f207dfd1f3ffe4a6c01ccbd7f30367778f,True,1,928,af247ef9ae0cbb0502446225a61d33b6a52f205bd67774a5f043b4fd6e5971c3,L,L_REDSTAR,c4132212ec5f24383b143a149776c534020c67a881f9f5e0ff6d45518d786038,928,1.0,121.58910699999996,311858,7733472,b51f5a7ce82a0a7cb7e2485b06df62bd728659d2e4d513d88d87f025fd0ee8cd,True,SUCCESS_H2S,False,REDSTAR,1479.255715,True,824.154568
2,IC_NEXT_CC_C05;IC_PREV_CC_C07,0.0021551724137931034,H2S,True,102,348.896832,312114,7733824,False,0.0,8.284979,,l_SW_C06_CC_SW_C06_CORE_B,466.017867,False,0cd2d39b9ab3999bdbbe7304a7051ca98a51d813131ec9fa7eee74407629483d,True,1918.524997,53690368,0.7523619599729406,True,56.889735,profiles/L_REDSTAR/l_SW_C06_CC_SW_C06_CORE_B.json,261ce3361d962628adcc19b064b65ca29a5e1d211469e93c9407b67ea5bb0ae1,True,1,928,78b649d7098b2125c87272d912204d375f7faacba500297739be750e23308144,L,L_REDSTAR,f81d760cb5237dddfb8a27de3337afceba55ed86c743c12b73f8bd4ce6d5ad6c,928,1.0,117.121035,311815,7733466,3a299ec29e0e5f8dec9fa83b9314a086a1226d7d8a86fbda474a4e1f6a2c5530,True,SUCCESS_H2S,False,REDSTAR,1443.425227,True,832.743049
4,CMD_PLC_C06_M01_A1_C06_M01;CMD_PLC_C06_M01_A2_C06_M01;CMD_PLC_C06_M01_A3_C06_M01;CMD_PLC_C06_M01_A4_C06_M01,0.004310344827586207,H2S,True,103,353.128259,312266,7735357,False,0.0,8.125497,,l_SW_C06_CORE_A_SW_C06_M01_ACT,467.930304,False,0cd2d39b9ab3999bdbbe7304a7051ca98a51d813131ec9fa7eee74407629483d,True,1918.524997,53686272,0.747930399783058,True,59.040031,profiles/L_REDSTAR/l_SW_C06_CORE_A_SW_C06_M01_ACT.json,a6d8745fcd525af9ee41d4d465655d17f9765242cebc7e1c3273998a0eecd3c5,True,1,928,ca4f9d2908afadc2b5e280e052382f3b9306afab80f70b280deab91e8d3fde6a,L,L_REDSTAR,ad101d6fe1e0f7f82144b8d2780e59a5d9eb7681b153b7b89e75925d28d87aaa,928,1.0,114.80204499999996,311946,7734902,0e14f1c0f895d866ac86c1cee355ae78a4860c43b778ee59726c74ab56c0de80,True,SUCCESS_H2S,False,REDSTAR,1434.923168,True,817.951022
6,CMD_PLC_C06_M01_A1_C06_M01;CMD_PLC_C06_M01_A2_C06_M01;CMD_PLC_C06_M01_A3_C06_M01;CMD_PLC_C06_M01_A4_C06_M01;COORD_CC_C06_PLC_C06_M01;STAT_PLC_C06_M01,0.00646551724137931,H2S,True,104,378.453935,312352,7735037,False,0.0,8.350528,,l_SW_C06_CORE_A_SW_C06_M01_CTRL,496.888967,False,0cd2d39b9ab3999bdbbe7304a7051ca98a51d813131ec9fa7eee74407629483d,True,1918.524997,53694464,0.7880022899696417,True,85.473275,profiles/L_REDSTAR/l_SW_C06_CORE_A_SW_C06_M01_CTRL.json,391fcd8bd57767f2fc4e64351a2bc6063fe0d6a5aa611bb5ff612acfd6dab0ba,True,1,928,1124c4d1f62615a2f431ac7559ca04bcf4aa6ca223a690fb307535de8e1562b7,L,L_REDSTAR,a6f5bd77c7319e7cd4e83e13626a1fc681a902c56228e099d1f52e075f2765de,928,1.0,118.43503199999998,312010,7734533,acc4e63af86029ba9aeca380275a1df047c121a81c3bb5f72116eef585af08ec,True,SUCCESS_H2S,False,REDSTAR,1511.802091,True,828.662613
4,CMD_PLC_C06_M02_A1_C06_M02;CMD_PLC_C06_M02_A2_C06_M02;CMD_PLC_C06_M02_A3_C06_M02;CMD_PLC_C06_M02_A4_C06_M02,0.004310344827586207,H2S,True,105,351.19723400000004,312269,7735349,False,0.0,8.377642,,l_SW_C06_CORE_A_SW_C06_M02_ACT,469.573819,False,0cd2d39b9ab3999bdbbe7304a7051ca98a51d813131ec9fa7eee74407629483d,True,1918.524997,53686272,0.7600930398510727,True,61.381725,profiles/L_REDSTAR/l_SW_C06_CORE_A_SW_C06_M02_ACT.json,1688daab91110db2e46ead2eee7b506a9094db94c7d8e645a77e6f2466275542,True,1,928,c4526571d6e10cb544be799e6276b9258b59c6d37aeddfb8fe90c1a436ac2ada,L,L_REDSTAR,06fce29bbf9b40abdd3d1f19f3588fa3b7b18452a08b785c11fc9945755ddbb1,928,1.0,118.37658499999998,311938,7734894,5bd33b4ea29ec5aef3a5d8197c47dd51506ad5c5def904651d3a3efc1e5d63c6,True,SUCCESS_H2S,False,REDSTAR,1458.257497,True,836.428798
6,CMD_PLC_C06_M02_A1_C06_M02;CMD_PLC_C06_M02_A2_C06_M02;CMD_PLC_C06_M02_A3_C06_M02;CMD_PLC_C06_M02_A4_C06_M02;COORD_CC_C06_PLC_C06_M02;STAT_PLC_C06_M02,0.00646551724137931,H2S,True,106,352.150756,312339,7735035,False,0.0,8.348384,,l_SW_C06_CORE_A_SW_C06_M02_CTRL,474.007661,False,0cd2d39b9ab3999bdbbe7304a7051ca98a51d813131ec9fa7eee74407629483d,True,1918.524997,53530624,0.7573681042843352,True,61.390378,profiles/L_REDSTAR/l_SW_C06_CORE_A_SW_C06_M02_CTRL.json,84ccc577f39223fe4715b1b8998ffee5e7e5d034a9b6558b5a4bade7467b5521,True,1,928,5f2eaf0fef18baec9922793eb99c47f2715a837ee84f37ddc4b78d9753a5b0c5,L,L_REDSTAR,a37175bb7ed54123f0773f1b38ebc3e9eb5a5a035396d53163b582a7e8e0d125,928,1.0,121.85690499999998,311988,7734531,9a2cce5cd1fc1c548ce08f67ce086d68d85c5ef24309695cde98ba6ec8dd9e69,True,SUCCESS_H2S,False,REDSTAR,1453.02964,True,828.83292
4,CMD_PLC_C06_M03_A1_C06_M03;CMD_PLC_C06_M03_A2_C06_M03;CMD_PLC_C06_M03_A3_C06_M03;CMD_PLC_C06_M03_A4_C06_M03,0.004310344827586207,H2S,True,107,350.76512399999996,312268,7735341,False,0.0,8.11267,,l_SW_C06_CORE_A_SW_C06_M03_ACT,465.814477,False,0cd2d39b9ab3999bdbbe7304a7051ca98a51d813131ec9fa7eee74407629483d,True,1918.524997,53686272,0.7576740221123114,True,74.208783,profiles/L_REDSTAR/l_SW_C06_CORE_A_SW_C06_M03_ACT.json,f6376a92876abb5e4b6823ca0e66063eee20679eabe461d5692c5d5ca3d5ad8c,True,1,928,4cb365370475e1f912738a73e55784560255180ee4f6ea5b30ab5baa935e65d0,L,L_REDSTAR,a8006e2134eca523758d9e10b832759495c8ce70e7acea42de125c4eee515de2,928,1.0,115.04935300000005,311949,7734886,41b97077648e6d5144b6876bb0bb094f110b4f0ea1a361100496e397de1045ac,True,SUCCESS_H2S,False,REDSTAR,1453.616551,True,823.028556
6,CMD_PLC_C06_M03_A1_C06_M03;CMD_PLC_C06_M03_A2_C06_M03;CMD_PLC_C06_M03_A3_C06_M03;CMD_PLC_C06_M03_A4_C06_M03;COORD_CC_C06_PLC_C06_M03;STAT_PLC_C06_M03,0.00646551724137931,H2S,True,108,354.00306,312357,7735057,False,0.0,8.323134,,l_SW_C06_CORE_A_SW_C06_M03_CTRL,471.568261,False,0cd2d39b9ab3999bdbbe7304a7051ca98a51d813131ec9fa7eee74407629483d,True,1918.524997,53694464,0.7680822023712209,True,60.43365,profiles/L_REDSTAR/l_SW_C06_CORE_A_SW_C06_M03_CTRL.json,eb2abff1024c6658a35289f0a463c0cf85a2b7055e25a31d3d10484c6c7fa5d3,True,1,928,7cb37028a95dc49cba805925191b1f7759db28f17ddeb5edea17db713f723d92,L,L_REDSTAR,391365833feb9c26955659554d2bdd836e70787293d23cd5bace60a44dcecd49,928,1.0,117.565201,312014,7734553,ebed7d0683fbc6205290d2f4a071d1f3b008d04566ac8dd6edf38ab28f294cff,True,SUCCESS_H2S,False,REDSTAR,1473.584905,True,852.500043
4,CMD_PLC_C06_M04_A1_C06_M04;CMD_PLC_C06_M04_A2_C06_M04;CMD_PLC_C06_M04_A3_C06_M04;CMD_PLC_C06_M04_A4_C06_M04,0.004310344827586207,H2S,True,109,367.65955099999996,312266,7735349,False,0.0,9.465825,,l_SW_C06_CORE_A_SW_C06_M04_ACT,489.421803,False,0cd2d39b9ab3999bdbbe7304a7051ca98a51d813131ec9fa7eee74407629483d,True,1918.524997,53686272,0.7693485095623177,True,75.232281,profiles/L_REDSTAR/l_SW_C06_CORE_A_SW_C06_M04_ACT.json,817e1061b48cc72677ea33437dd734d951e26043a3f2fc1a71b939d5cd4aa891,True,1,928,a141c2c0a8bcfb466affc91f7455340cc97564a8fc57e9353384650eb7dd0190,L,L_REDSTAR,fbf446e9c68ded8b89572ed10306d257089528b181566479b0ef0d50ffdc6be2,928,1.0,121.76225200000005,311944,7734894,a7e4ee4266db3d8c75e054ee4c2aec02e2048e8442e41e801e764fd58e92e041,True,SUCCESS_H2S,False,REDSTAR,1476.014347,True,821.299698
6,CMD_PLC_C06_M04_A1_C06_M04;CMD_PLC_C06_M04_A2_C06_M04;CMD_PLC_C06_M04_A3_C06_M04;CMD_PLC_C06_M04_A4_C06_M04;COORD_CC_C06_PLC_C06_M04;STAT_PLC_C06_M04,0.00646551724137931,H2S,True,110,351.899506,312348,7735013,False,0.0,8.354105,,l_SW_C06_CORE_A_SW_C06_M04_CTRL,468.554457,False,0cd2d39b9ab3999bdbbe7304a7051ca98a51d813131ec9fa7eee74407629483d,True,1918.524997,53530624,0.7716877420492635,True,93.330287,profiles/L_REDSTAR/l_SW_C06_CORE_A_SW_C06_M04_CTRL.json,4b8ae22784c77f6fc7d39e451e75fbaa1aec3a7e680d2c0d6e9eb07fb8aba799,True,1,928,89cc18559797183b2c9dbc84b420dd3b21d029b67d4f29e0221ab347d6483bc6,L,L_REDSTAR,0b8e355780413b0de6b8f22c8b437f9d016efabb9bb99e46a05ccf55e4c26f53,928,1.0,116.65495100000004,312002,7734509,554f0e0e6bdaeb203f5f24f5bade17c8f561950b334aa5829f2ecbba816e8e38,True,SUCCESS_H2S,False,REDSTAR,1480.502223,True,830.282427
2,IC_NEXT_CC_C06;IC_PREV_CC_C06,0.0021551724137931034,H2S,True,111,359.639902,312225,7734897,False,0.0,8.50153,,l_SW_C06_CORE_A_SW_FACTORY_CORE_A,478.42917,False,0cd2d39b9ab3999bdbbe7304a7051ca98a51d813131ec9fa7eee74407629483d,True,1918.524997,53686272,0.7582681697005795,True,58.253822,profiles/L_REDSTAR/l_SW_C06_CORE_A_SW_FACTORY_CORE_A.json,d827c77ea1b97626f043c82e0a513b339944becc2c915c4a00e67ab5a716f34c,True,1,928,ff05e9262d12fc05fd71752a4f9b299daf657923b8c451811f26ca17a2c94133,L,L_REDSTAR,7db5b0821a6a08eea1cf93a0e3083abab56e63f66e696593512b091856aa605d,928,1.0,118.78926799999999,311897,7734515,20745dfad94f4b42ccf79c675bd345b12e43bc55ca3b3b22de5e2ef3cfe7db46,True,SUCCESS_H2S,False,REDSTAR,1454.756438,True,829.224883
8,SC_S1_C06_M01;SC_S2_C06_M01;SC_S3_C06_M01;SC_S4_C06_M01;SF_S1_C06_M01;SF_S2_C06_M01;SF_S3_C06_M01;SF_S4_C06_M01,0.008620689655172414,H2S,True,112,352.240353,312313,7733932,False,0.0,8.466726,,l_SW_C06_CORE_B_SW_C06_M01_CTRL,472.829001,False,0cd2d39b9ab3999bdbbe7304a7051ca98a51d813131ec9fa7eee74407629483d,True,1918.524997,53694464,0.7433524636009733,True,60.186012,profiles/L_REDSTAR/l_SW_C06_CORE_B_SW_C06_M01_CTRL.json,8bb19df9461826c631d0b9d1f8d668d555034114beaaad8f9594e5861d4f8ac1,True,1,928,cf912d5e197c9ad150fc56dbde5634a9d1ae016fbd8f0364bb2df54b1970c1ba,L,L_REDSTAR,ee5cf3a202395573e031ba3b2b5824803a2ba27e32939bed46684f0d974c8e4f,928,1.0,120.58864799999998,311988,7733462,a812acb9523c891d8e624b9e1a7404857bf77c262d1b5268fde156a963ce8b4d,True,SUCCESS_H2S,False,REDSTAR,1426.140283,True,805.418288
8,SC_S1_C06_M01;SC_S2_C06_M01;SC_S3_C06_M01;SC_S4_C06_M01;SF_S1_C06_M01;SF_S2_C06_M01;SF_S3_C06_M01;SF_S4_C06_M01,0.008620689655172414,H2S,True,113,352.870046,312315,7733932,False,0.0,8.477554,,l_SW_C06_CORE_B_SW_C06_M01_SENS,472.525771,False,0cd2d39b9ab3999bdbbe7304a7051ca98a51d813131ec9fa7eee74407629483d,True,1918.524997,53686272,0.7660071306331798,True,87.201039,profiles/L_REDSTAR/l_SW_C06_CORE_B_SW_C06_M01_SENS.json,8e783112e4d29d99c03c249bb6daaebc800f3c53f868394125cba7084c60ffb8,True,1,928,cf912d5e197c9ad150fc56dbde5634a9d1ae016fbd8f0364bb2df54b1970c1ba,L,L_REDSTAR,42db02a0b9b1d5aa036db8e2a210f606810cae67d1fd6268edef93b5bb2b34fd,928,1.0,119.65572500000002,311988,7733462,a812acb9523c891d8e624b9e1a7404857bf77c262d1b5268fde156a963ce8b4d,True,SUCCESS_H2S,False,REDSTAR,1469.603828,True,813.238188
8,SC_S1_C06_M02;SC_S2_C06_M02;SC_S3_C06_M02;SC_S4_C06_M02;SF_S1_C06_M02;SF_S2_C06_M02;SF_S3_C06_M02;SF_S4_C06_M02,0.008620689655172414,H2S,True,114,352.93942499999997,312285,7733926,False,0.0,8.110104,,l_SW_C06_CORE_B_SW_C06_M02_CTRL,475.054919,False,0cd2d39b9ab3999bdbbe7304a7051ca98a51d813131ec9fa7eee74407629483d,True,1918.524997,53694464,0.7581616091916888,True,59.447953,profiles/L_REDSTAR/l_SW_C06_CORE_B_SW_C06_M02_CTRL.json,81d0608e7c05b53ecfa7bd1ab77925397a3d84fa33661131bad17b3ca42f80a1,True,1,928,c31a986478cc379978c50c3ff7a4707dbc4ae3ddbaa9901bf069fa42d60cfc04,L,L_REDSTAR,82fc8b970cb14229ce1a610b551d31a8874a23d3ff1893f6deb1f690c5f43c76,928,1.0,122.11549400000001,311958,7733456,51746a1ca704ee18ef569ddc35ea45b2c1e74f9d9196956128b19390b307163a,True,SUCCESS_H2S,False,REDSTAR,1454.551999,True,830.137838
8,SC_S1_C06_M02;SC_S2_C06_M02;SC_S3_C06_M02;SC_S4_C06_M02;SF_S1_C06_M02;SF_S2_C06_M02;SF_S3_C06_M02;SF_S4_C06_M02,0.008620689655172414,H2S,True,115,354.257585,312288,7733926,False,0.0,8.264235,,l_SW_C06_CORE_B_SW_C06_M02_SENS,470.330484,False,0cd2d39b9ab3999bdbbe7304a7051ca98a51d813131ec9fa7eee74407629483d,True,1918.524997,53694464,0.7521097928128794,True,57.334028,profiles/L_REDSTAR/l_SW_C06_CORE_B_SW_C06_M02_SENS.json,87a875c5768ed34862ad229f2fc63a52603593c31424eae44eaa06cd134d7c7f,True,1,928,c31a986478cc379978c50c3ff7a4707dbc4ae3ddbaa9901bf069fa42d60cfc04,L,L_REDSTAR,2714b76b1a549732974af7b820add63521a9ab47147550a6aac9a28e4166a253,928,1.0,116.072899,311958,7733456,51746a1ca704ee18ef569ddc35ea45b2c1e74f9d9196956128b19390b307163a,True,SUCCESS_H2S,False,REDSTAR,1442.941438,True,825.350708
8,SC_S1_C06_M03;SC_S2_C06_M03;SC_S3_C06_M03;SC_S4_C06_M03;SF_S1_C06_M03;SF_S2_C06_M03;SF_S3_C06_M03;SF_S4_C06_M03,0.008620689655172414,H2S,True,116,352.22445600000003,312320,7733930,False,0.0,8.020575,,l_SW_C06_CORE_B_SW_C06_M03_CTRL,472.191304,False,0cd2d39b9ab3999bdbbe7304a7051ca98a51d813131ec9fa7eee74407629483d,True,1918.524997,53530624,0.7591938303006641,True,65.838427,profiles/L_REDSTAR/l_SW_C06_CORE_B_SW_C06_M03_CTRL.json,82bb4d41f034d1adac46b8b7232cf3c89279b5c1cd9db2c33bc7a9cf91342876,True,1,928,1834ef21c256737456717b734e167ce5ee8274fd3dca1d16fa5fd432ea29230d,L,L_REDSTAR,785c51a066e68493fab2d7722f5e24da6a65d0dbb78bd71a983706cb39fce6a3,928,1.0,119.96684799999997,311994,7733460,65aedf5b2c171281119a0fbf3e5f79cc784ddb5bf508b7209947642c3ca2d387,True,SUCCESS_H2S,False,REDSTAR,1456.532341,True,828.82578
8,SC_S1_C06_M03;SC_S2_C06_M03;SC_S3_C06_M03;SC_S4_C06_M03;SF_S1_C06_M03;SF_S2_C06_M03;SF_S3_C06_M03;SF_S4_C06_M03,0.008620689655172414,H2S,True,117,350.080148,312322,7733930,False,0.0,25.366218,,l_SW_C06_CORE_B_SW_C06_M03_SENS,469.927805,False,0cd2d39b9ab3999bdbbe7304a7051ca98a51d813131ec9fa7eee74407629483d,True,1918.524997,53522432,0.7563308032311241,True,59.06253,profiles/L_REDSTAR/l_SW_C06_CORE_B_SW_C06_M03_SENS.json,8ebf4bbbccffe287491d6fbb3823474aed4e5e55f79886d1ef2f009d884e9b14,True,1,928,1834ef21c256737456717b734e167ce5ee8274fd3dca1d16fa5fd432ea29230d,L,L_REDSTAR,849386f923e509f883a0f373f577fb4374fc57d8757699f584ef738e8a7e69a0,928,1.0,119.84765699999997,311994,7733460,65aedf5b2c171281119a0fbf3e5f79cc784ddb5bf508b7209947642c3ca2d387,True,SUCCESS_H2S,False,REDSTAR,1451.039552,True,810.866576
8,SC_S1_C06_M04;SC_S2_C06_M04;SC_S3_C06_M04;SC_S4_C06_M04;SF_S1_C06_M04;SF_S2_C06_M04;SF_S3_C06_M04;SF_S4_C06_M04,0.008620689655172414,H2S,True,118,349.656023,312292,7733922,False,0.0,8.096869,,l_SW_C06_CORE_B_SW_C06_M04_CTRL,468.219975,False,0cd2d39b9ab3999bdbbe7304a7051ca98a51d813131ec9fa7eee74407629483d,True,1918.524997,53694464,0.7514486197752679,True,73.349089,profiles/L_REDSTAR/l_SW_C06_CORE_B_SW_C06_M04_CTRL.json,bd0545525c44d11035857ad1c9b7ab747809c9f9e6bc2c016cce60ded1cbe232,True,1,928,d7204a506a1c90a3ee4d9dc12eea1b7bb6486bb606fef6bc782268fac045a4eb,L,L_REDSTAR,9cbbc70ca7a173c9ef3e14aaaa14750a5714078839a1e91c237684e14ef3e672,928,1.0,118.56395199999997,311963,7733452,76ac21ad1e6dc750725b5e38bafdc1f063c9299f50219fc774952e2f9044cec0,True,SUCCESS_H2S,False,REDSTAR,1441.672961,True,809.956103
8,SC_S1_C06_M04;SC_S2_C06_M04;SC_S3_C06_M04;SC_S4_C06_M04;SF_S1_C06_M04;SF_S2_C06_M04;SF_S3_C06_M04;SF_S4_C06_M04,0.008620689655172414,H2S,True,119,352.16391600000003,312295,7733922,False,0.0,8.134741,,l_SW_C06_CORE_B_SW_C06_M04_SENS,472.803129,False,0cd2d39b9ab3999bdbbe7304a7051ca98a51d813131ec9fa7eee74407629483d,True,1918.524997,53690368,0.7684013032434834,True,94.818253,profiles/L_REDSTAR/l_SW_C06_CORE_B_SW_C06_M04_SENS.json,9bd7a2bd762b6e6b0a6e0808e47008a2183eca9db37fc8a66ae0f5a819a5ed3a,True,1,928,d7204a506a1c90a3ee4d9dc12eea1b7bb6486bb606fef6bc782268fac045a4eb,L,L_REDSTAR,ce0bb781f0a8760f33d14f4322ff83de0227d70c81e2246922cd9902402bec5a,928,1.0,120.63921299999998,311963,7733452,76ac21ad1e6dc750725b5e38bafdc1f063c9299f50219fc774952e2f9044cec0,True,SUCCESS_H2S,False,REDSTAR,1474.197108,True,813.728667
2,IC_NEXT_CC_C05;IC_PREV_CC_C07,0.0021551724137931034,H2S,True,120,352.93651,312196,7734169,False,0.0,7.950308,,l_SW_C06_CORE_B_SW_FACTORY_CORE_A,472.475659,False,0cd2d39b9ab3999bdbbe7304a7051ca98a51d813131ec9fa7eee74407629483d,True,1918.524997,53682176,0.7478124576137593,True,60.225513,profiles/L_REDSTAR/l_SW_C06_CORE_B_SW_FACTORY_CORE_A.json,0b167a0a3539fcf281105541a9cda695d38dab4b3560e327941a9dcb0400be85,True,1,928,e6daeaab786d54f6afc924d92c6dff81d24e9bcdf44be01ccb780b5fc18742a0,L,L_REDSTAR,d5b4caf1ba99978005034d205586f7e8c0d1447c303e9f56d20b7b62cf4e1dd2,928,1.0,119.53914900000001,311862,7733787,5e6d6fa5f1ff2398a1a72376c61edd8e7ff771c4bdc87dc894eb61fc76725d82,True,SUCCESS_H2S,False,REDSTAR,1434.696893,True,814.620528
10,COORD_CC_C07_PLC_C07_M01;COORD_CC_C07_PLC_C07_M02;COORD_CC_C07_PLC_C07_M03;COORD_CC_C07_PLC_C07_M04;IC_NEXT_CC_C07;IC_PREV_CC_C07;STAT_PLC_C07_M01;STAT_PLC_C07_M02;STAT_PLC_C07_M03;STAT_PLC_C07_M04,0.010775862068965518,H2S,True,121,351.916927,312182,7734022,False,0.0,8.300779,,l_SW_C07_CC_SW_C07_CORE_A,467.233481,False,0cd2d39b9ab3999bdbbe7304a7051ca98a51d813131ec9fa7eee74407629483d,True,1918.524997,53673984,0.746430968186129,True,59.150947,profiles/L_REDSTAR/l_SW_C07_CC_SW_C07_CORE_A.json,aef760bd277fac1e9f511b9e791a2cdade672e7d509d123f06e76d5931c83764,True,1,928,6e13e446f1a6687644f70db86b6c988dd1f3d560cf61a864975ce7557e894c70,L,L_REDSTAR,4b025662e033fe5548df8acf0a8204c36194e977f9347b61f7e8379baf5b32a3,928,1.0,115.316554,311832,7733480,2a5caa76c35044f155a6d1b5c3209ef7b727fee3e7cd7228e4fa90112d8b0e77,True,SUCCESS_H2S,False,REDSTAR,1432.046471,True,816.803492
2,IC_NEXT_CC_C06;IC_PREV_CC_C08,0.0021551724137931034,H2S,True,122,354.757419,312115,7733822,False,0.0,8.35607,,l_SW_C07_CC_SW_C07_CORE_B,473.361517,False,0cd2d39b9ab3999bdbbe7304a7051ca98a51d813131ec9fa7eee74407629483d,True,1918.524997,53690368,0.7764660952186697,True,72.185782,profiles/L_REDSTAR/l_SW_C07_CC_SW_C07_CORE_B.json,45fcd4edcaac325737dcab29075b2a9d213c9d51754ce8c0483ddbdc6fcf58ea,True,1,928,4efba7cd1c373ab01f8f27174621ff2ca9d441201ec188bc5daf600116a32ad7,L,L_REDSTAR,c516357d8c5a289f9800a6618ede55b85fde34d1d5763598edf37a3d87df8742,928,1.0,118.60409799999996,311815,7733464,2b4bbc896959267333c9a901fe334e9e3e863c0f81910a378cbcef7ad3f1fe92,True,SUCCESS_H2S,False,REDSTAR,1489.669613,True,857.308355
4,CMD_PLC_C07_M01_A1_C07_M01;CMD_PLC_C07_M01_A2_C07_M01;CMD_PLC_C07_M01_A3_C07_M01;CMD_PLC_C07_M01_A4_C07_M01,0.004310344827586207,H2S,True,123,354.631,312231,7734986,False,0.0,8.13327,,l_SW_C07_CORE_A_SW_C07_M01_ACT,472.91358,False,0cd2d39b9ab3999bdbbe7304a7051ca98a51d813131ec9fa7eee74407629483d,True,1918.524997,53526528,0.7726136351196053,True,59.439641,profiles/L_REDSTAR/l_SW_C07_CORE_A_SW_C07_M01_ACT.json,384480eb1e188934c401ba83d2891d94fef1a913eee72a55138597a6475feb9f,True,1,928,655207ad39c89d7cd6150fa9b128ef3d40bb68efc1be27d76113c1f7bac8e47b,L,L_REDSTAR,a4bec9674fbc78922a140f09a6ef54e0ac84cebd06da96b0c30a89eae36c6315,928,1.0,118.28258000000005,311907,7734531,8e733897707f6b69cc454d51d65377dce3bbadac5a6f2a26746185f8d0c03832,True,SUCCESS_H2S,False,REDSTAR,1482.278572,True,864.19333
6,CMD_PLC_C07_M01_A1_C07_M01;CMD_PLC_C07_M01_A2_C07_M01;CMD_PLC_C07_M01_A3_C07_M01;CMD_PLC_C07_M01_A4_C07_M01;COORD_CC_C07_PLC_C07_M01;STAT_PLC_C07_M01,0.00646551724137931,H2S,True,124,352.216211,312300,7734656,False,0.0,8.274619,,l_SW_C07_CORE_A_SW_C07_M01_CTRL,476.494042,False,0cd2d39b9ab3999bdbbe7304a7051ca98a51d813131ec9fa7eee74407629483d,True,1918.524997,53538816,0.761269111574677,True,59.029126,profiles/L_REDSTAR/l_SW_C07_CORE_A_SW_C07_M01_CTRL.json,d20388b48c320b438e97584e02a9444a3a5148e67ce7472a18cb12486a718e0f,True,1,928,2e96e2d58dba024968ec31c7e6df8c335dddb2f42da2f4093febe03ff37258a8,L,L_REDSTAR,97662c5944c252ae8e2c2b073214ed3a5b47be8b5cac2df50c4de47c3947517f,928,1.0,124.27783099999999,311965,7734152,9545b44929726c69eeb1282af54f7e7eae310a221bd25683eae87565c1926b82,True,SUCCESS_H2S,False,REDSTAR,1460.51382,True,838.048496
4,CMD_PLC_C07_M02_A1_C07_M02;CMD_PLC_C07_M02_A2_C07_M02;CMD_PLC_C07_M02_A3_C07_M02;CMD_PLC_C07_M02_A4_C07_M02,0.004310344827586207,H2S,True,125,353.738004,312217,7734986,False,0.0,8.154182,,l_SW_C07_CORE_A_SW_C07_M02_ACT,466.49263,False,0cd2d39b9ab3999bdbbe7304a7051ca98a51d813131ec9fa7eee74407629483d,True,1918.524997,53690368,0.761712011720012,True,69.970937,profiles/L_REDSTAR/l_SW_C07_CORE_A_SW_C07_M02_ACT.json,691c22a7d47acfc348ab218065690f99532203ae50642322dd61704fbe2280f4,True,1,928,806caffa7d35198088c8b6939c8859801d122b7e289a6420434bede545923a2a,L,L_REDSTAR,617a7ed7bc274ed95a74a8738e35f9892be519db59672159016eb8560e12982b,928,1.0,112.75462600000003,311898,7734531,e610371796f85a8d0b84a29d85874297a4550965f67b419a26021585b626fc6a,True,SUCCESS_H2S,False,REDSTAR,1461.363535,True,837.730105
6,CMD_PLC_C07_M02_A1_C07_M02;CMD_PLC_C07_M02_A2_C07_M02;CMD_PLC_C07_M02_A3_C07_M02;CMD_PLC_C07_M02_A4_C07_M02;COORD_CC_C07_PLC_C07_M02;STAT_PLC_C07_M02,0.00646551724137931,H2S,True,126,352.254303,312295,7734674,False,0.0,8.051482,,l_SW_C07_CORE_A_SW_C07_M02_CTRL,472.854605,False,0cd2d39b9ab3999bdbbe7304a7051ca98a51d813131ec9fa7eee74407629483d,True,1918.524997,53694464,0.7804463644421309,True,81.629458,profiles/L_REDSTAR/l_SW_C07_CORE_A_SW_C07_M02_CTRL.json,5e6f70a8709f61d8143b16a01775e8e627b42ca694ea36e12c75d4a8b3a7019a,True,1,928,6dd27065ba56d1bd6b66f12c3540199ab466d7c4890f3c5ece76f934746da368,L,L_REDSTAR,e7b459fa298f287bcc8c3f71a63e9be060806f8cc8b9ae102aea1af179ae1649,928,1.0,120.600302,311951,7734170,010df2550ecffb1f2c06b03f823935df0569cb8ae6cd84d99346f63088da0437,True,SUCCESS_H2S,False,REDSTAR,1497.305859,True,851.909307
4,CMD_PLC_C07_M03_A1_C07_M03;CMD_PLC_C07_M03_A2_C07_M03;CMD_PLC_C07_M03_A3_C07_M03;CMD_PLC_C07_M03_A4_C07_M03,0.004310344827586207,H2S,True,127,352.66987,312245,7734982,False,0.0,8.069708,,l_SW_C07_CORE_A_SW_C07_M03_ACT,481.545209,False,0cd2d39b9ab3999bdbbe7304a7051ca98a51d813131ec9fa7eee74407629483d,True,1918.524997,53686272,0.7683663133423327,True,57.59179,profiles/L_REDSTAR/l_SW_C07_CORE_A_SW_C07_M03_ACT.json,ea6320ce4df639803dff251a368d3d5388b128d6f1fe2566412ba179fc0f23bf,True,1,928,d0eed30693708fca9d791379e64fb40e7c3fa8268c90de04ca100213fa94d39a,L,L_REDSTAR,cc5e4676fe2c985f0263c38fe05b70b7934c327e3c21d7bacb11ee9a2a6fe53c,928,1.0,128.875339,311913,7734527,3b8e3a6618edd7e373a3768a8fa1bdc01fa078303ade05b9e4c05a59b8512b04,True,SUCCESS_H2S,False,REDSTAR,1474.129979,True,846.379558
6,CMD_PLC_C07_M03_A1_C07_M03;CMD_PLC_C07_M03_A2_C07_M03;CMD_PLC_C07_M03_A3_C07_M03;CMD_PLC_C07_M03_A4_C07_M03;COORD_CC_C07_PLC_C07_M03;STAT_PLC_C07_M03,0.00646551724137931,H2S,True,128,355.682848,312320,7734664,False,0.0,8.397963,,l_SW_C07_CORE_A_SW_C07_M03_CTRL,470.684845,False,0cd2d39b9ab3999bdbbe7304a7051ca98a51d813131ec9fa7eee74407629483d,True,1918.524997,53698560,0.7617914811041683,True,72.415066,profiles/L_REDSTAR/l_SW_C07_CORE_A_SW_C07_M03_CTRL.json,6d498d113e4f43058340573881faa08415472681deb78ff41970135547ecfb43,True,1,928,668acea1db849dce4a7d469589d1237011cd380fe019ea63246a16c4f968118b,L,L_REDSTAR,6a9abd1074cd2c1a36981b8c2aca794742e6876fac9c0a5058f51322a4096cc4,928,1.0,115.00199700000002,311979,7734160,c34aadb219546d1ae9d1f465c845f1d6b155a114c27359d580f8c8f1c22a9819,True,SUCCESS_H2S,False,REDSTAR,1461.515999,True,828.875163
4,CMD_PLC_C07_M04_A1_C07_M04;CMD_PLC_C07_M04_A2_C07_M04;CMD_PLC_C07_M04_A3_C07_M04;CMD_PLC_C07_M04_A4_C07_M04,0.004310344827586207,H2S,True,129,357.009811,312253,7735002,False,0.0,8.08061,,l_SW_C07_CORE_A_SW_C07_M04_ACT,475.582966,False,0cd2d39b9ab3999bdbbe7304a7051ca98a51d813131ec9fa7eee74407629483d,True,1918.524997,53522432,0.7855106148507484,True,81.968744,profiles/L_REDSTAR/l_SW_C07_CORE_A_SW_C07_M04_ACT.json,36b0ecf5611e547dc20793b6863a6036032d6adb9a1b1fe8df2de0ba0b3eb4c7,True,1,928,b580bf3a28fb74fa919b62350e11a54e79240535f1770cef2828ded29b6fa2e8,L,L_REDSTAR,1c21b2bcf429f5d95166b5c7f578a14a3a85dc6b178f099cae4513920f1d1c6a,928,1.0,118.57315499999999,311925,7734547,9025ec61dd84c2fd3695c9739bf52160eab2421a8f4a3609dfccfd0ae010ea8a,True,SUCCESS_H2S,False,REDSTAR,1507.02175,True,852.082173
6,CMD_PLC_C07_M04_A1_C07_M04;CMD_PLC_C07_M04_A2_C07_M04;CMD_PLC_C07_M04_A3_C07_M04;CMD_PLC_C07_M04_A4_C07_M04;COORD_CC_C07_PLC_C07_M04;STAT_PLC_C07_M04,0.00646551724137931,H2S,True,130,353.00453,312345,7734644,False,0.0,8.115918,,l_SW_C07_CORE_A_SW_C07_M04_CTRL,470.753041,False,0cd2d39b9ab3999bdbbe7304a7051ca98a51d813131ec9fa7eee74407629483d,True,1918.524997,53694464,0.7654004577976317,True,59.848499,profiles/L_REDSTAR/l_SW_C07_CORE_A_SW_C07_M04_CTRL.json,41bcc71664a03b83bad8e3e9c75d6d4e0c08320eda7cffb17b07ebb70b4fab50,True,1,928,5dedae2c370f16301d1392398c61e1dca256a1dad6e20a00e3cb118dc67beda9,L,L_REDSTAR,8afa54d2a82b15b0781a48065a8f3ae23bcbde82513f4f22b260a8405833a4bc,928,1.0,117.74851100000001,312006,7734140,83f13a6c69adb8250f663a2871ff8f0a04274980a2b86a5a84054ce00379bad7,True,SUCCESS_H2S,False,REDSTAR,1468.439911,True,849.00826
2,IC_NEXT_CC_C07;IC_PREV_CC_C07,0.0021551724137931034,H2S,True,131,350.15988799999997,312181,7734179,False,0.0,8.338176,,l_SW_C07_CORE_A_SW_FACTORY_CORE_A,467.579805,False,0cd2d39b9ab3999bdbbe7304a7051ca98a51d813131ec9fa7eee74407629483d,True,1918.524997,53682176,0.7607264467662289,True,71.014296,profiles/L_REDSTAR/l_SW_C07_CORE_A_SW_FACTORY_CORE_A.json,1e4c34d3b206523dd301f181403a67f5a2b4ef696a02c8f874a9d41e67d1a6f3,True,1,928,9aaab6f674da729f3d42be5960a58cc5fff30203f27c14b893078a496fe88049,L,L_REDSTAR,9cfcc0b17be9a7e56fda247f3bbae6bfc77274d6a9d0911f711e8dcb0c9c43d0,928,1.0,117.41991700000005,311857,7733797,12ab57deac4a39c636de77fae9a32cd4571273762e03d8664bd7cc292989faea,True,SUCCESS_H2S,False,REDSTAR,1459.472704,True,830.588621
8,SC_S1_C07_M01;SC_S2_C07_M01;SC_S3_C07_M01;SC_S4_C07_M01;SF_S1_C07_M01;SF_S2_C07_M01;SF_S3_C07_M01;SF_S4_C07_M01,0.008620689655172414,H2S,True,132,356.15009399999997,312322,7733922,False,0.0,8.051202,,l_SW_C07_CORE_B_SW_C07_M01_CTRL,474.017644,False,0cd2d39b9ab3999bdbbe7304a7051ca98a51d813131ec9fa7eee74407629483d,True,1918.524997,53694464,0.7728090618148981,True,96.954711,profiles/L_REDSTAR/l_SW_C07_CORE_B_SW_C07_M01_CTRL.json,3067e95d8f14f0721f77547e2fb3e5e1c2d17046a9f53552e4fdd860ebe6622a,True,1,928,73c90d549db9b08e2e38931f00dcb3b1a80f5c5273dcdfaed56f38385fa9206f,L,L_REDSTAR,2ac2fcb4de5072cb9adf7bbde3c78f9fa567f3fefd6f4a6eda035e0932a51a0c,928,1.0,117.86755000000005,311994,7733452,e8bfe3d6378cd8cdeb189efc8ae376ec12d2f0f8942815504d944d26f3ae58ec,True,SUCCESS_H2S,False,REDSTAR,1482.653503,True,821.566799
8,SC_S1_C07_M01;SC_S2_C07_M01;SC_S3_C07_M01;SC_S4_C07_M01;SF_S1_C07_M01;SF_S2_C07_M01;SF_S3_C07_M01;SF_S4_C07_M01,0.008620689655172414,H2S,True,133,357.555158,312325,7733922,False,0.0,8.014328,,l_SW_C07_CORE_B_SW_C07_M01_SENS,477.067712,False,0cd2d39b9ab3999bdbbe7304a7051ca98a51d813131ec9fa7eee74407629483d,True,1918.524997,53522432,0.7592962897423223,True,57.217339,profiles/L_REDSTAR/l_SW_C07_CORE_B_SW_C07_M01_SENS.json,0ac8874717f5152f8216a1290482d1bb1348ec1420a04034cc30a827e566ce5d,True,1,928,73c90d549db9b08e2e38931f00dcb3b1a80f5c5273dcdfaed56f38385fa9206f,L,L_REDSTAR,41ea3f339e40dcc4810ae40f39fdd91a5388dc253a1540900a521a4e1b3004fa,928,1.0,119.51255399999997,311994,7733452,e8bfe3d6378cd8cdeb189efc8ae376ec12d2f0f8942815504d944d26f3ae58ec,True,SUCCESS_H2S,False,REDSTAR,1456.728912,True,832.102794
8,SC_S1_C07_M02;SC_S2_C07_M02;SC_S3_C07_M02;SC_S4_C07_M02;SF_S1_C07_M02;SF_S2_C07_M02;SF_S3_C07_M02;SF_S4_C07_M02,0.008620689655172414,H2S,True,134,354.023591,312298,7733926,False,0.0,8.374515,,l_SW_C07_CORE_B_SW_C07_M02_CTRL,477.861087,False,0cd2d39b9ab3999bdbbe7304a7051ca98a51d813131ec9fa7eee74407629483d,True,1918.524997,53694464,0.7713422104554419,True,58.259564,profiles/L_REDSTAR/l_SW_C07_CORE_B_SW_C07_M02_CTRL.json,ebfff73ed24d0f0fb3b940879670681ec7f608a3299a67b1d029e6e05981fe4a,True,1,928,b75a4ce8429bb209ade55dec7ad240a878d7c6c53a4ff4fd0c6a8d284b4ebfe2,L,L_REDSTAR,25c41a5ace22f280681cd5496da0023ea6173396d27e3373458e4eba5ee54461,928,1.0,123.83749599999999,311968,7733456,5ccde85ebbaf4e8163020fffe185338bfa12624ae386bfd8f03039b1e739fee5,True,SUCCESS_H2S,False,REDSTAR,1479.839312,True,854.427124
8,SC_S1_C07_M02;SC_S2_C07_M02;SC_S3_C07_M02;SC_S4_C07_M02;SF_S1_C07_M02;SF_S2_C07_M02;SF_S3_C07_M02;SF_S4_C07_M02,0.008620689655172414,H2S,True,135,352.38473999999997,312302,7733926,False,0.0,8.020159,,l_SW_C07_CORE_B_SW_C07_M02_SENS,471.422829,False,0cd2d39b9ab3999bdbbe7304a7051ca98a51d813131ec9fa7eee74407629483d,True,1918.524997,53690368,0.788314580922815,True,84.478218,profiles/L_REDSTAR/l_SW_C07_CORE_B_SW_C07_M02_SENS.json,bee7903ae36e9be32197d2c6da72798c806b7f91c10a601b0bf119451fe1a76a,True,1,928,b75a4ce8429bb209ade55dec7ad240a878d7c6c53a4ff4fd0c6a8d284b4ebfe2,L,L_REDSTAR,6bc1966b27268d885e9dd8af46ca3df5f07d1f43fe8d0ace31f36045841bffa8,928,1.0,119.03808900000001,311968,7733456,5ccde85ebbaf4e8163020fffe185338bfa12624ae386bfd8f03039b1e739fee5,True,SUCCESS_H2S,False,REDSTAR,1512.401229,True,855.342123
8,SC_S1_C07_M03;SC_S2_C07_M03;SC_S3_C07_M03;SC_S4_C07_M03;SF_S1_C07_M03;SF_S2_C07_M03;SF_S3_C07_M03;SF_S4_C07_M03,0.008620689655172414,H2S,True,136,353.021465,312316,7733930,False,0.0,8.051799,,l_SW_C07_CORE_B_SW_C07_M03_CTRL,473.600805,False,0cd2d39b9ab3999bdbbe7304a7051ca98a51d813131ec9fa7eee74407629483d,True,1918.524997,53526528,0.7606694962442545,True,60.965525,profiles/L_REDSTAR/l_SW_C07_CORE_B_SW_C07_M03_CTRL.json,98820b69daadf3d73add7dbe246b15b8cc4f4fd8b994e7c882a952af5adc4ca4,True,1,928,574feb8830641680daf7560dc331af5bcb321810fba562cf4f4ff747224bcd04,L,L_REDSTAR,3021bbb7d271ed44321d37afec9fa1556dc131f1cac3c81afed0bea2eab7f569,928,1.0,120.57934,311992,7733460,e22f579d1fb81e98c8fcdf55dea5efbb3222566c7efb210d72335b2996bd942a,True,SUCCESS_H2S,False,REDSTAR,1459.363443,True,834.381848
8,SC_S1_C07_M03;SC_S2_C07_M03;SC_S3_C07_M03;SC_S4_C07_M03;SF_S1_C07_M03;SF_S2_C07_M03;SF_S3_C07_M03;SF_S4_C07_M03,0.008620689655172414,H2S,True,137,352.220534,312318,7733930,False,0.0,8.023492,,l_SW_C07_CORE_B_SW_C07_M03_SENS,472.047714,False,0cd2d39b9ab3999bdbbe7304a7051ca98a51d813131ec9fa7eee74407629483d,True,1918.524997,53526528,0.7677104954603831,True,58.201605,profiles/L_REDSTAR/l_SW_C07_CORE_B_SW_C07_M03_SENS.json,164664ebb3d07af48d99804e8866f5f070d95645884fabf55e45c310d100c81b,True,1,928,574feb8830641680daf7560dc331af5bcb321810fba562cf4f4ff747224bcd04,L,L_REDSTAR,c63ee11f917e688a974163f99f8f48892a2b6045eccdc1a1bf994d37fd20d4e1,928,1.0,119.82718,311992,7733460,e22f579d1fb81e98c8fcdf55dea5efbb3222566c7efb210d72335b2996bd942a,True,SUCCESS_H2S,False,REDSTAR,1472.871776,True,853.521983
8,SC_S1_C07_M04;SC_S2_C07_M04;SC_S3_C07_M04;SC_S4_C07_M04;SF_S1_C07_M04;SF_S2_C07_M04;SF_S3_C07_M04;SF_S4_C07_M04,0.008620689655172414,H2S,True,138,351.31996799999996,312291,7733930,False,0.0,8.006758,,l_SW_C07_CORE_B_SW_C07_M04_CTRL,466.627989,False,0cd2d39b9ab3999bdbbe7304a7051ca98a51d813131ec9fa7eee74407629483d,True,1918.524997,53694464,0.7716207275458293,True,72.072636,profiles/L_REDSTAR/l_SW_C07_CORE_B_SW_C07_M04_CTRL.json,7ac403e3b4308e3e6dfc6d1c553acde0bac7dea26db1c92b7704a1f2d414e190,True,1,928,b24d5aa9bcf41ef5b83a7f29e0ef69614e0d2ef01b9c1eac82b6700b9428e82f,L,L_REDSTAR,302a1e53b8722451440bee72d4462bb549d199e9cf4d8ab4b7f395c862e14296,928,1.0,115.30802100000005,311960,7733460,88e8ac42b50c8a554c53dd04dcc137726b668ae9b64b58d8cf43b82ab385c7fa,True,SUCCESS_H2S,False,REDSTAR,1480.373654,True,853.283148
8,SC_S1_C07_M04;SC_S2_C07_M04;SC_S3_C07_M04;SC_S4_C07_M04;SF_S1_C07_M04;SF_S2_C07_M04;SF_S3_C07_M04;SF_S4_C07_M04,0.008620689655172414,H2S,True,139,363.93458899999996,312294,7733930,False,0.0,8.87833,,l_SW_C07_CORE_B_SW_C07_M04_SENS,490.972091,False,0cd2d39b9ab3999bdbbe7304a7051ca98a51d813131ec9fa7eee74407629483d,True,1918.524997,53686272,0.7585185787391646,True,58.935011,profiles/L_REDSTAR/l_SW_C07_CORE_B_SW_C07_M04_SENS.json,a576360f06dbd26a3ac112bbb5d357b24d2cbadf609c9f677aa757b1521e58e5,True,1,928,b24d5aa9bcf41ef5b83a7f29e0ef69614e0d2ef01b9c1eac82b6700b9428e82f,L,L_REDSTAR,d5f571deceea6a9af56c3b071a8aee7165958cc1c9167183f39105786578d455,928,1.0,127.03750200000002,311960,7733460,88e8ac42b50c8a554c53dd04dcc137726b668ae9b64b58d8cf43b82ab385c7fa,True,SUCCESS_H2S,False,REDSTAR,1455.236854,True,814.070641
2,IC_NEXT_CC_C06;IC_PREV_CC_C08,0.0021551724137931034,H2S,True,140,359.798635,312094,7733104,False,0.0,8.103145,,l_SW_C07_CORE_B_SW_FACTORY_CORE_A,479.141836,False,0cd2d39b9ab3999bdbbe7304a7051ca98a51d813131ec9fa7eee74407629483d,True,1918.524997,53682176,0.7752549178800197,True,74.975087,profiles/L_REDSTAR/l_SW_C07_CORE_B_SW_FACTORY_CORE_A.json,21c89d8aac9df8b6f0bba3330a232f62452d416b17f1a8c3b6a97146be8bbd0e,True,1,928,19f843d0b113013b60821dfca00f98d26f6871419ec32bd7df24d80e89e14654,L,L_REDSTAR,93801ef09b4ccedfe63836c9596a3fabb03bc5f359151cf34e1c14ecc608cf55,928,1.0,119.34320100000002,311778,7732722,1b026f713c2fa8ad1123840dcb94cc08b6e735fd0cab3f78926dcb4f273ff41f,True,SUCCESS_H2S,False,REDSTAR,1487.345939,True,844.745142
11,COORD_CC_C08_PLC_C08_M01;COORD_CC_C08_PLC_C08_M02;COORD_CC_C08_PLC_C08_M03;COORD_CC_C08_PLC_C08_M04;IC_NEXT_CC_C08;IC_PREV_CC_C08;IC_PREV_CC_C09;STAT_PLC_C08_M01;STAT_PLC_C08_M02;STAT_PLC_C08_M03;STAT_PLC_C08_M04,0.011853448275862068,H2S,True,141,355.25277500000004,312212,7733694,False,0.0,8.267363,,l_SW_C08_CC_SW_C08_CORE_A,473.982228,False,0cd2d39b9ab3999bdbbe7304a7051ca98a51d813131ec9fa7eee74407629483d,True,1918.524997,53678080,0.7779263894574108,True,92.012266,profiles/L_REDSTAR/l_SW_C08_CC_SW_C08_CORE_A.json,046a8a9b7a17c4e5f65f7a9ae2e3285ad14aa695dc3aaec52983978d98a866ac,True,1,928,f6b2bd4a73728e982b9aeeb7fb96c57e19d037293a409f2fe61ccffbf19ee376,L,L_REDSTAR,2b38dbd744cb93a27485c5f02c4643447051dc9c01905b2f50277bde1c080bc0,928,1.0,118.72945299999998,311857,7733135,b1f8ddb2a7c8f132de02bd7f1b183cd14b291d47b17566a7eeba84e255eab54c,True,SUCCESS_H2S,False,REDSTAR,1492.471224,True,834.228992
1,IC_NEXT_CC_C07,0.0010775862068965517,H2S,True,142,354.791459,312072,7733450,False,0.0,7.912811,,l_SW_C08_CC_SW_C08_CORE_B,476.673502,False,0cd2d39b9ab3999bdbbe7304a7051ca98a51d813131ec9fa7eee74407629483d,True,1918.524997,53690368,0.7691443428193185,True,63.785083,profiles/L_REDSTAR/l_SW_C08_CC_SW_C08_CORE_B.json,2edde1b975775738b13a2b64c9dc3981dd481a568e908c3cdd4880be1e01cf32,True,1,928,746cf4dee11f7dcbff54dc4dd449e938aa864923cf322e4921cb85e3cd560729,L,L_REDSTAR,31b2daf267923f1887a077945378a58d5512621293681f29a35f8d8abfdb4764,928,1.0,121.88204300000001,311792,7733109,46b65d6c0553c004e15e22c2abff54c2780fe42a4c5098ca320b3e0ea7c94bf5,True,SUCCESS_H2S,False,REDSTAR,1475.622648,True,845.867355
4,CMD_PLC_C08_M01_A1_C08_M01;CMD_PLC_C08_M01_A2_C08_M01;CMD_PLC_C08_M01_A3_C08_M01;CMD_PLC_C08_M01_A4_C08_M01,0.004310344827586207,H2S,True,143,356.951309,312228,7734984,False,0.0,8.156423,,l_SW_C08_CORE_A_SW_C08_M01_ACT,475.458938,False,0cd2d39b9ab3999bdbbe7304a7051ca98a51d813131ec9fa7eee74407629483d,True,1918.524997,53686272,0.7581789172799608,True,57.469182,profiles/L_REDSTAR/l_SW_C08_CORE_A_SW_C08_M01_ACT.json,a2495b8439a44d871bea25aef989f5f84a6d6c5962227d1d9bb0c42adad3fcd2,True,1,928,3ca60c4342822d091458a20b0ab90920713ab577ebdae50115774f408c7c8401,L,L_REDSTAR,2cb09564ebb4d3f33ba2be392e2e52504ee74e61340823d0c7b926e0a1d12a96,928,1.0,118.50762900000001,311902,7734529,c7ac59ed507afd61fd59ce4f061fcc11ee24a5cc295418aa0fa634f4366f1318,True,SUCCESS_H2S,False,REDSTAR,1454.585205,True,832.414758
6,CMD_PLC_C08_M01_A1_C08_M01;CMD_PLC_C08_M01_A2_C08_M01;CMD_PLC_C08_M01_A3_C08_M01;CMD_PLC_C08_M01_A4_C08_M01;COORD_CC_C08_PLC_C08_M01;STAT_PLC_C08_M01,0.00646551724137931,H2S,True,144,354.216018,312311,7734658,False,0.0,9.987923,,l_SW_C08_CORE_A_SW_C08_M01_CTRL,478.398386,False,0cd2d39b9ab3999bdbbe7304a7051ca98a51d813131ec9fa7eee74407629483d,True,1918.524997,53526528,0.7933802204194059,True,88.791504,profiles/L_REDSTAR/l_SW_C08_CORE_A_SW_C08_M01_CTRL.json,61cde84a68ae7ceafd90c6f9834940e1d59032f8181c542f396076b15dcde7d3,True,1,928,d1c705e82bff51454ce505c8a176dbdb192d559ffa58b23b632ecee7c1cb9fbb,L,L_REDSTAR,128c9e6d5bc23a983ad52e787142399b2d145246e44d00ff1cbd54f87605fbf8,928,1.0,124.182368,311964,7734154,6a8c331b33d699cd388fad7765e280b00deefd4feade322dd9a32ae1fb385950,True,SUCCESS_H2S,False,REDSTAR,1522.119785,True,856.655904
4,CMD_PLC_C08_M02_A1_C08_M02;CMD_PLC_C08_M02_A2_C08_M02;CMD_PLC_C08_M02_A3_C08_M02;CMD_PLC_C08_M02_A4_C08_M02,0.004310344827586207,H2S,True,145,354.097357,312241,7735000,False,0.0,8.068137,,l_SW_C08_CORE_A_SW_C08_M02_ACT,474.122485,False,0cd2d39b9ab3999bdbbe7304a7051ca98a51d813131ec9fa7eee74407629483d,True,1918.524997,53686272,0.7613197384886614,True,59.385797,profiles/L_REDSTAR/l_SW_C08_CORE_A_SW_C08_M02_ACT.json,88ca88cf508773b3c6ca87851ac3c6fea7f873ab3ddb3c6646d41bdf0eed64d4,True,1,928,703582311a2d7c90d283077d3858f6fac7b98aa296de6a8243bc405ebd5d5e46,L,L_REDSTAR,a48278c9ec1cffa8f986ac5cdd247b003efc77a0c97c1a3ce9e70816fd68370e,928,1.0,120.025128,311912,7734545,bc1dc4450eacfbb692211dc7a34565883fdf8fd4f7ca69a8999db45060f27a15,True,SUCCESS_H2S,False,REDSTAR,1460.610949,True,839.192028
6,CMD_PLC_C08_M02_A1_C08_M02;CMD_PLC_C08_M02_A2_C08_M02;CMD_PLC_C08_M02_A3_C08_M02;CMD_PLC_C08_M02_A4_C08_M02;COORD_CC_C08_PLC_C08_M02;STAT_PLC_C08_M02,0.00646551724137931,H2S,True,146,352.95382400000005,312313,7734656,False,0.0,8.264209,,l_SW_C08_CORE_A_SW_C08_M02_CTRL,475.505186,False,0cd2d39b9ab3999bdbbe7304a7051ca98a51d813131ec9fa7eee74407629483d,True,1918.524997,53698560,0.773184687361152,True,59.762927,profiles/L_REDSTAR/l_SW_C08_CORE_A_SW_C08_M02_CTRL.json,ee9a18dbb0e69ae0da6c154a9aa8a11adc21a47a06e4fb939194125accfc6d36,True,1,928,b03d7f3b6eed739eaf4d8b3798bed9cac651e79f95018228a5a71c608f893250,L,L_REDSTAR,4b1f8bd93c954244b36853ffbac506daea8d44ee6ea680fd631a50aa33eb1dc2,928,1.0,122.55136199999993,311976,7734152,4b2bf228c734d3d81f03981e84f9fc7ef9941b2cb0ea4205a0d162c3c858f688,True,SUCCESS_H2S,False,REDSTAR,1483.37415,True,859.291981
4,CMD_PLC_C08_M03_A1_C08_M03;CMD_PLC_C08_M03_A2_C08_M03;CMD_PLC_C08_M03_A3_C08_M03;CMD_PLC_C08_M03_A4_C08_M03,0.004310344827586207,H2S,True,147,356.078059,312246,7734982,False,0.0,8.442642,,l_SW_C08_CORE_A_SW_C08_M03_ACT,479.126956,False,0cd2d39b9ab3999bdbbe7304a7051ca98a51d813131ec9fa7eee74407629483d,True,1918.524997,53690368,0.7622751917680642,True,65.996664,profiles/L_REDSTAR/l_SW_C08_CORE_A_SW_C08_M03_ACT.json,3acf48a0288ff1cacfb206d07694cad44ed26807a8e4c93f841d7fb0a3a881f7,True,1,928,0a52745188fb6d8a681075c29e984bcb973b40d9c105ed6e8f8af0e166039e38,L,L_REDSTAR,5d806354f57a211c819fb61cd1b17122af7e6127776f93299f43b8eb723d87b8,928,1.0,123.04889700000001,311915,7734527,dfca6c942dcadfc5c606d0fb9e1effd48552af3539399925d10d9b6b138348eb,True,SUCCESS_H2S,False,REDSTAR,1462.44401,True,828.502499
6,CMD_PLC_C08_M03_A1_C08_M03;CMD_PLC_C08_M03_A2_C08_M03;CMD_PLC_C08_M03_A3_C08_M03;CMD_PLC_C08_M03_A4_C08_M03;COORD_CC_C08_PLC_C08_M03;STAT_PLC_C08_M03,0.00646551724137931,H2S,True,148,354.79961199999997,312311,7734664,False,0.0,24.564577,,l_SW_C08_CORE_A_SW_C08_M03_CTRL,472.312839,False,0cd2d39b9ab3999bdbbe7304a7051ca98a51d813131ec9fa7eee74407629483d,True,1918.524997,53698560,0.7807520935834853,True,59.775233,profiles/L_REDSTAR/l_SW_C08_CORE_A_SW_C08_M03_CTRL.json,743e874f0316c69b6aaba35c018c5ad99bd1cb2f265fae10f827a44d3253fa6d,True,1,928,6217b3e673dffb952fe1c817e28aca1d25873ca53091ced9c314663cbf01a4a1,L,L_REDSTAR,687b49c15afbc38ad370a984d8523ddac4be5cf335747f93c8b612747e2ae2f9,928,1.0,117.51322700000003,311972,7734160,592117f4cc14bf729c004c6787dfb477eda5366c2b1e480b12d106c4c02d161f,True,SUCCESS_H2S,False,REDSTAR,1497.892408,True,861.455741
4,CMD_PLC_C08_M04_A1_C08_M04;CMD_PLC_C08_M04_A2_C08_M04;CMD_PLC_C08_M04_A3_C08_M04;CMD_PLC_C08_M04_A4_C08_M04,0.004310344827586207,H2S,True,149,350.22810799999996,312261,7734992,False,0.0,8.208552,,l_SW_C08_CORE_A_SW_C08_M04_ACT,467.477395,False,0cd2d39b9ab3999bdbbe7304a7051ca98a51d813131ec9fa7eee74407629483d,True,1918.524997,53604352,0.766061388982778,True,72.993724,profiles/L_REDSTAR/l_SW_C08_CORE_A_SW_C08_M04_ACT.json,1121907ce9241fb61b186f7c70db407c2e677248333ea2eccd661c8a71cbe69c,True,1,928,2b7aee5623bb535ac5ea84ec3b52166e00c15b6e41973fa43f9bad3b388e1273,L,L_REDSTAR,76e5f51a17e7b511db2e70ed94e98161f7d7664018d8c1611bf4f89251c6e510,928,1.0,117.24928700000004,311937,7734537,4ec195c3e5da732623dbed2069124729a3091d7b9c6652df79bbe952e7090fa4,True,SUCCESS_H2S,False,REDSTAR,1469.707924,True,841.705383
6,CMD_PLC_C08_M04_A1_C08_M04;CMD_PLC_C08_M04_A2_C08_M04;CMD_PLC_C08_M04_A3_C08_M04;CMD_PLC_C08_M04_A4_C08_M04;COORD_CC_C08_PLC_C08_M04;STAT_PLC_C08_M04,0.00646551724137931,H2S,True,150,352.654466,312333,7734664,False,0.0,7.95635,,l_SW_C08_CORE_A_SW_C08_M04_CTRL,468.78002,False,0cd2d39b9ab3999bdbbe7304a7051ca98a51d813131ec9fa7eee74407629483d,True,1918.524997,53534720,0.7912305710760568,True,91.345999,profiles/L_REDSTAR/l_SW_C08_CORE_A_SW_C08_M04_CTRL.json,c5b03cc9f4d803c54b30bcbc0c45a361e90e9a48a1677da100fee9f4b16cdeb8,True,1,928,5087e5494c461dd02912d2b6d04f5c7854519a12b1d36b53d36e21b5651728f6,L,L_REDSTAR,28efb0eaf83186d281ff84d6b7659cee9366d238f5e5998c6b01a2aab2f510ed,928,1.0,116.12555399999997,311994,7734160,f977af2000b3c29c3e2693e7f841754e833a45e2b4ea5013de42f6a732cd1187,True,SUCCESS_H2S,False,REDSTAR,1517.995629,True,869.937767
3,IC_NEXT_CC_C08;IC_PREV_CC_C08;IC_PREV_CC_C09,0.003232758620689655,H2S,True,151,350.42715000000004,312180,7734194,False,0.0,7.895809,,l_SW_C08_CORE_A_SW_FACTORY_CORE_A,470.801813,False,0cd2d39b9ab3999bdbbe7304a7051ca98a51d813131ec9fa7eee74407629483d,True,1918.524997,53682176,0.7615527252887807,True,57.454898,profiles/L_REDSTAR/l_SW_C08_CORE_A_SW_FACTORY_CORE_A.json,b749c992d27b4beaf91c6f68c7945912178ff17e00c66c088db628456e499cd7,True,1,928,2a5adac83103be4b58f0732ce1f297d7589308710a874f39ffb5735e6b972437,L,L_REDSTAR,e5a108f4691745140569e11a281187ed9e39e0b492e6a9a7227d985ad4ad2656,928,1.0,120.37466299999994,311850,7733795,2191ad25222b5202d6b53d36e8e2bab048c0ed2c0b288c0c564dd81c58be60e5,True,SUCCESS_H2S,False,REDSTAR,1461.05794,True,844.298801
8,SC_S1_C08_M01;SC_S2_C08_M01;SC_S3_C08_M01;SC_S4_C08_M01;SF_S1_C08_M01;SF_S2_C08_M01;SF_S3_C08_M01;SF_S4_C08_M01,0.008620689655172414,H2S,True,152,352.973204,312313,7733930,False,0.0,7.952862,,l_SW_C08_CORE_B_SW_C08_M01_CTRL,472.898164,False,0cd2d39b9ab3999bdbbe7304a7051ca98a51d813131ec9fa7eee74407629483d,True,1918.524997,53694464,0.7608105348027425,True,58.660667,profiles/L_REDSTAR/l_SW_C08_CORE_B_SW_C08_M01_CTRL.json,7f16722b591ce7bb9bb84ad4d5a4df3b4ffecd953f351f811495f8c295ad81fd,True,1,928,0a341f4eee9bf9fed6a1ed3031cd21925aa31183462abe57af2e77c308ba63dc,L,L_REDSTAR,3b0b5c12d766b2270e1ce6c2666afc8acd1eb09595424492b7ea6c86437da8ad,928,1.0,119.92496,311983,7733460,fea726a5b8df6ea95bbe10a34b5d3b8e4a4b5d97bbfe0dfd6478cd2f402b09e8,True,SUCCESS_H2S,False,REDSTAR,1459.634029,True,839.878025
8,SC_S1_C08_M01;SC_S2_C08_M01;SC_S3_C08_M01;SC_S4_C08_M01;SF_S1_C08_M01;SF_S2_C08_M01;SF_S3_C08_M01;SF_S4_C08_M01,0.008620689655172414,H2S,True,153,353.898677,312314,7733930,False,0.0,8.014586,,l_SW_C08_CORE_B_SW_C08_M01_SENS,468.353691,False,0cd2d39b9ab3999bdbbe7304a7051ca98a51d813131ec9fa7eee74407629483d,True,1918.524997,53526528,0.7730813949879435,True,70.784076,profiles/L_REDSTAR/l_SW_C08_CORE_B_SW_C08_M01_SENS.json,f8914f2c80454aef9c8b719d7c6022c81316dbd6fe2a5605553e95e2fe567233,True,1,928,0a341f4eee9bf9fed6a1ed3031cd21925aa31183462abe57af2e77c308ba63dc,L,L_REDSTAR,25a73fa4b7568effc0ac395c8d6609121b04febb312f890410da195c925c2d53,928,1.0,114.455014,311983,7733460,fea726a5b8df6ea95bbe10a34b5d3b8e4a4b5d97bbfe0dfd6478cd2f402b09e8,True,SUCCESS_H2S,False,REDSTAR,1483.175981,True,855.17871
8,SC_S1_C08_M02;SC_S2_C08_M02;SC_S3_C08_M02;SC_S4_C08_M02;SF_S1_C08_M02;SF_S2_C08_M02;SF_S3_C08_M02;SF_S4_C08_M02,0.008620689655172414,H2S,True,154,353.01455799999997,312295,7733926,False,0.0,8.175311,,l_SW_C08_CORE_B_SW_C08_M02_CTRL,474.555663,False,0cd2d39b9ab3999bdbbe7304a7051ca98a51d813131ec9fa7eee74407629483d,True,1918.524997,53694464,0.7724809879034378,True,60.990539,profiles/L_REDSTAR/l_SW_C08_CORE_B_SW_C08_M02_CTRL.json,906e6ab600d050d85a619535409d893ba72724682e9f6baf50a19f9f7de22876,True,1,928,06f79ad215cd874f1291116565d8bb530b94d7785e7607d376b6fdd80a6d5ac7,L,L_REDSTAR,2911420a74127a9af6fd038180314116d482d64ef064f45dae1a3159495fbed9,928,1.0,121.54110500000002,311971,7733456,367c736e32b902abeefb59dd23411f7b860962e5e169f00e0f7d96265203190f,True,SUCCESS_H2S,False,REDSTAR,1482.024085,True,858.225676
8,SC_S1_C08_M02;SC_S2_C08_M02;SC_S3_C08_M02;SC_S4_C08_M02;SF_S1_C08_M02;SF_S2_C08_M02;SF_S3_C08_M02;SF_S4_C08_M02,0.008620689655172414,H2S,True,155,354.678161,312299,7733926,False,0.0,8.514157,,l_SW_C08_CORE_B_SW_C08_M02_SENS,471.872632,False,0cd2d39b9ab3999bdbbe7304a7051ca98a51d813131ec9fa7eee74407629483d,True,1918.524997,53690368,0.7665347333496327,True,57.382621,profiles/L_REDSTAR/l_SW_C08_CORE_B_SW_C08_M02_SENS.json,707d43cf2f4acedc94a0f63bb2f783ec47b2254045a13d234a18219483e9deb8,True,1,928,06f79ad215cd874f1291116565d8bb530b94d7785e7607d376b6fdd80a6d5ac7,L,L_REDSTAR,79eafd42b1ebd7e06e3d1edb88e1b79bd1475883ec22368577f99de15ac1b709,928,1.0,117.19447100000002,311971,7733456,367c736e32b902abeefb59dd23411f7b860962e5e169f00e0f7d96265203190f,True,SUCCESS_H2S,False,REDSTAR,1470.616047,True,851.13348
8,SC_S1_C08_M03;SC_S2_C08_M03;SC_S3_C08_M03;SC_S4_C08_M03;SF_S1_C08_M03;SF_S2_C08_M03;SF_S3_C08_M03;SF_S4_C08_M03,0.008620689655172414,H2S,True,156,351.69835700000004,312317,7733922,False,0.0,7.938766,,l_SW_C08_CORE_B_SW_C08_M03_CTRL,473.415554,False,0cd2d39b9ab3999bdbbe7304a7051ca98a51d813131ec9fa7eee74407629483d,True,1918.524997,53694464,0.7702290313186886,True,70.895763,profiles/L_REDSTAR/l_SW_C08_CORE_B_SW_C08_M03_CTRL.json,ee2e2c4bffbe3cd93ef981910adac06d492ee0f5ca9eddfb9509c7f9a522129f,True,1,928,e88821284fc0f4583a57f12619182353f6474b6e92f19a12598fd038118878b6,L,L_REDSTAR,9319037f1d12abee0903ded9fa274ef51786b92f28c6e0ad343f694419c073ac,928,1.0,121.71719699999994,311989,7733452,7fd375aed0ee8a78c6eb373b22ad6aad55f7b077d5bcb4f7d5b3d84e42656b86,True,SUCCESS_H2S,False,REDSTAR,1477.70365,True,845.302845
8,SC_S1_C08_M03;SC_S2_C08_M03;SC_S3_C08_M03;SC_S4_C08_M03;SF_S1_C08_M03;SF_S2_C08_M03;SF_S3_C08_M03;SF_S4_C08_M03,0.008620689655172414,H2S,True,157,353.330819,312319,7733922,False,0.0,8.039244,,l_SW_C08_CORE_B_SW_C08_M03_SENS,473.603236,False,0cd2d39b9ab3999bdbbe7304a7051ca98a51d813131ec9fa7eee74407629483d,True,1918.524997,53690368,0.773230272380965,True,79.51247,profiles/L_REDSTAR/l_SW_C08_CORE_B_SW_C08_M03_SENS.json,164c081150b722fbf3cfc5bff28280f167d55c3aff7e3ff8a0caca179f651f12,True,1,928,e88821284fc0f4583a57f12619182353f6474b6e92f19a12598fd038118878b6,L,L_REDSTAR,797b5696a7990ba2cc6f910ac31208a73114da87ed7d02a7e52ffdf1e75f6805,928,1.0,120.27241699999996,311989,7733452,7fd375aed0ee8a78c6eb373b22ad6aad55f7b077d5bcb4f7d5b3d84e42656b86,True,SUCCESS_H2S,False,REDSTAR,1483.461606,True,837.581626
8,SC_S1_C08_M04;SC_S2_C08_M04;SC_S3_C08_M04;SC_S4_C08_M04;SF_S1_C08_M04;SF_S2_C08_M04;SF_S3_C08_M04;SF_S4_C08_M04,0.008620689655172414,H2S,True,158,352.908326,312292,7733930,False,0.0,8.129001,,l_SW_C08_CORE_B_SW_C08_M04_CTRL,478.613601,False,0cd2d39b9ab3999bdbbe7304a7051ca98a51d813131ec9fa7eee74407629483d,True,1918.524997,53526528,0.767008188218045,True,58.435582,profiles/L_REDSTAR/l_SW_C08_CORE_B_SW_C08_M04_CTRL.json,c41ddce8f0724dd59eb47a1472a7108dfcf0c4334ca4f5c079b668e38421cbda,True,1,928,437002437027055e57533475546fe07c3a431e8f6c1d230b9381dbbe9c927105,L,L_REDSTAR,9d1164710d975e8e3b7a5354540dffca402a6ede4fcca96721648eb0628fd825,928,1.0,125.70527500000003,311966,7733460,060aa308ac006058785aaab48271e3a73279afad59ce3521f867e50094b8b0e5,True,SUCCESS_H2S,False,REDSTAR,1471.524382,True,846.431362
8,SC_S1_C08_M04;SC_S2_C08_M04;SC_S3_C08_M04;SC_S4_C08_M04;SF_S1_C08_M04;SF_S2_C08_M04;SF_S3_C08_M04;SF_S4_C08_M04,0.008620689655172414,H2S,True,159,352.316629,312295,7733930,False,0.0,8.223309,,l_SW_C08_CORE_B_SW_C08_M04_SENS,469.215406,False,0cd2d39b9ab3999bdbbe7304a7051ca98a51d813131ec9fa7eee74407629483d,True,1918.524997,53686272,0.7874746617127345,True,71.382438,profiles/L_REDSTAR/l_SW_C08_CORE_B_SW_C08_M04_SENS.json,f58063ebd1fb1e6a5de344bddba8b1463b651a05a57e0cfb7736749ef44b5711,True,1,928,437002437027055e57533475546fe07c3a431e8f6c1d230b9381dbbe9c927105,L,L_REDSTAR,b6481852c331c7ced1c8ea7d144b334e2a439b294adbc35b24c1cb87139fbf4b,928,1.0,116.898777,311966,7733460,060aa308ac006058785aaab48271e3a73279afad59ce3521f867e50094b8b0e5,True,SUCCESS_H2S,False,REDSTAR,1510.789823,True,880.871372
1,IC_NEXT_CC_C07,0.0010775862068965517,H2S,True,160,352.804053,312106,7733452,False,0.0,7.892228,,l_SW_C08_CORE_B_SW_FACTORY_CORE_A,476.748075,False,0cd2d39b9ab3999bdbbe7304a7051ca98a51d813131ec9fa7eee74407629483d,True,1918.524997,53522432,0.7725126716188416,True,82.334973,profiles/L_REDSTAR/l_SW_C08_CORE_B_SW_FACTORY_CORE_A.json,0d2addaff3f8ae3ef6767062150de239f5473699d9605ae77cbdb90b18818ae8,True,1,928,49567438c74da94a80a0624135f15f4bfe30f3c6c6d852a3a81d42a6db65e837,L,L_REDSTAR,24872a591f80de3f1a3837f19e3dbfc670d13cc88aa66c43ee17fe274959475e,928,1.0,123.94402199999996,311801,7733087,ed4f9e9b249cc3f60b1e74c062ecbd170d0e7fa44f15cd3ed44feb079701d471,True,SUCCESS_H2S,False,REDSTAR,1482.084871,True,830.481452
11,COORD_CC_C09_PLC_C09_M01;COORD_CC_C09_PLC_C09_M02;COORD_CC_C09_PLC_C09_M03;COORD_CC_C09_PLC_C09_M04;IC_NEXT_CC_C08;IC_NEXT_CC_C09;IC_PREV_CC_C09;STAT_PLC_C09_M01;STAT_PLC_C09_M02;STAT_PLC_C09_M03;STAT_PLC_C09_M04,0.011853448275862068,H2S,True,161,353.35598,312161,7733682,False,0.0,8.049068,,l_SW_C09_CC_SW_C09_CORE_A,471.933242,False,0cd2d39b9ab3999bdbbe7304a7051ca98a51d813131ec9fa7eee74407629483d,True,1918.524997,53678080,0.7653509145286367,True,60.609818,profiles/L_REDSTAR/l_SW_C09_CC_SW_C09_CORE_A.json,e131043dbdbacbbab47080dad9d3ccab60ddec1af34c51346a970d172ae0d03b,True,1,928,b45ccf7a2e4e425b9c1bcfec77e78ba0c27f46e8541a9cd03c78bf0a6dc02b5b,L,L_REDSTAR,9cc6e98caea09e7734b25fe6f358b141d0a728292fdfb633845d155b3afce0df,928,1.0,118.57726200000002,311811,7733123,40c540f92b996a23faf4926886bbd4008275032eb1c78d8c4b910f208c85bf3e,True,SUCCESS_H2S,False,REDSTAR,1468.344861,True,846.080255
1,IC_PREV_CC_C10,0.0010775862068965517,H2S,True,162,353.960997,312085,7733446,False,0.0,8.145341,,l_SW_C09_CC_SW_C09_CORE_B,474.464127,False,0cd2d39b9ab3999bdbbe7304a7051ca98a51d813131ec9fa7eee74407629483d,True,1918.524997,53690368,0.7859776689685738,True,73.970334,profiles/L_REDSTAR/l_SW_C09_CC_SW_C09_CORE_B.json,18fab0befc3ab0c6922e546ad7e341ac3eb2e3f064145a3300c6f7d5a6ac9fbd,True,1,928,f22ccaac65d7276bc20044b5c3d8e13be35472736e88bd03a25df8730073619b,L,L_REDSTAR,195203d80b93625598e4a01d91746f992548c23c62ac0d8674c384305b3fa5cf,928,1.0,120.50313,311797,7733105,d600d76f01e13583027abb3ee9e8f85e82c38681ad7445f6bc5fc5600bc5b696,True,SUCCESS_H2S,False,REDSTAR,1507.917805,True,871.68982
4,CMD_PLC_C09_M01_A1_C09_M01;CMD_PLC_C09_M01_A2_C09_M01;CMD_PLC_C09_M01_A3_C09_M01;CMD_PLC_C09_M01_A4_C09_M01,0.004310344827586207,H2S,True,163,356.360738,312236,7734990,False,0.0,8.015085,,l_SW_C09_CORE_A_SW_C09_M01_ACT,478.048112,False,0cd2d39b9ab3999bdbbe7304a7051ca98a51d813131ec9fa7eee74407629483d,True,1918.524997,53518336,0.7707879216128869,True,92.988767,profiles/L_REDSTAR/l_SW_C09_CORE_A_SW_C09_M01_ACT.json,884395b824643ef8064d1fdf97d05229b78ca6f2f662700699c958620dece673,True,1,928,83d2bb1e6842371efad3cf3dfd6c90cb239ef94ae2cccab3cd3da678597cf96c,L,L_REDSTAR,a9d89ae3cedc12843f00433d1d869c9abd48d760eb57b2e3017693dcf8c9b454,928,1.0,121.68737399999998,311911,7734535,948e5c256aacccd50ca06268fda1cb334757bcc6381687b1425fac0775ddf649,True,SUCCESS_H2S,False,REDSTAR,1478.775895,True,819.185354
6,CMD_PLC_C09_M01_A1_C09_M01;CMD_PLC_C09_M01_A2_C09_M01;CMD_PLC_C09_M01_A3_C09_M01;CMD_PLC_C09_M01_A4_C09_M01;COORD_CC_C09_PLC_C09_M01;STAT_PLC_C09_M01,0.00646551724137931,H2S,True,164,356.386211,312303,7734662,False,0.0,7.974045,,l_SW_C09_CORE_A_SW_C09_M01_CTRL,473.807504,False,0cd2d39b9ab3999bdbbe7304a7051ca98a51d813131ec9fa7eee74407629483d,True,1918.524997,53530624,0.7610613415426872,True,58.173155,profiles/L_REDSTAR/l_SW_C09_CORE_A_SW_C09_M01_CTRL.json,109d7a4be159156fe75125277e1dc98aeb8c24f45faa12cc9c6f114896cb7713,True,1,928,2048d9d0836e49bcd33323a288b986de6a2cdba2d44f4534b08c11998516f87e,L,L_REDSTAR,632f1ee32c017ab5d6f918c14658571b2a881ad0548bb282943177643f1e2a7d,928,1.0,117.42129299999999,311962,7734158,05addac39cfb8e1d65768fd3b6db0137a7831e5c68510745661a4051ba6f36ce,True,SUCCESS_H2S,False,REDSTAR,1460.115208,True,840.580027
4,CMD_PLC_C09_M02_A1_C09_M02;CMD_PLC_C09_M02_A2_C09_M02;CMD_PLC_C09_M02_A3_C09_M02;CMD_PLC_C09_M02_A4_C09_M02,0.004310344827586207,H2S,True,165,357.09144799999996,312246,7734992,False,0.0,8.144649,,l_SW_C09_CORE_A_SW_C09_M02_ACT,478.363778,False,0cd2d39b9ab3999bdbbe7304a7051ca98a51d813131ec9fa7eee74407629483d,True,1918.524997,53522432,0.7633721673108854,True,58.05403,profiles/L_REDSTAR/l_SW_C09_CORE_A_SW_C09_M02_ACT.json,c0ffc9a87e216a00e04ce0b12de0d4a74e8fc695a9e25079a9fe199e14e09172,True,1,928,bfa7b321d981f86b8b92bfef1a2bafe81ac12fa4c2dc6e04004ede663f6182f7,L,L_REDSTAR,bcf8202eea361ee0b1fe254a8685bfad6d8662150c88542b244def6b9d6cca2a,928,1.0,121.27233000000007,311923,7734537,d4503acfe126b911099d8e68ac56264de6c66d43240732bc0623f1734ae4f835,True,SUCCESS_H2S,False,REDSTAR,1464.548585,True,838.507466
6,CMD_PLC_C09_M02_A1_C09_M02;CMD_PLC_C09_M02_A2_C09_M02;CMD_PLC_C09_M02_A3_C09_M02;CMD_PLC_C09_M02_A4_C09_M02;COORD_CC_C09_PLC_C09_M02;STAT_PLC_C09_M02,0.00646551724137931,H2S,True,166,351.55411,312324,7734660,False,0.0,8.095037,,l_SW_C09_CORE_A_SW_C09_M02_CTRL,475.006424,False,0cd2d39b9ab3999bdbbe7304a7051ca98a51d813131ec9fa7eee74407629483d,True,1918.524997,53694464,0.7798288655813641,True,86.556141,profiles/L_REDSTAR/l_SW_C09_CORE_A_SW_C09_M02_CTRL.json,e72d731b2ae64298a19f86b9d1e39a4d0fad1f112090fff07703647f1b0bb795,True,1,928,3efd72b4cf0bd065bb3194f886c1a6c283fff5cb63ebf22b69a33a571c784929,L,L_REDSTAR,55787449c1c6e61b697b1d310c74b50914770a26d9797257901a9d88df49ccd8,928,1.0,123.452314,311982,7734156,307a32ec1043ac275bc4190b8dd04efe326c57b542e1ff01961fa41c1a369a45,True,SUCCESS_H2S,False,REDSTAR,1496.121172,True,833.225655
4,CMD_PLC_C09_M03_A1_C09_M03;CMD_PLC_C09_M03_A2_C09_M03;CMD_PLC_C09_M03_A3_C09_M03;CMD_PLC_C09_M03_A4_C09_M03,0.004310344827586207,H2S,True,167,355.113642,312257,7734992,False,0.0,8.118823,,l_SW_C09_CORE_A_SW_C09_M03_ACT,476.111487,False,0cd2d39b9ab3999bdbbe7304a7051ca98a51d813131ec9fa7eee74407629483d,True,1918.524997,53690368,0.7661015990400463,True,56.513249,profiles/L_REDSTAR/l_SW_C09_CORE_A_SW_C09_M03_ACT.json,212a859869228fa32063e2f6456e32cb1d0e2daf9ca938dfe771497c68b48098,True,1,928,df083093b7a2d240fc24d28dcc1834ffac2cd0874de763a9dfc4d145c80d2e9d,L,L_REDSTAR,cfce783fb6e038bc0faefaf82ff1c4bfc68bc81f7a4d8e58a0d4f9b03d0f6f95,928,1.0,120.99784499999998,311931,7734537,b934d08378af6323568cede589d9b2e708b631a44ac8fac64a94785ceb901311,True,SUCCESS_H2S,False,REDSTAR,1469.785068,True,848.523741
6,CMD_PLC_C09_M03_A1_C09_M03;CMD_PLC_C09_M03_A2_C09_M03;CMD_PLC_C09_M03_A3_C09_M03;CMD_PLC_C09_M03_A4_C09_M03;COORD_CC_C09_PLC_C09_M03;STAT_PLC_C09_M03,0.00646551724137931,H2S,True,168,352.768122,312337,7734666,False,0.0,8.401313,,l_SW_C09_CORE_A_SW_C09_M03_CTRL,473.624522,False,0cd2d39b9ab3999bdbbe7304a7051ca98a51d813131ec9fa7eee74407629483d,True,1918.524997,53530624,0.7758105770461327,True,60.824548,profiles/L_REDSTAR/l_SW_C09_CORE_A_SW_C09_M03_CTRL.json,adaa9a5f610c0146972a297f6241c5499966e511418675d478582e9e876ed87a,True,1,928,c5c47b0b3fa0a955fd8c8544ba221ff24acaa8067762ac84c20a4a21d92849d7,L,L_REDSTAR,7bd79ddccfdf23e22d39271f4842631c90cb003a1d5aac2550481c0c0547721e,928,1.0,120.85640000000001,311993,7734162,8d3983e0d42bc5d69ec0e128be124aaa4b831e59ab4a3335f636f1946816dda0,True,SUCCESS_H2S,False,REDSTAR,1488.411985,True,864.11243
4,CMD_PLC_C09_M04_A1_C09_M04;CMD_PLC_C09_M04_A2_C09_M04;CMD_PLC_C09_M04_A3_C09_M04;CMD_PLC_C09_M04_A4_C09_M04,0.004310344827586207,H2S,True,169,361.419558,312274,7734992,False,0.0,8.042706,,l_SW_C09_CORE_A_SW_C09_M04_ACT,483.530452,False,0cd2d39b9ab3999bdbbe7304a7051ca98a51d813131ec9fa7eee74407629483d,True,1918.524997,53686272,0.8000509179709165,True,81.758947,profiles/L_REDSTAR/l_SW_C09_CORE_A_SW_C09_M04_ACT.json,eab469cea34cf39fd8fe80480a9672fcb3831bf7a0ea310ed30f74d9f585ae0d,True,1,928,0d241caefb8aca612bdc890ea94423ec994b93ab3c4bc189b29eef8081babec0,L,L_REDSTAR,8c3c7e91900e37a5c389ccf6e37a022c1a49fd1577c47c100fc7338ba773033d,928,1.0,122.11089400000003,311946,7734537,830b20adb274296acae407d7800ddee8c2662e6a5080ed860b12d06bc163628f,True,SUCCESS_H2S,False,REDSTAR,1534.917685,True,877.938121
6,CMD_PLC_C09_M04_A1_C09_M04;CMD_PLC_C09_M04_A2_C09_M04;CMD_PLC_C09_M04_A3_C09_M04;CMD_PLC_C09_M04_A4_C09_M04;COORD_CC_C09_PLC_C09_M04;STAT_PLC_C09_M04,0.00646551724137931,H2S,True,170,353.71261300000003,312352,7734664,False,0.0,8.037994,,l_SW_C09_CORE_A_SW_C09_M04_CTRL,475.857753,False,0cd2d39b9ab3999bdbbe7304a7051ca98a51d813131ec9fa7eee74407629483d,True,1918.524997,53690368,0.7579150150630015,True,58.166588,profiles/L_REDSTAR/l_SW_C09_CORE_A_SW_C09_M04_CTRL.json,3210b61411e39f0c590dd7a847f90a8f982b8c1f2da1bf4cd5e83d839ed78320,True,1,928,57af6c7fcde121fe36980810fc2868cf648d210781e5b34671136e036ba9864b,L,L_REDSTAR,87d34460aa4b1081f9fdca62295bb27caac60ba9bb19d64a130e02ae2046cdbe,928,1.0,122.14513999999997,312014,7734160,4a4e14fdf40357677df55a2e407beae5ffed6ef5a13e1f3233f166ab5bfd50d4,True,SUCCESS_H2S,False,REDSTAR,1454.078902,True,832.71665
3,IC_NEXT_CC_C08;IC_NEXT_CC_C09;IC_PREV_CC_C09,0.003232758620689655,H2S,True,171,352.76707200000004,312242,7734904,False,0.0,7.913122,,l_SW_C09_CORE_A_SW_FACTORY_CORE_A,477.875187,False,0cd2d39b9ab3999bdbbe7304a7051ca98a51d813131ec9fa7eee74407629483d,True,1918.524997,53522432,0.7731392962402981,True,77.869707,profiles/L_REDSTAR/l_SW_C09_CORE_A_SW_FACTORY_CORE_A.json,748d9cd1af80ec67624d4f2cfa43c9fddd63832978ff1c58f6d37a06a70be666,True,1,928,ed4224ea3a21d00c995d5a92b0da1666f9a53e2c7d06a887a4abd2a070677fde,L,L_REDSTAR,06bc7dbd25f0ff056bd5e5cd0e2f8633187875740d8f3384f00955c37cf05f0f,928,1.0,125.10811499999994,311910,7734505,0fc25c7a865d6399bf065dcaa95ac17fce335c5305aa39441cedf1df9d818b71,True,SUCCESS_H2S,False,REDSTAR,1483.287066,True,838.021809
8,SC_S1_C09_M01;SC_S2_C09_M01;SC_S3_C09_M01;SC_S4_C09_M01;SF_S1_C09_M01;SF_S2_C09_M01;SF_S3_C09_M01;SF_S4_C09_M01,0.008620689655172414,H2S,True,172,352.87084400000003,312294,7733924,False,0.0,7.997499,,l_SW_C09_CORE_B_SW_C09_M01_CTRL,476.235167,False,0cd2d39b9ab3999bdbbe7304a7051ca98a51d813131ec9fa7eee74407629483d,True,1918.524997,53530624,0.774552851447679,True,93.421169,profiles/L_REDSTAR/l_SW_C09_CORE_B_SW_C09_M01_CTRL.json,a07947064133862540c34ff03c559f88d3aea6b9a18821f664604f3d37879900,True,1,928,80788b50bb5966c264318c9d4df730052fb35871368fc4691728d700491a176b,L,L_REDSTAR,16b9b7173396f85400f8fc371feaeec15310dc1be976fb6b742cbce18c85f51e,928,1.0,123.36432299999996,311973,7733454,86081c4941b751cf164ff251b6889fb17dc38b0b6a206df93a6dfa8175df6221,True,SUCCESS_H2S,False,REDSTAR,1485.999007,True,828.285307
8,SC_S1_C09_M01;SC_S2_C09_M01;SC_S3_C09_M01;SC_S4_C09_M01;SF_S1_C09_M01;SF_S2_C09_M01;SF_S3_C09_M01;SF_S4_C09_M01,0.008620689655172414,H2S,True,173,352.24300400000004,312298,7733924,False,0.0,7.961057,,l_SW_C09_CORE_B_SW_C09_M01_SENS,469.111457,False,0cd2d39b9ab3999bdbbe7304a7051ca98a51d813131ec9fa7eee74407629483d,True,1918.524997,53526528,0.7600426730327351,True,60.809366,profiles/L_REDSTAR/l_SW_C09_CORE_B_SW_C09_M01_SENS.json,2c52b091ce1507a43f6f9ddc0870fb732605b72c31bf34eded826fd726ed908e,True,1,928,80788b50bb5966c264318c9d4df730052fb35871368fc4691728d700491a176b,L,L_REDSTAR,2627f51b5b27ac828dc9a2e835d5b47e4549fb29242a6da736c6d5113923bdc3,928,1.0,116.86845299999993,311973,7733454,86081c4941b751cf164ff251b6889fb17dc38b0b6a206df93a6dfa8175df6221,True,SUCCESS_H2S,False,REDSTAR,1458.160867,True,837.854507
8,SC_S1_C09_M02;SC_S2_C09_M02;SC_S3_C09_M02;SC_S4_C09_M02;SF_S1_C09_M02;SF_S2_C09_M02;SF_S3_C09_M02;SF_S4_C09_M02,0.008620689655172414,H2S,True,174,354.727065,312287,7733922,False,0.0,7.882452,,l_SW_C09_CORE_B_SW_C09_M02_CTRL,471.741739,False,0cd2d39b9ab3999bdbbe7304a7051ca98a51d813131ec9fa7eee74407629483d,True,1918.524997,53698560,0.744810594198372,True,58.851178,profiles/L_REDSTAR/l_SW_C09_CORE_B_SW_C09_M02_CTRL.json,bdc2bdc1e1c62ff8857627f1113c1f85ef288740e797e22f6a9f2e448d9ac929,True,1,928,8dab8497ab5fd8d5e21da0935600df431120506cc873d2e65ebe9eeb1f029b4a,L,L_REDSTAR,901a40bfea8296ea3a1949806878a6bf6d8527813c2f7afffea7d9283e5c4f06,928,1.0,117.01467400000001,311961,7733452,7985bf50a04c083da33e06ea446778e05804ae7b056dc0741c00750cd95ca598,True,SUCCESS_H2S,False,REDSTAR,1428.937743,True,810.019535
8,SC_S1_C09_M02;SC_S2_C09_M02;SC_S3_C09_M02;SC_S4_C09_M02;SF_S1_C09_M02;SF_S2_C09_M02;SF_S3_C09_M02;SF_S4_C09_M02,0.008620689655172414,H2S,True,175,350.19680600000004,312289,7733922,False,0.0,8.570941,,l_SW_C09_CORE_B_SW_C09_M02_SENS,468.067916,False,0cd2d39b9ab3999bdbbe7304a7051ca98a51d813131ec9fa7eee74407629483d,True,1918.524997,53694464,0.7611259536797164,True,88.11114,profiles/L_REDSTAR/l_SW_C09_CORE_B_SW_C09_M02_SENS.json,0c27e705fa44eb53a8938395feb38299668ee53f830912f9860278be7aae0b51,True,1,928,8dab8497ab5fd8d5e21da0935600df431120506cc873d2e65ebe9eeb1f029b4a,L,L_REDSTAR,3c4530c0c358bcebd9fe2ba61dd150168ac043e28f37067db669b47df5f40984,928,1.0,117.87110999999999,311961,7733452,7985bf50a04c083da33e06ea446778e05804ae7b056dc0741c00750cd95ca598,True,SUCCESS_H2S,False,REDSTAR,1460.239168,True,809.002664
8,SC_S1_C09_M03;SC_S2_C09_M03;SC_S3_C09_M03;SC_S4_C09_M03;SF_S1_C09_M03;SF_S2_C09_M03;SF_S3_C09_M03;SF_S4_C09_M03,0.008620689655172414,H2S,True,176,352.44201200000003,312299,7733926,False,0.0,8.329058,,l_SW_C09_CORE_B_SW_C09_M03_CTRL,476.235162,False,0cd2d39b9ab3999bdbbe7304a7051ca98a51d813131ec9fa7eee74407629483d,True,1918.524997,53694464,0.7442392339076727,True,57.489377,profiles/L_REDSTAR/l_SW_C09_CORE_B_SW_C09_M03_CTRL.json,63bbb1b090ca16386363c8458ea0b00d65963b7607b1bd23d7cfcc3f40990b8f,True,1,928,39ca8520f060e8722463622fb2455821e36f3619c28eccc376f879080d9b45cd,L,L_REDSTAR,23d3403263c07cb8eb217a877ac1ccd96d2685ed3635bdaf858052b20464ac7f,928,1.0,123.79314999999997,311976,7733456,60a015880db7a5bdb526dc9e9a042920f560520d31ca822649b05dc1226ef37c,True,SUCCESS_H2S,False,REDSTAR,1427.841574,True,805.3294
8,SC_S1_C09_M03;SC_S2_C09_M03;SC_S3_C09_M03;SC_S4_C09_M03;SF_S1_C09_M03;SF_S2_C09_M03;SF_S3_C09_M03;SF_S4_C09_M03,0.008620689655172414,H2S,True,177,351.18552800000003,312302,7733926,False,0.0,8.127335,,l_SW_C09_CORE_B_SW_C09_M03_SENS,473.953542,False,0cd2d39b9ab3999bdbbe7304a7051ca98a51d813131ec9fa7eee74407629483d,True,1918.524997,53534720,0.7700766580108312,True,58.855175,profiles/L_REDSTAR/l_SW_C09_CORE_B_SW_C09_M03_SENS.json,151f0ea180196245fe21e7a961f3e6074a35627028dce858c21feb8c68e98605,True,1,928,39ca8520f060e8722463622fb2455821e36f3619c28eccc376f879080d9b45cd,L,L_REDSTAR,0e114db0021fe8b52b1b208774b6fe2e43605296fc4a5fffde920ec809466f03,928,1.0,122.768014,311976,7733456,60a015880db7a5bdb526dc9e9a042920f560520d31ca822649b05dc1226ef37c,True,SUCCESS_H2S,False,REDSTAR,1477.411318,True,855.793897
8,SC_S1_C09_M04;SC_S2_C09_M04;SC_S3_C09_M04;SC_S4_C09_M04;SF_S1_C09_M04;SF_S2_C09_M04;SF_S3_C09_M04;SF_S4_C09_M04,0.008620689655172414,H2S,True,178,351.784399,312279,7733926,False,0.0,8.15209,,l_SW_C09_CORE_B_SW_C09_M04_CTRL,468.098145,False,0cd2d39b9ab3999bdbbe7304a7051ca98a51d813131ec9fa7eee74407629483d,True,1918.524997,53530624,0.7563821650847117,True,64.20565,profiles/L_REDSTAR/l_SW_C09_CORE_B_SW_C09_M04_CTRL.json,b7964c56cb2bb1093079b5c1c4f0bad47f54f47361b8033234f274dd343a08fb,True,1,928,a8b80cd87b7e2dc224f9119c6e3cf29ecd0cc01dcf07775aa77f6edff08320a1,L,L_REDSTAR,7702939afeb027f17c89a8d0e9436e921b9a3fc795d0418c0e96e681f4eb459c,928,1.0,116.31374599999998,311949,7733456,6a48695c27e4a3ae09dc9f777eb5aedb792fcbaea6d6d171785239cc77d62a9e,True,SUCCESS_H2S,False,REDSTAR,1451.138091,True,830.560447
8,SC_S1_C09_M04;SC_S2_C09_M04;SC_S3_C09_M04;SC_S4_C09_M04;SF_S1_C09_M04;SF_S2_C09_M04;SF_S3_C09_M04;SF_S4_C09_M04,0.008620689655172414,H2S,True,179,354.661916,312279,7733926,False,0.0,24.727976,,l_SW_C09_CORE_B_SW_C09_M04_SENS,471.3359,False,0cd2d39b9ab3999bdbbe7304a7051ca98a51d813131ec9fa7eee74407629483d,True,1918.524997,53686272,0.7667576603381624,True,57.271764,profiles/L_REDSTAR/l_SW_C09_CORE_B_SW_C09_M04_SENS.json,02204274ecd4a3bd2a403defd36e1b27cf30a83dc743a2fb922d6feb1ba9ead3,True,1,928,a8b80cd87b7e2dc224f9119c6e3cf29ecd0cc01dcf07775aa77f6edff08320a1,L,L_REDSTAR,b8fc3b2a0bace8f6f8eedd69338dd950c8d47e494186735da2c1ae864e3532f6,928,1.0,116.67398399999996,311949,7733456,6a48695c27e4a3ae09dc9f777eb5aedb792fcbaea6d6d171785239cc77d62a9e,True,SUCCESS_H2S,False,REDSTAR,1471.043738,True,836.037544
1,IC_PREV_CC_C10,0.0010775862068965517,H2S,True,180,350.921251,312197,7734511,False,0.0,8.137776,,l_SW_C09_CORE_B_SW_FACTORY_CORE_A,466.652458,False,0cd2d39b9ab3999bdbbe7304a7051ca98a51d813131ec9fa7eee74407629483d,True,1918.524997,53686272,0.7616257449263769,True,72.575099,profiles/L_REDSTAR/l_SW_C09_CORE_B_SW_FACTORY_CORE_A.json,071c0a72e5f574befa0fa21ae3d6d84a58ca91ff959e094563630c0b329dac6b,True,1,928,d7955e662e15d8ebef781b7e4adbe219367a7467a41e513514c673b52dce6d6b,L,L_REDSTAR,06f210e150e665620c66851aa22426b0e3ae99ff3de573a8626c95c402957e68,928,1.0,115.73120700000004,311878,7734146,a616a598cc2b5f9ba77eae4bb800a451cd69208d445818be1374348e7ee8a242,True,SUCCESS_H2S,False,REDSTAR,1461.19803,True,834.733336
10,COORD_CC_C10_PLC_C10_M01;COORD_CC_C10_PLC_C10_M02;COORD_CC_C10_PLC_C10_M03;COORD_CC_C10_PLC_C10_M04;IC_NEXT_CC_C10;IC_PREV_CC_C10;STAT_PLC_C10_M01;STAT_PLC_C10_M02;STAT_PLC_C10_M03;STAT_PLC_C10_M04,0.010775862068965518,H2S,True,181,351.342671,312181,7734042,False,0.0,8.083818,,l_SW_C10_CC_SW_C10_CORE_A,471.472967,False,0cd2d39b9ab3999bdbbe7304a7051ca98a51d813131ec9fa7eee74407629483d,True,1918.524997,53682176,0.7891218453589949,True,90.407024,profiles/L_REDSTAR/l_SW_C10_CC_SW_C10_CORE_A.json,4be9634973e43390b8f0417b4968f486b43844413a33331e119226ac1c729b37,True,1,928,7859a9e5462fe942b4ef8f85e9d6e91e08bbac4ac6912636e3ef9af7b050ebce,L,L_REDSTAR,ff89eaab244d543f13b58c6d5195b2f4f4428af656cc2b5a3d4723e21b247625,928,1.0,120.13029599999999,311830,7733500,15bd9496cde369c55dcb6e9885e691c807f53711b4e50aa349552a2be78cce6a,True,SUCCESS_H2S,False,REDSTAR,1513.949986,True,863.407933
2,IC_NEXT_CC_C09;IC_PREV_CC_C11,0.0021551724137931034,H2S,True,182,351.985046,312121,7733828,False,0.0,7.989009,,l_SW_C10_CC_SW_C10_CORE_B,473.996707,False,0cd2d39b9ab3999bdbbe7304a7051ca98a51d813131ec9fa7eee74407629483d,True,1918.524997,53694464,0.7489998020599155,True,58.375024,profiles/L_REDSTAR/l_SW_C10_CC_SW_C10_CORE_B.json,0eabb2f8a592344b7d8be4c28884c243ef3a37f04bc3484a03d62801d5eeaafe,True,1,928,834e3186cbf5f58c26d3375b428b1c0208c9722f64553afdc02c4cd1f7be37d6,L,L_REDSTAR,22800a97324ced637150d25661c4030195de6ab5c32eed570ad422ed322fa8d3,928,1.0,122.011661,311808,7733470,1c3ae2c36b019ca6c4215be0c72f1d7ee1769e1f10422edaf5af305aa6754c52,True,SUCCESS_H2S,False,REDSTAR,1436.974843,True,816.510939
4,CMD_PLC_C10_M01_A1_C10_M01;CMD_PLC_C10_M01_A2_C10_M01;CMD_PLC_C10_M01_A3_C10_M01;CMD_PLC_C10_M01_A4_C10_M01,0.004310344827586207,H2S,True,183,351.80084,312236,7734984,False,0.0,7.955743,,l_SW_C10_CORE_A_SW_C10_M01_ACT,476.37366,False,0cd2d39b9ab3999bdbbe7304a7051ca98a51d813131ec9fa7eee74407629483d,True,1918.524997,53686272,0.7663872810097141,True,58.848159,profiles/L_REDSTAR/l_SW_C10_CORE_A_SW_C10_M01_ACT.json,41e094a68b8c678f622144ceda11ba6870cecd70e70e41d29b68293ac45d3cb4,True,1,928,4eb07cc66222e31169447f3f68e93dc517987cc349515d28ca7a05bde97721c7,L,L_REDSTAR,abf385cb88210c19bdf7c2c0115b76e8f1038423817efaba9e67d39eb5f497d2,928,1.0,124.57281999999998,311915,7734529,fd46d7aadec4851f69c212825967c0811836c6acbc1f8f2691f046c483058902,True,SUCCESS_H2S,False,REDSTAR,1470.333156,True,848.704011
6,CMD_PLC_C10_M01_A1_C10_M01;CMD_PLC_C10_M01_A2_C10_M01;CMD_PLC_C10_M01_A3_C10_M01;CMD_PLC_C10_M01_A4_C10_M01;COORD_CC_C10_PLC_C10_M01;STAT_PLC_C10_M01,0.00646551724137931,H2S,True,184,351.673432,312307,7734666,False,0.0,8.023019,,l_SW_C10_CORE_A_SW_C10_M01_CTRL,477.642293,False,0cd2d39b9ab3999bdbbe7304a7051ca98a51d813131ec9fa7eee74407629483d,True,1918.524997,53534720,0.7715507138633336,True,69.921722,profiles/L_REDSTAR/l_SW_C10_CORE_A_SW_C10_M01_CTRL.json,7a501aa70369fcb0e7006a4d81817a7cbf69e007d96c233c0b920de5aee6a65a,True,1,928,847c0bb726c3422be52969044f8669206081bf0fdcb57fcb36596930fa6f4e04,L,L_REDSTAR,bf9bb035ea530060ba526fcb0848ebd6295ba3a6c4ea1b3bd49f13b7c9d4a8b5,928,1.0,125.968861,311963,7734162,843b003de3073bbb25f641a3a276569c194febdf50b7ee649f1e268c58d09dbf,True,SUCCESS_H2S,False,REDSTAR,1480.239331,True,846.554494
4,CMD_PLC_C10_M02_A1_C10_M02;CMD_PLC_C10_M02_A2_C10_M02;CMD_PLC_C10_M02_A3_C10_M02;CMD_PLC_C10_M02_A4_C10_M02,0.004310344827586207,H2S,True,185,350.68584000000004,312237,7734982,False,0.0,8.115652,,l_SW_C10_CORE_A_SW_C10_M02_ACT,464.721622,False,0cd2d39b9ab3999bdbbe7304a7051ca98a51d813131ec9fa7eee74407629483d,True,1918.524997,53682176,0.760910124331312,True,58.239579,profiles/L_REDSTAR/l_SW_C10_CORE_A_SW_C10_M02_ACT.json,0464111e2d8363d549b09f1426bc760b29f5b4c044bad68df1282a665fb62e8b,True,1,928,796e8cdb9a28c1aec8a918c40666bbc236041e5c292ca97695d41cd40a4fc480,L,L_REDSTAR,5c91b3d8548715aadd0717e319d450d6c2f087aefd8f14cfd19a6cf032ab557f,928,1.0,114.03578199999998,311904,7734527,9cbfb19d943008c8dccc9e003058682ed22be9f92a32b93b76c11066f05de9ea,True,SUCCESS_H2S,False,REDSTAR,1459.825094,True,848.236483
6,CMD_PLC_C10_M02_A1_C10_M02;CMD_PLC_C10_M02_A2_C10_M02;CMD_PLC_C10_M02_A3_C10_M02;CMD_PLC_C10_M02_A4_C10_M02;COORD_CC_C10_PLC_C10_M02;STAT_PLC_C10_M02,0.00646551724137931,H2S,True,186,353.196731,312317,7734656,False,0.0,8.031716,,l_SW_C10_CORE_A_SW_C10_M02_CTRL,471.369045,False,0cd2d39b9ab3999bdbbe7304a7051ca98a51d813131ec9fa7eee74407629483d,True,1918.524997,53534720,0.749754388527261,True,60.118616,profiles/L_REDSTAR/l_SW_C10_CORE_A_SW_C10_M02_CTRL.json,add8683f1ff903ce19d65d5825d54912c56386dc9b6fc2e49ea36c509635b4e2,True,1,928,ba598f0f141790db225dfd254a63675f4265415e560d4cc6222a51d5dc7df436,L,L_REDSTAR,f828554f87c5a44027f931c5a7aaf66edd756468611f04198bcff78500d30e67,928,1.0,118.17231400000003,311968,7734152,bf54dbfd587595f88f8c089c623f27c874aa7b5bead76c745b1e56056dc4bdbd,True,SUCCESS_H2S,False,REDSTAR,1438.422536,True,819.185007
4,CMD_PLC_C10_M03_A1_C10_M03;CMD_PLC_C10_M03_A2_C10_M03;CMD_PLC_C10_M03_A3_C10_M03;CMD_PLC_C10_M03_A4_C10_M03,0.004310344827586207,H2S,True,187,351.03613299999995,312250,7735016,False,0.0,8.288431,,l_SW_C10_CORE_A_SW_C10_M03_ACT,470.429256,False,0cd2d39b9ab3999bdbbe7304a7051ca98a51d813131ec9fa7eee74407629483d,True,1918.524997,53682176,0.7690938926035792,True,74.124675,profiles/L_REDSTAR/l_SW_C10_CORE_A_SW_C10_M03_ACT.json,7a21e1f9c93906a9175eed9140be62409ed5025110a648d82c8bf198540d6be7,True,1,928,16459ae34636bcb470626b039823c6a34358b84e2ab5a49791a42621c86e9a09,L,L_REDSTAR,ed2c3d18de25b008d1bfa20a2f319c0b7fe0d086ac967980642cc12e4b887e5d,928,1.0,119.39312300000006,311919,7734561,64664794b33111a2aaaccaa0779599ec3df152fd1c3a56903cb45bf3da550d9e,True,SUCCESS_H2S,False,REDSTAR,1475.525858,True,842.833443
6,CMD_PLC_C10_M03_A1_C10_M03;CMD_PLC_C10_M03_A2_C10_M03;CMD_PLC_C10_M03_A3_C10_M03;CMD_PLC_C10_M03_A4_C10_M03;COORD_CC_C10_PLC_C10_M03;STAT_PLC_C10_M03,0.00646551724137931,H2S,True,188,349.26744399999995,312303,7734688,False,0.0,8.351706,,l_SW_C10_CORE_A_SW_C10_M03_CTRL,470.746769,False,0cd2d39b9ab3999bdbbe7304a7051ca98a51d813131ec9fa7eee74407629483d,True,1918.524997,53530624,0.7636581614995762,True,81.973483,profiles/L_REDSTAR/l_SW_C10_CORE_A_SW_C10_M03_CTRL.json,83453335a458f2e4c5b6a0516ab843716156e1a135c769bd6add66744420e045,True,1,928,2d03f14bc3749aa3c47875b55b3d2aab5aee6cf9e4a6c446e741bac8d319c52e,L,L_REDSTAR,9be09074281f774b19def502880928b62d3f0d0aa649eb828245ac5af61fae83,928,1.0,121.47932500000002,311962,7734184,fb4d9c2296aa48825977f72a8817dabd6aea1764883124260610a58730e087a3,True,SUCCESS_H2S,False,REDSTAR,1465.097272,True,822.1624
4,CMD_PLC_C10_M04_A1_C10_M04;CMD_PLC_C10_M04_A2_C10_M04;CMD_PLC_C10_M04_A3_C10_M04;CMD_PLC_C10_M04_A4_C10_M04,0.004310344827586207,H2S,True,189,350.525321,312259,7734992,False,0.0,8.136794,,l_SW_C10_CORE_A_SW_C10_M04_ACT,470.944021,False,0cd2d39b9ab3999bdbbe7304a7051ca98a51d813131ec9fa7eee74407629483d,True,1918.524997,53690368,0.7743481165598802,True,58.473787,profiles/L_REDSTAR/l_SW_C10_CORE_A_SW_C10_M04_ACT.json,9775aba05e5dcb9facf7d1dcd12af4da410c7ac2b79bdf8e6645b1034d4110be,True,1,928,2898d0128e8db8fdf41af7f449129c68abae43aa78f41969801f9a47c6adff9e,L,L_REDSTAR,5433fc29383d6f205095e115466cd314ed7274e52049b01ac09557b629ba291b,928,1.0,120.4187,311933,7734537,df442c9657d87892d128f671d643648ce827fae1eec032167b9cd1a01ecc03f7,True,SUCCESS_H2S,False,REDSTAR,1485.606218,True,869.645746
6,CMD_PLC_C10_M04_A1_C10_M04;CMD_PLC_C10_M04_A2_C10_M04;CMD_PLC_C10_M04_A3_C10_M04;CMD_PLC_C10_M04_A4_C10_M04;COORD_CC_C10_PLC_C10_M04;STAT_PLC_C10_M04,0.00646551724137931,H2S,True,190,354.396123,312330,7734662,False,0.0,8.178048,,l_SW_C10_CORE_A_SW_C10_M04_CTRL,471.940898,False,0cd2d39b9ab3999bdbbe7304a7051ca98a51d813131ec9fa7eee74407629483d,True,1918.524997,53694464,0.7833420457643379,True,73.942655,profiles/L_REDSTAR/l_SW_C10_CORE_A_SW_C10_M04_CTRL.json,8626939bba3738a604b0a335fc2051bc88d477b3dbb8c4d834877113079bd8aa,True,1,928,b462e30acb35fb6b979928ccf72605eb35eb1380ce9a250fa434fc519110aed2,L,L_REDSTAR,42dfd6fec4032389078624c475acddc776d4ad7edb975666113bcb891f97b743,928,1.0,117.54477500000002,311983,7734158,ba8fc14ba0bf0e8c8e72b5a53eff8f9e05db5f7cc66ab75958d79f1b1ed51fb1,True,SUCCESS_H2S,False,REDSTAR,1502.861296,True,867.962246
2,IC_NEXT_CC_C10;IC_PREV_CC_C10,0.0021551724137931034,H2S,True,191,348.571927,312196,7734907,False,0.0,7.967301,,l_SW_C10_CORE_A_SW_FACTORY_CORE_A,465.581149,False,0cd2d39b9ab3999bdbbe7304a7051ca98a51d813131ec9fa7eee74407629483d,True,1918.524997,53665792,0.773868903622109,True,80.763097,profiles/L_REDSTAR/l_SW_C10_CORE_A_SW_FACTORY_CORE_A.json,569fd6e1b1f7d9b3ff45bed2519112bd96970cfc9e9232f88558a543cb6626f0,True,1,928,05232110f02a0555ec1e9d93ee67af50f335e8f1fc7f7fc2f42647061c14cf13,L,L_REDSTAR,19ad1273bfd7c28a1a830d8928a589700ee581961a73353e14441ec1b3267dc4,928,1.0,117.00922199999997,311868,7734525,9d7bf5e4a72bc1e5ef961d3a76d843fbe1140d79dc6c5f89158f015ae86a4fe4,True,SUCCESS_H2S,False,REDSTAR,1484.686836,True,843.422577
8,SC_S1_C10_M01;SC_S2_C10_M01;SC_S3_C10_M01;SC_S4_C10_M01;SF_S1_C10_M01;SF_S2_C10_M01;SF_S3_C10_M01;SF_S4_C10_M01,0.008620689655172414,H2S,True,192,351.61161699999997,312290,7733922,False,0.0,8.139679,,l_SW_C10_CORE_B_SW_C10_M01_CTRL,467.535058,False,0cd2d39b9ab3999bdbbe7304a7051ca98a51d813131ec9fa7eee74407629483d,True,1918.524997,53694464,0.7483416438383784,True,59.339388,profiles/L_REDSTAR/l_SW_C10_CORE_B_SW_C10_M01_CTRL.json,28a6f8af23acb320a57529864dbed7384134edf7b414ba0f4a36d60a88bd9fd6,True,1,928,d3b3d1f68df2b2b4c2e3919d198fce053f2e9cc21b112f05350fda459a55fc07,L,L_REDSTAR,6eaa4b466bba603ba995bc7d753d8e43012f6828a1f9ac8843bc96db7a7a540b,928,1.0,115.92344100000003,311969,7733452,ad294677d47d499c4d9ac19fa074b946a3d825a426877ca25c8932c0fd9ea147,True,SUCCESS_H2S,False,REDSTAR,1435.71215,True,820.730106
8,SC_S1_C10_M01;SC_S2_C10_M01;SC_S3_C10_M01;SC_S4_C10_M01;SF_S1_C10_M01;SF_S2_C10_M01;SF_S3_C10_M01;SF_S4_C10_M01,0.008620689655172414,H2S,True,193,352.99409399999996,312292,7733922,False,0.0,7.975113,,l_SW_C10_CORE_B_SW_C10_M01_SENS,471.150352,False,0cd2d39b9ab3999bdbbe7304a7051ca98a51d813131ec9fa7eee74407629483d,True,1918.524997,53526528,0.763383189841232,True,73.598188,profiles/L_REDSTAR/l_SW_C10_CORE_B_SW_C10_M01_SENS.json,efcce6c3aa80236ee009450a46f3b26921d2f4e23d1eda458a5931e493a3ad6c,True,1,928,d3b3d1f68df2b2b4c2e3919d198fce053f2e9cc21b112f05350fda459a55fc07,L,L_REDSTAR,9768608e2b793c0f18dbe24486fe2f2abb19e11a38f8cef1e6847587321983b9,928,1.0,118.15625800000004,311969,7733452,ad294677d47d499c4d9ac19fa074b946a3d825a426877ca25c8932c0fd9ea147,True,SUCCESS_H2S,False,REDSTAR,1464.569732,True,830.288569
8,SC_S1_C10_M02;SC_S2_C10_M02;SC_S3_C10_M02;SC_S4_C10_M02;SF_S1_C10_M02;SF_S2_C10_M02;SF_S3_C10_M02;SF_S4_C10_M02,0.008620689655172414,H2S,True,194,354.066846,312294,7733922,False,0.0,7.908926,,l_SW_C10_CORE_B_SW_C10_M02_CTRL,476.268853,False,0cd2d39b9ab3999bdbbe7304a7051ca98a51d813131ec9fa7eee74407629483d,True,1918.524997,53690368,0.77457361844319,True,91.645334,profiles/L_REDSTAR/l_SW_C10_CORE_B_SW_C10_M02_CTRL.json,f16e92b368d00aef839b21332eaa35a5cf19594780ad9cfece4985dd6c545b31,True,1,928,a3df25ecfd17700551f4f57d72a3bb982e7dc7f46904abd1436a3597401e115e,L,L_REDSTAR,7552fdf240f8b34b111bbc9069e0212ee8b876f3ab231ae7f0bd8a0f8dc25bd8,928,1.0,122.20200699999998,311964,7733452,eedb751f22ebbaaf5e411282cc25bc24ec2628ebd961e16197b15d308e9c53c7,True,SUCCESS_H2S,False,REDSTAR,1486.038849,True,830.072326
8,SC_S1_C10_M02;SC_S2_C10_M02;SC_S3_C10_M02;SC_S4_C10_M02;SF_S1_C10_M02;SF_S2_C10_M02;SF_S3_C10_M02;SF_S4_C10_M02,0.008620689655172414,H2S,True,195,350.40914200000003,312296,7733922,False,0.0,8.21884,,l_SW_C10_CORE_B_SW_C10_M02_SENS,472.677668,False,0cd2d39b9ab3999bdbbe7304a7051ca98a51d813131ec9fa7eee74407629483d,True,1918.524997,53526528,0.7466838374480663,True,59.127511,profiles/L_REDSTAR/l_SW_C10_CORE_B_SW_C10_M02_SENS.json,51b05c0dd578407b5d6c940eeeaa5436c10defc0756d9cc009383e8c2bfc940d,True,1,928,a3df25ecfd17700551f4f57d72a3bb982e7dc7f46904abd1436a3597401e115e,L,L_REDSTAR,6806bc441cd689f838261336df997b63dc26568c1e4e6f14d8d4803e9f2242c2,928,1.0,122.26852599999995,311964,7733452,eedb751f22ebbaaf5e411282cc25bc24ec2628ebd961e16197b15d308e9c53c7,True,SUCCESS_H2S,False,REDSTAR,1432.531607,True,810.991753
8,SC_S1_C10_M03;SC_S2_C10_M03;SC_S3_C10_M03;SC_S4_C10_M03;SF_S1_C10_M03;SF_S2_C10_M03;SF_S3_C10_M03;SF_S4_C10_M03,0.008620689655172414,H2S,True,196,352.18282,312297,7733926,False,0.0,7.950547,,l_SW_C10_CORE_B_SW_C10_M03_CTRL,467.760902,False,0cd2d39b9ab3999bdbbe7304a7051ca98a51d813131ec9fa7eee74407629483d,True,1918.524997,53694464,0.7592578727291922,True,58.93299,profiles/L_REDSTAR/l_SW_C10_CORE_B_SW_C10_M03_CTRL.json,cb23eefa5c45c1b7b557b6017fe9e001ca78eeb12478c7b24d34c5de832b7532,True,1,928,99ea99469c08a9bddfeeaf85c3ce4e50458b9046a4038504ae48493c890a73ab,L,L_REDSTAR,f1729584cf1de48068dc2715595db0bdf3aa65bfd6f2938941207b94e67e4639,928,1.0,115.578082,311981,7733456,40b0a5bc26f1d884f6a51f1007592b32ee23423397ff2c4866e18e934c475022,True,SUCCESS_H2S,False,REDSTAR,1456.655208,True,840.037928
8,SC_S1_C10_M03;SC_S2_C10_M03;SC_S3_C10_M03;SC_S4_C10_M03;SF_S1_C10_M03;SF_S2_C10_M03;SF_S3_C10_M03;SF_S4_C10_M03,0.008620689655172414,H2S,True,197,354.91351399999996,312298,7733926,False,0.0,8.053098,,l_SW_C10_CORE_B_SW_C10_M03_SENS,472.089334,False,0cd2d39b9ab3999bdbbe7304a7051ca98a51d813131ec9fa7eee74407629483d,True,1918.524997,53530624,0.7689435427251824,True,84.663063,profiles/L_REDSTAR/l_SW_C10_CORE_B_SW_C10_M03_SENS.json,a051cceb5b9b4035ce978cc060eca5541dec651c9026ad47fa45c6cf4b0f371f,True,1,928,99ea99469c08a9bddfeeaf85c3ce4e50458b9046a4038504ae48493c890a73ab,L,L_REDSTAR,d976c2d04986daa970d82fe95a7628f657d8766551f5e059258abd6c2c1e6e64,928,1.0,117.17582000000004,311981,7733456,40b0a5bc26f1d884f6a51f1007592b32ee23423397ff2c4866e18e934c475022,True,SUCCESS_H2S,False,REDSTAR,1475.237408,True,817.350651
8,SC_S1_C10_M04;SC_S2_C10_M04;SC_S3_C10_M04;SC_S4_C10_M04;SF_S1_C10_M04;SF_S2_C10_M04;SF_S3_C10_M04;SF_S4_C10_M04,0.008620689655172414,H2S,True,198,354.507233,312276,7733926,False,0.0,7.994234,,l_SW_C10_CORE_B_SW_C10_M04_CTRL,473.988443,False,0cd2d39b9ab3999bdbbe7304a7051ca98a51d813131ec9fa7eee74407629483d,True,1918.524997,53694464,0.757746425130368,True,59.905107,profiles/L_REDSTAR/l_SW_C10_CORE_B_SW_C10_M04_CTRL.json,cee9d4b07f9c4815ea0d489a61801cfe72ebf967856210fda0f0a25ad5489572,True,1,928,3fdf2143d4efe2f4e4cf9431b8fb0d2eb13d2bca41590a5a44a40ee89f344420,L,L_REDSTAR,2a6a6640d9da7ea404525d07546b275d588e2d499797977e5126fd7e25280873,928,1.0,119.48121000000003,311946,7733456,5483fd66bfeb2cf87ef05bee67666e5b4ff34f2b79d78563b88891f9ac68a56e,True,SUCCESS_H2S,False,REDSTAR,1453.755458,True,830.527464
8,SC_S1_C10_M04;SC_S2_C10_M04;SC_S3_C10_M04;SC_S4_C10_M04;SF_S1_C10_M04;SF_S2_C10_M04;SF_S3_C10_M04;SF_S4_C10_M04,0.008620689655172414,H2S,True,199,358.042606,312279,7733926,False,0.0,8.250396,,l_SW_C10_CORE_B_SW_C10_M04_SENS,475.906289,False,0cd2d39b9ab3999bdbbe7304a7051ca98a51d813131ec9fa7eee74407629483d,True,1918.524997,53694464,0.755400398361346,True,59.41029,profiles/L_REDSTAR/l_SW_C10_CORE_B_SW_C10_M04_SENS.json,58bf9fa6fe8fc16a86e1754135573b1dd7debe038a955eaebd36852dfdebd178,True,1,928,3fdf2143d4efe2f4e4cf9431b8fb0d2eb13d2bca41590a5a44a40ee89f344420,L,L_REDSTAR,d63f07fc0c051978a438606afed6d43ab26f2df868dcea9dc306ed9c94bf6c5b,928,1.0,117.86368300000004,311946,7733456,5483fd66bfeb2cf87ef05bee67666e5b4ff34f2b79d78563b88891f9ac68a56e,True,SUCCESS_H2S,False,REDSTAR,1449.254547,True,823.233893
2,IC_NEXT_CC_C09;IC_PREV_CC_C11,0.0021551724137931034,H2S,True,200,351.398128,312230,7734885,False,0.0,8.098546,,l_SW_C10_CORE_B_SW_FACTORY_CORE_A,476.228026,False,0cd2d39b9ab3999bdbbe7304a7051ca98a51d813131ec9fa7eee74407629483d,True,1918.524997,53518336,0.7733614022856539,True,76.221354,profiles/L_REDSTAR/l_SW_C10_CORE_B_SW_FACTORY_CORE_A.json,3122425e4da110578dc3e6e13045c6724e10f698eb79f11e6ae460c951d3617a,True,1,928,15b72637f6474ff659c6be661a4f71732c2e74364c2412c4f0481208b44966c9,L,L_REDSTAR,41b73ced449b78f64fa6594bd7052fc97976112694ba0eac6c6af2f3fcaaa18a,928,1.0,124.82989800000001,311891,7734503,510fcaedacacb4c2ba1a2c7bcea78b80f01cf4bd8eb210695fcfdf2b1c7d32ba,True,SUCCESS_H2S,False,REDSTAR,1483.713182,True,841.332523
10,COORD_CC_C11_PLC_C11_M01;COORD_CC_C11_PLC_C11_M02;COORD_CC_C11_PLC_C11_M03;COORD_CC_C11_PLC_C11_M04;IC_NEXT_CC_C11;IC_PREV_CC_C11;STAT_PLC_C11_M01;STAT_PLC_C11_M02;STAT_PLC_C11_M03;STAT_PLC_C11_M04,0.010775862068965518,H2S,True,201,348.777399,312221,7734020,False,0.0,8.364456,,l_SW_C11_CC_SW_C11_CORE_A,472.381329,False,0cd2d39b9ab3999bdbbe7304a7051ca98a51d813131ec9fa7eee74407629483d,True,1918.524997,53682176,0.7848295463204746,True,59.848924,profiles/L_REDSTAR/l_SW_C11_CC_SW_C11_CORE_A.json,fc1380383ba3471d9c27aeb7312ae04785097d4cef785fa98ca3910077258005,True,1,928,e39ffa2602558ce25f0dc5f496f9f067225f6733e160ffe7313c37599e91bae4,L,L_REDSTAR,b9ad9bc384bc73a957ba7f6b815e59b5d37c98f3a62939db80f79ae9555a2e79,928,1.0,123.60392999999999,311877,7733478,e50bd7792b8431a0c3b618501d24b835df0045e21c81b34f6fb7868047566d22,True,SUCCESS_H2S,False,REDSTAR,1505.715103,True,883.231532
2,IC_NEXT_CC_C10;IC_PREV_CC_C12,0.0021551724137931034,H2S,True,202,349.122231,312130,7733826,False,0.0,8.049031,,l_SW_C11_CC_SW_C11_CORE_B,472.446514,False,0cd2d39b9ab3999bdbbe7304a7051ca98a51d813131ec9fa7eee74407629483d,True,1918.524997,53641216,0.7833650008991778,True,73.095196,profiles/L_REDSTAR/l_SW_C11_CC_SW_C11_CORE_B.json,dd84c8374924ee9ed2d31bf08112fd5eb2210a32c9310ce07677b3a59dc60298,True,1,928,273a5e2ffca3996d9db11655af55b41dfb175557c52e32fe1a6d5b969f49a0a5,L,L_REDSTAR,f63064bcd4c1a9eca18552d12f6bfc805972bb961175f1504560a9d903094ffb,928,1.0,123.32428299999998,311819,7733468,a412c87a6983ea37aef566d021f6c4fe00f06288af4ff2f23562deb5dde30d19,True,SUCCESS_H2S,False,REDSTAR,1502.905336,True,869.13181
4,CMD_PLC_C11_M01_A1_C11_M01;CMD_PLC_C11_M01_A2_C11_M01;CMD_PLC_C11_M01_A3_C11_M01;CMD_PLC_C11_M01_A4_C11_M01,0.004310344827586207,H2S,True,203,354.802299,312249,7735347,False,0.0,8.213647,,l_SW_C11_CORE_A_SW_C11_M01_ACT,476.71737,False,0cd2d39b9ab3999bdbbe7304a7051ca98a51d813131ec9fa7eee74407629483d,True,1918.524997,53686272,0.7736330265807843,True,93.247604,profiles/L_REDSTAR/l_SW_C11_CORE_A_SW_C11_M01_ACT.json,e0ed9d85f4a746a31eca38fa6062cd5b08d0833b33df7b0725c5211ad2243e5b,True,1,928,1bdcf64d15ccc4e90e1cd3a101ddc04717c95648d75934256e5863bbfcb69861,L,L_REDSTAR,22c8ed72518e38c4b0b5398c1017071ce2743c8386e874033bf983b1bb03573e,928,1.0,121.91507100000001,311918,7734892,e0bb0a9630c41d79edaa8ce29b8abe599cae2b153082f5b532ec8aaef35a4ace,True,SUCCESS_H2S,False,REDSTAR,1484.2343,True,824.150622
6,CMD_PLC_C11_M01_A1_C11_M01;CMD_PLC_C11_M01_A2_C11_M01;CMD_PLC_C11_M01_A3_C11_M01;CMD_PLC_C11_M01_A4_C11_M01;COORD_CC_C11_PLC_C11_M01;STAT_PLC_C11_M01,0.00646551724137931,H2S,True,204,348.606675,312331,7735161,False,0.0,8.071299,,l_SW_C11_CORE_A_SW_C11_M01_CTRL,467.953791,False,0cd2d39b9ab3999bdbbe7304a7051ca98a51d813131ec9fa7eee74407629483d,True,1918.524997,53694464,0.7465193923663013,True,60.917264,profiles/L_REDSTAR/l_SW_C11_CORE_A_SW_C11_M01_CTRL.json,5f492bb600b7deac1cdfd4673309c1278cb60891751c0b64368a15d60577843c,True,1,928,0af7d1a052d9fbe8ebac6d7957b8c345a646c77f5d19d6d10f0937b27dcd4428,L,L_REDSTAR,00f9cd0528536125f3865ad64f5d4b81e755e5cb650711d63415d902a617c778,928,1.0,119.34711600000003,311988,7734657,10ac0881f968d6ab1635ff12b4ae330ec27c14db28dabcb9059fe4f4abc929b8,True,SUCCESS_H2S,False,REDSTAR,1432.216115,True,814.540507
4,CMD_PLC_C11_M02_A1_C11_M02;CMD_PLC_C11_M02_A2_C11_M02;CMD_PLC_C11_M02_A3_C11_M02;CMD_PLC_C11_M02_A4_C11_M02,0.004310344827586207,H2S,True,205,354.92242200000004,312243,7735355,False,0.0,8.348207,,l_SW_C11_CORE_A_SW_C11_M02_ACT,469.849963,False,0cd2d39b9ab3999bdbbe7304a7051ca98a51d813131ec9fa7eee74407629483d,True,1918.524997,53522432,0.7794267848155643,True,59.938097,profiles/L_REDSTAR/l_SW_C11_CORE_A_SW_C11_M02_ACT.json,1ac02b346a7fb367d86d872e47de3284e5a3971f6218a4c9f46e55f596257874,True,1,928,f8a092e09e9d937560c3bc804ca044346116267bab51b89e6c4dfdd81e27698e,L,L_REDSTAR,2eb17ecdd88d83b21b404d879e86c233c27d2c6bccf47cb41d1cad8902d54e6c,928,1.0,114.92754099999996,311916,7734900,3dbc206f35ad1e4be68cd57269b386b76ccfe9ecc141a9e1f4f450e4ee4903b8,True,SUCCESS_H2S,False,REDSTAR,1495.34977,True,876.404126
6,CMD_PLC_C11_M02_A1_C11_M02;CMD_PLC_C11_M02_A2_C11_M02;CMD_PLC_C11_M02_A3_C11_M02;CMD_PLC_C11_M02_A4_C11_M02;COORD_CC_C11_PLC_C11_M02;STAT_PLC_C11_M02,0.00646551724137931,H2S,True,206,350.107027,312319,7735017,False,0.0,8.434609,,l_SW_C11_CORE_A_SW_C11_M02_CTRL,467.774,False,0cd2d39b9ab3999bdbbe7304a7051ca98a51d813131ec9fa7eee74407629483d,True,1918.524997,53690368,0.7840125812027666,True,89.033575,profiles/L_REDSTAR/l_SW_C11_CORE_A_SW_C11_M02_CTRL.json,40af15254c3201893a2fca24987be9b09877be4125461b091f103a0c7c9a25be,True,1,928,25685cc3b6b4166bf189a245157478961227e266b8a88c456a6f30e5e0e71f03,L,L_REDSTAR,0f808d85779897df7b321efc47716cad03dc841c182c1428ee2bebd44e3eb5e5,928,1.0,117.66697299999998,311981,7734513,814c7ae7ad1957289160b643525dbf28b041727975c522a7ddc1b588ab4c628e,True,SUCCESS_H2S,False,REDSTAR,1504.147735,True,851.537498
4,CMD_PLC_C11_M03_A1_C11_M03;CMD_PLC_C11_M03_A2_C11_M03;CMD_PLC_C11_M03_A3_C11_M03;CMD_PLC_C11_M03_A4_C11_M03,0.004310344827586207,H2S,True,207,354.282922,312252,7735347,False,0.0,7.96841,,l_SW_C11_CORE_A_SW_C11_M03_ACT,471.345353,False,0cd2d39b9ab3999bdbbe7304a7051ca98a51d813131ec9fa7eee74407629483d,True,1918.524997,53690368,0.7755267673481347,True,58.382948,profiles/L_REDSTAR/l_SW_C11_CORE_A_SW_C11_M03_ACT.json,80ba5ea70ffafbb0f5b4f5c6ebc7ba5fb778f1dd5b225b058113e4e6d52fa330,True,1,928,59d3a2ef7e5ae668d42241377cd13b45a7340d5ae0bd416dd453466b489f12cb,L,L_REDSTAR,9953c6a6995580d28675e748d929b6b6a99a762a35aeda11279e3993d8813af9,928,1.0,117.062431,311927,7734892,43b551e3444a06b119c25b67dab03b53c5189cb7187fcaecbc7d6224913c4517,True,SUCCESS_H2S,False,REDSTAR,1487.867489,True,868.799082
6,CMD_PLC_C11_M03_A1_C11_M03;CMD_PLC_C11_M03_A2_C11_M03;CMD_PLC_C11_M03_A3_C11_M03;CMD_PLC_C11_M03_A4_C11_M03;COORD_CC_C11_PLC_C11_M03;STAT_PLC_C11_M03,0.00646551724137931,H2S,True,208,351.416192,312331,7735157,False,0.0,8.322388,,l_SW_C11_CORE_A_SW_C11_M03_CTRL,468.488871,False,0cd2d39b9ab3999bdbbe7304a7051ca98a51d813131ec9fa7eee74407629483d,True,1918.524997,53530624,0.7660260753954616,True,58.986134,profiles/L_REDSTAR/l_SW_C11_CORE_A_SW_C11_M03_CTRL.json,b23c65ebaff03584e185f5af315316254d3e0663984a32a033a6600e233396f7,True,1,928,e50fab6b380af6562612d6979ade3afa118f3e1d4952dca786ff1be0deb11bc6,L,L_REDSTAR,3d69b0ed70e238a8edaee5eb5916474ffdd551d257597ed73de3524997f2de08,928,1.0,117.072679,311991,7734653,8487f7424440ea2da2c56c45230ff757d5ba35d1378f9f0169f0964e34db7343,True,SUCCESS_H2S,False,REDSTAR,1469.640174,True,852.09136
4,CMD_PLC_C11_M04_A1_C11_M04;CMD_PLC_C11_M04_A2_C11_M04;CMD_PLC_C11_M04_A3_C11_M04;CMD_PLC_C11_M04_A4_C11_M04,0.004310344827586207,H2S,True,209,350.931147,312275,7735347,False,0.0,8.519263,,l_SW_C11_CORE_A_SW_C11_M04_ACT,472.10399,False,0cd2d39b9ab3999bdbbe7304a7051ca98a51d813131ec9fa7eee74407629483d,True,1918.524997,53690368,0.7678028085656472,True,66.75855,profiles/L_REDSTAR/l_SW_C11_CORE_A_SW_C11_M04_ACT.json,c20c3ae9ac699677a3fc1a849cd1427c532bc6d4b997275cbf8c439fbde3c239,True,1,928,a4e2e3d592998b4948fb10448beae03b9554652b87fafc59816f17c0e48ecc40,L,L_REDSTAR,00afd19b62387c4419b997b446f08892ce59bf64b00fc92ae14c83567101c01b,928,1.0,121.172843,311950,7734892,3540b874dfa110e8f228bcb2172a40ca003153d8d72ca1a220d7cf4b3e6024a5,True,SUCCESS_H2S,False,REDSTAR,1473.048881,True,845.230143
6,CMD_PLC_C11_M04_A1_C11_M04;CMD_PLC_C11_M04_A2_C11_M04;CMD_PLC_C11_M04_A3_C11_M04;CMD_PLC_C11_M04_A4_C11_M04;COORD_CC_C11_PLC_C11_M04;STAT_PLC_C11_M04,0.00646551724137931,H2S,True,210,350.931312,312341,7735017,False,0.0,25.753207,,l_SW_C11_CORE_A_SW_C11_M04_CTRL,473.480801,False,0cd2d39b9ab3999bdbbe7304a7051ca98a51d813131ec9fa7eee74407629483d,True,1918.524997,53694464,0.7693847671039754,True,61.876653,profiles/L_REDSTAR/l_SW_C11_CORE_A_SW_C11_M04_CTRL.json,6df75a1e8107c8e139cb903c1dca71db975d4b6fd32037d11702830a12f83bf5,True,1,928,8d820c1036f69b1aed7ac0c6aa0ee8c36344faa3b99347c2c4d8055e9bdaca87,L,L_REDSTAR,c095c7b6a0b3bce34cf3278fc1ce61de41f446690708d0b5ed6466c24e6bdbe6,928,1.0,122.549489,312002,7734513,d698199884327ac0f91f224f3c258b345954e1bb3af51f5a5f90283b52d2c99b,True,SUCCESS_H2S,False,REDSTAR,1476.083908,True,833.98799
2,IC_NEXT_CC_C11;IC_PREV_CC_C11,0.0021551724137931034,H2S,True,211,352.346434,312216,7735266,False,0.0,8.074103,,l_SW_C11_CORE_A_SW_FACTORY_CORE_A,471.583032,False,0cd2d39b9ab3999bdbbe7304a7051ca98a51d813131ec9fa7eee74407629483d,True,1918.524997,53686272,0.7725645124862556,True,74.861123,profiles/L_REDSTAR/l_SW_C11_CORE_A_SW_FACTORY_CORE_A.json,e9e247d56981b6bc822269a8b52ab664640e4db7be9226098c977d19a9012bbe,True,1,928,c8f84e4e59828ca99939a2655753cbe4c6a677a9995af6effe9de1c667a722ba,L,L_REDSTAR,23bd97d41c85147c4893ea302345c3d758ff24aed66f63871b5aecde1c061d3b,928,1.0,119.23659800000001,311897,7734884,cdb5579d35bc8590c1996b71f6bf3fa32c423455e32203bce87d258b8fab4146,True,SUCCESS_H2S,False,REDSTAR,1482.184329,True,847.585339
8,SC_S1_C11_M01;SC_S2_C11_M01;SC_S3_C11_M01;SC_S4_C11_M01;SF_S1_C11_M01;SF_S2_C11_M01;SF_S3_C11_M01;SF_S4_C11_M01,0.008620689655172414,H2S,True,212,349.35032,312308,7733926,False,0.0,8.185908,,l_SW_C11_CORE_B_SW_C11_M01_CTRL,468.319195,False,0cd2d39b9ab3999bdbbe7304a7051ca98a51d813131ec9fa7eee74407629483d,True,1918.524997,53530624,0.7884812443754674,True,93.751971,profiles/L_REDSTAR/l_SW_C11_CORE_B_SW_C11_M01_CTRL.json,b404c67428d96ab381f2496ee931d0d4ebb0c7c437ee458086d1c64a68df69b9,True,1,928,676651f679a495008f0c743c4360ed7d230f5f39db13f54adf8720201cfc8559,L,L_REDSTAR,bcaf91775d8671086a7d6174c9e3b7b208bcd6aa002af0e3efc451e03396779f,928,1.0,118.96887499999997,311985,7733456,71b279131ba3d92960c282f3b37ce9a2de24c6bd023723aba742fcb32db4e82e,True,SUCCESS_H2S,False,REDSTAR,1512.720977,True,861.615408
8,SC_S1_C11_M01;SC_S2_C11_M01;SC_S3_C11_M01;SC_S4_C11_M01;SF_S1_C11_M01;SF_S2_C11_M01;SF_S3_C11_M01;SF_S4_C11_M01,0.008620689655172414,H2S,True,213,355.437067,312311,7733926,False,0.0,8.404435,,l_SW_C11_CORE_B_SW_C11_M01_SENS,482.679856,False,0cd2d39b9ab3999bdbbe7304a7051ca98a51d813131ec9fa7eee74407629483d,True,1918.524997,53690368,0.7514549694449459,True,59.590922,profiles/L_REDSTAR/l_SW_C11_CORE_B_SW_C11_M01_SENS.json,bea01eb824bf7cbce931bfa212b33062f8137281233405b300557fc8f37b7497,True,1,928,676651f679a495008f0c743c4360ed7d230f5f39db13f54adf8720201cfc8559,L,L_REDSTAR,db54238f31a35c35367f3c0c225d52aba7c3e64f540de08be0e595487b86f68c,928,1.0,127.24278899999996,311985,7733456,71b279131ba3d92960c282f3b37ce9a2de24c6bd023723aba742fcb32db4e82e,True,SUCCESS_H2S,False,REDSTAR,1441.685143,True,809.775714
8,SC_S1_C11_M02;SC_S2_C11_M02;SC_S3_C11_M02;SC_S4_C11_M02;SF_S1_C11_M02;SF_S2_C11_M02;SF_S3_C11_M02;SF_S4_C11_M02,0.008620689655172414,H2S,True,214,352.485344,312306,7733930,False,0.0,7.965224,,l_SW_C11_CORE_B_SW_C11_M02_CTRL,468.766869,False,0cd2d39b9ab3999bdbbe7304a7051ca98a51d813131ec9fa7eee74407629483d,True,1918.524997,53526528,0.7529747036181046,True,58.156296,profiles/L_REDSTAR/l_SW_C11_CORE_B_SW_C11_M02_CTRL.json,fd412077d9f7f42200a36d76780a3cbf3ff43b17bada18e16d1ef5d67c7948e4,True,1,928,97d79e75370ce429b136c8430be2b667ae3562b87b358d73653bdc8b5c8457dc,L,L_REDSTAR,55ff0187bc4d6fdc0e0f0099d8d754ece00e8df5f920abe6f992caf98967258f,928,1.0,116.28152499999999,311973,7733460,52cdb9ec9dbdd60cadd1a1d1557c3fb7cdcbc0d0665c8dd046b25923c9a7f34b,True,SUCCESS_H2S,False,REDSTAR,1444.600791,True,830.26132
8,SC_S1_C11_M02;SC_S2_C11_M02;SC_S3_C11_M02;SC_S4_C11_M02;SF_S1_C11_M02;SF_S2_C11_M02;SF_S3_C11_M02;SF_S4_C11_M02,0.008620689655172414,H2S,True,215,353.374051,312306,7733930,False,0.0,8.455478,,l_SW_C11_CORE_B_SW_C11_M02_SENS,470.931007,False,0cd2d39b9ab3999bdbbe7304a7051ca98a51d813131ec9fa7eee74407629483d,True,1918.524997,53526528,0.7635620162837002,True,69.795968,profiles/L_REDSTAR/l_SW_C11_CORE_B_SW_C11_M02_SENS.json,5a94d915e08077ce37161361883349a704bc70ce804f28c8271d40e29f957af1,True,1,928,97d79e75370ce429b136c8430be2b667ae3562b87b358d73653bdc8b5c8457dc,L,L_REDSTAR,387d3a7dc1c2fc3f47c658db1774a206883bd27d4bef55818ad5a39834a54b13,928,1.0,117.55695600000001,311973,7733460,52cdb9ec9dbdd60cadd1a1d1557c3fb7cdcbc0d0665c8dd046b25923c9a7f34b,True,SUCCESS_H2S,False,REDSTAR,1464.912815,True,835.243988
8,SC_S1_C11_M03;SC_S2_C11_M03;SC_S3_C11_M03;SC_S4_C11_M03;SF_S1_C11_M03;SF_S2_C11_M03;SF_S3_C11_M03;SF_S4_C11_M03,0.008620689655172414,H2S,True,216,350.357452,312300,7733924,False,0.0,8.17332,,l_SW_C11_CORE_B_SW_C11_M03_CTRL,469.686877,False,0cd2d39b9ab3999bdbbe7304a7051ca98a51d813131ec9fa7eee74407629483d,True,1918.524997,53526528,0.7558598127559346,True,59.169414,profiles/L_REDSTAR/l_SW_C11_CORE_B_SW_C11_M03_CTRL.json,bece6f73bb0280c0f6c7f66492f10a7c6bd7e70063acd34c401de3189420c64b,True,1,928,89a44656f5afd7db6d4ffe6256508681186d8ba63be2ffd13a9de86ef8201a78,L,L_REDSTAR,953728267814526b15fca95d636220056b8cb38fd80c548a9a231470a45c3ad6,928,1.0,119.32942499999996,311985,7733454,f3999752722284bc2f625f4612836ee6a23d048d99392bdc36164f266b3e61c9,True,SUCCESS_H2S,False,REDSTAR,1450.135945,True,832.954684
8,SC_S1_C11_M03;SC_S2_C11_M03;SC_S3_C11_M03;SC_S4_C11_M03;SF_S1_C11_M03;SF_S2_C11_M03;SF_S3_C11_M03;SF_S4_C11_M03,0.008620689655172414,H2S,True,217,353.190432,312303,7733924,False,0.0,7.985524,,l_SW_C11_CORE_B_SW_C11_M03_SENS,471.405302,False,0cd2d39b9ab3999bdbbe7304a7051ca98a51d813131ec9fa7eee74407629483d,True,1918.524997,53690368,0.7502956543442942,True,57.356816,profiles/L_REDSTAR/l_SW_C11_CORE_B_SW_C11_M03_SENS.json,1a1370767e344bf7b16da95e6b4bb9918ab6021f26b68e07ffd0e09d9f024c79,True,1,928,89a44656f5afd7db6d4ffe6256508681186d8ba63be2ffd13a9de86ef8201a78,L,L_REDSTAR,85a48bb1537281f6aeca491d50456e548ab952279927ad9f0db0621878858e61,928,1.0,118.21487000000002,311985,7733454,f3999752722284bc2f625f4612836ee6a23d048d99392bdc36164f266b3e61c9,True,SUCCESS_H2S,False,REDSTAR,1439.460968,True,819.955455
8,SC_S1_C11_M04;SC_S2_C11_M04;SC_S3_C11_M04;SC_S4_C11_M04;SF_S1_C11_M04;SF_S2_C11_M04;SF_S3_C11_M04;SF_S4_C11_M04,0.008620689655172414,H2S,True,218,350.92469,312282,7733926,False,0.0,8.253872,,l_SW_C11_CORE_B_SW_C11_M04_CTRL,467.316841,False,0cd2d39b9ab3999bdbbe7304a7051ca98a51d813131ec9fa7eee74407629483d,True,1918.524997,53530624,0.7560021517926566,True,71.433732,profiles/L_REDSTAR/l_SW_C11_CORE_B_SW_C11_M04_CTRL.json,080438e68138dae78a3cca1b6b04e3be1405eaf5526faaaa974d7b1f4b999cf5,True,1,928,0f3c6a1ca52fdae18598e8d383af3cb7b80032d3ac1d50be855dd3aa5f9f2cc7,L,L_REDSTAR,3cc60c0f75ab12c09e2b4f32d63d2ae94a2b5120fc0ced9ae3a444afaeda137d,928,1.0,116.39215100000001,311952,7733456,c2bcb622d10a6d17fe9a60ec5c2ecfe94f8aeb34d8262df11f8f1bbd6554671d,True,SUCCESS_H2S,False,REDSTAR,1450.409026,True,822.692975
8,SC_S1_C11_M04;SC_S2_C11_M04;SC_S3_C11_M04;SC_S4_C11_M04;SF_S1_C11_M04;SF_S2_C11_M04;SF_S3_C11_M04;SF_S4_C11_M04,0.008620689655172414,H2S,True,219,353.220465,312283,7733926,False,0.0,10.537982,,l_SW_C11_CORE_B_SW_C11_M04_SENS,475.111282,False,0cd2d39b9ab3999bdbbe7304a7051ca98a51d813131ec9fa7eee74407629483d,True,1918.524997,53690368,0.7736996324369497,True,80.858706,profiles/L_REDSTAR/l_SW_C11_CORE_B_SW_C11_M04_SENS.json,e30450adf5425397c2298ba61cfba525ee41bd8592c476afb2822d06528b78c7,True,1,928,0f3c6a1ca52fdae18598e8d383af3cb7b80032d3ac1d50be855dd3aa5f9f2cc7,L,L_REDSTAR,d4383f5d7adbded0502dcae8ed745d7f0c27cde1d27c24cbfafbec21b9f2d173,928,1.0,121.89081700000003,311952,7733456,c2bcb622d10a6d17fe9a60ec5c2ecfe94f8aeb34d8262df11f8f1bbd6554671d,True,SUCCESS_H2S,False,REDSTAR,1484.362085,True,832.424533
2,IC_NEXT_CC_C10;IC_PREV_CC_C12,0.0021551724137931034,H2S,True,220,350.95618299999995,312221,7734883,False,0.0,8.122328,,l_SW_C11_CORE_B_SW_FACTORY_CORE_A,470.79424,False,0cd2d39b9ab3999bdbbe7304a7051ca98a51d813131ec9fa7eee74407629483d,True,1918.524997,53686272,0.7541361297154889,True,58.580393,profiles/L_REDSTAR/l_SW_C11_CORE_B_SW_FACTORY_CORE_A.json,d480608e5cb6d4424913d082cf460858e280ea172d8ed5bc169d2a82560fb03a,True,1,928,b9b38c89144362080372ecd80286341d912bbcd173083201cdb99571fefe25c0,L,L_REDSTAR,37a394a7a721c73b135499ea818adde816c5f89b65791a402ff4ee8272d55606,928,1.0,119.83805700000005,311895,7734501,c9e5d8f3275569e3c23bb6f42b64e0032c9580512d6f75ff90655386c4a9abdf,True,SUCCESS_H2S,False,REDSTAR,1446.829016,True,830.676289
10,COORD_CC_C12_PLC_C12_M01;COORD_CC_C12_PLC_C12_M02;COORD_CC_C12_PLC_C12_M03;COORD_CC_C12_PLC_C12_M04;IC_NEXT_CC_C12;IC_PREV_CC_C12;STAT_PLC_C12_M01;STAT_PLC_C12_M02;STAT_PLC_C12_M03;STAT_PLC_C12_M04,0.010775862068965518,H2S,True,221,348.50114199999996,312210,7734050,False,0.0,8.174078,,l_SW_C12_CC_SW_C12_CORE_A,465.484458,False,0cd2d39b9ab3999bdbbe7304a7051ca98a51d813131ec9fa7eee74407629483d,True,1918.524997,53686272,0.7839084303575534,True,70.379601,profiles/L_REDSTAR/l_SW_C12_CC_SW_C12_CORE_A.json,9108135a63206a4e67dbfab15631e888802e89a806bc65e12390fea43650e874,True,1,928,0bc2ab5645ebed871db339826d67cb3f48b8dee58d2e6753ffad8f11b1aae5e9,L,L_REDSTAR,cb101b0e4b23cd34e5bbeceecdbe4d0e4929ac47639e45932e4faa9bb36cc288,928,1.0,116.98331600000006,311848,7733508,53565efb0c742f550107d03cfee21cfb8ae57a2ede9cf636cfe43cf24f6f7bdb,True,SUCCESS_H2S,False,REDSTAR,1503.947919,True,880.904655
2,IC_NEXT_CC_C11;IC_PREV_CC_C13,0.0021551724137931034,H2S,True,222,349.008803,312117,7733826,False,0.0,8.078055,,l_SW_C12_CC_SW_C12_CORE_B,472.318915,False,0cd2d39b9ab3999bdbbe7304a7051ca98a51d813131ec9fa7eee74407629483d,True,1918.524997,53526528,0.7789885398089499,True,80.431869,profiles/L_REDSTAR/l_SW_C12_CC_SW_C12_CORE_B.json,0c7a705cd99722175ddecfa970373d388a41af15b1ea09115682a77c62c14bb5,True,1,928,765182231c071f42db77c5b9b0cd4e4ced87139a95bc9ea4f2fd6f11d0ed2ee1,L,L_REDSTAR,42919e9d31c7d1f142c9c8975633de8f219698b5a09a2f329ed3a20c61dbbfbb,928,1.0,123.310112,311809,7733468,dbce782a665c4eb7671dd9705b75985ab74d3dc685a42c5cba1ffc7b1db8f856,True,SUCCESS_H2S,False,REDSTAR,1494.508986,True,849.079541
4,CMD_PLC_C12_M01_A1_C12_M01;CMD_PLC_C12_M01_A2_C12_M01;CMD_PLC_C12_M01_A3_C12_M01;CMD_PLC_C12_M01_A4_C12_M01,0.004310344827586207,H2S,True,223,351.904488,312253,7735347,False,0.0,8.02516,,l_SW_C12_CORE_A_SW_C12_M01_ACT,475.512978,False,0cd2d39b9ab3999bdbbe7304a7051ca98a51d813131ec9fa7eee74407629483d,True,1918.524997,53522432,0.7503286406228671,True,57.501373,profiles/L_REDSTAR/l_SW_C12_CORE_A_SW_C12_M01_ACT.json,66a0f7341ec89d49a5ec145d5094c6fe81d25508f9e9447fc5c3251bea79ba67,True,1,928,3464d51336d2c5a6e567427ecf937105598ff08a0cc8b44cb393fbecbf6451af,L,L_REDSTAR,92e9c1cbebdb5f408f4d70c6b09fcfcb13edbef0e158081661828b589fa68736,928,1.0,123.60848999999996,311928,7734892,2d81ae192203ac388499457e8d7d96e3a69b48fb5e1288ad4ba656fdcc6aa26d,True,SUCCESS_H2S,False,REDSTAR,1439.524253,True,819.50213
6,CMD_PLC_C12_M01_A1_C12_M01;CMD_PLC_C12_M01_A2_C12_M01;CMD_PLC_C12_M01_A3_C12_M01;CMD_PLC_C12_M01_A4_C12_M01;COORD_CC_C12_PLC_C12_M01;STAT_PLC_C12_M01,0.00646551724137931,H2S,True,224,350.47279,312319,7735025,False,0.0,8.172073,,l_SW_C12_CORE_A_SW_C12_M01_CTRL,466.660978,False,0cd2d39b9ab3999bdbbe7304a7051ca98a51d813131ec9fa7eee74407629483d,True,1918.524997,53698560,0.761126895027889,True,75.801921,profiles/L_REDSTAR/l_SW_C12_CORE_A_SW_C12_M01_CTRL.json,48d2f6d95e821ce4e6bb27cc076e76adcd7d24a9e26415740761d1432cbbd353,True,1,928,53652dd6d43d5388e2c756340540ecb70e6c47413d5becb5daa55f6614e655c2,L,L_REDSTAR,56be4bc09ad6d9635ca9e0df64660a7a9e2cb1e518a0a156240e6309b98951d1,928,1.0,116.18818800000003,311977,7734521,0a44445e88f8fe40c26d6eda6f7b7be756745e9339989caa79475d81388ce507,True,SUCCESS_H2S,False,REDSTAR,1460.240974,True,833.200401
4,CMD_PLC_C12_M02_A1_C12_M02;CMD_PLC_C12_M02_A2_C12_M02;CMD_PLC_C12_M02_A3_C12_M02;CMD_PLC_C12_M02_A4_C12_M02,0.004310344827586207,H2S,True,225,355.515829,312241,7735355,False,0.0,7.889667,,l_SW_C12_CORE_A_SW_C12_M02_ACT,478.505378,False,0cd2d39b9ab3999bdbbe7304a7051ca98a51d813131ec9fa7eee74407629483d,True,1918.524997,53526528,0.7812324923280632,True,93.629301,profiles/L_REDSTAR/l_SW_C12_CORE_A_SW_C12_M02_ACT.json,487251f7493aa0ff9f5d50c88d9587df2c56775a31d86d845f6709f912ce9fbc,True,1,928,9fe904a3bfcaa5eb9601561bb0635c70656804b3bd4cd6b2890af2105a2b6b7c,L,L_REDSTAR,e3993382a15d69fcab20d21dfe1d383b1832c32ee52b8686795c9d4cfd886a92,928,1.0,122.98954900000001,311910,7734900,8e9ad2859d77fcf8d2385d8bbfeb59f574f7719c95083db242cc7ce718d063f5,True,SUCCESS_H2S,False,REDSTAR,1498.814065,True,839.497365
6,CMD_PLC_C12_M02_A1_C12_M02;CMD_PLC_C12_M02_A2_C12_M02;CMD_PLC_C12_M02_A3_C12_M02;CMD_PLC_C12_M02_A4_C12_M02;COORD_CC_C12_PLC_C12_M02;STAT_PLC_C12_M02,0.00646551724137931,H2S,True,226,352.979743,312309,7735015,False,0.0,8.152815,,l_SW_C12_CORE_A_SW_C12_M02_CTRL,470.880778,False,0cd2d39b9ab3999bdbbe7304a7051ca98a51d813131ec9fa7eee74407629483d,True,1918.524997,53616640,0.755454277252766,True,59.697193,profiles/L_REDSTAR/l_SW_C12_CORE_A_SW_C12_M02_CTRL.json,f2ac2ba7edbef8e8e42d24b345f33f6b14a8952a479ec1eb72ba2f75150d8385,True,1,928,2756c7465e741a89db692cfb2495257276e76a62d3799b77f1322354c5a6ab9f,L,L_REDSTAR,c66ed469954eb2d8a91e758a1467e00cf4c295a7ed0a6860dfd1a5c65d136d85,928,1.0,117.90103500000004,311963,7734511,cb45f1a158f9affd32324d75b481f6205ac6becf2ed70040bd93b819c162a969,True,SUCCESS_H2S,False,REDSTAR,1449.357915,True,829.829253
4,CMD_PLC_C12_M03_A1_C12_M03;CMD_PLC_C12_M03_A2_C12_M03;CMD_PLC_C12_M03_A3_C12_M03;CMD_PLC_C12_M03_A4_C12_M03,0.004310344827586207,H2S,True,227,351.629709,312250,7735379,False,0.0,8.171162,,l_SW_C12_CORE_A_SW_C12_M03_ACT,472.589208,False,0cd2d39b9ab3999bdbbe7304a7051ca98a51d813131ec9fa7eee74407629483d,True,1918.524997,53686272,0.7518934385820776,True,59.975977,profiles/L_REDSTAR/l_SW_C12_CORE_A_SW_C12_M03_ACT.json,30f792f953435ed82e1dc9c60112cceed9869c541cd0aeedce3c34fbdf732f17,True,1,928,de31eef1f5b6d3e38169ee22b8f241a5c3d7106772fd18f186d087d7f23e36aa,L,L_REDSTAR,30057d128ce9fc69ea35db3cd864d34a2eea9d7946e827b78268dbf411ea9930,928,1.0,120.959499,311928,7734924,32c239598f5345e712d34d903b87c3db6eb52a607cc537b6b71736a793e94e80,True,SUCCESS_H2S,False,REDSTAR,1442.526357,True,820.27432
6,CMD_PLC_C12_M03_A1_C12_M03;CMD_PLC_C12_M03_A2_C12_M03;CMD_PLC_C12_M03_A3_C12_M03;CMD_PLC_C12_M03_A4_C12_M03;COORD_CC_C12_PLC_C12_M03;STAT_PLC_C12_M03,0.00646551724137931,H2S,True,228,365.171409,312325,7735013,False,0.0,8.640516,,l_SW_C12_CORE_A_SW_C12_M03_CTRL,489.238803,False,0cd2d39b9ab3999bdbbe7304a7051ca98a51d813131ec9fa7eee74407629483d,True,1918.524997,53690368,0.8024284105796302,True,85.053257,profiles/L_REDSTAR/l_SW_C12_CORE_A_SW_C12_M03_CTRL.json,6c0297481e68e5f31afaaf817c71a03d506b8883eb8de99f454ab7d2655e8d6c,True,1,928,bd9aa6f22fd2187dece1541d6ae33880dda2f883ad3a58473d948b5caaaa7b0c,L,L_REDSTAR,28de13a47282d21280fa82e2736feacc6cd5eb37b9984dd7562d5456ba6cda8a,928,1.0,124.06739400000004,311977,7734509,5e1a756ebb57af74697d213d78b8c8c4c5d8f83904c3d32e4e1808f1c0d2da3d,True,SUCCESS_H2S,False,REDSTAR,1539.478964,True,863.537941
4,CMD_PLC_C12_M04_A1_C12_M04;CMD_PLC_C12_M04_A2_C12_M04;CMD_PLC_C12_M04_A3_C12_M04;CMD_PLC_C12_M04_A4_C12_M04,0.004310344827586207,H2S,True,229,362.542328,312270,7735347,False,0.0,7.948123,,l_SW_C12_CORE_A_SW_C12_M04_ACT,481.198852,False,0cd2d39b9ab3999bdbbe7304a7051ca98a51d813131ec9fa7eee74407629483d,True,1918.524997,53522432,0.749622019128688,True,60.328954,profiles/L_REDSTAR/l_SW_C12_CORE_A_SW_C12_M04_ACT.json,a4e594a54e8863b543c34d0ef606a7ff70491d32bf6580815fda6f2aa600c780,True,1,928,630f038130074d6e6148ce8967a5155e4524d83b4ec82afa3292f6b5df3ba710,L,L_REDSTAR,32ab86a10fc5186a964ef5f371ef144aaddb6dc4a581bca383c4a83f034554ca,928,1.0,118.65652399999999,311945,7734892,99665406c35cf37f135dd9efd53dc777a451649f62ceb71f6eacc6ef7936ff84,True,SUCCESS_H2S,False,REDSTAR,1438.168582,True,808.677313
6,CMD_PLC_C12_M04_A1_C12_M04;CMD_PLC_C12_M04_A2_C12_M04;CMD_PLC_C12_M04_A3_C12_M04;CMD_PLC_C12_M04_A4_C12_M04;COORD_CC_C12_PLC_C12_M04;STAT_PLC_C12_M04,0.00646551724137931,H2S,True,230,351.133453,312341,7735025,False,0.0,7.96411,,l_SW_C12_CORE_A_SW_C12_M04_CTRL,472.398389,False,0cd2d39b9ab3999bdbbe7304a7051ca98a51d813131ec9fa7eee74407629483d,True,1918.524997,53530624,0.7641589613335645,True,59.525839,profiles/L_REDSTAR/l_SW_C12_CORE_A_SW_C12_M04_CTRL.json,061c76e6de65951c845fbcd9852e6d1feda8f6adea5fddec4af48af5d243ec26,True,1,928,2fbec88cc72b840e3c5ac01226dce7334819795c2ea006dc6988b51b11b276fb,L,L_REDSTAR,599710cbbf77931789b171c16bf0b7e1f5aa53f250df8e4c2e35794f9f017a0d,928,1.0,121.26493600000003,311999,7734521,80f2b20d59a791ea8b0813019f7ef925e820c1fe5143ea1fa0218293765c3f6a,True,SUCCESS_H2S,False,REDSTAR,1466.058069,True,846.087607
2,IC_NEXT_CC_C12;IC_PREV_CC_C12,0.0021551724137931034,H2S,True,231,362.77374299999997,312217,7735264,False,0.0,8.441364,,l_SW_C12_CORE_A_SW_FACTORY_CORE_A,487.796182,False,0cd2d39b9ab3999bdbbe7304a7051ca98a51d813131ec9fa7eee74407629483d,True,1918.524997,53522432,0.7660681410449197,True,71.45516,profiles/L_REDSTAR/l_SW_C12_CORE_A_SW_FACTORY_CORE_A.json,ab2118295f40cd5dc209dcc0a2807dfa90ca3a32784892b251c2f42fb5ca053d,True,1,928,8e136f65ae51e149221f3af8b2819e0ec4d649ec79e7bf9eb2aa1c7cf28644df,L,L_REDSTAR,3acaf5591c4bb996abe00f330fc9196d7ce7827d9d4a0832882e3ca0bd46f57c,928,1.0,125.02243900000002,311893,7734882,0c7aa5e68967c06fbe7b9e1a5837e40254be88f72267b7fb83bfafd978728969,True,SUCCESS_H2S,False,REDSTAR,1469.720878,True,822.490665
8,SC_S1_C12_M01;SC_S2_C12_M01;SC_S3_C12_M01;SC_S4_C12_M01;SF_S1_C12_M01;SF_S2_C12_M01;SF_S3_C12_M01;SF_S4_C12_M01,0.008620689655172414,H2S,True,232,352.08309199999997,312304,7733926,False,0.0,8.088006,,l_SW_C12_CORE_B_SW_C12_M01_CTRL,470.46242,False,0cd2d39b9ab3999bdbbe7304a7051ca98a51d813131ec9fa7eee74407629483d,True,1918.524997,53526528,0.753719900580477,True,59.490133,profiles/L_REDSTAR/l_SW_C12_CORE_B_SW_C12_M01_CTRL.json,9a27d48f84cabb37dcae88249f2de8215ebe45675bc9ba5341e88113b0fd7f89,True,1,928,4c5d65c1da309e394cb2b68b56ecc06eb83e36a4a49dc17388b8d82c3fe7d2ea,L,L_REDSTAR,bd361b2a74a4b331743dcfc21448c5e69c641af236bb84104d8df8b804cca6ff,928,1.0,118.37932800000004,311981,7733456,ee398d3fc7e98c6bdc63150400bd91ff62899722d784436af88520d12de88aeb,True,SUCCESS_H2S,False,REDSTAR,1446.03047,True,827.573662
8,SC_S1_C12_M01;SC_S2_C12_M01;SC_S3_C12_M01;SC_S4_C12_M01;SF_S1_C12_M01;SF_S2_C12_M01;SF_S3_C12_M01;SF_S4_C12_M01,0.008620689655172414,H2S,True,233,352.971975,312307,7733926,False,0.0,8.380738,,l_SW_C12_CORE_B_SW_C12_M01_SENS,470.712832,False,0cd2d39b9ab3999bdbbe7304a7051ca98a51d813131ec9fa7eee74407629483d,True,1918.524997,53690368,0.7563721042306545,True,72.944559,profiles/L_REDSTAR/l_SW_C12_CORE_B_SW_C12_M01_SENS.json,098602c33b1df182076a1bafb9a534ddab42cce60d7e616ab4a024841c586ed2,True,1,928,4c5d65c1da309e394cb2b68b56ecc06eb83e36a4a49dc17388b8d82c3fe7d2ea,L,L_REDSTAR,2c2fbb011bf7ba75a179815dfdbba4ff52e9b5f7d439f7a29bc37d45a92968bf,928,1.0,117.740857,311981,7733456,ee398d3fc7e98c6bdc63150400bd91ff62899722d784436af88520d12de88aeb,True,SUCCESS_H2S,False,REDSTAR,1451.118789,True,817.138332
8,SC_S1_C12_M02;SC_S2_C12_M02;SC_S3_C12_M02;SC_S4_C12_M02;SF_S1_C12_M02;SF_S2_C12_M02;SF_S3_C12_M02;SF_S4_C12_M02,0.008620689655172414,H2S,True,234,350.12643399999996,312294,7733926,False,0.0,8.274281,,l_SW_C12_CORE_B_SW_C12_M02_CTRL,466.962261,False,0cd2d39b9ab3999bdbbe7304a7051ca98a51d813131ec9fa7eee74407629483d,True,1918.524997,53530624,0.775556619448102,True,93.263242,profiles/L_REDSTAR/l_SW_C12_CORE_B_SW_C12_M02_CTRL.json,982430e8e0e8d3b3210f08f12d88a3f43e62eaf758b2fc679b3a2fdd2166c045,True,1,928,90e3b8903f1fe81dbc97d67dc4942c1f2a7d556478d2ed035eb580e8efd1b141,L,L_REDSTAR,8c0b56a03c32735de8a7c2f968abb1331ae2012c1ae22a0df79209baf5d46df2,928,1.0,116.83582700000005,311965,7733456,21ab7f3f30b50faae55f181bed22b76a37f6105eb6a9e14446a197fef1a7f667,True,SUCCESS_H2S,False,REDSTAR,1487.924761,True,839.887213
8,SC_S1_C12_M02;SC_S2_C12_M02;SC_S3_C12_M02;SC_S4_C12_M02;SF_S1_C12_M02;SF_S2_C12_M02;SF_S3_C12_M02;SF_S4_C12_M02,0.008620689655172414,H2S,True,235,354.33767,312296,7733926,False,0.0,8.045269,,l_SW_C12_CORE_B_SW_C12_M02_SENS,472.096723,False,0cd2d39b9ab3999bdbbe7304a7051ca98a51d813131ec9fa7eee74407629483d,True,1918.524997,53526528,0.7477784424197419,True,56.607217,profiles/L_REDSTAR/l_SW_C12_CORE_B_SW_C12_M02_SENS.json,dbaea736d947369af8f9d00fb750e6e05b1aed26d51e9419467af7e0d7dffea4,True,1,928,90e3b8903f1fe81dbc97d67dc4942c1f2a7d556478d2ed035eb580e8efd1b141,L,L_REDSTAR,dfbf41288039cddc07f024b03f8f2dd2e8413899b77865e773c9574c1e0c1820,928,1.0,117.759053,311965,7733456,21ab7f3f30b50faae55f181bed22b76a37f6105eb6a9e14446a197fef1a7f667,True,SUCCESS_H2S,False,REDSTAR,1434.631634,True,815.549659
8,SC_S1_C12_M03;SC_S2_C12_M03;SC_S3_C12_M03;SC_S4_C12_M03;SF_S1_C12_M03;SF_S2_C12_M03;SF_S3_C12_M03;SF_S4_C12_M03,0.008620689655172414,H2S,True,236,349.686169,312314,7733926,False,0.0,8.254651,,l_SW_C12_CORE_B_SW_C12_M03_CTRL,470.414406,False,0cd2d39b9ab3999bdbbe7304a7051ca98a51d813131ec9fa7eee74407629483d,True,1918.524997,53530624,0.7692547542032365,True,58.427246,profiles/L_REDSTAR/l_SW_C12_CORE_B_SW_C12_M03_CTRL.json,952b77c379d3bef9f94802fb6295fd2d4cff4bec774a66f8e1e117667f952fa0,True,1,928,87c3b08d0e7334f0cba202cb7513e0692d88c5b2ac39bde2572a6679e52ed8f9,L,L_REDSTAR,b2899d3522b4dcccaf5a191305abdf434a2d81bf0e0fabbc602ffbf1c05b78c6,928,1.0,120.72823699999998,311993,7733456,28bd81c342d29df6665f15c4c33ca2b5716f738e3d4cc4cff19545ba21c2300f,True,SUCCESS_H2S,False,REDSTAR,1475.834475,True,858.148173
8,SC_S1_C12_M03;SC_S2_C12_M03;SC_S3_C12_M03;SC_S4_C12_M03;SF_S1_C12_M03;SF_S2_C12_M03;SF_S3_C12_M03;SF_S4_C12_M03,0.008620689655172414,H2S,True,237,351.216654,312316,7733926,False,0.0,8.393973,,l_SW_C12_CORE_B_SW_C12_M03_SENS,472.364216,False,0cd2d39b9ab3999bdbbe7304a7051ca98a51d813131ec9fa7eee74407629483d,True,1918.524997,53530624,0.7750893114894348,True,87.490032,profiles/L_REDSTAR/l_SW_C12_CORE_B_SW_C12_M03_SENS.json,d880f6df8a9af7a1a3c6c06a2393f29b21d03a963bcbd3a9c12df47b1308c59b,True,1,928,87c3b08d0e7334f0cba202cb7513e0692d88c5b2ac39bde2572a6679e52ed8f9,L,L_REDSTAR,bd3951ae5e51eb4ed4d3814b74d7101a1d98e6ae1dd3b5d5bb0a272ba1af6785,928,1.0,121.147562,311993,7733456,28bd81c342d29df6665f15c4c33ca2b5716f738e3d4cc4cff19545ba21c2300f,True,SUCCESS_H2S,False,REDSTAR,1487.028219,True,830.533533
8,SC_S1_C12_M04;SC_S2_C12_M04;SC_S3_C12_M04;SC_S4_C12_M04;SF_S1_C12_M04;SF_S2_C12_M04;SF_S3_C12_M04;SF_S4_C12_M04,0.008620689655172414,H2S,True,238,352.151971,312280,7733926,False,0.0,8.11448,,l_SW_C12_CORE_B_SW_C12_M04_CTRL,470.745164,False,0cd2d39b9ab3999bdbbe7304a7051ca98a51d813131ec9fa7eee74407629483d,True,1918.524997,53694464,0.7533779696694773,True,57.991515,profiles/L_REDSTAR/l_SW_C12_CORE_B_SW_C12_M04_CTRL.json,dc3e3378988bb285ef6ef3f2d8021c9d2e58efcb30315b910bec393865c42434,True,1,928,184ea8d1bdeb5e21c7cc60f1cef8d2f8b716cc7664894fb47e34a1f117c9863c,L,L_REDSTAR,49c0df16a70474b60fa83e0630b74d1dd6e6f4194343b9d20be4da1a23ce7c71,928,1.0,118.59319299999999,311956,7733456,32e57e16a000c59f25701300066270cf72d0846ef52abeac60061f04ab2725c6,True,SUCCESS_H2S,False,REDSTAR,1445.374467,True,828.370681
8,SC_S1_C12_M04;SC_S2_C12_M04;SC_S3_C12_M04;SC_S4_C12_M04;SF_S1_C12_M04;SF_S2_C12_M04;SF_S3_C12_M04;SF_S4_C12_M04,0.008620689655172414,H2S,True,239,352.53009499999996,312283,7733926,False,0.0,8.604679,,l_SW_C12_CORE_B_SW_C12_M04_SENS,472.011299,False,0cd2d39b9ab3999bdbbe7304a7051ca98a51d813131ec9fa7eee74407629483d,True,1918.524997,53526528,0.7574994974120737,True,57.332913,profiles/L_REDSTAR/l_SW_C12_CORE_B_SW_C12_M04_SENS.json,0c03b09ef2fa57a393e927a559ea2dad71484a459286dd56e27c3395de918c91,True,1,928,184ea8d1bdeb5e21c7cc60f1cef8d2f8b716cc7664894fb47e34a1f117c9863c,L,L_REDSTAR,b936b4534213ad11cc3879980d8c1cbce28c6f7609d14ff163bb73684d1ba595,928,1.0,119.48120400000005,311956,7733456,32e57e16a000c59f25701300066270cf72d0846ef52abeac60061f04ab2725c6,True,SUCCESS_H2S,False,REDSTAR,1453.281721,True,833.172399
2,IC_NEXT_CC_C11;IC_PREV_CC_C13,0.0021551724137931034,H2S,True,240,351.503491,312228,7734881,False,0.0,8.100245,,l_SW_C12_CORE_B_SW_FACTORY_CORE_A,476.983807,False,0cd2d39b9ab3999bdbbe7304a7051ca98a51d813131ec9fa7eee74407629483d,True,1918.524997,53686272,0.7665647121094039,True,66.293435,profiles/L_REDSTAR/l_SW_C12_CORE_B_SW_FACTORY_CORE_A.json,4288a43f2cbd617baee91c3942432f1deeaedb88297f52a0b501e05528ba02cf,True,1,928,44195b1d4e704831ca2aa066a4bc1d200608f48f3f1a7ecede5a6ad43734cc3d,L,L_REDSTAR,251416855cd2d5cadd19dbfcba5dd656a94e42825cbd8f10cdaccbae618e1e75,928,1.0,125.48031600000002,311896,7734499,dc9ece4736fe3cf4b734af1ebed48c4031e6324078190961e0e4cbb95b7a5cf3,True,SUCCESS_H2S,False,REDSTAR,1470.673562,True,838.76782
10,COORD_CC_C13_PLC_C13_M01;COORD_CC_C13_PLC_C13_M02;COORD_CC_C13_PLC_C13_M03;COORD_CC_C13_PLC_C13_M04;IC_NEXT_CC_C13;IC_PREV_CC_C13;STAT_PLC_C13_M01;STAT_PLC_C13_M02;STAT_PLC_C13_M03;STAT_PLC_C13_M04,0.010775862068965518,H2S,True,241,350.579495,312210,7734042,False,0.0,25.901666,,l_SW_C13_CC_SW_C13_CORE_A,471.019628,False,0cd2d39b9ab3999bdbbe7304a7051ca98a51d813131ec9fa7eee74407629483d,True,1918.524997,53518336,0.7764380663943989,True,60.869822,profiles/L_REDSTAR/l_SW_C13_CC_SW_C13_CORE_A.json,21f2f79f5cf7a95afad2c1c285a324a8409f67640e1ed722a7a209c78a0fb008,True,1,928,fedca47b22427d4672fe3b350e78ea0fe7f7079afc674bcc19cc4a39df519c74,L,L_REDSTAR,243d279be8134e92dd6eb45c42e370b2e62142395083455cf48099fc155d2e4e,928,1.0,120.440133,311857,7733500,97595bcf991570c382a770c5333f835290e8ec4b0b93a26dd2474e44c4ec5073,True,SUCCESS_H2S,False,REDSTAR,1489.615839,True,849.66477
2,IC_NEXT_CC_C12;IC_PREV_CC_C14,0.0021551724137931034,H2S,True,242,347.54945999999995,312123,7733828,False,0.0,8.213991,,l_SW_C13_CC_SW_C13_CORE_B,462.915613,False,0cd2d39b9ab3999bdbbe7304a7051ca98a51d813131ec9fa7eee74407629483d,True,1918.524997,53694464,0.7634063373113298,True,73.285522,profiles/L_REDSTAR/l_SW_C13_CC_SW_C13_CORE_B.json,58b9d05159c41ffd21b394c685ae499afcb203486f9b1a1899dd7419867a7f77,True,1,928,648a17c96e8ab26d9c83bbccccac7535decd686f3dbe7655b30773269b2744a0,L,L_REDSTAR,153b72d9fe8f3a9bd7f3a60c49567d44dbe7939c9dd85f6d07837b8136918373,928,1.0,115.36615300000005,311812,7733470,c6190f6a6acf7e493593e72efaf74ba6b8f113c087f71fa0c9cf6c3d4c350ee8,True,SUCCESS_H2S,False,REDSTAR,1464.614141,True,840.82057
4,CMD_PLC_C13_M01_A1_C13_M01;CMD_PLC_C13_M01_A2_C13_M01;CMD_PLC_C13_M01_A3_C13_M01;CMD_PLC_C13_M01_A4_C13_M01,0.004310344827586207,H2S,True,243,353.86760400000003,312255,7735357,False,0.0,7.964948,,l_SW_C13_CORE_A_SW_C13_M01_ACT,473.933341,False,0cd2d39b9ab3999bdbbe7304a7051ca98a51d813131ec9fa7eee74407629483d,True,1918.524997,53522432,0.7614336619456619,True,92.971967,profiles/L_REDSTAR/l_SW_C13_CORE_A_SW_C13_M01_ACT.json,f2effd170b23549746ca1bd5ba99b0b77e94e461defae3ef1e1491dfbb4e61c7,True,1,928,d26878beba026aa28d9fc97c6c1584432d5f2c2945c54f8492aa6a75eea2f302,L,L_REDSTAR,14e380c4232bc138e2fc66bec68146d99026959c84d297fa6162bec2eaba40b7,928,1.0,120.06573699999996,311929,7734902,c8ef9dce36e185a33b34f1a81b49203aa0bb94384747b7455fdb7ae692beb525,True,SUCCESS_H2S,False,REDSTAR,1460.829514,True,807.350258
6,CMD_PLC_C13_M01_A1_C13_M01;CMD_PLC_C13_M01_A2_C13_M01;CMD_PLC_C13_M01_A3_C13_M01;CMD_PLC_C13_M01_A4_C13_M01;COORD_CC_C13_PLC_C13_M01;STAT_PLC_C13_M01,0.00646551724137931,H2S,True,244,349.982028,312320,7735025,False,0.0,8.395871,,l_SW_C13_CORE_A_SW_C13_M01_CTRL,470.699691,False,0cd2d39b9ab3999bdbbe7304a7051ca98a51d813131ec9fa7eee74407629483d,True,1918.524997,53530624,0.7649978610104083,True,58.07527,profiles/L_REDSTAR/l_SW_C13_CORE_A_SW_C13_M01_CTRL.json,21e8edaba443202f2fc2923164f2b4397073120e86899ff2c1d08c2e93dbd65b,True,1,928,0279b182e140f4596fdf2a9fcf2969ee0e098354f73af31ed9c58d04f359740a,L,L_REDSTAR,3d51556b041ab0641b364b8043a3024f38278b0c5017bb2593639c802424b4e9,928,1.0,120.71766299999996,311972,7734521,c1aecdaf8c4aed99d9fcd5a2678c628c4ff4e01392f1438ae3dfc5a0e03157de,True,SUCCESS_H2S,False,REDSTAR,1467.667519,True,851.371513
4,CMD_PLC_C13_M02_A1_C13_M02;CMD_PLC_C13_M02_A2_C13_M02;CMD_PLC_C13_M02_A3_C13_M02;CMD_PLC_C13_M02_A4_C13_M02,0.004310344827586207,H2S,True,245,348.626331,312228,7735365,False,0.0,7.973617,,l_SW_C13_CORE_A_SW_C13_M02_ACT,468.908113,False,0cd2d39b9ab3999bdbbe7304a7051ca98a51d813131ec9fa7eee74407629483d,True,1918.524997,53686272,0.7564615052028952,True,58.481292,profiles/L_REDSTAR/l_SW_C13_CORE_A_SW_C13_M02_ACT.json,2c9036cff1b39665801c8b04b85e2908b9b04ccdffa06af3d8feb5a869b870a2,True,1,928,243b1319d4c14f9f78f42526fbe126461da78ee3934c3a2b8d9cc3d2fcb3567e,L,L_REDSTAR,e0b0a96886d9a2f68ef79d0194aa7f4305e2aef0062839f60af97b4a293454f6,928,1.0,120.28178200000002,311911,7734910,5ab9262295298960412802963539ef4642fa23b03898b2d382903f4aa11ef5e5,True,SUCCESS_H2S,False,REDSTAR,1451.290307,True,837.204546
6,CMD_PLC_C13_M02_A1_C13_M02;CMD_PLC_C13_M02_A2_C13_M02;CMD_PLC_C13_M02_A3_C13_M02;CMD_PLC_C13_M02_A4_C13_M02;COORD_CC_C13_PLC_C13_M02;STAT_PLC_C13_M02,0.00646551724137931,H2S,True,246,351.212276,312314,7735039,False,0.0,9.713353,,l_SW_C13_CORE_A_SW_C13_M02_CTRL,472.35638,False,0cd2d39b9ab3999bdbbe7304a7051ca98a51d813131ec9fa7eee74407629483d,True,1918.524997,53694464,0.7658168568548498,True,71.875124,profiles/L_REDSTAR/l_SW_C13_CORE_A_SW_C13_M02_CTRL.json,13da5f02b4c5f62c07d57125a374c13391f74d89e982f8dc256db7d5270e4bab,True,1,928,d34895aa53f0aa46fd9254c909f1db404f523ca66522ddb07d4b1a292311602b,L,L_REDSTAR,9c423c3f12e078c33be1217edcb0d9419caf7fcfad9b9b5fe78bd006ec7bf14e,928,1.0,121.14410400000003,311969,7734535,4adacd6040bcad3535f62ca69bf1f9bb0447b416e955198a243370ed97eb4056,True,SUCCESS_H2S,False,REDSTAR,1469.238783,True,835.523079
4,CMD_PLC_C13_M03_A1_C13_M03;CMD_PLC_C13_M03_A2_C13_M03;CMD_PLC_C13_M03_A3_C13_M03;CMD_PLC_C13_M03_A4_C13_M03,0.004310344827586207,H2S,True,247,352.91528900000003,312248,7735347,False,0.0,7.900148,,l_SW_C13_CORE_A_SW_C13_M03_ACT,474.882639,False,0cd2d39b9ab3999bdbbe7304a7051ca98a51d813131ec9fa7eee74407629483d,True,1918.524997,53690368,0.7535878449646283,True,58.5485,profiles/L_REDSTAR/l_SW_C13_CORE_A_SW_C13_M03_ACT.json,c86a1ca6e237e9292f26b7c6374dcfa1040eb454e5c42e5cf6ef3b896d6052d4,True,1,928,95629a5b6344c6f8d7615c84163056dcca99a235b567cf0f47c4deb4d39a38dd,L,L_REDSTAR,e13173f6bb89728014244b5d99518073f7dc18fa5861491ffee8fe2c6c0d5084,928,1.0,121.96734999999995,311929,7734892,9609936bf78e0947b3933b059e604a8a751cac3775cc2579d4d020391836941f,True,SUCCESS_H2S,False,REDSTAR,1445.777118,True,824.611782
6,CMD_PLC_C13_M03_A1_C13_M03;CMD_PLC_C13_M03_A2_C13_M03;CMD_PLC_C13_M03_A3_C13_M03;CMD_PLC_C13_M03_A4_C13_M03;COORD_CC_C13_PLC_C13_M03;STAT_PLC_C13_M03,0.00646551724137931,H2S,True,248,349.887878,312308,7735015,False,0.0,8.22919,,l_SW_C13_CORE_A_SW_C13_M03_CTRL,467.155558,False,0cd2d39b9ab3999bdbbe7304a7051ca98a51d813131ec9fa7eee74407629483d,True,1918.524997,53534720,0.7400791046351949,True,59.435538,profiles/L_REDSTAR/l_SW_C13_CORE_A_SW_C13_M03_CTRL.json,8fad5a7e36ba2a52a56627754a4163322a16bf4d1ef70de1f54564b1f4720ec1,True,1,928,32411457b3b28c39fc6c068bba9b5028c8bd24ff7c0a807b61bc3850899e16aa,L,L_REDSTAR,7d709ab5bf0d6f61e4670a58666e1a8de1edc9b53b2f0b815be6316dd644e995,928,1.0,117.26767999999998,311969,7734511,1481845f6ba463076cba85244062c307acae956a14893b446a7a11a720be3ae8,True,SUCCESS_H2S,False,REDSTAR,1419.860262,True,804.731393
4,CMD_PLC_C13_M04_A1_C13_M04;CMD_PLC_C13_M04_A2_C13_M04;CMD_PLC_C13_M04_A3_C13_M04;CMD_PLC_C13_M04_A4_C13_M04,0.004310344827586207,H2S,True,249,351.720252,312273,7735365,False,0.0,8.231784,,l_SW_C13_CORE_A_SW_C13_M04_ACT,471.412587,False,0cd2d39b9ab3999bdbbe7304a7051ca98a51d813131ec9fa7eee74407629483d,True,1918.524997,53686272,0.7650374012822935,True,71.415371,profiles/L_REDSTAR/l_SW_C13_CORE_A_SW_C13_M04_ACT.json,1a6d0ade92a41fad65049be77c246f2586be6dd75dae2d07cf38708e91de0703,True,1,928,5c503208bccebb7a6578259956d960eb51de24dcacd5a538908dafa8fc4be5ef,L,L_REDSTAR,1cdb82c91f515ad2a671a62ddbdda330ed16bd70bf205273f6c83a23ef2eb0e0,928,1.0,119.69233499999996,311950,7734910,c03e1fdea44b67d5b6f4303b108d0c856417d00c20b049fbf954848045808b67,True,SUCCESS_H2S,False,REDSTAR,1467.743378,True,835.4743
6,CMD_PLC_C13_M04_A1_C13_M04;CMD_PLC_C13_M04_A2_C13_M04;CMD_PLC_C13_M04_A3_C13_M04;CMD_PLC_C13_M04_A4_C13_M04;COORD_CC_C13_PLC_C13_M04;STAT_PLC_C13_M04,0.00646551724137931,H2S,True,250,350.845811,312327,7735023,False,0.0,8.008822,,l_SW_C13_CORE_A_SW_C13_M04_CTRL,471.939519,False,0cd2d39b9ab3999bdbbe7304a7051ca98a51d813131ec9fa7eee74407629483d,True,1918.524997,53534720,0.7547867764372944,True,79.936038,profiles/L_REDSTAR/l_SW_C13_CORE_A_SW_C13_M04_CTRL.json,afc68f903d0a0180e92369566582d30e0982640ad0d73d333d87c659931b943d,True,1,928,5b97917495c6a72aba0577fc486f078ba801218ae4e8ad9c1bb1607232c80fe6,L,L_REDSTAR,19343d8f0282ebc88d7c2235fa0644ba6102d0aab4caa96a127a7494bbab09cb,928,1.0,121.09370799999999,311987,7734519,aeb51e5558f12d1b26b559b70b1211415c692ec4b52b5eca9105fc41b3fb28d9,True,SUCCESS_H2S,False,REDSTAR,1448.077298,True,805.958747
2,IC_NEXT_CC_C13;IC_PREV_CC_C13,0.0021551724137931034,H2S,True,251,347.406027,312214,7735268,False,0.0,8.91375,,l_SW_C13_CORE_A_SW_FACTORY_CORE_A,472.472957,False,0cd2d39b9ab3999bdbbe7304a7051ca98a51d813131ec9fa7eee74407629483d,True,1918.524997,53522432,0.7704635953721691,True,60.034869,profiles/L_REDSTAR/l_SW_C13_CORE_A_SW_FACTORY_CORE_A.json,a6cd9a0bd7039de90b078f80ef7bf89729bfadf5fe11951490614ad3e747b2d8,True,1,928,2640ac46940f3e75f2e17fc67decc9a5daff759c54c4c50ed26ed7d257b82983,L,L_REDSTAR,0019bd1054ce18b24157d32f3ab676b5aa8f22d5f1a2d6511b701676e0223c7b,928,1.0,125.06693000000001,311892,7734886,924ef702d8dd89e09cc0734a617e85f6a08ed2b98754dcba75683313c91773a7,True,SUCCESS_H2S,False,REDSTAR,1478.153667,True,858.759942
8,SC_S1_C13_M01;SC_S2_C13_M01;SC_S3_C13_M01;SC_S4_C13_M01;SF_S1_C13_M01;SF_S2_C13_M01;SF_S3_C13_M01;SF_S4_C13_M01,0.008620689655172414,H2S,True,252,352.169599,312305,7733926,False,0.0,8.173898,,l_SW_C13_CORE_B_SW_C13_M01_CTRL,478.132228,False,0cd2d39b9ab3999bdbbe7304a7051ca98a51d813131ec9fa7eee74407629483d,True,1918.524997,53530624,0.7570043712075751,True,73.306376,profiles/L_REDSTAR/l_SW_C13_CORE_B_SW_C13_M01_CTRL.json,7dd36b2c5aa4b3e194fef1f43dd0fd93494d6faf9707239d502a9bb6a1dcf331,True,1,928,bc035a01fe87714fc4a063618615259443376da2480a6af213c903dd12e013ca,L,L_REDSTAR,c9c10aa82a9fa6893ec856ba115587d6866013c0134e7a616f48398c170eab45,928,1.0,125.96262899999999,311979,7733456,a2484fc46c75f45072cace61ed6f824b44fb2c814b24bf16020e960cd0a71a1d,True,SUCCESS_H2S,False,REDSTAR,1452.331809,True,812.079544
8,SC_S1_C13_M01;SC_S2_C13_M01;SC_S3_C13_M01;SC_S4_C13_M01;SF_S1_C13_M01;SF_S2_C13_M01;SF_S3_C13_M01;SF_S4_C13_M01,0.008620689655172414,H2S,True,253,351.947234,312309,7733926,False,0.0,8.12032,,l_SW_C13_CORE_B_SW_C13_M01_SENS,466.460722,False,0cd2d39b9ab3999bdbbe7304a7051ca98a51d813131ec9fa7eee74407629483d,True,1918.524997,53690368,0.7644960572801961,True,82.0904,profiles/L_REDSTAR/l_SW_C13_CORE_B_SW_C13_M01_SENS.json,b39288a5ef30d090529f4630e81b2170eac672a82b51645a0ef69135085b19f4,True,1,928,bc035a01fe87714fc4a063618615259443376da2480a6af213c903dd12e013ca,L,L_REDSTAR,a9169f62977f7b526254b280783e79d979532c41fff34b4aa67367de117904ae,928,1.0,114.513488,311979,7733456,a2484fc46c75f45072cace61ed6f824b44fb2c814b24bf16020e960cd0a71a1d,True,SUCCESS_H2S,False,REDSTAR,1466.704796,True,819.918286
8,SC_S1_C13_M02;SC_S2_C13_M02;SC_S3_C13_M02;SC_S4_C13_M02;SF_S1_C13_M02;SF_S2_C13_M02;SF_S3_C13_M02;SF_S4_C13_M02,0.008620689655172414,H2S,True,254,353.00329600000003,312284,7733926,False,0.0,8.136319,,l_SW_C13_CORE_B_SW_C13_M02_CTRL,471.804072,False,0cd2d39b9ab3999bdbbe7304a7051ca98a51d813131ec9fa7eee74407629483d,True,1918.524997,53690368,0.7455986032169484,True,56.947846,profiles/L_REDSTAR/l_SW_C13_CORE_B_SW_C13_M02_CTRL.json,d7849ab58cd3711e6b754734b08f066850ffc9e3177968a5b443ed9d8028aa09,True,1,928,cb7af268cd7227e900158b3ceba43b7d3c66b2d497b7f6030510815e3c973a85,L,L_REDSTAR,58dd4e8d792d00348619facb4d44f48b57721c4b0f371cb0945ed57822a984a7,928,1.0,118.80077599999998,311961,7733456,6e1885b69399e90b0335a0d29024cb45b67184519a7d32f005d94e8f030ce2e3,True,SUCCESS_H2S,False,REDSTAR,1430.449558,True,811.180497
8,SC_S1_C13_M02;SC_S2_C13_M02;SC_S3_C13_M02;SC_S4_C13_M02;SF_S1_C13_M02;SF_S2_C13_M02;SF_S3_C13_M02;SF_S4_C13_M02,0.008620689655172414,H2S,True,255,353.711945,312287,7733926,False,0.0,8.255397,,l_SW_C13_CORE_B_SW_C13_M02_SENS,480.088628,False,0cd2d39b9ab3999bdbbe7304a7051ca98a51d813131ec9fa7eee74407629483d,True,1918.524997,53526528,0.7686648223536282,True,72.26521,profiles/L_REDSTAR/l_SW_C13_CORE_B_SW_C13_M02_SENS.json,f65a5203ac8877eacff2d09bf948e5a4c8163c56f818c9276545cac9982bde5e,True,1,928,cb7af268cd7227e900158b3ceba43b7d3c66b2d497b7f6030510815e3c973a85,L,L_REDSTAR,862e944ca49b576fbbd27e708539cafeb0644c4749869da56cc8cfee9ea4c03d,928,1.0,126.37668300000001,311961,7733456,6e1885b69399e90b0335a0d29024cb45b67184519a7d32f005d94e8f030ce2e3,True,SUCCESS_H2S,False,REDSTAR,1474.702676,True,830.888275
8,SC_S1_C13_M03;SC_S2_C13_M03;SC_S3_C13_M03;SC_S4_C13_M03;SF_S1_C13_M03;SF_S2_C13_M03;SF_S3_C13_M03;SF_S4_C13_M03,0.008620689655172414,H2S,True,256,351.361587,312315,7733926,False,0.0,8.914812,,l_SW_C13_CORE_B_SW_C13_M03_CTRL,475.505699,False,0cd2d39b9ab3999bdbbe7304a7051ca98a51d813131ec9fa7eee74407629483d,True,1918.524997,53694464,0.7733990009617789,True,91.534593,profiles/L_REDSTAR/l_SW_C13_CORE_B_SW_C13_M03_CTRL.json,9e9e4a383516b8013d62ea8a2222e8295866d1a158fce6c75c26f9bbec700979,True,1,928,64ff461aeac03385660f53bdda614e7855475f09486f123228dfbf487577c9c5,L,L_REDSTAR,1134cec7bbfc2945fd4ecd0e3a347d64d3117b7213ad2a5e513bb713aaad53d0,928,1.0,124.144112,311994,7733456,95b90714fd31aa59ef1186e3ee45a2753e42bb6aa78f39d4fc4e4e4139ae0440,True,SUCCESS_H2S,False,REDSTAR,1483.785316,True,826.250585
8,SC_S1_C13_M03;SC_S2_C13_M03;SC_S3_C13_M03;SC_S4_C13_M03;SF_S1_C13_M03;SF_S2_C13_M03;SF_S3_C13_M03;SF_S4_C13_M03,0.008620689655172414,H2S,True,257,355.846952,312317,7733926,False,0.0,8.167522,,l_SW_C13_CORE_B_SW_C13_M03_SENS,474.574033,False,0cd2d39b9ab3999bdbbe7304a7051ca98a51d813131ec9fa7eee74407629483d,True,1918.524997,53690368,0.7501377689894129,True,57.691901,profiles/L_REDSTAR/l_SW_C13_CORE_B_SW_C13_M03_SENS.json,061e5e02cb4c3f18b22b9c8b60eda0803b6ac0da86c55210e744274c776f7486,True,1,928,64ff461aeac03385660f53bdda614e7855475f09486f123228dfbf487577c9c5,L,L_REDSTAR,0090e011da3d637c6f35c2f7c7fd32002605b15efb4c1725ac8697c346e60969,928,1.0,118.727081,311994,7733456,95b90714fd31aa59ef1186e3ee45a2753e42bb6aa78f39d4fc4e4e4139ae0440,True,SUCCESS_H2S,False,REDSTAR,1439.158061,True,817.320858
8,SC_S1_C13_M04;SC_S2_C13_M04;SC_S3_C13_M04;SC_S4_C13_M04;SF_S1_C13_M04;SF_S2_C13_M04;SF_S3_C13_M04;SF_S4_C13_M04,0.008620689655172414,H2S,True,258,351.424151,312281,7733918,False,0.0,8.369352,,l_SW_C13_CORE_B_SW_C13_M04_CTRL,477.004553,False,0cd2d39b9ab3999bdbbe7304a7051ca98a51d813131ec9fa7eee74407629483d,True,1918.524997,53530624,0.7580731078689198,True,59.366413,profiles/L_REDSTAR/l_SW_C13_CORE_B_SW_C13_M04_CTRL.json,4c178ec1010be7b864641630ec6e5329d0954509cb5e653a3d2cd3f13bbf5c50,True,1,928,df0b16d47ac91b111a49f4d1c9b94e8ac75d8f1e1d08a32589fecb89cf34a1f7,L,L_REDSTAR,43a6ab66d5ed3b452618c50f19848cdaf92a985857e852ac6e5988f939bc915c,928,1.0,125.58040199999999,311964,7733448,9a505567b2775ca05c582968cb909a914434068daf24271783c38a46d1273078,True,SUCCESS_H2S,False,REDSTAR,1454.382207,True,828.88045
8,SC_S1_C13_M04;SC_S2_C13_M04;SC_S3_C13_M04;SC_S4_C13_M04;SF_S1_C13_M04;SF_S2_C13_M04;SF_S3_C13_M04;SF_S4_C13_M04,0.008620689655172414,H2S,True,259,351.72814200000005,312282,7733918,False,0.0,8.128235,,l_SW_C13_CORE_B_SW_C13_M04_SENS,477.514247,False,0cd2d39b9ab3999bdbbe7304a7051ca98a51d813131ec9fa7eee74407629483d,True,1918.524997,53694464,0.7859741996366597,True,83.402578,profiles/L_REDSTAR/l_SW_C13_CORE_B_SW_C13_M04_SENS.json,e63578261a85fff7d786e5d01813efc1fc4d1c8f8f47aa310dfd2ac8879349cb,True,1,928,df0b16d47ac91b111a49f4d1c9b94e8ac75d8f1e1d08a32589fecb89cf34a1f7,L,L_REDSTAR,11cf66faedd1a330fa19b21ea9c43b13f14202cfbda7dd34c952a6079981c942,928,1.0,125.78610499999996,311964,7733448,9a505567b2775ca05c582968cb909a914434068daf24271783c38a46d1273078,True,SUCCESS_H2S,False,REDSTAR,1507.911149,True,846.377054
2,IC_NEXT_CC_C12;IC_PREV_CC_C14,0.0021551724137931034,H2S,True,260,363.31595500000003,312223,7734881,False,0.0,8.065194,,l_SW_C13_CORE_B_SW_FACTORY_CORE_A,490.868341,False,0cd2d39b9ab3999bdbbe7304a7051ca98a51d813131ec9fa7eee74407629483d,True,1918.524997,53522432,0.7783856250688195,True,60.64717,profiles/L_REDSTAR/l_SW_C13_CORE_B_SW_FACTORY_CORE_A.json,0873ef3075bdf3781cc6983c8ef0b2dd8e40655b5642cb2956015cbd909812c8,True,1,928,e623cc5e2a7c2a4e14327f3aba7cbdc05283dd1eb037a3730bb71b60fbf5c26a,L,L_REDSTAR,8a609550863610e4e2502798c5c1ac5a54a82de5f6030d38b534e57f31651713,928,1.0,127.55238599999996,311897,7734499,99de62dab39b6eb215597606c916c7748aac06caf17d6e4858ada04c107450ac,True,SUCCESS_H2S,False,REDSTAR,1493.352279,True,853.562272
10,COORD_CC_C14_PLC_C14_M01;COORD_CC_C14_PLC_C14_M02;COORD_CC_C14_PLC_C14_M03;COORD_CC_C14_PLC_C14_M04;IC_NEXT_CC_C14;IC_PREV_CC_C14;STAT_PLC_C14_M01;STAT_PLC_C14_M02;STAT_PLC_C14_M03;STAT_PLC_C14_M04,0.010775862068965518,H2S,True,261,351.572041,312231,7734018,False,0.0,7.960271,,l_SW_C14_CC_SW_C14_CORE_A,472.256707,False,0cd2d39b9ab3999bdbbe7304a7051ca98a51d813131ec9fa7eee74407629483d,True,1918.524997,53518336,0.7572766970833479,True,59.274269,profiles/L_REDSTAR/l_SW_C14_CC_SW_C14_CORE_A.json,933386791853bba104c95cc1b24405f53eea22d3d86329b19f4bc65f30a48019,True,1,928,7e41ba384a1f6f8f9046690bebf74d88c106629675f04406fdc82348828bd423,L,L_REDSTAR,df31ac5bf10c1196f3d7450249b702181824ee2f519466985cfff91b42df2c41,928,1.0,120.68466599999999,311870,7733476,0aabe855ebf2cfad2ade5630a9abfba99468356a2246cd98761eb6e8a603e90a,True,SUCCESS_H2S,False,REDSTAR,1452.854273,True,831.673864
2,IC_NEXT_CC_C13;IC_PREV_CC_C15,0.0021551724137931034,H2S,True,262,351.645898,312110,7733832,False,0.0,8.036729,,l_SW_C14_CC_SW_C14_CORE_B,468.089517,False,0cd2d39b9ab3999bdbbe7304a7051ca98a51d813131ec9fa7eee74407629483d,True,1918.524997,53526528,0.749902662331587,True,71.942293,profiles/L_REDSTAR/l_SW_C14_CC_SW_C14_CORE_B.json,8107f7ca37ab8d03e079977b23805158905fa3e97458dcf6945b88c4ae9b5a04,True,1,928,bc32d30b673825e45450ef802164b4eac98e6b2d11970380027082fac7a272a9,L,L_REDSTAR,49d789a95e0a2b94f80df8073afc7a7cfb19bcb341bb4c1f6321cc84fc6c5249,928,1.0,116.44361900000001,311810,7733474,024dd22ac9122aac9ee3698221d8556b22c72c65fe91d43be023a964244e6361,True,SUCCESS_H2S,False,REDSTAR,1438.707003,True,811.991585
4,CMD_PLC_C14_M01_A1_C14_M01;CMD_PLC_C14_M01_A2_C14_M01;CMD_PLC_C14_M01_A3_C14_M01;CMD_PLC_C14_M01_A4_C14_M01,0.004310344827586207,H2S,True,263,351.54288099999997,312254,7734984,False,0.0,8.1092,,l_SW_C14_CORE_A_SW_C14_M01_ACT,471.113057,False,0cd2d39b9ab3999bdbbe7304a7051ca98a51d813131ec9fa7eee74407629483d,True,1918.524997,53686272,0.754761843220331,True,58.757512,profiles/L_REDSTAR/l_SW_C14_CORE_A_SW_C14_M01_ACT.json,1067bc62c43bc6d80561ee0a764857fefac23bc63478cc88cce582895aa7337f,True,1,928,7fda40493a258f368b86edff72327e681bddd7ba4db6235adb921400fa00ee94,L,L_REDSTAR,385b6454c99c497008037a8a8c71873b30b4f30e09be1ed32ff457715462debf,928,1.0,119.57017600000006,311937,7734529,975bf270f061f9c65c06d965cb9073808b907d3b27933dc922d7632f48cba5fa,True,SUCCESS_H2S,False,REDSTAR,1448.029463,True,832.55831
6,CMD_PLC_C14_M01_A1_C14_M01;CMD_PLC_C14_M01_A2_C14_M01;CMD_PLC_C14_M01_A3_C14_M01;CMD_PLC_C14_M01_A4_C14_M01;COORD_CC_C14_PLC_C14_M01;STAT_PLC_C14_M01,0.00646551724137931,H2S,True,264,353.722461,312319,7734664,False,0.0,8.264642,,l_SW_C14_CORE_A_SW_C14_M01_CTRL,478.182552,False,0cd2d39b9ab3999bdbbe7304a7051ca98a51d813131ec9fa7eee74407629483d,True,1918.524997,53530624,0.76997048686356,True,73.930194,profiles/L_REDSTAR/l_SW_C14_CORE_A_SW_C14_M01_CTRL.json,380a4d4f06d4c2917a15b9f2b4c8a9d74d2ffb99082e7e4a2e2a046be4ded571,True,1,928,aa95a622aa35fd74016f9c589705b75425f170611abd77d8974e94d3ec758be0,L,L_REDSTAR,bc8998e3f6a06a6dd04677b06c2454ab3592fcc9fabfa77149e52977555bea11,928,1.0,124.46009099999998,311974,7734160,0f0ebd2bfefb5591b23f42237c9a23683d835bdc57c1338054fb7ad5ad8d7f63,True,SUCCESS_H2S,False,REDSTAR,1477.207626,True,837.854203
4,CMD_PLC_C14_M02_A1_C14_M02;CMD_PLC_C14_M02_A2_C14_M02;CMD_PLC_C14_M02_A3_C14_M02;CMD_PLC_C14_M02_A4_C14_M02,0.004310344827586207,H2S,True,265,347.185274,312255,7734984,False,0.0,8.312272,,l_SW_C14_CORE_A_SW_C14_M02_ACT,465.270527,False,0cd2d39b9ab3999bdbbe7304a7051ca98a51d813131ec9fa7eee74407629483d,True,1918.524997,53522432,0.7700054183865294,True,90.683276,profiles/L_REDSTAR/l_SW_C14_CORE_A_SW_C14_M02_ACT.json,bcc35a4c0eac0108a6faeb5d48ec445c083d9adf6ccb11c33cc5435b968776d3,True,1,928,babbe455c42cbc1ad868fb649dfe48d6674ef368f9eeecb6e0a548b1eb37418c,L,L_REDSTAR,7add5317fd51e7fab04a826045c6bddafb54a0cd839d2833aee7f5af11a764cd,928,1.0,118.08525300000002,311926,7734529,596bbd348faf9ff60d534438c894f45a54fbebc09b4d155283e6de5a669cd534,True,SUCCESS_H2S,False,REDSTAR,1477.274643,True,833.457358
6,CMD_PLC_C14_M02_A1_C14_M02;CMD_PLC_C14_M02_A2_C14_M02;CMD_PLC_C14_M02_A3_C14_M02;CMD_PLC_C14_M02_A4_C14_M02;COORD_CC_C14_PLC_C14_M02;STAT_PLC_C14_M02,0.00646551724137931,H2S,True,266,349.02644100000003,312307,7734674,False,0.0,8.105565,,l_SW_C14_CORE_A_SW_C14_M02_CTRL,468.443191,False,0cd2d39b9ab3999bdbbe7304a7051ca98a51d813131ec9fa7eee74407629483d,True,1918.524997,53690368,0.7481298952290899,True,57.748586,profiles/L_REDSTAR/l_SW_C14_CORE_A_SW_C14_M02_CTRL.json,1666d0334ab41d48064368cc22a46aef481c2ba2871dd303dd9ec826c360a699,True,1,928,18b6be52c2116c2d2e56995849c48dc91400b71066cbe883b44524100e111597,L,L_REDSTAR,0749477b360195b4c692d8b211f58a83e0dca2ad40d4b05d3fc4e58ed24173ab,928,1.0,119.41674999999998,311962,7734170,d5a931d87c100062ca6c8e9a258ba749a8e56589d56e149bc5690401d59ea5a6,True,SUCCESS_H2S,False,REDSTAR,1435.305905,True,823.854709
4,CMD_PLC_C14_M03_A1_C14_M03;CMD_PLC_C14_M03_A2_C14_M03;CMD_PLC_C14_M03_A3_C14_M03;CMD_PLC_C14_M03_A4_C14_M03,0.004310344827586207,H2S,True,267,346.349474,312251,7734992,False,0.0,8.342639,,l_SW_C14_CORE_A_SW_C14_M03_ACT,469.73701,False,0cd2d39b9ab3999bdbbe7304a7051ca98a51d813131ec9fa7eee74407629483d,True,1918.524997,53526528,0.7484324120067746,True,58.148692,profiles/L_REDSTAR/l_SW_C14_CORE_A_SW_C14_M03_ACT.json,61b761d491690e8fc1f57141714ce4d1f05401887a93b892e346e00c0dcc1066,True,1,928,7274fbdb3edb39943af1957ac92f522034325c920a4467485f946aa916571a8f,L,L_REDSTAR,1107830b98181f472f3b36dc87cf41c711ff02a5460347f80b4aabf82526d368,928,1.0,123.38753600000001,311928,7734537,fbb6e92c55c0cd1f69b6986cdf786a3addb30e53449fc33485739d45eb324288,True,SUCCESS_H2S,False,REDSTAR,1435.886291,True,822.790712
6,CMD_PLC_C14_M03_A1_C14_M03;CMD_PLC_C14_M03_A2_C14_M03;CMD_PLC_C14_M03_A3_C14_M03;CMD_PLC_C14_M03_A4_C14_M03;COORD_CC_C14_PLC_C14_M03;STAT_PLC_C14_M03,0.00646551724137931,H2S,True,268,351.26687200000003,312330,7734666,False,0.0,8.390783,,l_SW_C14_CORE_A_SW_C14_M03_CTRL,465.272682,False,0cd2d39b9ab3999bdbbe7304a7051ca98a51d813131ec9fa7eee74407629483d,True,1918.524997,53690368,0.7665849099176476,True,87.356302,profiles/L_REDSTAR/l_SW_C14_CORE_A_SW_C14_M03_CTRL.json,c86a85a06fa8ab444e319b60a7266150c182f502e513b4206d9756ff9aaa6a55,True,1,928,020e38ee50de591277b0cd75207dda53e46af237e4f396b0fc64f60fae2d7b24,L,L_REDSTAR,d861c218937bca8c77fcf21d9a6f0a4be321a135e38a9001ce8fc6d858570f7a,928,1.0,114.00580999999994,311981,7734162,c261faf91771f9d9f53fc500cf72fd879e960e805e0b251dddff6309b5d756cd,True,SUCCESS_H2S,False,REDSTAR,1470.712312,True,823.955822
4,CMD_PLC_C14_M04_A1_C14_M04;CMD_PLC_C14_M04_A2_C14_M04;CMD_PLC_C14_M04_A3_C14_M04;CMD_PLC_C14_M04_A4_C14_M04,0.004310344827586207,H2S,True,269,350.75476,312272,7734984,False,0.0,8.147256,,l_SW_C14_CORE_A_SW_C14_M04_ACT,469.328691,False,0cd2d39b9ab3999bdbbe7304a7051ca98a51d813131ec9fa7eee74407629483d,True,1918.524997,53690368,0.7418280878411718,True,57.221646,profiles/L_REDSTAR/l_SW_C14_CORE_A_SW_C14_M04_ACT.json,a21eec11c8d2b3765836499240f357f6d6a565fe39e63b177761052a6bed03ac,True,1,928,9bf59ada6c7843454648f8b0fb301db0014ebeff14ab2b55e94d58d7345a32db,L,L_REDSTAR,e3c5f17c34b3baf0eb952de898dc2748dd62a2bb3793dbcff083eb2953920438,928,1.0,118.57393100000002,311941,7734529,2de2b9fb96bc4ddbdbd1bd58ba6bc38b47fb4d3af77f8b5e0bbdfd0549484500,True,SUCCESS_H2S,False,REDSTAR,1423.21573,True,806.071467
6,CMD_PLC_C14_M04_A1_C14_M04;CMD_PLC_C14_M04_A2_C14_M04;CMD_PLC_C14_M04_A3_C14_M04;CMD_PLC_C14_M04_A4_C14_M04;COORD_CC_C14_PLC_C14_M04;STAT_PLC_C14_M04,0.00646551724137931,H2S,True,270,348.227324,312329,7734664,False,0.0,8.493679,,l_SW_C14_CORE_A_SW_C14_M04_CTRL,472.571417,False,0cd2d39b9ab3999bdbbe7304a7051ca98a51d813131ec9fa7eee74407629483d,True,1918.524997,53694464,0.7669474149676665,True,58.992086,profiles/L_REDSTAR/l_SW_C14_CORE_A_SW_C14_M04_CTRL.json,5f7e3f0841507acd6d0ff322481b9ee0be2fa6d7316f0a1150c2f0cc8461b4c1,True,1,928,a1fb880b63f55ec3f84104c7927720423c51876c061340690f9e52a920922bd2,L,L_REDSTAR,806c0b5cb08a859837a828afd153b8237bc1b46a1760e892980536b4e6cb2bac,928,1.0,124.34409299999999,311989,7734160,9ed0bc86cf61c5f674c8066b9544309344246e30a6ed41effe71dab59c7ddc1e,True,SUCCESS_H2S,False,REDSTAR,1471.407787,True,850.429304
2,IC_NEXT_CC_C14;IC_PREV_CC_C14,0.0021551724137931034,H2S,True,271,348.64619600000003,312221,7735278,False,0.0,8.123523,,l_SW_C14_CORE_A_SW_FACTORY_CORE_A,467.127362,False,0cd2d39b9ab3999bdbbe7304a7051ca98a51d813131ec9fa7eee74407629483d,True,1918.524997,53522432,0.7738780898459151,True,65.557076,profiles/L_REDSTAR/l_SW_C14_CORE_A_SW_FACTORY_CORE_A.json,dd7eecb86042f16da75d608b1abfeae2f04e98d67c909cf36aa54697b5f9e62f,True,1,928,e88e553151f561cb6fbaafa5e56b00e5b916d7ccb6a89ee3920347607d0602a3,L,L_REDSTAR,c828e2272c813997005d8b7bca1719849325ae05c7a4e72f5ddb2c71da59cc3c,928,1.0,118.48116599999997,311903,7734896,2d19e429380d28465d7e1b89653a577af1754e564b181590e7c4dbf32504e9e3,True,SUCCESS_H2S,False,REDSTAR,1484.70446,True,861.599107
8,SC_S1_C14_M01;SC_S2_C14_M01;SC_S3_C14_M01;SC_S4_C14_M01;SF_S1_C14_M01;SF_S2_C14_M01;SF_S3_C14_M01;SF_S4_C14_M01,0.008620689655172414,H2S,True,272,361.22234199999997,312309,7733920,False,0.0,24.827371,,l_SW_C14_CORE_B_SW_C14_M01_CTRL,489.404511,False,0cd2d39b9ab3999bdbbe7304a7051ca98a51d813131ec9fa7eee74407629483d,True,1918.524997,53530624,0.7928405271646299,True,64.832082,profiles/L_REDSTAR/l_SW_C14_CORE_B_SW_C14_M01_CTRL.json,46fd12b662a2a89cdc3e76023e70ed0dac560df0ce3278550e7405852b9f96a7,True,1,928,55b603c72aa3f4272fb1361ed1e5d3c714871353447d09cc4a34e7b0c140974f,L,L_REDSTAR,056e4c584fd40af50768df447ab8bbc626ee7e7dc6ad6cd04a7d8465ecb7278e,928,1.0,128.18216900000004,311981,7733450,e7daa82d53b6a1d18d4c4b60a7e6a1a538a4d7243da90f054db99a10ca48e0bf,True,SUCCESS_H2S,False,REDSTAR,1521.08437,True,860.110807
8,SC_S1_C14_M01;SC_S2_C14_M01;SC_S3_C14_M01;SC_S4_C14_M01;SF_S1_C14_M01;SF_S2_C14_M01;SF_S3_C14_M01;SF_S4_C14_M01,0.008620689655172414,H2S,True,273,362.08404,312313,7733920,False,0.0,8.01617,,l_SW_C14_CORE_B_SW_C14_M01_SENS,489.617678,False,0cd2d39b9ab3999bdbbe7304a7051ca98a51d813131ec9fa7eee74407629483d,True,1918.524997,53694464,0.7784603267277627,True,79.279138,profiles/L_REDSTAR/l_SW_C14_CORE_B_SW_C14_M01_SENS.json,55a3c38745d62bbbd0249dbee8e5ce4d348b142ec4a95a4f686aaa07df51fa9b,True,1,928,55b603c72aa3f4272fb1361ed1e5d3c714871353447d09cc4a34e7b0c140974f,L,L_REDSTAR,0a4460ba37df386d84042e19c6c2442445b87fe9624fc1ea90788a5ec23fcde0,928,1.0,127.533638,311981,7733450,e7daa82d53b6a1d18d4c4b60a7e6a1a538a4d7243da90f054db99a10ca48e0bf,True,SUCCESS_H2S,False,REDSTAR,1493.495596,True,833.671269
8,SC_S1_C14_M02;SC_S2_C14_M02;SC_S3_C14_M02;SC_S4_C14_M02;SF_S1_C14_M02;SF_S2_C14_M02;SF_S3_C14_M02;SF_S4_C14_M02,0.008620689655172414,H2S,True,274,359.769214,312292,7733930,False,0.0,7.973264,,l_SW_C14_CORE_B_SW_C14_M02_CTRL,487.977192,False,0cd2d39b9ab3999bdbbe7304a7051ca98a51d813131ec9fa7eee74407629483d,True,1918.524997,53694464,0.7737642753267707,True,91.622498,profiles/L_REDSTAR/l_SW_C14_CORE_B_SW_C14_M02_CTRL.json,8a53d8093c40529332fdb4ea107b2da25a3cbd447eac7716bf745a5ca34d4522,True,1,928,be7795acd2c0f559b077e70f966c5dc7dc06614d8ff506e69019a9a99c823006,L,L_REDSTAR,53a4722456e1d21a82c422123d7926aed0b46906d56d6dc00cdbe128065a08e0,928,1.0,128.20797800000003,311967,7733460,7758ab3ac2637fa9fddec62121f885be165911af21296721019772f0156a1edc,True,SUCCESS_H2S,False,REDSTAR,1484.486104,True,815.696153
8,SC_S1_C14_M02;SC_S2_C14_M02;SC_S3_C14_M02;SC_S4_C14_M02;SF_S1_C14_M02;SF_S2_C14_M02;SF_S3_C14_M02;SF_S4_C14_M02,0.008620689655172414,H2S,True,275,349.78488400000003,312295,7733930,False,0.0,7.959412,,l_SW_C14_CORE_B_SW_C14_M02_SENS,463.91469,False,0cd2d39b9ab3999bdbbe7304a7051ca98a51d813131ec9fa7eee74407629483d,True,1918.524997,53690368,0.76077574557659,True,57.219685,profiles/L_REDSTAR/l_SW_C14_CORE_B_SW_C14_M02_SENS.json,568b45cbaedec07d39ad2e0742aaa9f851b5ffa715aea1dfc8cb1245f7d164c0,True,1,928,be7795acd2c0f559b077e70f966c5dc7dc06614d8ff506e69019a9a99c823006,L,L_REDSTAR,89a7e7a05a4b46686c2288675d203196368584cbf5d677b984f24e8f610bc6db,928,1.0,114.12980599999997,311967,7733460,7758ab3ac2637fa9fddec62121f885be165911af21296721019772f0156a1edc,True,SUCCESS_H2S,False,REDSTAR,1459.567285,True,849.65667
8,SC_S1_C14_M03;SC_S2_C14_M03;SC_S3_C14_M03;SC_S4_C14_M03;SF_S1_C14_M03;SF_S2_C14_M03;SF_S3_C14_M03;SF_S4_C14_M03,0.008620689655172414,H2S,True,276,353.327071,312309,7733926,False,0.0,7.952122,,l_SW_C14_CORE_B_SW_C14_M03_CTRL,469.190092,False,0cd2d39b9ab3999bdbbe7304a7051ca98a51d813131ec9fa7eee74407629483d,True,1918.524997,53694464,0.7682700284358088,True,57.502887,profiles/L_REDSTAR/l_SW_C14_CORE_B_SW_C14_M03_CTRL.json,947b0546e6ec81692fe45ee02c82bd37c7d4d23a6c4e67d2e298a063299a91bd,True,1,928,9ffccc1ff3bc4ae4843956baa236542bdeb03341f17dffc8c99d46404169f413,L,L_REDSTAR,e7f2a0ec4d789777c7e18394b73c60ae2d3136ae0a842ba717e9852c0b1182e1,928,1.0,115.863021,311991,7733456,bcb61453bc194594223e73bf379eeedd41a87e06896e60e7c224414f09972432,True,SUCCESS_H2S,False,REDSTAR,1473.945254,True,859.267778
8,SC_S1_C14_M03;SC_S2_C14_M03;SC_S3_C14_M03;SC_S4_C14_M03;SF_S1_C14_M03;SF_S2_C14_M03;SF_S3_C14_M03;SF_S4_C14_M03,0.008620689655172414,H2S,True,277,364.588134,312311,7733926,False,0.0,8.392238,,l_SW_C14_CORE_B_SW_C14_M03_SENS,488.115512,False,0cd2d39b9ab3999bdbbe7304a7051ca98a51d813131ec9fa7eee74407629483d,True,1918.524997,53694464,0.7934690068570424,True,69.831425,profiles/L_REDSTAR/l_SW_C14_CORE_B_SW_C14_M03_SENS.json,326849a8448d1e424fa735cdb908b7cf976cd3b2322b3bdf7a288e632b6db1e9,True,1,928,9ffccc1ff3bc4ae4843956baa236542bdeb03341f17dffc8c99d46404169f413,L,L_REDSTAR,d8d97c6b2c20aa631283fa475e9c4c451258e6cbc070ade72647671ac59b85c5,928,1.0,123.527378,311991,7733456,bcb61453bc194594223e73bf379eeedd41a87e06896e60e7c224414f09972432,True,SUCCESS_H2S,False,REDSTAR,1522.290124,True,874.348717
8,SC_S1_C14_M04;SC_S2_C14_M04;SC_S3_C14_M04;SC_S4_C14_M04;SF_S1_C14_M04;SF_S2_C14_M04;SF_S3_C14_M04;SF_S4_C14_M04,0.008620689655172414,H2S,True,278,348.63883200000004,312279,7733922,False,0.0,8.225089,,l_SW_C14_CORE_B_SW_C14_M04_CTRL,468.583596,False,0cd2d39b9ab3999bdbbe7304a7051ca98a51d813131ec9fa7eee74407629483d,True,1918.524997,53694464,0.7720252596740077,True,61.247096,profiles/L_REDSTAR/l_SW_C14_CORE_B_SW_C14_M04_CTRL.json,3bd3951e8ef0a64dca749ba624006538a953fff5d5617741d571032863f52982,True,1,928,bf104f220c59b087c4b953915c757f1c0a162142554fdb6be26469f175530945,L,L_REDSTAR,5516fd7c4b4f5cf3e9d961f53bc29fb73226e28f485e1bd41a5aafefc1a64ce6,928,1.0,119.94476399999996,311958,7733452,9b1bf287458dd3948bd94e226a628ffa6ae130531655b79408a6b43fa4812f34,True,SUCCESS_H2S,False,REDSTAR,1481.149759,True,859.736753
8,SC_S1_C14_M04;SC_S2_C14_M04;SC_S3_C14_M04;SC_S4_C14_M04;SF_S1_C14_M04;SF_S2_C14_M04;SF_S3_C14_M04;SF_S4_C14_M04,0.008620689655172414,H2S,True,279,357.175882,312279,7733922,False,0.0,8.232253,,l_SW_C14_CORE_B_SW_C14_M04_SENS,479.577712,False,0cd2d39b9ab3999bdbbe7304a7051ca98a51d813131ec9fa7eee74407629483d,True,1918.524997,53694464,0.7651812148893257,True,57.305058,profiles/L_REDSTAR/l_SW_C14_CORE_B_SW_C14_M04_SENS.json,b3b6c9fc9f0a024e94fd8d52cf3bc5b68db6eb25b30a0d328b017042669d2e07,True,1,928,bf104f220c59b087c4b953915c757f1c0a162142554fdb6be26469f175530945,L,L_REDSTAR,16aeed8352178e2919adc5e13ddc16aaf93dfc0f8ab74348a23fec2613a60f6e,928,1.0,122.40183000000002,311958,7733452,9b1bf287458dd3948bd94e226a628ffa6ae130531655b79408a6b43fa4812f34,True,SUCCESS_H2S,False,REDSTAR,1468.019288,True,837.432086
2,IC_NEXT_CC_C13;IC_PREV_CC_C15,0.0021551724137931034,H2S,True,280,364.34339700000004,312231,7734889,False,0.0,8.104803,,l_SW_C14_CORE_B_SW_FACTORY_CORE_A,488.181868,False,0cd2d39b9ab3999bdbbe7304a7051ca98a51d813131ec9fa7eee74407629483d,True,1918.524997,53686272,0.7817267553694532,True,70.782333,profiles/L_REDSTAR/l_SW_C14_CORE_B_SW_FACTORY_CORE_A.json,299a1d3c023923a67abb1bc0e57caf62e89629223da4c7c45575dd5724da7f0d,True,1,928,cb3d8c64efaac911ca745bc991d630b4898bc56e4e05bb0bf78cacceeb791801,L,L_REDSTAR,5c9b7d0eb242f46f16214afc9eed8e22e1a834ed5d802bf83c76f1db2915dcf5,928,1.0,123.83847099999997,311901,7734507,e157ffd57438f064bdd530717a2ec99597a75d9f0656fdabb1f46414290af25b,True,SUCCESS_H2S,False,REDSTAR,1499.762321,True,851.732255
11,COORD_CC_C15_PLC_C15_M01;COORD_CC_C15_PLC_C15_M02;COORD_CC_C15_PLC_C15_M03;COORD_CC_C15_PLC_C15_M04;IC_NEXT_CC_C15;IC_PREV_CC_C15;IC_PREV_CC_C16;STAT_PLC_C15_M01;STAT_PLC_C15_M02;STAT_PLC_C15_M03;STAT_PLC_C15_M04,0.011853448275862068,H2S,True,281,362.845617,312201,7733670,False,0.0,8.91084,,l_SW_C15_CC_SW_C15_CORE_A,482.275676,False,0cd2d39b9ab3999bdbbe7304a7051ca98a51d813131ec9fa7eee74407629483d,True,1918.524997,53673984,0.8006358590072622,True,85.390029,profiles/L_REDSTAR/l_SW_C15_CC_SW_C15_CORE_A.json,3f5218e7c72fd3d45417f0ff7b1c72cd99c99fadb27e7eb9beb1b25c65c0270c,True,1,928,af1e24e9f6d5a743f0a359eb781fe37442043bc4e40dd3e1c6e7d6f53d74df5c,L,L_REDSTAR,d1eb694ca4d8c4d6b778bc180fa0e63ab203e0e1214cd59169db5a4f53f87acd,928,1.0,119.43005899999997,311855,7733111,b666e77c28e8d8843639cd763fc4b817e814104728c5ac5a001406663ef1bd37,True,SUCCESS_H2S,False,REDSTAR,1536.039909,True,870.007821
1,IC_NEXT_CC_C14,0.0010775862068965517,H2S,True,282,365.536363,312064,7733452,False,0.0,9.215632,,l_SW_C15_CC_SW_C15_CORE_B,487.36368,False,0cd2d39b9ab3999bdbbe7304a7051ca98a51d813131ec9fa7eee74407629483d,True,1918.524997,53690368,0.7909605980494817,True,64.527401,profiles/L_REDSTAR/l_SW_C15_CC_SW_C15_CORE_B.json,98c60b241ff432b98ea184fc6a1d741b4a806388bcb94d11e5772853cbcad4a7,True,1,928,b72641d3cc77e9bbbce809ba80bfddb97d7269bc21e675894aa7f5af0d7df45e,L,L_REDSTAR,4dd5ddd7cd8b4851f8a26f62c94553ed9f21f8250700557254f475ab4c67f179,928,1.0,121.827317,311786,7733111,89227b5150a56f890fce3e2ca796eaa261584561e95c2b8830fc29f848e1b8a6,True,SUCCESS_H2S,False,REDSTAR,1517.477679,True,876.138475
4,CMD_PLC_C15_M01_A1_C15_M01;CMD_PLC_C15_M01_A2_C15_M01;CMD_PLC_C15_M01_A3_C15_M01;CMD_PLC_C15_M01_A4_C15_M01,0.004310344827586207,H2S,True,283,355.44242599999995,312311,7735688,False,0.0,8.02377,,l_SW_C15_CORE_A_SW_C15_M01_ACT,476.091168,False,0cd2d39b9ab3999bdbbe7304a7051ca98a51d813131ec9fa7eee74407629483d,True,1918.524997,53686272,0.7779894472753643,True,75.248481,profiles/L_REDSTAR/l_SW_C15_CORE_A_SW_C15_M01_ACT.json,6354af2b4bd08b434b6b89d10f44794009aa3af88300b1298c3f2d4a6dc9a1ac,True,1,928,4a7eed6de7b77ccb2155d7adc777cb136e7d1718280a08270c212a283a2b638c,L,L_REDSTAR,ddbb4f2816090bd9f4642e7ef56e110db394b15dc1daa09164af10b61f826d89,928,1.0,120.64874200000003,311982,7735233,264c244dcb0aff8712da8892644d89f1f1d7e9c9b0d4b94bfcb3c32c4baf51b8,True,SUCCESS_H2S,False,REDSTAR,1492.592202,True,849.855441
6,CMD_PLC_C15_M01_A1_C15_M01;CMD_PLC_C15_M01_A2_C15_M01;CMD_PLC_C15_M01_A3_C15_M01;CMD_PLC_C15_M01_A4_C15_M01;COORD_CC_C15_PLC_C15_M01;STAT_PLC_C15_M01,0.00646551724137931,H2S,True,284,350.634221,312347,7735372,False,0.0,8.214989,,l_SW_C15_CORE_A_SW_C15_M01_CTRL,470.939847,False,0cd2d39b9ab3999bdbbe7304a7051ca98a51d813131ec9fa7eee74407629483d,True,1918.524997,53694464,0.781724451516229,True,83.652537,profiles/L_REDSTAR/l_SW_C15_CORE_A_SW_C15_M01_CTRL.json,ca552435dbe6e8cbfea0544d1a9a4277e16885a133987825cebc1066526b8e31,True,1,928,edb297d057f1aeb6c4dab80794b780627a3db72cb8375306437c69f30a1d6514,L,L_REDSTAR,c0fb69296aafa308eff2dff9662f2ab3402b834281db1ab3bbc59e10ea5a41fe,928,1.0,120.30562599999996,312007,7734868,f0b9513fcec0c7f96f2abd304378d56c852779420b2ba90be2816d2ee72f6583,True,SUCCESS_H2S,False,REDSTAR,1499.757901,True,848.303498
4,CMD_PLC_C15_M02_A1_C15_M02;CMD_PLC_C15_M02_A2_C15_M02;CMD_PLC_C15_M02_A3_C15_M02;CMD_PLC_C15_M02_A4_C15_M02,0.004310344827586207,H2S,True,285,361.35347,312292,7735688,False,0.0,8.616228,,l_SW_C15_CORE_A_SW_C15_M02_ACT,483.393312,False,0cd2d39b9ab3999bdbbe7304a7051ca98a51d813131ec9fa7eee74407629483d,True,1918.524997,53526528,0.7701157536703183,True,58.23116,profiles/L_REDSTAR/l_SW_C15_CORE_A_SW_C15_M02_ACT.json,da88c2ab860bf10b91feac6bf866cbec09870ee8e6c0dcfa361295b696de3b1b,True,1,928,1c020e50416c82529d73b1e9ff9f83ee2a2caa8356f04ffa87eaae32fd2c8e96,L,L_REDSTAR,40b4b3d44af8b6306c171e1cd8ad3b7e433b926547bf6e7e15363f6a5074fb66,928,1.0,122.03984199999996,311963,7735233,06507c5007234f483b7df745809ae1b75ea9f7549a4d1cac005e2dd76f0d54ad,True,SUCCESS_H2S,False,REDSTAR,1477.486324,True,843.878457
6,CMD_PLC_C15_M02_A1_C15_M02;CMD_PLC_C15_M02_A2_C15_M02;CMD_PLC_C15_M02_A3_C15_M02;CMD_PLC_C15_M02_A4_C15_M02;COORD_CC_C15_PLC_C15_M02;STAT_PLC_C15_M02,0.00646551724137931,H2S,True,286,357.709101,312354,7735380,False,0.0,8.357658,,l_SW_C15_CORE_A_SW_C15_M02_CTRL,477.178119,False,0cd2d39b9ab3999bdbbe7304a7051ca98a51d813131ec9fa7eee74407629483d,True,1918.524997,53530624,0.7712179274774391,True,72.743109,profiles/L_REDSTAR/l_SW_C15_CORE_A_SW_C15_M02_CTRL.json,4c8d10d0a174a1a70f90dc394d42ac941a41aae746ab9543539360710f4ca5db,True,1,928,1458f5f9021213f6075e12717d1343f54b1e2f5852b835eeccdb992226ad2572,L,L_REDSTAR,fa7096a9ece9b199738271b2f2ccf1ff54263e67d76c82e0eac4541d1a6e1f77,928,1.0,119.469018,312004,7734876,9fd9d72e0c9c7efd696d4f01f63d4ddff4fa0205abadafc307545c4958ee781e,True,SUCCESS_H2S,False,REDSTAR,1479.600872,True,838.400502
4,CMD_PLC_C15_M03_A1_C15_M03;CMD_PLC_C15_M03_A2_C15_M03;CMD_PLC_C15_M03_A3_C15_M03;CMD_PLC_C15_M03_A4_C15_M03,0.004310344827586207,H2S,True,287,355.477712,312292,7735696,False,0.0,8.136834,,l_SW_C15_CORE_A_SW_C15_M03_ACT,477.73971,False,0cd2d39b9ab3999bdbbe7304a7051ca98a51d813131ec9fa7eee74407629483d,True,1918.524997,53690368,0.781779740344973,True,93.797047,profiles/L_REDSTAR/l_SW_C15_CORE_A_SW_C15_M03_ACT.json,c98e9a53d76030acdc6285f0310251429c1f36cb980db2daeceea11b2f958c00,True,1,928,85d7a392273691f8020cb9b31ada9b755455331044514a5a460a6c550045fa8a,L,L_REDSTAR,970a455e362619a32ce5924bd15a82214e9fd438edd762bfc1e9a179eef0be73,928,1.0,122.261998,311970,7735241,79ad0bdfb6b8b2a1929529b89967dc2dbb6fb5493b9646055a76182c6c7fe180,True,SUCCESS_H2S,False,REDSTAR,1499.863974,True,840.443338
6,CMD_PLC_C15_M03_A1_C15_M03;CMD_PLC_C15_M03_A2_C15_M03;CMD_PLC_C15_M03_A3_C15_M03;CMD_PLC_C15_M03_A4_C15_M03;COORD_CC_C15_PLC_C15_M03;STAT_PLC_C15_M03,0.00646551724137931,H2S,True,288,350.344937,312371,7735372,False,0.0,7.906045,,l_SW_C15_CORE_A_SW_C15_M03_CTRL,466.9257,False,0cd2d39b9ab3999bdbbe7304a7051ca98a51d813131ec9fa7eee74407629483d,True,1918.524997,53694464,0.7712154385862298,True,58.379241,profiles/L_REDSTAR/l_SW_C15_CORE_A_SW_C15_M03_CTRL.json,715fcbccd34b581508927f39ac4414f3a4c18172a68286ec862eb67ec60fbd59,True,1,928,16a39d087240d1b2a8cd446725ae56a03f631fe19ee2e3b76ddcf6591d7799a5,L,L_REDSTAR,d36236f2e9c425ae4c7272d9f335afc1ec1371c58c15848057fc41aa304e9114,928,1.0,116.58076299999999,312031,7734868,a6834a6f06f6cf01d6541ef89bafcb81400122ca6bdf4ddef50e86fd90788b5d,True,SUCCESS_H2S,False,REDSTAR,1479.596097,True,865.004678
4,CMD_PLC_C15_M04_A1_C15_M04;CMD_PLC_C15_M04_A2_C15_M04;CMD_PLC_C15_M04_A3_C15_M04;CMD_PLC_C15_M04_A4_C15_M04,0.004310344827586207,H2S,True,289,359.479464,312288,7735688,False,0.0,8.393043,,l_SW_C15_CORE_A_SW_C15_M04_ACT,480.980017,False,0cd2d39b9ab3999bdbbe7304a7051ca98a51d813131ec9fa7eee74407629483d,True,1918.524997,53690368,0.7747013144598606,True,60.640918,profiles/L_REDSTAR/l_SW_C15_CORE_A_SW_C15_M04_ACT.json,638772dc1688a59acbd3df65fe6c3687449e36d87ccbd83dafd374482968f229,True,1,928,599f69cece6d5d204786ad4b3304cfa68dbbde24e082074d616dd288fc9929bd,L,L_REDSTAR,c4f594dcc051270840e4cf7ebe3408c14fa1f7eb52fc50e9044cfd8daddcf466,928,1.0,121.50055299999997,311977,7735233,82724e5b693353bbf9bb7b9035c4777db2660dda5b1868d6868242e701523558,True,SUCCESS_H2S,False,REDSTAR,1486.283837,True,853.187501
6,CMD_PLC_C15_M04_A1_C15_M04;CMD_PLC_C15_M04_A2_C15_M04;CMD_PLC_C15_M04_A3_C15_M04;CMD_PLC_C15_M04_A4_C15_M04;COORD_CC_C15_PLC_C15_M04;STAT_PLC_C15_M04,0.00646551724137931,H2S,True,290,358.444962,312346,7735380,False,0.0,9.240375,,l_SW_C15_CORE_A_SW_C15_M04_CTRL,479.248252,False,0cd2d39b9ab3999bdbbe7304a7051ca98a51d813131ec9fa7eee74407629483d,True,1918.524997,53530624,0.8074298012391234,True,88.800629,profiles/L_REDSTAR/l_SW_C15_CORE_A_SW_C15_M04_CTRL.json,6896f7da3366f3db2cfbca2cc4a7579627b16a402e469be0cbf43a337ce4017d,True,1,928,d5334ca7a0efb1ce08d91f5711b748b8e8963675a45c5d203fe0662ec9bd81f6,L,L_REDSTAR,ae375f67710fe965f2d0ab28900a057b95e37e1ec00476e412a36efa149c7aea,928,1.0,120.80329,312015,7734876,1a9819fa983d69c514ad6a3d8eb4aec80aaaf180f75c9c5954c9dcb4d7a07b11,True,SUCCESS_H2S,False,REDSTAR,1549.074257,True,881.312491
3,IC_NEXT_CC_C15;IC_PREV_CC_C15;IC_PREV_CC_C16,0.003232758620689655,H2S,True,291,350.112976,312224,7735289,False,0.0,7.917774,,l_SW_C15_CORE_A_SW_FACTORY_CORE_A,470.747482,False,0cd2d39b9ab3999bdbbe7304a7051ca98a51d813131ec9fa7eee74407629483d,True,1918.524997,53686272,0.7373920054271776,True,60.548861,profiles/L_REDSTAR/l_SW_C15_CORE_A_SW_FACTORY_CORE_A.json,438b7e5691ca813916a4155a5b933200c83ea135c9a18062fb3ef19a70ddb126,True,1,928,5659791de42a1b197c6bcb8525f9e5c7ad90ba1d8543a33872da5f926156d823,L,L_REDSTAR,86f2864fb492ac4ed35e0e6f1856b8d975e99c1d88d3f353453fefa2ac748b03,928,1.0,120.63450599999999,311899,7734890,908c4e1195b174b7d2a79254ac36c32865a24f8718de0c647b65bb749216b66a,True,SUCCESS_H2S,False,REDSTAR,1414.704995,True,796.356449
8,SC_S1_C15_M01;SC_S2_C15_M01;SC_S3_C15_M01;SC_S4_C15_M01;SF_S1_C15_M01;SF_S2_C15_M01;SF_S3_C15_M01;SF_S4_C15_M01,0.008620689655172414,H2S,True,292,349.645922,312303,7733922,False,0.0,8.031022,,l_SW_C15_CORE_B_SW_C15_M01_CTRL,476.146526,False,0cd2d39b9ab3999bdbbe7304a7051ca98a51d813131ec9fa7eee74407629483d,True,1918.524997,53694464,0.7423909728709154,True,57.419638,profiles/L_REDSTAR/l_SW_C15_CORE_B_SW_C15_M01_CTRL.json,0b2dc769f532a259d4079ab17a70c81b5a5143c7c12df461ed3a08f5570a10e5,True,1,928,c3813a782f00bc1e8d36c2596b53edb26f71dfdcc2c6559aa19520a62bc314f7,L,L_REDSTAR,845c207bdef73669daca2a3a3ef70073a64cff0ba1a90f04158a8587fd7e712e,928,1.0,126.50060400000001,311979,7733452,99db3ffb08761b19331328bb1d9fbba4e3f56530e2385797c643060b8cc8cfdf,True,SUCCESS_H2S,False,REDSTAR,1424.295639,True,802.690757
8,SC_S1_C15_M01;SC_S2_C15_M01;SC_S3_C15_M01;SC_S4_C15_M01;SF_S1_C15_M01;SF_S2_C15_M01;SF_S3_C15_M01;SF_S4_C15_M01,0.008620689655172414,H2S,True,293,364.51251,312307,7733922,False,0.0,8.838524,,l_SW_C15_CORE_B_SW_C15_M01_SENS,481.88286,False,0cd2d39b9ab3999bdbbe7304a7051ca98a51d813131ec9fa7eee74407629483d,True,1918.524997,53530624,0.7885516432497126,True,71.476667,profiles/L_REDSTAR/l_SW_C15_CORE_B_SW_C15_M01_SENS.json,618b856bf9f9c345d05346bd2c256db45c49f452a56f4fdb9188c98e1ff77d25,True,1,928,c3813a782f00bc1e8d36c2596b53edb26f71dfdcc2c6559aa19520a62bc314f7,L,L_REDSTAR,77b62a2a1a5c1e0675e8f04cbd11dd4720a8b8f05c9d4723fe94a54e1ed3528a,928,1.0,117.37034999999997,311979,7733452,99db3ffb08761b19331328bb1d9fbba4e3f56530e2385797c643060b8cc8cfdf,True,SUCCESS_H2S,False,REDSTAR,1512.856039,True,865.840434
8,SC_S1_C15_M02;SC_S2_C15_M02;SC_S3_C15_M02;SC_S4_C15_M02;SF_S1_C15_M02;SF_S2_C15_M02;SF_S3_C15_M02;SF_S4_C15_M02,0.008620689655172414,H2S,True,294,351.1,312285,7733926,False,0.0,8.081014,,l_SW_C15_CORE_B_SW_C15_M02_CTRL,467.292768,False,0cd2d39b9ab3999bdbbe7304a7051ca98a51d813131ec9fa7eee74407629483d,True,1918.524997,53698560,0.7491918443843971,True,58.653602,profiles/L_REDSTAR/l_SW_C15_CORE_B_SW_C15_M02_CTRL.json,26a104ae9fe8b75688eeea94e56d1d64a7303fd40c5bb64c5c366327ac70509b,True,1,928,a3078950feb040f58a3a1b4a5243e5fee5049b5409867e7af5a2195fb8ae94ff,L,L_REDSTAR,220d5680300807388a8e0ccb102a2ed88d4bf247e73fc0dba7c38cd14e606f00,928,1.0,116.192768,311956,7733456,012067333cd36a41ffe3ab37a775ccbed28972ddd3c25237cfeeeb288a5274dd,True,SUCCESS_H2S,False,REDSTAR,1437.343281,True,821.702892
8,SC_S1_C15_M02;SC_S2_C15_M02;SC_S3_C15_M02;SC_S4_C15_M02;SF_S1_C15_M02;SF_S2_C15_M02;SF_S3_C15_M02;SF_S4_C15_M02,0.008620689655172414,H2S,True,295,352.397559,312288,7733926,False,0.0,8.257942,,l_SW_C15_CORE_B_SW_C15_M02_SENS,471.335308,False,0cd2d39b9ab3999bdbbe7304a7051ca98a51d813131ec9fa7eee74407629483d,True,1918.524997,53530624,0.7540107396369775,True,75.779959,profiles/L_REDSTAR/l_SW_C15_CORE_B_SW_C15_M02_SENS.json,db68d106a753fa5a2933a05c76d065d51a82a0cfce0d1e515487a6eef8c0f92e,True,1,928,a3078950feb040f58a3a1b4a5243e5fee5049b5409867e7af5a2195fb8ae94ff,L,L_REDSTAR,cda60590f7983903e69cddcc3fd33d1e1ef1d48b8c849b4e79fe06677e73e1d4,928,1.0,118.937749,311956,7733456,012067333cd36a41ffe3ab37a775ccbed28972ddd3c25237cfeeeb288a5274dd,True,SUCCESS_H2S,False,REDSTAR,1446.588452,True,810.620085
8,SC_S1_C15_M03;SC_S2_C15_M03;SC_S3_C15_M03;SC_S4_C15_M03;SF_S1_C15_M03;SF_S2_C15_M03;SF_S3_C15_M03;SF_S4_C15_M03,0.008620689655172414,H2S,True,296,351.008529,312319,7733926,False,0.0,8.068518,,l_SW_C15_CORE_B_SW_C15_M03_CTRL,470.56155,False,0cd2d39b9ab3999bdbbe7304a7051ca98a51d813131ec9fa7eee74407629483d,True,1918.524997,53694464,0.7654389488259558,True,92.94818,profiles/L_REDSTAR/l_SW_C15_CORE_B_SW_C15_M03_CTRL.json,8e62cdf173736a8422479be95f5e0f5b117956cb3df974559ab1c806f16bde27,True,1,928,685b6532e5cb6b8cbe834bcd5ef64cae620a757b4ff3b74c8c17f4eb5d649a17,L,L_REDSTAR,0c61a1d5926d5925e0df421096608c8678bf1d280c93f803d7aa7cfa8a45c309,928,1.0,119.553021,311989,7733456,1ab6aed0b7f5df096ab22da1b12e87ae63834292c03aa0bb4d647a6faa126e26,True,SUCCESS_H2S,False,REDSTAR,1468.513757,True,815.073217
8,SC_S1_C15_M03;SC_S2_C15_M03;SC_S3_C15_M03;SC_S4_C15_M03;SF_S1_C15_M03;SF_S2_C15_M03;SF_S3_C15_M03;SF_S4_C15_M03,0.008620689655172414,H2S,True,297,353.35240600000003,312320,7733926,False,0.0,8.018916,,l_SW_C15_CORE_B_SW_C15_M03_SENS,474.430479,False,0cd2d39b9ab3999bdbbe7304a7051ca98a51d813131ec9fa7eee74407629483d,True,1918.524997,53530624,0.744975982192011,True,59.118711,profiles/L_REDSTAR/l_SW_C15_CORE_B_SW_C15_M03_SENS.json,18423185cd9cd1fb883b0c9919a5481e5780c65fec3e1336a6d36780e7679e28,True,1,928,685b6532e5cb6b8cbe834bcd5ef64cae620a757b4ff3b74c8c17f4eb5d649a17,L,L_REDSTAR,ae0de87aea41943280265a83e1034ce5359a565f31c8efe1eef11430c6418f10,928,1.0,121.07807299999996,311989,7733456,1ab6aed0b7f5df096ab22da1b12e87ae63834292c03aa0bb4d647a6faa126e26,True,SUCCESS_H2S,False,REDSTAR,1429.255044,True,806.793651
8,SC_S1_C15_M04;SC_S2_C15_M04;SC_S3_C15_M04;SC_S4_C15_M04;SF_S1_C15_M04;SF_S2_C15_M04;SF_S3_C15_M04;SF_S4_C15_M04,0.008620689655172414,H2S,True,298,349.034528,312278,7733922,False,0.0,8.14171,,l_SW_C15_CORE_B_SW_C15_M04_CTRL,472.056854,False,0cd2d39b9ab3999bdbbe7304a7051ca98a51d813131ec9fa7eee74407629483d,True,1918.524997,53698560,0.7518493479394577,True,59.654925,profiles/L_REDSTAR/l_SW_C15_CORE_B_SW_C15_M04_CTRL.json,43c824062b4d0d46b960fa150b43288b4d6fb102c1d3ad1c0c122f9fdcdd8211,True,1,928,b94f89932590164e5be9942ab43d980abb496e4f0487e0d3acd8f14454077393,L,L_REDSTAR,c0e247a21f1e9bfe356a0c691c20c2c59ddd2b72e23cc0f3916b5c9b2b97255e,928,1.0,123.02232599999996,311951,7733452,c6cc13f90120fa6de225925b068af343ae3f9e61d4d846c08490f3ff05aaec2d,True,SUCCESS_H2S,False,REDSTAR,1442.441768,True,821.320713
8,SC_S1_C15_M04;SC_S2_C15_M04;SC_S3_C15_M04;SC_S4_C15_M04;SF_S1_C15_M04;SF_S2_C15_M04;SF_S3_C15_M04;SF_S4_C15_M04,0.008620689655172414,H2S,True,299,360.177949,312282,7733922,False,0.0,8.617096,,l_SW_C15_CORE_B_SW_C15_M04_SENS,483.481326,False,0cd2d39b9ab3999bdbbe7304a7051ca98a51d813131ec9fa7eee74407629483d,True,1918.524997,53690368,0.8104442404614653,True,101.237482,profiles/L_REDSTAR/l_SW_C15_CORE_B_SW_C15_M04_SENS.json,bc1291f0ac6ecf79bea35e27c7eca44078f1d223a798b324b31bb59df9ee5dad,True,1,928,b94f89932590164e5be9942ab43d980abb496e4f0487e0d3acd8f14454077393,L,L_REDSTAR,6f44a1e5b1de79304a016130ce3a364747a3d869bad77664df90f1bf85ef5b63,928,1.0,123.30337700000001,311951,7733452,c6cc13f90120fa6de225925b068af343ae3f9e61d4d846c08490f3ff05aaec2d,True,SUCCESS_H2S,False,REDSTAR,1554.857534,True,869.127169
1,IC_NEXT_CC_C14,0.0010775862068965517,H2S,True,300,351.842086,312241,7735227,False,0.0,8.046724,,l_SW_C15_CORE_B_SW_FACTORY_CORE_A,474.225957,False,0cd2d39b9ab3999bdbbe7304a7051ca98a51d813131ec9fa7eee74407629483d,True,1918.524997,53526528,0.7530745146710226,True,58.699524,profiles/L_REDSTAR/l_SW_C15_CORE_B_SW_FACTORY_CORE_A.json,d86695d32670f06a9e3b67c0396a08ccc9b68b396efc7b1a73c29567d64adb40,True,1,928,497ae2d6678bbeea4064e003317e2451f03589645c3dbdbf743aa6808b2a63f4,L,L_REDSTAR,3eaabd57dad42dcbce868632934ed5dd860ffb8e03f5c2387d07737fee986a0b,928,1.0,122.383871,311921,7734862,29947153872e720aa5c38d4bae9541bff31c15b062eef1e29a12e7997645a2dd,True,SUCCESS_H2S,False,REDSTAR,1444.792281,True,822.326585
12,COORD_CC_C16_PLC_C16_M01;COORD_CC_C16_PLC_C16_M02;COORD_CC_C16_PLC_C16_M03;COORD_CC_C16_PLC_C16_M04;IC_NEXT_CC_C15;IC_NEXT_CC_C16;IC_PREV_CC_C01;IC_PREV_CC_C16;STAT_PLC_C16_M01;STAT_PLC_C16_M02;STAT_PLC_C16_M03;STAT_PLC_C16_M04,0.01293103448275862,H2S,True,301,349.28062900000003,312256,7734387,False,0.0,8.283403,,l_SW_C16_CC_SW_C16_CORE_A,467.154233,False,0cd2d39b9ab3999bdbbe7304a7051ca98a51d813131ec9fa7eee74407629483d,True,1918.524997,53514240,0.7703141852782437,True,59.57753,profiles/L_REDSTAR/l_SW_C16_CC_SW_C16_CORE_A.json,e9d935b2b766aa54aaa22af428e4fc7e3460297d215e9323bc94d86c5f747eea,True,1,928,54d1302aa87c15365d86f973ba324ee8d19e4068e664f896524f342aaaa5ee3b,L,L_REDSTAR,6e711c7886e6ed5f27476057f05343f4faae5263a38c50f70d9037b68e04d486,928,1.0,117.87360399999994,311901,7733811,ef6238870f0580466e16c0900e3de1f3f7d6a95cd1908f939e21692f06c60a32,True,SUCCESS_H2S,False,REDSTAR,1477.86702,True,863.321098
4,CMD_PLC_C16_M01_A1_C16_M01;CMD_PLC_C16_M01_A2_C16_M01;CMD_PLC_C16_M01_A3_C16_M01;CMD_PLC_C16_M01_A4_C16_M01,0.004310344827586207,H2S,True,302,359.872555,312239,7734984,False,0.0,8.028229,,l_SW_C16_CORE_A_SW_C16_M01_ACT,487.343854,False,0cd2d39b9ab3999bdbbe7304a7051ca98a51d813131ec9fa7eee74407629483d,True,1918.524997,53522432,0.7788759699960272,True,68.167614,profiles/L_REDSTAR/l_SW_C16_CORE_A_SW_C16_M01_ACT.json,1d445099dbda976ffe081b52c117831b5ee9665041935232163f54407b3c9385,True,1,928,fa60d1d2d2094da7fed60cac319c38a8391555787e915be774c9018e9d5ef3ea,L,L_REDSTAR,0c1b105086efedc1aced134acc255981aef77fe76a1b421d2e4ec9856cae4177,928,1.0,127.47129900000004,311913,7734529,49ec83b6dc22a90bab369387fae3b627ef16c9889721a44a64defc17cb752d1d,True,SUCCESS_H2S,False,REDSTAR,1494.293018,True,851.049516
6,CMD_PLC_C16_M01_A1_C16_M01;CMD_PLC_C16_M01_A2_C16_M01;CMD_PLC_C16_M01_A3_C16_M01;CMD_PLC_C16_M01_A4_C16_M01;COORD_CC_C16_PLC_C16_M01;STAT_PLC_C16_M01,0.00646551724137931,H2S,True,303,353.767045,312326,7735001,False,0.0,24.793087,,l_SW_C16_CORE_A_SW_C16_M01_CTRL,475.161285,False,0cd2d39b9ab3999bdbbe7304a7051ca98a51d813131ec9fa7eee74407629483d,True,1918.524997,53673984,0.7832881731277228,True,58.523299,profiles/L_REDSTAR/l_SW_C16_CORE_A_SW_C16_M01_CTRL.json,04b66eb9db2d19e177b30ff2475ed4719cf87e9a357418e01bef312d616e601e,True,1,928,30048dbce9a8bf615f1a6035d368cb06d3d5b0418dd1c3d29287e60c68c89f92,L,L_REDSTAR,c4918ceac905abb0817318651f110c23d0638c3abd824356f566e9edbe1292e5,928,1.0,121.39424000000002,311985,7734497,24e4301a32eb2cbdcef862202e1de254c7dc7a535b25543752e64cea40983e2e,True,SUCCESS_H2S,False,REDSTAR,1502.75794,True,864.732356
4,CMD_PLC_C16_M02_A1_C16_M02;CMD_PLC_C16_M02_A2_C16_M02;CMD_PLC_C16_M02_A3_C16_M02;CMD_PLC_C16_M02_A4_C16_M02,0.004310344827586207,H2S,True,304,360.575388,312222,7734984,False,0.0,8.447415,,l_SW_C16_CORE_A_SW_C16_M02_ACT,477.68684,False,0cd2d39b9ab3999bdbbe7304a7051ca98a51d813131ec9fa7eee74407629483d,True,1918.524997,53686272,0.7678795023800256,True,74.741487,profiles/L_REDSTAR/l_SW_C16_CORE_A_SW_C16_M02_ACT.json,6e2a45c4a7a7757c1aff2d9f9ed04432b4eef49e150718ecf5fc8b3432c6a365,True,1,928,ccf6482ea846a171716de431b0dbcf263a3093fcb68a7a62b2106f1f91765b65,L,L_REDSTAR,e0013c32741295867fa5b27a013c8bba5bd75a243580c70c17aad90556254c5d,928,1.0,117.11145200000004,311900,7734529,74289f33d52f808183df9da1c1f46f886b611f98a12758e884e598f15fbf6f5e,True,SUCCESS_H2S,False,REDSTAR,1473.19602,True,831.972841
6,CMD_PLC_C16_M02_A1_C16_M02;CMD_PLC_C16_M02_A2_C16_M02;CMD_PLC_C16_M02_A3_C16_M02;CMD_PLC_C16_M02_A4_C16_M02;COORD_CC_C16_PLC_C16_M02;STAT_PLC_C16_M02,0.00646551724137931,H2S,True,305,348.80472699999996,312315,7735001,False,0.0,8.062389,,l_SW_C16_CORE_A_SW_C16_M02_CTRL,462.688962,False,0cd2d39b9ab3999bdbbe7304a7051ca98a51d813131ec9fa7eee74407629483d,True,1918.524997,53690368,0.7752078843515845,True,94.370937,profiles/L_REDSTAR/l_SW_C16_CORE_A_SW_C16_M02_CTRL.json,7b9f5832fe579ed0708079672bdeb9369609a1f57c6dfcd98d1ccc465895a543,True,1,928,55a308e45ab7d8090d8455d5cb46515d9fd7fc93b59baff2a01e73cb86c0597f,L,L_REDSTAR,9e4ebf07a44ac33628758cc39a5989564091fdec017d107cdaa90b72a189f3b0,928,1.0,113.88423500000005,311972,7734497,5e29d4e770dc3f6289d740b4b858bd212e5163fa9832c7e3bf31e45e38e9ecc6,True,SUCCESS_H2S,False,REDSTAR,1487.255704,True,840.953658
4,CMD_PLC_C16_M03_A1_C16_M03;CMD_PLC_C16_M03_A2_C16_M03;CMD_PLC_C16_M03_A3_C16_M03;CMD_PLC_C16_M03_A4_C16_M03,0.004310344827586207,H2S,True,306,354.591267,312252,7734984,False,0.0,8.00388,,l_SW_C16_CORE_A_SW_C16_M03_ACT,469.976556,False,0cd2d39b9ab3999bdbbe7304a7051ca98a51d813131ec9fa7eee74407629483d,True,1918.524997,53682176,0.7648329744436476,True,57.275513,profiles/L_REDSTAR/l_SW_C16_CORE_A_SW_C16_M03_ACT.json,1c4e715f1139bf9c3d3a5fb09cf6910593e09f7ecab7cd4c40289427313ebb37,True,1,928,01bfd43aca853004248bd7c5f3bb76049a09d4b5ad77db5c7fd397048f6f9298,L,L_REDSTAR,b15689b7597792f3b8960c71f42e9bd0e04fdf775c9167742a918330096b76ba,928,1.0,115.385289,311923,7734529,370e7f92e1372e183cbbb26c9f2a5ffce4aa9e667ca8d80205a07a5c68224774,True,SUCCESS_H2S,False,REDSTAR,1467.35118,True,851.80396
6,CMD_PLC_C16_M03_A1_C16_M03;CMD_PLC_C16_M03_A2_C16_M03;CMD_PLC_C16_M03_A3_C16_M03;CMD_PLC_C16_M03_A4_C16_M03;COORD_CC_C16_PLC_C16_M03;STAT_PLC_C16_M03,0.00646551724137931,H2S,True,307,360.648633,312335,7735005,False,0.0,8.336377,,l_SW_C16_CORE_A_SW_C16_M03_CTRL,482.667534,False,0cd2d39b9ab3999bdbbe7304a7051ca98a51d813131ec9fa7eee74407629483d,True,1918.524997,53694464,0.7766508757143913,True,61.074893,profiles/L_REDSTAR/l_SW_C16_CORE_A_SW_C16_M03_CTRL.json,b257fb52fe5ca357535e6b9efc676af52c3a08a41ae82caa29b92e44e6ac4f41,True,1,928,d1fc49d95e6b070adb7b581f163c7f524abea7bd29b4bdb31618194a33162166,L,L_REDSTAR,ff5088a99d2082f1d2715ae79d04fa03a7b45a31983219485b5fd71175004660,928,1.0,122.01890099999997,311991,7734501,4ead4fe0fb06d0481e7e8ead2a3dcbda6643845b1f204d3049ce32371f63d5b0,True,SUCCESS_H2S,False,REDSTAR,1490.024119,True,856.647938
4,CMD_PLC_C16_M04_A1_C16_M04;CMD_PLC_C16_M04_A2_C16_M04;CMD_PLC_C16_M04_A3_C16_M04;CMD_PLC_C16_M04_A4_C16_M04,0.004310344827586207,H2S,True,308,361.988742,312251,7734992,False,0.0,8.022187,,l_SW_C16_CORE_A_SW_C16_M04_ACT,481.744237,False,0cd2d39b9ab3999bdbbe7304a7051ca98a51d813131ec9fa7eee74407629483d,True,1918.524997,53522432,0.7912118692087076,True,73.175521,profiles/L_REDSTAR/l_SW_C16_CORE_A_SW_C16_M04_ACT.json,6902a7fceaaa772b22ce0320ccdbef53f89209675152b2665be34b0261bb103e,True,1,928,4a08dca321cda8361cc1237ae15e14f1782dd00761d7298aca72e66579c4723f,L,L_REDSTAR,95465cd24760c3c7c128b76e0e74d6b53b9cede9d5f088e0d2779bf2b1fa3c9c,928,1.0,119.755495,311931,7734537,58ba1b67d7b33b7164158a8c8650b10f687036f629910e84e7c3f7cdf4c67c4d,True,SUCCESS_H2S,False,REDSTAR,1517.959749,True,873.646151
6,CMD_PLC_C16_M04_A1_C16_M04;CMD_PLC_C16_M04_A2_C16_M04;CMD_PLC_C16_M04_A3_C16_M04;CMD_PLC_C16_M04_A4_C16_M04;COORD_CC_C16_PLC_C16_M04;STAT_PLC_C16_M04,0.00646551724137931,H2S,True,309,354.65991,312338,7735001,False,0.0,8.058286,,l_SW_C16_CORE_A_SW_C16_M04_CTRL,471.793038,False,0cd2d39b9ab3999bdbbe7304a7051ca98a51d813131ec9fa7eee74407629483d,True,1918.524997,53530624,0.7610756243902097,True,60.230358,profiles/L_REDSTAR/l_SW_C16_CORE_A_SW_C16_M04_CTRL.json,764e33bdefcfad5136a2f63038a15aa15875b5bb820e7565a9f248bd56a9ec66,True,1,928,f4480f0d111e74f6209a302a19fca1c56ad1d3864f76c7758492c3bd50d84cd8,L,L_REDSTAR,b07390d15a9dbf960c344cd7320a9ac4827ad8bae99ee90f93174a9c35196c17,928,1.0,117.133128,312001,7734497,423ad1b4d3546d39df7139389f78472eac45e9585cd1d828c65e5cb37cbfffd8,True,SUCCESS_H2S,False,REDSTAR,1460.14261,True,836.348652
4,IC_NEXT_CC_C15;IC_NEXT_CC_C16;IC_PREV_CC_C01;IC_PREV_CC_C16,0.004310344827586207,H2S,True,310,350.949327,312251,7735308,False,0.0,8.449318,,l_SW_C16_CORE_A_SW_FACTORY_CORE_A,474.334857,False,0cd2d39b9ab3999bdbbe7304a7051ca98a51d813131ec9fa7eee74407629483d,True,1918.524997,53526528,0.7563658363946769,True,59.026632,profiles/L_REDSTAR/l_SW_C16_CORE_A_SW_FACTORY_CORE_A.json,8a480f63a387a262e1ad22c52c9d6efda64258dac788a3e25c487454d7ae66cc,True,1,928,2879bc0cbfc1cbdd1d7643024963903ce4707d5a4c8ef064adc3bb69fb66a55a,L,L_REDSTAR,2dc8e5cd3742b285f9d7d5cf8716731a9c84f1c0cb86a57151f2a1b6ef408654,928,1.0,123.38553000000002,311914,7734892,76d7542e0ebd750914ef0b2eb56afb3f0e5f60312aef7d161d692e8ae85abadd,True,SUCCESS_H2S,False,REDSTAR,1451.106764,True,828.536519
8,SC_S1_C16_M01;SC_S2_C16_M01;SC_S3_C16_M01;SC_S4_C16_M01;SF_S1_C16_M01;SF_S2_C16_M01;SF_S3_C16_M01;SF_S4_C16_M01,0.008620689655172414,H2S,True,311,356.382439,312308,7733922,False,0.0,8.326794,,l_SW_C16_CORE_B_SW_C16_M01_CTRL,472.901072,False,0cd2d39b9ab3999bdbbe7304a7051ca98a51d813131ec9fa7eee74407629483d,True,1918.524997,53530624,0.7796949439486506,True,72.354467,profiles/L_REDSTAR/l_SW_C16_CORE_B_SW_C16_M01_CTRL.json,ecc4b48ded068fcc508bb1cc551c360c67778cfeb784778195aec6d3b87b2cb9,True,1,928,53c7259e9eb33c1cda1294ccb69d78bac87d5a09ec9cfa35dd3328e7b5e4ebef,L,L_REDSTAR,533171e2a185ab9f93da55d2a8c1c9d2ed857812046033bc5980ff443e59b448,928,1.0,116.51863300000002,311982,7733452,55549f2eccba93c5ef64df4433f86c629b4c8d4a9fdc02e96c6ccac8ab754528,True,SUCCESS_H2S,False,REDSTAR,1495.86424,True,860.304245
8,SC_S1_C16_M01;SC_S2_C16_M01;SC_S3_C16_M01;SC_S4_C16_M01;SF_S1_C16_M01;SF_S2_C16_M01;SF_S3_C16_M01;SF_S4_C16_M01,0.008620689655172414,H2S,True,312,363.68030899999997,312311,7733922,False,0.0,9.736379,,l_SW_C16_CORE_B_SW_C16_M01_SENS,487.046289,False,0cd2d39b9ab3999bdbbe7304a7051ca98a51d813131ec9fa7eee74407629483d,True,1918.524997,53530624,0.7752565670636399,True,83.739708,profiles/L_REDSTAR/l_SW_C16_CORE_B_SW_C16_M01_SENS.json,8dbcb5e50db3b97e927eaaff3e393e189901f71ba81d1a9ff31af1bc35daa864,True,1,928,53c7259e9eb33c1cda1294ccb69d78bac87d5a09ec9cfa35dd3328e7b5e4ebef,L,L_REDSTAR,259f533810ae62f2179c0520ed6e421f7547e437744e9a18dff747791ac1e2d6,928,1.0,123.36598000000004,311982,7733452,55549f2eccba93c5ef64df4433f86c629b4c8d4a9fdc02e96c6ccac8ab754528,True,SUCCESS_H2S,False,REDSTAR,1487.349103,True,821.413303
8,SC_S1_C16_M02;SC_S2_C16_M02;SC_S3_C16_M02;SC_S4_C16_M02;SF_S1_C16_M02;SF_S2_C16_M02;SF_S3_C16_M02;SF_S4_C16_M02,0.008620689655172414,H2S,True,313,357.833284,312291,7733922,False,0.0,8.363906,,l_SW_C16_CORE_B_SW_C16_M02_CTRL,474.931066,False,0cd2d39b9ab3999bdbbe7304a7051ca98a51d813131ec9fa7eee74407629483d,True,1918.524997,53694464,0.7551357367067968,True,58.555448,profiles/L_REDSTAR/l_SW_C16_CORE_B_SW_C16_M02_CTRL.json,8441e7b8a1de587ff63351e73deb73d07800c3e0f10384287ff337bdfbe05e9a,True,1,928,93f224c8033bdbc81068674cc05dccaacd0c7171c36bceb9169fd2a1fe4de68b,L,L_REDSTAR,3f4795d260b1bdf1e6e34b1e2c8febf570face2259b59409068efb8212a53c29,928,1.0,117.097782,311959,7733452,eac0d8202ebd9da950cce36642b229841cb1b08faff76efc7f6a06a2efdc655a,True,SUCCESS_H2S,False,REDSTAR,1448.746787,True,826.264313
8,SC_S1_C16_M02;SC_S2_C16_M02;SC_S3_C16_M02;SC_S4_C16_M02;SF_S1_C16_M02;SF_S2_C16_M02;SF_S3_C16_M02;SF_S4_C16_M02,0.008620689655172414,H2S,True,314,352.414604,312295,7733922,False,0.0,8.362428,,l_SW_C16_CORE_B_SW_C16_M02_SENS,469.272663,False,0cd2d39b9ab3999bdbbe7304a7051ca98a51d813131ec9fa7eee74407629483d,True,1918.524997,53686272,0.7584335274626605,True,70.962433,profiles/L_REDSTAR/l_SW_C16_CORE_B_SW_C16_M02_SENS.json,8ccaa443d7c4689911865cdaeb332c052b5db0d00d74df994a08bc31f3f15b7b,True,1,928,93f224c8033bdbc81068674cc05dccaacd0c7171c36bceb9169fd2a1fe4de68b,L,L_REDSTAR,69512e50ea8ee6449ae257cd3c7a8ce9587b9b594258b9fb61b5217682490717,928,1.0,116.85805900000003,311959,7733452,eac0d8202ebd9da950cce36642b229841cb1b08faff76efc7f6a06a2efdc655a,True,SUCCESS_H2S,False,REDSTAR,1455.073681,True,825.896783
8,SC_S1_C16_M03;SC_S2_C16_M03;SC_S3_C16_M03;SC_S4_C16_M03;SF_S1_C16_M03;SF_S2_C16_M03;SF_S3_C16_M03;SF_S4_C16_M03,0.008620689655172414,H2S,True,315,351.07149,312299,7733926,False,0.0,8.313616,,l_SW_C16_CORE_B_SW_C16_M03_CTRL,474.502838,False,0cd2d39b9ab3999bdbbe7304a7051ca98a51d813131ec9fa7eee74407629483d,True,1918.524997,53694464,0.7692111639450273,True,81.996278,profiles/L_REDSTAR/l_SW_C16_CORE_B_SW_C16_M03_CTRL.json,42cb4ef8376ded0d4351d25bb22dda7f6ab9ea7dd7a20a910a74d1d17b6982f1,True,1,928,6d6dc6602d58a8f06cc2fec0815756e6a0265bb9dd931e67d623d6e1e9db1fd4,L,L_REDSTAR,7a22349455971ae9f40a4546ffa57dc0046c6a0481067eebc0af8ea6886ecc59,928,1.0,123.43134800000001,311972,7733456,4f6609ea722d3d9eb98381add49eaad5a92c054948d558d5d10af9ca5177a6f5,True,SUCCESS_H2S,False,REDSTAR,1475.750846,True,823.573407
8,SC_S1_C16_M03;SC_S2_C16_M03;SC_S3_C16_M03;SC_S4_C16_M03;SF_S1_C16_M03;SF_S2_C16_M03;SF_S3_C16_M03;SF_S4_C16_M03,0.008620689655172414,H2S,True,316,367.854935,312302,7733926,False,0.0,8.292913,,l_SW_C16_CORE_B_SW_C16_M03_SENS,490.624334,False,0cd2d39b9ab3999bdbbe7304a7051ca98a51d813131ec9fa7eee74407629483d,True,1918.524997,53526528,0.7624795065414516,True,59.171742,profiles/L_REDSTAR/l_SW_C16_CORE_B_SW_C16_M03_SENS.json,c6a6e895644adfc8ece6c0dc7304279d14d58ad38aafbab077ff1a95dd3be73b,True,1,928,6d6dc6602d58a8f06cc2fec0815756e6a0265bb9dd931e67d623d6e1e9db1fd4,L,L_REDSTAR,8c3a489a466c92c86175334f085a8da792c90118a0c286007bdb2604f5dcbbfe,928,1.0,122.76939899999996,311972,7733456,4f6609ea722d3d9eb98381add49eaad5a92c054948d558d5d10af9ca5177a6f5,True,SUCCESS_H2S,False,REDSTAR,1462.835993,True,822.996465
8,SC_S1_C16_M04;SC_S2_C16_M04;SC_S3_C16_M04;SC_S4_C16_M04;SF_S1_C16_M04;SF_S2_C16_M04;SF_S3_C16_M04;SF_S4_C16_M04,0.008620689655172414,H2S,True,317,362.56649600000003,312276,7733926,False,0.0,9.159227,,l_SW_C16_CORE_B_SW_C16_M04_CTRL,490.457229,False,0cd2d39b9ab3999bdbbe7304a7051ca98a51d813131ec9fa7eee74407629483d,True,1918.524997,53530624,0.7712039933353029,True,74.807157,profiles/L_REDSTAR/l_SW_C16_CORE_B_SW_C16_M04_CTRL.json,777f2b58a485d54b535e364816671002c60ceb698110b008f0e840d39e8185bb,True,1,928,236721479941f180d1ae5ff94ae996e88e06abf4b7f63dfe6682138e122bd6c4,L,L_REDSTAR,c47ce41c67103e00f24f27568037008415c02a8f5c88bc319ae39d60bfa3067c,928,1.0,127.89073299999995,311948,7733456,7c155de5b836adf197e0ee651f12781e8f3956aa2ba922d40b0324c1241436d6,True,SUCCESS_H2S,False,REDSTAR,1479.574139,True,823.613077
8,SC_S1_C16_M04;SC_S2_C16_M04;SC_S3_C16_M04;SC_S4_C16_M04;SF_S1_C16_M04;SF_S2_C16_M04;SF_S3_C16_M04;SF_S4_C16_M04,0.008620689655172414,H2S,True,318,351.75178600000004,312278,7733926,False,0.0,7.994581,,l_SW_C16_CORE_B_SW_C16_M04_SENS,466.786961,False,0cd2d39b9ab3999bdbbe7304a7051ca98a51d813131ec9fa7eee74407629483d,True,1918.524997,53530624,0.7709950192533249,True,91.684039,profiles/L_REDSTAR/l_SW_C16_CORE_B_SW_C16_M04_SENS.json,374a125e8e14abddd5e55ab1210ad6b15a119aa768abc2e87de9d41c5842b36b,True,1,928,236721479941f180d1ae5ff94ae996e88e06abf4b7f63dfe6682138e122bd6c4,L,L_REDSTAR,0d9c30c48785b71acd6eaa5b39be783de710ca6dd5fcd3eb48f162236beeef00,928,1.0,115.03517499999998,311948,7733456,7c155de5b836adf197e0ee651f12781e8f3956aa2ba922d40b0324c1241436d6,True,SUCCESS_H2S,False,REDSTAR,1479.173217,True,827.339727
1,IC_NEXT_CC_C01,0.0010775862068965517,H2S,True,1,273.558794,241939,5629651,False,0.0,7.983879,,l_SW_BB_C01_A_SW_BB_C01_B,364.378796,False,0cd2d39b9ab3999bdbbe7304a7051ca98a51d813131ec9fa7eee74407629483d,True,1365.803168,43491328,0.735309487874903,True,43.634222,profiles/L_ROR/l_SW_BB_C01_A_SW_BB_C01_B.json,8b49fc6edfb24f6b0970e3fffc9e6b02c07ca8bd995f58d42a35b9802047a056,True,1,928,deacec30c9c57ebac571c75e575f00e9e5764ae4dfff9f2d41a874a5a2e54553,L,L_ROR,6fd3dc65d62b2dd262a1dec4a799609bcfe1f1f1329ddef0d2f701b1f055b160,928,1.0,90.82000200000004,241705,5629310,db36d956b08455a0de7b8121fadf143b850a916bf535f050a0b645e2898a3447,True,SUCCESS_H2S,False,ROR,1004.288028,True,528.247489
2,IC_NEXT_CC_C16;IC_PREV_CC_C01,0.0021551724137931034,H2S,True,2,250.102946,243469,5648663,False,0.0,7.774335,,l_SW_BB_C01_A_SW_BB_C16_B,342.611276,False,0cd2d39b9ab3999bdbbe7304a7051ca98a51d813131ec9fa7eee74407629483d,True,1365.803168,43532288,0.7130050462732563,True,42.669142,profiles/L_ROR/l_SW_BB_C01_A_SW_BB_C16_B.json,097a9c75d8fba6b9e39ec7b07de71d348a37cfc059f13f3b3612e83e2583f879,True,1,928,cf93aa2be8fd3cad72806802d6484e4559a9e4ffb46d551ff38a5ea24a9421aa,L,L_ROR,89284975d8d97b3626fb44a7f6a264cc859e1e0a3af52f58b9c9faa000ed143c,928,1.0,92.50832999999997,243111,5648305,e97452107fe1fb3fb066d6ca47f2e78fd35c6e69097dd50ce6902a828002b763,True,SUCCESS_H2S,False,ROR,973.824551,True,521.758687
3,IC_NEXT_CC_C01;IC_NEXT_CC_C16;IC_PREV_CC_C01,0.003232758620689655,H2S,True,3,275.772844,242055,5630863,False,0.0,8.055268,,l_SW_BB_C01_A_SW_C01_CC,366.525792,False,0cd2d39b9ab3999bdbbe7304a7051ca98a51d813131ec9fa7eee74407629483d,True,1365.803168,43491328,0.734570346962323,True,56.178595,profiles/L_ROR/l_SW_BB_C01_A_SW_C01_CC.json,dd2a51f0530f57c4fe86b4e4f020bbdfc368adb3a8de56a73c5c88b105ab6b7e,True,1,928,091763bfc7eaadf67e4c12664841e12627ee4ccaf0b02dde2a1f57830564055c,L,L_ROR,c0b0bd4200ee3e91f0e4002e8ab23528059d491f28cc9fa966d69ce58824ce9d,928,1.0,90.752948,241790,5630494,026f1e1dc6fd1bf7596178068ff2ed5146ad3085dbedce808c88e8d4806afeaf,True,SUCCESS_H2S,False,ROR,1003.278507,True,512.68277
2,IC_NEXT_CC_C01;IC_PREV_CC_C02,0.0021551724137931034,H2S,True,4,251.39844300000001,243470,5648240,False,0.0,8.228565,,l_SW_BB_C01_B_SW_BB_C02_A,352.235873,False,0cd2d39b9ab3999bdbbe7304a7051ca98a51d813131ec9fa7eee74407629483d,True,1365.803168,43524096,0.7585433628163908,True,52.928403,profiles/L_ROR/l_SW_BB_C01_B_SW_BB_C02_A.json,5af06dc6857ce966273486288a1bdd91484a69c6371885fab4edc896e969fd97,True,1,928,fd81eaf0a2d28ca7d12a042f0f8c073de8a939c8adb1bf9a579be3e23b5b66a4,L,L_ROR,c2c69d12938c580760b189a0dd4437e54abec19bd398134bd7cc8f64d262bb7f,928,1.0,100.83743000000001,243110,5647882,18ad059880f21e54d663876f97b84a34ad922b843fffe6fdd7a60577bac579bf,True,SUCCESS_H2S,False,ROR,1036.020928,True,563.60488
1,IC_PREV_CC_C02,0.0010775862068965517,H2S,True,5,284.54945999999995,241919,5629594,False,0.0,7.933585,,l_SW_BB_C01_B_SW_C01_M01_ACT,382.106218,False,0cd2d39b9ab3999bdbbe7304a7051ca98a51d813131ec9fa7eee74407629483d,True,1365.803168,43323392,0.7624413000336518,True,48.066785,profiles/L_ROR/l_SW_BB_C01_B_SW_C01_M01_ACT.json,3fd592c74d0209dd6b0f33a6cdc1023d75be32a8e601c193f915fb7a6ccd4865,True,1,928,a277588f87721d376e71602447a54750b15a52bfadda9d3417c0692d38071906,L,L_ROR,62077e28d398a702c68ff44a46b065156f5866653ad81358ca3d6aaf55cc1367,928,1.0,97.55675800000006,241677,5629244,aad90524a911f0bd859bf500638234656542f663b43aaa634717bba42608e26b,True,SUCCESS_H2S,False,ROR,1041.344743,True,541.882938
1,IC_NEXT_CC_C02,0.0010775862068965517,H2S,True,6,280.539936,241954,5629621,False,0.0,7.780933,,l_SW_BB_C02_A_SW_BB_C02_B,377.813441,False,0cd2d39b9ab3999bdbbe7304a7051ca98a51d813131ec9fa7eee74407629483d,True,1365.803168,43495424,0.7629239076417196,True,46.560762,profiles/L_ROR/l_SW_BB_C02_A_SW_BB_C02_B.json,ce7cc6d401d0a8f77fbedf4d218d7e9a07bf7f72625ecb2aab5dccf20517115e,True,1,928,733ca0d2fe90622e9fa89c79fa9963795de0525e69cc17fb74ae003785e757a7,L,L_ROR,20639727dde2fce1ea7814ec8d111333d4b9a68e8c11a3d4f2883daa99b3b3fd,928,1.0,97.273505,241705,5629280,e01e85e5121ee261aac4ff165c80ad34842f2feaf7c83fbc2fc2debf6b3492c4,True,SUCCESS_H2S,False,ROR,1042.00389,True,550.094365
3,IC_NEXT_CC_C01;IC_NEXT_CC_C02;IC_PREV_CC_C02,0.003232758620689655,H2S,True,7,283.19078199999996,242027,5630827,False,0.0,8.078364,,l_SW_BB_C02_A_SW_C02_CC,375.336615,False,0cd2d39b9ab3999bdbbe7304a7051ca98a51d813131ec9fa7eee74407629483d,True,1365.803168,43491328,0.7682331865846134,True,62.265854,profiles/L_ROR/l_SW_BB_C02_A_SW_C02_CC.json,d1e681e138ebdd123fff7825ab73ae4a14e6eb0eb9e55858146d78b74b7fc50f,True,1,928,76537b1f771a785d92c1b6add8dce42cd4d2bb6bb2de2fdb892df2411e8dd0e8,L,L_ROR,1890d8da90bdac5e4f85a96304b2834eca9d057a0a68f0c1a059929d261fc43e,928,1.0,92.14583300000004,241771,5630458,1417a306ba11ccfe24a76593120ea8c98f8dd2113711cd1241368b3ec2eccac7,True,SUCCESS_H2S,False,ROR,1049.25532,True,541.720344
2,IC_NEXT_CC_C02;IC_PREV_CC_C03,0.0021551724137931034,H2S,True,8,252.830448,243390,5648190,False,0.0,8.62677,,l_SW_BB_C02_B_SW_BB_C03_A,350.532918,False,0cd2d39b9ab3999bdbbe7304a7051ca98a51d813131ec9fa7eee74407629483d,True,1365.803168,43532288,0.759818683478116,True,56.450016,profiles/L_ROR/l_SW_BB_C02_B_SW_BB_C03_A.json,70e9f1aaa047efa1274348c516a2d251af4ae996132a98a5db4e227e8df38e91,True,1,928,56af82a541e6fa5ac69df6c69f4b1e0ec106093a11d9353cbda8aa25457ed143,L,L_ROR,b5973c2dfa1f47db9e6b7526155e0ab5b703195767ef1e29b7658b62e4144016,928,1.0,97.70247,243029,5647832,d40b3afeb07ea23d816fd18032245d635dcc3c77acdc9a7526de35a3a17c0026,True,SUCCESS_H2S,False,ROR,1037.762765,True,560.378243
1,IC_PREV_CC_C03,0.0010775862068965517,H2S,True,9,278.30936099999997,241931,5629594,False,0.0,7.823183,,l_SW_BB_C02_B_SW_C02_M01_ACT,366.700291,False,0cd2d39b9ab3999bdbbe7304a7051ca98a51d813131ec9fa7eee74407629483d,True,1365.803168,43323392,0.7418042106928252,True,46.252642,profiles/L_ROR/l_SW_BB_C02_B_SW_C02_M01_ACT.json,17d23ee17a8ca3bd9c409406655a0125c68a15e083543726266952e4f1bf5e65,True,1,928,dd48470a5ac0067cb8af85105f4fa6bad9c569d99cb7713126e58a90af529a1e,L,L_ROR,52c2766a523127f82ebdbd63e252a5720cc82335da78e6b3590bcc0d980c0a8a,928,1.0,88.39093000000003,241679,5629244,ddfe8c34998ca5bce0545c9c2fd43ef98e9e99856db05a22b7485cf6f65bc6be,True,SUCCESS_H2S,False,ROR,1013.158541,True,532.324433
1,IC_NEXT_CC_C03,0.0010775862068965517,H2S,True,10,273.292333,241950,5629621,False,0.0,8.536274,,l_SW_BB_C03_A_SW_BB_C03_B,368.193885,False,0cd2d39b9ab3999bdbbe7304a7051ca98a51d813131ec9fa7eee74407629483d,True,1365.803168,43491328,0.7537202132188935,True,47.361193,profiles/L_ROR/l_SW_BB_C03_A_SW_BB_C03_B.json,7a16f0d65ab7d6bcad7e7534152c4c83fe3976eea1a526571e0bd4e411e72f1f,True,1,928,5f4ff6fa0048b776e3b51a5e4086cbd7892479905519428c81fe3babb7412c2a,L,L_ROR,37e2217495be532ef95311e4169177f6a5ed3c1ace7e9e024b8437d170d76ce5,928,1.0,94.90155200000004,241696,5629280,91c0b34e475ec8a226abe0fc9c03c744f9aaba8b06358fb0857ce952c78a3fbd,True,SUCCESS_H2S,False,ROR,1029.433455,True,547.585802
3,IC_NEXT_CC_C02;IC_NEXT_CC_C03;IC_PREV_CC_C03,0.003232758620689655,H2S,True,11,275.170659,242030,5630791,False,0.0,8.329001,,l_SW_BB_C03_A_SW_C03_CC,364.988648,False,0cd2d39b9ab3999bdbbe7304a7051ca98a51d813131ec9fa7eee74407629483d,True,1365.803168,43327488,0.7522839455004106,True,57.675536,profiles/L_ROR/l_SW_BB_C03_A_SW_C03_CC.json,4ba85c6cc2a3e0e9c0d04d332e5523613d2aca70f88b91ca7d428971c3eef8bb,True,1,928,05f42c1501ab855e913eb15bd0f382e570b81da0de69be4f40a1ff5d1b6865b4,L,L_ROR,79bdb1edaf7133fba80a0e68a4e3b4711e2dc5e9caa53a3c71844b58cc0d1f2e,928,1.0,89.81798900000001,241769,5630422,de0806d833da06a31ebd85934fb05eece5f27f4f502cfd22c534e20a3dbd866c,True,SUCCESS_H2S,False,ROR,1027.471796,True,535.687376
2,IC_NEXT_CC_C03;IC_PREV_CC_C04,0.0021551724137931034,H2S,True,12,248.272979,243479,5648254,False,0.0,8.002254,,l_SW_BB_C03_B_SW_BB_C04_A,345.309539,False,0cd2d39b9ab3999bdbbe7304a7051ca98a51d813131ec9fa7eee74407629483d,True,1365.803168,43532288,0.7751206885471217,True,77.70641,profiles/L_ROR/l_SW_BB_C03_B_SW_BB_C04_A.json,80e30911ccaa57af96aeca4996a09b177e46452489b52e615c8d86edff140f5b,True,1,928,ac4fe893e79652dd71e9d6f03a890133caeccf4224ebf65be88a3f497398c33e,L,L_ROR,8d3b43cb8886bbd81d2b40bf7bd3dcf2cd452d3197b77b2e041a685ede6e95c5,928,1.0,97.03655999999998,243118,5647896,d52a3953468cddb7eaaf4a0c8742d1fda977edcf1d16b6d7d9b27945e38c2f87,True,SUCCESS_H2S,False,ROR,1058.662292,True,566.338792
1,IC_PREV_CC_C04,0.0010775862068965517,H2S,True,13,281.60097499999995,241933,5629592,False,0.0,7.832577,,l_SW_BB_C03_B_SW_C03_M01_ACT,369.402961,False,0cd2d39b9ab3999bdbbe7304a7051ca98a51d813131ec9fa7eee74407629483d,True,1365.803168,43491328,0.7529133451241197,True,49.927201,profiles/L_ROR/l_SW_BB_C03_B_SW_C03_M01_ACT.json,e71de82bf38d42d7f5309474a923ef7460b5ebc954c422d39f82edb77d70fa22,True,1,928,f522cee162c96a5894aadc6da35db95553950db2207d5f1ac4664d6262003170,L,L_ROR,5c0c28834250f889c00e349ad8202d2305f47988add6371eac35046807829e75,928,1.0,87.80198600000006,241686,5629242,6d283dc26edf397a72b8bd140581eece1e2f5b8b272b974190a1501d698d765e,True,SUCCESS_H2S,False,ROR,1028.331432,True,539.605398
1,IC_NEXT_CC_C04,0.0010775862068965517,H2S,True,14,282.53517700000003,241964,5629619,False,0.0,8.040097,,l_SW_BB_C04_A_SW_BB_C04_B,380.368492,False,0cd2d39b9ab3999bdbbe7304a7051ca98a51d813131ec9fa7eee74407629483d,True,1365.803168,43491328,0.7518426103108878,True,47.128833,profiles/L_ROR/l_SW_BB_C04_A_SW_BB_C04_B.json,b0f7ebf63525e5ea4d0d668e993c1bfe14f78ae231fa65909500b9c25814348e,True,1,928,bb1bb25b25e8a21904f30e158c3f0772cfb3a9ab022e0c58a7f658cc8e8534a4,L,L_ROR,b6978f6380ba8d8d95f9165ffdfc74d167c03be5ee1452d02e7fa2924b1fc086,928,1.0,97.83331499999997,241713,5629278,75e251d7f05fb5b56ad628fedbac5ab5bc9f86ec8cc5294a37e7421fa20db3fb,True,SUCCESS_H2S,False,ROR,1026.869019,True,532.396471
3,IC_NEXT_CC_C03;IC_NEXT_CC_C04;IC_PREV_CC_C04,0.003232758620689655,H2S,True,15,286.861599,242054,5630833,False,0.0,8.510667,,l_SW_BB_C04_A_SW_C04_CC,382.034164,False,0cd2d39b9ab3999bdbbe7304a7051ca98a51d813131ec9fa7eee74407629483d,True,1365.803168,43491328,0.7704212595588299,True,62.665567,profiles/L_ROR/l_SW_BB_C04_A_SW_C04_CC.json,f05c464b989fc2141ff6b1989079a9b4eaa3c560d9d1af3b0a8fd1578687cd91,True,1,928,8992610817e4172e8f5df6b278d8924ec8c4a9b86fa49b1742bf130835aa7afb,L,L_ROR,597e3083dd2968dcf51f50b75108f4640dce81b1d6c77216313e3ed7f8d5eb7e,928,1.0,95.17256499999996,241792,5630464,705b6f58fd33f074e60e8cb39a647fd2c9b2b60afc5500137c82bc45c8f1b9dc,True,SUCCESS_H2S,False,ROR,1052.243797,True,536.328059
2,IC_NEXT_CC_C04;IC_PREV_CC_C05,0.0021551724137931034,H2S,True,16,254.10472899999996,243425,5648195,False,0.0,9.017109,,l_SW_BB_C04_B_SW_BB_C05_A,352.968848,False,0cd2d39b9ab3999bdbbe7304a7051ca98a51d813131ec9fa7eee74407629483d,True,1365.803168,43528192,0.7699632301628986,True,72.00632,profiles/L_ROR/l_SW_BB_C04_B_SW_BB_C05_A.json,1baebcf08c41cbe93c1bc616c6d3de1fe838025e5aa4604439601bed97409e3a,True,1,928,de5594c86816fa14f0329e93486909684a580b4dd5b8ea7c73c14ef1ffa28919,L,L_ROR,d76d5d13637af036d843048b4a3869945d7be190942a8acb996e6212bd295f95,928,1.0,98.86411900000002,243062,5647837,ffa8affb5a7bbbf2786ba14e94d88693792e007c7b61a9efc35d631019b332ba,True,SUCCESS_H2S,False,ROR,1051.618219,True,550.059088
1,IC_PREV_CC_C05,0.0010775862068965517,H2S,True,17,287.674981,241925,5629596,False,0.0,8.208968,,l_SW_BB_C04_B_SW_C04_M01_ACT,379.984556,False,0cd2d39b9ab3999bdbbe7304a7051ca98a51d813131ec9fa7eee74407629483d,True,1365.803168,43487232,0.7693465139187612,True,44.973462,profiles/L_ROR/l_SW_BB_C04_B_SW_C04_M01_ACT.json,7c224dbedc32d3cbf0d680509e6e1d56bebf3c83b2c67b492f8e335b6c264bac,True,1,928,658b063ae84fdeab5c4dc007be331da779c329f29891d10f6bdf9dfbe6ec25d1,L,L_ROR,376d7c787d02e3b694b64e684b37fc311e4b36c60d913a4ddf4d909842bcc5f7,928,1.0,92.309575,241681,5629246,809447178b12860780fd9b168b25978dd4eeb303e8257a634ff13833e4d61b27,True,SUCCESS_H2S,False,ROR,1050.775906,True,556.863956
1,IC_NEXT_CC_C05,0.0010775862068965517,H2S,True,18,282.789228,241948,5629623,False,0.0,9.198333,,l_SW_BB_C05_A_SW_BB_C05_B,383.086833,False,0cd2d39b9ab3999bdbbe7304a7051ca98a51d813131ec9fa7eee74407629483d,True,1365.803168,43495424,0.780981003699063,True,49.972247,profiles/L_ROR/l_SW_BB_C05_A_SW_BB_C05_B.json,a51a04bf54bc0d9790f85a64b31af595410265bfa2c7db52e2bb8a908af1bc04,True,1,928,1e9d8dbf9b66e26d00f5b7b09ee0666b6ab8f64a66f17df24e99bc6c30decbe1,L,L_ROR,8122b1e5cb38605fd1a244f594d71510e3f9b90e3f8f740659e8744ecd82afc5,928,1.0,100.29760500000003,241701,5629282,272dca0fb42029334a95d4e311def379ed55288da380da1d8ca6a0430ff231f7,True,SUCCESS_H2S,False,ROR,1066.666329,True,563.001714
3,IC_NEXT_CC_C04;IC_NEXT_CC_C05;IC_PREV_CC_C05,0.003232758620689655,H2S,True,19,284.62176900000003,242049,5630829,False,0.0,7.817874,,l_SW_BB_C05_A_SW_C05_CC,376.936468,False,0cd2d39b9ab3999bdbbe7304a7051ca98a51d813131ec9fa7eee74407629483d,True,1365.803168,43495424,0.7814827817122182,True,69.543175,profiles/L_ROR/l_SW_BB_C05_A_SW_C05_CC.json,d3b298ae33d3b4f2fad71bee5ad4e3d16b062ce491a9ae110391c8c940391ee5,True,1,928,27d34084a48fadd8afa66abb49504cc9f6cc7180954e1c4569c85d04245983ed,L,L_ROR,488f607c0c8cf535dcb8e100eb791e71b9a6705ad396fb832ea27f6c7e6abb43,928,1.0,92.31469899999996,241785,5630460,e503d1906c44bbe70b6f7c7c6adc09401b665772e9917b88d3a7a01a45e52fae,True,SUCCESS_H2S,False,ROR,1067.351659,True,540.824016
2,IC_NEXT_CC_C05;IC_PREV_CC_C06,0.0021551724137931034,H2S,True,20,248.705613,243363,5648230,False,0.0,8.071482,,l_SW_BB_C05_B_SW_BB_C06_A,350.57313,False,0cd2d39b9ab3999bdbbe7304a7051ca98a51d813131ec9fa7eee74407629483d,True,1365.803168,43364352,0.7718916551817517,True,51.615093,profiles/L_ROR/l_SW_BB_C05_B_SW_BB_C06_A.json,faacb8ea33b53115a764de807b8df91291ace1de2e32b565ac1991da9e9d8ee7,True,1,928,85697dc1ae348e727ee760824f89726b449609b7e3d4ecf78ea95c6b22a1048c,L,L_ROR,b30154ebfcea38ec857ee6acca574014fa1f68eea9b49e8fc82e1497a19a7bf7,928,1.0,101.86751699999999,242989,5647872,f52e6566a361b9208908bb458d8da4090f2791c6e45050a07909a444866b7cbd,True,SUCCESS_H2S,False,ROR,1054.252068,True,582.487855
1,IC_PREV_CC_C06,0.0010775862068965517,H2S,True,21,283.554958,241930,5629598,False,0.0,7.658742,,l_SW_BB_C05_B_SW_C05_M01_ACT,373.069609,False,0cd2d39b9ab3999bdbbe7304a7051ca98a51d813131ec9fa7eee74407629483d,True,1365.803168,43323392,0.7544623794575941,True,48.366934,profiles/L_ROR/l_SW_BB_C05_B_SW_C05_M01_ACT.json,3fcdfe03d2fb59d080a58d8cfd2a010a863be401ab95ea421b6aafc6a38e5f95,True,1,928,c4846d76ab423f8426757e4f649cfd73d86707041b42bccd6fbd3902044b72c5,L,L_ROR,e752a72b14308abad7665d8f18c3a4d2e705ebc4d8d9de3dc29202d7e7bf1fb8,928,1.0,89.51465100000001,241681,5629248,3d76d9e07ae6731b2accab1c774dfd3a37154a55b64a440d28361ce164b6422d,True,SUCCESS_H2S,False,ROR,1030.447108,True,541.19871
1,IC_NEXT_CC_C06,0.0010775862068965517,H2S,True,22,282.096453,241965,5629625,False,0.0,8.099753,,l_SW_BB_C06_A_SW_BB_C06_B,379.89402,False,0cd2d39b9ab3999bdbbe7304a7051ca98a51d813131ec9fa7eee74407629483d,True,1365.803168,43491328,0.7627301366751553,True,56.984555,profiles/L_ROR/l_SW_BB_C06_A_SW_BB_C06_B.json,26a34bb81ff9d1c39002b00f57b905cb7f2ef58f6c19ff800187bd7ba94f28c2,True,1,928,026817c4867de63476df3e0351e015c3d90b39254b3982748eae45918e9a1f7e,L,L_ROR,83f8ba041c93e3c7adbc24f1ec1d6fb8db87088924ef0a44937aa699d6e65dfd,928,1.0,97.79756700000002,241713,5629284,b65801c7cba8105a09daebf230156d9ab6b2cd555f9f17a8742baef1fe4da0c1,True,SUCCESS_H2S,False,ROR,1041.739237,True,538.356044
3,IC_NEXT_CC_C05;IC_NEXT_CC_C06;IC_PREV_CC_C06,0.003232758620689655,H2S,True,23,287.11033299999997,242050,5630859,False,0.0,10.130891,,l_SW_BB_C06_A_SW_C06_CC,379.172012,False,0cd2d39b9ab3999bdbbe7304a7051ca98a51d813131ec9fa7eee74407629483d,True,1365.803168,43487232,0.7780513597402932,True,67.634704,profiles/L_ROR/l_SW_BB_C06_A_SW_C06_CC.json,0b754f62ecb30436c2f1013ab3842cfdbcacd7676890de4763387f26caa89573,True,1,928,02cebb262dde95beb3159bd735b317413119e73312467cc70fdff9f3520b352e,L,L_ROR,96e8c6a16e46df694f0b43bc24a6e92bc74f1201611a5e32789e96a7fa24555f,928,1.0,92.06167900000003,241795,5630490,3be4147b6d1737820484622d2ef3a0da68bdfe64c2cc54c966f38cc362db74ef,True,SUCCESS_H2S,False,ROR,1062.665012,True,539.846431
2,IC_NEXT_CC_C06;IC_PREV_CC_C07,0.0021551724137931034,H2S,True,24,248.96111100000002,243337,5648100,False,0.0,8.218489,,l_SW_BB_C06_B_SW_BB_C07_A,347.495261,False,0cd2d39b9ab3999bdbbe7304a7051ca98a51d813131ec9fa7eee74407629483d,True,1365.803168,43532288,0.7635056027341124,True,50.488615,profiles/L_ROR/l_SW_BB_C06_B_SW_BB_C07_A.json,77ffecb4f15231bd82230a75a086ee0ca83bfd9bc3ea86f594ad385dece6faa4,True,1,928,3f0b7c79155ff9ea74038d25d97e3cd42619d855e2e4bc78239a01d3a2247b7e,L,L_ROR,3a226c28e16f857e4b201a8923ac111bcce5892040a7e968fdccaadd48228705,928,1.0,98.53415000000001,242962,5647742,0c4258da7f10137015736620aba7a658db3472379456e837d3eddbf69e21f89a,True,SUCCESS_H2S,False,ROR,1042.798371,True,572.587654
1,IC_PREV_CC_C07,0.0010775862068965517,H2S,True,25,295.349217,241941,5629594,False,0.0,8.386153,,l_SW_BB_C06_B_SW_C06_M01_ACT,395.13868,False,0cd2d39b9ab3999bdbbe7304a7051ca98a51d813131ec9fa7eee74407629483d,True,1365.803168,43319296,0.8017034545346727,True,52.316622,profiles/L_ROR/l_SW_BB_C06_B_SW_C06_M01_ACT.json,8d2002373113e8191aa35a967b0e59818e6d3100a1198600356f78a91a2840fe,True,1,928,ba5e1973f17525ef2f43cd61d84fa177537114eb616f101783cbdf8807f1a1ed,L,L_ROR,92ae2307b60bd308b5751eb1294cee6766e541c68e4e10a1f2dba93e51abaa2e,928,1.0,99.78946300000001,241686,5629244,403e00fdfe5dedb8bb15a0f02deb615a98879854faad2b7f51c30d3184be97e9,True,SUCCESS_H2S,False,ROR,1094.969118,True,575.083231
1,IC_NEXT_CC_C07,0.0010775862068965517,H2S,True,26,278.87163,241970,5629623,False,0.0,8.510209,,l_SW_BB_C07_A_SW_BB_C07_B,378.388373,False,0cd2d39b9ab3999bdbbe7304a7051ca98a51d813131ec9fa7eee74407629483d,True,1365.803168,43491328,0.7705383137608889,True,55.510444,profiles/L_ROR/l_SW_BB_C07_A_SW_BB_C07_B.json,4c6b56f57bd22bb7923110648d84f31b2906c19ce2179a757d18d6abd5cf7ff1,True,1,928,58a21e72246f00068eca45e746a8c2fcae0b70b7e9f65a2e326e33423074d748,L,L_ROR,9078945d8377ee40e00806ccbf6c11229381527f960d5b200c9689a7a29a7824,928,1.0,99.51674300000002,241720,5629282,bf02d764022951cb90dbc5eeefb4eb9f66df620d803a4412ffd57caea56d0014,True,SUCCESS_H2S,False,ROR,1052.40367,True,548.052081
3,IC_NEXT_CC_C06;IC_NEXT_CC_C07;IC_PREV_CC_C07,0.003232758620689655,H2S,True,27,287.350843,242069,5630827,False,0.0,8.994073,,l_SW_BB_C07_A_SW_C07_CC,380.691291,False,0cd2d39b9ab3999bdbbe7304a7051ca98a51d813131ec9fa7eee74407629483d,True,1365.803168,43491328,0.7945471100269114,True,67.780184,profiles/L_ROR/l_SW_BB_C07_A_SW_C07_CC.json,c8e97e7f35b165fb57776e9a6446a881f35d4dcf87c87d2af0d328745b47347d,True,1,928,9e6742c388bf0a91c25ce4eb51c7b70de706d56d6893c105f8d0b7f7b03672e9,L,L_ROR,e03344877a03a802e0dd4d06aec51c223555c88a79a19a9a2406ef4517d7fd4e,928,1.0,93.34044799999998,241817,5630458,41340802b39ce5a8a43794e71255448a2ee5a2b6acb892a0173240a8b66d6764,True,SUCCESS_H2S,False,ROR,1085.19496,True,558.644839
2,IC_NEXT_CC_C07;IC_PREV_CC_C08,0.0021551724137931034,H2S,True,28,244.303286,243390,5648229,False,0.0,7.821147,,l_SW_BB_C07_B_SW_BB_C08_A,339.838465,False,0cd2d39b9ab3999bdbbe7304a7051ca98a51d813131ec9fa7eee74407629483d,True,1365.803168,43532288,0.7415802201448695,True,49.91371,profiles/L_ROR/l_SW_BB_C07_B_SW_BB_C08_A.json,5b92919f95ecee3bb0321fe7e0c3b2f349ff7e8e94fe0f87986e79e49695c326,True,1,928,a26e2fd7ea2258353c89bab7366aedce9627741314200f37977b103e08ac2719,L,L_ROR,6ec0b7297ba434e0f0814282a54d85de929cc6a09f718a53bc4005fc51bef640,928,1.0,95.53517899999997,243023,5647871,2dab8d7f8b53126cf376a999004646861415e8b996384066d0e816e1189299bd,True,SUCCESS_H2S,False,ROR,1012.852614,True,552.441157
1,IC_PREV_CC_C08,0.0010775862068965517,H2S,True,29,286.47315499999996,241950,5629598,False,0.0,8.637976,,l_SW_BB_C07_B_SW_C07_M01_ACT,375.99016,False,0cd2d39b9ab3999bdbbe7304a7051ca98a51d813131ec9fa7eee74407629483d,True,1365.803168,43491328,0.7616848403737193,True,62.939709,profiles/L_ROR/l_SW_BB_C07_B_SW_C07_M01_ACT.json,28afb9555c1e1d532f75fb5dfd540dea124c31b6c24a581de5291d6c01f56b53,True,1,928,75672adea0963dc7f12e64859f946923b2cc8fecf7878fb5ed29ffeb1bfe34cc,L,L_ROR,3054a55f8d2f9119f62dd2d998074497f705244cba5726d80566ac2dfc5f7991,928,1.0,89.51700500000004,241698,5629248,e6e44ceac60bae6e2a8409c47c15742e34c175e7b7deb56f701e0c693689bcf2,True,SUCCESS_H2S,False,ROR,1040.311568,True,531.52469
1,IC_NEXT_CC_C08,0.0010775862068965517,H2S,True,30,276.343864,241965,5629625,False,0.0,8.458594,,l_SW_BB_C08_A_SW_BB_C08_B,373.427359,False,0cd2d39b9ab3999bdbbe7304a7051ca98a51d813131ec9fa7eee74407629483d,True,1365.803168,43323392,0.7695201055500847,True,77.002662,profiles/L_ROR/l_SW_BB_C08_A_SW_BB_C08_B.json,48ecec42ffce7cf30e683cd9b6d56e09cb07aa1dc19c36d9482a7858a20f7b15,True,1,928,0cf3bda6a70b8d4465b279231fe844781ec56e158e03bda08c81077d62da90c0,L,L_ROR,934fb03811d6dff6da0961d9e77fae386a4c1c5355d52db18c07d6d9054cc227,928,1.0,97.08349500000003,241721,5629284,8b7d2647c53e491b4a00f78cf38a4e9f4b9097a3086a49aef347a73d2c6c1ec8,True,SUCCESS_H2S,False,ROR,1051.012998,True,531.225454
3,IC_NEXT_CC_C07;IC_NEXT_CC_C08;IC_PREV_CC_C08,0.003232758620689655,H2S,True,31,278.560024,242066,5630823,False,0.0,7.902286,,l_SW_BB_C08_A_SW_C08_CC,371.320312,False,0cd2d39b9ab3999bdbbe7304a7051ca98a51d813131ec9fa7eee74407629483d,True,1365.803168,43331584,0.7455946946522239,True,47.783532,profiles/L_ROR/l_SW_BB_C08_A_SW_C08_CC.json,46f8822d44232d4ca1640bdcce75c1ea9be7b2524c1e8fc37a1d86c022f29cbf,True,1,928,d1003c1a74dc4cf27ec3afe9e76f31223741a3d449553afa00c429317d6936b7,L,L_ROR,4d6d71192703c36cec0bb686f06eded1fd28829e6dd63c5bd50770ea42a6dd82,928,1.0,92.760288,241803,5630454,1b75393258a8f79eaa6f1eda11a3a7b12415178fa81e44423c419fb8f8c1240a,True,SUCCESS_H2S,False,ROR,1018.335596,True,529.83107
2,IC_NEXT_CC_C08;IC_PREV_CC_C09,0.0021551724137931034,H2S,True,32,242.869849,243375,5648230,False,0.0,7.696752,,l_SW_BB_C08_B_SW_BB_C09_A,336.358338,False,0cd2d39b9ab3999bdbbe7304a7051ca98a51d813131ec9fa7eee74407629483d,True,1365.803168,43368448,0.7211281428218214,True,44.314781,profiles/L_ROR/l_SW_BB_C08_B_SW_BB_C09_A.json,712fe523df2a69c93181b24618b0779342c10f5052880d0633148279ee781b04,True,1,928,4373a5d31d6fc986b283aebf2a11b272ce354d4611b146aa4ce4b5e6eb0ff1fa,L,L_ROR,6d20e4a023fa826b27622597fe03bb267dd618d4fb52053d060c374d24e598dc,928,1.0,93.48848900000002,243008,5647872,daa2f282b6ace673aac562b91b4b7fbea7b597ec03eb618255c67ec6c697ec31,True,SUCCESS_H2S,False,ROR,984.919102,True,538.382474
1,IC_PREV_CC_C09,0.0010775862068965517,H2S,True,33,278.572257,241938,5629594,False,0.0,7.840796,,l_SW_BB_C08_B_SW_C08_M01_ACT,366.751864,False,0cd2d39b9ab3999bdbbe7304a7051ca98a51d813131ec9fa7eee74407629483d,True,1365.803168,43483136,0.7721533173365726,True,54.317281,profiles/L_ROR/l_SW_BB_C08_B_SW_C08_M01_ACT.json,cfbb76c3fdcae4311dda146c08de811b492372980a48941074b36a518f80317e,True,1,928,b1c72fe0a07ccb193f3f90effa0347b9c93a0d4bf97055457f2d5ef7638cb7a1,L,L_ROR,c462a965ff697054e972140151a36e00ba8c9bdaf35e7f4a9dc4464306534a18,928,1.0,88.17960700000003,241683,5629244,f3604d70cb0fbfe0fa9b2a62bca2c6eaef21f161ea3e3c3c65100cd773c288c9,True,SUCCESS_H2S,False,ROR,1054.609447,True,563.561077
1,IC_NEXT_CC_C09,0.0010775862068965517,H2S,True,34,271.24190999999996,241966,5629625,False,0.0,7.969629,,l_SW_BB_C09_A_SW_BB_C09_B,365.748973,False,0cd2d39b9ab3999bdbbe7304a7051ca98a51d813131ec9fa7eee74407629483d,True,1365.803168,43327488,0.7561546474608851,True,64.77198,profiles/L_ROR/l_SW_BB_C09_A_SW_BB_C09_B.json,f2cfaf2bc2ad455b23046e09f8633b87dd088c72a0444702eb786b93ebf377a9,True,1,928,ff589e7bb35bdc5cfdb9f7bfb4be9578c965d230b67a5f5453010fa0d6daffb1,L,L_ROR,db8a2e70407170823c579b7aefb44cb7ba44bc9c03a6eef1c4305ed4eca1031b,928,1.0,94.50706300000002,241720,5629284,bf019527d9c16d6da2496d3ed85237794094a6751a6209ce49df7a75ab6afee1,True,SUCCESS_H2S,False,ROR,1032.758413,True,532.564663
3,IC_NEXT_CC_C08;IC_NEXT_CC_C09;IC_PREV_CC_C09,0.003232758620689655,H2S,True,35,280.378056,242084,5630827,False,0.0,7.759507,,l_SW_BB_C09_A_SW_C09_CC,371.42482,False,0cd2d39b9ab3999bdbbe7304a7051ca98a51d813131ec9fa7eee74407629483d,True,1365.803168,43491328,0.7709885960668676,True,49.822471,profiles/L_ROR/l_SW_BB_C09_A_SW_C09_CC.json,6d8c677e203690ae33033507fe05eff9df59e5d1781cc4005fd55cd7ab7c82f7,True,1,928,25d1cf9a74b382b9194716e92ed9eccee8ee8be5f6e896e40ddc04cc920b9e77,L,L_ROR,81a7bc1a1d712802a5b35750832f853bf439803a1b9e0b3aebfd30437686add8,928,1.0,91.046764,241823,5630458,d20a67a76a2056e70288b669be68cc182a8cb219da3c3ab6078d490d4350a21e,True,SUCCESS_H2S,False,ROR,1053.018667,True,563.399629
2,IC_NEXT_CC_C09;IC_PREV_CC_C10,0.0021551724137931034,H2S,True,36,246.36325200000002,243377,5648247,False,0.0,8.167854,,l_SW_BB_C09_B_SW_BB_C10_A,341.977464,False,0cd2d39b9ab3999bdbbe7304a7051ca98a51d813131ec9fa7eee74407629483d,True,1365.803168,43532288,0.7348166657642429,True,44.554188,profiles/L_ROR/l_SW_BB_C09_B_SW_BB_C10_A.json,39a677b378fcfcca6e90f8ba4505d2930fefa1f9908a38b97f15fff41cf920a6,True,1,928,5104f9ba677994cbc4b9ea5e6510a1ebc91c9ce22f49db6ab434e5824e4c58a5,L,L_ROR,1b05e4dd4a770eb90235e1d260be9ef0f9994b1e388a060a5c641f632c9abbff,928,1.0,95.61421199999998,243005,5647889,25b9b4ab202fe8d7eae84f6390a5475c1e3b0fc885e494b2939fb11914ff9dfb,True,SUCCESS_H2S,False,ROR,1003.61493,True,547.217849
1,IC_PREV_CC_C10,0.0010775862068965517,H2S,True,37,285.561124,241945,5629598,False,0.0,8.259074,,l_SW_BB_C09_B_SW_C09_M01_ACT,377.677297,False,0cd2d39b9ab3999bdbbe7304a7051ca98a51d813131ec9fa7eee74407629483d,True,1365.803168,43487232,0.7543497944207435,True,51.539587,profiles/L_ROR/l_SW_BB_C09_B_SW_C09_M01_ACT.json,8b18ed1850a6fc3310dc1d7bd6c2d8c9edbaf6e43ef676a343fc6cf180a39877,True,1,928,c6c35300df926632faece09f5d235a40ab2c519ff5516d72d430469d4e2cb768,L,L_ROR,ab765224de31a64061332674ed13ffa3a15db15289a868bea0b26e201836bfdf,928,1.0,92.116173,241692,5629248,911c1312bbc3431866a3bd8867b90f77f5a35b87a4935ba3e3df9e3bf9a7effe,True,SUCCESS_H2S,False,ROR,1030.293339,True,531.895054
1,IC_NEXT_CC_C10,0.0010775862068965517,H2S,True,38,273.05791400000004,241960,5629627,False,0.0,22.642293,,l_SW_BB_C10_A_SW_BB_C10_B,376.826356,False,0cd2d39b9ab3999bdbbe7304a7051ca98a51d813131ec9fa7eee74407629483d,True,1365.803168,43491328,0.7896686698855279,True,53.33597,profiles/L_ROR/l_SW_BB_C10_A_SW_BB_C10_B.json,e7ea82e2bfdec23b6132d1e12b860e3edd18fe0467ec1ad7d72f36e4912ad792,True,1,928,9424bc2a8d0f34a7368eb17849ca977633b71ac7a4883ded12b4c6318f1aab6e,L,L_ROR,9b789c81c7021931aee0ea84270381a7985a2c0873ae8723fe6d12730df7fef4,928,1.0,103.76844199999994,241715,5629286,ceb12ed580a3dc986ff47b286a65462891d96581c96afce66d4771b4b7f68ab2,True,SUCCESS_H2S,False,ROR,1078.531971,True,564.470725
3,IC_NEXT_CC_C09;IC_NEXT_CC_C10;IC_PREV_CC_C10,0.003232758620689655,H2S,True,39,278.289012,242044,5630819,False,0.0,8.100673,,l_SW_BB_C10_A_SW_C10_CC,367.162391,False,0cd2d39b9ab3999bdbbe7304a7051ca98a51d813131ec9fa7eee74407629483d,True,1365.803168,43491328,0.7582006714162198,True,44.287876,profiles/L_ROR/l_SW_BB_C10_A_SW_C10_CC.json,af46f1a8941c828cce4b2de8d5fd5dcc301db2fca5d50eaea6a2ae4797ac1b19,True,1,928,2ff7cacc6156667d693f96ea7f2a173e52090e31f89e0397321b1ee96b5bbd4e,L,L_ROR,45fe4a79b8bbce349670e6f5a86dca9aa17fb0a9bf809e3c40fdf34fa71e9b69,928,1.0,88.873379,241784,5630450,23fc028355c516b020cfd7cea23f67c2089e789bf0636cf93f02b3d15a6fd621,True,SUCCESS_H2S,False,ROR,1035.552879,True,549.389638
2,IC_NEXT_CC_C10;IC_PREV_CC_C11,0.0021551724137931034,H2S,True,40,253.915037,243384,5648180,False,0.0,8.476713,,l_SW_BB_C10_B_SW_BB_C11_A,351.384805,False,0cd2d39b9ab3999bdbbe7304a7051ca98a51d813131ec9fa7eee74407629483d,True,1365.803168,43364352,0.7568726652711938,True,74.26536,profiles/L_ROR/l_SW_BB_C10_B_SW_BB_C11_A.json,026fbfba8fe780bed5ea20dc8512509f6b9fe817ba8987d080bce8fee5ab318f,True,1,928,e3a5ffae665165e5e8ce2d2f3d22bfa561cc40a2b595b56b8e40d1269b4106e0,L,L_ROR,73ba0fe610c03d9d5010bbcb2574100e890e21c8fd3cdeabc449410264c75e0a,928,1.0,97.46976799999996,243022,5647822,0b296cc261ccaf380c34d911cca223c7796aaed5f75a0814653a5f9f808ad83e,True,SUCCESS_H2S,False,ROR,1033.739084,True,534.107078
1,IC_PREV_CC_C11,0.0010775862068965517,H2S,True,41,284.588954,241942,5629596,False,0.0,8.008223,,l_SW_BB_C10_B_SW_C10_M01_ACT,382.568228,False,0cd2d39b9ab3999bdbbe7304a7051ca98a51d813131ec9fa7eee74407629483d,True,1365.803168,43487232,0.7654259592404168,True,48.442455,profiles/L_ROR/l_SW_BB_C10_B_SW_C10_M01_ACT.json,d1ba5e3cb84d69582887b3d3073301fa12d2bb9c139f8afd058f3605180e43da,True,1,928,4b5a29f22c55bad6bbaf5fc9c8aede627f197f1c22098bd9d00a3f3fbb93c157,L,L_ROR,1925e70ad6a5a5c475a7100494d4443cd92f0d02f165ffc70607fa2c493e85a8,928,1.0,97.97927399999998,241687,5629246,fa8691be82076b21a24c9540cb4499c8bf33a43db721acfa1d330aeccd4d009d,True,SUCCESS_H2S,False,ROR,1045.4212,True,546.098585
1,IC_NEXT_CC_C11,0.0010775862068965517,H2S,True,42,275.406557,241970,5629623,False,0.0,8.012367,,l_SW_BB_C11_A_SW_BB_C11_B,368.469486,False,0cd2d39b9ab3999bdbbe7304a7051ca98a51d813131ec9fa7eee74407629483d,True,1365.803168,43491328,0.7531580970824049,True,44.846172,profiles/L_ROR/l_SW_BB_C11_A_SW_BB_C11_B.json,7fad96b82c4ddb7e4a9eea4b616dc2cb9c6c81f42132528e7a9b4b9e0d25a596,True,1,928,cf633829e9535ea082bc57a03038a81bbcf5a1356f90ae48223ce15c72337ed0,L,L_ROR,c587b935516c756a95c55b1ada84fa3b4facd36b41d20525cd5e97aaceae83b9,928,1.0,93.062929,241716,5629282,dfbaaeac1d284faf0934096d638e5f79dccdf6583d06f751af0ec6a5b5b504c7,True,SUCCESS_H2S,False,ROR,1028.665715,True,547.173485
3,IC_NEXT_CC_C10;IC_NEXT_CC_C11;IC_PREV_CC_C11,0.003232758620689655,H2S,True,43,283.735908,242057,5630791,False,0.0,7.980193,,l_SW_BB_C11_A_SW_C11_CC,377.772767,False,0cd2d39b9ab3999bdbbe7304a7051ca98a51d813131ec9fa7eee74407629483d,True,1365.803168,43491328,0.7634890183531923,True,55.551944,profiles/L_ROR/l_SW_BB_C11_A_SW_C11_CC.json,d4a88f6f50156f234aaa1695d8a5f5d984dd68d2f9e1cb054acba937da2319d7,True,1,928,5ab766a87a6436031a14d0fa4afc6af4a72927d1b6dda00b47c37d9010117110,L,L_ROR,b9e433a88c2afb40cf7ffebcacb3129f60da6143ce0c4c0f5290fa3c8e49998d,928,1.0,94.03685899999999,241793,5630422,083b85ddea1a4a5e2ee8b807de9330d02d74baab8ec11c44fc4e461a9a849564,True,SUCCESS_H2S,False,ROR,1042.77572,True,539.060796
2,IC_NEXT_CC_C11;IC_PREV_CC_C12,0.0021551724137931034,H2S,True,44,248.88977400000002,243433,5648252,False,0.0,23.524188,,l_SW_BB_C11_B_SW_BB_C12_A,345.962622,False,0cd2d39b9ab3999bdbbe7304a7051ca98a51d813131ec9fa7eee74407629483d,True,1365.803168,43528192,0.7848929971145009,True,44.364224,profiles/L_ROR/l_SW_BB_C11_B_SW_BB_C12_A.json,f5acca04c3515188d9f4e00fc802d037afd83a8f39bee247876e18e51d06e9ab,True,1,928,ff501432d3cd426d4cbbfdc67fd9a045b1c0fbc0fcc6b88af66520889a287220,L,L_ROR,fd99f9b63324f19304f84c7b14e8df744b9aeba52f08e293a093e396a30ac488,928,1.0,97.072848,243071,5647894,1f73f7d29689b8d2138c99d8329b20b5ffc1967dac9d790c567afdb37480120f,True,SUCCESS_H2S,False,ROR,1072.009342,True,596.312546
1,IC_PREV_CC_C12,0.0010775862068965517,H2S,True,45,276.743537,241935,5629590,False,0.0,7.693612,,l_SW_BB_C11_B_SW_C11_M01_ACT,366.448413,False,0cd2d39b9ab3999bdbbe7304a7051ca98a51d813131ec9fa7eee74407629483d,True,1365.803168,43327488,0.7550629206037982,True,46.236996,profiles/L_ROR/l_SW_BB_C11_B_SW_C11_M01_ACT.json,402ca293239e150fe8f30558612e2537dc055973d1a63c84baa5686b20bb583e,True,1,928,884966ff34853b91fd8a6ac67f76ee01b0c415f3079309e2c9a9bd707ba787b1,L,L_ROR,26f3747efb9299f9fea00dc10156e36402d54c1132a3bbe61fc17016c1db1b50,928,1.0,89.70487600000001,241684,5629240,3ec5f1cb591e33dee5bfddfb9a89ce3c52f98896dd1a50f21e9cc6907705fee0,True,SUCCESS_H2S,False,ROR,1031.267329,True,551.471748
1,IC_NEXT_CC_C12,0.0010775862068965517,H2S,True,46,270.847432,241954,5629617,False,0.0,13.2363,,l_SW_BB_C12_A_SW_BB_C12_B,365.672962,False,0cd2d39b9ab3999bdbbe7304a7051ca98a51d813131ec9fa7eee74407629483d,True,1365.803168,43491328,0.7629412424968105,True,69.122628,profiles/L_ROR/l_SW_BB_C12_A_SW_BB_C12_B.json,f2b7b3c1490c68ef5125b3cd1d80927e7581ff2a59c2957fcd142681d234f449,True,1,928,b0f536a473816eea2f9f6f6e6309e5c62df9e0699b7e6ccab6d9f434431c4403,L,L_ROR,d6b2e9f088297645a80b9d4dc3a302a2898f6abae9c6251c3d85bce290059d5f,928,1.0,94.82552999999996,241709,5629276,7111a593bb6374169af94343f2968e46b54ec57ecbe6a4a0d01069e59ab150a1,True,SUCCESS_H2S,False,ROR,1042.027566,True,536.133485
3,IC_NEXT_CC_C11;IC_NEXT_CC_C12;IC_PREV_CC_C12,0.003232758620689655,H2S,True,47,274.74273700000003,242056,5630829,False,0.0,7.67414,,l_SW_BB_C12_A_SW_C12_CC,368.475305,False,0cd2d39b9ab3999bdbbe7304a7051ca98a51d813131ec9fa7eee74407629483d,True,1365.803168,43327488,0.764124430556307,True,44.004064,profiles/L_ROR/l_SW_BB_C12_A_SW_C12_CC.json,f7649531133f00bfed59dd9f11baf396ebb791219bf13174e9cbd66530a95d12,True,1,928,5ff4e0b6023dfd9879391546ad16ddbf7a65eac00e6228f3c4ea8698155df9c1,L,L_ROR,46ecc0c60575ece6b9321e19c88429a0108b9077f7bbe215d37650fb140dce3c,928,1.0,93.73256799999996,241790,5630460,d28b0e18a439f38b8b2c0acadb0466d7e72c8728e22c11551bb8ab0a0137297e,True,SUCCESS_H2S,False,ROR,1043.643568,True,561.558035
2,IC_NEXT_CC_C12;IC_PREV_CC_C13,0.0021551724137931034,H2S,True,48,247.191933,243416,5648240,False,0.0,7.827489,,l_SW_BB_C12_B_SW_BB_C13_A,341.765717,False,0cd2d39b9ab3999bdbbe7304a7051ca98a51d813131ec9fa7eee74407629483d,True,1365.803168,43528192,0.731716806941833,True,45.6428,profiles/L_ROR/l_SW_BB_C12_B_SW_BB_C13_A.json,a3fd686ab2689fda833e1e3008b96f5f1733a4b8a08913dd95dbaea6d56e89bb,True,1,928,2f1075254c7a26df362a00c7f299c621c08746fcb15844b547d800e90963be8e,L,L_ROR,52ba57a8c4be83b3d7912dc6dd5bcd797297f537446e9789e094ef4a7126ee71,928,1.0,94.57378399999999,243048,5647882,54310420af9897fd11e8aa435cbe14b80f0c7f4b669a73d5db4f32cbfe18134d,True,SUCCESS_H2S,False,ROR,999.381133,True,543.552732
1,IC_PREV_CC_C13,0.0010775862068965517,H2S,True,49,282.139013,241939,5629596,False,0.0,8.023348,,l_SW_BB_C12_B_SW_C12_M01_ACT,374.82354,False,0cd2d39b9ab3999bdbbe7304a7051ca98a51d813131ec9fa7eee74407629483d,True,1365.803168,43487232,0.7852683828304021,True,55.433795,profiles/L_ROR/l_SW_BB_C12_B_SW_C12_M01_ACT.json,62f14d16f370a803063c7db13381bdec9903cb5ba1b4d49fe44f234931febfc9,True,1,928,0ce15a3e845a2e07f26493599fcd777a2a5b51f40a976072cb769c0ef62abb96,L,L_ROR,2d99cf54e25091fc8f162ed86b2dd9946db5ffa69f7e3b3007eeb73d229f08a3,928,1.0,92.684527,241692,5629246,1771405a5a1f846f81fd3bbc0d4f1acf936179c4618fb6ece33553f156ad2413,True,SUCCESS_H2S,False,ROR,1072.522045,True,572.73952
1,IC_NEXT_CC_C13,0.0010775862068965517,H2S,True,50,275.889848,241966,5629623,False,0.0,8.014471,,l_SW_BB_C13_A_SW_BB_C13_B,371.162108,False,0cd2d39b9ab3999bdbbe7304a7051ca98a51d813131ec9fa7eee74407629483d,True,1365.803168,43487232,0.7656392505892915,True,69.356476,profiles/L_ROR/l_SW_BB_C13_A_SW_BB_C13_B.json,97e6c0901af9c910d4ad10c0896d2eca4507141dd35dd1a5d71fadf791731f22,True,1,928,cff9317aef312d7d876ed317c37d9bcecb24a1b95a9155d86977a1879eaf61fd,L,L_ROR,7f0aa4bc45e9ff2a09a0bec3c565b0e4b69ec94e9290c3b213848c3ae772ddfd,928,1.0,95.27226000000002,241719,5629282,3500283d1e9a49a1e9878535aacee95152fd14f7e38a59c91213ad98cd465e09,True,SUCCESS_H2S,False,ROR,1045.712514,True,536.391091
3,IC_NEXT_CC_C12;IC_NEXT_CC_C13;IC_PREV_CC_C13,0.003232758620689655,H2S,True,51,282.954636,242046,5630799,False,0.0,8.33801,,l_SW_BB_C13_A_SW_C13_CC,374.380594,False,0cd2d39b9ab3999bdbbe7304a7051ca98a51d813131ec9fa7eee74407629483d,True,1365.803168,43327488,0.7473566601069709,True,45.525248,profiles/L_ROR/l_SW_BB_C13_A_SW_C13_CC.json,fc8b54ba31973c8b62ac679527d9ffdd54d3406b5c23be416a94db426039cf77,True,1,928,0af9aa487270a0e97aa2ce561e8a0a979a5a6cac7b893b6df1f13b0e3e9cf2ef,L,L_ROR,99968d3cbb9e0f28b3045ab96342a6dfd904930e673713c2ed7db8de35234fcb,928,1.0,91.42595799999998,241788,5630430,849f14fce4350827e2149831ae27629f271dddd74f4194f17d448ae5b45f033a,True,SUCCESS_H2S,False,ROR,1020.742094,True,530.803943
2,IC_NEXT_CC_C13;IC_PREV_CC_C14,0.0021551724137931034,H2S,True,52,242.2416,243417,5648256,False,0.0,7.773365,,l_SW_BB_C13_B_SW_BB_C14_A,335.299932,False,0cd2d39b9ab3999bdbbe7304a7051ca98a51d813131ec9fa7eee74407629483d,True,1365.803168,43364352,0.7366052294879434,True,57.739861,profiles/L_ROR/l_SW_BB_C13_B_SW_BB_C14_A.json,a0b794c956a1ef32130c9aec5825e7692072a57aa15fa93b2ccd947b8b2348f0,True,1,928,9c1ce2ed52121e3b2cac39b7b3bb26a8ac0c395ee13893711552341623adb8dc,L,L_ROR,12c66f9ffc2b36d3629c4029a698cc8f840931c4bed0714e6addde7e87976abd,928,1.0,93.05833200000001,243050,5647898,85171ee2cf2deae529b0ae2a4f392e4eeb2e36a3927c6d603b3c3e9be50499c5,True,SUCCESS_H2S,False,ROR,1006.057756,True,546.28414
1,IC_PREV_CC_C14,0.0010775862068965517,H2S,True,53,282.868446,241937,5629594,False,0.0,7.863492,,l_SW_BB_C13_B_SW_C13_M01_ACT,372.714912,False,0cd2d39b9ab3999bdbbe7304a7051ca98a51d813131ec9fa7eee74407629483d,True,1365.803168,43491328,0.7881044364366272,True,67.070136,profiles/L_ROR/l_SW_BB_C13_B_SW_C13_M01_ACT.json,6cbd14be137fffe4b7bbf7d4948627f3ff32ac405cb863ea52e12445abec2fc6,True,1,928,386afea0030f94da3abda86ee3e1d8d48010fb9a22c0095ea6778b1795dc2e24,L,L_ROR,88cd32f4b8256e42b2ef1e26cc7eeba92972b325c73039a7e78736910fddaeee,928,1.0,89.84646600000002,241685,5629244,6ff8dc8630f48cb96fb08b8120ba6e81bd38e046b0deb0931565783ec4b449de,True,SUCCESS_H2S,False,ROR,1076.395536,True,560.61711
1,IC_NEXT_CC_C14,0.0010775862068965517,H2S,True,54,283.864634,241977,5629623,False,0.0,8.031886,,l_SW_BB_C14_A_SW_BB_C14_B,382.845284,False,0cd2d39b9ab3999bdbbe7304a7051ca98a51d813131ec9fa7eee74407629483d,True,1365.803168,43327488,0.7662474319286393,True,49.173529,profiles/L_ROR/l_SW_BB_C14_A_SW_BB_C14_B.json,afc621e94b54eb1e14e85dfb81c32e2fa6ceee0e7bd15b69fa8827fffc51fbd8,True,1,928,f38027eab8f8374cdeaa2be45e9baf71c57a313f53760332f11c19d92229b3f1,L,L_ROR,139024e2e70db071c64327bdeb3eba78a8eb6c123a7cc5cb00b893a64de2ebc2,928,1.0,98.98064999999997,241724,5629282,4f38f0a36f38ba2bb6af617428a2c4d07f0cfcf5e9b5adbc19df705e68f7de56,True,SUCCESS_H2S,False,ROR,1046.54317,True,546.845597
3,IC_NEXT_CC_C13;IC_NEXT_CC_C14;IC_PREV_CC_C14,0.003232758620689655,H2S,True,55,277.061309,242049,5630823,False,0.0,7.814321,,l_SW_BB_C14_A_SW_C14_CC,371.8745,False,0cd2d39b9ab3999bdbbe7304a7051ca98a51d813131ec9fa7eee74407629483d,True,1365.803168,43491328,0.7575881585596088,True,45.092391,profiles/L_ROR/l_SW_BB_C14_A_SW_C14_CC.json,a7d4aeceba2a4cdc8181dd5fb3accab3dd9205669b4736750c0075a122f1e6e5,True,1,928,7b0ac1c7232f3fd2dc316f2efaf936881dd65adeb39da7e63e8c2274eeada747,L,L_ROR,0f1cf36a5870a2a11c1c98c03891d2f0c0e8272f09c86685f58daf21c25e7ff1,928,1.0,94.81319100000002,241791,5630454,afe73cea91c5571f6e2f051664b946818d82da2b38e83f84edc97b3cabaf9280,True,SUCCESS_H2S,False,ROR,1034.716307,True,547.341503
2,IC_NEXT_CC_C14;IC_PREV_CC_C15,0.0021551724137931034,H2S,True,56,246.500189,243443,5648261,False,0.0,7.91826,,l_SW_BB_C14_B_SW_BB_C15_A,342.2361,False,0cd2d39b9ab3999bdbbe7304a7051ca98a51d813131ec9fa7eee74407629483d,True,1365.803168,43528192,0.7419227936656829,True,58.324105,profiles/L_ROR/l_SW_BB_C14_B_SW_BB_C15_A.json,596d5b08985525b2d72cff1f94e008295665512f5c13b6dae359f8c05caa2484,True,1,928,c2cd5503975478620aecacee15d61e0da9713d8ed81ee048f905b37ee003dab9,L,L_ROR,98f15fa1b18653add0d74a8b8538d745edac220ed2e5956e853f8bf6110f34b5,928,1.0,95.73591100000002,243078,5647903,b8ea0ccb61b1b7527205f7ead441e6b7bf0e249d9c5cea8688b7b98e6a3d456f,True,SUCCESS_H2S,False,ROR,1013.320502,True,545.983403
1,IC_PREV_CC_C15,0.0010775862068965517,H2S,True,57,285.062484,241935,5629594,False,0.0,9.17608,,l_SW_BB_C14_B_SW_C14_M01_ACT,378.579346,False,0cd2d39b9ab3999bdbbe7304a7051ca98a51d813131ec9fa7eee74407629483d,True,1365.803168,43327488,0.7698509116358998,True,47.537464,profiles/L_ROR/l_SW_BB_C14_B_SW_C14_M01_ACT.json,bfc634d235b4b55ef4c936a310ab68a2141c7c8124e06c8ab9495936fd9b6a1c,True,1,928,395f721bb6554e6fd3231fe34302e27b1309fd6588aed87f5a4a95fec4f3033f,L,L_ROR,1c2a9ae07d7b8259a0fc63ffa1e773b388178f0d26db0880d3854d1cd96f0048,928,1.0,93.516862,241684,5629244,f7ecfeb4bcd011764dbfd03086c729535e67a046824aba63c459edb63b7e22d2,True,SUCCESS_H2S,False,ROR,1051.464814,True,535.919708
1,IC_NEXT_CC_C15,0.0010775862068965517,H2S,True,58,273.181885,241959,5629629,False,0.0,7.562093,,l_SW_BB_C15_A_SW_BB_C15_B,368.23757,False,0cd2d39b9ab3999bdbbe7304a7051ca98a51d813131ec9fa7eee74407629483d,True,1365.803168,43491328,0.7291988570054335,True,45.866604,profiles/L_ROR/l_SW_BB_C15_A_SW_BB_C15_B.json,40b32a4e02ca5e00804a2762a4eb1f5077bb89652d25b7274ee5570b0e406437,True,1,928,e7078829cc77e4b0322133064214f92e04a2b0b75bd51389509fbc1993fcd770,L,L_ROR,ace22fda890466da515c5f4e037d5f16af40da344cb2bbfa91b5f76d0713b784,928,1.0,95.05568499999998,241707,5629288,45fb9beae7f51068f719b95aeb201c313c0ea80a48ba57efc749ee5d9376a1db,True,SUCCESS_H2S,False,ROR,995.942109,True,517.12579
3,IC_NEXT_CC_C14;IC_NEXT_CC_C15;IC_PREV_CC_C15,0.003232758620689655,H2S,True,59,276.239956,242033,5630825,False,0.0,7.876675,,l_SW_BB_C15_A_SW_C15_CC,367.48235,False,0cd2d39b9ab3999bdbbe7304a7051ca98a51d813131ec9fa7eee74407629483d,True,1365.803168,43331584,0.7624328075947178,True,58.178238,profiles/L_ROR/l_SW_BB_C15_A_SW_C15_CC.json,5c68ac816d11dc123005b43556236582db5210e7f7b9c1edfa8d9f03d6360296,True,1,928,fcb5ee603c3568ac1f8fa8b89124235ade83653caddab99167349fd8c1a16359,L,L_ROR,90dec999b83293e7bd8ddc81b37f44e1f7340e5d51ed979f61a80e0034e49d52,928,1.0,91.24239399999999,241774,5630456,30f01590af7f30291f18ab4763d8fdb3333ed9254acc83948c3e1df932d0e47a,True,SUCCESS_H2S,False,ROR,1041.333144,True,544.528317
2,IC_NEXT_CC_C15;IC_PREV_CC_C16,0.0021551724137931034,H2S,True,60,246.55977000000001,243441,5648297,False,0.0,8.663114,,l_SW_BB_C15_B_SW_BB_C16_A,341.68209,False,0cd2d39b9ab3999bdbbe7304a7051ca98a51d813131ec9fa7eee74407629483d,True,1365.803168,43364352,0.7379440563722577,True,46.138116,profiles/L_ROR/l_SW_BB_C15_B_SW_BB_C16_A.json,4f90ffc556186cc01ab7657975c37dac6e70734d5a8d5568ef8e9547069c56c5,True,1,928,ce6eec445a36e2f19b7ba19b28593582f77d2506a2423ab9e9a910b46ad1445a,L,L_ROR,fb5851d0d1927405ca2b99f4fd0d59428e2389dfbab38a357ec2a45d134ef57a,928,1.0,95.12232,243071,5647939,4dc40e4cf987b4de4fe3051da7bc9f28f1c34d6c950cd3deadfbdc86b11e90b4,True,SUCCESS_H2S,False,ROR,1007.88633,True,533.797928
1,IC_PREV_CC_C16,0.0010775862068965517,H2S,True,61,284.075474,241935,5629592,False,0.0,8.380862,,l_SW_BB_C15_B_SW_C15_M01_ACT,375.205105,False,0cd2d39b9ab3999bdbbe7304a7051ca98a51d813131ec9fa7eee74407629483d,True,1365.803168,43487232,0.7402344273959102,True,43.733066,profiles/L_ROR/l_SW_BB_C15_B_SW_C15_M01_ACT.json,74821732a3aa7a39ef880c53c2e912b2a1a66c1fd7f9811bf68f05576871ddf2,True,1,928,ada0e3db9be09c5d16b41b228376c2147f48db77f965282a4f899062b24e87a5,L,L_ROR,7e4fb0162ca18b34bf68c37825f29f6106301d9e4733b101162e113e9aa4d043,928,1.0,91.12963100000002,241682,5629242,0330e0b09f3293b3180903cc68f0e4e18951fac8617509070d8b993e2e97dce5,True,SUCCESS_H2S,False,ROR,1011.014526,True,524.428766
2,IC_NEXT_CC_C16;IC_PREV_CC_C01,0.0021551724137931034,H2S,True,62,281.694113,241976,5629664,False,0.0,8.185336,,l_SW_BB_C16_A_SW_BB_C16_B,379.080769,False,0cd2d39b9ab3999bdbbe7304a7051ca98a51d813131ec9fa7eee74407629483d,True,1365.803168,43495424,0.7643794680376669,True,61.209667,profiles/L_ROR/l_SW_BB_C16_A_SW_BB_C16_B.json,22930851d128fbfeee47a112612fbb5f4297dd471a09b04599b306d180c84168,True,1,928,997b1d797401561ead4a10c076282bbda6a05758557bb2f2e4176d03bc0859b5,L,L_ROR,8036667fb08ff3dc6a20144e0b1e1ceaacf33092768e7c5d5f8e3ba0fafb4fb5,928,1.0,97.38665599999996,241719,5629306,c88a727b3c306bd51a0a8201cbd9e5955ca517445557e6d06a55c75c5c00f684,True,SUCCESS_H2S,False,ROR,1043.991899,True,537.686195
4,IC_NEXT_CC_C15;IC_NEXT_CC_C16;IC_PREV_CC_C01;IC_PREV_CC_C16,0.004310344827586207,H2S,True,63,282.622875,242058,5630880,False,0.0,8.750371,,l_SW_BB_C16_A_SW_C16_CC,379.860398,False,0cd2d39b9ab3999bdbbe7304a7051ca98a51d813131ec9fa7eee74407629483d,True,1365.803168,43327488,0.7801156608534094,True,47.6927,profiles/L_ROR/l_SW_BB_C16_A_SW_C16_CC.json,6d5e319cc5e8f3d6aead358db0131229d819229d44b726ecbb8421c69fa4b8e3,True,1,928,d0e51700f7abf633d1836adaf0d1c9f0c5ddd287e09cbabc502b455d748622db,L,L_ROR,0f5d51da29282e52691b0e8ad67adafe44b792bcc7b31cd704ee89809a9ad349,928,1.0,97.23752299999995,241790,5630494,298ab3de70eee8753c50f2c3b6da23a7bc40acc67b8782395b61dcc886fcbc5a,True,SUCCESS_H2S,False,ROR,1065.484441,True,548.18702
5,COORD_CC_C01_PLC_C01_M01;COORD_CC_C01_PLC_C01_M02;IC_PREV_CC_C02;STAT_PLC_C01_M01;STAT_PLC_C01_M02,0.005387931034482759,H2S,True,64,283.408749,242310,5635660,False,0.0,8.179847,,l_SW_C01_CC_SW_C01_M01_ACT,378.751352,False,0cd2d39b9ab3999bdbbe7304a7051ca98a51d813131ec9fa7eee74407629483d,True,1365.803168,43515904,0.7660190637367156,True,45.913741,profiles/L_ROR/l_SW_C01_CC_SW_C01_M01_ACT.json,2101c71cc60e3567d188b441f11375e289a7a8e1317570d35317c8318cfae45e,True,1,928,77243a1039e7aa8b5756c4924bf60b7af1f8637d48128d8e4edf903a239e9329,L,L_ROR,6da6223e181591a2798ed58b3b2b5faa271aecc87a10d005f6dad5a5a079425a,928,1.0,95.342603,242044,5635224,9163dced29bccd39df618ff8da6ca20e678db8e0e65fb165a126902680f333a3,True,SUCCESS_H2S,False,ROR,1046.231264,True,553.295297
4,COORD_CC_C01_PLC_C01_M03;COORD_CC_C01_PLC_C01_M04;STAT_PLC_C01_M03;STAT_PLC_C01_M04,0.004310344827586207,H2S,True,65,273.832627,242719,5649627,False,0.0,7.74397,,l_SW_C01_CC_SW_C01_M04_SENS,365.464243,False,0cd2d39b9ab3999bdbbe7304a7051ca98a51d813131ec9fa7eee74407629483d,True,1365.803168,43372544,0.7752926130275312,True,62.56846,profiles/L_ROR/l_SW_C01_CC_SW_C01_M04_SENS.json,c2cd0a91b3b65bf1de615d8f27cca95e0566533e5b9ed9671549739f89dd7c62,True,1,928,367f6f20190b901c3eeb3a58112c4825c0b05abb768f4e137547b9a74778cd15,L,L_ROR,c60f713f4d05ab52b57dca0482b5224ea40bc66637f6e526be3b35c33269fe17,928,1.0,91.63161600000001,242473,5649205,e438c854bd60a1e98dcf448d0335d578fedf6ff153556e68bcd8ac84e0502700,True,SUCCESS_H2S,False,ROR,1058.897107,True,559.034449
8,CMD_PLC_C01_M01_A1_C01_M01;CMD_PLC_C01_M01_A2_C01_M01;CMD_PLC_C01_M01_A3_C01_M01;CMD_PLC_C01_M01_A4_C01_M01;COORD_CC_C01_PLC_C01_M01;COORD_CC_C01_PLC_C01_M02;STAT_PLC_C01_M01;STAT_PLC_C01_M02,0.008620689655172414,H2S,True,66,285.014031,250318,5834364,False,0.0,9.490344,,l_SW_C01_M01_ACT_SW_C01_M01_CTRL,385.766438,False,0cd2d39b9ab3999bdbbe7304a7051ca98a51d813131ec9fa7eee74407629483d,True,1365.803168,44478464,0.7948843504220074,True,50.628663,profiles/L_ROR/l_SW_C01_M01_ACT_SW_C01_M01_CTRL.json,ce439cc5d37ac8e72f27c12c2d6d18349122afe6e827617a5e7b02012e7d8668,True,1,928,25fc439324f29088bc6819469f301a02e28fe41a7c7a9a2907324cc5605f0a5e,L,L_ROR,2cbbefe7855be63caa61b06243f9b01076778e14fa34e878c2e7adb33c584fd3,928,1.0,100.752407,249961,5833811,05d814240dc0920d2cff907dba51af7f36a3840dd64e9316ebc4f8758aa4427a,True,SUCCESS_H2S,False,ROR,1085.655564,True,555.546893
10,COORD_CC_C01_PLC_C01_M02;SC_S1_C01_M01;SC_S2_C01_M01;SC_S3_C01_M01;SC_S4_C01_M01;SF_S1_C01_M01;SF_S2_C01_M01;SF_S3_C01_M01;SF_S4_C01_M01;STAT_PLC_C01_M02,0.010775862068965518,H2S,True,67,277.39304599999997,253171,5854637,False,0.0,7.708075,,l_SW_C01_M01_CTRL_SW_C01_M01_SENS,370.491706,False,0cd2d39b9ab3999bdbbe7304a7051ca98a51d813131ec9fa7eee74407629483d,True,1365.803168,44404736,0.7538197246296034,True,47.897597,profiles/L_ROR/l_SW_C01_M01_CTRL_SW_C01_M01_SENS.json,cc3a31d9e0e684380613d55f0358494d7d97f07371ef34361d09833c3f712dd5,True,1,928,13e839c3b4a6a149a5877d371ef8a9933938c3cbb36a15d5ca03eb1667a4fc6c,L,L_ROR,9c9230b463397369f6ad640f2eb6131c2a8a4468ddd17e1df21c10740513b2ef,928,1.0,93.09866000000005,252834,5854115,3c43b2dc09e24b1452470b048eaaaa41b8139e43e51dd4fff20aee6292c8658b,True,SUCCESS_H2S,False,ROR,1029.569368,True,539.744472
2,COORD_CC_C01_PLC_C01_M02;STAT_PLC_C01_M02,0.0021551724137931034,H2S,True,68,271.58397499999995,242212,5634517,False,0.0,7.840494,,l_SW_C01_M01_SENS_SW_C01_M02_ACT,366.138809,False,0cd2d39b9ab3999bdbbe7304a7051ca98a51d813131ec9fa7eee74407629483d,True,1365.803168,43319296,0.7487643138927029,True,58.704662,profiles/L_ROR/l_SW_C01_M01_SENS_SW_C01_M02_ACT.json,3c5c4cdad78541f2550d0e70036b7ab8cf31ce51e11ed1e9764eaf48227072f1,True,1,928,6ac76ed60ea1028af6c65d60ad29c9cac429256373f4d29029413c0f8fccc906,L,L_ROR,5877eceeff7d8d18d0dade8c45ad865f29abda25f07abb350b5250d0756cf191,928,1.0,94.55483400000003,241942,5634126,1ec9a125846b0ef8fd638095588a129edd5d9baae4d021a47ec246784400097b,True,SUCCESS_H2S,False,ROR,1022.664672,True,531.217008
6,CMD_PLC_C01_M02_A1_C01_M02;CMD_PLC_C01_M02_A2_C01_M02;CMD_PLC_C01_M02_A3_C01_M02;CMD_PLC_C01_M02_A4_C01_M02;COORD_CC_C01_PLC_C01_M02;STAT_PLC_C01_M02,0.00646551724137931,H2S,True,69,285.056967,249684,5818767,False,0.0,8.348153,,l_SW_C01_M02_ACT_SW_C01_M02_CTRL,376.906241,False,0cd2d39b9ab3999bdbbe7304a7051ca98a51d813131ec9fa7eee74407629483d,True,1365.803168,44433408,0.7882036147100224,True,67.459659,profiles/L_ROR/l_SW_C01_M02_ACT_SW_C01_M02_CTRL.json,f2a8193286fc7f1bb0532d1659a94456f8588385aaecb209ff75428129febcd1,True,1,928,1f6c211f80d9c44fbc8be22ca3556227556a5d4807dea8e8b756c989ff1c2d75,L,L_ROR,6ba19a7f1c7ebe9cbce9d3c6d7095df8721975ae2c87eb4fc7f7d6ef939f3d15,928,1.0,91.84927400000004,249352,5818260,68d8c1f9eeec610254f89a9a45a2ef70cc122649a479720bcf5cb2f15ecd3159,True,SUCCESS_H2S,False,ROR,1076.530994,True,557.841836
8,SC_S1_C01_M02;SC_S2_C01_M02;SC_S3_C01_M02;SC_S4_C01_M02;SF_S1_C01_M02;SF_S2_C01_M02;SF_S3_C01_M02;SF_S4_C01_M02,0.008620689655172414,H2S,True,70,275.610136,252637,5849636,False,0.0,7.802261,,l_SW_C01_M02_CTRL_SW_C01_M02_SENS,374.181897,False,0cd2d39b9ab3999bdbbe7304a7051ca98a51d813131ec9fa7eee74407629483d,True,1365.803168,44556288,0.7781085568546581,True,50.799268,profiles/L_ROR/l_SW_C01_M02_CTRL_SW_C01_M02_SENS.json,3df9c51e8900517e5cd19f3aa306fbcbfaaba4b144bb9c21c54edde3fdaf0f05,True,1,928,02c35d3eeb6c998acf65e57772db38c4318bdf9111c65b289acd2bd1122f1d5b,L,L_ROR,8cb7ecb747abd083361d5fb6054f00ea34262b4b469878be54569c9514803703,928,1.0,98.57176099999998,252319,5849160,203de077ead7dc46e75ba5a9dadd30d8bb71e14eaee75463897a4a9e27eb7e7a,True,SUCCESS_H2S,False,ROR,1062.743132,True,567.441739
4,CMD_PLC_C01_M03_A1_C01_M03;CMD_PLC_C01_M03_A2_C01_M03;CMD_PLC_C01_M03_A3_C01_M03;CMD_PLC_C01_M03_A4_C01_M03,0.004310344827586207,H2S,True,71,275.10884699999997,249572,5814133,False,0.0,7.996984,,l_SW_C01_M03_ACT_SW_C01_M03_CTRL,366.243384,False,0cd2d39b9ab3999bdbbe7304a7051ca98a51d813131ec9fa7eee74407629483d,True,1365.803168,44253184,0.7830864644765563,True,60.885301,profiles/L_ROR/l_SW_C01_M03_ACT_SW_C01_M03_CTRL.json,4f2ccdb11f7784e2df35825c49b0c38629c1cfde718198065b28a11ef4dc4fc6,True,1,928,8a3be6de1ac9ec45f59b28e499b9fc50b9b6e08a725b672d4778bbd4bbdfe5d4,L,L_ROR,8ff5ca254df786063c0f95bc5a1929ae7748b31c4c047da40ca1f1861c38023e,928,1.0,91.13453700000002,249280,5813672,69497096151faf258b3c480421f8b1458ea3c2d6e967012fee6eb995caa5aaa4,True,SUCCESS_H2S,False,ROR,1069.541974,True,569.917759
10,COORD_CC_C01_PLC_C01_M03;SC_S1_C01_M03;SC_S2_C01_M03;SC_S3_C01_M03;SC_S4_C01_M03;SF_S1_C01_M03;SF_S2_C01_M03;SF_S3_C01_M03;SF_S4_C01_M03;STAT_PLC_C01_M03,0.010775862068965518,H2S,True,72,274.97512800000004,253073,5854439,False,0.0,8.091191,,l_SW_C01_M03_CTRL_SW_C01_M03_SENS,368.772414,False,0cd2d39b9ab3999bdbbe7304a7051ca98a51d813131ec9fa7eee74407629483d,True,1365.803168,44568576,0.7679798030751089,True,67.517756,profiles/L_ROR/l_SW_C01_M03_CTRL_SW_C01_M03_SENS.json,67c6afac25c6cebfa4993410951161fffa7cf09d1d0042d125cdf334d1c75584,True,1,928,5b1f2f0f08fad5e9da079ae80cc05a1b71ccb002957eb9e1fe1c105ff804adbe,L,L_ROR,11222fa271cbf722e59ee0459bb33a593dfc1e8a3dee4af621f1fa36e0372575,928,1.0,93.79728599999999,252741,5853917,cb9088401ed094a473f797cab9d719abb77fe1f26a5dfad67ca1583fd0b76dc6,True,SUCCESS_H2S,False,ROR,1048.909248,True,538.961844
2,COORD_CC_C01_PLC_C01_M03;STAT_PLC_C01_M03,0.0021551724137931034,H2S,True,73,273.009864,242128,5634571,False,0.0,7.70549,,l_SW_C01_M03_SENS_SW_C01_M04_ACT,367.160219,False,0cd2d39b9ab3999bdbbe7304a7051ca98a51d813131ec9fa7eee74407629483d,True,1365.803168,43487232,0.7382557938246048,True,44.312911,profiles/L_ROR/l_SW_C01_M03_SENS_SW_C01_M04_ACT.json,e0e463df55556ce8803794111d98974dc1e3c7c92ed58f6a4f134aee85c3f621,True,1,928,422c47981dc7ec9c024e90bcc61201482afb63ec55fe370c051073cdc60d4919,L,L_ROR,9a13785001501c1196182985089ed83ba8b103c6e1f94c5be8c098ebde5ab7a4,928,1.0,94.15035499999999,241868,5634180,f69e2c18b8f549c4080d2930fb13a47752aa067b82a5510f6d43ed47decc138f,True,SUCCESS_H2S,False,ROR,1008.312102,True,528.009641
6,CMD_PLC_C01_M04_A1_C01_M04;CMD_PLC_C01_M04_A2_C01_M04;CMD_PLC_C01_M04_A3_C01_M04;CMD_PLC_C01_M04_A4_C01_M04;COORD_CC_C01_PLC_C01_M03;STAT_PLC_C01_M03,0.00646551724137931,H2S,True,74,281.752505,249876,5819481,False,0.0,7.982905,,l_SW_C01_M04_ACT_SW_C01_M04_CTRL,375.738278,False,0cd2d39b9ab3999bdbbe7304a7051ca98a51d813131ec9fa7eee74407629483d,True,1365.803168,44429312,0.7758895035745005,True,51.393289,profiles/L_ROR/l_SW_C01_M04_ACT_SW_C01_M04_CTRL.json,2216c77bc494da23e94b662a45a233e6166b8c147d59ad5a5924965f2a9329fd,True,1,928,db41692c4b03bc92a36baf47294b20b6cb4a92d8dbc7148694558b9bcb698676,L,L_ROR,0395107ac169488510a75f364a2312c0933b498e339e29a61109c81f1323a2fa,928,1.0,93.985773,249555,5818974,629000fef2d2bc300245f0ef25f84d65873abee65e16040718339c435523f7fc,True,SUCCESS_H2S,False,ROR,1059.712342,True,560.821073
12,COORD_CC_C01_PLC_C01_M03;COORD_CC_C01_PLC_C01_M04;SC_S1_C01_M04;SC_S2_C01_M04;SC_S3_C01_M04;SC_S4_C01_M04;SF_S1_C01_M04;SF_S2_C01_M04;SF_S3_C01_M04;SF_S4_C01_M04;STAT_PLC_C01_M03;STAT_PLC_C01_M04,0.01293103448275862,H2S,True,75,273.33149499999996,253550,5867951,False,0.0,8.078551,,l_SW_C01_M04_CTRL_SW_C01_M04_SENS,370.270238,False,0cd2d39b9ab3999bdbbe7304a7051ca98a51d813131ec9fa7eee74407629483d,True,1365.803168,44617728,0.7643509046246406,True,52.313148,profiles/L_ROR/l_SW_C01_M04_CTRL_SW_C01_M04_SENS.json,b5222df69d8c18cd9f782909054476e326d7185e5977fe88a8251adaf8814d97,True,1,928,96cf45755d127f8c8f2e928b8fba47d377539c9ed499e9a7a409abf27fb931f1,L,L_ROR,116ed65238148be40cff574d68c206f0123e38518f7c365db9985e54d7ac5916,928,1.0,96.93874300000004,253200,5867383,e17c3e62b865940a47b5ebaa9bb0b7d014ac6934d9aa131b4a1b098fdb687f75,True,SUCCESS_H2S,False,ROR,1043.952887,True,551.149965
5,COORD_CC_C02_PLC_C02_M01;COORD_CC_C02_PLC_C02_M02;IC_PREV_CC_C03;STAT_PLC_C02_M01;STAT_PLC_C02_M02,0.005387931034482759,H2S,True,76,287.022073,242328,5635600,False,0.0,7.839534,,l_SW_C02_CC_SW_C02_M01_ACT,376.530428,False,0cd2d39b9ab3999bdbbe7304a7051ca98a51d813131ec9fa7eee74407629483d,True,1365.803168,43352064,0.7579610951671185,True,64.837691,profiles/L_ROR/l_SW_C02_CC_SW_C02_M01_ACT.json,c26a14635c2271773bc01fbaef42b6720522dfa2c5cac337992596ee35e405ff,True,1,928,cc6ee321e217a1768183273accc6ff13bc6cef3d51266ed027ee6d1a700388ef,L,L_ROR,17678162b21f43cd1e39552122b1b980eac03ba2e8b7d0442fa8691bb7d8efe0,928,1.0,89.508355,242056,5635164,d5c9f436cb06888a483d381c60f0b239ac9b6337abfe4659b2d51fac7ef55315,True,SUCCESS_H2S,False,ROR,1035.225665,True,521.882026
4,COORD_CC_C02_PLC_C02_M03;COORD_CC_C02_PLC_C02_M04;STAT_PLC_C02_M03;STAT_PLC_C02_M04,0.004310344827586207,H2S,True,77,265.674947,242734,5649445,False,0.0,7.596108,,l_SW_C02_CC_SW_C02_M04_SENS,359.452431,False,0cd2d39b9ab3999bdbbe7304a7051ca98a51d813131ec9fa7eee74407629483d,True,1365.803168,43372544,0.746270412077416,True,44.935254,profiles/L_ROR/l_SW_C02_CC_SW_C02_M04_SENS.json,162bbc178a2dc4b53f6e74f48e4e5cbbdf492bd1800b3d16d704bc676cb76a7b,True,1,928,8ee7dcb345b909b9a99e5bd7b30988496ca02a528add238e6179103d93ccd007,L,L_ROR,5924372cf171127978f000350a75e4c079a95235a026871144be9843ae0bb953,928,1.0,93.77748400000002,242491,5649023,ef53099689d26e548f52d3e6adab06e3471b9a0b57ddc6ad9899e52c80b16f62,True,SUCCESS_H2S,False,ROR,1019.258493,True,548.780718
8,CMD_PLC_C02_M01_A1_C02_M01;CMD_PLC_C02_M01_A2_C02_M01;CMD_PLC_C02_M01_A3_C02_M01;CMD_PLC_C02_M01_A4_C02_M01;COORD_CC_C02_PLC_C02_M01;COORD_CC_C02_PLC_C02_M02;STAT_PLC_C02_M01;STAT_PLC_C02_M02,0.008620689655172414,H2S,True,78,273.65857900000003,250617,5833612,False,0.0,7.699415,,l_SW_C02_M01_ACT_SW_C02_M01_CTRL,362.683362,False,0cd2d39b9ab3999bdbbe7304a7051ca98a51d813131ec9fa7eee74407629483d,True,1365.803168,44314624,0.7529638282402931,True,56.61139,profiles/L_ROR/l_SW_C02_M01_ACT_SW_C02_M01_CTRL.json,14e39a799d0b78f693ec29a35c83627366614a3a43283af44839465a9ded7fd3,True,1,928,196da8defb8ea9edb57d10c08295c900722ba1b1fca3c61cd41b1ea4a2b674e1,L,L_ROR,4e5049138dcc52c4fc9345819ea4fdb514cc5f23571518fa65ef8701324cacab,928,1.0,89.02478299999996,250315,5833059,28750a833749fe37f8d843d353638cab51f6c421ff7af7d22954798f834f5874,True,SUCCESS_H2S,False,ROR,1028.400382,True,537.668741
10,COORD_CC_C02_PLC_C02_M02;SC_S1_C02_M01;SC_S2_C02_M01;SC_S3_C02_M01;SC_S4_C02_M01;SF_S1_C02_M01;SF_S2_C02_M01;SF_S3_C02_M01;SF_S4_C02_M01;STAT_PLC_C02_M02,0.010775862068965518,H2S,True,79,295.340036,253176,5854729,False,0.0,8.848159,,l_SW_C02_M01_CTRL_SW_C02_M01_SENS,394.397384,False,0cd2d39b9ab3999bdbbe7304a7051ca98a51d813131ec9fa7eee74407629483d,True,1365.803168,44408832,0.8171199490144981,True,85.565248,profiles/L_ROR/l_SW_C02_M01_CTRL_SW_C02_M01_SENS.json,5b07da6b159954e8b168e7b7d20a3f95f67372e8dbca53bd076e21287f25f5f9,True,1,928,325a76793accdea4ee94b40ec18a1c1443ca1f37eb22701283dfac443fc58847,L,L_ROR,eb279d324e11a71b02087c1af812fa4f5224a0e407afed4f5c2e737b42079312,928,1.0,99.05734799999999,252838,5854207,474f20e24fe60c771511f89c290cbda2bdad112af20652bd94bd592d776457c1,True,SUCCESS_H2S,False,ROR,1116.025015,True,563.523595
2,COORD_CC_C02_PLC_C02_M02;STAT_PLC_C02_M02,0.0021551724137931034,H2S,True,80,272.720382,242193,5634579,False,0.0,7.865191,,l_SW_C02_M01_SENS_SW_C02_M02_ACT,362.562566,False,0cd2d39b9ab3999bdbbe7304a7051ca98a51d813131ec9fa7eee74407629483d,True,1365.803168,43327488,0.7398523115740789,True,49.033323,profiles/L_ROR/l_SW_C02_M01_SENS_SW_C02_M02_ACT.json,ee4e4c80afb221c0536f8c66846c2ae8dcd621a86a1e1ee2e890fb9f261f70a8,True,1,928,f580f124ee92f92808c3e61789a6bd748a5f8fd11c9f75369f554ba73c6a73aa,L,L_ROR,6f20ebb3c2f416ca869368ca489a9e74bc657e72420f07a63851c8dcec4b86a1,928,1.0,89.84218400000003,241932,5634188,e9761860cbee2644fa65d050ac7c4081f137a1214d7807dd0f693eb7f51716c7,True,SUCCESS_H2S,False,ROR,1010.492631,True,530.728268
6,CMD_PLC_C02_M02_A1_C02_M02;CMD_PLC_C02_M02_A2_C02_M02;CMD_PLC_C02_M02_A3_C02_M02;CMD_PLC_C02_M02_A4_C02_M02;COORD_CC_C02_PLC_C02_M02;STAT_PLC_C02_M02,0.00646551724137931,H2S,True,81,272.943785,249898,5818121,False,0.0,8.0794,,l_SW_C02_M02_ACT_SW_C02_M02_CTRL,370.297304,False,0cd2d39b9ab3999bdbbe7304a7051ca98a51d813131ec9fa7eee74407629483d,True,1365.803168,44429312,0.762065814010471,True,48.491502,profiles/L_ROR/l_SW_C02_M02_ACT_SW_C02_M02_CTRL.json,618fddf716b8c845f8d9efc897973018f41f19c79f541ee379b53cdd6089766b,True,1,928,d36ecab733afae6a754240dc6a1eeb9a76ebd6bf7c21c865eb5e03754db09cbe,L,L_ROR,9039838cba49bd1415b6a8b0bafa1db7816ed15d9a477bbaa888adcb063242f9,928,1.0,97.353519,249583,5817614,ecfe6d7deeed63fff5b1e3f8e6fc604d3ad86dbfe2b91ec04c0055a7ed422f1a,True,SUCCESS_H2S,False,ROR,1040.831903,True,554.028436
8,SC_S1_C02_M02;SC_S2_C02_M02;SC_S3_C02_M02;SC_S4_C02_M02;SF_S1_C02_M02;SF_S2_C02_M02;SF_S3_C02_M02;SF_S4_C02_M02,0.008620689655172414,H2S,True,82,279.401297,252662,5849503,False,0.0,7.856284,,l_SW_C02_M02_CTRL_SW_C02_M02_SENS,369.293736,False,0cd2d39b9ab3999bdbbe7304a7051ca98a51d813131ec9fa7eee74407629483d,True,1365.803168,44392448,0.7691267472590898,True,56.855627,profiles/L_ROR/l_SW_C02_M02_CTRL_SW_C02_M02_SENS.json,401bd0f802407e121c8f21ce18c77f0714d365ed7f54399a8647a9fc85fbc52b,True,1,928,bc1cc01ed646ddfdbe8f4bf3f3c0d3f13642a53d172b853c0ce49dd33073d636,L,L_ROR,18aa518e967ffa548d2d5d1ff734ec6e9fd0749eca1c11be2b4a66851eda27fa,928,1.0,89.89243900000002,252341,5849027,7b781fb2ef5211d2db87dee1592cf480111ba82a1dc83cbb55c6b3579c417052,True,SUCCESS_H2S,False,ROR,1050.475748,True,553.393881
4,CMD_PLC_C02_M03_A1_C02_M03;CMD_PLC_C02_M03_A2_C02_M03;CMD_PLC_C02_M03_A3_C02_M03;CMD_PLC_C02_M03_A4_C02_M03,0.004310344827586207,H2S,True,83,273.17575,249714,5814499,False,0.0,8.33638,,l_SW_C02_M03_ACT_SW_C02_M03_CTRL,371.895733,False,0cd2d39b9ab3999bdbbe7304a7051ca98a51d813131ec9fa7eee74407629483d,True,1365.803168,44417024,0.7780565691292936,True,70.567618,profiles/L_ROR/l_SW_C02_M03_ACT_SW_C02_M03_CTRL.json,1e03130fca28c1e1f971eaeecb652ec9acb00cdeaeb15b7b85bb7d6c10a440ec,True,1,928,2580eba3cde58fc8b70f60d1ed769bb568b7e0c9066996622e674549944ee6d9,L,L_ROR,f103e7502f57d58a79c625abdd10f44304da3870ea6e0d00d320a18ca9613c42,928,1.0,98.71998300000001,249421,5814038,c00014fb7522b971213bead4ee48bdb1bdaf64cf03ee138bf7e4471f5ed1adb2,True,SUCCESS_H2S,False,ROR,1062.672127,True,547.825433
10,COORD_CC_C02_PLC_C02_M03;SC_S1_C02_M03;SC_S2_C02_M03;SC_S3_C02_M03;SC_S4_C02_M03;SF_S1_C02_M03;SF_S2_C02_M03;SF_S3_C02_M03;SF_S4_C02_M03;STAT_PLC_C02_M03,0.010775862068965518,H2S,True,84,282.8718,252839,5854569,False,0.0,7.991917,,l_SW_C02_M03_CTRL_SW_C02_M03_SENS,372.497618,False,0cd2d39b9ab3999bdbbe7304a7051ca98a51d813131ec9fa7eee74407629483d,True,1365.803168,44404736,0.7834111840338036,True,49.711399,profiles/L_ROR/l_SW_C02_M03_CTRL_SW_C02_M03_SENS.json,35d2a41cf139af1455ee850a3752d414fe1178cfcc68ebbf541d99a1bc3a8528,True,1,928,9a18fa5cc60e5c5c48010900ae484814d64a035af75ff92952be202828d1c15c,L,L_ROR,a7a8d0e3cd1453326a81640991087718f22ccd2b0d9b13f8a6f9194cd89359b0,928,1.0,89.62581799999998,252497,5854047,26c1868ff1c665c30bcf94d6239706e502f382a6ae9bb53a7fc0d2c1ac8082a9,True,SUCCESS_H2S,False,ROR,1069.985477,True,570.207758
2,COORD_CC_C02_PLC_C02_M03;STAT_PLC_C02_M03,0.0021551724137931034,H2S,True,85,273.392014,242140,5634443,False,0.0,7.933495,,l_SW_C02_M03_SENS_SW_C02_M04_ACT,372.177411,False,0cd2d39b9ab3999bdbbe7304a7051ca98a51d813131ec9fa7eee74407629483d,True,1365.803168,43487232,0.7879497845768653,True,61.913783,profiles/L_ROR/l_SW_C02_M03_SENS_SW_C02_M04_ACT.json,ad3d2b709da45796be9937189108abc1eafd49498ecc15cf9e5bbae066f15d8e,True,1,928,50f21c3283ef8b2fdb9c235b0c4ec550789a424c7242e6433b8db08faa3e20c4,L,L_ROR,17472987fa40de033628ec82f14d3f0557a32d22cd4653eaeb63167ce068da43,928,1.0,98.78539699999999,241879,5634052,b62a6139175842e7fb82db47e967a09a2e2de2831ac74716cac68f8a51f89ab7,True,SUCCESS_H2S,False,ROR,1076.184312,True,574.628287
6,CMD_PLC_C02_M04_A1_C02_M04;CMD_PLC_C02_M04_A2_C02_M04;CMD_PLC_C02_M04_A3_C02_M04;CMD_PLC_C02_M04_A4_C02_M04;COORD_CC_C02_PLC_C02_M03;STAT_PLC_C02_M03,0.00646551724137931,H2S,True,86,272.010633,249970,5812960,False,0.0,8.334323,,l_SW_C02_M04_ACT_SW_C02_M04_CTRL,360.209699,False,0cd2d39b9ab3999bdbbe7304a7051ca98a51d813131ec9fa7eee74407629483d,True,1365.803168,44429312,0.7600071586596292,True,67.143276,profiles/L_ROR/l_SW_C02_M04_ACT_SW_C02_M04_CTRL.json,77da79715aff69f0822b638287d4939e77fa2efb072940c2346773b4d27a087a,True,1,928,6a7aae4871c16c8ddc6f57c1d72ea136f37d5af552ba74332627ae4ce61b937f,L,L_ROR,16817b255f294af7c6cddd20ab962a223f6e3fa85f31e658ba370635fbc767d8,928,1.0,88.19906600000002,249647,5812453,d53154f5ae4ce3ed943bed58d9ef4ea68190d58e2b081febb3dedd103c39f8b5,True,SUCCESS_H2S,False,ROR,1038.020185,True,532.740723
12,COORD_CC_C02_PLC_C02_M03;COORD_CC_C02_PLC_C02_M04;SC_S1_C02_M04;SC_S2_C02_M04;SC_S3_C02_M04;SC_S4_C02_M04;SF_S1_C02_M04;SF_S2_C02_M04;SF_S3_C02_M04;SF_S4_C02_M04;STAT_PLC_C02_M03;STAT_PLC_C02_M04,0.01293103448275862,H2S,True,87,281.52548,253466,5868194,False,0.0,8.273631,,l_SW_C02_M04_CTRL_SW_C02_M04_SENS,379.372089,False,0cd2d39b9ab3999bdbbe7304a7051ca98a51d813131ec9fa7eee74407629483d,True,1365.803168,44617728,0.7889068134010947,True,49.499365,profiles/L_ROR/l_SW_C02_M04_CTRL_SW_C02_M04_SENS.json,d6977041d41b3a2ea12fedd7408e1aa3ac6cec9d6872dc158195389d897975de,True,1,928,5bf1c305021fa2be6b1e71e6a6ba1cc17c082b011dcc6818039e41cba5f8d598,L,L_ROR,9d87785ee61a7cf86755b8b84d049876f0a207aa864d2b1e8ea000ca22c863e0,928,1.0,97.846609,253119,5867626,30837709959c5b42d87ca242c714d34f6b6452ff945a5b82cc108565140f67ce,True,SUCCESS_H2S,False,ROR,1077.491425,True,577.881459
5,COORD_CC_C03_PLC_C03_M01;COORD_CC_C03_PLC_C03_M02;IC_PREV_CC_C04;STAT_PLC_C03_M01;STAT_PLC_C03_M02,0.005387931034482759,H2S,True,88,278.816821,242338,5635630,False,0.0,7.848449,,l_SW_C03_CC_SW_C03_M01_ACT,367.079104,False,0cd2d39b9ab3999bdbbe7304a7051ca98a51d813131ec9fa7eee74407629483d,True,1365.803168,43511808,0.7453527249396452,True,44.424935,profiles/L_ROR/l_SW_C03_CC_SW_C03_M01_ACT.json,789e269e2d4c5dc00fcd7c38c894e64135dcfb3ace9c2e0c388e6151d36f622a,True,1,928,da1381175cc9faa4efba92ff478c35afb535e2305f51cb38f8f6b5ecc6b6ed70,L,L_ROR,9cc943a3c2ce3cf6fc3df1f086097cae341b8d30346849680e84591d2299f44b,928,1.0,88.26228299999997,242066,5635194,bbf8a5371dc91c0b6a3c74f8c18ab54902bea86c49f8412b33d9f434420ec43d,True,SUCCESS_H2S,False,ROR,1018.005113,True,537.063803
4,COORD_CC_C03_PLC_C03_M03;COORD_CC_C03_PLC_C03_M04;STAT_PLC_C03_M03;STAT_PLC_C03_M04,0.004310344827586207,H2S,True,89,273.897254,242750,5649397,False,0.0,7.923563,,l_SW_C03_CC_SW_C03_M04_SENS,371.29774,False,0cd2d39b9ab3999bdbbe7304a7051ca98a51d813131ec9fa7eee74407629483d,True,1365.803168,43536384,0.7438402690833413,True,54.454881,profiles/L_ROR/l_SW_C03_CC_SW_C03_M04_SENS.json,00c5e63b4277915ed71cd15e552deb230d84a829e2a6585c152329253b169f0e,True,1,928,668f258fb9b14f4bae33ce2a8a76e643b279b9be83bb530af58b0f49819588a4,L,L_ROR,6221fd3cdaa4e0f58d20708a4ffc91ee94f1b1ddb61e610d400c66d297fb4576,928,1.0,97.400486,242506,5648975,38272be61508c754b4b94383acecac395d9ec7e1d4157a46093ef1f94a4dc946,True,SUCCESS_H2S,False,ROR,1015.939396,True,521.748277
8,CMD_PLC_C03_M01_A1_C03_M01;CMD_PLC_C03_M01_A2_C03_M01;CMD_PLC_C03_M01_A3_C03_M01;CMD_PLC_C03_M01_A4_C03_M01;COORD_CC_C03_PLC_C03_M01;COORD_CC_C03_PLC_C03_M02;STAT_PLC_C03_M01;STAT_PLC_C03_M02,0.008620689655172414,H2S,True,90,274.85027,250864,5833003,False,0.0,8.237189,,l_SW_C03_M01_ACT_SW_C03_M01_CTRL,367.658877,False,0cd2d39b9ab3999bdbbe7304a7051ca98a51d813131ec9fa7eee74407629483d,True,1365.803168,44306432,0.7763782562847299,True,65.637983,profiles/L_ROR/l_SW_C03_M01_ACT_SW_C03_M01_CTRL.json,e2d0232da047dfda7413355d7cd7cf8644283c77cb605db89796bde9352e328a,True,1,928,a7a29dd45049c332fd9ae8cee06a6b898c33abc992a24a66085129dfee1f9ee7,L,L_ROR,322aeef92f9fd6f07e2a93d76051d3a8afa3496c64ec1d3436e4ded76ff948a2,928,1.0,92.808607,250539,5832450,8ae834bb5b915bd02672f923db68a6b7bc0da83ffccc7efa3d3cf8e77a78d4fa,True,SUCCESS_H2S,False,ROR,1060.379882,True,548.953591
10,COORD_CC_C03_PLC_C03_M02;SC_S1_C03_M01;SC_S2_C03_M01;SC_S3_C03_M01;SC_S4_C03_M01;SF_S1_C03_M01;SF_S2_C03_M01;SF_S3_C03_M01;SF_S4_C03_M01;STAT_PLC_C03_M02,0.010775862068965518,H2S,True,91,277.45937999999995,253109,5854863,False,0.0,7.734727,,l_SW_C03_M01_CTRL_SW_C03_M01_SENS,374.452371,False,0cd2d39b9ab3999bdbbe7304a7051ca98a51d813131ec9fa7eee74407629483d,True,1365.803168,44568576,0.763411562097065,True,47.831841,profiles/L_ROR/l_SW_C03_M01_CTRL_SW_C03_M01_SENS.json,e3875b7e71cb72dfed05dcf783a6dc14a9826b119fcfea3f67f9449008bc1041,True,1,928,41178b2b915c24ab8f43d0d1e9d5e6c511bfc005d66f307d8f27ada21c6473e5,L,L_ROR,2149ddefd6642e007cb97e8e0644818c554f0a3c434e045404f89d991326325b,928,1.0,96.99299100000007,252764,5854341,cfecdcb97c73eb5c2ce4fe4bf72f524e1fb2817c60bf7c104337756a2b8b0921,True,SUCCESS_H2S,False,ROR,1042.66993,True,551.055043
2,COORD_CC_C03_PLC_C03_M02;STAT_PLC_C03_M02,0.0021551724137931034,H2S,True,92,271.948441,242201,5634553,False,0.0,7.662814,,l_SW_C03_M01_SENS_SW_C03_M02_ACT,360.003054,False,0cd2d39b9ab3999bdbbe7304a7051ca98a51d813131ec9fa7eee74407629483d,True,1365.803168,43327488,0.7592258140083623,True,56.466438,profiles/L_ROR/l_SW_C03_M01_SENS_SW_C03_M02_ACT.json,cd6a72093a4ac09ce3503caeaa455ac92126fbc2d2f9d9db2e6b524129438430,True,1,928,34a0b8ef7843cc3e2d8a4352c1b488035d770ae8f7a3c946ddafd9612e7a9372,L,L_ROR,5584602e890a9bcef58092f874a0656f00fb0b10ecb82720c4f98a5193ac1fe6,928,1.0,88.05461300000002,241931,5634162,f98fd31a6289ceeaff2589fda222b0f6859dbe8cc23845757694bb015c0af24d,True,SUCCESS_H2S,False,ROR,1036.953022,True,552.603054
6,CMD_PLC_C03_M02_A1_C03_M02;CMD_PLC_C03_M02_A2_C03_M02;CMD_PLC_C03_M02_A3_C03_M02;CMD_PLC_C03_M02_A4_C03_M02;COORD_CC_C03_PLC_C03_M02;STAT_PLC_C03_M02,0.00646551724137931,H2S,True,93,276.611613,250085,5818672,False,0.0,7.651665,,l_SW_C03_M02_ACT_SW_C03_M02_CTRL,377.442761,False,0cd2d39b9ab3999bdbbe7304a7051ca98a51d813131ec9fa7eee74407629483d,True,1365.803168,44429312,0.8104161975409915,True,75.399614,profiles/L_ROR/l_SW_C03_M02_ACT_SW_C03_M02_CTRL.json,3bede57046d69edf7f7d93850e3f06aa2c95eadf2c7da884ff83eb0525511c4d,True,1,928,2b0018ac6f90c5d21b165c2347ab33f3f509197b4e112d2b4791617efed3917a,L,L_ROR,ecad774b9c853c659d25402ac47a9ed8e42b9c5140d02a3bceb61ba6149fd6ea,928,1.0,100.83114800000004,249773,5818165,8f8989a6a87c226bf5c42a69b631509b8cfff79b1d92b3a7fc4c52cf95f51c72,True,SUCCESS_H2S,False,ROR,1106.86901,True,577.641401
8,SC_S1_C03_M02;SC_S2_C03_M02;SC_S3_C03_M02;SC_S4_C03_M02;SF_S1_C03_M02;SF_S2_C03_M02;SF_S3_C03_M02;SF_S4_C03_M02,0.008620689655172414,H2S,True,94,274.293032,252878,5849128,False,0.0,7.922603,,l_SW_C03_M02_CTRL_SW_C03_M02_SENS,367.33211,False,0cd2d39b9ab3999bdbbe7304a7051ca98a51d813131ec9fa7eee74407629483d,True,1365.803168,44388352,0.753870992631934,True,46.070746,profiles/L_ROR/l_SW_C03_M02_CTRL_SW_C03_M02_SENS.json,d25bce480a3abea77764dbdaa15791104f89fe6bb36923dd1841fdc1110e6046,True,1,928,8840711bf4249b86d18f11db68f0110749d1cede082c32d14482d0c752448068,L,L_ROR,88cd87766488e8227befa6f5fb53cb4b458df786075cb69f54ea54f2ad3634a1,928,1.0,93.03907800000002,252558,5848652,d3086a00219d7eb3905bcfa3b10cdb555f07eaae891018ee823970504c30586b,True,SUCCESS_H2S,False,ROR,1029.63939,True,542.292299
4,CMD_PLC_C03_M03_A1_C03_M03;CMD_PLC_C03_M03_A2_C03_M03;CMD_PLC_C03_M03_A3_C03_M03;CMD_PLC_C03_M03_A4_C03_M03,0.004310344827586207,H2S,True,95,276.743738,249753,5813346,False,0.0,8.002616,,l_SW_C03_M03_ACT_SW_C03_M03_CTRL,380.366085,False,0cd2d39b9ab3999bdbbe7304a7051ca98a51d813131ec9fa7eee74407629483d,True,1365.803168,44417024,0.7641714746703531,True,44.963834,profiles/L_ROR/l_SW_C03_M03_ACT_SW_C03_M03_CTRL.json,ecd3c42c32418a9f0bc940a6025d1dba098fd02636b276583dd111f675313b12,True,1,928,cc92c0a459b841c58d857b091b74db28c636ce7eb261d38a395e96c3e49ab743,L,L_ROR,18dbb732966f36b133b8b4fb88ed664941d921c50ae5b08ddd101f2165c025ea,928,1.0,103.62234699999999,249465,5812885,9f871c62bea2dfc1103728c41b17bdaa562465a38f3cd5a81ef20480f951aaee,True,SUCCESS_H2S,False,ROR,1043.707821,True,548.467097
10,COORD_CC_C03_PLC_C03_M03;SC_S1_C03_M03;SC_S2_C03_M03;SC_S3_C03_M03;SC_S4_C03_M03;SF_S1_C03_M03;SF_S2_C03_M03;SF_S3_C03_M03;SF_S4_C03_M03;STAT_PLC_C03_M03,0.010775862068965518,H2S,True,96,274.569219,253040,5853893,False,0.0,7.695602,,l_SW_C03_M03_CTRL_SW_C03_M03_SENS,364.190316,False,0cd2d39b9ab3999bdbbe7304a7051ca98a51d813131ec9fa7eee74407629483d,True,1365.803168,44568576,0.7807942037223331,True,68.850887,profiles/L_ROR/l_SW_C03_M03_CTRL_SW_C03_M03_SENS.json,d8e7770a4010a40c06af80af82736b78c9b26031d6d22f5536861ff7d368bb7e,True,1,928,98781b9b16886ecea1dd9d2cc3bc2e9807485d43426b04ac63f4e3cf5b65ba2e,L,L_ROR,f0d1c895a8cd720d4112ad617407b27b73e5c688f953dbb7f7343cdedff8daa9,928,1.0,89.62109700000002,252704,5853371,9f1cc67177c7a114a6dd923fcd8775075e86af05deb0393d9ede8b55cd049e7e,True,SUCCESS_H2S,False,ROR,1066.411197,True,552.510063
2,COORD_CC_C03_PLC_C03_M03;STAT_PLC_C03_M03,0.0021551724137931034,H2S,True,97,268.95604299999997,242174,5634373,False,0.0,7.934301,,l_SW_C03_M03_SENS_SW_C03_M04_ACT,364.707742,False,0cd2d39b9ab3999bdbbe7304a7051ca98a51d813131ec9fa7eee74407629483d,True,1365.803168,43327488,0.7316685752481722,True,44.316139,profiles/L_ROR/l_SW_C03_M03_SENS_SW_C03_M04_ACT.json,9fd299987e0652037078a955a35c01a473d87a378a3c21e0c26b9ccd0e54cc27,True,1,928,6792e1a6a20fe68b09b24c350023a60e84f564e063b2dea91e6700258092540c,L,L_ROR,0f1d956d519e50d2f3e275eb1fb8e27d51743d9e4bcec5cfd2f90d47f0ce561c,928,1.0,95.75169900000003,241907,5633982,1e0ad31d0f71f977c64bb5effcd91dd971501010785f8998ddbfe5d5cf593da5,True,SUCCESS_H2S,False,ROR,999.315258,True,522.431079
6,CMD_PLC_C03_M04_A1_C03_M04;CMD_PLC_C03_M04_A2_C03_M04;CMD_PLC_C03_M04_A3_C03_M04;CMD_PLC_C03_M04_A4_C03_M04;COORD_CC_C03_PLC_C03_M03;STAT_PLC_C03_M03,0.00646551724137931,H2S,True,98,271.484602,250083,5818918,False,0.0,7.619687,,l_SW_C03_M04_ACT_SW_C03_M04_CTRL,360.569614,False,0cd2d39b9ab3999bdbbe7304a7051ca98a51d813131ec9fa7eee74407629483d,True,1365.803168,44265472,0.7587267355057125,True,48.331246,profiles/L_ROR/l_SW_C03_M04_ACT_SW_C03_M04_CTRL.json,3d5d10088597aedcf4412693970004715e1024fe3625b123dd0248043af05027,True,1,928,2d4bfb2d178be4b67521dcf0114829bb67e43a4b7ca37aac99e566986bd5f31b,L,L_ROR,e12c2a8e53dcaa80a35d369f448ba2eb00cb4a004d345c7d0bda7aa6f214ea39,928,1.0,89.085012,249769,5818411,60745151d9bd7f604bbd2a25fdab06c48600773b5a61845ca2fb147bc4571dd4,True,SUCCESS_H2S,False,ROR,1036.271379,True,552.121327
12,COORD_CC_C03_PLC_C03_M03;COORD_CC_C03_PLC_C03_M04;SC_S1_C03_M04;SC_S2_C03_M04;SC_S3_C03_M04;SC_S4_C03_M04;SF_S1_C03_M04;SF_S2_C03_M04;SF_S3_C03_M04;SF_S4_C03_M04;STAT_PLC_C03_M03;STAT_PLC_C03_M04,0.01293103448275862,H2S,True,99,279.960385,253540,5863343,False,0.0,8.187879,,l_SW_C03_M04_CTRL_SW_C03_M04_SENS,381.072486,False,0cd2d39b9ab3999bdbbe7304a7051ca98a51d813131ec9fa7eee74407629483d,True,1365.803168,44617728,0.7740009730303979,True,60.727431,profiles/L_ROR/l_SW_C03_M04_CTRL_SW_C03_M04_SENS.json,cebb47a4bfc3e9fb81a12006cd0040a7197859b23fa6312b3c50535184c9e3bc,True,1,928,e4a657e94430ff5f658c0bbff5684de05efe6a4efeb2f51696f54aae16bff6a9,L,L_ROR,11d7f36f557c878577fb9b7d4c13b7e564314dbc288b3d166971dbaf053c1a70,928,1.0,101.11210100000005,253190,5862775,9d42a5309b1f04c66d26aede3bf01d34c33d486991773c501c52bece2e823fe1,True,SUCCESS_H2S,False,ROR,1057.132981,True,543.841813
5,COORD_CC_C04_PLC_C04_M01;COORD_CC_C04_PLC_C04_M02;IC_PREV_CC_C05;STAT_PLC_C04_M01;STAT_PLC_C04_M02,0.005387931034482759,H2S,True,100,276.882641,242356,5635628,False,0.0,7.860432,,l_SW_C04_CC_SW_C04_M01_ACT,364.607823,False,0cd2d39b9ab3999bdbbe7304a7051ca98a51d813131ec9fa7eee74407629483d,True,1365.803168,43511808,0.7554143189686906,True,66.183691,profiles/L_ROR/l_SW_C04_CC_SW_C04_M01_ACT.json,63f1da2149d280626ddd529ada80b34a0cffd6eb00f92d81712e5b0ad64528a6,True,1,928,b675d82e8b0034e42053137ac8267a0fdf3638b8112f85a3bfd0923c14b2925b,L,L_ROR,7faad45be535d9d3ded325f513b34d2a3707ccb890eebd3cf21d003f94d7612e,928,1.0,87.72518200000002,242074,5635192,ca451ee2ba888130d4129a96f771e4fee2e7d400a4444c9dec0c5bae5b30a028,True,SUCCESS_H2S,False,ROR,1031.74727,True,528.665101
4,COORD_CC_C04_PLC_C04_M03;COORD_CC_C04_PLC_C04_M04;STAT_PLC_C04_M03;STAT_PLC_C04_M04,0.004310344827586207,H2S,True,101,264.576824,242703,5649619,False,0.0,7.769906,,l_SW_C04_CC_SW_C04_M04_SENS,359.363243,False,0cd2d39b9ab3999bdbbe7304a7051ca98a51d813131ec9fa7eee74407629483d,True,1365.803168,43540480,0.731541097875093,True,45.014317,profiles/L_ROR/l_SW_C04_CC_SW_C04_M04_SENS.json,0d142b44bb45b0bb3226f5152d6fb23a4fd4129cb770634e3a956d2691699847,True,1,928,f38e83ae0d29375e64d7c3e386ab6187504cfd69a91af7c292492c45284070c6,L,L_ROR,e2ac0baa2cb0d1d5ba9f9e31b29f38aa1294d9bae70a4fdd748b81284f4fa90c,928,1.0,94.78641900000002,242458,5649197,12c283df2d0cff9016ab8f6a3d4cc889f462246e7b55e1608728ac6193f371ea,True,SUCCESS_H2S,False,ROR,999.141149,True,523.508438
8,CMD_PLC_C04_M01_A1_C04_M01;CMD_PLC_C04_M01_A2_C04_M01;CMD_PLC_C04_M01_A3_C04_M01;CMD_PLC_C04_M01_A4_C04_M01;COORD_CC_C04_PLC_C04_M01;COORD_CC_C04_PLC_C04_M02;STAT_PLC_C04_M01;STAT_PLC_C04_M02,0.008620689655172414,H2S,True,102,273.501798,250692,5834146,False,0.0,8.143327,,l_SW_C04_M01_ACT_SW_C04_M01_CTRL,362.664111,False,0cd2d39b9ab3999bdbbe7304a7051ca98a51d813131ec9fa7eee74407629483d,True,1365.803168,44478464,0.7661932674620946,True,45.999174,profiles/L_ROR/l_SW_C04_M01_ACT_SW_C04_M01_CTRL.json,4766de82bcfe34d0a9b263e2d36b528efadbba996253eb3b527fab9215ca07ca,True,1,928,c8a380c9dff42e61ef4e3cc81b2c3f19289cfc628b8d6ae071f68c01d1267588,L,L_ROR,acd30ac933bf6e5536462a0b1ce13f21d86030c89256dede7a2596c74ef4ef7e,928,1.0,89.16231299999998,250386,5833593,e427c90abb3144b763a5295bfa1e72e03bb419b6725fc25b84b7f2d6c0288c46,True,SUCCESS_H2S,False,ROR,1046.469192,True,565.560955
10,COORD_CC_C04_PLC_C04_M02;SC_S1_C04_M01;SC_S2_C04_M01;SC_S3_C04_M01;SC_S4_C04_M01;SF_S1_C04_M01;SF_S2_C04_M01;SF_S3_C04_M01;SF_S4_C04_M01;STAT_PLC_C04_M02,0.010775862068965518,H2S,True,103,282.572044,253213,5855177,False,0.0,7.841153,,l_SW_C04_M01_CTRL_SW_C04_M01_SENS,383.315837,False,0cd2d39b9ab3999bdbbe7304a7051ca98a51d813131ec9fa7eee74407629483d,True,1365.803168,44568576,0.7740722021813322,True,52.148104,profiles/L_ROR/l_SW_C04_M01_CTRL_SW_C04_M01_SENS.json,c1682c9815a52ba829ff90f19b9fad08c33b8f7c7fda134464bf48d652198361,True,1,928,42728db98fa2829ee678c30dbe1e996d55ee7a5014143c1daf00a7516e905f2f,L,L_ROR,18c62f83281f84f076a07dbca23882282cd06800a0a132ff9eefa94019ea8ce5,928,1.0,100.74379299999998,252862,5854655,cec89e06334e5ee9e75e1478fcec797954f3bbf58fb6eb26bc6a8f69be82b88a,True,SUCCESS_H2S,False,ROR,1057.230266,True,550.985611
2,COORD_CC_C04_PLC_C04_M02;STAT_PLC_C04_M02,0.0021551724137931034,H2S,True,104,271.067118,242224,5634591,False,0.0,7.828559,,l_SW_C04_M01_SENS_SW_C04_M02_ACT,361.870885,False,0cd2d39b9ab3999bdbbe7304a7051ca98a51d813131ec9fa7eee74407629483d,True,1365.803168,43487232,0.7469715789969525,True,65.144154,profiles/L_ROR/l_SW_C04_M01_SENS_SW_C04_M02_ACT.json,5cdb8ba4b4edc4a8211bd958d97ec1beed8c0c3e0bcccb30c234a6aca4f1067a,True,1,928,273634a10234f43f42008ab03c9b82d5350520b5243005e61017c194ce491ffb,L,L_ROR,ddd4dd4eb5ce31405ed2a11137ad2a1f875512def1eb845d87665e8c25a5b077,928,1.0,90.803767,241960,5634200,fbd199a0c01812fdd2b9d67a723094286996ac579b70fd6d1a9884ff5f9f6642,True,SUCCESS_H2S,False,ROR,1020.216149,True,521.517026
6,CMD_PLC_C04_M02_A1_C04_M02;CMD_PLC_C04_M02_A2_C04_M02;CMD_PLC_C04_M02_A3_C04_M02;CMD_PLC_C04_M02_A4_C04_M02;COORD_CC_C04_PLC_C04_M02;STAT_PLC_C04_M02,0.00646551724137931,H2S,True,105,274.50448,250049,5819102,False,0.0,7.698525,,l_SW_C04_M02_ACT_SW_C04_M02_CTRL,374.037972,False,0cd2d39b9ab3999bdbbe7304a7051ca98a51d813131ec9fa7eee74407629483d,True,1365.803168,44429312,0.7521822163470044,True,44.375804,profiles/L_ROR/l_SW_C04_M02_ACT_SW_C04_M02_CTRL.json,4cb1bebbf6f379681ce801a693167170e73860f592c6784670490f5571cf4f2b,True,1,928,39501a0c1a7bc7fd3a200e54a123a240b59136514b8103b9d1a98ffcb25e75b7,L,L_ROR,0c3ab45c5a81e9667687f69c2df778ac8b2919225e8e3d8ce3f821ede285b5c3,928,1.0,99.53349200000002,249734,5818595,44cb488c94cd25f25fe7dc676b22b86a17c99915ce9fa26bfea3440e311947b3,True,SUCCESS_H2S,False,ROR,1027.332854,True,540.408459
8,SC_S1_C04_M02;SC_S2_C04_M02;SC_S3_C04_M02;SC_S4_C04_M02;SF_S1_C04_M02;SF_S2_C04_M02;SF_S3_C04_M02;SF_S4_C04_M02,0.008620689655172414,H2S,True,106,275.94739400000003,252872,5849370,False,0.0,7.953825,,l_SW_C04_M02_CTRL_SW_C04_M02_SENS,369.083652,False,0cd2d39b9ab3999bdbbe7304a7051ca98a51d813131ec9fa7eee74407629483d,True,1365.803168,44392448,0.7678512406262042,True,63.114768,profiles/L_ROR/l_SW_C04_M02_CTRL_SW_C04_M02_SENS.json,77a684b9d9e46873811a6cec6326b67bafcbd92fe4a967182080d564fb63dee6,True,1,928,2520846bd5d16a1685ac890e3d9698120c617f4e4fd686e33d075a70a706609b,L,L_ROR,ab0210f49076a17432f346a35baaac43d88cf833039621bd0e460fc630e07fd0,928,1.0,93.13625799999994,252551,5848894,7435677e20405d1d08d45ff4ac830acf6feedc1e42b890b7f94b1d1d57a55a62,True,SUCCESS_H2S,False,ROR,1048.733657,True,545.160574
4,CMD_PLC_C04_M03_A1_C04_M03;CMD_PLC_C04_M03_A2_C04_M03;CMD_PLC_C04_M03_A3_C04_M03;CMD_PLC_C04_M03_A4_C04_M03,0.004310344827586207,H2S,True,107,273.26828600000005,249706,5813479,False,0.0,7.836886,,l_SW_C04_M03_ACT_SW_C04_M03_CTRL,376.38518,False,0cd2d39b9ab3999bdbbe7304a7051ca98a51d813131ec9fa7eee74407629483d,True,1365.803168,44253184,0.7843566409124042,True,83.475762,profiles/L_ROR/l_SW_C04_M03_ACT_SW_C04_M03_CTRL.json,3948d19e13018e245ac2a748d43d6eb117ad83374acd8a9d19b00ab9aa3b063f,True,1,928,b1a08705e64ec8261a9c2b30df68f9ca7d9269a56535b3e46c2b2c019500779a,L,L_ROR,084219ac9064eaa96edbac5d6a0d40450db504a8da84d53dd0c4513e37a55a8e,928,1.0,103.11689399999995,249420,5813018,a616e0533fd3feb5340fc0a82eaeb3b68a681709eda9f35fcda83ff0fb5c1992,True,SUCCESS_H2S,False,ROR,1071.276785,True,541.199522
10,COORD_CC_C04_PLC_C04_M03;SC_S1_C04_M03;SC_S2_C04_M03;SC_S3_C04_M03;SC_S4_C04_M03;SF_S1_C04_M03;SF_S2_C04_M03;SF_S3_C04_M03;SF_S4_C04_M03;STAT_PLC_C04_M03,0.010775862068965518,H2S,True,108,272.897903,252908,5854056,False,0.0,7.733325,,l_SW_C04_M03_CTRL_SW_C04_M03_SENS,363.411994,False,0cd2d39b9ab3999bdbbe7304a7051ca98a51d813131ec9fa7eee74407629483d,True,1365.803168,44564480,0.7641090154507534,True,47.324841,profiles/L_ROR/l_SW_C04_M03_CTRL_SW_C04_M03_SENS.json,f45ce04485f199f753dd40739fa824d587f2f23f98f5ad7b68ea471314bdf43c,True,1,928,841706559b5b053bb3507d12e21ca2354006e6bb18a6b4dc39190882974b7880,L,L_ROR,a91bbc4b539baf4894cd6ccc57d24ed1a7ecdd69311e7ae4580a920a9a54bcf0,928,1.0,90.51409100000001,252561,5853534,069e5b496eef4910b11b0402fc811d5f57093e028d9a7ed7b0e7f2ba0886f4be,True,SUCCESS_H2S,False,ROR,1043.622514,True,560.842609
2,COORD_CC_C04_PLC_C04_M03;STAT_PLC_C04_M03,0.0021551724137931034,H2S,True,109,268.222616,242145,5634579,False,0.0,7.725755,,l_SW_C04_M03_SENS_SW_C04_M04_ACT,363.660414,False,0cd2d39b9ab3999bdbbe7304a7051ca98a51d813131ec9fa7eee74407629483d,True,1365.803168,43487232,0.7480269470278458,True,48.308937,profiles/L_ROR/l_SW_C04_M03_SENS_SW_C04_M04_ACT.json,b10056c350df2007eb0c7503e615714a0dc1642c158d4daac2f255adfdb102a3,True,1,928,23f9f899c296f86860512451e5d26396d669d1eeed2b1a8f2a48c156cbe01cbc,L,L_ROR,0023f8a4ee167e8e5953893715897109250a5e91f1c71160a5bfc9c2287cc6bd,928,1.0,95.43779799999999,241882,5634188,0f5a3b2d220454910e1d455f7a0afa6448dac338f88e91aeea36548ec702f765,True,SUCCESS_H2S,False,ROR,1021.657574,True,542.557453
6,CMD_PLC_C04_M04_A1_C04_M04;CMD_PLC_C04_M04_A2_C04_M04;CMD_PLC_C04_M04_A3_C04_M04;CMD_PLC_C04_M04_A4_C04_M04;COORD_CC_C04_PLC_C04_M03;STAT_PLC_C04_M03,0.00646551724137931,H2S,True,110,268.451191,249946,5819104,False,0.0,7.57003,,l_SW_C04_M04_ACT_SW_C04_M04_CTRL,358.101446,False,0cd2d39b9ab3999bdbbe7304a7051ca98a51d813131ec9fa7eee74407629483d,True,1365.803168,44265472,0.7539542564598884,True,56.329208,profiles/L_ROR/l_SW_C04_M04_ACT_SW_C04_M04_CTRL.json,d013a113fff85b626fa1bdbc304557931c07139cfb5941b611a4438d79275b84,True,1,928,fa0e48d87991142e0e32cde05bfd513efb213a3397a9b796edc3fee0d001a491,L,L_ROR,0e8f63169e6a3d689ba1b02503e452eb1a47c5346ba251495177b7cf054e7592,928,1.0,89.65025500000002,249631,5818597,4edbf3de1ce96205c30016852b7ac1a9f03cd70714e08332ce230cf0b8cd4431,True,SUCCESS_H2S,False,ROR,1029.753112,True,544.933481
12,COORD_CC_C04_PLC_C04_M03;COORD_CC_C04_PLC_C04_M04;SC_S1_C04_M04;SC_S2_C04_M04;SC_S3_C04_M04;SC_S4_C04_M04;SF_S1_C04_M04;SF_S2_C04_M04;SF_S3_C04_M04;SF_S4_C04_M04;STAT_PLC_C04_M03;STAT_PLC_C04_M04,0.01293103448275862,H2S,True,111,279.713698,253521,5868374,False,0.0,8.306476,,l_SW_C04_M04_CTRL_SW_C04_M04_SENS,383.6425,False,0cd2d39b9ab3999bdbbe7304a7051ca98a51d813131ec9fa7eee74407629483d,True,1365.803168,44617728,0.7835404017747893,True,66.977306,profiles/L_ROR/l_SW_C04_M04_CTRL_SW_C04_M04_SENS.json,cbcb6a93f4257ed402b34da3767d917769baaf0222f66587d58e910ffba3f31b,True,1,928,32c95883522a10253f2e1ec9c852608eff7f56e670a4521a0552191fab71114a,L,L_ROR,8822367a35a9fb923ab841fd87992af523c90941cee098f331251696398e3fb7,928,1.0,103.92880199999996,253170,5867806,b59e4d6b0dc0e087aa369c9836dae38a602c094b828c9210e3c04cbeb9b78568,True,SUCCESS_H2S,False,ROR,1070.161963,True,545.141355
5,COORD_CC_C05_PLC_C05_M01;COORD_CC_C05_PLC_C05_M02;IC_PREV_CC_C06;STAT_PLC_C05_M01;STAT_PLC_C05_M02,0.005387931034482759,H2S,True,112,279.653895,242348,5635564,False,0.0,7.907794,,l_SW_C05_CC_SW_C05_M01_ACT,367.799971,False,0cd2d39b9ab3999bdbbe7304a7051ca98a51d813131ec9fa7eee74407629483d,True,1365.803168,43511808,0.7435637277713505,True,50.298561,profiles/L_ROR/l_SW_C05_CC_SW_C05_M01_ACT.json,3b083b567a97a323c14064f6e78fce6a4fcc6dd3992d60d6e958f4be862bb861,True,1,928,f77e15034da16bb6d6c09626ab6ee8db2b024cad722b3fb37f26eaa96f73b32c,L,L_ROR,90141623cca0c8fe19eadfc4680bc05014b29fa19bee9ed063e2215d1be08566,928,1.0,88.14607600000005,242077,5635128,b09af759dd8f20b4d07388c7f357287f2e88aedfd71b4968f7fd1191f19e6a2a,True,SUCCESS_H2S,False,ROR,1015.561695,True,528.43413
4,COORD_CC_C05_PLC_C05_M03;COORD_CC_C05_PLC_C05_M04;STAT_PLC_C05_M03;STAT_PLC_C05_M04,0.004310344827586207,H2S,True,113,280.016688,242745,5649309,False,0.0,8.035242,,l_SW_C05_CC_SW_C05_M04_SENS,411.541013,False,0cd2d39b9ab3999bdbbe7304a7051ca98a51d813131ec9fa7eee74407629483d,True,1365.803168,43372544,0.7844234331136066,True,58.597363,profiles/L_ROR/l_SW_C05_CC_SW_C05_M04_SENS.json,cc45806e01fd402515c5751907c8d6dea850fa36e24998a327d0241921230d31,True,1,928,7c2b6f5b0971dc886ecbd454b33a8c572c506937c2b66c20c9644bf4b133d3ab,L,L_ROR,657d98d38a0e026ac2981301bcf9798e9dee3b41600d81e71483c0eb0d0def2b,928,1.0,131.52432500000003,242508,5648887,4029a91ca36431a16de098e94e479bf9dcd225236ca2e2a1038de3b5dd31963b,True,SUCCESS_H2S,False,ROR,1071.36801,True,531.638535
8,CMD_PLC_C05_M01_A1_C05_M01;CMD_PLC_C05_M01_A2_C05_M01;CMD_PLC_C05_M01_A3_C05_M01;CMD_PLC_C05_M01_A4_C05_M01;COORD_CC_C05_PLC_C05_M01;COORD_CC_C05_PLC_C05_M02;STAT_PLC_C05_M01;STAT_PLC_C05_M02,0.008620689655172414,H2S,True,114,272.12341699999996,250766,5833526,False,0.0,7.83781,,l_SW_C05_M01_ACT_SW_C05_M01_CTRL,361.497023,False,0cd2d39b9ab3999bdbbe7304a7051ca98a51d813131ec9fa7eee74407629483d,True,1365.803168,44474368,0.7715501857731817,True,54.582311,profiles/L_ROR/l_SW_C05_M01_ACT_SW_C05_M01_CTRL.json,428f253ff89f9de3b5c46bb11b64faa9a083a31698f84350e735050ec38012a9,True,1,928,40e4a87206b7359633fe825e2ab3fbc11d7edf149271c6b5a0e89df37e0756c4,L,L_ROR,b87a7ae2c30379ec85723288850ede8cc7986e1d52f947f7c2cf6da0e4c73376,928,1.0,89.37360600000005,250440,5832973,6ec253bd8f6a9eafdaf9b137c86bd69ce2b5638542af52e7f1b6e7208cb04818,True,SUCCESS_H2S,False,ROR,1053.785688,True,566.791992
10,COORD_CC_C05_PLC_C05_M02;SC_S1_C05_M01;SC_S2_C05_M01;SC_S3_C05_M01;SC_S4_C05_M01;SF_S1_C05_M01;SF_S2_C05_M01;SF_S3_C05_M01;SF_S4_C05_M01;STAT_PLC_C05_M02,0.010775862068965518,H2S,True,115,274.48654500000004,253271,5855079,False,0.0,7.78999,,l_SW_C05_M01_CTRL_SW_C05_M01_SENS,384.794713,False,0cd2d39b9ab3999bdbbe7304a7051ca98a51d813131ec9fa7eee74407629483d,True,1365.803168,44568576,0.7824697533576083,True,44.941184,profiles/L_ROR/l_SW_C05_M01_CTRL_SW_C05_M01_SENS.json,dbf80e1fa6c9c81786e0a7c5fb764682d4944e1dfa92d98a3b7c0030d83a5499,True,1,928,fd2213a562c8121a076e10c5badd1b399c0f51bc2e0517aeb74cd32eb91c8193,L,L_ROR,774f356add59bc4fe4bf2292c8d096382da02ca02572306bad5a376bc7a5a775,928,1.0,110.30816799999997,252941,5854557,5328c7d4378714845b167553637e4d6e24e08dc508149729c33db284c4f1aed7,True,SUCCESS_H2S,False,ROR,1068.699668,True,567.711382
2,COORD_CC_C05_PLC_C05_M02;STAT_PLC_C05_M02,0.0021551724137931034,H2S,True,116,271.510569,242208,5634727,False,0.0,7.742395,,l_SW_C05_M01_SENS_SW_C05_M02_ACT,359.767364,False,0cd2d39b9ab3999bdbbe7304a7051ca98a51d813131ec9fa7eee74407629483d,True,1365.803168,43487232,0.74306920336562,True,44.21778,profiles/L_ROR/l_SW_C05_M01_SENS_SW_C05_M02_ACT.json,9be75ee4a6abd333fc63bc9f8918588cae49d56699461f6ca11b759f9c362db5,True,1,928,086b3b1377b885956bcd72a07a656b92b8a8138f473f4e7a3bfc1d5f461561fe,L,L_ROR,87cfa34568ac95cd51228b85db956de57cc0b19009ec1ecff7c49520d74c3402,928,1.0,88.25679500000001,241942,5634336,4d3061d014d84d3736967068ec8a9b01fb6aa5ca9d32186ff13a8d3bbd94356f,True,SUCCESS_H2S,False,ROR,1014.886272,True,543.236524
6,CMD_PLC_C05_M02_A1_C05_M02;CMD_PLC_C05_M02_A2_C05_M02;CMD_PLC_C05_M02_A3_C05_M02;CMD_PLC_C05_M02_A4_C05_M02;COORD_CC_C05_PLC_C05_M02;STAT_PLC_C05_M02,0.00646551724137931,H2S,True,117,276.809313,250068,5819629,False,0.0,7.827108,,l_SW_C05_M02_ACT_SW_C05_M02_CTRL,380.055677,False,0cd2d39b9ab3999bdbbe7304a7051ca98a51d813131ec9fa7eee74407629483d,True,1365.803168,44433408,0.790181346980153,True,62.766268,profiles/L_ROR/l_SW_C05_M02_ACT_SW_C05_M02_CTRL.json,8124a4e72a4eaaa14fca0957531b0cb572a79fbe1216ab87d450671756004b73,True,1,928,746dc5e9df03b59f8453eab2963608c1191dbb87c49978e94ef89f142ad3a51d,L,L_ROR,bce09619cda1823dd20d2f3c17a9812462e93c7c5db4d37523f0725973fba55f,928,1.0,103.24636400000003,249749,5819122,0e0f48885772bb69a2b95e0412319a72dbaadf0ba450d63473f3d2caf39c74d0,True,SUCCESS_H2S,False,ROR,1079.232187,True,564.60881
8,SC_S1_C05_M02;SC_S2_C05_M02;SC_S3_C05_M02;SC_S4_C05_M02;SF_S1_C05_M02;SF_S2_C05_M02;SF_S3_C05_M02;SF_S4_C05_M02,0.008620689655172414,H2S,True,118,275.20595399999996,252734,5848057,False,0.0,7.787768,,l_SW_C05_M02_CTRL_SW_C05_M02_SENS,371.075265,False,0cd2d39b9ab3999bdbbe7304a7051ca98a51d813131ec9fa7eee74407629483d,True,1365.803168,44392448,0.7720373467459992,True,70.410714,profiles/L_ROR/l_SW_C05_M02_CTRL_SW_C05_M02_SENS.json,ab16601b00631f1a124695fc3bee7c11af1db11eaf410e4bbe1a598cfbbee144,True,1,928,043445840023c7f1601062e752e72a99babd71ddc631bc5d22300e665e034764,L,L_ROR,703c8ec175585adb9f6e8abb9c44ed0060b70b774e7e76d429073f905304f85d,928,1.0,95.86931100000004,252417,5847581,8008c9c99fda26db2df436dbcfddb3c7a70b3263f3faa995d0acd6cd5772933f,True,SUCCESS_H2S,False,ROR,1054.451054,True,535.622951
4,CMD_PLC_C05_M03_A1_C05_M03;CMD_PLC_C05_M03_A2_C05_M03;CMD_PLC_C05_M03_A3_C05_M03;CMD_PLC_C05_M03_A4_C05_M03,0.004310344827586207,H2S,True,119,270.83272400000004,249743,5814183,False,0.0,7.689859,,l_SW_C05_M03_ACT_SW_C05_M03_CTRL,370.02547,False,0cd2d39b9ab3999bdbbe7304a7051ca98a51d813131ec9fa7eee74407629483d,True,1365.803168,44253184,0.7600537144163368,True,47.147952,profiles/L_ROR/l_SW_C05_M03_ACT_SW_C05_M03_CTRL.json,8a224c6a26e76f8df6795e59e6e692f94489001a3562e24eb936897db7121975,True,1,928,cb4451dd350351205fcb9b93df9037a3d1a278b6989dbcd1b3b556c0098ce936,L,L_ROR,667ad48ee7154c6d489df7d2d76557fc9ff2f04bdbe365ee6854d284d8622205,928,1.0,99.19274599999994,249460,5813722,704890a4e3a7a2c39a4498a16aaf9b6e4f9cd3148edbf0b7192215228699f38b,True,SUCCESS_H2S,False,ROR,1038.083771,True,552.51963
10,COORD_CC_C05_PLC_C05_M03;SC_S1_C05_M03;SC_S2_C05_M03;SC_S3_C05_M03;SC_S4_C05_M03;SF_S1_C05_M03;SF_S2_C05_M03;SF_S3_C05_M03;SF_S4_C05_M03;STAT_PLC_C05_M03,0.010775862068965518,H2S,True,120,281.306654,253035,5854578,False,0.0,8.214344,,l_SW_C05_M03_CTRL_SW_C05_M03_SENS,377.357479,False,0cd2d39b9ab3999bdbbe7304a7051ca98a51d813131ec9fa7eee74407629483d,True,1365.803168,44408832,0.767978476383209,True,48.961066,profiles/L_ROR/l_SW_C05_M03_CTRL_SW_C05_M03_SENS.json,278d384e5e94a15f7f8bbaa4e75f24a605f893bbb437d9dbe68d3d474d8478d4,True,1,928,20d18a954f7a12b45eccd00ce0b3615af528293bffeb567b827fc876fd331c04,L,L_ROR,6e58f5aabc5ae3d21c9f33b8ef939ad2af81087370d068cec62bad7d2abd10a8,928,1.0,96.05082500000003,252689,5854056,1534133a190fa7eb4b386e28f1f59d3ea9086a82a3fee1a5e59e8b614c90cf2d,True,SUCCESS_H2S,False,ROR,1048.907436,True,550.867907
2,COORD_CC_C05_PLC_C05_M03;STAT_PLC_C05_M03,0.0021551724137931034,H2S,True,121,280.41666,242163,5634479,False,0.0,7.950718,,l_SW_C05_M03_SENS_SW_C05_M04_ACT,383.337408,False,0cd2d39b9ab3999bdbbe7304a7051ca98a51d813131ec9fa7eee74407629483d,True,1365.803168,43327488,0.755220541412597,True,57.579346,profiles/L_ROR/l_SW_C05_M03_SENS_SW_C05_M04_ACT.json,91a0ef00486dafd7a0a9b1a340889355685cf97880aeb71997dfbb8567a5fc3c,True,1,928,930d4c5705c4f0a1fa57790a9a2837a197ccf0cbaf6c8ddab228569d4db6d97d,L,L_ROR,0f0e13d94a52ee2445cd59d84d9adfc81714da0ef8d0e00af7e20013918dbc09,928,1.0,102.920748,241902,5634088,1d55accfc7c98330626d1c2715117af5895f50f6df57cc288453789bb5d94697,True,SUCCESS_H2S,False,ROR,1031.482608,True,523.431115
6,CMD_PLC_C05_M04_A1_C05_M04;CMD_PLC_C05_M04_A2_C05_M04;CMD_PLC_C05_M04_A3_C05_M04;CMD_PLC_C05_M04_A4_C05_M04;COORD_CC_C05_PLC_C05_M03;STAT_PLC_C05_M03,0.00646551724137931,H2S,True,122,269.509746,250015,5818293,False,0.0,8.729447,,l_SW_C05_M04_ACT_SW_C05_M04_CTRL,361.111491,False,0cd2d39b9ab3999bdbbe7304a7051ca98a51d813131ec9fa7eee74407629483d,True,1365.803168,44429312,0.7836896978115665,True,48.743617,profiles/L_ROR/l_SW_C05_M04_ACT_SW_C05_M04_CTRL.json,aa82455ef67ad5918b479c8e34c32ab1f901f653583807ac619f7b4abdbe3fcb,True,1,928,70a8b4ee01f197ed9f5e52d7abee7089d45c2413194198f5c40b1b867574c770,L,L_ROR,2a3183fba3f9c4bd77fab513e5d95937bb5c7a507671d5a0fe519310e3353574,928,1.0,91.601745,249701,5817786,8b05c4083b58acdf8e6c66cf5fdc0ac0e52583c6890963ad65c62ff6a03066af,True,SUCCESS_H2S,False,ROR,1070.365872,True,569.638047
12,COORD_CC_C05_PLC_C05_M03;COORD_CC_C05_PLC_C05_M04;SC_S1_C05_M04;SC_S2_C05_M04;SC_S3_C05_M04;SC_S4_C05_M04;SF_S1_C05_M04;SF_S2_C05_M04;SF_S3_C05_M04;SF_S4_C05_M04;STAT_PLC_C05_M03;STAT_PLC_C05_M04,0.01293103448275862,H2S,True,123,268.284236,253715,5868137,False,0.0,7.66293,,l_SW_C05_M04_CTRL_SW_C05_M04_SENS,366.920518,False,0cd2d39b9ab3999bdbbe7304a7051ca98a51d813131ec9fa7eee74407629483d,True,1365.803168,44621824,0.816640765765159,True,53.974665,profiles/L_ROR/l_SW_C05_M04_CTRL_SW_C05_M04_SENS.json,d2bb09adb2d07e9be2f82833d0fd320a6f5b00c4f15a7a4408c9ceb42fe52bd9,True,1,928,48e7d21c8a93a1cdc91056f8cf2a36ec54b994e3c9b219d5d0d1afacf9a2939e,L,L_ROR,359eaac07feeb19e528c15b6a54204169876cc30e0d2b6f89fea235093183ad5,928,1.0,98.636282,253371,5867569,5c3cad9cf95b505e7196e5cc3f50b18af9c8534cb986ebea4c329b5a84363ee2,True,SUCCESS_H2S,False,ROR,1115.370545,True,615.770419
5,COORD_CC_C06_PLC_C06_M01;COORD_CC_C06_PLC_C06_M02;IC_PREV_CC_C07;STAT_PLC_C06_M01;STAT_PLC_C06_M02,0.005387931034482759,H2S,True,124,279.631841,242358,5635566,False,0.0,8.019193,,l_SW_C06_CC_SW_C06_M01_ACT,373.144726,False,0cd2d39b9ab3999bdbbe7304a7051ca98a51d813131ec9fa7eee74407629483d,True,1365.803168,43356160,0.7543603120416836,True,58.525595,profiles/L_ROR/l_SW_C06_CC_SW_C06_M01_ACT.json,fdc055341fbcb794a598e4decd0ddff74338d168902d43360b2f4a31e028754e,True,1,928,4a4c7486d6160ba874c926100e0e350a3e9afd76cacd6ea82c92248e57b61fb1,L,L_ROR,bb3311f0d2ddf8a57b281a9c99b0717ffb05bb9a95e880ec1204fefd444219a9,928,1.0,93.51288499999998,242088,5635130,97e5d9019df3bb0820e4dc8f09f3abe07fbafdd1f3a82497fdc65236887dba97,True,SUCCESS_H2S,False,ROR,1030.307704,True,530.035982
4,COORD_CC_C06_PLC_C06_M03;COORD_CC_C06_PLC_C06_M04;STAT_PLC_C06_M03;STAT_PLC_C06_M04,0.004310344827586207,H2S,True,125,266.062081,242763,5649521,False,0.0,8.149569,,l_SW_C06_CC_SW_C06_M04_SENS,360.772935,False,0cd2d39b9ab3999bdbbe7304a7051ca98a51d813131ec9fa7eee74407629483d,True,1365.803168,43380736,0.7683448000319766,True,63.338572,profiles/L_ROR/l_SW_C06_CC_SW_C06_M04_SENS.json,763c048285f8ec117e2bbb467cad3d146dc76251f43d33c7d05df476c0a0c7eb,True,1,928,dce8ebcce47439a87e74f4f7323b9767e1cf2ef8a9ccf95b6fece7e602118ba2,L,L_ROR,ee0d803470abd1aa979e5df6282be1a846a82dd40fc618ad2870a2248baca364,928,1.0,94.71085400000004,242516,5649099,43257e805a87ab860dad4ffda5229efeb568bb6e1400fe25ff6a68a37ab3f1c4,True,SUCCESS_H2S,False,ROR,1049.407762,True,556.011877
8,CMD_PLC_C06_M01_A1_C06_M01;CMD_PLC_C06_M01_A2_C06_M01;CMD_PLC_C06_M01_A3_C06_M01;CMD_PLC_C06_M01_A4_C06_M01;COORD_CC_C06_PLC_C06_M01;COORD_CC_C06_PLC_C06_M02;STAT_PLC_C06_M01;STAT_PLC_C06_M02,0.008620689655172414,H2S,True,126,273.832226,250801,5834391,False,0.0,7.794243,,l_SW_C06_M01_ACT_SW_C06_M01_CTRL,366.707568,False,0cd2d39b9ab3999bdbbe7304a7051ca98a51d813131ec9fa7eee74407629483d,True,1365.803168,44314624,0.769066231950635,True,45.751576,profiles/L_ROR/l_SW_C06_M01_ACT_SW_C06_M01_CTRL.json,87229735d9b999abbda98405e49a1ced404c302410d563535045052b52a0075b,True,1,928,b0f7dda25f5571705fb8ba00ebcfe677177f1ca48d287d8a5ab98357b85996af,L,L_ROR,8c9c8959625b66f306f7b97ab8a19d12f73b9d45d1425327ff5e250df9646b35,928,1.0,92.87534199999999,250475,5833838,6ccb197b875cf93338a464a80a6fac571b4d90687dd9678980a68047aebaaa7b,True,SUCCESS_H2S,False,ROR,1050.393096,True,561.31688
10,COORD_CC_C06_PLC_C06_M02;SC_S1_C06_M01;SC_S2_C06_M01;SC_S3_C06_M01;SC_S4_C06_M01;SF_S1_C06_M01;SF_S2_C06_M01;SF_S3_C06_M01;SF_S4_C06_M01;STAT_PLC_C06_M02,0.010775862068965518,H2S,True,127,276.353612,253224,5854709,False,0.0,7.846557,,l_SW_C06_M01_CTRL_SW_C06_M01_SENS,377.388881,False,0cd2d39b9ab3999bdbbe7304a7051ca98a51d813131ec9fa7eee74407629483d,True,1365.803168,44400640,0.789358084868639,True,57.638447,profiles/L_ROR/l_SW_C06_M01_CTRL_SW_C06_M01_SENS.json,164cbfc8bbb9bdeeb248e953872878e470172ebc95a2132e03fbe48b47e341d8,True,1,928,7dc4c6589c8152b1589e8958185599085ba224373c25bbcbc64bec106ee5ee9d,L,L_ROR,2f1d56ac379cdfd9c5d57ddd94be50ca8661e89d04529f2521846fe4116c13c9,928,1.0,101.03526900000003,252875,5854187,0ef146411f55c9dd818d240bebb6303c343099def9e3892c8f2ba3a07064e29d,True,SUCCESS_H2S,False,ROR,1078.107773,True,572.861448
2,COORD_CC_C06_PLC_C06_M02;STAT_PLC_C06_M02,0.0021551724137931034,H2S,True,128,272.846704,242209,5634487,False,0.0,7.981514,,l_SW_C06_M01_SENS_SW_C06_M02_ACT,366.096291,False,0cd2d39b9ab3999bdbbe7304a7051ca98a51d813131ec9fa7eee74407629483d,True,1365.803168,43483136,0.755116308970225,True,66.200576,profiles/L_ROR/l_SW_C06_M01_SENS_SW_C06_M02_ACT.json,216b8da426e22008382ade39e1fc96f47572a47e24237a07c8971cbb5f9308a5,True,1,928,fdc73370b4af3acf91468f6436796b23e34ea0dd8269c6012ccf3892532fcdda,L,L_ROR,2e6a8a9e133bb2261b9a9d6f0229dd9283f3c56c34ccd3d70837d1775999c539,928,1.0,93.24958700000002,241937,5634096,21962df362813bad4c4fde70615f300a1851d8d3f2dac637c7f4c3bff01d8145,True,SUCCESS_H2S,False,ROR,1031.340247,True,526.632887
6,CMD_PLC_C06_M02_A1_C06_M02;CMD_PLC_C06_M02_A2_C06_M02;CMD_PLC_C06_M02_A3_C06_M02;CMD_PLC_C06_M02_A4_C06_M02;COORD_CC_C06_PLC_C06_M02;STAT_PLC_C06_M02,0.00646551724137931,H2S,True,129,275.122299,249884,5807466,False,0.0,7.94406,,l_SW_C06_M02_ACT_SW_C06_M02_CTRL,377.385049,False,0cd2d39b9ab3999bdbbe7304a7051ca98a51d813131ec9fa7eee74407629483d,True,1365.803168,44425216,0.7863483151622036,True,53.378782,profiles/L_ROR/l_SW_C06_M02_ACT_SW_C06_M02_CTRL.json,8efe246c02ce01410824c3d35a58e7efb37c970e5673f178243927ec9a63b9b5,True,1,928,1fa3c5d333348a8c131ecc2430f52473bd34e86c0f47ec651d785b43c78f4207,L,L_ROR,7e4d13bfb54d6f5592786b689fb6a514e0735bb552382e49a857fe663c678391,928,1.0,102.26274999999998,249573,5806959,7a960621957c00e3dcf70ecde59d711f1c52e900ce3bbc6122476e20e9f865ca,True,SUCCESS_H2S,False,ROR,1073.99702,True,574.245462
8,SC_S1_C06_M02;SC_S2_C06_M02;SC_S3_C06_M02;SC_S4_C06_M02;SF_S1_C06_M02;SF_S2_C06_M02;SF_S3_C06_M02;SF_S4_C06_M02,0.008620689655172414,H2S,True,130,274.657311,252755,5843778,False,0.0,7.799964,,l_SW_C06_M02_CTRL_SW_C06_M02_SENS,367.735469,False,0cd2d39b9ab3999bdbbe7304a7051ca98a51d813131ec9fa7eee74407629483d,True,1365.803168,44392448,0.7670506853005045,True,45.392672,profiles/L_ROR/l_SW_C06_M02_CTRL_SW_C06_M02_SENS.json,7462f80e94a7ddee5d273879153ddbaeb10f1091dc399d10705224f3d479efb3,True,1,928,33df2f33ddf0a112b35855dad878166311f75b23fbf635afcabae821b5dfb4fb,L,L_ROR,17a159cd3f7f8eb273192aab4c939953e77b88b1363845f748246964cfbe062f,928,1.0,93.07815800000003,252424,5843302,137459c998d8a71d485c12ce981fedd6fa4cdc494b7098dc82ac4e6080d328b1,True,SUCCESS_H2S,False,ROR,1047.640256,True,563.778407
4,CMD_PLC_C06_M03_A1_C06_M03;CMD_PLC_C06_M03_A2_C06_M03;CMD_PLC_C06_M03_A3_C06_M03;CMD_PLC_C06_M03_A4_C06_M03,0.004310344827586207,H2S,True,131,273.11606900000004,249731,5813819,False,0.0,7.655583,,l_SW_C06_M03_ACT_SW_C06_M03_CTRL,374.78024,False,0cd2d39b9ab3999bdbbe7304a7051ca98a51d813131ec9fa7eee74407629483d,True,1365.803168,44412928,0.8075761045533028,True,56.980758,profiles/L_ROR/l_SW_C06_M03_ACT_SW_C06_M03_CTRL.json,a65093654cdf57771757225d294a325a0b424153433161a36830637d19878369,True,1,928,081e3900be364e22535d2183c0205c5d63d81668763d1de6cef7f807c849b79d,L,L_ROR,93b658b063a8c3d248ea94211fc5b319401f0796f9b0d3a8aa214e5bfb21d8bf,928,1.0,101.66417099999995,249443,5813358,56dfe7e8ea3b499bd86fa6663db528e9737b6ddd35fd216a10cc1852cdb58a56,True,SUCCESS_H2S,False,ROR,1102.990002,True,596.765823
10,COORD_CC_C06_PLC_C06_M03;SC_S1_C06_M03;SC_S2_C06_M03;SC_S3_C06_M03;SC_S4_C06_M03;SF_S1_C06_M03;SF_S2_C06_M03;SF_S3_C06_M03;SF_S4_C06_M03;STAT_PLC_C06_M03,0.010775862068965518,H2S,True,132,272.241574,252941,5854376,False,0.0,24.019235,,l_SW_C06_M03_CTRL_SW_C06_M03_SENS,369.843118,False,0cd2d39b9ab3999bdbbe7304a7051ca98a51d813131ec9fa7eee74407629483d,True,1365.803168,44408832,0.7617031409609383,True,45.078945,profiles/L_ROR/l_SW_C06_M03_CTRL_SW_C06_M03_SENS.json,e04e8af4f8b26cebf566ee349ceebf9967581b67492ebcb2ed74a49a62b5ab89,True,1,928,4cfa8dfcb69015856372da22cddffd35080d20cb8bd6c24606ffca5ce2817fa5,L,L_ROR,e56cc00c0d217f4528e3deee5f0b044deaf009bb139d78ed7eae9abd78f3ec5b,928,1.0,97.60154399999999,252584,5853854,156eb6a790a5ebbf8f20aa42cc50857baa0ddf2c4f772e6542bebe08db348edf,True,SUCCESS_H2S,False,ROR,1040.336563,True,537.711024
2,COORD_CC_C06_PLC_C06_M03;STAT_PLC_C06_M03,0.0021551724137931034,H2S,True,133,269.289252,242181,5634487,False,0.0,7.854744,,l_SW_C06_M03_SENS_SW_C06_M04_ACT,365.74788,False,0cd2d39b9ab3999bdbbe7304a7051ca98a51d813131ec9fa7eee74407629483d,True,1365.803168,43327488,0.7323830830358713,True,43.243367,profiles/L_ROR/l_SW_C06_M03_SENS_SW_C06_M04_ACT.json,4037c0f0cb4320a4f309c964b87112f698d12bd5d5719773c3ce7246d56eb33c,True,1,928,ab9220a86028fa8b46d2b180dbbd76bff9af08170c12315a76ac37a3e7b76b87,L,L_ROR,b1583a7e4ceb35090a5d0f558b726ba0ff8fe70d63f8564041ff06dc3423521e,928,1.0,96.45862800000003,241913,5634096,fc3ffb21f8c8dfa72bff293d39c7f8e36029fdeb3edf78b5c841b997811b495c,True,SUCCESS_H2S,False,ROR,1000.291135,True,523.78423
6,CMD_PLC_C06_M04_A1_C06_M04;CMD_PLC_C06_M04_A2_C06_M04;CMD_PLC_C06_M04_A3_C06_M04;CMD_PLC_C06_M04_A4_C06_M04;COORD_CC_C06_PLC_C06_M03;STAT_PLC_C06_M03,0.00646551724137931,H2S,True,134,270.078653,249968,5818661,False,0.0,13.388548,,l_SW_C06_M04_ACT_SW_C06_M04_CTRL,363.621579,False,0cd2d39b9ab3999bdbbe7304a7051ca98a51d813131ec9fa7eee74407629483d,True,1365.803168,44429312,0.7870304295560107,True,73.738955,profiles/L_ROR/l_SW_C06_M04_ACT_SW_C06_M04_CTRL.json,cf9ef7fc643ad029438c2d05850a626baf38d5b28fc0720accef450bac721330,True,1,928,2dd2de8ee3a97214155e10cbd2a8865ab7d7af00a34f1b30befaa3a86a8a460e,L,L_ROR,4bfaf91ce0da4ffd39000654a0c97949d32fcff69a8bec8729e412e2a335ceb3,928,1.0,93.54292600000002,249661,5818154,b47576a5d36a6674a82ae7c12342038294c552c1cf2278ee6be645382b8e3e71,True,SUCCESS_H2S,False,ROR,1074.928654,True,559.818236
12,COORD_CC_C06_PLC_C06_M03;COORD_CC_C06_PLC_C06_M04;SC_S1_C06_M04;SC_S2_C06_M04;SC_S3_C06_M04;SC_S4_C06_M04;SF_S1_C06_M04;SF_S2_C06_M04;SF_S3_C06_M04;SF_S4_C06_M04;STAT_PLC_C06_M03;STAT_PLC_C06_M04,0.01293103448275862,H2S,True,135,272.761811,253694,5863070,False,0.0,8.097015,,l_SW_C06_M04_CTRL_SW_C06_M04_SENS,374.496924,False,0cd2d39b9ab3999bdbbe7304a7051ca98a51d813131ec9fa7eee74407629483d,True,1365.803168,44617728,0.7587538938846567,True,45.895475,profiles/L_ROR/l_SW_C06_M04_CTRL_SW_C06_M04_SENS.json,244990b76e53d4ffd24489feecdb345b66df6a5cf17a0e3646b835d6595c58e7,True,1,928,4d7cf50f4a729a338656e177a0b8c37d9e190bad51c1137404e2f984fde7e213,L,L_ROR,cdee50b8d2197fa6a6aefd426dd94844ba2252ce54ae624bbff5853d8435a507,928,1.0,101.73511299999996,253322,5862502,d8591f682bc654a0b66f18a7eb8ddd19b681d59af96f99385a3641d5f8e34ce1,True,SUCCESS_H2S,False,ROR,1036.308472,True,545.103359
5,COORD_CC_C07_PLC_C07_M01;COORD_CC_C07_PLC_C07_M02;IC_PREV_CC_C08;STAT_PLC_C07_M01;STAT_PLC_C07_M02,0.005387931034482759,H2S,True,136,278.225106,242344,5635692,False,0.0,7.707189,,l_SW_C07_CC_SW_C07_M01_ACT,367.416622,False,0cd2d39b9ab3999bdbbe7304a7051ca98a51d813131ec9fa7eee74407629483d,True,1365.803168,43511808,0.7486664286313912,True,43.432191,profiles/L_ROR/l_SW_C07_CC_SW_C07_M01_ACT.json,8c7c403c21cb193818e52979cac26055cfab32e240b81366b68c0159a5a90b04,True,1,928,187cb23fbeec37cf6a4ba59e97431c206a9a54bb87f1615ee88b6f1a89408999,L,L_ROR,54e08451c45324e8f558ffc41787fd0fcf4c4be85b676d156662b08698dc554f,928,1.0,89.19151600000004,242075,5635256,1c65ba9c492468b404cf3d4725b87bb62acc79827b2b6509d8b4f68174bbfee9,True,SUCCESS_H2S,False,ROR,1022.53098,True,541.059691
4,COORD_CC_C07_PLC_C07_M03;COORD_CC_C07_PLC_C07_M04;STAT_PLC_C07_M03;STAT_PLC_C07_M04,0.004310344827586207,H2S,True,137,266.75833,242769,5649267,False,0.0,7.915323,,l_SW_C07_CC_SW_C07_M04_SENS,361.868384,False,0cd2d39b9ab3999bdbbe7304a7051ca98a51d813131ec9fa7eee74407629483d,True,1365.803168,43372544,0.7482473477466705,True,57.551592,profiles/L_ROR/l_SW_C07_CC_SW_C07_M04_SENS.json,e8881ab690f980874d732a990a0c43de6e190bb5f3a2d134a49b1cce802f8ad3,True,1,928,f848938594a434078f93994fb1d012659737e5b75f7e97f56f91a0fa637e9f68,L,L_ROR,d683a6a5801c20dac0f10b1a6e8c3e216075093a7274d92fa112e0d013b9f4be,928,1.0,95.11005399999999,242519,5648845,8abfdee0c935364f823649ebb250cd89dc307f89364f554393e94c1ac9c2cf1a,True,SUCCESS_H2S,False,ROR,1021.958598,True,536.112991
8,CMD_PLC_C07_M01_A1_C07_M01;CMD_PLC_C07_M01_A2_C07_M01;CMD_PLC_C07_M01_A3_C07_M01;CMD_PLC_C07_M01_A4_C07_M01;COORD_CC_C07_PLC_C07_M01;COORD_CC_C07_PLC_C07_M02;STAT_PLC_C07_M01;STAT_PLC_C07_M02,0.008620689655172414,H2S,True,138,272.255032,250793,5834415,False,0.0,8.983098,,l_SW_C07_M01_ACT_SW_C07_M01_CTRL,363.856594,False,0cd2d39b9ab3999bdbbe7304a7051ca98a51d813131ec9fa7eee74407629483d,True,1365.803168,44478464,0.7649726589300165,True,47.527352,profiles/L_ROR/l_SW_C07_M01_ACT_SW_C07_M01_CTRL.json,f2c378be59b36f70c717a2767edb516869af8d6b05c12b4cbdd935d8b2bce476,True,1,928,f1dbd9159883c4374296983b5946aa720489d21f98c39387948a4f7f2057746a,L,L_ROR,dbcc9d451b2ea4711a649ad92500edc7a0c68b6559e5fa68465b3bcbcebcf095,928,1.0,91.60156199999994,250475,5833862,cfc5f35d381e2e02f44716568a05ec799793b41e58ac86f0652afa6ca06e09c6,True,SUCCESS_H2S,False,ROR,1044.802081,True,546.970945
10,COORD_CC_C07_PLC_C07_M02;SC_S1_C07_M01;SC_S2_C07_M01;SC_S3_C07_M01;SC_S4_C07_M01;SF_S1_C07_M01;SF_S2_C07_M01;SF_S3_C07_M01;SF_S4_C07_M01;STAT_PLC_C07_M02,0.010775862068965518,H2S,True,139,273.217509,253228,5852096,False,0.0,7.63632,,l_SW_C07_M01_CTRL_SW_C07_M01_SENS,373.41417,False,0cd2d39b9ab3999bdbbe7304a7051ca98a51d813131ec9fa7eee74407629483d,True,1365.803168,44564480,0.778760828734584,True,45.661396,profiles/L_ROR/l_SW_C07_M01_CTRL_SW_C07_M01_SENS.json,d066b221a1e722b4984517261d67765b24b0d85be4ea7b7eaf497985ba74fb9d,True,1,928,a4596e33ab7f4fadbe4598d66f5496fc5928d3d3611917e3244db391b6d3e354,L,L_ROR,c514e15064ed3386b55fd25900ae0096f89c3cde32087bc36bce5328fba237dc,928,1.0,100.196661,252892,5851574,c525aa4c490eb5d64d0c87cde73f66df6fa50d3c3081fdec8171e199048559d0,True,SUCCESS_H2S,False,ROR,1063.634007,True,574.96014
2,COORD_CC_C07_PLC_C07_M02;STAT_PLC_C07_M02,0.0021551724137931034,H2S,True,140,271.17941099999996,242206,5634553,False,0.0,7.801569,,l_SW_C07_M01_SENS_SW_C07_M02_ACT,358.855524,False,0cd2d39b9ab3999bdbbe7304a7051ca98a51d813131ec9fa7eee74407629483d,True,1365.803168,43487232,0.7407852117385044,True,52.450568,profiles/L_ROR/l_SW_C07_M01_SENS_SW_C07_M02_ACT.json,29f09ddd18c458a31a2dac91a6ccfba7158590c0e2bafcf650589d8d7762a66a,True,1,928,d85a0513b9e9fd94517eba303af2a9be75ad28bc3bf58a7691306b882df54490,L,L_ROR,2d607bb76bb36fbd7ae3e455a3faf5cfa580fe2a9691cb1b6e7997c39df9ed6d,928,1.0,87.67611300000004,241932,5634162,7d5fd89aa9d117b6d38ab916c927ec8ff1b2370120e9cbf69a0f7a994cc08dad,True,SUCCESS_H2S,False,ROR,1011.766789,True,532.31189
6,CMD_PLC_C07_M02_A1_C07_M02;CMD_PLC_C07_M02_A2_C07_M02;CMD_PLC_C07_M02_A3_C07_M02;CMD_PLC_C07_M02_A4_C07_M02;COORD_CC_C07_PLC_C07_M02;STAT_PLC_C07_M02,0.00646551724137931,H2S,True,141,274.410594,250085,5818896,False,0.0,7.959446,,l_SW_C07_M02_ACT_SW_C07_M02_CTRL,372.845978,False,0cd2d39b9ab3999bdbbe7304a7051ca98a51d813131ec9fa7eee74407629483d,True,1365.803168,44429312,0.8105490153614873,True,71.81564,profiles/L_ROR/l_SW_C07_M02_ACT_SW_C07_M02_CTRL.json,3f296a07790da335b87b831060fe270acc4860ebe6c746a2db214f72ac742b9b,True,1,928,421cb4d119027b6f4acca8d91f8877f252852343e198fa20ce0e8c7ad876a38b,L,L_ROR,952c204dad996e130c656097460e91b448018dc8d45bef4e75bbfa4a5efdf026,928,1.0,98.435384,249744,5818389,8bd3da3413f246430c983ee786e4dbb6b11c2a92ada70f3988bdca2865b8af53,True,SUCCESS_H2S,False,ROR,1107.050413,True,587.16162
8,SC_S1_C07_M02;SC_S2_C07_M02;SC_S3_C07_M02;SC_S4_C07_M02;SF_S1_C07_M02;SF_S2_C07_M02;SF_S3_C07_M02;SF_S4_C07_M02,0.008620689655172414,H2S,True,142,273.12361899999996,252932,5843794,False,0.0,7.800634,,l_SW_C07_M02_CTRL_SW_C07_M02_SENS,368.3529,False,0cd2d39b9ab3999bdbbe7304a7051ca98a51d813131ec9fa7eee74407629483d,True,1365.803168,44556288,0.7640257984816741,True,47.534081,profiles/L_ROR/l_SW_C07_M02_CTRL_SW_C07_M02_SENS.json,5fd2807b88f5af6e5ddfbf25856819e7418485000d91cbac732c330ad3012ec6,True,1,928,7bf10baa2d0744069736e3c995560c651ed18179e33c0081fe618595b284b87f,L,L_ROR,38fab6627d6090474a2439dfd505e996f734adb79d97e15619d96618e6d4b226,928,1.0,95.22928100000001,252621,5843318,d0e1181382ab3834890b1d12ffd664016057d30f4427a4059f38247c51eb8065,True,SUCCESS_H2S,False,ROR,1043.508856,True,555.876038
4,CMD_PLC_C07_M03_A1_C07_M03;CMD_PLC_C07_M03_A2_C07_M03;CMD_PLC_C07_M03_A3_C07_M03;CMD_PLC_C07_M03_A4_C07_M03,0.004310344827586207,H2S,True,143,272.19579100000004,249823,5813981,False,0.0,7.93748,,l_SW_C07_M03_ACT_SW_C07_M03_CTRL,371.866958,False,0cd2d39b9ab3999bdbbe7304a7051ca98a51d813131ec9fa7eee74407629483d,True,1365.803168,44417024,0.765195552687428,True,56.033374,profiles/L_ROR/l_SW_C07_M03_ACT_SW_C07_M03_CTRL.json,5a308b00f89715a2c9f86251700cee87892b488c00fc7cbd0d2235f37f05952c,True,1,928,132827c47389b16b5d3bca97dc460f2270a5b24c12b00bfded62cee93214aff8,L,L_ROR,a172b28530804aca14aa1448db450b89c458e4e4891d05900c1eb4f4606dd3cd,928,1.0,99.67116699999997,249530,5813520,9860693fd94916179625424c9d30b2ffe4e549821ace0105def1e9a99b08d651,True,SUCCESS_H2S,False,ROR,1045.10651,True,549.003789
10,COORD_CC_C07_PLC_C07_M03;SC_S1_C07_M03;SC_S2_C07_M03;SC_S3_C07_M03;SC_S4_C07_M03;SF_S1_C07_M03;SF_S2_C07_M03;SF_S3_C07_M03;SF_S4_C07_M03;STAT_PLC_C07_M03,0.010775862068965518,H2S,True,144,289.06084500000003,253089,5854237,False,0.0,7.960851,,l_SW_C07_M03_CTRL_SW_C07_M03_SENS,385.081741,False,0cd2d39b9ab3999bdbbe7304a7051ca98a51d813131ec9fa7eee74407629483d,True,1365.803168,44568576,0.815164922065842,True,73.194304,profiles/L_ROR/l_SW_C07_M03_CTRL_SW_C07_M03_SENS.json,64d530545bba985e541c87a452906de1a489629abf6f2ec640e6841177d93f8c,True,1,928,186b0e53fdf676cdd0b0e9257cfb8f77bf9a13f71e9596a7a948a3633a293c21,L,L_ROR,eafe0518d7d74b4c78cbb9da213ad60a6b059a7c06d17991adfce75541c834e0,928,1.0,96.020896,252729,5853715,186e3f39452e6e5a24df1dc9126eb3a28f29ffd6dc69a67bf79a41ecdada612a,True,SUCCESS_H2S,False,ROR,1113.354833,True,576.151433
2,COORD_CC_C07_PLC_C07_M03;STAT_PLC_C07_M03,0.0021551724137931034,H2S,True,145,269.268196,242170,5634475,False,0.0,7.823491,,l_SW_C07_M03_SENS_SW_C07_M04_ACT,367.604279,False,0cd2d39b9ab3999bdbbe7304a7051ca98a51d813131ec9fa7eee74407629483d,True,1365.803168,43331584,0.7733889690318833,True,51.957026,profiles/L_ROR/l_SW_C07_M03_SENS_SW_C07_M04_ACT.json,91eccbfe0456a983ed03fa5cdde02b357a30a2e814b7da91e48e486eea57551a,True,1,928,411c01d108691e56d693bf05d2c0d5cda3635312dced91d9f300550033292209,L,L_ROR,80a168366c2e53f2cbb2dc5165a6e684048c08dfc3c729a6ae0cee1cf7ccc7fc,928,1.0,98.33608300000003,241907,5634084,0e694d43d1ef40c3042dba8d947c269869c72b3e1123220d5412daebffd190a7,True,SUCCESS_H2S,False,ROR,1056.297104,True,568.487972
6,CMD_PLC_C07_M04_A1_C07_M04;CMD_PLC_C07_M04_A2_C07_M04;CMD_PLC_C07_M04_A3_C07_M04;CMD_PLC_C07_M04_A4_C07_M04;COORD_CC_C07_PLC_C07_M03;STAT_PLC_C07_M03,0.00646551724137931,H2S,True,146,270.29936599999996,250068,5819278,False,0.0,7.905344,,l_SW_C07_M04_ACT_SW_C07_M04_CTRL,362.179859,False,0cd2d39b9ab3999bdbbe7304a7051ca98a51d813131ec9fa7eee74407629483d,True,1365.803168,44269568,0.7825976561214127,True,49.186495,profiles/L_ROR/l_SW_C07_M04_ACT_SW_C07_M04_CTRL.json,067caec746bed0aab3cec298c40812878f80994d5314d6e4eb6d2f6f59f55606,True,1,928,8760dfc79380d934b6c852de4d47a20d9007c74019c55c203b16a5960c5eef6c,L,L_ROR,243bbab42e8d879c76b55a796d86cea7dcd062ba14146977078f6c8ce8d363a1,928,1.0,91.88049300000006,249767,5818771,2b145235519d9374c3cde7d23aafb46270f043abb27c332923b017ec7aa3ba88,True,SUCCESS_H2S,False,ROR,1068.874358,True,582.290331
12,COORD_CC_C07_PLC_C07_M03;COORD_CC_C07_PLC_C07_M04;SC_S1_C07_M04;SC_S2_C07_M04;SC_S3_C07_M04;SC_S4_C07_M04;SF_S1_C07_M04;SF_S2_C07_M04;SF_S3_C07_M04;SF_S4_C07_M04;STAT_PLC_C07_M03;STAT_PLC_C07_M04,0.01293103448275862,H2S,True,147,274.66266499999995,253730,5863167,False,0.0,7.982415,,l_SW_C07_M04_CTRL_SW_C07_M04_SENS,377.942286,False,0cd2d39b9ab3999bdbbe7304a7051ca98a51d813131ec9fa7eee74407629483d,True,1365.803168,44613632,0.7979740467258897,True,71.874399,profiles/L_ROR/l_SW_C07_M04_CTRL_SW_C07_M04_SENS.json,947065275965281f4d9208c7e0ddab92fa635662d7362c77518c3477eafe337b,True,1,928,91a546073302e7ac8851183c4708a8f0b0768b8348e686d66b40ad58d782370c,L,L_ROR,270caff6c37dff58032ae2e97a38e8203c77c21d188b82cf0186f0b855949e63,928,1.0,103.27962100000008,253392,5862599,6367df98cb4487449eae1a562cd6a153a61734077e4f6ebf154512796a3e7f0d,True,SUCCESS_H2S,False,ROR,1089.875481,True,561.830995
5,COORD_CC_C08_PLC_C08_M01;COORD_CC_C08_PLC_C08_M02;IC_PREV_CC_C09;STAT_PLC_C08_M01;STAT_PLC_C08_M02,0.005387931034482759,H2S,True,148,279.495724,242340,5635610,False,0.0,8.35932,,l_SW_C08_CC_SW_C08_M01_ACT,370.885355,False,0cd2d39b9ab3999bdbbe7304a7051ca98a51d813131ec9fa7eee74407629483d,True,1365.803168,43515904,0.7621143678588979,True,63.727228,profiles/L_ROR/l_SW_C08_CC_SW_C08_M01_ACT.json,f7826b657f8ad415ccfd9a41b584529dc62a7bd06350a1a01db6193e739db328,True,1,928,149238d8e158b29f02e21167b7fdf1671641fb4bd0ec9fc8a6cccc7c512d48ee,L,L_ROR,2cdc3fbb2020cf435d623e71d63d10e773c4249009c8b36d86bfe4e2a28d3c5c,928,1.0,91.38963100000001,242075,5635174,26e45256fefb65f4d9b917ef24c6422be63ea5775eda8f2a5a36c123a563909d,True,SUCCESS_H2S,False,ROR,1040.898218,True,533.263861
4,COORD_CC_C08_PLC_C08_M03;COORD_CC_C08_PLC_C08_M04;STAT_PLC_C08_M03;STAT_PLC_C08_M04,0.004310344827586207,H2S,True,149,265.741986,242729,5649493,False,0.0,7.680115,,l_SW_C08_CC_SW_C08_M04_SENS,360.393273,False,0cd2d39b9ab3999bdbbe7304a7051ca98a51d813131ec9fa7eee74407629483d,True,1365.803168,43536384,0.7333413506916101,True,45.599694,profiles/L_ROR/l_SW_C08_CC_SW_C08_M04_SENS.json,92dccaa6370758705efd15edfe68e6aea30ec5829fd39b165ff7957baefaf2a7,True,1,928,d18ad8c5d860df0fedd6822be79fc6bd0256739e992e6d93073cf4de267f6eb2,L,L_ROR,a69495bafe4672069c94f47fb248903fdf5fb592676dd3678bdfaebd11bd15ae,928,1.0,94.65128700000002,242482,5649071,2595ef085bd528b7db4cb888242002f708f87c3fe0685a2e3acfd1da4d4fb7a2,True,SUCCESS_H2S,False,ROR,1001.59994,True,527.816398
8,CMD_PLC_C08_M01_A1_C08_M01;CMD_PLC_C08_M01_A2_C08_M01;CMD_PLC_C08_M01_A3_C08_M01;CMD_PLC_C08_M01_A4_C08_M01;COORD_CC_C08_PLC_C08_M01;COORD_CC_C08_PLC_C08_M02;STAT_PLC_C08_M01;STAT_PLC_C08_M02,0.008620689655172414,H2S,True,150,273.090422,250876,5834356,False,0.0,7.811049,,l_SW_C08_M01_ACT_SW_C08_M01_CTRL,365.473941,False,0cd2d39b9ab3999bdbbe7304a7051ca98a51d813131ec9fa7eee74407629483d,True,1365.803168,44310528,0.7574152639540517,True,56.069151,profiles/L_ROR/l_SW_C08_M01_ACT_SW_C08_M01_CTRL.json,81840a339ea48c8e550e7d1bb4b49d1974fb71a4be88ceed3a1b8b64e9a3a334,True,1,928,bb13517735c3e0097443fbee1200b241d4824b92cdedf2255f72c367da3a43ac,L,L_ROR,71d100eeb16ab4e7fd1810206695746054a38922123fd90e1f98019b0528b959,928,1.0,92.38351900000004,250557,5833803,9b710f85d8d08db99017e3d264188b51079fa4b2d43cc86e82b9cc65aa27fd58,True,SUCCESS_H2S,False,ROR,1034.480167,True,540.271523
10,COORD_CC_C08_PLC_C08_M02;SC_S1_C08_M01;SC_S2_C08_M01;SC_S3_C08_M01;SC_S4_C08_M01;SF_S1_C08_M01;SF_S2_C08_M01;SF_S3_C08_M01;SF_S4_C08_M01;STAT_PLC_C08_M02,0.010775862068965518,H2S,True,151,271.855254,253192,5852106,False,0.0,10.865443,,l_SW_C08_M01_CTRL_SW_C08_M01_SENS,372.316986,False,0cd2d39b9ab3999bdbbe7304a7051ca98a51d813131ec9fa7eee74407629483d,True,1365.803168,44408832,0.8120662478943672,True,78.262807,profiles/L_ROR/l_SW_C08_M01_CTRL_SW_C08_M01_SENS.json,6b7a848599a2be5d87e297b5cd90a33f37c5f4a11fd05e26a6b9f798c6cb3940,True,1,928,1066d336b5445f2c8b6da86a630328fe8aaedbccfa9c6476af8eab94f36a9eef,L,L_ROR,6b4b8d1caaccf919a5700707083052149444bbb8854414b659d8ec7accb5f46e,928,1.0,100.46173199999998,252848,5851584,e828acd99d210177708da006f6bd771641fd0f31789dbce6aa97dad3e2b050e6,True,SUCCESS_H2S,False,ROR,1109.122654,True,582.047617
2,COORD_CC_C08_PLC_C08_M02;STAT_PLC_C08_M02,0.0021551724137931034,H2S,True,152,271.358136,242203,5634473,False,0.0,7.959048,,l_SW_C08_M01_SENS_SW_C08_M02_ACT,362.426623,False,0cd2d39b9ab3999bdbbe7304a7051ca98a51d813131ec9fa7eee74407629483d,True,1365.803168,43327488,0.741630681295945,True,45.065222,profiles/L_ROR/l_SW_C08_M01_SENS_SW_C08_M02_ACT.json,6ab81de158a2bd15e9c9332845122729a618dfb4509443ccafb7c95a12360bb7,True,1,928,14aeb43cbca1bcc52e0e475210680696751b355ec9df93b4b59f30c4e8f8b7e7,L,L_ROR,c42880327073543fc4c51760432e96b35ef9de9ecb3d549ae032342803c349e3,928,1.0,91.068487,241933,5634082,111a18edaa4fede676ee700f00bd477419592d62e72c24f2dda5279ed5dd635b,True,SUCCESS_H2S,False,ROR,1012.921534,True,535.289935
6,CMD_PLC_C08_M02_A1_C08_M02;CMD_PLC_C08_M02_A2_C08_M02;CMD_PLC_C08_M02_A3_C08_M02;CMD_PLC_C08_M02_A4_C08_M02;COORD_CC_C08_PLC_C08_M02;STAT_PLC_C08_M02,0.00646551724137931,H2S,True,153,271.603749,250132,5819093,False,0.0,7.946517,,l_SW_C08_M02_ACT_SW_C08_M02_CTRL,369.239792,False,0cd2d39b9ab3999bdbbe7304a7051ca98a51d813131ec9fa7eee74407629483d,True,1365.803168,44429312,0.7901548270533811,True,44.117791,profiles/L_ROR/l_SW_C08_M02_ACT_SW_C08_M02_CTRL.json,eef9236222ce7207b8b15367d6a3eca831af1065720360df798508f790e72f02,True,1,928,31d3b79866f9afedcfd9b00be52d269faf78c281b5cf402ce3e14cef607a0863,L,L_ROR,97f690b231c081d4aa14e8c7062bfdc2a3373becb6226e67aa1e41b9393a34f6,928,1.0,97.63604300000003,249816,5818586,587f42ff315be366b941f5d01b731c89816c2f39bd944ef54139649f0a19487d,True,SUCCESS_H2S,False,ROR,1079.195966,True,594.75524
8,SC_S1_C08_M02;SC_S2_C08_M02;SC_S3_C08_M02;SC_S4_C08_M02;SF_S1_C08_M02;SF_S2_C08_M02;SF_S3_C08_M02;SF_S4_C08_M02,0.008620689655172414,H2S,True,154,281.672335,252913,5849380,False,0.0,7.927385,,l_SW_C08_M02_CTRL_SW_C08_M02_SENS,373.839934,False,0cd2d39b9ab3999bdbbe7304a7051ca98a51d813131ec9fa7eee74407629483d,True,1365.803168,44552192,0.8125025655234094,True,84.72234,profiles/L_ROR/l_SW_C08_M02_CTRL_SW_C08_M02_SENS.json,b279ea4f3ac1c3da022fc0247cbadcffa0cf20f1d37fc1a518f91b001b768c83,True,1,928,3200537a739e254bedb386eef1dcc488cc0c2b0e3be529646982d061c13580a7,L,L_ROR,a23374aeb85b5c327f6192514624e787833071122297342e2b084c0989b94cce,928,1.0,92.16759900000005,252585,5848904,fcb843f7726b2ddf7465de8961ef218ff8e884735088e941f2fd474b7dcf4ca4,True,SUCCESS_H2S,False,ROR,1109.718578,True,575.660441
4,CMD_PLC_C08_M03_A1_C08_M03;CMD_PLC_C08_M03_A2_C08_M03;CMD_PLC_C08_M03_A3_C08_M03;CMD_PLC_C08_M03_A4_C08_M03,0.004310344827586207,H2S,True,155,277.118014,249776,5814118,False,0.0,8.289685,,l_SW_C08_M03_ACT_SW_C08_M03_CTRL,377.160322,False,0cd2d39b9ab3999bdbbe7304a7051ca98a51d813131ec9fa7eee74407629483d,True,1365.803168,44253184,0.7765591176312165,True,45.833883,profiles/L_ROR/l_SW_C08_M03_ACT_SW_C08_M03_CTRL.json,b0ba33f1fb3535b9499ba8dc9802656538f0e10998f9d81a15903bca39c40bd1,True,1,928,5b0a66590b9deba81c3e28241324530e354a2e00584697e1d268396ab4f77fa7,L,L_ROR,47a7e1996a279aff5fa876aa38e116c75e3a09d2128ac6cbd127e02e8bdbc842,928,1.0,100.04230799999999,249492,5813657,702c3d688429ca3b7b37f0c2359b68b5d7f4f88d438623f88c201f16574bd5e3,True,SUCCESS_H2S,False,ROR,1060.626903,True,569.601656
10,COORD_CC_C08_PLC_C08_M03;SC_S1_C08_M03;SC_S2_C08_M03;SC_S3_C08_M03;SC_S4_C08_M03;SF_S1_C08_M03;SF_S2_C08_M03;SF_S3_C08_M03;SF_S4_C08_M03;STAT_PLC_C08_M03,0.010775862068965518,H2S,True,156,278.84315799999996,252973,5848441,False,0.0,8.101882,,l_SW_C08_M03_CTRL_SW_C08_M03_SENS,367.438494,False,0cd2d39b9ab3999bdbbe7304a7051ca98a51d813131ec9fa7eee74407629483d,True,1365.803168,44564480,0.7541504787313541,True,46.28119,profiles/L_ROR/l_SW_C08_M03_CTRL_SW_C08_M03_SENS.json,0bd4905abb1cb9e898097caed3cf5a6fdf3cfad3de446c6869f618769dc77242,True,1,928,194362e3abc158d2b26672101a3d8ffd16454376380a1deba254b874d5e6bb42,L,L_ROR,50bb70b7dc60bfb8a31b637c3119c26885e5ce3ecebd306da26a961263e9915b,928,1.0,88.59533600000003,252625,5847919,c635ee142840a83655d3ef2ebcae57dd0857fa910281c6cbf68d20fb837cf09d,True,SUCCESS_H2S,False,ROR,1030.021113,True,544.146589
2,COORD_CC_C08_PLC_C08_M03;STAT_PLC_C08_M03,0.0021551724137931034,H2S,True,157,279.942185,242165,5634491,False,0.0,7.868341,,l_SW_C08_M03_SENS_SW_C08_M04_ACT,379.846704,False,0cd2d39b9ab3999bdbbe7304a7051ca98a51d813131ec9fa7eee74407629483d,True,1365.803168,43491328,0.7660004036540645,True,46.090073,profiles/L_ROR/l_SW_C08_M03_SENS_SW_C08_M04_ACT.json,17f25cdbe961e7642147fe398961b71235102810ca1c87e2b46be3cee406710d,True,1,928,6e3c186d5396875d6b04c3d6f0bc69a8dc30a0840eafcf88620acc183957d789,L,L_ROR,d01506689a9ee921e19cffd4db0b6350d11e345876996e5d595beab97e388c1d,928,1.0,99.904519,241901,5634100,c7f199ebaf4f21f79cb21c6d708f5de43b094ce916d79d040f4a86054a02b512,True,SUCCESS_H2S,False,ROR,1046.205778,True,544.332967
6,CMD_PLC_C08_M04_A1_C08_M04;CMD_PLC_C08_M04_A2_C08_M04;CMD_PLC_C08_M04_A3_C08_M04;CMD_PLC_C08_M04_A4_C08_M04;COORD_CC_C08_PLC_C08_M03;STAT_PLC_C08_M03,0.00646551724137931,H2S,True,158,268.926656,250036,5819011,False,0.0,7.887182,,l_SW_C08_M04_ACT_SW_C08_M04_CTRL,355.982456,False,0cd2d39b9ab3999bdbbe7304a7051ca98a51d813131ec9fa7eee74407629483d,True,1365.803168,44269568,0.7480156035192327,True,47.791385,profiles/L_ROR/l_SW_C08_M04_ACT_SW_C08_M04_CTRL.json,f042f3b78e202a4fce89466ae3605847dc47b1af2dbe538762c5713e725d2d67,True,1,928,9ea1b648a5ebd6a8064a7b35aadafb5ea61449f567fb274ad7350d1678aeefcb,L,L_ROR,4d8ffbd8d6a5f1b7c18b3cbb499ee49b47555a2433329fdae92c2fc0494b4c9b,928,1.0,87.05580000000003,249743,5818504,c3e49145d2717bb3a03b14202ef797f3df435d73f3d916440b9fbcb9dd37240b,True,SUCCESS_H2S,False,ROR,1021.642081,True,546.891973
12,COORD_CC_C08_PLC_C08_M03;COORD_CC_C08_PLC_C08_M04;SC_S1_C08_M04;SC_S2_C08_M04;SC_S3_C08_M04;SC_S4_C08_M04;SF_S1_C08_M04;SF_S2_C08_M04;SF_S3_C08_M04;SF_S4_C08_M04;STAT_PLC_C08_M03;STAT_PLC_C08_M04,0.01293103448275862,H2S,True,159,267.038904,253691,5869475,False,0.0,8.523579,,l_SW_C08_M04_CTRL_SW_C08_M04_SENS,367.815917,False,0cd2d39b9ab3999bdbbe7304a7051ca98a51d813131ec9fa7eee74407629483d,True,1365.803168,44617728,0.7893420649907293,True,51.05886,profiles/L_ROR/l_SW_C08_M04_CTRL_SW_C08_M04_SENS.json,e1182c49f92daf616bb2d9692b09fc8777fe47091292e7f5fae82f4326ea66ec,True,1,928,9505df50b177453acc88f9cdbab31f9ea0e85e09b0e3f4d2e2ff6f9d74c05e51,L,L_ROR,198bd6f06e27d96b14dfa0d9815b58274be5a4701dd0c1d7bc3f1145550179b1,928,1.0,100.77701300000001,253348,5868907,cdad3257b3ffdf70d3af4176c6973ad4c0cd6e6dfbf2778f33927bbe4d6994b5,True,SUCCESS_H2S,False,ROR,1078.085893,True,584.396746
5,COORD_CC_C09_PLC_C09_M01;COORD_CC_C09_PLC_C09_M02;IC_PREV_CC_C10;STAT_PLC_C09_M01;STAT_PLC_C09_M02,0.005387931034482759,H2S,True,160,275.773132,242355,5635598,False,0.0,8.387508,,l_SW_C09_CC_SW_C09_M01_ACT,367.261214,False,0cd2d39b9ab3999bdbbe7304a7051ca98a51d813131ec9fa7eee74407629483d,True,1365.803168,43347968,0.7573216274748018,True,51.873843,profiles/L_ROR/l_SW_C09_CC_SW_C09_M01_ACT.json,9fa38ada348e1334a10051fbf3fea5e02d677de0c71978e5341b5fc34c3cb041,True,1,928,e43f63b3b66f86dbd4affb06c4b2b35f1a474da062307b3ad1f3e2bba200abdb,L,L_ROR,29875b25e049518f02af4ef76bb5fe049903ceff34c6e4b226627d59d5240be0,928,1.0,91.48808200000002,242073,5635162,f2674b35babdc6cde114b87141fd18f4fbdaf39fce033a90b95527d23219866e,True,SUCCESS_H2S,False,ROR,1034.352278,True,546.015685
4,COORD_CC_C09_PLC_C09_M03;COORD_CC_C09_PLC_C09_M04;STAT_PLC_C09_M03;STAT_PLC_C09_M04,0.004310344827586207,H2S,True,161,282.560097,242735,5649289,False,0.0,8.250848,,l_SW_C09_CC_SW_C09_M04_SENS,379.805572,False,0cd2d39b9ab3999bdbbe7304a7051ca98a51d813131ec9fa7eee74407629483d,True,1365.803168,43376640,0.7733698645220891,True,66.914341,profiles/L_ROR/l_SW_C09_CC_SW_C09_M04_SENS.json,33abfdc787c76658746f4c70f4715970ae9ad0a733390e60e31fc5679f1e672d,True,1,928,0c50dbe66794ec1d5f7adb984e74d994c22c443a9b704585485a2465510b8951,L,L_ROR,c50068c82713c7124750d9e0c7dc5f1ee45cb5c7cf89fbd1573419bda73fefdb,928,1.0,97.245475,242500,5648867,2c4551e1098061e4ff24dc817e22c65d179ba51a7559e6a0827007453c2d64be,True,SUCCESS_H2S,False,ROR,1056.271011,True,540.089234
8,CMD_PLC_C09_M01_A1_C09_M01;CMD_PLC_C09_M01_A2_C09_M01;CMD_PLC_C09_M01_A3_C09_M01;CMD_PLC_C09_M01_A4_C09_M01;COORD_CC_C09_PLC_C09_M01;COORD_CC_C09_PLC_C09_M02;STAT_PLC_C09_M01;STAT_PLC_C09_M02,0.008620689655172414,H2S,True,162,271.09030299999995,250718,5834144,False,0.0,8.09263,,l_SW_C09_M01_ACT_SW_C09_M01_CTRL,360.26772,False,0cd2d39b9ab3999bdbbe7304a7051ca98a51d813131ec9fa7eee74407629483d,True,1365.803168,44478464,0.7625321381594571,True,47.94474,profiles/L_ROR/l_SW_C09_M01_ACT_SW_C09_M01_CTRL.json,0ced3870ec7638a326d48f8441b736364f4b93e6697ff4e3e98c9ffd84324848,True,1,928,4e36f70af53ecd15afe8400ec958b848550635bee1380f4b5cac5f79a5c8efa9,L,L_ROR,b6ffc53db7d76d1fd8df24eb71436201f0e7724dd9cd5ad9e9bc98b0e890e6dc,928,1.0,89.17741700000005,250370,5833591,c5302146d06929610e7ea151e90e94910721d929b3dffd77f4dbdab674cc6d92,True,SUCCESS_H2S,False,ROR,1041.46881,True,561.270934
10,COORD_CC_C09_PLC_C09_M02;SC_S1_C09_M01;SC_S2_C09_M01;SC_S3_C09_M01;SC_S4_C09_M01;SF_S1_C09_M01;SF_S2_C09_M01;SF_S3_C09_M01;SF_S4_C09_M01;STAT_PLC_C09_M02,0.010775862068965518,H2S,True,163,279.12454399999996,253285,5854375,False,0.0,7.88465,,l_SW_C09_M01_CTRL_SW_C09_M01_SENS,378.902679,False,0cd2d39b9ab3999bdbbe7304a7051ca98a51d813131ec9fa7eee74407629483d,True,1365.803168,44404736,0.7958577022424949,True,63.467892,profiles/L_ROR/l_SW_C09_M01_CTRL_SW_C09_M01_SENS.json,a444277319731a85f136208ad12bed327b58af4b5046b691982794fd47fe2453,True,1,928,92c28e23f2a54def00365693be0c65dbf9f2b7622d388c5ef423b26650696473,L,L_ROR,f3a13afe716b9447ced43156da3d90f354152b43a361b5b890f1a082ad792ac7,928,1.0,99.77813500000002,252943,5853853,b294cfdd1b165df3cf34cfa5f77a831bdd1c90439b89acf0d129e71f041d4d97,True,SUCCESS_H2S,False,ROR,1086.984971,True,573.441915
2,COORD_CC_C09_PLC_C09_M02;STAT_PLC_C09_M02,0.0021551724137931034,H2S,True,164,278.850979,242197,5634571,False,0.0,7.930093,,l_SW_C09_M01_SENS_SW_C09_M02_ACT,374.553562,False,0cd2d39b9ab3999bdbbe7304a7051ca98a51d813131ec9fa7eee74407629483d,True,1365.803168,43487232,0.7856603236404266,True,69.875675,profiles/L_ROR/l_SW_C09_M01_SENS_SW_C09_M02_ACT.json,2cdffc2064fc084e2fe312e76ad54517d9587e4ba771263d09403ef9e95cf0a2,True,1,928,b17febdc83eed019be3f2f848bd30014ed54dec3f16b5303679b94626f3521c4,L,L_ROR,43003156d8ff68c18f121e0ff80b885c926ebc63298ef28e44aebeef27edbc9e,928,1.0,95.702583,241933,5634180,27a82c224fc2738e1b2d30c761c3b60d5be21db9fb35a0b9a6c1a614c9474f01,True,SUCCESS_H2S,False,ROR,1073.057359,True,553.13277
6,CMD_PLC_C09_M02_A1_C09_M02;CMD_PLC_C09_M02_A2_C09_M02;CMD_PLC_C09_M02_A3_C09_M02;CMD_PLC_C09_M02_A4_C09_M02;COORD_CC_C09_PLC_C09_M02;STAT_PLC_C09_M02,0.00646551724137931,H2S,True,165,273.090479,249977,5813233,False,0.0,7.848589,,l_SW_C09_M02_ACT_SW_C09_M02_CTRL,372.571054,False,0cd2d39b9ab3999bdbbe7304a7051ca98a51d813131ec9fa7eee74407629483d,True,1365.803168,44429312,0.771663446602871,True,51.480385,profiles/L_ROR/l_SW_C09_M02_ACT_SW_C09_M02_CTRL.json,8fd082905e2b0894ad33dbc3d76f49a22350eb8ebaab2713c5cc24eeb198d43d,True,1,928,c7bee8618eaf36230fe1056a7009b172eac8ba014acdc4b19cfd2ef156baf857,L,L_ROR,f92c0226f6e80ee65f97c591aa40ddb7045da0bcba5030d951de56a6e8fc4fde,928,1.0,99.48057499999999,249667,5812726,19916eeb5acf770996ec99658c845b9b50c7f5008ea615a0601cb9d9c82982e1,True,SUCCESS_H2S,False,ROR,1053.94038,True,559.188882
8,SC_S1_C09_M02;SC_S2_C09_M02;SC_S3_C09_M02;SC_S4_C09_M02;SF_S1_C09_M02;SF_S2_C09_M02;SF_S3_C09_M02;SF_S4_C09_M02,0.008620689655172414,H2S,True,166,273.92135299999995,252757,5843746,False,0.0,7.91004,,l_SW_C09_M02_CTRL_SW_C09_M02_SENS,367.138424,False,0cd2d39b9ab3999bdbbe7304a7051ca98a51d813131ec9fa7eee74407629483d,True,1365.803168,44392448,0.7712328164697887,True,48.734052,profiles/L_ROR/l_SW_C09_M02_CTRL_SW_C09_M02_SENS.json,cdf403ac0dd3e8cffd205b2dc383bfff2eda7ec74512a900e31cf868b705b10e,True,1,928,1eb2a6507f30cafe4cee4d2572f63e6e9aa107aa55df74d0d82648b1eb4a4cb3,L,L_ROR,00389f1d3b4e3820d8e5fde5e415ae874a0c5e69eff1d0c52ebe2a21b1877a11,928,1.0,93.21707100000003,252436,5843270,a017c2617aa08c0a41e55850e07aad617a8aa1a9f1a6a6fffb171cd30d507d24,True,SUCCESS_H2S,False,ROR,1053.352224,True,565.684986
4,CMD_PLC_C09_M03_A1_C09_M03;CMD_PLC_C09_M03_A2_C09_M03;CMD_PLC_C09_M03_A3_C09_M03;CMD_PLC_C09_M03_A4_C09_M03,0.004310344827586207,H2S,True,167,272.44147200000003,249698,5813796,False,0.0,7.772817,,l_SW_C09_M03_ACT_SW_C09_M03_CTRL,368.992956,False,0cd2d39b9ab3999bdbbe7304a7051ca98a51d813131ec9fa7eee74407629483d,True,1365.803168,44421120,0.7822489257837189,True,57.136451,profiles/L_ROR/l_SW_C09_M03_ACT_SW_C09_M03_CTRL.json,9b1ccacccc7c2d126181cf29e363e9081b748457d1952e52a8699e36e9c072ff,True,1,928,81dc7ce3979bf038d97d8c845f580025584a73f645f53afcb4e1935ec4a3e2df,L,L_ROR,d773bdf9f619aa2ab5695d7dcb87624a63b1a4cf7536c1f04f443d127f13276a,928,1.0,96.55148399999996,249408,5813335,0866a6eb1039a6ac42f34c1c156ada32d71b22f61020fb0cd8803fecaf396c7e,True,SUCCESS_H2S,False,ROR,1068.398061,True,574.216281
10,COORD_CC_C09_PLC_C09_M03;SC_S1_C09_M03;SC_S2_C09_M03;SC_S3_C09_M03;SC_S4_C09_M03;SF_S1_C09_M03;SF_S2_C09_M03;SF_S3_C09_M03;SF_S4_C09_M03;STAT_PLC_C09_M03,0.010775862068965518,H2S,True,168,274.28658099999996,252913,5853426,False,0.0,7.881128,,l_SW_C09_M03_CTRL_SW_C09_M03_SENS,365.94692,False,0cd2d39b9ab3999bdbbe7304a7051ca98a51d813131ec9fa7eee74407629483d,True,1365.803168,44404736,0.7766707032561225,True,48.851507,profiles/L_ROR/l_SW_C09_M03_CTRL_SW_C09_M03_SENS.json,1cf0640a258d7071ff8fd248db3cc17a7f148ffaf1ee86f1d21ce7ea84b8c0d2,True,1,928,64d9e6ef7c81ee94a1f9db1a9add00ad8a12ae9a75cd32f97a3242fa7ed3cfb8,L,L_ROR,73d9d94eae8639aa06ba08bd119920aa78f27bfdc2c4c71f5d39cdd084708bb1,928,1.0,91.66033900000002,252567,5852904,24c7ced4fe682ce74cc9087fb60b9cb526c495b989acfd80589cb20e770aa12f,True,SUCCESS_H2S,False,ROR,1060.779307,True,574.576871
2,COORD_CC_C09_PLC_C09_M03;STAT_PLC_C09_M03,0.0021551724137931034,H2S,True,169,267.536229,242145,5634285,False,0.0,7.759416,,l_SW_C09_M03_SENS_SW_C09_M04_ACT,364.135192,False,0cd2d39b9ab3999bdbbe7304a7051ca98a51d813131ec9fa7eee74407629483d,True,1365.803168,43327488,0.7553057462230166,True,44.200625,profiles/L_ROR/l_SW_C09_M03_SENS_SW_C09_M04_ACT.json,f827afbe1e9d58ea77f0ab1b731e10f686070f075ce4d292c6de53e0c4ca34cd,True,1,928,edb71dcf9040c57c836fedd5bb8ca026ba8981b9db88ac5117c6c02013847569,L,L_ROR,4e09b9568d456f7d4f6be0ac1b35220ece6ebd17cab83859dfc90b9574f82d38,928,1.0,96.59896300000003,241880,5633894,f360dc4428eb6c142ad4e605413ce48f2d420bc06dd33649f4e3c21cbebeb68b,True,SUCCESS_H2S,False,ROR,1031.598981,True,554.479918
6,CMD_PLC_C09_M04_A1_C09_M04;CMD_PLC_C09_M04_A2_C09_M04;CMD_PLC_C09_M04_A3_C09_M04;CMD_PLC_C09_M04_A4_C09_M04;COORD_CC_C09_PLC_C09_M03;STAT_PLC_C09_M03,0.00646551724137931,H2S,True,170,268.600909,249985,5819179,False,0.0,7.97426,,l_SW_C09_M04_ACT_SW_C09_M04_CTRL,360.362925,False,0cd2d39b9ab3999bdbbe7304a7051ca98a51d813131ec9fa7eee74407629483d,True,1365.803168,44429312,0.7714542605307532,True,52.775141,profiles/L_ROR/l_SW_C09_M04_ACT_SW_C09_M04_CTRL.json,c32d1733c927977682b75b833427762c952ed7f12c8a82b5a2210fee6006381b,True,1,928,4a5c690becf6f4b85d5af6ac049dde77931d7a53e35feccbd52cdfd66cf80cfe,L,L_ROR,5e915620c8cb63e494bf65c49b1e6c487f3b637761d89ac14fc1326289c32b4a,928,1.0,91.76201600000002,249669,5818672,e54b118ac042390d4fb8af19f9c9d4dd41a18e3550e14d8f989d123338ea4dc1,True,SUCCESS_H2S,False,ROR,1053.654673,True,567.762623
12,COORD_CC_C09_PLC_C09_M03;COORD_CC_C09_PLC_C09_M04;SC_S1_C09_M04;SC_S2_C09_M04;SC_S3_C09_M04;SC_S4_C09_M04;SF_S1_C09_M04;SF_S2_C09_M04;SF_S3_C09_M04;SF_S4_C09_M04;STAT_PLC_C09_M03;STAT_PLC_C09_M04,0.01293103448275862,H2S,True,171,268.699544,253644,5868739,False,0.0,9.718933,,l_SW_C09_M04_CTRL_SW_C09_M04_SENS,368.913859,False,0cd2d39b9ab3999bdbbe7304a7051ca98a51d813131ec9fa7eee74407629483d,True,1365.803168,44617728,0.785429413354531,True,72.125571,profiles/L_ROR/l_SW_C09_M04_CTRL_SW_C09_M04_SENS.json,ac819c7621806a83383cfefa17a6f1432fab8a76ad2098bab6c318e868fbd3a9,True,1,928,4dd3d22e44065a9721ee552a2075aa58b8bb2a6b1f6dc1a702969171277a2ddb,L,L_ROR,0f4b336226077a58d4985ecd12bcfe92de2927b30fcfe12ae728b719e2e6885e,928,1.0,100.214315,253298,5868171,5af76ecb4c4178e2aa63588cdcd5f78aaa90d1d2be89aecca5e889ce32e07f85,True,SUCCESS_H2S,False,ROR,1072.741981,True,554.17578
5,COORD_CC_C10_PLC_C10_M01;COORD_CC_C10_PLC_C10_M02;IC_PREV_CC_C11;STAT_PLC_C10_M01;STAT_PLC_C10_M02,0.005387931034482759,H2S,True,172,276.517715,242315,5635674,False,0.0,8.245533,,l_SW_C10_CC_SW_C10_M01_ACT,366.923423,False,0cd2d39b9ab3999bdbbe7304a7051ca98a51d813131ec9fa7eee74407629483d,True,1365.803168,43511808,0.756428506834449,True,45.882669,profiles/L_ROR/l_SW_C10_CC_SW_C10_M01_ACT.json,a7f63186f19972dbc4636f22e3d935ff5472f60b0c40aa7447c201449309ffe9,True,1,928,a453bd6506ada6e8d0fc0539a476347984f6f77c7c9e1360cac36ee573806eaf,L,L_ROR,fc74a3562a734667728fb53eea0818212c26b10b22d8f53e5f5b8ab50ab777c8,928,1.0,90.405708,242047,5635238,0bded5877e3962939c093ae65e7d204b43d3b21d4862a1f6271480fc0cfe3670,True,SUCCESS_H2S,False,ROR,1033.132451,True,551.288747
4,COORD_CC_C10_PLC_C10_M03;COORD_CC_C10_PLC_C10_M04;STAT_PLC_C10_M03;STAT_PLC_C10_M04,0.004310344827586207,H2S,True,173,266.473991,242716,5649227,False,0.0,7.945246,,l_SW_C10_CC_SW_C10_M04_SENS,360.28152,False,0cd2d39b9ab3999bdbbe7304a7051ca98a51d813131ec9fa7eee74407629483d,True,1365.803168,43536384,0.7592072059097759,True,56.777657,profiles/L_ROR/l_SW_C10_CC_SW_C10_M04_SENS.json,11f1ac90afbd4ff8a02603ee1cbf0a8d2380c2c7f1dbfa229a2fa4e41e74e814,True,1,928,5993d5e9c37ea37d29c77bcfe2136f5eb1e684a7c3bdc2b4c186dcf6b3d63952,L,L_ROR,8189f181c75fd5f9dec5fca00ad562275adf9cdd867a2d04c8397a39b4cbccac,928,1.0,93.80752899999999,242464,5648805,b91569e9c3dbdc8d52c09d41ff57d257e53ef718e2d05b02d6a0898d66ecc19d,True,SUCCESS_H2S,False,ROR,1036.927607,True,553.157429
8,CMD_PLC_C10_M01_A1_C10_M01;CMD_PLC_C10_M01_A2_C10_M01;CMD_PLC_C10_M01_A3_C10_M01;CMD_PLC_C10_M01_A4_C10_M01;COORD_CC_C10_PLC_C10_M01;COORD_CC_C10_PLC_C10_M02;STAT_PLC_C10_M01;STAT_PLC_C10_M02,0.008620689655172414,H2S,True,174,272.477276,250717,5833682,False,0.0,8.015999,,l_SW_C10_M01_ACT_SW_C10_M01_CTRL,365.174056,False,0cd2d39b9ab3999bdbbe7304a7051ca98a51d813131ec9fa7eee74407629483d,True,1365.803168,44310528,0.7736133857027341,True,75.493436,profiles/L_ROR/l_SW_C10_M01_ACT_SW_C10_M01_CTRL.json,c6a810acf1bbf2477a6700f836b68a228d9e63841821422242818c3edb25a8bb,True,1,928,4271b07535a1c204f75a1a8a712533ac8d4596d47a80a5611f929fb47ed7c99b,L,L_ROR,b0ae4907dadff5748cefe4861fec9771fb4ac4f519993e0fa65b441185fd6d1e,928,1.0,92.69677999999999,250378,5833129,2dbd451e29f333530058d840951c6b149391672358bf8611b008efb0fc0931c0,True,SUCCESS_H2S,False,ROR,1056.603613,True,542.656328
10,COORD_CC_C10_PLC_C10_M02;SC_S1_C10_M01;SC_S2_C10_M01;SC_S3_C10_M01;SC_S4_C10_M01;SF_S1_C10_M01;SF_S2_C10_M01;SF_S3_C10_M01;SF_S4_C10_M01;STAT_PLC_C10_M02,0.010775862068965518,H2S,True,175,279.25149999999996,253007,5854228,False,0.0,8.495419,,l_SW_C10_M01_CTRL_SW_C10_M01_SENS,380.946242,False,0cd2d39b9ab3999bdbbe7304a7051ca98a51d813131ec9fa7eee74407629483d,True,1365.803168,44408832,0.8049577631379459,True,46.681852,profiles/L_ROR/l_SW_C10_M01_CTRL_SW_C10_M01_SENS.json,71289a916c8e6025bb20f4abd9181c60c0863ea15397ca8d3932ca5cca030369,True,1,928,c8a47fdbb8d2174b82d9b04554f84976b7c2f0c960a4edb187e20fdbcaa7cc01,L,L_ROR,c169b9e1540e06a3ceb5565c2f986dd2563f88442e921166bf6871b0c3d4671a,928,1.0,101.69474200000002,252651,5853706,c67c2f2de6b0fe03e40644bde5bf63f253fe5dc4f2f3aa6eef8f58a4d6dada9c,True,SUCCESS_H2S,False,ROR,1099.413863,True,600.034511
2,COORD_CC_C10_PLC_C10_M02;STAT_PLC_C10_M02,0.0021551724137931034,H2S,True,176,269.6423,242224,5634609,False,0.0,7.878769,,l_SW_C10_M01_SENS_SW_C10_M02_ACT,363.589244,False,0cd2d39b9ab3999bdbbe7304a7051ca98a51d813131ec9fa7eee74407629483d,True,1365.803168,43327488,0.740881609962703,True,45.458262,profiles/L_ROR/l_SW_C10_M01_SENS_SW_C10_M02_ACT.json,405495a7329639128df78dec1509d30291a4b5289d300e637403333793ac9354,True,1,928,7e236e046af5a532dff784bff731d7ac604f5ffc6cb5995859e585467248c138,L,L_ROR,734163b3830e875310a44c9a0e4ca70bb0d70a20d0e112dc21bada322a1e8d4b,928,1.0,93.94694400000003,241952,5634218,b8a8d2d73d54c9e49c12b8fce5534ab455d1694238ddeff6f2fceeba6bc467fe,True,SUCCESS_H2S,False,ROR,1011.89845,True,534.776192
6,CMD_PLC_C10_M02_A1_C10_M02;CMD_PLC_C10_M02_A2_C10_M02;CMD_PLC_C10_M02_A3_C10_M02;CMD_PLC_C10_M02_A4_C10_M02;COORD_CC_C10_PLC_C10_M02;STAT_PLC_C10_M02,0.00646551724137931,H2S,True,177,273.46489099999997,250039,5819411,False,0.0,8.130928,,l_SW_C10_M02_ACT_SW_C10_M02_CTRL,368.987154,False,0cd2d39b9ab3999bdbbe7304a7051ca98a51d813131ec9fa7eee74407629483d,True,1365.803168,44429312,0.7730726013369447,True,54.730642,profiles/L_ROR/l_SW_C10_M02_ACT_SW_C10_M02_CTRL.json,9068ca23c115c06668fedfc51e41ef860364d1b7b97be17d1311e5e5bf2d9709,True,1,928,3bb4246836fbb649e96f444ff92aa4f57f6a0f1234a14320a5c2a9dbe2a62cf3,L,L_ROR,a9a9b158cf85e348332c3451bad824f95b5113b3794bfc955e10088bbeac3d65,928,1.0,95.52226300000001,249733,5818904,9a2bf95dbb4ae56af34299024aaf44251d9125fe71aad085a4f9680f22746ed9,True,SUCCESS_H2S,False,ROR,1055.865008,True,564.000389
8,SC_S1_C10_M02;SC_S2_C10_M02;SC_S3_C10_M02;SC_S4_C10_M02;SF_S1_C10_M02;SF_S2_C10_M02;SF_S3_C10_M02;SF_S4_C10_M02,0.008620689655172414,H2S,True,178,274.896955,252899,5842342,False,0.0,10.834733,,l_SW_C10_M02_CTRL_SW_C10_M02_SENS,367.075086,False,0cd2d39b9ab3999bdbbe7304a7051ca98a51d813131ec9fa7eee74407629483d,True,1365.803168,44556288,0.7786361841269357,True,71.973085,profiles/L_ROR/l_SW_C10_M02_CTRL_SW_C10_M02_SENS.json,c4c09347d6f811fe3f42fa0c71bcee29737eab8980da5c10309c59317ec57d83,True,1,928,532aec299cb63f91d70dbc2ac9bbb9a420de9d2b1d1daaabd1ed32dcb9beb8c0,L,L_ROR,1f5b5cb210767c93cbdaea53b82464b31cef73cbf5ef505b1278401b6bf13199,928,1.0,92.17813100000001,252577,5841866,6c1485f9bd22c7ba979442bf55b0a4cac2d46ca85e2d191363c693ce5abe6058,True,SUCCESS_H2S,False,ROR,1063.463767,True,546.1065
4,CMD_PLC_C10_M03_A1_C10_M03;CMD_PLC_C10_M03_A2_C10_M03;CMD_PLC_C10_M03_A3_C10_M03;CMD_PLC_C10_M03_A4_C10_M03,0.004310344827586207,H2S,True,179,286.19312,249751,5813904,False,0.0,8.672318,,l_SW_C10_M03_ACT_SW_C10_M03_CTRL,387.197938,False,0cd2d39b9ab3999bdbbe7304a7051ca98a51d813131ec9fa7eee74407629483d,True,1365.803168,44412928,0.7961938143637401,True,54.066649,profiles/L_ROR/l_SW_C10_M03_ACT_SW_C10_M03_CTRL.json,70ce7e135dfd2228806da8784a4a1e3fa384a78b7626b1a2464443a966802b39,True,1,928,5f5d206bfb187f26352fb21591fa3300a502afd1c5b8600802f83c1a1d550b96,L,L_ROR,cf2c221da3eca9c61de90644cfce7cc096e9a773627f92361c7becb4990df730,928,1.0,101.004818,249462,5813443,25511b19c0a526f71d802dec4bc28f4292428d5f39a7b9cd1acd1088b1bf3aec,True,SUCCESS_H2S,False,ROR,1087.444034,True,574.229612
10,COORD_CC_C10_PLC_C10_M03;SC_S1_C10_M03;SC_S2_C10_M03;SC_S3_C10_M03;SC_S4_C10_M03;SF_S1_C10_M03;SF_S2_C10_M03;SF_S3_C10_M03;SF_S4_C10_M03;STAT_PLC_C10_M03,0.010775862068965518,H2S,True,180,288.28924500000005,253072,5854520,False,0.0,7.813048,,l_SW_C10_M03_CTRL_SW_C10_M03_SENS,384.866309,False,0cd2d39b9ab3999bdbbe7304a7051ca98a51d813131ec9fa7eee74407629483d,True,1365.803168,44564480,0.8221413087248016,True,51.675268,profiles/L_ROR/l_SW_C10_M03_CTRL_SW_C10_M03_SENS.json,27674abb2a69bd54b112cc7917d1c44403546c5254f2d93fc51028c56d8d40d1,True,1,928,2865a849d80c5f2d45877ea1838ab6f53526aaa63bd5f6255a9d29ba5244160b,L,L_ROR,3aa14e2a9633ae742bd859a0fd44e3f617f5d80bc4316003e9702dab1c325c0f,928,1.0,96.57706399999995,252728,5853998,fc677c36fab5a43df1287154d1c16e6c12e667dd5f4d3f262a71ee5c17f8322a,True,SUCCESS_H2S,False,ROR,1122.883204,True,611.695671
2,COORD_CC_C10_PLC_C10_M03;STAT_PLC_C10_M03,0.0021551724137931034,H2S,True,181,276.960875,242154,5634439,False,0.0,8.274777,,l_SW_C10_M03_SENS_SW_C10_M04_ACT,378.615571,False,0cd2d39b9ab3999bdbbe7304a7051ca98a51d813131ec9fa7eee74407629483d,True,1365.803168,43491328,0.7836535286173828,True,59.725328,profiles/L_ROR/l_SW_C10_M03_SENS_SW_C10_M04_ACT.json,b9cd4220b3ffddc61a606768b14b46e21f4bf59a584d2271891f475443e192c5,True,1,928,35ad8682f156b322df6cc264f355ae72b23a86a1a1c82e162ec2abb4011edd53,L,L_ROR,2446eccc0901a8cbdf5b657c879e02803b93d43c743f06b32fb9bb9823e27f4a,928,1.0,101.654696,241883,5634048,77d065fadffaf76c56e203fb85d749905054d5c75c05cc5935ccbfd0e39096e0,True,SUCCESS_H2S,False,ROR,1070.316472,True,562.072582
6,CMD_PLC_C10_M04_A1_C10_M04;CMD_PLC_C10_M04_A2_C10_M04;CMD_PLC_C10_M04_A3_C10_M04;CMD_PLC_C10_M04_A4_C10_M04;COORD_CC_C10_PLC_C10_M03;STAT_PLC_C10_M03,0.00646551724137931,H2S,True,182,278.317944,249991,5818979,False,0.0,8.086891,,l_SW_C10_M04_ACT_SW_C10_M04_CTRL,368.491526,False,0cd2d39b9ab3999bdbbe7304a7051ca98a51d813131ec9fa7eee74407629483d,True,1365.803168,44433408,0.788796181793598,True,69.234975,profiles/L_ROR/l_SW_C10_M04_ACT_SW_C10_M04_CTRL.json,f70bbf640afedc854cca3035924f83f7c04e4f11b8cc567149fa16a65476fc10,True,1,928,4d5eed45186570ad8ce49d58b63ef61a257602f0488f77652068099ab80ad96a,L,L_ROR,f457c9c5604c22ce67e309190735bf41a45a03c7689ecf4bdd4560424257697b,928,1.0,90.17358200000001,249665,5818472,1fbd4376568d432f70b54337c75f949edc4e03be8f787a033ab5785fb2448e6b,True,SUCCESS_H2S,False,ROR,1077.340324,True,561.992601
12,COORD_CC_C10_PLC_C10_M03;COORD_CC_C10_PLC_C10_M04;SC_S1_C10_M04;SC_S2_C10_M04;SC_S3_C10_M04;SC_S4_C10_M04;SF_S1_C10_M04;SF_S2_C10_M04;SF_S3_C10_M04;SF_S4_C10_M04;STAT_PLC_C10_M03;STAT_PLC_C10_M04,0.01293103448275862,H2S,True,183,271.323686,253791,5868486,False,0.0,7.785196,,l_SW_C10_M04_CTRL_SW_C10_M04_SENS,368.129532,False,0cd2d39b9ab3999bdbbe7304a7051ca98a51d813131ec9fa7eee74407629483d,True,1365.803168,44617728,0.7663615698978962,True,49.218062,profiles/L_ROR/l_SW_C10_M04_CTRL_SW_C10_M04_SENS.json,530c4296edc387465d186df1a85b2e548fd931bd585ee1e615017433b6a202a8,True,1,928,f30165ab60e31fdab9fc6b565cb072855878cea97312a03b1e62a11fcb7a5cb3,L,L_ROR,026378ee02cac22947a105e288d09d64081b37c1408979eb908137552ece979b,928,1.0,96.80584599999997,253438,5867918,301c964e45f65211935dfb23388e1479f51c752fc72cbaa9283608289889d581,True,SUCCESS_H2S,False,ROR,1046.69906,True,557.312098
5,COORD_CC_C11_PLC_C11_M01;COORD_CC_C11_PLC_C11_M02;IC_PREV_CC_C12;STAT_PLC_C11_M01;STAT_PLC_C11_M02,0.005387931034482759,H2S,True,184,282.053224,242352,5635542,False,0.0,7.79346,,l_SW_C11_CC_SW_C11_M01_ACT,372.70302,False,0cd2d39b9ab3999bdbbe7304a7051ca98a51d813131ec9fa7eee74407629483d,True,1365.803168,43347968,0.7696101207168968,True,58.893941,profiles/L_ROR/l_SW_C11_CC_SW_C11_M01_ACT.json,5823dee5f4f3d1aac06464b842c97f52d8dd5cfdf200566016a5bc6e9d4dbfd3,True,1,928,ec911b365b5d7d3f366a2d3e5a1baca84000e7ae3db4564f311026df2b4bee99,L,L_ROR,b6fc34404cfbc8c7310e36455e170c7870253ba9d253313e520f30d5a9e61e22,928,1.0,90.64979599999998,242080,5635106,84bc3513de52885e4d6e9c60b4928ef9e2be16097ae9b0fe39af159501fdb4ec,True,SUCCESS_H2S,False,ROR,1051.135941,True,550.473276
4,COORD_CC_C11_PLC_C11_M03;COORD_CC_C11_PLC_C11_M04;STAT_PLC_C11_M03;STAT_PLC_C11_M04,0.004310344827586207,H2S,True,185,264.276095,242704,5649621,False,0.0,7.684879,,l_SW_C11_CC_SW_C11_M04_SENS,358.723863,False,0cd2d39b9ab3999bdbbe7304a7051ca98a51d813131ec9fa7eee74407629483d,True,1365.803168,43372544,0.7557414100243176,True,51.74103,profiles/L_ROR/l_SW_C11_CC_SW_C11_M04_SENS.json,96abe4de6a36e40d57379531d3ce920f08ed11c0cf2b835e1623cc1d2680f42e,True,1,928,4ebbdde7140aee7f6b4dd21db474bbcb38872306691ac4d2c988f802261a2d21,L,L_ROR,6c7a65c387bdafea5e357ca7024fde171976eea261fca8cb63c9e9acabcc5be4,928,1.0,94.447768,242462,5649199,37609d7c44d89d46b213ce1ab26d7ffd1cd9707e124f2dc7355ac35e07f4c6e0,True,SUCCESS_H2S,False,ROR,1032.194012,True,553.556524
8,CMD_PLC_C11_M01_A1_C11_M01;CMD_PLC_C11_M01_A2_C11_M01;CMD_PLC_C11_M01_A3_C11_M01;CMD_PLC_C11_M01_A4_C11_M01;COORD_CC_C11_PLC_C11_M01;COORD_CC_C11_PLC_C11_M02;STAT_PLC_C11_M01;STAT_PLC_C11_M02,0.008620689655172414,H2S,True,186,278.066725,250763,5833227,False,0.0,8.469875,,l_SW_C11_M01_ACT_SW_C11_M01_CTRL,374.077954,False,0cd2d39b9ab3999bdbbe7304a7051ca98a51d813131ec9fa7eee74407629483d,True,1365.803168,44314624,0.77418680361415,True,50.983311,profiles/L_ROR/l_SW_C11_M01_ACT_SW_C11_M01_CTRL.json,81ce14d9cd3cb2bba36359a4748c4dd415d5d1069fc7382c638141b55c36c6a7,True,1,928,ebc9df4c1e915356f355a838b7581e5a4f13cccc7a71f5b32686c235db26024a,L,L_ROR,0a4e03a7b2db9ba551b3b9eb094daed12a4e7d4c871163157a4aa1008381d6f2,928,1.0,96.01122899999996,250426,5832674,3b77ebbeca9349de643c27c08701ba4763c0885fa2f959872a5fea811b5db47a,True,SUCCESS_H2S,False,ROR,1057.386789,True,560.318501
10,COORD_CC_C11_PLC_C11_M02;SC_S1_C11_M01;SC_S2_C11_M01;SC_S3_C11_M01;SC_S4_C11_M01;SF_S1_C11_M01;SF_S2_C11_M01;SF_S3_C11_M01;SF_S4_C11_M01;STAT_PLC_C11_M02,0.010775862068965518,H2S,True,187,275.358347,253120,5853687,False,0.0,8.151452,,l_SW_C11_M01_CTRL_SW_C11_M01_SENS,373.723267,False,0cd2d39b9ab3999bdbbe7304a7051ca98a51d813131ec9fa7eee74407629483d,True,1365.803168,44568576,0.7783564805730484,True,46.380334,profiles/L_ROR/l_SW_C11_M01_CTRL_SW_C11_M01_SENS.json,3f14d9287d545aae7699344f49cd9a7c2f029b0f7b3230d4bf8fc28b9cc9bfc4,True,1,928,d2f2872aec3549353e973a2bd571d52104e387dcffbcba0eb2ff1a90eb614135,L,L_ROR,677ae63507654dd660e8f28e191d7537b3bed20b03596b7fd33692cc2d8a22c8,928,1.0,98.36492000000004,252763,5853165,7e98a3a5f5bb5c6dbf33da1d66bfc1a1e47b9c8e3f784136638197e579234372,True,SUCCESS_H2S,False,ROR,1063.081747,True,570.924166
2,COORD_CC_C11_PLC_C11_M02;STAT_PLC_C11_M02,0.0021551724137931034,H2S,True,188,273.585916,242248,5634747,False,0.0,8.179976,,l_SW_C11_M01_SENS_SW_C11_M02_ACT,367.699374,False,0cd2d39b9ab3999bdbbe7304a7051ca98a51d813131ec9fa7eee74407629483d,True,1365.803168,43319296,0.7772125119276339,True,58.064643,profiles/L_ROR/l_SW_C11_M01_SENS_SW_C11_M02_ACT.json,4e040301dbfce063b7d0ac18eb62df21ff0731afca8f48d59c07b16c3deed31a,True,1,928,0dfe768a33a610ba05e84611f86eb77ae75aeaa6a7e1f690c5e3ee51c75ed5f6,L,L_ROR,b4d950ec971182368104e73c491e51f90364238722247741e5d088be1d10f25f,928,1.0,94.11345799999998,241980,5634356,077a9299e8fbe4e469223bb85b3c403221b66598c61b9c41abf0b689cd2b8b6d,True,SUCCESS_H2S,False,ROR,1061.519311,True,567.529812
6,CMD_PLC_C11_M02_A1_C11_M02;CMD_PLC_C11_M02_A2_C11_M02;CMD_PLC_C11_M02_A3_C11_M02;CMD_PLC_C11_M02_A4_C11_M02;COORD_CC_C11_PLC_C11_M02;STAT_PLC_C11_M02,0.00646551724137931,H2S,True,189,280.915269,250026,5818187,False,0.0,8.120564,,l_SW_C11_M02_ACT_SW_C11_M02_CTRL,381.37975,False,0cd2d39b9ab3999bdbbe7304a7051ca98a51d813131ec9fa7eee74407629483d,True,1365.803168,44265472,0.815845624836038,True,57.663171,profiles/L_ROR/l_SW_C11_M02_ACT_SW_C11_M02_CTRL.json,ca50892be60f52823f0d3c333cb2c544f623912f5a8ad065732772aad920bf63,True,1,928,01270e56213ed06410461b25e87d7f10bf67a8c4cdef12bfd3bfce127ddaa2d4,L,L_ROR,ac531e64b06b48172bb708915277157b5566c653e39c1c0b3ec1a5913d0d1dec,928,1.0,100.46448099999998,249722,5817680,418f593d769f73811ab37931c3ee43dc6d5719ee74183f43eba8d0c17cd940ff,True,SUCCESS_H2S,False,ROR,1114.284539,True,603.735649
8,SC_S1_C11_M02;SC_S2_C11_M02;SC_S3_C11_M02;SC_S4_C11_M02;SF_S1_C11_M02;SF_S2_C11_M02;SF_S3_C11_M02;SF_S4_C11_M02,0.008620689655172414,H2S,True,190,276.173173,253029,5849946,False,0.0,7.767479,,l_SW_C11_M02_CTRL_SW_C11_M02_SENS,370.201099,False,0cd2d39b9ab3999bdbbe7304a7051ca98a51d813131ec9fa7eee74407629483d,True,1365.803168,44392448,0.774654152801028,True,46.373695,profiles/L_ROR/l_SW_C11_M02_CTRL_SW_C11_M02_SENS.json,dd73be74154a47e222efcd698844eaa971cee775536cd8ec46b229b283b40e13,True,1,928,d9886a1b9a2e0ab999116352a8754a79c12fee4c1a58e29ee90dc39c976d0264,L,L_ROR,7e2b9d4f2a38121331e1bd641357b59c46c2567ba5109f3ade1584a72e5a084e,928,1.0,94.02792599999998,252701,5849470,94a438a4344f864b3d19ec1ea2f6e2a67e5bce57851b9797c8f57c3d483abe58,True,SUCCESS_H2S,False,ROR,1058.025096,True,569.681549
4,CMD_PLC_C11_M03_A1_C11_M03;CMD_PLC_C11_M03_A2_C11_M03;CMD_PLC_C11_M03_A3_C11_M03;CMD_PLC_C11_M03_A4_C11_M03,0.004310344827586207,H2S,True,191,270.583456,249719,5812404,False,0.0,7.693481,,l_SW_C11_M03_ACT_SW_C11_M03_CTRL,367.30155,False,0cd2d39b9ab3999bdbbe7304a7051ca98a51d813131ec9fa7eee74407629483d,True,1365.803168,44417024,0.7562267852346936,True,44.75499,profiles/L_ROR/l_SW_C11_M03_ACT_SW_C11_M03_CTRL.json,d7b5631d87e548a0b7a9e0d925a540e2bdf21f515cb8918a314974ceb51b7a5a,True,1,928,9991be44d44ea724df725555045dcf146af3f701e2bccaca74f2b0759fa95609,L,L_ROR,a5c899370c4643b27ba98fa981530587997796436c4a2af941b55f59d9c01fd8,928,1.0,96.71809400000001,249432,5811943,ea06852109420a6aa6837b2ef4c5d80df88b41904a4b3dbfa73a6156811ab43d,True,SUCCESS_H2S,False,ROR,1032.856939,True,553.059193
10,COORD_CC_C11_PLC_C11_M03;SC_S1_C11_M03;SC_S2_C11_M03;SC_S3_C11_M03;SC_S4_C11_M03;SF_S1_C11_M03;SF_S2_C11_M03;SF_S3_C11_M03;SF_S4_C11_M03;STAT_PLC_C11_M03,0.010775862068965518,H2S,True,192,272.671073,253198,5852910,False,0.0,7.647052,,l_SW_C11_M03_CTRL_SW_C11_M03_SENS,365.71856,False,0cd2d39b9ab3999bdbbe7304a7051ca98a51d813131ec9fa7eee74407629483d,True,1365.803168,44572672,0.7935156385579566,True,59.150031,profiles/L_ROR/l_SW_C11_M03_CTRL_SW_C11_M03_SENS.json,af584ce632737bc8ab37c9e0b26ecced6686e177534e4f9eefd4b5a3b7688ec8,True,1,928,dea9109952529d163007a2efaade79f496a1d419a04d2ae1d957fea2cd014205,L,L_ROR,895176301f00f55a2b105a8a54c505d2e6e5a16e90ca022d653cb664ea7bd219,928,1.0,93.04748700000005,252848,5852388,a3aab42ec6b3d665ef2ba661dc7c566afc7a9fcab93a5013ddd4b12f932db54c,True,SUCCESS_H2S,False,ROR,1083.786173,True,585.018473
2,COORD_CC_C11_PLC_C11_M03;STAT_PLC_C11_M03,0.0021551724137931034,H2S,True,193,273.48834300000004,242151,5634561,False,0.0,8.568467,,l_SW_C11_M03_SENS_SW_C11_M04_ACT,370.554557,False,0cd2d39b9ab3999bdbbe7304a7051ca98a51d813131ec9fa7eee74407629483d,True,1365.803168,43491328,0.768932231675714,True,51.028736,profiles/L_ROR/l_SW_C11_M03_SENS_SW_C11_M04_ACT.json,be54440ee861224a58da0b2201048a1ce349fc697d60a75feb34dc85612ce56a,True,1,928,87f9d92617dc892d03ec07c4407ad5998e42c926be1857d2d3d3cf7c7ef10a8f,L,L_ROR,9198482992374a837e73ec6330413665205fefbf22bfbc26ef6180237d82acbb,928,1.0,97.06621399999995,241887,5634170,fb011d1b0dae4b8277e00919760d4e7def5a904237de80b853ff118436c13346,True,SUCCESS_H2S,False,ROR,1050.210078,True,558.388541
6,CMD_PLC_C11_M04_A1_C11_M04;CMD_PLC_C11_M04_A2_C11_M04;CMD_PLC_C11_M04_A3_C11_M04;CMD_PLC_C11_M04_A4_C11_M04;COORD_CC_C11_PLC_C11_M03;STAT_PLC_C11_M03,0.00646551724137931,H2S,True,194,275.69669400000004,249935,5813124,False,0.0,8.397429,,l_SW_C11_M04_ACT_SW_C11_M04_CTRL,373.573986,False,0cd2d39b9ab3999bdbbe7304a7051ca98a51d813131ec9fa7eee74407629483d,True,1365.803168,44273664,0.7651108999331301,True,48.455016,profiles/L_ROR/l_SW_C11_M04_ACT_SW_C11_M04_CTRL.json,f2e97eeec4c977edced38a58af2f127fad8386f970f17f14ba5882d2eab77c9b,True,1,928,6ce3c2aca81a0a3be7ef54fc176598c11c84d783c6359f3d76b974de0f14af31,L,L_ROR,9131d59a9b37349594be1a4d6dc05adf7ca0a4af91033ba0242b60c31ac432eb,928,1.0,97.87729199999995,249624,5812617,aaccacb013b356f2ce597a615e06bd56adc45f0eb6f145341030b3810f6feb48,True,SUCCESS_H2S,False,ROR,1044.990891,True,550.433504
12,COORD_CC_C11_PLC_C11_M03;COORD_CC_C11_PLC_C11_M04;SC_S1_C11_M04;SC_S2_C11_M04;SC_S3_C11_M04;SC_S4_C11_M04;SF_S1_C11_M04;SF_S2_C11_M04;SF_S3_C11_M04;SF_S4_C11_M04;STAT_PLC_C11_M03;STAT_PLC_C11_M04,0.01293103448275862,H2S,True,195,267.521873,253639,5869390,False,0.0,7.894226,,l_SW_C11_M04_CTRL_SW_C11_M04_SENS,364.650839,False,0cd2d39b9ab3999bdbbe7304a7051ca98a51d813131ec9fa7eee74407629483d,True,1365.803168,44621824,0.7837645116664425,True,47.758847,profiles/L_ROR/l_SW_C11_M04_CTRL_SW_C11_M04_SENS.json,2e34349f39d149f88b06001eed80321ca9b0f918c045a362f1dc2b124c120133,True,1,928,32adfc1f5d9ea34431cbf289c0fd2c458d780337409b0b0e387d5f813120e396,L,L_ROR,19c9028e0c4484f1e3177d91bf3210e2b1895b80c109802c0fdcd3f908604208,928,1.0,97.12896599999999,253294,5868822,307e45cf89fc19f1b969c28277184c93ebd94320a93b07bdf035190c26fb2762,True,SUCCESS_H2S,False,ROR,1070.468053,True,588.19323
5,COORD_CC_C12_PLC_C12_M01;COORD_CC_C12_PLC_C12_M02;IC_PREV_CC_C13;STAT_PLC_C12_M01;STAT_PLC_C12_M02,0.005387931034482759,H2S,True,196,282.746836,242329,5635656,False,0.0,7.817574,,l_SW_C12_CC_SW_C12_M01_ACT,371.566976,False,0cd2d39b9ab3999bdbbe7304a7051ca98a51d813131ec9fa7eee74407629483d,True,1365.803168,43347968,0.761369920910888,True,61.880453,profiles/L_ROR/l_SW_C12_CC_SW_C12_M01_ACT.json,22fdd254a9b77a25a3da5761267956d3b2d26b2a34bbaa6666de5294df392610,True,1,928,c796ea352eb47034036a05deb3df1f4de2f49a5313a8cf8fa42099c815ebea53,L,L_ROR,62bc7689affa1769553c86e69f34d2f67d03bb14b9bc1560229ef88c9d7f9946,928,1.0,88.82014000000004,242057,5635220,be2129b266b04d13a756d5a2580f885592a62965ee3ea66ebfa5c29d7670110f,True,SUCCESS_H2S,False,ROR,1039.88145,True,537.867128
4,COORD_CC_C12_PLC_C12_M03;COORD_CC_C12_PLC_C12_M04;STAT_PLC_C12_M03;STAT_PLC_C12_M04,0.004310344827586207,H2S,True,197,266.35944900000004,242749,5649445,False,0.0,7.815749,,l_SW_C12_CC_SW_C12_M04_SENS,362.281794,False,0cd2d39b9ab3999bdbbe7304a7051ca98a51d813131ec9fa7eee74407629483d,True,1365.803168,43372544,0.7817393421070173,True,54.129597,profiles/L_ROR/l_SW_C12_CC_SW_C12_M04_SENS.json,b8a828048395e1153fafde6cc508c29acda1a45efd50a1daa40261bd589ba2a7,True,1,928,aad2f7d420d89d65e11556956f83cd147a50943ea1f7d115b77ba425954b054c,L,L_ROR,1afae8651c1e8c71c30766d73f2f386c465c89d248a247e2bcc9314c28a857e2,928,1.0,95.92234499999995,242491,5649023,35e2263d54abbe6f32c2971d9c7574be888451e5fd0c91de5926aeb57377e895,True,SUCCESS_H2S,False,ROR,1067.70207,True,584.329679
8,CMD_PLC_C12_M01_A1_C12_M01;CMD_PLC_C12_M01_A2_C12_M01;CMD_PLC_C12_M01_A3_C12_M01;CMD_PLC_C12_M01_A4_C12_M01;COORD_CC_C12_PLC_C12_M01;COORD_CC_C12_PLC_C12_M02;STAT_PLC_C12_M01;STAT_PLC_C12_M02,0.008620689655172414,H2S,True,198,271.746665,250698,5828282,False,0.0,8.100684,,l_SW_C12_M01_ACT_SW_C12_M01_CTRL,367.714948,False,0cd2d39b9ab3999bdbbe7304a7051ca98a51d813131ec9fa7eee74407629483d,True,1365.803168,44478464,0.7555184459785936,True,48.469755,profiles/L_ROR/l_SW_C12_M01_ACT_SW_C12_M01_CTRL.json,fc2b3e93d5b0b3594d3bafa51a88997b177dca83553e1c34999d9213314ddc19,True,1,928,ebf4fc28d0345cc25c1a533e75d05b6fec0a03f838a38470c342a7680c644842,L,L_ROR,4d7c91e7f186095ab50c7693afcdc938771e6abc02523feec8522130401cbe1a,928,1.0,95.96828299999999,250364,5827729,a7a3058934494de50b6bf472c61f120119171dc191f7449dad7ad0af443b988b,True,SUCCESS_H2S,False,ROR,1031.889487,True,543.22394
10,COORD_CC_C12_PLC_C12_M02;SC_S1_C12_M01;SC_S2_C12_M01;SC_S3_C12_M01;SC_S4_C12_M01;SF_S1_C12_M01;SF_S2_C12_M01;SF_S3_C12_M01;SF_S4_C12_M01;STAT_PLC_C12_M02,0.010775862068965518,H2S,True,199,274.89957799999996,253311,5853911,False,0.0,7.842119,,l_SW_C12_M01_CTRL_SW_C12_M01_SENS,370.752507,False,0cd2d39b9ab3999bdbbe7304a7051ca98a51d813131ec9fa7eee74407629483d,True,1365.803168,44408832,0.7918802118344479,True,46.607091,profiles/L_ROR/l_SW_C12_M01_CTRL_SW_C12_M01_SENS.json,f1a9a5442b5910c4d160c5047a569df36acc258cc39f018824bfe38dea70e2fe,True,1,928,0d405bcedd14e4131c743bc594a3efd8676402f3406ad5d686bc6c5811079e12,L,L_ROR,0a07e8cc9000a46430d0caf6d333a3ea3fdcefc69c1d3d691b66bd88dbe860bd,928,1.0,95.85292900000002,252976,5853389,ddcb818137b833a152e9c526ca10d379d2ab3833e5264fe1e3211b35731cd727,True,SUCCESS_H2S,False,ROR,1081.552502,True,593.718962
2,COORD_CC_C12_PLC_C12_M02;STAT_PLC_C12_M02,0.0021551724137931034,H2S,True,200,277.433079,242189,5634635,False,0.0,7.993907,,l_SW_C12_M01_SENS_SW_C12_M02_ACT,363.899238,False,0cd2d39b9ab3999bdbbe7304a7051ca98a51d813131ec9fa7eee74407629483d,True,1365.803168,43327488,0.7568221697081318,True,56.94646,profiles/L_ROR/l_SW_C12_M01_SENS_SW_C12_M02_ACT.json,768a520a4131e77e8f6acc323cc0e28897b624099e15d4b1ae27a0b8f176d042,True,1,928,0cf4479722d31d2ddbb27efa0ecf36e7437e1f11a20d491468bed675ecd14f2d,L,L_ROR,8aadf5a0a307d99d69dab723eeeb8171fc62dc8a6bc9adbf228b4610011b7b94,928,1.0,86.466159,241926,5634244,15c3273fff72c6735b394c9dd916abf5cb0e6c67d8554f9e8d0d8a8c84453655,True,SUCCESS_H2S,False,ROR,1033.670117,True,545.537814
6,CMD_PLC_C12_M02_A1_C12_M02;CMD_PLC_C12_M02_A2_C12_M02;CMD_PLC_C12_M02_A3_C12_M02;CMD_PLC_C12_M02_A4_C12_M02;COORD_CC_C12_PLC_C12_M02;STAT_PLC_C12_M02,0.00646551724137931,H2S,True,201,275.27247700000004,250065,5819407,False,0.0,8.049892,,l_SW_C12_M02_ACT_SW_C12_M02_CTRL,371.848948,False,0cd2d39b9ab3999bdbbe7304a7051ca98a51d813131ec9fa7eee74407629483d,True,1365.803168,44425216,0.7875887179081431,True,75.036044,profiles/L_ROR/l_SW_C12_M02_ACT_SW_C12_M02_CTRL.json,f5e5783303952e19d0c9325f11ebd7cf63060e9e8c605b4a558c2c1c96d805f4,True,1,928,6a1fc30405f48a777ce827dac2ea37e540925a0b7abc94151e6a7f54e02e00f3,L,L_ROR,496a4c25efaf149f665a4fcc36a359d27b2a07e325c6777cfc43095b04314bf2,928,1.0,96.57647099999997,249766,5818900,92de0c40c48e40d27fed3216d5a34fc940268729035d49e3cd2b9651a949d24d,True,SUCCESS_H2S,False,ROR,1075.691166,True,560.646363
8,SC_S1_C12_M02;SC_S2_C12_M02;SC_S3_C12_M02;SC_S4_C12_M02;SF_S1_C12_M02;SF_S2_C12_M02;SF_S3_C12_M02;SF_S4_C12_M02,0.008620689655172414,H2S,True,202,275.442018,252909,5849592,False,0.0,7.675499,,l_SW_C12_M02_CTRL_SW_C12_M02_SENS,362.292827,False,0cd2d39b9ab3999bdbbe7304a7051ca98a51d813131ec9fa7eee74407629483d,True,1365.803168,44556288,0.7478900085550249,True,44.859837,profiles/L_ROR/l_SW_C12_M02_CTRL_SW_C12_M02_SENS.json,a86871985a2445a95a6c9e4fa5bde9d282d5c68af223a2ff493a95a1fab5ed30,True,1,928,e0e1afd901ef5703f0fb3e5a1552cd5ef863eadfe2672726867ecbeb919ec61f,L,L_ROR,420647962bc345daff6934e66edc704d8b9730572f1ee5ee16159ce80b264d3d,928,1.0,86.85080899999997,252598,5849116,ad8dd5a50688948917939d4d9f1849378d842139d1aca24c6b0990ff4a6813cf,True,SUCCESS_H2S,False,ROR,1021.470543,True,543.434793
4,CMD_PLC_C12_M03_A1_C12_M03;CMD_PLC_C12_M03_A2_C12_M03;CMD_PLC_C12_M03_A3_C12_M03;CMD_PLC_C12_M03_A4_C12_M03,0.004310344827586207,H2S,True,203,272.91399,249711,5813913,False,0.0,7.730907,,l_SW_C12_M03_ACT_SW_C12_M03_CTRL,373.819159,False,0cd2d39b9ab3999bdbbe7304a7051ca98a51d813131ec9fa7eee74407629483d,True,1365.803168,44417024,0.7674792206954377,True,52.815231,profiles/L_ROR/l_SW_C12_M03_ACT_SW_C12_M03_CTRL.json,d5fa8b813e69ef0e2112eb6650b3a1fb73a49c3da0f85c9750a0d6ba14ebb42c,True,1,928,e27e8d51764f674b948acf1d84a5cefb6ada293c46cce491b22ce3cc2489d74c,L,L_ROR,e6ca9e80aba4a35668876e134fbb9e8afef19a89be9171c2b4266219e8a96d1d,928,1.0,100.905169,249421,5813452,ec11b3cb76fb2862d656f02bb90f1f286f461c70f0756fd2723a8e4e6571f8ea,True,SUCCESS_H2S,False,ROR,1048.225551,True,553.34984
10,COORD_CC_C12_PLC_C12_M03;SC_S1_C12_M03;SC_S2_C12_M03;SC_S3_C12_M03;SC_S4_C12_M03;SF_S1_C12_M03;SF_S2_C12_M03;SF_S3_C12_M03;SF_S4_C12_M03;STAT_PLC_C12_M03,0.010775862068965518,H2S,True,204,276.120376,253002,5854421,False,0.0,7.807171,,l_SW_C12_M03_CTRL_SW_C12_M03_SENS,367.096,False,0cd2d39b9ab3999bdbbe7304a7051ca98a51d813131ec9fa7eee74407629483d,True,1365.803168,44408832,0.7847440386080582,True,63.163736,profiles/L_ROR/l_SW_C12_M03_CTRL_SW_C12_M03_SENS.json,fc6427742602d60da05e46656fc877eb87ce886fdd9a9c7dcc538897f5bc4841,True,1,928,48a6f78c0943be8d8ba4a52fdb1fd71cd93b159479899953c1cb55fc9db6dbf0,L,L_ROR,a197356637444659b562fc6478be895962556487a339ce86c9c322adc0e88ae4,928,1.0,90.97562399999998,252658,5853899,975255cb8800e00cb5ab7751bd8dd6eadf7bb2e8ddd9ded9b49c3ee86990b11a,True,SUCCESS_H2S,False,ROR,1071.805894,True,569.677181
2,COORD_CC_C12_PLC_C12_M03;STAT_PLC_C12_M03,0.0021551724137931034,H2S,True,205,266.672778,242171,5634445,False,0.0,8.116041,,l_SW_C12_M03_SENS_SW_C12_M04_ACT,363.522308,False,0cd2d39b9ab3999bdbbe7304a7051ca98a51d813131ec9fa7eee74407629483d,True,1365.803168,43491328,0.7609649994603029,True,64.157267,profiles/L_ROR/l_SW_C12_M03_SENS_SW_C12_M04_ACT.json,96eae0adf69bf5580853e4b497d6f176c95679d495713ff97b58eabebe6f97a3,True,1,928,753c905a3e0938df113d28a12fa915f6bf3305c65f01abac384e21c8e06ee92e,L,L_ROR,d74684ce334b470e6d8ac338b5c67d8697074eb659a545e398d0a7db178d1045,928,1.0,96.84953000000002,241898,5634054,23de23252d9d74e844bdb3749bb4361b7d696f5ccb9c610325edbe02b3f606da,True,SUCCESS_H2S,False,ROR,1039.328407,True,540.564434
6,CMD_PLC_C12_M04_A1_C12_M04;CMD_PLC_C12_M04_A2_C12_M04;CMD_PLC_C12_M04_A3_C12_M04;CMD_PLC_C12_M04_A4_C12_M04;COORD_CC_C12_PLC_C12_M03;STAT_PLC_C12_M03,0.00646551724137931,H2S,True,206,268.625246,249951,5818304,False,0.0,7.579179,,l_SW_C12_M04_ACT_SW_C12_M04_CTRL,357.141609,False,0cd2d39b9ab3999bdbbe7304a7051ca98a51d813131ec9fa7eee74407629483d,True,1365.803168,44433408,0.7653904380166148,True,45.106148,profiles/L_ROR/l_SW_C12_M04_ACT_SW_C12_M04_CTRL.json,63049904d9b2e1279fb1cce8616acdefc0c71daebcfac76b33f0a21f30a8e96e,True,1,928,30ce975cf842f682cf38e19a4d0a70281c96829483923827a2d3dbc04b54c227,L,L_ROR,db06547a2cf00b6f3eec02ad9de1cc2bad18927d557a0f14031142516cc11e61,928,1.0,88.51636300000001,249644,5817797,2eb515f8cf90135227321900d323e5f909b5f331bc27c6827c3dd0598b90a0b6,True,SUCCESS_H2S,False,ROR,1045.372685,True,570.215196
12,COORD_CC_C12_PLC_C12_M03;COORD_CC_C12_PLC_C12_M04;SC_S1_C12_M04;SC_S2_C12_M04;SC_S3_C12_M04;SC_S4_C12_M04;SF_S1_C12_M04;SF_S2_C12_M04;SF_S3_C12_M04;SF_S4_C12_M04;STAT_PLC_C12_M03;STAT_PLC_C12_M04,0.01293103448275862,H2S,True,207,269.49296499999997,253705,5869399,False,0.0,8.226006,,l_SW_C12_M04_CTRL_SW_C12_M04_SENS,370.703711,False,0cd2d39b9ab3999bdbbe7304a7051ca98a51d813131ec9fa7eee74407629483d,True,1365.803168,44617728,0.7795349783520198,True,48.228175,profiles/L_ROR/l_SW_C12_M04_CTRL_SW_C12_M04_SENS.json,3f1c839dea3697ddc841fe4a8862788d890358a898854cd73309786c461e749a,True,1,928,6f6eb280a5592bb9c97adfde7d1a984e2ea4a9e150a91940afcdebffd13c9043,L,L_ROR,49fed133d24a67e0c4c1c3ba40973ddeda48351648f423fae85474d335466a0b,928,1.0,101.21074600000003,253359,5868831,e47dedfe7cd903b1e2d3dd0d55d2342d8517238c07e1b7f9d52be6e6d2fd2a63,True,SUCCESS_H2S,False,ROR,1064.691343,True,576.397728
5,COORD_CC_C13_PLC_C13_M01;COORD_CC_C13_PLC_C13_M02;IC_PREV_CC_C14;STAT_PLC_C13_M01;STAT_PLC_C13_M02,0.005387931034482759,H2S,True,208,280.415549,242347,5635650,False,0.0,7.561,,l_SW_C13_CC_SW_C13_M01_ACT,370.803331,False,0cd2d39b9ab3999bdbbe7304a7051ca98a51d813131ec9fa7eee74407629483d,True,1365.803168,43511808,0.7644846025133837,True,49.892779,profiles/L_ROR/l_SW_C13_CC_SW_C13_M01_ACT.json,3fba9c1aa0610d07451913ac3a99d7321c7e9eba860b6280effa2393de0ae6a2,True,1,928,87cb4a608388c3118343af1c53bc119152f3c7f17ed704077536ad1b2d963637,L,L_ROR,1d99a0a4e24681c2eb838779d96e249237a0e11f51aeeddb3fce30c8c58041c3,928,1.0,90.38778200000002,242063,5635214,24eba80d78103b26dcaddb4b2c1c69acafd4e3f939d3c5cb83a6231d86faf638,True,SUCCESS_H2S,False,ROR,1044.135492,True,552.938962
4,COORD_CC_C13_PLC_C13_M03;COORD_CC_C13_PLC_C13_M04;STAT_PLC_C13_M03;STAT_PLC_C13_M04,0.004310344827586207,H2S,True,209,265.37474100000003,242715,5649267,False,0.0,24.274141,,l_SW_C13_CC_SW_C13_M04_SENS,362.488137,False,0cd2d39b9ab3999bdbbe7304a7051ca98a51d813131ec9fa7eee74407629483d,True,1365.803168,43544576,0.7558065226277173,True,46.515848,profiles/L_ROR/l_SW_C13_CC_SW_C13_M04_SENS.json,25133d06de3945eb0ef218d6c31988719ff516c200702244a8b96a07a79bf11c,True,1,928,46661136444f390639aa40d0eb275a01ab8bb33e241b85204ac71523de4275c2,L,L_ROR,25dcf2064149fb0008e2e256d4a6be0241797c2c4da4b273f03fc971d5bbe258,928,1.0,97.11339599999997,242471,5648845,1b98a6648b2b2b8ccd64d37828738a68820789e8530a864c0a3d6c3952941c73,True,SUCCESS_H2S,False,ROR,1032.282943,True,540.359304
8,CMD_PLC_C13_M01_A1_C13_M01;CMD_PLC_C13_M01_A2_C13_M01;CMD_PLC_C13_M01_A3_C13_M01;CMD_PLC_C13_M01_A4_C13_M01;COORD_CC_C13_PLC_C13_M01;COORD_CC_C13_PLC_C13_M02;STAT_PLC_C13_M01;STAT_PLC_C13_M02,0.008620689655172414,H2S,True,210,271.173494,250705,5833994,False,0.0,7.888674,,l_SW_C13_M01_ACT_SW_C13_M01_CTRL,358.83365,False,0cd2d39b9ab3999bdbbe7304a7051ca98a51d813131ec9fa7eee74407629483d,True,1365.803168,44478464,0.760515280192995,True,44.892254,profiles/L_ROR/l_SW_C13_M01_ACT_SW_C13_M01_CTRL.json,e9fbf504df92188acafc30e1fedbfa7584657f3266fdd7746af4cec64ecc121d,True,1,928,6543f84aad07709f8a1e69d1b1d731806dfc56b66b4a9871bbe232ac66b2106d,L,L_ROR,fa1ca1c28b9fcca210fbb3221e2b3915ee893dc80362395995569439fe541dae,928,1.0,87.66015599999997,250366,5833441,10bba68a64fca6532f42f568a124b8d15c00a87025ab025e456891bd3def911a,True,SUCCESS_H2S,False,ROR,1038.714179,True,563.668074
10,COORD_CC_C13_PLC_C13_M02;SC_S1_C13_M01;SC_S2_C13_M01;SC_S3_C13_M01;SC_S4_C13_M01;SF_S1_C13_M01;SF_S2_C13_M01;SF_S3_C13_M01;SF_S4_C13_M01;STAT_PLC_C13_M02,0.010775862068965518,H2S,True,211,273.617474,253425,5853351,False,0.0,13.307052,,l_SW_C13_M01_CTRL_SW_C13_M01_SENS,371.110096,False,0cd2d39b9ab3999bdbbe7304a7051ca98a51d813131ec9fa7eee74407629483d,True,1365.803168,44568576,0.7986919459246709,True,74.543287,profiles/L_ROR/l_SW_C13_M01_CTRL_SW_C13_M01_SENS.json,fecd52402966097d2e5ba6ad1b3c987af2cbebe74c8c18739bfbea8bc6e0cca3,True,1,928,33c84d48668f69c3a7411313d9d7d9cb15945c8fc71f74e8db83080e140389af,L,L_ROR,bbea63612147aad64cd2d3f37648395fbc947425d34ba6984e4477fe93c08142,928,1.0,97.49262199999998,253081,5852829,ec01f1ef26742bdc4fc6f9c4b0f8d91e58ede47006e9a6f544796faeb384e4a4,True,SUCCESS_H2S,False,ROR,1090.85599,True,568.318268
2,COORD_CC_C13_PLC_C13_M02;STAT_PLC_C13_M02,0.0021551724137931034,H2S,True,212,272.483311,242217,5634625,False,0.0,7.854529,,l_SW_C13_M01_SENS_SW_C13_M02_ACT,358.526155,False,0cd2d39b9ab3999bdbbe7304a7051ca98a51d813131ec9fa7eee74407629483d,True,1365.803168,43491328,0.7491279438883247,True,44.746893,profiles/L_ROR/l_SW_C13_M01_SENS_SW_C13_M02_ACT.json,337903d3ed192079d57c0d8d909c99eaf87502446f762cbf6e790794e3ba65fd,True,1,928,69f8ebae46dfbb598d2acc15afe7b42814b2f1ec28a0ac9346f07cacc790f72f,L,L_ROR,7dace2a07a46c89e5745a91eb08671ed49374bdffa56b1b4aeaac02ff06ae052,928,1.0,86.042844,241947,5634234,4fa2e5b53611f31280f7ffdb8dcf99c4e19c4acfcfa11770021f7145ddd5d33d,True,SUCCESS_H2S,False,ROR,1023.161319,True,553.552196
6,CMD_PLC_C13_M02_A1_C13_M02;CMD_PLC_C13_M02_A2_C13_M02;CMD_PLC_C13_M02_A3_C13_M02;CMD_PLC_C13_M02_A4_C13_M02;COORD_CC_C13_PLC_C13_M02;STAT_PLC_C13_M02,0.00646551724137931,H2S,True,213,281.40119000000004,249979,5813286,False,0.0,7.869388,,l_SW_C13_M02_ACT_SW_C13_M02_CTRL,381.939779,False,0cd2d39b9ab3999bdbbe7304a7051ca98a51d813131ec9fa7eee74407629483d,True,1365.803168,44429312,0.7652226810474055,True,50.705376,profiles/L_ROR/l_SW_C13_M02_ACT_SW_C13_M02_CTRL.json,de9a371391e2a16481069e8110b0936069b36ba747db02fb9d41903f00459415,True,1,928,1d667d69b528693949888d5c66dd3103ee8f49e7a0150cbd7782e6351a7d7bc2,L,L_ROR,c9672525cbd42d60eb46c19755fae0eaf640ec6ccaea16aaf51f22d29c4d60f3,928,1.0,100.53858899999994,249671,5812779,138eacef191affb43265b7c39d196975a9acff92be32b5bdfd8ff88280bc5e18,True,SUCCESS_H2S,False,ROR,1045.143562,True,542.124729
8,SC_S1_C13_M02;SC_S2_C13_M02;SC_S3_C13_M02;SC_S4_C13_M02;SF_S1_C13_M02;SF_S2_C13_M02;SF_S3_C13_M02;SF_S4_C13_M02,0.008620689655172414,H2S,True,214,274.173655,252719,5849823,False,0.0,7.822803,,l_SW_C13_M02_CTRL_SW_C13_M02_SENS,365.273747,False,0cd2d39b9ab3999bdbbe7304a7051ca98a51d813131ec9fa7eee74407629483d,True,1365.803168,44388352,0.7688544876768071,True,56.047259,profiles/L_ROR/l_SW_C13_M02_CTRL_SW_C13_M02_SENS.json,454cf285a8df321a61467bc036382f38d95830b9c4d5cebfa186a0c1e0cede6b,True,1,928,8ce6d99934fb7e6564c36e8c9ffcf8c68985c866d97d96f2a9b59ef760ca2053,L,L_ROR,ee97164294c1a113dc8db7bae535fd011b117ea1dba04205a26a02a33c655182,928,1.0,91.10009200000002,252395,5849347,a0f5c18246faebbcddac250654a35803ebead09f765d74f738540cb1ba0c13cd,True,SUCCESS_H2S,False,ROR,1050.103895,True,558.32139
4,CMD_PLC_C13_M03_A1_C13_M03;CMD_PLC_C13_M03_A2_C13_M03;CMD_PLC_C13_M03_A3_C13_M03;CMD_PLC_C13_M03_A4_C13_M03,0.004310344827586207,H2S,True,215,272.095787,249662,5808125,False,0.0,8.01272,,l_SW_C13_M03_ACT_SW_C13_M03_CTRL,372.707852,False,0cd2d39b9ab3999bdbbe7304a7051ca98a51d813131ec9fa7eee74407629483d,True,1365.803168,44421120,0.7658372051747943,True,67.228553,profiles/L_ROR/l_SW_C13_M03_ACT_SW_C13_M03_CTRL.json,8111355fd1ce2753d3a0779b304ac7bc47b6acb46661282dd71a5b0943084a1c,True,1,928,a6caddbb1ba4101398f62a6e66cb19b6a036d3f5ef98f4fc7549837d080bf320,L,L_ROR,e340b652afdd44da052e7920b79e3dc0c55e086318f2fa0e7dc3a5cb47e23c2a,928,1.0,100.61206500000003,249373,5807664,a96352819fc262b957cad25d806d5823bb488ef2bb0643f57b5f94d234cc271c,True,SUCCESS_H2S,False,ROR,1045.982881,True,535.916777
10,COORD_CC_C13_PLC_C13_M03;SC_S1_C13_M03;SC_S2_C13_M03;SC_S3_C13_M03;SC_S4_C13_M03;SF_S1_C13_M03;SF_S2_C13_M03;SF_S3_C13_M03;SF_S4_C13_M03;STAT_PLC_C13_M03,0.010775862068965518,H2S,True,216,270.332414,252907,5854120,False,0.0,8.178708,,l_SW_C13_M03_CTRL_SW_C13_M03_SENS,357.898839,False,0cd2d39b9ab3999bdbbe7304a7051ca98a51d813131ec9fa7eee74407629483d,True,1365.803168,44568576,0.7701240088205742,True,45.584655,profiles/L_ROR/l_SW_C13_M03_CTRL_SW_C13_M03_SENS.json,2b66dcb07a2d106ddfdd9006ea034357310bdec9fdf251de3823f33a491c2c72,True,1,928,bedd51f711bcebb89316b3f95b969d6f120c056f285db165d6127aaad0d97f35,L,L_ROR,97c56ed1c42010192c17d97baa6dd40aa33389527f827f3241a9efcf245e15e0,928,1.0,87.56642499999998,252565,5853598,ca7ce1b1e404d29fea2b95c934697cabbdbe75ec61b650a349224547c3dea736,True,SUCCESS_H2S,False,ROR,1051.837811,True,577.42594
2,COORD_CC_C13_PLC_C13_M03;STAT_PLC_C13_M03,0.0021551724137931034,H2S,True,217,269.12511500000005,242163,5634503,False,0.0,7.712609,,l_SW_C13_M03_SENS_SW_C13_M04_ACT,366.018277,False,0cd2d39b9ab3999bdbbe7304a7051ca98a51d813131ec9fa7eee74407629483d,True,1365.803168,43327488,0.7328143948191517,True,53.41084,profiles/L_ROR/l_SW_C13_M03_SENS_SW_C13_M04_ACT.json,57da09bf64e0340922a019ac7f7261d6267b13c128fdae76ea5c0947d4ffa954,True,1,928,2b3b068dca0c349d30048d93f5f5ad103682c74660fb9927372fde34f93ddfad,L,L_ROR,75fbbc463d0fb35db834137b58a65c261cdc1ad6ef1d80ba57119247b75fd4ad,928,1.0,96.89316199999996,241892,5634112,c2ed947aa78520a3043debdc67d9abfa04a5c9718a552d37a41f88adf8feabbb,True,SUCCESS_H2S,False,ROR,1000.880222,True,516.377403
6,CMD_PLC_C13_M04_A1_C13_M04;CMD_PLC_C13_M04_A2_C13_M04;CMD_PLC_C13_M04_A3_C13_M04;CMD_PLC_C13_M04_A4_C13_M04;COORD_CC_C13_PLC_C13_M03;STAT_PLC_C13_M03,0.00646551724137931,H2S,True,218,269.884654,249917,5818304,False,0.0,7.917962,,l_SW_C13_M04_ACT_SW_C13_M04_CTRL,360.325818,False,0cd2d39b9ab3999bdbbe7304a7051ca98a51d813131ec9fa7eee74407629483d,True,1365.803168,44429312,0.7862512294304476,True,70.475271,profiles/L_ROR/l_SW_C13_M04_ACT_SW_C13_M04_CTRL.json,01d0894c24d90caafc599eb8b3c4b9ed0c7d2bbaeff321acde45e60ccd0eafa9,True,1,928,27058eb596a05d1862956ae7b1ddf63a6e473c237de9e5cb2c9eb3b9e6a125f8,L,L_ROR,5f8f3d9f4dd68580b595fced8902b87941d999850066df0ad3ebbcf4491c921d,928,1.0,90.44116400000001,249595,5817797,fdebb98e19048eaaa186f9fc87a244a6bc9c082ffaa505d635df790a7b8c0449,True,SUCCESS_H2S,False,ROR,1073.86442,True,565.042799
12,COORD_CC_C13_PLC_C13_M03;COORD_CC_C13_PLC_C13_M04;SC_S1_C13_M04;SC_S2_C13_M04;SC_S3_C13_M04;SC_S4_C13_M04;SF_S1_C13_M04;SF_S2_C13_M04;SF_S3_C13_M04;SF_S4_C13_M04;STAT_PLC_C13_M03;STAT_PLC_C13_M04,0.01293103448275862,H2S,True,219,282.489534,253564,5869117,False,0.0,7.912986,,l_SW_C13_M04_CTRL_SW_C13_M04_SENS,385.343435,False,0cd2d39b9ab3999bdbbe7304a7051ca98a51d813131ec9fa7eee74407629483d,True,1365.803168,44453888,0.7847898285150265,True,49.716297,profiles/L_ROR/l_SW_C13_M04_CTRL_SW_C13_M04_SENS.json,9118665bea0f1f420c453b45651edfc1e8708630cbc0e9126ed14740e9e22eab,True,1,928,8239b892da082bd22a75a2759fb3e6763873a45b0efcb63abfe6d783b30e67e5,L,L_ROR,21ba86b778f9651ca28a9e77aac21685c911704f706703fbda52a6d58d723579,928,1.0,102.85390100000001,253225,5868549,a73f772267035f55de69925df46b0a9ac09f610605e43088bd26532199615271,True,SUCCESS_H2S,False,ROR,1071.868434,True,566.811734
5,COORD_CC_C14_PLC_C14_M01;COORD_CC_C14_PLC_C14_M02;IC_PREV_CC_C15;STAT_PLC_C14_M01;STAT_PLC_C14_M02,0.005387931034482759,H2S,True,220,291.195916,242321,5635688,False,0.0,8.230561,,l_SW_C14_CC_SW_C14_M01_ACT,381.538903,False,0cd2d39b9ab3999bdbbe7304a7051ca98a51d813131ec9fa7eee74407629483d,True,1365.803168,43347968,0.7761276733251801,True,46.826081,profiles/L_ROR/l_SW_C14_CC_SW_C14_M01_ACT.json,942bb2e01ff81296bbe3b1284b766c431ca74203a0e9c61bc8704e3733b4b936,True,1,928,5a1732d84397263db8746e8cd3e1a25d64371938c290115be5f8868e6946c022,L,L_ROR,f48ed4d27f0b4a570d9206392db5b4afd21b08169182a3f20667841316d127a7,928,1.0,90.342987,242045,5635252,dbd81fd4be671e77c246be1d58f93856b2927df54a2ba6f19c06d04502460ebf,True,SUCCESS_H2S,False,ROR,1060.037635,True,564.525323
4,COORD_CC_C14_PLC_C14_M03;COORD_CC_C14_PLC_C14_M04;STAT_PLC_C14_M03;STAT_PLC_C14_M04,0.004310344827586207,H2S,True,221,264.48204499999997,242747,5649335,False,0.0,7.93054,,l_SW_C14_CC_SW_C14_M04_SENS,362.960085,False,0cd2d39b9ab3999bdbbe7304a7051ca98a51d813131ec9fa7eee74407629483d,True,1365.803168,43536384,0.7653221258306526,True,49.734896,profiles/L_ROR/l_SW_C14_CC_SW_C14_M04_SENS.json,9109d6f5591ca8c387c9ecf38efe6514946de0b1e043c218fd5b045a5ddc5aec,True,1,928,84d2d7918476a3763a1c73a678d44a135a3b122fbcd43f2681236554c3b36232,L,L_ROR,eca7a0e3bc0b86265e1a467fd7a4a441543581f25d38324e311b4a4156adf23f,928,1.0,98.47804000000002,242496,5648913,a8b8587c6cffe23bf91e81f35f119560817e4a6d94454f92ec14bdec6a83509f,True,SUCCESS_H2S,False,ROR,1045.279384,True,565.680691
8,CMD_PLC_C14_M01_A1_C14_M01;CMD_PLC_C14_M01_A2_C14_M01;CMD_PLC_C14_M01_A3_C14_M01;CMD_PLC_C14_M01_A4_C14_M01;COORD_CC_C14_PLC_C14_M01;COORD_CC_C14_PLC_C14_M02;STAT_PLC_C14_M01;STAT_PLC_C14_M02,0.008620689655172414,H2S,True,222,269.932926,250767,5833801,False,0.0,8.122623,,l_SW_C14_M01_ACT_SW_C14_M01_CTRL,359.381633,False,0cd2d39b9ab3999bdbbe7304a7051ca98a51d813131ec9fa7eee74407629483d,True,1365.803168,44314624,0.7639498072975622,True,67.148202,profiles/L_ROR/l_SW_C14_M01_ACT_SW_C14_M01_CTRL.json,55a94e169cd89ffcd1e0762e17708233fb8f5d35a8241d568a76b74da3b915d5,True,1,928,e523423bf97b18c3694374ad99d5f873573673b0fd6e2ee5537b505d91f1459d,L,L_ROR,7829a130a01e002ea2806f3d4113fa31596a229c3822bdf1f7d9c0dda003c0b3,928,1.0,89.44870700000001,250430,5833248,39f62f62c94ca8e2fe11d2d0e126bcfa21242d1a52ad15152f8e9034c7e59a1e,True,SUCCESS_H2S,False,ROR,1043.405067,True,542.302599
10,COORD_CC_C14_PLC_C14_M02;SC_S1_C14_M01;SC_S2_C14_M01;SC_S3_C14_M01;SC_S4_C14_M01;SF_S1_C14_M01;SF_S2_C14_M01;SF_S3_C14_M01;SF_S4_C14_M01;STAT_PLC_C14_M02,0.010775862068965518,H2S,True,223,285.900545,253092,5854861,False,0.0,8.546666,,l_SW_C14_M01_CTRL_SW_C14_M01_SENS,389.489563,False,0cd2d39b9ab3999bdbbe7304a7051ca98a51d813131ec9fa7eee74407629483d,True,1365.803168,44568576,0.7894475970347142,True,49.76047,profiles/L_ROR/l_SW_C14_M01_CTRL_SW_C14_M01_SENS.json,72f0a55fbd14cadd62532cf8f86a1aa3bb8a6ca320ed98803568f18dce80f691,True,1,928,4b404215812a7ca942788ec06347fb8610278537ad27f0f7bb9caef057d58cad,L,L_ROR,3ace53f1106deb84f1fd22d7d9d6c963244e5bbffc1a13d08b1f2cc2fb1e66bf,928,1.0,103.58901799999995,252744,5854339,038fcaa59fc96a1837c446b4882dddf1418aad829eb83b1df319207ded7ebab8,True,SUCCESS_H2S,False,ROR,1078.230029,True,569.059686
2,COORD_CC_C14_PLC_C14_M02;STAT_PLC_C14_M02,0.0021551724137931034,H2S,True,224,271.18612399999995,242184,5634591,False,0.0,7.878858,,l_SW_C14_M01_SENS_SW_C14_M02_ACT,357.939303,False,0cd2d39b9ab3999bdbbe7304a7051ca98a51d813131ec9fa7eee74407629483d,True,1365.803168,43331584,0.7402848643853782,True,57.654381,profiles/L_ROR/l_SW_C14_M01_SENS_SW_C14_M02_ACT.json,8bf684e8f5f5622b07e29a1540af5fe07aba7660dccb7464e9f4e393c39ebecd,True,1,928,0d03c02a3f0999957b2ae6fede1c3bfc3373fb0fdebd0d4cf1ad993acfefb974,L,L_ROR,fd312c3b4829adb9f4091e3031e16f80159c55b308de48b406cfee3b50850175,928,1.0,86.75317900000005,241913,5634200,eacc951aaa2dde3cac01dcc4a55d96b4ae9c5ae3beed17a7c2b48586a22e3f33,True,SUCCESS_H2S,False,ROR,1011.083413,True,529.197668
6,CMD_PLC_C14_M02_A1_C14_M02;CMD_PLC_C14_M02_A2_C14_M02;CMD_PLC_C14_M02_A3_C14_M02;CMD_PLC_C14_M02_A4_C14_M02;COORD_CC_C14_PLC_C14_M02;STAT_PLC_C14_M02,0.00646551724137931,H2S,True,225,271.34659500000004,250016,5819124,False,0.0,7.636885,,l_SW_C14_M02_ACT_SW_C14_M02_CTRL,369.037746,False,0cd2d39b9ab3999bdbbe7304a7051ca98a51d813131ec9fa7eee74407629483d,True,1365.803168,44429312,0.7736810440609551,True,68.200017,profiles/L_ROR/l_SW_C14_M02_ACT_SW_C14_M02_CTRL.json,a6618bced6ade8391b44e320127b049ac7ca6a7955a6c1206a94a9b150f98d9c,True,1,928,800fab0f106dfb4d1df908320a1db311e60e04fba301475f19176ea7c5349094,L,L_ROR,e05ddfe17bfc01adbcb9150b61bd6bf69313250401f627b32973f4945bfd2498,928,1.0,97.69115099999999,249698,5818617,88200c32d882622deb31927156f204a760f213c0344f1cc193c07075d31398ce,True,SUCCESS_H2S,False,ROR,1056.696021,True,543.269516
8,SC_S1_C14_M02;SC_S2_C14_M02;SC_S3_C14_M02;SC_S4_C14_M02;SF_S1_C14_M02;SF_S2_C14_M02;SF_S3_C14_M02;SF_S4_C14_M02,0.008620689655172414,H2S,True,226,274.130802,252926,5849841,False,0.0,8.233634,,l_SW_C14_M02_CTRL_SW_C14_M02_SENS,363.101565,False,0cd2d39b9ab3999bdbbe7304a7051ca98a51d813131ec9fa7eee74407629483d,True,1365.803168,44556288,0.7497717621343224,True,47.582549,profiles/L_ROR/l_SW_C14_M02_CTRL_SW_C14_M02_SENS.json,e21314d160f3aa51eaaf6b9cfffee02d7ddc5e07735d5a501e30e289b99f4c2e,True,1,928,144c94d9125b5da936dd4026523d8fa3e520bb3db2beb4c4f7d2e3c934fa5e43,L,L_ROR,8e068584f8b82f6aa75f240920b0cdaf7e07305287e322afe9f0abd291c13203,928,1.0,88.97076299999998,252599,5849365,f31d0ac0ee9513d86b2e5afe332f10403d7aead2c85843dcbcc5d5f7ef3ce482,True,SUCCESS_H2S,False,ROR,1024.040648,True,541.308126
4,CMD_PLC_C14_M03_A1_C14_M03;CMD_PLC_C14_M03_A2_C14_M03;CMD_PLC_C14_M03_A3_C14_M03;CMD_PLC_C14_M03_A4_C14_M03,0.004310344827586207,H2S,True,227,272.41164699999996,249731,5808156,False,0.0,7.658673,,l_SW_C14_M03_ACT_SW_C14_M03_CTRL,372.150432,False,0cd2d39b9ab3999bdbbe7304a7051ca98a51d813131ec9fa7eee74407629483d,True,1365.803168,44408832,0.7510653013802352,True,43.752177,profiles/L_ROR/l_SW_C14_M03_ACT_SW_C14_M03_CTRL.json,535d4e6033161d44e966e82e939ae3a201c4f5bf9b59fa88bf355cb508416463,True,1,928,9333e8d5a9aaca156222f9818fbf964c781b736a2899555a2f837dc21890956b,L,L_ROR,dd28fde4e8c6cf3ac052f2115e2cbf19c531a81e55a9ebb8fdd84c4cf41a2899,928,1.0,99.73878500000006,249436,5807695,108ef17753365ebfaae3ed5ffad1981ecb1b0ca278ca3d41d037312979a3652f,True,SUCCESS_H2S,False,ROR,1025.807368,True,538.872942
10,COORD_CC_C14_PLC_C14_M03;SC_S1_C14_M03;SC_S2_C14_M03;SC_S3_C14_M03;SC_S4_C14_M03;SF_S1_C14_M03;SF_S2_C14_M03;SF_S3_C14_M03;SF_S4_C14_M03;STAT_PLC_C14_M03,0.010775862068965518,H2S,True,228,272.202087,253019,5849012,False,0.0,7.742664,,l_SW_C14_M03_CTRL_SW_C14_M03_SENS,364.189728,False,0cd2d39b9ab3999bdbbe7304a7051ca98a51d813131ec9fa7eee74407629483d,True,1365.803168,44568576,0.7720870083675191,True,68.243972,profiles/L_ROR/l_SW_C14_M03_CTRL_SW_C14_M03_SENS.json,0329d9bdad4b1376ce806a20849ea97bf78a8f630a5eb1c2b1c73e159ad9b6b0,True,1,928,9b462d36ca5e0a8672107f971bb8f56bb1bdc342f43e37da83ba9946e3aaef9e,L,L_ROR,0cabdc2f56b45c2bc360983879244daeedd3c749da44816f3970478a30575348,928,1.0,91.987641,252675,5848490,df07d09b7528294f7a4346fc2015b0db863d0a8c21f77e055f7b8828d07bf9bc,True,SUCCESS_H2S,False,ROR,1054.518882,True,542.255214
2,COORD_CC_C14_PLC_C14_M03;STAT_PLC_C14_M03,0.0021551724137931034,H2S,True,229,267.970605,242175,5634451,False,0.0,7.884463,,l_SW_C14_M03_SENS_SW_C14_M04_ACT,363.007804,False,0cd2d39b9ab3999bdbbe7304a7051ca98a51d813131ec9fa7eee74407629483d,True,1365.803168,43327488,0.7453909910684876,True,43.827961,profiles/L_ROR/l_SW_C14_M03_SENS_SW_C14_M04_ACT.json,2fbf47dbf2eadc6ea3ab1ab349f65ae353547ae662ec8429a38bf70957837829,True,1,928,c7cc9a1e4c3f660ec12b8595b65d5e8947cab2c01a902e9991ccaa318e259612,L,L_ROR,523478244190eb95bb236f9c1e4e3ec98579fdff760f5b28781b849071142381,928,1.0,95.03719900000004,241912,5634060,1304fb5527564802ff3c2b1dfea66d50dbceb2be9e49190d8f2170eba0535906,True,SUCCESS_H2S,False,ROR,1018.057377,True,545.302931
6,CMD_PLC_C14_M04_A1_C14_M04;CMD_PLC_C14_M04_A2_C14_M04;CMD_PLC_C14_M04_A3_C14_M04;CMD_PLC_C14_M04_A4_C14_M04;COORD_CC_C14_PLC_C14_M03;STAT_PLC_C14_M03,0.00646551724137931,H2S,True,230,277.241037,249896,5817972,False,0.0,8.270845,,l_SW_C14_M04_ACT_SW_C14_M04_CTRL,367.631989,False,0cd2d39b9ab3999bdbbe7304a7051ca98a51d813131ec9fa7eee74407629483d,True,1365.803168,44429312,0.7577760099323477,True,49.492855,profiles/L_ROR/l_SW_C14_M04_ACT_SW_C14_M04_CTRL.json,88f747557bd221e6a4848cf964ef51db854bda6467ca8890d113d8da07f8cd98,True,1,928,e4bc1f4ef43f10631fb64e58ec48e566b33b30db7069336098f133442a0eb070,L,L_ROR,bdfa1dba22d1ee18406459e7a517dc864538301a328cd68ea20e205735fc1a1a,928,1.0,90.39095199999997,249591,5817465,9c33593fb546013979384a79b42d9386aa0a40ac842d833761344541a8318c65,True,SUCCESS_H2S,False,ROR,1034.972875,True,546.520691
12,COORD_CC_C14_PLC_C14_M03;COORD_CC_C14_PLC_C14_M04;SC_S1_C14_M04;SC_S2_C14_M04;SC_S3_C14_M04;SC_S4_C14_M04;SF_S1_C14_M04;SF_S2_C14_M04;SF_S3_C14_M04;SF_S4_C14_M04;STAT_PLC_C14_M03;STAT_PLC_C14_M04,0.01293103448275862,H2S,True,231,270.750412,253705,5869530,False,0.0,7.77785,,l_SW_C14_M04_CTRL_SW_C14_M04_SENS,367.459231,False,0cd2d39b9ab3999bdbbe7304a7051ca98a51d813131ec9fa7eee74407629483d,True,1365.803168,44621824,0.75850422979836,True,57.245375,profiles/L_ROR/l_SW_C14_M04_CTRL_SW_C14_M04_SENS.json,e48f754336455c14351287b1b1ff1a4a6196d383787e1a916acfe2c20ebca216,True,1,928,ea688ba40e56c97729fd8ce72cfdbb6cce7ba91078e3e29513c375bf2f30fcdd,L,L_ROR,421dad78f87f605f3476609b1419ddf38e70b96b8cd3487eaf35823ffa25ee64,928,1.0,96.708819,253359,5868962,602a78af7d645b92eeb7323bac212d3d66b89e2a6adf2c2c9f92964528e8a3d9,True,SUCCESS_H2S,False,ROR,1035.96748,True,541.088729
5,COORD_CC_C15_PLC_C15_M01;COORD_CC_C15_PLC_C15_M02;IC_PREV_CC_C16;STAT_PLC_C15_M01;STAT_PLC_C15_M02,0.005387931034482759,H2S,True,232,283.44667000000004,242326,5635688,False,0.0,7.907245,,l_SW_C15_CC_SW_C15_M01_ACT,372.65162,False,0cd2d39b9ab3999bdbbe7304a7051ca98a51d813131ec9fa7eee74407629483d,True,1365.803168,43511808,0.7823655018788185,True,65.376008,profiles/L_ROR/l_SW_C15_CC_SW_C15_M01_ACT.json,42e926126497557cf54f40dd9afecebc4ec0769767de7c2ea1eba454c5f81d64,True,1,928,eb29f073bf1ffa843272de457394a53558a6e2252643ba7d1db4c57a29715425,L,L_ROR,9946efe754f29087183d206056f61ec2e5b8fbfb59d35deb921008d085ff60b1,928,1.0,89.20494999999994,242052,5635252,bbc3b5e7d47a4beb4a0fe28e85c912d1a4ad796c4e535b7a7ece5e3b432000f0,True,SUCCESS_H2S,False,ROR,1068.557281,True,557.871855
4,COORD_CC_C15_PLC_C15_M03;COORD_CC_C15_PLC_C15_M04;STAT_PLC_C15_M03;STAT_PLC_C15_M04,0.004310344827586207,H2S,True,233,265.586799,242720,5649367,False,0.0,7.74353,,l_SW_C15_CC_SW_C15_M04_SENS,364.201617,False,0cd2d39b9ab3999bdbbe7304a7051ca98a51d813131ec9fa7eee74407629483d,True,1365.803168,43536384,0.7495522444124247,True,45.180459,profiles/L_ROR/l_SW_C15_CC_SW_C15_M04_SENS.json,36a987dbc0a707f71dba1030d35a108e248aff10df56a71a03e2bc2be607fdc6,True,1,928,8c4772744749de504c2fdfb1f3cce8f3a2909867bf3dc881610fd74efa925774,L,L_ROR,37c2fc8c18f221234ec65108f64cf087c617a03f855c87b0aad2578def51d715,928,1.0,98.61481800000001,242477,5648945,77c1fe75f71a2c3188925a8921f8abb2e4c1091a00a57d0c760c932155da6049,True,SUCCESS_H2S,False,ROR,1023.74083,True,547.016155
8,CMD_PLC_C15_M01_A1_C15_M01;CMD_PLC_C15_M01_A2_C15_M01;CMD_PLC_C15_M01_A3_C15_M01;CMD_PLC_C15_M01_A4_C15_M01;COORD_CC_C15_PLC_C15_M01;COORD_CC_C15_PLC_C15_M02;STAT_PLC_C15_M01;STAT_PLC_C15_M02,0.008620689655172414,H2S,True,234,272.388982,250710,5833083,False,0.0,7.892145,,l_SW_C15_M01_ACT_SW_C15_M01_CTRL,361.977747,False,0cd2d39b9ab3999bdbbe7304a7051ca98a51d813131ec9fa7eee74407629483d,True,1365.803168,44318720,0.7664304107105425,True,49.396409,profiles/L_ROR/l_SW_C15_M01_ACT_SW_C15_M01_CTRL.json,246cf6c580723bbc71d4cdcfc3bbd484fdfb2471aa10a6429f936869ff735ac4,True,1,928,802c9b785320d087e814c01ae9f7fa6d390f43662243423e5596022ea3adcb92,L,L_ROR,45652f9a0ac0d6b575a993b5f83ccd946419c158cb53cb37081cce04526e0eb7,928,1.0,89.58876500000002,250394,5832530,e7fe7e0f20faa0cb333dc5391fda05809714b0faae7ff715dd10eb1c80a3bc8e,True,SUCCESS_H2S,False,ROR,1046.793083,True,562.550856
10,COORD_CC_C15_PLC_C15_M02;SC_S1_C15_M01;SC_S2_C15_M01;SC_S3_C15_M01;SC_S4_C15_M01;SF_S1_C15_M01;SF_S2_C15_M01;SF_S3_C15_M01;SF_S4_C15_M01;STAT_PLC_C15_M02,0.010775862068965518,H2S,True,235,271.924229,253036,5854676,False,0.0,7.574817,,l_SW_C15_M01_CTRL_SW_C15_M01_SENS,371.354694,False,0cd2d39b9ab3999bdbbe7304a7051ca98a51d813131ec9fa7eee74407629483d,True,1365.803168,44568576,0.7713778022222306,True,53.475654,profiles/L_ROR/l_SW_C15_M01_CTRL_SW_C15_M01_SENS.json,5343a1d3fd3446674dc852ecc3561d42b7ef6a03f2cd7beb926a335fe620dc22,True,1,928,47606add0d2f5683da84e332cd2bbb057475468bce9815907d3cf1eca4b2f0ca,L,L_ROR,1179b3793608bc02a4cc756371f94dc46a9fdecb053c1e8bb03c570682edc92a,928,1.0,99.43046499999997,252681,5854154,36739e35dc289fc1f455521ec0e682b4da9dc89395f2ef839bfc28fbfd29e102,True,SUCCESS_H2S,False,ROR,1053.550246,True,558.274907
2,COORD_CC_C15_PLC_C15_M02;STAT_PLC_C15_M02,0.0021551724137931034,H2S,True,236,271.8622,242191,5634533,False,0.0,8.020163,,l_SW_C15_M01_SENS_SW_C15_M02_ACT,356.523966,False,0cd2d39b9ab3999bdbbe7304a7051ca98a51d813131ec9fa7eee74407629483d,True,1365.803168,43327488,0.762094236114702,True,64.609696,profiles/L_ROR/l_SW_C15_M01_SENS_SW_C15_M02_ACT.json,cc7a58b1b5271c4885b32ea8e1e13dff4c3a022f770cc23bf2be72210ab732e6,True,1,928,9e3352eb737ac92b899fcb945419e4851ccd158828bf5eb63b31bac809d56e01,L,L_ROR,4ae30850f9c3ba5938d3f28efd44b539b4216bb069e28316d165a1d3e01b47dd,928,1.0,84.661766,241927,5634142,0b14499d235d0dec1140f2cae1e65753f51cb90d0202a88bc72d7457f1e22272,True,SUCCESS_H2S,False,ROR,1040.870722,True,548.645116
6,CMD_PLC_C15_M02_A1_C15_M02;CMD_PLC_C15_M02_A2_C15_M02;CMD_PLC_C15_M02_A3_C15_M02;CMD_PLC_C15_M02_A4_C15_M02;COORD_CC_C15_PLC_C15_M02;STAT_PLC_C15_M02,0.00646551724137931,H2S,True,237,276.92512400000004,249868,5819371,False,0.0,8.313831,,l_SW_C15_M02_ACT_SW_C15_M02_CTRL,381.157399,False,0cd2d39b9ab3999bdbbe7304a7051ca98a51d813131ec9fa7eee74407629483d,True,1365.803168,44429312,0.7801825313967935,True,52.260399,profiles/L_ROR/l_SW_C15_M02_ACT_SW_C15_M02_CTRL.json,3b63921d34d772af932f28f7ceb12b0372e18685bb81b45e5a2d0365ec3731f0,True,1,928,eef395c579ec99afa90d6de9c845a1559d5af4c36ebb6d2af841b402c3c71bc6,L,L_ROR,bfdfcbbdac12e0a3b880d6af5eec0d54a91681d90f2c6ce68c1a1858988a07c8,928,1.0,104.23227499999996,249569,5818864,7b872b338e46509e9fcca57528008c063a78392b67e637afafb78c3a3b684d21,True,SUCCESS_H2S,False,ROR,1065.575773,True,560.281913
8,SC_S1_C15_M02;SC_S2_C15_M02;SC_S3_C15_M02;SC_S4_C15_M02;SF_S1_C15_M02;SF_S2_C15_M02;SF_S3_C15_M02;SF_S4_C15_M02,0.008620689655172414,H2S,True,238,277.177442,252806,5849708,False,0.0,8.689232,,l_SW_C15_M02_CTRL_SW_C15_M02_SENS,367.305711,False,0cd2d39b9ab3999bdbbe7304a7051ca98a51d813131ec9fa7eee74407629483d,True,1365.803168,44392448,0.7908879517257057,True,61.05157,profiles/L_ROR/l_SW_C15_M02_CTRL_SW_C15_M02_SENS.json,f37d969ad86db1e280eb4cceb4a5c2ce6ef348057eef87d67a4ed09692a06fad,True,1,928,37029a5e8446bdf081bce638748bad887aa83cbcb8e6d195dd58bc17c2ad3f9b,L,L_ROR,3eacfbe720c5fa6e3332a332449e1bfa139dcd08267712c59dae592742ae0c4c,928,1.0,90.12826899999999,252484,5849232,dc07e0473923814eb0fbd44c15b249d2c1ba99b578b88d13ecf7a90e0397ba0c,True,SUCCESS_H2S,False,ROR,1080.19727,True,578.278022
4,CMD_PLC_C15_M03_A1_C15_M03;CMD_PLC_C15_M03_A2_C15_M03;CMD_PLC_C15_M03_A3_C15_M03;CMD_PLC_C15_M03_A4_C15_M03,0.004310344827586207,H2S,True,239,283.22767799999997,249449,5814434,False,0.0,7.970674,,l_SW_C15_M03_ACT_SW_C15_M03_CTRL,382.931078,False,0cd2d39b9ab3999bdbbe7304a7051ca98a51d813131ec9fa7eee74407629483d,True,1365.803168,44412928,0.810045865261897,True,84.244713,profiles/L_ROR/l_SW_C15_M03_ACT_SW_C15_M03_CTRL.json,9a6bcd1a862915c990fd1e6b7188f4eabff4ac138d7e1862bb4bb6c5de2ec055,True,1,928,685829d838365839e51762372d756bab77f97ad62d0d0cc4d94011cc7d177615,L,L_ROR,ce3ff76646b8f93c5cc07ddfaae314e8f25bdba01b87d07d1e3b8ccd25e3deba,928,1.0,99.70340000000004,249193,5813973,b57dca051a8b6fa7332f0e7d5cb682893b77ace18b5d080893e938fa8b0a507b,True,SUCCESS_H2S,False,ROR,1106.363209,True,570.358765
10,COORD_CC_C15_PLC_C15_M03;SC_S1_C15_M03;SC_S2_C15_M03;SC_S3_C15_M03;SC_S4_C15_M03;SF_S1_C15_M03;SF_S2_C15_M03;SF_S3_C15_M03;SF_S4_C15_M03;STAT_PLC_C15_M03,0.010775862068965518,H2S,True,240,272.723834,253145,5854537,False,0.0,7.822507,,l_SW_C15_M03_CTRL_SW_C15_M03_SENS,362.507092,False,0cd2d39b9ab3999bdbbe7304a7051ca98a51d813131ec9fa7eee74407629483d,True,1365.803168,44568576,0.7756972401458071,True,50.536708,profiles/L_ROR/l_SW_C15_M03_CTRL_SW_C15_M03_SENS.json,28476b1083ff79c070c90d2b2f30da5937d1c891f3a0867248f35636e8510d57,True,1,928,8725f68e6b1582650f6b87b795addc1341d7bba83440a1e4c97e0c7cac08f2aa,L,L_ROR,3ad51bbe92ff273b8277407a05240c507228315257e7ca84134b14f4014e1e19,928,1.0,89.78325799999999,252795,5854015,e4fbfd19fb6e7979bca7683cf798596b8bac5d27f48426aebc9a67c494d457dc,True,SUCCESS_H2S,False,ROR,1059.449748,True,574.055653
2,COORD_CC_C15_PLC_C15_M03;STAT_PLC_C15_M03,0.0021551724137931034,H2S,True,241,269.819331,242151,5634437,False,0.0,8.077581,,l_SW_C15_M03_SENS_SW_C15_M04_ACT,369.601408,False,0cd2d39b9ab3999bdbbe7304a7051ca98a51d813131ec9fa7eee74407629483d,True,1365.803168,43487232,0.7542649652134941,True,43.401407,profiles/L_ROR/l_SW_C15_M03_SENS_SW_C15_M04_ACT.json,12b30c3bd984eb4e4a5c3b9bbee6a443fcbefda71fb5b88558c4dbeb7c308dd0,True,1,928,255d669e5e8b7a77270d18ac4b3f7742a9a81d4c30ebaaf69ff9204b7d2a3e1a,L,L_ROR,8a8151c65e1f067326a4aba6fc29a45b6b60b56818968b965a4ea7cd25acbf85,928,1.0,99.78207700000002,241882,5634046,59ff6e8c56049f0cf03ecb0893caebd5bac578b27cd3707963e3cc9a00d895b4,True,SUCCESS_H2S,False,ROR,1030.177479,True,549.783322
6,CMD_PLC_C15_M04_A1_C15_M04;CMD_PLC_C15_M04_A2_C15_M04;CMD_PLC_C15_M04_A3_C15_M04;CMD_PLC_C15_M04_A4_C15_M04;COORD_CC_C15_PLC_C15_M03;STAT_PLC_C15_M03,0.00646551724137931,H2S,True,242,269.766877,249655,5812630,False,0.0,8.212788,,l_SW_C15_M04_ACT_SW_C15_M04_CTRL,358.066178,False,0cd2d39b9ab3999bdbbe7304a7051ca98a51d813131ec9fa7eee74407629483d,True,1365.803168,44265472,0.7656996868233944,True,59.259085,profiles/L_ROR/l_SW_C15_M04_ACT_SW_C15_M04_CTRL.json,20ed886086a0bf70f4c39e2ad3d79310fb23b7fa85882084dd86f34edf89688b,True,1,928,7c45645731a9dfc54a033dfed8f50a693eadb823f6dd06bd7d743ccb8f64d2f5,L,L_ROR,279d7e8273a4c7e6490ef78bd9cc83391d5138d8e2db9619802155c13b5685fc,928,1.0,88.29930099999996,249346,5812123,24cfa370ce6e833cc2ccf5453d1c50bd007deed8b15a9723ff4e7b54229262e1,True,SUCCESS_H2S,False,ROR,1045.795058,True,556.975591
12,COORD_CC_C15_PLC_C15_M03;COORD_CC_C15_PLC_C15_M04;SC_S1_C15_M04;SC_S2_C15_M04;SC_S3_C15_M04;SC_S4_C15_M04;SF_S1_C15_M04;SF_S2_C15_M04;SF_S3_C15_M04;SF_S4_C15_M04;STAT_PLC_C15_M03;STAT_PLC_C15_M04,0.01293103448275862,H2S,True,243,274.282636,253821,5868509,False,0.0,7.993411,,l_SW_C15_M04_CTRL_SW_C15_M04_SENS,380.546227,False,0cd2d39b9ab3999bdbbe7304a7051ca98a51d813131ec9fa7eee74407629483d,True,1365.803168,44453888,0.7904725983180617,True,73.283172,profiles/L_ROR/l_SW_C15_M04_CTRL_SW_C15_M04_SENS.json,0e2250a42a58ec73fd28510668122943b7dbfc15891173abf899aa853aa7c77f,True,1,928,111d13a34cb56c7c09aec9572a6962acc31de150e6f96cff8ec8b92df51626b2,L,L_ROR,0be1cb6be4a6c7947266e09ded04cc661ba9e178cf32f74b7a1feacd13bbd9f4,928,1.0,106.26359099999996,253480,5867941,8980ea4a812fede42ea95949d6ff3796d9389056f1898714b60f8ff2b7afdffa,True,SUCCESS_H2S,False,ROR,1079.629979,True,548.161611
4,COORD_CC_C16_PLC_C16_M01;COORD_CC_C16_PLC_C16_M02;STAT_PLC_C16_M01;STAT_PLC_C16_M02,0.004310344827586207,H2S,True,244,282.024609,242328,5635665,False,0.0,8.090194,,l_SW_C16_CC_SW_C16_M01_ACT,372.441,False,0cd2d39b9ab3999bdbbe7304a7051ca98a51d813131ec9fa7eee74407629483d,True,1365.803168,43511808,0.7374044888728799,True,42.795271,profiles/L_ROR/l_SW_C16_CC_SW_C16_M01_ACT.json,2245a041021564b612ed09d8aac4f564e4dfa383c78437dff19278de48f5a44f,True,1,928,ab4d0a29a1f249e1c81b9a3fefa7baa5960bcd8603ad2d17eb679a83fd931e46,L,L_ROR,404c7f2bb4aa42c71d0837c2164c7813ddd833824f2f580d2a925761a043b87e,928,1.0,90.41639099999998,242075,5635246,f359e4cedf92c954cce57f7478d20d8ed91c87823251ad928b87f33b042a79c5,True,SUCCESS_H2S,False,ROR,1007.149387,True,525.736773
4,COORD_CC_C16_PLC_C16_M03;COORD_CC_C16_PLC_C16_M04;STAT_PLC_C16_M03;STAT_PLC_C16_M04,0.004310344827586207,H2S,True,245,269.512448,242707,5649213,False,0.0,7.87363,,l_SW_C16_CC_SW_C16_M04_SENS,364.847385,False,0cd2d39b9ab3999bdbbe7304a7051ca98a51d813131ec9fa7eee74407629483d,True,1365.803168,43372544,0.752585643438777,True,56.7692,profiles/L_ROR/l_SW_C16_CC_SW_C16_M04_SENS.json,263b68ff72bab131b909eae2534b314f8bf4f424b0fb30820c8552626afc8d1b,True,1,928,2c87513129c7daad4b5e3d7aeefa08e9cd87ba798134a1ed8afd6deb86dec3e8,L,L_ROR,6e79597947ee880c828e95a19a13a6cccdb200d90cfb6516292ee0965a176796,928,1.0,95.33493699999997,242460,5648791,b82962cefa345245ba1af9a365e83cfddd0090c8d8dc94ac3c679ad54e1a4bf2,True,SUCCESS_H2S,False,ROR,1027.883856,True,539.046567
8,CMD_PLC_C16_M01_A1_C16_M01;CMD_PLC_C16_M01_A2_C16_M01;CMD_PLC_C16_M01_A3_C16_M01;CMD_PLC_C16_M01_A4_C16_M01;COORD_CC_C16_PLC_C16_M01;COORD_CC_C16_PLC_C16_M02;STAT_PLC_C16_M01;STAT_PLC_C16_M02,0.008620689655172414,H2S,True,246,272.45230799999996,250307,5833403,False,0.0,7.97981,,l_SW_C16_M01_ACT_SW_C16_M01_CTRL,366.851515,False,0cd2d39b9ab3999bdbbe7304a7051ca98a51d813131ec9fa7eee74407629483d,True,1365.803168,44482560,0.7883730337049563,True,53.269961,profiles/L_ROR/l_SW_C16_M01_ACT_SW_C16_M01_CTRL.json,0145271db45008e744ee2304dd06710831be7c29a711e8d1e9c51e762f56c506,True,1,928,d28bf72fc9ecaeacec6b4d4c44ed63d2189815cb4c72319b3c1d322b253bd907,L,L_ROR,6cf4ee973b96bfbffb0c338b19d9f7404bfc48bcb044dd575186ca5f8dc54195,928,1.0,94.39920700000005,249986,5832850,2cd32b52b020226ff73d5d8d8890c11d447346839e8d028f0fc89e109f5b7a7a,True,SUCCESS_H2S,False,ROR,1076.762387,True,585.562942
10,COORD_CC_C16_PLC_C16_M02;SC_S1_C16_M01;SC_S2_C16_M01;SC_S3_C16_M01;SC_S4_C16_M01;SF_S1_C16_M01;SF_S2_C16_M01;SF_S3_C16_M01;SF_S4_C16_M01;STAT_PLC_C16_M02,0.010775862068965518,H2S,True,247,273.25998200000004,253002,5854689,False,0.0,7.761262,,l_SW_C16_M01_CTRL_SW_C16_M01_SENS,375.182103,False,0cd2d39b9ab3999bdbbe7304a7051ca98a51d813131ec9fa7eee74407629483d,True,1365.803168,44404736,0.7658711588227917,True,51.013068,profiles/L_ROR/l_SW_C16_M01_CTRL_SW_C16_M01_SENS.json,b30027234752c3d07a02b789ffbc21fea2236f590f5cd7e7190508ac229d7d72,True,1,928,d87802a96bb06ab3ff6fc6df03288b6e4b8c37724050fc497879892f14013818,L,L_ROR,171f143dfa5d0282ade819dcca48dc59977b0a82e94e2dc3510d31996b206911,928,1.0,101.92212099999995,252645,5854167,af6ce80a7d65b5686526d535ffa0ebacba9e62619c14cbaa5ad7144d53bb4b60,True,SUCCESS_H2S,False,ROR,1046.029255,True,548.029406
2,COORD_CC_C16_PLC_C16_M02;STAT_PLC_C16_M02,0.0021551724137931034,H2S,True,248,270.878104,242173,5634511,False,0.0,8.190004,,l_SW_C16_M01_SENS_SW_C16_M02_ACT,364.018847,False,0cd2d39b9ab3999bdbbe7304a7051ca98a51d813131ec9fa7eee74407629483d,True,1365.803168,43327488,0.7435634920126354,True,43.959119,profiles/L_ROR/l_SW_C16_M01_SENS_SW_C16_M02_ACT.json,6ec87e28199848b0d774d9addb680abfe344efcb5774a93e100bc975564fd79b,True,1,928,ccfa585b7c70a85c6300013eee87b32f1c1fc5f9a18a7bbfaec289836e8b819e,L,L_ROR,b0ad58e39f0eb7b3984f18581ae5dc03dc95046d1e2b56479953697e0626b3e9,928,1.0,93.14074299999999,241908,5634120,306c21ba3f59ac275e85a8acd9cf0c24dd8bcd8fb8cebdba21f89cf2742042c7,True,SUCCESS_H2S,False,ROR,1015.561373,True,540.109638
6,CMD_PLC_C16_M02_A1_C16_M02;CMD_PLC_C16_M02_A2_C16_M02;CMD_PLC_C16_M02_A3_C16_M02;CMD_PLC_C16_M02_A4_C16_M02;COORD_CC_C16_PLC_C16_M02;STAT_PLC_C16_M02,0.00646551724137931,H2S,True,249,275.524816,249686,5819075,False,0.0,8.038772,,l_SW_C16_M02_ACT_SW_C16_M02_CTRL,371.289299,False,0cd2d39b9ab3999bdbbe7304a7051ca98a51d813131ec9fa7eee74407629483d,True,1365.803168,44265472,0.7679493623784011,True,58.321676,profiles/L_ROR/l_SW_C16_M02_ACT_SW_C16_M02_CTRL.json,e8ae47198260a64b48f6772a596d4415a81bf923724e8be00d123f213d1a90b6,True,1,928,a49475393ce04a713e447a33b3efc38a0015b6c9b7d6258e86f2c6192fe46e8e,L,L_ROR,120effd36a322eeabfe5a78468cf72091f19e573c154f8a17f34b9581ce32329,928,1.0,95.76448300000004,249367,5818568,285483702a33f88483a5d4cdc2fbf00bf0fb18521d7654f7e845dc023cdc68a4,True,SUCCESS_H2S,False,ROR,1048.867672,True,550.950767
8,SC_S1_C16_M02;SC_S2_C16_M02;SC_S3_C16_M02;SC_S4_C16_M02;SF_S1_C16_M02;SF_S2_C16_M02;SF_S3_C16_M02;SF_S4_C16_M02,0.008620689655172414,H2S,True,250,273.511921,252844,5850169,False,0.0,7.74218,,l_SW_C16_M02_CTRL_SW_C16_M02_SENS,365.566594,False,0cd2d39b9ab3999bdbbe7304a7051ca98a51d813131ec9fa7eee74407629483d,True,1365.803168,44556288,0.7893016030842886,True,72.528004,profiles/L_ROR/l_SW_C16_M02_CTRL_SW_C16_M02_SENS.json,265bd7ec10879792d8d920569a3c01c7db5018f2d5583974609c2e433b12bb07,True,1,928,d18d95b846a68dece0101412fca05c1694b7e4b793d176b2b1679dc4b2d603e0,L,L_ROR,d9a8d89cfddfc60946384b20c587e3f81db61e258ed4a9d5fec7df229cc968be,928,1.0,92.05467300000004,252537,5849693,9d5d08fb3131219e0e93fc0a727bb452a19b7be774ef57135d851059457a0780,True,SUCCESS_H2S,False,ROR,1078.03063,True,563.897831
4,CMD_PLC_C16_M03_A1_C16_M03;CMD_PLC_C16_M03_A2_C16_M03;CMD_PLC_C16_M03_A3_C16_M03;CMD_PLC_C16_M03_A4_C16_M03,0.004310344827586207,H2S,True,251,273.81201500000003,249432,5808163,False,0.0,7.942888,,l_SW_C16_M03_ACT_SW_C16_M03_CTRL,370.628542,False,0cd2d39b9ab3999bdbbe7304a7051ca98a51d813131ec9fa7eee74407629483d,True,1365.803168,44412928,0.7611456726391193,True,48.650277,profiles/L_ROR/l_SW_C16_M03_ACT_SW_C16_M03_CTRL.json,0509af92a864eb7f976cf0173e17a4dae89fe28bd9b5103c47be3cbf45231ed5,True,1,928,a2d0b59817b6d40991676c77749a783b55a526739c09e9229c8b2d3493323d5d,L,L_ROR,147bcbd67848cc578dab1d64a27f5704b9160d2161f7ad361a91f6dcb499f116,928,1.0,96.81652699999995,249126,5807702,e9463007ec4d298ede52e46bc9d4ac5df7c754b631b76799655155eac7034a11,True,SUCCESS_H2S,False,ROR,1039.575171,True,551.868828
10,COORD_CC_C16_PLC_C16_M03;SC_S1_C16_M03;SC_S2_C16_M03;SC_S3_C16_M03;SC_S4_C16_M03;SF_S1_C16_M03;SF_S2_C16_M03;SF_S3_C16_M03;SF_S4_C16_M03;STAT_PLC_C16_M03,0.010775862068965518,H2S,True,252,272.87970499999994,253001,5853868,False,0.0,7.932368,,l_SW_C16_M03_CTRL_SW_C16_M03_SENS,364.721286,False,0cd2d39b9ab3999bdbbe7304a7051ca98a51d813131ec9fa7eee74407629483d,True,1365.803168,44576768,0.7505391516268617,True,46.197618,profiles/L_ROR/l_SW_C16_M03_CTRL_SW_C16_M03_SENS.json,c7662ecb717432734528803c274d28df9a0c01f72313181ca6c0a590a00ff2de,True,1,928,032e248ce9bb5463496b072ae39d05168f9b32f8e87d43275e42043ee9049781,L,L_ROR,8ef1444e08f26bb3838f0256309fbc17672df8ed703421bd976970c9b37f2487,928,1.0,91.84158100000008,252671,5853346,80ccd25b1d7df80891568027f7df7297cbadcbc299d6c61ecd3de5f659e33952,True,SUCCESS_H2S,False,ROR,1025.088751,True,543.532632
2,COORD_CC_C16_PLC_C16_M03;STAT_PLC_C16_M03,0.0021551724137931034,H2S,True,253,268.780217,242152,5634337,False,0.0,7.704603,,l_SW_C16_M03_SENS_SW_C16_M04_ACT,364.606908,False,0cd2d39b9ab3999bdbbe7304a7051ca98a51d813131ec9fa7eee74407629483d,True,1365.803168,43327488,0.760183400013903,True,62.04241,profiles/L_ROR/l_SW_C16_M03_SENS_SW_C16_M04_ACT.json,43309275fe3d12cbb2a3f1ac9cdb8da88875c0dd6767d40af94b2eff485fad4b,True,1,928,550070147b13a52a229b91e80849679e572e2091ab2c80ff92ed27263febf4c7,L,L_ROR,bff7cedea1ad7e2447adcee0ef8aa1b7702fcaf72873016599a90fce6603917d,928,1.0,95.82669099999998,241878,5633946,fd0d36783928e47b66d5b971cfff303c39b91abe6dcce8ba56290639cc1810bc,True,SUCCESS_H2S,False,ROR,1038.260896,True,542.463114
6,CMD_PLC_C16_M04_A1_C16_M04;CMD_PLC_C16_M04_A2_C16_M04;CMD_PLC_C16_M04_A3_C16_M04;CMD_PLC_C16_M04_A4_C16_M04;COORD_CC_C16_PLC_C16_M03;STAT_PLC_C16_M03,0.00646551724137931,H2S,True,254,269.452588,249615,5818867,False,0.0,8.534743,,l_SW_C16_M04_ACT_SW_C16_M04_CTRL,363.76043,False,0cd2d39b9ab3999bdbbe7304a7051ca98a51d813131ec9fa7eee74407629483d,True,1365.803168,44433408,0.7667478737316854,True,46.584661,profiles/L_ROR/l_SW_C16_M04_ACT_SW_C16_M04_CTRL.json,46742b09df2d1d45e9fe29f8dfa56507d9cf91e61be2eca6c032a019caa5ec9a,True,1,928,cc384e95907d35639fbb67baa6641f92decdc5f6918de74e010424d4d8c3723e,L,L_ROR,d4addfb09969eda5499ed801fc87e4f92cbaf85d3ed20c21e07b7c2a4c2b4ee9,928,1.0,94.307842,249303,5818360,542acf18392500c75f093274121b915ac20627dd391df7936c3cbcf5e229b6df,True,SUCCESS_H2S,False,ROR,1047.226675,True,546.009652
12,COORD_CC_C16_PLC_C16_M03;COORD_CC_C16_PLC_C16_M04;SC_S1_C16_M04;SC_S2_C16_M04;SC_S3_C16_M04;SC_S4_C16_M04;SF_S1_C16_M04;SF_S2_C16_M04;SF_S3_C16_M04;SF_S4_C16_M04;STAT_PLC_C16_M03;STAT_PLC_C16_M04,0.01293103448275862,H2S,True,255,271.723123,253593,5862975,False,0.0,7.723672,,l_SW_C16_M04_CTRL_SW_C16_M04_SENS,370.893475,False,0cd2d39b9ab3999bdbbe7304a7051ca98a51d813131ec9fa7eee74407629483d,True,1365.803168,44453888,0.7657411774285767,True,47.128391,profiles/L_ROR/l_SW_C16_M04_CTRL_SW_C16_M04_SENS.json,f2cb27b7a9dddbbab9531a633af24a429e0e34bc101dd7cff241296adfba0f33,True,1,928,ef254c302f574de12bd1be66530d356d33e8ff9456bae2616619897a042799f7,L,L_ROR,a9226b645aa2f6b4184e45767f13fdf246870c3648622405edf8a0f06d145cc0,928,1.0,99.17035200000004,253267,5862407,8dd053be610e8d2540b77c61680f3a1f24e31d9ec4f13f3cf2ac98d56290c3bb,True,SUCCESS_H2S,False,ROR,1045.851726,True,558.185155
