P0_route_links_abandoned,changed_affected_flow_count,changed_route_flow_count,changed_route_flow_ratio,changed_unaffected_flow_count,changed_unaffected_flow_ratio,fault_id,hop_delta_total,max_hop_delta,mean_hop_delta_per_changed_flow,new_physical_links_used,scenario,total_P0_hops,total_PF_hops
l_SW_C01_CC_SW_C01_M01_ACT,8,8,0.022727272727272728,0,0.0,l_SW_C01_CC_SW_C01_M01_ACT,540,76,67.5,,M_RING,1392,1932
l_SW_C01_CC_SW_C08_M03_SENS,2,2,0.005681818181818182,0,0.0,l_SW_C01_CC_SW_C08_M03_SENS,120,60,60.0,,M_RING,1392,1512
l_SW_C01_M01_ACT_SW_C01_M01_CTRL,12,12,0.03409090909090909,0,0.0,l_SW_C01_M01_ACT_SW_C01_M01_CTRL,852,78,71.0,,M_RING,1392,2244
l_SW_C01_M01_CTRL_SW_C01_M01_SENS,14,14,0.03977272727272727,0,0.0,l_SW_C01_M01_CTRL_SW_C01_M01_SENS,1012,78,72.28571428571429,,M_RING,1392,2404
l_SW_C01_M01_SENS_SW_C01_M02_ACT,6,6,0.017045454545454544,0,0.0,l_SW_C01_M01_SENS_SW_C01_M02_ACT,388,70,64.66666666666667,,M_RING,1392,1780
l_SW_C01_M02_ACT_SW_C01_M02_CTRL,10,10,0.028409090909090908,0,0.0,l_SW_C01_M02_ACT_SW_C01_M02_CTRL,700,78,70.0,,M_RING,1392,2092
l_SW_C01_M02_CTRL_SW_C01_M02_SENS,12,12,0.03409090909090909,0,0.0,l_SW_C01_M02_CTRL_SW_C01_M02_SENS,872,78,72.66666666666667,,M_RING,1392,2264
l_SW_C01_M02_SENS_SW_C01_M03_ACT,4,4,0.011363636363636364,0,0.0,l_SW_C01_M02_SENS_SW_C01_M03_ACT,248,64,62.0,,M_RING,1392,1640
l_SW_C01_M03_ACT_SW_C01_M03_CTRL,8,8,0.022727272727272728,0,0.0,l_SW_C01_M03_ACT_SW_C01_M03_CTRL,560,78,70.0,,M_RING,1392,1952
l_SW_C01_M03_CTRL_SW_C01_M03_SENS,10,10,0.028409090909090908,0,0.0,l_SW_C01_M03_CTRL_SW_C01_M03_SENS,744,78,74.4,,M_RING,1392,2136
l_SW_C01_M03_SENS_SW_C02_CC,2,2,0.005681818181818182,0,0.0,l_SW_C01_M03_SENS_SW_C02_CC,120,60,60.0,,M_RING,1392,1512
l_SW_C02_CC_SW_C02_M01_ACT,8,8,0.022727272727272728,0,0.0,l_SW_C02_CC_SW_C02_M01_ACT,540,76,67.5,,M_RING,1392,1932
l_SW_C02_M01_ACT_SW_C02_M01_CTRL,12,12,0.03409090909090909,0,0.0,l_SW_C02_M01_ACT_SW_C02_M01_CTRL,852,78,71.0,,M_RING,1392,2244
l_SW_C02_M01_CTRL_SW_C02_M01_SENS,14,14,0.03977272727272727,0,0.0,l_SW_C02_M01_CTRL_SW_C02_M01_SENS,1012,78,72.28571428571429,,M_RING,1392,2404
l_SW_C02_M01_SENS_SW_C02_M02_ACT,6,6,0.017045454545454544,0,0.0,l_SW_C02_M01_SENS_SW_C02_M02_ACT,388,70,64.66666666666667,,M_RING,1392,1780
l_SW_C02_M02_ACT_SW_C02_M02_CTRL,10,10,0.028409090909090908,0,0.0,l_SW_C02_M02_ACT_SW_C02_M02_CTRL,700,78,70.0,,M_RING,1392,2092
l_SW_C02_M02_CTRL_SW_C02_M02_SENS,12,12,0.03409090909090909,0,0.0,l_SW_C02_M02_CTRL_SW_C02_M02_SENS,872,78,72.66666666666667,,M_RING,1392,2264
l_SW_C02_M02_SENS_SW_C02_M03_ACT,4,4,0.011363636363636364,0,0.0,l_SW_C02_M02_SENS_SW_C02_M03_ACT,248,64,62.0,,M_RING,1392,1640
l_SW_C02_M03_ACT_SW_C02_M03_CTRL,8,8,0.022727272727272728,0,0.0,l_SW_C02_M03_ACT_SW_C02_M03_CTRL,560,78,70.0,,M_RING,1392,1952
l_SW_C02_M03_CTRL_SW_C02_M03_SENS,10,10,0.028409090909090908,0,0.0,l_SW_C02_M03_CTRL_SW_C02_M03_SENS,744,78,74.4,,M_RING,1392,2136
l_SW_C02_M03_SENS_SW_C03_CC,2,2,0.005681818181818182,0,0.0,l_SW_C02_M03_SENS_SW_C03_CC,120,60,60.0,,M_RING,1392,1512
l_SW_C03_CC_SW_C03_M01_ACT,8,8,0.022727272727272728,0,0.0,l_SW_C03_CC_SW_C03_M01_ACT,540,76,67.5,,M_RING,1392,1932
l_SW_C03_M01_ACT_SW_C03_M01_CTRL,12,12,0.03409090909090909,0,0.0,l_SW_C03_M01_ACT_SW_C03_M01_CTRL,852,78,71.0,,M_RING,1392,2244
l_SW_C03_M01_CTRL_SW_C03_M01_SENS,14,14,0.03977272727272727,0,0.0,l_SW_C03_M01_CTRL_SW_C03_M01_SENS,1012,78,72.28571428571429,,M_RING,1392,2404
l_SW_C03_M01_SENS_SW_C03_M02_ACT,6,6,0.017045454545454544,0,0.0,l_SW_C03_M01_SENS_SW_C03_M02_ACT,388,70,64.66666666666667,,M_RING,1392,1780
l_SW_C03_M02_ACT_SW_C03_M02_CTRL,10,10,0.028409090909090908,0,0.0,l_SW_C03_M02_ACT_SW_C03_M02_CTRL,700,78,70.0,,M_RING,1392,2092
l_SW_C03_M02_CTRL_SW_C03_M02_SENS,12,12,0.03409090909090909,0,0.0,l_SW_C03_M02_CTRL_SW_C03_M02_SENS,872,78,72.66666666666667,,M_RING,1392,2264
l_SW_C03_M02_SENS_SW_C03_M03_ACT,4,4,0.011363636363636364,0,0.0,l_SW_C03_M02_SENS_SW_C03_M03_ACT,248,64,62.0,,M_RING,1392,1640
l_SW_C03_M03_ACT_SW_C03_M03_CTRL,8,8,0.022727272727272728,0,0.0,l_SW_C03_M03_ACT_SW_C03_M03_CTRL,560,78,70.0,,M_RING,1392,1952
l_SW_C03_M03_CTRL_SW_C03_M03_SENS,10,10,0.028409090909090908,0,0.0,l_SW_C03_M03_CTRL_SW_C03_M03_SENS,744,78,74.4,,M_RING,1392,2136
l_SW_C03_M03_SENS_SW_C04_CC,2,2,0.005681818181818182,0,0.0,l_SW_C03_M03_SENS_SW_C04_CC,120,60,60.0,,M_RING,1392,1512
l_SW_C04_CC_SW_C04_M01_ACT,8,8,0.022727272727272728,0,0.0,l_SW_C04_CC_SW_C04_M01_ACT,540,76,67.5,,M_RING,1392,1932
l_SW_C04_M01_ACT_SW_C04_M01_CTRL,12,12,0.03409090909090909,0,0.0,l_SW_C04_M01_ACT_SW_C04_M01_CTRL,852,78,71.0,,M_RING,1392,2244
l_SW_C04_M01_CTRL_SW_C04_M01_SENS,14,14,0.03977272727272727,0,0.0,l_SW_C04_M01_CTRL_SW_C04_M01_SENS,1012,78,72.28571428571429,,M_RING,1392,2404
l_SW_C04_M01_SENS_SW_C04_M02_ACT,6,6,0.017045454545454544,0,0.0,l_SW_C04_M01_SENS_SW_C04_M02_ACT,388,70,64.66666666666667,,M_RING,1392,1780
l_SW_C04_M02_ACT_SW_C04_M02_CTRL,10,10,0.028409090909090908,0,0.0,l_SW_C04_M02_ACT_SW_C04_M02_CTRL,700,78,70.0,,M_RING,1392,2092
l_SW_C04_M02_CTRL_SW_C04_M02_SENS,12,12,0.03409090909090909,0,0.0,l_SW_C04_M02_CTRL_SW_C04_M02_SENS,872,78,72.66666666666667,,M_RING,1392,2264
l_SW_C04_M02_SENS_SW_C04_M03_ACT,4,4,0.011363636363636364,0,0.0,l_SW_C04_M02_SENS_SW_C04_M03_ACT,248,64,62.0,,M_RING,1392,1640
l_SW_C04_M03_ACT_SW_C04_M03_CTRL,8,8,0.022727272727272728,0,0.0,l_SW_C04_M03_ACT_SW_C04_M03_CTRL,560,78,70.0,,M_RING,1392,1952
l_SW_C04_M03_CTRL_SW_C04_M03_SENS,10,10,0.028409090909090908,0,0.0,l_SW_C04_M03_CTRL_SW_C04_M03_SENS,744,78,74.4,,M_RING,1392,2136
l_SW_C04_M03_SENS_SW_C05_CC,2,2,0.005681818181818182,0,0.0,l_SW_C04_M03_SENS_SW_C05_CC,120,60,60.0,,M_RING,1392,1512
l_SW_C05_CC_SW_C05_M01_ACT,8,8,0.022727272727272728,0,0.0,l_SW_C05_CC_SW_C05_M01_ACT,540,76,67.5,,M_RING,1392,1932
l_SW_C05_M01_ACT_SW_C05_M01_CTRL,12,12,0.03409090909090909,0,0.0,l_SW_C05_M01_ACT_SW_C05_M01_CTRL,852,78,71.0,,M_RING,1392,2244
l_SW_C05_M01_CTRL_SW_C05_M01_SENS,14,14,0.03977272727272727,0,0.0,l_SW_C05_M01_CTRL_SW_C05_M01_SENS,1012,78,72.28571428571429,,M_RING,1392,2404
l_SW_C05_M01_SENS_SW_C05_M02_ACT,6,6,0.017045454545454544,0,0.0,l_SW_C05_M01_SENS_SW_C05_M02_ACT,388,70,64.66666666666667,,M_RING,1392,1780
l_SW_C05_M02_ACT_SW_C05_M02_CTRL,10,10,0.028409090909090908,0,0.0,l_SW_C05_M02_ACT_SW_C05_M02_CTRL,700,78,70.0,,M_RING,1392,2092
l_SW_C05_M02_CTRL_SW_C05_M02_SENS,12,12,0.03409090909090909,0,0.0,l_SW_C05_M02_CTRL_SW_C05_M02_SENS,872,78,72.66666666666667,,M_RING,1392,2264
l_SW_C05_M02_SENS_SW_C05_M03_ACT,4,4,0.011363636363636364,0,0.0,l_SW_C05_M02_SENS_SW_C05_M03_ACT,248,64,62.0,,M_RING,1392,1640
l_SW_C05_M03_ACT_SW_C05_M03_CTRL,8,8,0.022727272727272728,0,0.0,l_SW_C05_M03_ACT_SW_C05_M03_CTRL,560,78,70.0,,M_RING,1392,1952
l_SW_C05_M03_CTRL_SW_C05_M03_SENS,10,10,0.028409090909090908,0,0.0,l_SW_C05_M03_CTRL_SW_C05_M03_SENS,744,78,74.4,,M_RING,1392,2136
l_SW_C05_M03_SENS_SW_C06_CC,2,2,0.005681818181818182,0,0.0,l_SW_C05_M03_SENS_SW_C06_CC,120,60,60.0,,M_RING,1392,1512
l_SW_C06_CC_SW_C06_M01_ACT,8,8,0.022727272727272728,0,0.0,l_SW_C06_CC_SW_C06_M01_ACT,540,76,67.5,,M_RING,1392,1932
l_SW_C06_M01_ACT_SW_C06_M01_CTRL,12,12,0.03409090909090909,0,0.0,l_SW_C06_M01_ACT_SW_C06_M01_CTRL,852,78,71.0,,M_RING,1392,2244
l_SW_C06_M01_CTRL_SW_C06_M01_SENS,14,14,0.03977272727272727,0,0.0,l_SW_C06_M01_CTRL_SW_C06_M01_SENS,1012,78,72.28571428571429,,M_RING,1392,2404
l_SW_C06_M01_SENS_SW_C06_M02_ACT,6,6,0.017045454545454544,0,0.0,l_SW_C06_M01_SENS_SW_C06_M02_ACT,388,70,64.66666666666667,,M_RING,1392,1780
l_SW_C06_M02_ACT_SW_C06_M02_CTRL,10,10,0.028409090909090908,0,0.0,l_SW_C06_M02_ACT_SW_C06_M02_CTRL,700,78,70.0,,M_RING,1392,2092
l_SW_C06_M02_CTRL_SW_C06_M02_SENS,12,12,0.03409090909090909,0,0.0,l_SW_C06_M02_CTRL_SW_C06_M02_SENS,872,78,72.66666666666667,,M_RING,1392,2264
l_SW_C06_M02_SENS_SW_C06_M03_ACT,4,4,0.011363636363636364,0,0.0,l_SW_C06_M02_SENS_SW_C06_M03_ACT,248,64,62.0,,M_RING,1392,1640
l_SW_C06_M03_ACT_SW_C06_M03_CTRL,8,8,0.022727272727272728,0,0.0,l_SW_C06_M03_ACT_SW_C06_M03_CTRL,560,78,70.0,,M_RING,1392,1952
l_SW_C06_M03_CTRL_SW_C06_M03_SENS,10,10,0.028409090909090908,0,0.0,l_SW_C06_M03_CTRL_SW_C06_M03_SENS,744,78,74.4,,M_RING,1392,2136
l_SW_C06_M03_SENS_SW_C07_CC,2,2,0.005681818181818182,0,0.0,l_SW_C06_M03_SENS_SW_C07_CC,120,60,60.0,,M_RING,1392,1512
l_SW_C07_CC_SW_C07_M01_ACT,8,8,0.022727272727272728,0,0.0,l_SW_C07_CC_SW_C07_M01_ACT,540,76,67.5,,M_RING,1392,1932
l_SW_C07_M01_ACT_SW_C07_M01_CTRL,12,12,0.03409090909090909,0,0.0,l_SW_C07_M01_ACT_SW_C07_M01_CTRL,852,78,71.0,,M_RING,1392,2244
l_SW_C07_M01_CTRL_SW_C07_M01_SENS,14,14,0.03977272727272727,0,0.0,l_SW_C07_M01_CTRL_SW_C07_M01_SENS,1012,78,72.28571428571429,,M_RING,1392,2404
l_SW_C07_M01_SENS_SW_C07_M02_ACT,6,6,0.017045454545454544,0,0.0,l_SW_C07_M01_SENS_SW_C07_M02_ACT,388,70,64.66666666666667,,M_RING,1392,1780
l_SW_C07_M02_ACT_SW_C07_M02_CTRL,10,10,0.028409090909090908,0,0.0,l_SW_C07_M02_ACT_SW_C07_M02_CTRL,700,78,70.0,,M_RING,1392,2092
l_SW_C07_M02_CTRL_SW_C07_M02_SENS,12,12,0.03409090909090909,0,0.0,l_SW_C07_M02_CTRL_SW_C07_M02_SENS,872,78,72.66666666666667,,M_RING,1392,2264
l_SW_C07_M02_SENS_SW_C07_M03_ACT,4,4,0.011363636363636364,0,0.0,l_SW_C07_M02_SENS_SW_C07_M03_ACT,248,64,62.0,,M_RING,1392,1640
l_SW_C07_M03_ACT_SW_C07_M03_CTRL,8,8,0.022727272727272728,0,0.0,l_SW_C07_M03_ACT_SW_C07_M03_CTRL,560,78,70.0,,M_RING,1392,1952
l_SW_C07_M03_CTRL_SW_C07_M03_SENS,10,10,0.028409090909090908,0,0.0,l_SW_C07_M03_CTRL_SW_C07_M03_SENS,744,78,74.4,,M_RING,1392,2136
l_SW_C07_M03_SENS_SW_C08_CC,2,2,0.005681818181818182,0,0.0,l_SW_C07_M03_SENS_SW_C08_CC,120,60,60.0,,M_RING,1392,1512
l_SW_C08_CC_SW_C08_M01_ACT,8,8,0.022727272727272728,0,0.0,l_SW_C08_CC_SW_C08_M01_ACT,540,76,67.5,,M_RING,1392,1932
l_SW_C08_M01_ACT_SW_C08_M01_CTRL,12,12,0.03409090909090909,0,0.0,l_SW_C08_M01_ACT_SW_C08_M01_CTRL,852,78,71.0,,M_RING,1392,2244
l_SW_C08_M01_CTRL_SW_C08_M01_SENS,14,14,0.03977272727272727,0,0.0,l_SW_C08_M01_CTRL_SW_C08_M01_SENS,1012,78,72.28571428571429,,M_RING,1392,2404
l_SW_C08_M01_SENS_SW_C08_M02_ACT,6,6,0.017045454545454544,0,0.0,l_SW_C08_M01_SENS_SW_C08_M02_ACT,388,70,64.66666666666667,,M_RING,1392,1780
l_SW_C08_M02_ACT_SW_C08_M02_CTRL,10,10,0.028409090909090908,0,0.0,l_SW_C08_M02_ACT_SW_C08_M02_CTRL,700,78,70.0,,M_RING,1392,2092
l_SW_C08_M02_CTRL_SW_C08_M02_SENS,12,12,0.03409090909090909,0,0.0,l_SW_C08_M02_CTRL_SW_C08_M02_SENS,872,78,72.66666666666667,,M_RING,1392,2264
l_SW_C08_M02_SENS_SW_C08_M03_ACT,4,4,0.011363636363636364,0,0.0,l_SW_C08_M02_SENS_SW_C08_M03_ACT,248,64,62.0,,M_RING,1392,1640
l_SW_C08_M03_ACT_SW_C08_M03_CTRL,8,8,0.022727272727272728,0,0.0,l_SW_C08_M03_ACT_SW_C08_M03_CTRL,560,78,70.0,,M_RING,1392,1952
l_SW_C08_M03_CTRL_SW_C08_M03_SENS,10,10,0.028409090909090908,0,0.0,l_SW_C08_M03_CTRL_SW_C08_M03_SENS,744,78,74.4,,M_RING,1392,2136
l_SW_C01_CC_SW_C01_CORE_A;l_SW_C01_CORE_A_SW_FACTORY_CORE_B,8,8,0.022727272727272728,0,0.0,l_SW_C01_CC_SW_C01_CORE_A,0,0,0.0,,M_REDSTAR,1440,1440
l_SW_C01_CC_SW_C01_CORE_B;l_SW_C01_CORE_B_SW_FACTORY_CORE_B,2,2,0.005681818181818182,0,0.0,l_SW_C01_CC_SW_C01_CORE_B,0,0,0.0,,M_REDSTAR,1440,1440
l_SW_C01_CORE_A_SW_C01_M01_ACT,4,4,0.011363636363636364,0,0.0,l_SW_C01_CORE_A_SW_C01_M01_ACT,0,0,0.0,l_SW_C01_CORE_B_SW_C01_M01_ACT,M_REDSTAR,1440,1440
l_SW_C01_CORE_A_SW_C01_M01_ACT;l_SW_C01_CORE_A_SW_C01_M01_CTRL,6,6,0.017045454545454544,0,0.0,l_SW_C01_CORE_A_SW_C01_M01_CTRL,0,0,0.0,l_SW_C01_CORE_B_SW_C01_M01_ACT,M_REDSTAR,1440,1440
l_SW_C01_CORE_A_SW_C01_M02_ACT,4,4,0.011363636363636364,0,0.0,l_SW_C01_CORE_A_SW_C01_M02_ACT,0,0,0.0,l_SW_C01_CORE_B_SW_C01_M02_ACT,M_REDSTAR,1440,1440
l_SW_C01_CORE_A_SW_C01_M02_ACT;l_SW_C01_CORE_A_SW_C01_M02_CTRL,6,6,0.017045454545454544,0,0.0,l_SW_C01_CORE_A_SW_C01_M02_CTRL,0,0,0.0,l_SW_C01_CORE_B_SW_C01_M02_ACT,M_REDSTAR,1440,1440
l_SW_C01_CORE_A_SW_C01_M03_ACT,4,4,0.011363636363636364,0,0.0,l_SW_C01_CORE_A_SW_C01_M03_ACT,0,0,0.0,l_SW_C01_CORE_B_SW_C01_M03_ACT,M_REDSTAR,1440,1440
l_SW_C01_CORE_A_SW_C01_M03_ACT;l_SW_C01_CORE_A_SW_C01_M03_CTRL,6,6,0.017045454545454544,0,0.0,l_SW_C01_CORE_A_SW_C01_M03_CTRL,0,0,0.0,l_SW_C01_CORE_B_SW_C01_M03_ACT,M_REDSTAR,1440,1440
l_SW_C01_CORE_A_SW_FACTORY_CORE_B;l_SW_C02_CORE_B_SW_FACTORY_CORE_B,2,4,0.011363636363636364,2,0.005714285714285714,l_SW_C01_CORE_A_SW_FACTORY_CORE_B,0,0,0.0,l_SW_C01_CORE_A_SW_FACTORY_CORE_A;l_SW_C02_CORE_B_SW_FACTORY_CORE_A;l_SW_C08_CORE_B_SW_FACTORY_CORE_A,M_REDSTAR,1440,1440
l_SW_C01_CORE_B_SW_C01_M01_CTRL;l_SW_C01_CORE_B_SW_C01_M01_SENS,8,8,0.022727272727272728,0,0.0,l_SW_C01_CORE_B_SW_C01_M01_CTRL,0,0,0.0,l_SW_C01_CORE_A_SW_C01_M01_SENS,M_REDSTAR,1440,1440
l_SW_C01_CORE_B_SW_C01_M01_CTRL;l_SW_C01_CORE_B_SW_C01_M01_SENS,8,8,0.022727272727272728,0,0.0,l_SW_C01_CORE_B_SW_C01_M01_SENS,0,0,0.0,l_SW_C01_CORE_A_SW_C01_M01_SENS,M_REDSTAR,1440,1440
l_SW_C01_CORE_B_SW_C01_M02_CTRL;l_SW_C01_CORE_B_SW_C01_M02_SENS,8,8,0.022727272727272728,0,0.0,l_SW_C01_CORE_B_SW_C01_M02_CTRL,0,0,0.0,l_SW_C01_CORE_A_SW_C01_M02_SENS,M_REDSTAR,1440,1440
l_SW_C01_CORE_B_SW_C01_M02_CTRL;l_SW_C01_CORE_B_SW_C01_M02_SENS,8,8,0.022727272727272728,0,0.0,l_SW_C01_CORE_B_SW_C01_M02_SENS,0,0,0.0,l_SW_C01_CORE_A_SW_C01_M02_SENS,M_REDSTAR,1440,1440
l_SW_C01_CORE_B_SW_C01_M03_CTRL;l_SW_C01_CORE_B_SW_C01_M03_SENS,8,8,0.022727272727272728,0,0.0,l_SW_C01_CORE_B_SW_C01_M03_CTRL,0,0,0.0,l_SW_C01_CORE_A_SW_C01_M03_SENS,M_REDSTAR,1440,1440
l_SW_C01_CORE_B_SW_C01_M03_CTRL;l_SW_C01_CORE_B_SW_C01_M03_SENS,8,8,0.022727272727272728,0,0.0,l_SW_C01_CORE_B_SW_C01_M03_SENS,0,0,0.0,l_SW_C01_CORE_A_SW_C01_M03_SENS,M_REDSTAR,1440,1440
l_SW_C01_CC_SW_C01_CORE_B;l_SW_C01_CORE_B_SW_FACTORY_CORE_B,2,4,0.011363636363636364,2,0.005714285714285714,l_SW_C01_CORE_B_SW_FACTORY_CORE_B,0,0,0.0,,M_REDSTAR,1440,1440
l_SW_C02_CC_SW_C02_CORE_A;l_SW_C02_CORE_A_SW_FACTORY_CORE_B,8,8,0.022727272727272728,0,0.0,l_SW_C02_CC_SW_C02_CORE_A,0,0,0.0,,M_REDSTAR,1440,1440
l_SW_C02_CC_SW_C02_CORE_B;l_SW_C02_CORE_B_SW_FACTORY_CORE_B,2,2,0.005681818181818182,0,0.0,l_SW_C02_CC_SW_C02_CORE_B,0,0,0.0,,M_REDSTAR,1440,1440
l_SW_C02_CORE_A_SW_C02_M01_ACT,4,4,0.011363636363636364,0,0.0,l_SW_C02_CORE_A_SW_C02_M01_ACT,0,0,0.0,l_SW_C02_CORE_B_SW_C02_M01_ACT,M_REDSTAR,1440,1440
l_SW_C02_CORE_A_SW_C02_M01_ACT;l_SW_C02_CORE_A_SW_C02_M01_CTRL,6,6,0.017045454545454544,0,0.0,l_SW_C02_CORE_A_SW_C02_M01_CTRL,0,0,0.0,l_SW_C02_CORE_B_SW_C02_M01_ACT,M_REDSTAR,1440,1440
l_SW_C02_CORE_A_SW_C02_M02_ACT,4,4,0.011363636363636364,0,0.0,l_SW_C02_CORE_A_SW_C02_M02_ACT,0,0,0.0,l_SW_C02_CORE_B_SW_C02_M02_ACT,M_REDSTAR,1440,1440
l_SW_C02_CORE_A_SW_C02_M02_ACT;l_SW_C02_CORE_A_SW_C02_M02_CTRL,6,6,0.017045454545454544,0,0.0,l_SW_C02_CORE_A_SW_C02_M02_CTRL,0,0,0.0,l_SW_C02_CORE_B_SW_C02_M02_ACT,M_REDSTAR,1440,1440
l_SW_C02_CORE_A_SW_C02_M03_ACT,4,4,0.011363636363636364,0,0.0,l_SW_C02_CORE_A_SW_C02_M03_ACT,0,0,0.0,l_SW_C02_CORE_B_SW_C02_M03_ACT,M_REDSTAR,1440,1440
l_SW_C02_CORE_A_SW_C02_M03_ACT;l_SW_C02_CORE_A_SW_C02_M03_CTRL,6,6,0.017045454545454544,0,0.0,l_SW_C02_CORE_A_SW_C02_M03_CTRL,0,0,0.0,l_SW_C02_CORE_B_SW_C02_M03_ACT,M_REDSTAR,1440,1440
l_SW_C02_CORE_A_SW_FACTORY_CORE_B,2,3,0.008522727272727272,1,0.002857142857142857,l_SW_C02_CORE_A_SW_FACTORY_CORE_B,0,0,0.0,l_SW_C01_CORE_B_SW_FACTORY_CORE_A;l_SW_C02_CORE_A_SW_FACTORY_CORE_A;l_SW_C03_CORE_A_SW_FACTORY_CORE_A;l_SW_C03_CORE_B_SW_FACTORY_CORE_A,M_REDSTAR,1440,1440
l_SW_C02_CORE_B_SW_C02_M01_CTRL;l_SW_C02_CORE_B_SW_C02_M01_SENS,8,8,0.022727272727272728,0,0.0,l_SW_C02_CORE_B_SW_C02_M01_CTRL,0,0,0.0,l_SW_C02_CORE_A_SW_C02_M01_SENS,M_REDSTAR,1440,1440
l_SW_C02_CORE_B_SW_C02_M01_CTRL;l_SW_C02_CORE_B_SW_C02_M01_SENS,8,8,0.022727272727272728,0,0.0,l_SW_C02_CORE_B_SW_C02_M01_SENS,0,0,0.0,l_SW_C02_CORE_A_SW_C02_M01_SENS,M_REDSTAR,1440,1440
l_SW_C02_CORE_B_SW_C02_M02_CTRL;l_SW_C02_CORE_B_SW_C02_M02_SENS,8,8,0.022727272727272728,0,0.0,l_SW_C02_CORE_B_SW_C02_M02_CTRL,0,0,0.0,l_SW_C02_CORE_A_SW_C02_M02_SENS,M_REDSTAR,1440,1440
l_SW_C02_CORE_B_SW_C02_M02_CTRL;l_SW_C02_CORE_B_SW_C02_M02_SENS,8,8,0.022727272727272728,0,0.0,l_SW_C02_CORE_B_SW_C02_M02_SENS,0,0,0.0,l_SW_C02_CORE_A_SW_C02_M02_SENS,M_REDSTAR,1440,1440
l_SW_C02_CORE_B_SW_C02_M03_CTRL;l_SW_C02_CORE_B_SW_C02_M03_SENS,8,8,0.022727272727272728,0,0.0,l_SW_C02_CORE_B_SW_C02_M03_CTRL,0,0,0.0,l_SW_C02_CORE_A_SW_C02_M03_SENS,M_REDSTAR,1440,1440
l_SW_C02_CORE_B_SW_C02_M03_CTRL;l_SW_C02_CORE_B_SW_C02_M03_SENS,8,8,0.022727272727272728,0,0.0,l_SW_C02_CORE_B_SW_C02_M03_SENS,0,0,0.0,l_SW_C02_CORE_A_SW_C02_M03_SENS,M_REDSTAR,1440,1440
l_SW_C02_CORE_B_SW_FACTORY_CORE_B,2,2,0.005681818181818182,0,0.0,l_SW_C02_CORE_B_SW_FACTORY_CORE_B,0,0,0.0,l_SW_C02_CORE_B_SW_FACTORY_CORE_A;l_SW_C03_CORE_A_SW_FACTORY_CORE_A,M_REDSTAR,1440,1440
l_SW_C03_CC_SW_C03_CORE_A;l_SW_C03_CORE_A_SW_FACTORY_CORE_B,8,8,0.022727272727272728,0,0.0,l_SW_C03_CC_SW_C03_CORE_A,0,0,0.0,,M_REDSTAR,1440,1440
l_SW_C03_CC_SW_C03_CORE_B;l_SW_C03_CORE_B_SW_FACTORY_CORE_B,2,2,0.005681818181818182,0,0.0,l_SW_C03_CC_SW_C03_CORE_B,0,0,0.0,,M_REDSTAR,1440,1440
l_SW_C03_CORE_A_SW_C03_M01_ACT,4,4,0.011363636363636364,0,0.0,l_SW_C03_CORE_A_SW_C03_M01_ACT,0,0,0.0,l_SW_C03_CORE_B_SW_C03_M01_ACT,M_REDSTAR,1440,1440
l_SW_C03_CORE_A_SW_C03_M01_ACT;l_SW_C03_CORE_A_SW_C03_M01_CTRL,6,6,0.017045454545454544,0,0.0,l_SW_C03_CORE_A_SW_C03_M01_CTRL,0,0,0.0,l_SW_C03_CORE_B_SW_C03_M01_ACT,M_REDSTAR,1440,1440
l_SW_C03_CORE_A_SW_C03_M02_ACT,4,4,0.011363636363636364,0,0.0,l_SW_C03_CORE_A_SW_C03_M02_ACT,0,0,0.0,l_SW_C03_CORE_B_SW_C03_M02_ACT,M_REDSTAR,1440,1440
l_SW_C03_CORE_A_SW_C03_M02_ACT;l_SW_C03_CORE_A_SW_C03_M02_CTRL,6,6,0.017045454545454544,0,0.0,l_SW_C03_CORE_A_SW_C03_M02_CTRL,0,0,0.0,l_SW_C03_CORE_B_SW_C03_M02_ACT,M_REDSTAR,1440,1440
l_SW_C03_CORE_A_SW_C03_M03_ACT,4,4,0.011363636363636364,0,0.0,l_SW_C03_CORE_A_SW_C03_M03_ACT,0,0,0.0,l_SW_C03_CORE_B_SW_C03_M03_ACT,M_REDSTAR,1440,1440
l_SW_C03_CORE_A_SW_C03_M03_ACT;l_SW_C03_CORE_A_SW_C03_M03_CTRL,6,6,0.017045454545454544,0,0.0,l_SW_C03_CORE_A_SW_C03_M03_CTRL,0,0,0.0,l_SW_C03_CORE_B_SW_C03_M03_ACT,M_REDSTAR,1440,1440
l_SW_C03_CC_SW_C03_CORE_B;l_SW_C03_CORE_A_SW_FACTORY_CORE_B;l_SW_C03_CORE_B_SW_FACTORY_CORE_B,2,4,0.011363636363636364,2,0.005714285714285714,l_SW_C03_CORE_A_SW_FACTORY_CORE_B,0,0,0.0,l_SW_C02_CORE_A_SW_FACTORY_CORE_A;l_SW_C02_CORE_B_SW_FACTORY_CORE_A;l_SW_C03_CORE_A_SW_FACTORY_CORE_A;l_SW_C04_CORE_A_SW_FACTORY_CORE_A;l_SW_C04_CORE_B_SW_FACTORY_CORE_A,M_REDSTAR,1440,1440
l_SW_C03_CORE_B_SW_C03_M01_CTRL;l_SW_C03_CORE_B_SW_C03_M01_SENS,8,8,0.022727272727272728,0,0.0,l_SW_C03_CORE_B_SW_C03_M01_CTRL,0,0,0.0,l_SW_C03_CORE_A_SW_C03_M01_SENS,M_REDSTAR,1440,1440
l_SW_C03_CORE_B_SW_C03_M01_CTRL;l_SW_C03_CORE_B_SW_C03_M01_SENS,8,8,0.022727272727272728,0,0.0,l_SW_C03_CORE_B_SW_C03_M01_SENS,0,0,0.0,l_SW_C03_CORE_A_SW_C03_M01_SENS,M_REDSTAR,1440,1440
l_SW_C03_CORE_B_SW_C03_M02_CTRL;l_SW_C03_CORE_B_SW_C03_M02_SENS,8,8,0.022727272727272728,0,0.0,l_SW_C03_CORE_B_SW_C03_M02_CTRL,0,0,0.0,l_SW_C03_CORE_A_SW_C03_M02_SENS,M_REDSTAR,1440,1440
l_SW_C03_CORE_B_SW_C03_M02_CTRL;l_SW_C03_CORE_B_SW_C03_M02_SENS,8,8,0.022727272727272728,0,0.0,l_SW_C03_CORE_B_SW_C03_M02_SENS,0,0,0.0,l_SW_C03_CORE_A_SW_C03_M02_SENS,M_REDSTAR,1440,1440
l_SW_C03_CORE_B_SW_C03_M03_CTRL;l_SW_C03_CORE_B_SW_C03_M03_SENS,8,8,0.022727272727272728,0,0.0,l_SW_C03_CORE_B_SW_C03_M03_CTRL,0,0,0.0,l_SW_C03_CORE_A_SW_C03_M03_SENS,M_REDSTAR,1440,1440
l_SW_C03_CORE_B_SW_C03_M03_CTRL;l_SW_C03_CORE_B_SW_C03_M03_SENS,8,8,0.022727272727272728,0,0.0,l_SW_C03_CORE_B_SW_C03_M03_SENS,0,0,0.0,l_SW_C03_CORE_A_SW_C03_M03_SENS,M_REDSTAR,1440,1440
l_SW_C03_CORE_B_SW_FACTORY_CORE_B,2,2,0.005681818181818182,0,0.0,l_SW_C03_CORE_B_SW_FACTORY_CORE_B,0,0,0.0,l_SW_C02_CORE_A_SW_FACTORY_CORE_A;l_SW_C03_CORE_B_SW_FACTORY_CORE_A;l_SW_C04_CORE_A_SW_FACTORY_CORE_A,M_REDSTAR,1440,1440
l_SW_C04_CC_SW_C04_CORE_A;l_SW_C04_CORE_A_SW_FACTORY_CORE_B,8,8,0.022727272727272728,0,0.0,l_SW_C04_CC_SW_C04_CORE_A,0,0,0.0,,M_REDSTAR,1440,1440
l_SW_C04_CC_SW_C04_CORE_B;l_SW_C04_CORE_B_SW_FACTORY_CORE_B,2,2,0.005681818181818182,0,0.0,l_SW_C04_CC_SW_C04_CORE_B,0,0,0.0,,M_REDSTAR,1440,1440
l_SW_C04_CORE_A_SW_C04_M01_ACT,4,4,0.011363636363636364,0,0.0,l_SW_C04_CORE_A_SW_C04_M01_ACT,0,0,0.0,l_SW_C04_CORE_B_SW_C04_M01_ACT,M_REDSTAR,1440,1440
l_SW_C04_CORE_A_SW_C04_M01_ACT;l_SW_C04_CORE_A_SW_C04_M01_CTRL,6,6,0.017045454545454544,0,0.0,l_SW_C04_CORE_A_SW_C04_M01_CTRL,0,0,0.0,l_SW_C04_CORE_B_SW_C04_M01_ACT,M_REDSTAR,1440,1440
l_SW_C04_CORE_A_SW_C04_M02_ACT,4,4,0.011363636363636364,0,0.0,l_SW_C04_CORE_A_SW_C04_M02_ACT,0,0,0.0,l_SW_C04_CORE_B_SW_C04_M02_ACT,M_REDSTAR,1440,1440
l_SW_C04_CORE_A_SW_C04_M02_ACT;l_SW_C04_CORE_A_SW_C04_M02_CTRL,6,6,0.017045454545454544,0,0.0,l_SW_C04_CORE_A_SW_C04_M02_CTRL,0,0,0.0,l_SW_C04_CORE_B_SW_C04_M02_ACT,M_REDSTAR,1440,1440
l_SW_C04_CORE_A_SW_C04_M03_ACT,4,4,0.011363636363636364,0,0.0,l_SW_C04_CORE_A_SW_C04_M03_ACT,0,0,0.0,l_SW_C04_CORE_B_SW_C04_M03_ACT,M_REDSTAR,1440,1440
l_SW_C04_CORE_A_SW_C04_M03_ACT;l_SW_C04_CORE_A_SW_C04_M03_CTRL,6,6,0.017045454545454544,0,0.0,l_SW_C04_CORE_A_SW_C04_M03_CTRL,0,0,0.0,l_SW_C04_CORE_B_SW_C04_M03_ACT,M_REDSTAR,1440,1440
l_SW_C04_CC_SW_C04_CORE_B;l_SW_C04_CORE_A_SW_FACTORY_CORE_B;l_SW_C04_CORE_B_SW_FACTORY_CORE_B,2,4,0.011363636363636364,2,0.005714285714285714,l_SW_C04_CORE_A_SW_FACTORY_CORE_B,0,0,0.0,l_SW_C03_CORE_A_SW_FACTORY_CORE_A;l_SW_C03_CORE_B_SW_FACTORY_CORE_A;l_SW_C04_CORE_A_SW_FACTORY_CORE_A;l_SW_C05_CORE_A_SW_FACTORY_CORE_A;l_SW_C05_CORE_B_SW_FACTORY_CORE_A,M_REDSTAR,1440,1440
l_SW_C04_CORE_B_SW_C04_M01_CTRL;l_SW_C04_CORE_B_SW_C04_M01_SENS,8,8,0.022727272727272728,0,0.0,l_SW_C04_CORE_B_SW_C04_M01_CTRL,0,0,0.0,l_SW_C04_CORE_A_SW_C04_M01_SENS,M_REDSTAR,1440,1440
l_SW_C04_CORE_B_SW_C04_M01_CTRL;l_SW_C04_CORE_B_SW_C04_M01_SENS,8,8,0.022727272727272728,0,0.0,l_SW_C04_CORE_B_SW_C04_M01_SENS,0,0,0.0,l_SW_C04_CORE_A_SW_C04_M01_SENS,M_REDSTAR,1440,1440
l_SW_C04_CORE_B_SW_C04_M02_CTRL;l_SW_C04_CORE_B_SW_C04_M02_SENS,8,8,0.022727272727272728,0,0.0,l_SW_C04_CORE_B_SW_C04_M02_CTRL,0,0,0.0,l_SW_C04_CORE_A_SW_C04_M02_SENS,M_REDSTAR,1440,1440
l_SW_C04_CORE_B_SW_C04_M02_CTRL;l_SW_C04_CORE_B_SW_C04_M02_SENS,8,8,0.022727272727272728,0,0.0,l_SW_C04_CORE_B_SW_C04_M02_SENS,0,0,0.0,l_SW_C04_CORE_A_SW_C04_M02_SENS,M_REDSTAR,1440,1440
l_SW_C04_CORE_B_SW_C04_M03_CTRL;l_SW_C04_CORE_B_SW_C04_M03_SENS,8,8,0.022727272727272728,0,0.0,l_SW_C04_CORE_B_SW_C04_M03_CTRL,0,0,0.0,l_SW_C04_CORE_A_SW_C04_M03_SENS,M_REDSTAR,1440,1440
l_SW_C04_CORE_B_SW_C04_M03_CTRL;l_SW_C04_CORE_B_SW_C04_M03_SENS,8,8,0.022727272727272728,0,0.0,l_SW_C04_CORE_B_SW_C04_M03_SENS,0,0,0.0,l_SW_C04_CORE_A_SW_C04_M03_SENS,M_REDSTAR,1440,1440
l_SW_C04_CORE_B_SW_FACTORY_CORE_B,2,2,0.005681818181818182,0,0.0,l_SW_C04_CORE_B_SW_FACTORY_CORE_B,0,0,0.0,l_SW_C03_CORE_A_SW_FACTORY_CORE_A;l_SW_C04_CORE_B_SW_FACTORY_CORE_A;l_SW_C05_CORE_A_SW_FACTORY_CORE_A,M_REDSTAR,1440,1440
l_SW_C05_CC_SW_C05_CORE_A;l_SW_C05_CORE_A_SW_FACTORY_CORE_B,8,8,0.022727272727272728,0,0.0,l_SW_C05_CC_SW_C05_CORE_A,0,0,0.0,,M_REDSTAR,1440,1440
l_SW_C05_CC_SW_C05_CORE_B;l_SW_C05_CORE_B_SW_FACTORY_CORE_B,2,2,0.005681818181818182,0,0.0,l_SW_C05_CC_SW_C05_CORE_B,0,0,0.0,,M_REDSTAR,1440,1440
l_SW_C05_CORE_A_SW_C05_M01_ACT,4,4,0.011363636363636364,0,0.0,l_SW_C05_CORE_A_SW_C05_M01_ACT,0,0,0.0,l_SW_C05_CORE_B_SW_C05_M01_ACT,M_REDSTAR,1440,1440
l_SW_C05_CORE_A_SW_C05_M01_ACT;l_SW_C05_CORE_A_SW_C05_M01_CTRL,6,6,0.017045454545454544,0,0.0,l_SW_C05_CORE_A_SW_C05_M01_CTRL,0,0,0.0,l_SW_C05_CORE_B_SW_C05_M01_ACT,M_REDSTAR,1440,1440
l_SW_C05_CORE_A_SW_C05_M02_ACT,4,4,0.011363636363636364,0,0.0,l_SW_C05_CORE_A_SW_C05_M02_ACT,0,0,0.0,l_SW_C05_CORE_B_SW_C05_M02_ACT,M_REDSTAR,1440,1440
l_SW_C05_CORE_A_SW_C05_M02_ACT;l_SW_C05_CORE_A_SW_C05_M02_CTRL,6,6,0.017045454545454544,0,0.0,l_SW_C05_CORE_A_SW_C05_M02_CTRL,0,0,0.0,l_SW_C05_CORE_B_SW_C05_M02_ACT,M_REDSTAR,1440,1440
l_SW_C05_CORE_A_SW_C05_M03_ACT,4,4,0.011363636363636364,0,0.0,l_SW_C05_CORE_A_SW_C05_M03_ACT,0,0,0.0,l_SW_C05_CORE_B_SW_C05_M03_ACT,M_REDSTAR,1440,1440
l_SW_C05_CORE_A_SW_C05_M03_ACT;l_SW_C05_CORE_A_SW_C05_M03_CTRL,6,6,0.017045454545454544,0,0.0,l_SW_C05_CORE_A_SW_C05_M03_CTRL,0,0,0.0,l_SW_C05_CORE_B_SW_C05_M03_ACT,M_REDSTAR,1440,1440
l_SW_C05_CORE_A_SW_FACTORY_CORE_B,2,3,0.008522727272727272,1,0.002857142857142857,l_SW_C05_CORE_A_SW_FACTORY_CORE_B,0,0,0.0,l_SW_C04_CORE_A_SW_FACTORY_CORE_A;l_SW_C04_CORE_B_SW_FACTORY_CORE_A;l_SW_C05_CORE_A_SW_FACTORY_CORE_A;l_SW_C06_CORE_B_SW_FACTORY_CORE_A,M_REDSTAR,1440,1440
l_SW_C05_CORE_B_SW_C05_M01_CTRL;l_SW_C05_CORE_B_SW_C05_M01_SENS,8,8,0.022727272727272728,0,0.0,l_SW_C05_CORE_B_SW_C05_M01_CTRL,0,0,0.0,l_SW_C05_CORE_A_SW_C05_M01_SENS,M_REDSTAR,1440,1440
l_SW_C05_CORE_B_SW_C05_M01_CTRL;l_SW_C05_CORE_B_SW_C05_M01_SENS,8,8,0.022727272727272728,0,0.0,l_SW_C05_CORE_B_SW_C05_M01_SENS,0,0,0.0,l_SW_C05_CORE_A_SW_C05_M01_SENS,M_REDSTAR,1440,1440
l_SW_C05_CORE_B_SW_C05_M02_CTRL;l_SW_C05_CORE_B_SW_C05_M02_SENS,8,8,0.022727272727272728,0,0.0,l_SW_C05_CORE_B_SW_C05_M02_CTRL,0,0,0.0,l_SW_C05_CORE_A_SW_C05_M02_SENS,M_REDSTAR,1440,1440
l_SW_C05_CORE_B_SW_C05_M02_CTRL;l_SW_C05_CORE_B_SW_C05_M02_SENS,8,8,0.022727272727272728,0,0.0,l_SW_C05_CORE_B_SW_C05_M02_SENS,0,0,0.0,l_SW_C05_CORE_A_SW_C05_M02_SENS,M_REDSTAR,1440,1440
l_SW_C05_CORE_B_SW_C05_M03_CTRL;l_SW_C05_CORE_B_SW_C05_M03_SENS,8,8,0.022727272727272728,0,0.0,l_SW_C05_CORE_B_SW_C05_M03_CTRL,0,0,0.0,l_SW_C05_CORE_A_SW_C05_M03_SENS,M_REDSTAR,1440,1440
l_SW_C05_CORE_B_SW_C05_M03_CTRL;l_SW_C05_CORE_B_SW_C05_M03_SENS,8,8,0.022727272727272728,0,0.0,l_SW_C05_CORE_B_SW_C05_M03_SENS,0,0,0.0,l_SW_C05_CORE_A_SW_C05_M03_SENS,M_REDSTAR,1440,1440
l_SW_C05_CORE_B_SW_FACTORY_CORE_B,2,2,0.005681818181818182,0,0.0,l_SW_C05_CORE_B_SW_FACTORY_CORE_B,0,0,0.0,l_SW_C04_CORE_A_SW_FACTORY_CORE_A;l_SW_C05_CORE_B_SW_FACTORY_CORE_A,M_REDSTAR,1440,1440
l_SW_C06_CC_SW_C06_CORE_A;l_SW_C06_CORE_A_SW_FACTORY_CORE_B,8,8,0.022727272727272728,0,0.0,l_SW_C06_CC_SW_C06_CORE_A,0,0,0.0,,M_REDSTAR,1440,1440
l_SW_C06_CC_SW_C06_CORE_B;l_SW_C06_CORE_B_SW_FACTORY_CORE_B,2,2,0.005681818181818182,0,0.0,l_SW_C06_CC_SW_C06_CORE_B,0,0,0.0,,M_REDSTAR,1440,1440
l_SW_C06_CORE_A_SW_C06_M01_ACT,4,4,0.011363636363636364,0,0.0,l_SW_C06_CORE_A_SW_C06_M01_ACT,0,0,0.0,l_SW_C06_CORE_B_SW_C06_M01_ACT,M_REDSTAR,1440,1440
l_SW_C06_CORE_A_SW_C06_M01_ACT;l_SW_C06_CORE_A_SW_C06_M01_CTRL,6,6,0.017045454545454544,0,0.0,l_SW_C06_CORE_A_SW_C06_M01_CTRL,0,0,0.0,l_SW_C06_CORE_B_SW_C06_M01_ACT,M_REDSTAR,1440,1440
l_SW_C06_CORE_A_SW_C06_M02_ACT,4,4,0.011363636363636364,0,0.0,l_SW_C06_CORE_A_SW_C06_M02_ACT,0,0,0.0,l_SW_C06_CORE_B_SW_C06_M02_ACT,M_REDSTAR,1440,1440
l_SW_C06_CORE_A_SW_C06_M02_ACT;l_SW_C06_CORE_A_SW_C06_M02_CTRL,6,6,0.017045454545454544,0,0.0,l_SW_C06_CORE_A_SW_C06_M02_CTRL,0,0,0.0,l_SW_C06_CORE_B_SW_C06_M02_ACT,M_REDSTAR,1440,1440
l_SW_C06_CORE_A_SW_C06_M03_ACT,4,4,0.011363636363636364,0,0.0,l_SW_C06_CORE_A_SW_C06_M03_ACT,0,0,0.0,l_SW_C06_CORE_B_SW_C06_M03_ACT,M_REDSTAR,1440,1440
l_SW_C06_CORE_A_SW_C06_M03_ACT;l_SW_C06_CORE_A_SW_C06_M03_CTRL,6,6,0.017045454545454544,0,0.0,l_SW_C06_CORE_A_SW_C06_M03_CTRL,0,0,0.0,l_SW_C06_CORE_B_SW_C06_M03_ACT,M_REDSTAR,1440,1440
l_SW_C06_CORE_A_SW_FACTORY_CORE_B,2,2,0.005681818181818182,0,0.0,l_SW_C06_CORE_A_SW_FACTORY_CORE_B,0,0,0.0,l_SW_C05_CORE_B_SW_FACTORY_CORE_A;l_SW_C06_CORE_A_SW_FACTORY_CORE_A;l_SW_C07_CORE_B_SW_FACTORY_CORE_A,M_REDSTAR,1440,1440
l_SW_C06_CORE_B_SW_C06_M01_CTRL;l_SW_C06_CORE_B_SW_C06_M01_SENS,8,8,0.022727272727272728,0,0.0,l_SW_C06_CORE_B_SW_C06_M01_CTRL,0,0,0.0,l_SW_C06_CORE_A_SW_C06_M01_SENS,M_REDSTAR,1440,1440
l_SW_C06_CORE_B_SW_C06_M01_CTRL;l_SW_C06_CORE_B_SW_C06_M01_SENS,8,8,0.022727272727272728,0,0.0,l_SW_C06_CORE_B_SW_C06_M01_SENS,0,0,0.0,l_SW_C06_CORE_A_SW_C06_M01_SENS,M_REDSTAR,1440,1440
l_SW_C06_CORE_B_SW_C06_M02_CTRL;l_SW_C06_CORE_B_SW_C06_M02_SENS,8,8,0.022727272727272728,0,0.0,l_SW_C06_CORE_B_SW_C06_M02_CTRL,0,0,0.0,l_SW_C06_CORE_A_SW_C06_M02_SENS,M_REDSTAR,1440,1440
l_SW_C06_CORE_B_SW_C06_M02_CTRL;l_SW_C06_CORE_B_SW_C06_M02_SENS,8,8,0.022727272727272728,0,0.0,l_SW_C06_CORE_B_SW_C06_M02_SENS,0,0,0.0,l_SW_C06_CORE_A_SW_C06_M02_SENS,M_REDSTAR,1440,1440
l_SW_C06_CORE_B_SW_C06_M03_CTRL;l_SW_C06_CORE_B_SW_C06_M03_SENS,8,8,0.022727272727272728,0,0.0,l_SW_C06_CORE_B_SW_C06_M03_CTRL,0,0,0.0,l_SW_C06_CORE_A_SW_C06_M03_SENS,M_REDSTAR,1440,1440
l_SW_C06_CORE_B_SW_C06_M03_CTRL;l_SW_C06_CORE_B_SW_C06_M03_SENS,8,8,0.022727272727272728,0,0.0,l_SW_C06_CORE_B_SW_C06_M03_SENS,0,0,0.0,l_SW_C06_CORE_A_SW_C06_M03_SENS,M_REDSTAR,1440,1440
l_SW_C06_CC_SW_C06_CORE_B;l_SW_C06_CORE_B_SW_FACTORY_CORE_B,2,2,0.005681818181818182,0,0.0,l_SW_C06_CORE_B_SW_FACTORY_CORE_B,0,0,0.0,,M_REDSTAR,1440,1440
l_SW_C07_CC_SW_C07_CORE_A;l_SW_C07_CORE_A_SW_FACTORY_CORE_B,8,8,0.022727272727272728,0,0.0,l_SW_C07_CC_SW_C07_CORE_A,0,0,0.0,,M_REDSTAR,1440,1440
l_SW_C07_CC_SW_C07_CORE_B;l_SW_C07_CORE_B_SW_FACTORY_CORE_B,2,2,0.005681818181818182,0,0.0,l_SW_C07_CC_SW_C07_CORE_B,0,0,0.0,,M_REDSTAR,1440,1440
l_SW_C07_CORE_A_SW_C07_M01_ACT,4,4,0.011363636363636364,0,0.0,l_SW_C07_CORE_A_SW_C07_M01_ACT,0,0,0.0,l_SW_C07_CORE_B_SW_C07_M01_ACT,M_REDSTAR,1440,1440
l_SW_C07_CORE_A_SW_C07_M01_ACT;l_SW_C07_CORE_A_SW_C07_M01_CTRL,6,6,0.017045454545454544,0,0.0,l_SW_C07_CORE_A_SW_C07_M01_CTRL,0,0,0.0,l_SW_C07_CORE_B_SW_C07_M01_ACT,M_REDSTAR,1440,1440
l_SW_C07_CORE_A_SW_C07_M02_ACT,4,4,0.011363636363636364,0,0.0,l_SW_C07_CORE_A_SW_C07_M02_ACT,0,0,0.0,l_SW_C07_CORE_B_SW_C07_M02_ACT,M_REDSTAR,1440,1440
l_SW_C07_CORE_A_SW_C07_M02_ACT;l_SW_C07_CORE_A_SW_C07_M02_CTRL,6,6,0.017045454545454544,0,0.0,l_SW_C07_CORE_A_SW_C07_M02_CTRL,0,0,0.0,l_SW_C07_CORE_B_SW_C07_M02_ACT,M_REDSTAR,1440,1440
l_SW_C07_CORE_A_SW_C07_M03_ACT,4,4,0.011363636363636364,0,0.0,l_SW_C07_CORE_A_SW_C07_M03_ACT,0,0,0.0,l_SW_C07_CORE_B_SW_C07_M03_ACT,M_REDSTAR,1440,1440
l_SW_C07_CORE_A_SW_C07_M03_ACT;l_SW_C07_CORE_A_SW_C07_M03_CTRL,6,6,0.017045454545454544,0,0.0,l_SW_C07_CORE_A_SW_C07_M03_CTRL,0,0,0.0,l_SW_C07_CORE_B_SW_C07_M03_ACT,M_REDSTAR,1440,1440
l_SW_C07_CORE_A_SW_FACTORY_CORE_B,2,2,0.005681818181818182,0,0.0,l_SW_C07_CORE_A_SW_FACTORY_CORE_B,0,0,0.0,l_SW_C06_CORE_B_SW_FACTORY_CORE_A;l_SW_C07_CORE_A_SW_FACTORY_CORE_A;l_SW_C08_CORE_B_SW_FACTORY_CORE_A,M_REDSTAR,1440,1440
l_SW_C07_CORE_B_SW_C07_M01_CTRL;l_SW_C07_CORE_B_SW_C07_M01_SENS,8,8,0.022727272727272728,0,0.0,l_SW_C07_CORE_B_SW_C07_M01_CTRL,0,0,0.0,l_SW_C07_CORE_A_SW_C07_M01_SENS,M_REDSTAR,1440,1440
l_SW_C07_CORE_B_SW_C07_M01_CTRL;l_SW_C07_CORE_B_SW_C07_M01_SENS,8,8,0.022727272727272728,0,0.0,l_SW_C07_CORE_B_SW_C07_M01_SENS,0,0,0.0,l_SW_C07_CORE_A_SW_C07_M01_SENS,M_REDSTAR,1440,1440
l_SW_C07_CORE_B_SW_C07_M02_CTRL;l_SW_C07_CORE_B_SW_C07_M02_SENS,8,8,0.022727272727272728,0,0.0,l_SW_C07_CORE_B_SW_C07_M02_CTRL,0,0,0.0,l_SW_C07_CORE_A_SW_C07_M02_SENS,M_REDSTAR,1440,1440
l_SW_C07_CORE_B_SW_C07_M02_CTRL;l_SW_C07_CORE_B_SW_C07_M02_SENS,8,8,0.022727272727272728,0,0.0,l_SW_C07_CORE_B_SW_C07_M02_SENS,0,0,0.0,l_SW_C07_CORE_A_SW_C07_M02_SENS,M_REDSTAR,1440,1440
l_SW_C07_CORE_B_SW_C07_M03_CTRL;l_SW_C07_CORE_B_SW_C07_M03_SENS,8,8,0.022727272727272728,0,0.0,l_SW_C07_CORE_B_SW_C07_M03_CTRL,0,0,0.0,l_SW_C07_CORE_A_SW_C07_M03_SENS,M_REDSTAR,1440,1440
l_SW_C07_CORE_B_SW_C07_M03_CTRL;l_SW_C07_CORE_B_SW_C07_M03_SENS,8,8,0.022727272727272728,0,0.0,l_SW_C07_CORE_B_SW_C07_M03_SENS,0,0,0.0,l_SW_C07_CORE_A_SW_C07_M03_SENS,M_REDSTAR,1440,1440
l_SW_C07_CC_SW_C07_CORE_B;l_SW_C07_CORE_B_SW_FACTORY_CORE_B,2,2,0.005681818181818182,0,0.0,l_SW_C07_CORE_B_SW_FACTORY_CORE_B,0,0,0.0,,M_REDSTAR,1440,1440
l_SW_C08_CC_SW_C08_CORE_A;l_SW_C08_CORE_A_SW_FACTORY_CORE_B,8,8,0.022727272727272728,0,0.0,l_SW_C08_CC_SW_C08_CORE_A,0,0,0.0,,M_REDSTAR,1440,1440
l_SW_C08_CC_SW_C08_CORE_B;l_SW_C08_CORE_B_SW_FACTORY_CORE_B,2,2,0.005681818181818182,0,0.0,l_SW_C08_CC_SW_C08_CORE_B,0,0,0.0,,M_REDSTAR,1440,1440
l_SW_C08_CORE_A_SW_C08_M01_ACT,4,4,0.011363636363636364,0,0.0,l_SW_C08_CORE_A_SW_C08_M01_ACT,0,0,0.0,l_SW_C08_CORE_B_SW_C08_M01_ACT,M_REDSTAR,1440,1440
l_SW_C08_CORE_A_SW_C08_M01_ACT;l_SW_C08_CORE_A_SW_C08_M01_CTRL,6,6,0.017045454545454544,0,0.0,l_SW_C08_CORE_A_SW_C08_M01_CTRL,0,0,0.0,l_SW_C08_CORE_B_SW_C08_M01_ACT,M_REDSTAR,1440,1440
l_SW_C08_CORE_A_SW_C08_M02_ACT,4,4,0.011363636363636364,0,0.0,l_SW_C08_CORE_A_SW_C08_M02_ACT,0,0,0.0,l_SW_C08_CORE_B_SW_C08_M02_ACT,M_REDSTAR,1440,1440
l_SW_C08_CORE_A_SW_C08_M02_ACT;l_SW_C08_CORE_A_SW_C08_M02_CTRL,6,6,0.017045454545454544,0,0.0,l_SW_C08_CORE_A_SW_C08_M02_CTRL,0,0,0.0,l_SW_C08_CORE_B_SW_C08_M02_ACT,M_REDSTAR,1440,1440
l_SW_C08_CORE_A_SW_C08_M03_ACT,4,4,0.011363636363636364,0,0.0,l_SW_C08_CORE_A_SW_C08_M03_ACT,0,0,0.0,l_SW_C08_CORE_B_SW_C08_M03_ACT,M_REDSTAR,1440,1440
l_SW_C08_CORE_A_SW_C08_M03_ACT;l_SW_C08_CORE_A_SW_C08_M03_CTRL,6,6,0.017045454545454544,0,0.0,l_SW_C08_CORE_A_SW_C08_M03_CTRL,0,0,0.0,l_SW_C08_CORE_B_SW_C08_M03_ACT,M_REDSTAR,1440,1440
l_SW_C08_CORE_A_SW_FACTORY_CORE_B,2,2,0.005681818181818182,0,0.0,l_SW_C08_CORE_A_SW_FACTORY_CORE_B,0,0,0.0,l_SW_C01_CORE_B_SW_FACTORY_CORE_A;l_SW_C07_CORE_B_SW_FACTORY_CORE_A;l_SW_C08_CORE_A_SW_FACTORY_CORE_A,M_REDSTAR,1440,1440
l_SW_C08_CORE_B_SW_C08_M01_CTRL;l_SW_C08_CORE_B_SW_C08_M01_SENS,8,8,0.022727272727272728,0,0.0,l_SW_C08_CORE_B_SW_C08_M01_CTRL,0,0,0.0,l_SW_C08_CORE_A_SW_C08_M01_SENS,M_REDSTAR,1440,1440
l_SW_C08_CORE_B_SW_C08_M01_CTRL;l_SW_C08_CORE_B_SW_C08_M01_SENS,8,8,0.022727272727272728,0,0.0,l_SW_C08_CORE_B_SW_C08_M01_SENS,0,0,0.0,l_SW_C08_CORE_A_SW_C08_M01_SENS,M_REDSTAR,1440,1440
l_SW_C08_CORE_B_SW_C08_M02_CTRL;l_SW_C08_CORE_B_SW_C08_M02_SENS,8,8,0.022727272727272728,0,0.0,l_SW_C08_CORE_B_SW_C08_M02_CTRL,0,0,0.0,l_SW_C08_CORE_A_SW_C08_M02_SENS,M_REDSTAR,1440,1440
l_SW_C08_CORE_B_SW_C08_M02_CTRL;l_SW_C08_CORE_B_SW_C08_M02_SENS,8,8,0.022727272727272728,0,0.0,l_SW_C08_CORE_B_SW_C08_M02_SENS,0,0,0.0,l_SW_C08_CORE_A_SW_C08_M02_SENS,M_REDSTAR,1440,1440
l_SW_C08_CORE_B_SW_C08_M03_CTRL;l_SW_C08_CORE_B_SW_C08_M03_SENS,8,8,0.022727272727272728,0,0.0,l_SW_C08_CORE_B_SW_C08_M03_CTRL,0,0,0.0,l_SW_C08_CORE_A_SW_C08_M03_SENS,M_REDSTAR,1440,1440
l_SW_C08_CORE_B_SW_C08_M03_CTRL;l_SW_C08_CORE_B_SW_C08_M03_SENS,8,8,0.022727272727272728,0,0.0,l_SW_C08_CORE_B_SW_C08_M03_SENS,0,0,0.0,l_SW_C08_CORE_A_SW_C08_M03_SENS,M_REDSTAR,1440,1440
l_SW_C08_CC_SW_C08_CORE_B;l_SW_C08_CORE_B_SW_FACTORY_CORE_B,2,2,0.005681818181818182,0,0.0,l_SW_C08_CORE_B_SW_FACTORY_CORE_B,0,0,0.0,,M_REDSTAR,1440,1440
l_SW_BB_C01_A_SW_BB_C01_B,1,1,0.002840909090909091,0,0.0,l_SW_BB_C01_A_SW_BB_C01_B,0,0,0.0,,M_ROR,1200,1200
l_SW_BB_C01_A_SW_BB_C08_B;l_SW_BB_C08_A_SW_BB_C08_B;l_SW_C08_M01_SENS_SW_C08_M02_ACT,2,3,0.008522727272727272,1,0.002857142857142857,l_SW_BB_C01_A_SW_BB_C08_B,24,12,8.0,,M_ROR,1200,1224
l_SW_BB_C01_A_SW_C01_CC,3,4,0.011363636363636364,1,0.0028653295128939827,l_SW_BB_C01_A_SW_C01_CC,4,2,1.0,l_SW_BB_C08_B_SW_C08_M01_ACT;l_SW_C01_M01_SENS_SW_C01_M02_ACT,M_ROR,1200,1204
l_SW_BB_C01_A_SW_BB_C01_B;l_SW_BB_C01_B_SW_BB_C02_A;l_SW_BB_C01_B_SW_C01_M01_ACT;l_SW_C02_M01_SENS_SW_C02_M02_ACT,2,4,0.011363636363636364,2,0.005714285714285714,l_SW_BB_C01_B_SW_BB_C02_A,24,12,6.0,l_SW_C01_M01_SENS_SW_C01_M02_ACT,M_ROR,1200,1224
l_SW_BB_C01_B_SW_C01_M01_ACT,1,1,0.002840909090909091,0,0.0,l_SW_BB_C01_B_SW_C01_M01_ACT,0,0,0.0,,M_ROR,1200,1200
l_SW_BB_C01_B_SW_C01_M01_ACT;l_SW_BB_C02_A_SW_BB_C02_B;l_SW_C02_M01_SENS_SW_C02_M02_ACT,1,3,0.008522727272727272,2,0.005698005698005698,l_SW_BB_C02_A_SW_BB_C02_B,0,0,0.0,,M_ROR,1200,1200
l_SW_BB_C02_A_SW_C02_CC,3,3,0.008522727272727272,0,0.0,l_SW_BB_C02_A_SW_C02_CC,4,2,1.3333333333333333,,M_ROR,1200,1204
l_SW_BB_C02_A_SW_BB_C02_B;l_SW_BB_C02_B_SW_BB_C03_A;l_SW_BB_C02_B_SW_C02_M01_ACT;l_SW_C02_M01_SENS_SW_C02_M02_ACT;l_SW_C03_M01_SENS_SW_C03_M02_ACT,2,4,0.011363636363636364,2,0.005714285714285714,l_SW_BB_C02_B_SW_BB_C03_A,24,12,6.0,,M_ROR,1200,1224
l_SW_BB_C02_B_SW_C02_M01_ACT,1,1,0.002840909090909091,0,0.0,l_SW_BB_C02_B_SW_C02_M01_ACT,0,0,0.0,,M_ROR,1200,1200
l_SW_BB_C02_B_SW_C02_M01_ACT;l_SW_BB_C03_A_SW_BB_C03_B;l_SW_C03_M01_SENS_SW_C03_M02_ACT,1,3,0.008522727272727272,2,0.005698005698005698,l_SW_BB_C03_A_SW_BB_C03_B,0,0,0.0,,M_ROR,1200,1200
l_SW_BB_C03_A_SW_C03_CC,3,3,0.008522727272727272,0,0.0,l_SW_BB_C03_A_SW_C03_CC,4,2,1.3333333333333333,,M_ROR,1200,1204
l_SW_BB_C03_A_SW_BB_C03_B;l_SW_BB_C03_B_SW_BB_C04_A;l_SW_BB_C03_B_SW_C03_M01_ACT;l_SW_C03_M01_SENS_SW_C03_M02_ACT;l_SW_C04_M01_SENS_SW_C04_M02_ACT,2,4,0.011363636363636364,2,0.005714285714285714,l_SW_BB_C03_B_SW_BB_C04_A,24,12,6.0,,M_ROR,1200,1224
l_SW_BB_C03_B_SW_C03_M01_ACT,1,1,0.002840909090909091,0,0.0,l_SW_BB_C03_B_SW_C03_M01_ACT,0,0,0.0,,M_ROR,1200,1200
l_SW_BB_C03_B_SW_C03_M01_ACT;l_SW_BB_C04_A_SW_BB_C04_B;l_SW_C04_M01_SENS_SW_C04_M02_ACT,1,3,0.008522727272727272,2,0.005698005698005698,l_SW_BB_C04_A_SW_BB_C04_B,0,0,0.0,,M_ROR,1200,1200
l_SW_BB_C04_A_SW_C04_CC,3,3,0.008522727272727272,0,0.0,l_SW_BB_C04_A_SW_C04_CC,4,2,1.3333333333333333,,M_ROR,1200,1204
l_SW_BB_C04_A_SW_BB_C04_B;l_SW_BB_C04_B_SW_BB_C05_A;l_SW_BB_C04_B_SW_C04_M01_ACT;l_SW_C04_M01_SENS_SW_C04_M02_ACT;l_SW_C05_M01_SENS_SW_C05_M02_ACT,2,4,0.011363636363636364,2,0.005714285714285714,l_SW_BB_C04_B_SW_BB_C05_A,24,12,6.0,,M_ROR,1200,1224
l_SW_BB_C04_B_SW_C04_M01_ACT,1,1,0.002840909090909091,0,0.0,l_SW_BB_C04_B_SW_C04_M01_ACT,0,0,0.0,,M_ROR,1200,1200
l_SW_BB_C04_B_SW_C04_M01_ACT;l_SW_BB_C05_A_SW_BB_C05_B;l_SW_C05_M01_SENS_SW_C05_M02_ACT,1,3,0.008522727272727272,2,0.005698005698005698,l_SW_BB_C05_A_SW_BB_C05_B,0,0,0.0,,M_ROR,1200,1200
l_SW_BB_C05_A_SW_C05_CC,3,3,0.008522727272727272,0,0.0,l_SW_BB_C05_A_SW_C05_CC,4,2,1.3333333333333333,,M_ROR,1200,1204
l_SW_BB_C05_A_SW_BB_C05_B;l_SW_BB_C05_B_SW_BB_C06_A;l_SW_BB_C05_B_SW_C05_M01_ACT;l_SW_C05_M01_SENS_SW_C05_M02_ACT;l_SW_C06_M01_SENS_SW_C06_M02_ACT,2,4,0.011363636363636364,2,0.005714285714285714,l_SW_BB_C05_B_SW_BB_C06_A,24,12,6.0,,M_ROR,1200,1224
l_SW_BB_C05_B_SW_C05_M01_ACT,1,1,0.002840909090909091,0,0.0,l_SW_BB_C05_B_SW_C05_M01_ACT,0,0,0.0,,M_ROR,1200,1200
l_SW_BB_C05_B_SW_C05_M01_ACT;l_SW_BB_C06_A_SW_BB_C06_B;l_SW_C06_M01_SENS_SW_C06_M02_ACT,1,3,0.008522727272727272,2,0.005698005698005698,l_SW_BB_C06_A_SW_BB_C06_B,0,0,0.0,,M_ROR,1200,1200
l_SW_BB_C06_A_SW_C06_CC,3,3,0.008522727272727272,0,0.0,l_SW_BB_C06_A_SW_C06_CC,4,2,1.3333333333333333,,M_ROR,1200,1204
l_SW_BB_C06_A_SW_BB_C06_B;l_SW_BB_C06_B_SW_BB_C07_A;l_SW_BB_C06_B_SW_C06_M01_ACT;l_SW_C06_M01_SENS_SW_C06_M02_ACT;l_SW_C07_M01_SENS_SW_C07_M02_ACT,2,4,0.011363636363636364,2,0.005714285714285714,l_SW_BB_C06_B_SW_BB_C07_A,24,12,6.0,,M_ROR,1200,1224
l_SW_BB_C06_B_SW_C06_M01_ACT,1,1,0.002840909090909091,0,0.0,l_SW_BB_C06_B_SW_C06_M01_ACT,0,0,0.0,,M_ROR,1200,1200
l_SW_BB_C06_B_SW_C06_M01_ACT;l_SW_BB_C07_A_SW_BB_C07_B;l_SW_C07_M01_SENS_SW_C07_M02_ACT,1,3,0.008522727272727272,2,0.005698005698005698,l_SW_BB_C07_A_SW_BB_C07_B,0,0,0.0,,M_ROR,1200,1200
l_SW_BB_C07_A_SW_C07_CC,3,3,0.008522727272727272,0,0.0,l_SW_BB_C07_A_SW_C07_CC,4,2,1.3333333333333333,,M_ROR,1200,1204
l_SW_BB_C07_A_SW_BB_C07_B;l_SW_BB_C07_B_SW_BB_C08_A;l_SW_BB_C07_B_SW_C07_M01_ACT;l_SW_C07_M01_SENS_SW_C07_M02_ACT;l_SW_C08_M01_SENS_SW_C08_M02_ACT,2,4,0.011363636363636364,2,0.005714285714285714,l_SW_BB_C07_B_SW_BB_C08_A,24,12,6.0,l_SW_BB_C08_B_SW_C08_M01_ACT,M_ROR,1200,1224
l_SW_BB_C07_B_SW_C07_M01_ACT,1,1,0.002840909090909091,0,0.0,l_SW_BB_C07_B_SW_C07_M01_ACT,0,0,0.0,,M_ROR,1200,1200
l_SW_BB_C07_B_SW_C07_M01_ACT;l_SW_BB_C08_A_SW_BB_C08_B;l_SW_C08_M01_SENS_SW_C08_M02_ACT,2,5,0.014204545454545454,3,0.008571428571428572,l_SW_BB_C08_A_SW_BB_C08_B,0,0,0.0,l_SW_BB_C08_B_SW_C08_M01_ACT;l_SW_C01_M01_SENS_SW_C01_M02_ACT,M_ROR,1200,1200
l_SW_BB_C08_A_SW_C08_CC,4,4,0.011363636363636364,0,0.0,l_SW_BB_C08_A_SW_C08_CC,4,2,1.0,l_SW_BB_C08_B_SW_C08_M01_ACT,M_ROR,1200,1204
l_SW_C01_CC_SW_C01_M01_ACT,3,3,0.008522727272727272,0,0.0,l_SW_C01_CC_SW_C01_M01_ACT,4,2,1.3333333333333333,,M_ROR,1200,1204
l_SW_C01_CC_SW_C01_M03_SENS,4,4,0.011363636363636364,0,0.0,l_SW_C01_CC_SW_C01_M03_SENS,12,6,3.0,l_SW_C01_M01_SENS_SW_C01_M02_ACT,M_ROR,1200,1212
l_SW_C01_M01_ACT_SW_C01_M01_CTRL,6,6,0.017045454545454544,0,0.0,l_SW_C01_M01_ACT_SW_C01_M01_CTRL,44,8,7.333333333333333,l_SW_C01_M01_SENS_SW_C01_M02_ACT,M_ROR,1200,1244
l_SW_C01_M01_CTRL_SW_C01_M01_SENS,8,9,0.02556818181818182,1,0.0029069767441860465,l_SW_C01_M01_CTRL_SW_C01_M01_SENS,64,8,7.111111111111111,l_SW_BB_C08_B_SW_C08_M01_ACT;l_SW_C01_M01_SENS_SW_C01_M02_ACT,M_ROR,1200,1264
l_SW_C01_M02_ACT_SW_C01_M02_CTRL,4,4,0.011363636363636364,0,0.0,l_SW_C01_M02_ACT_SW_C01_M02_CTRL,32,8,8.0,l_SW_C01_M01_SENS_SW_C01_M02_ACT,M_ROR,1200,1232
l_SW_C01_M02_CTRL_SW_C01_M02_SENS,10,10,0.028409090909090908,0,0.0,l_SW_C01_M02_CTRL_SW_C01_M02_SENS,64,8,6.4,l_SW_C01_M01_SENS_SW_C01_M02_ACT,M_ROR,1200,1264
l_SW_C01_M02_SENS_SW_C01_M03_ACT,2,2,0.005681818181818182,0,0.0,l_SW_C01_M02_SENS_SW_C01_M03_ACT,0,0,0.0,l_SW_C01_M01_SENS_SW_C01_M02_ACT,M_ROR,1200,1200
l_SW_C01_M03_ACT_SW_C01_M03_CTRL,6,7,0.019886363636363636,1,0.002890173410404624,l_SW_C01_M03_ACT_SW_C01_M03_CTRL,32,8,4.571428571428571,l_SW_BB_C08_B_SW_C08_M01_ACT;l_SW_C01_M01_SENS_SW_C01_M02_ACT,M_ROR,1200,1232
l_SW_C01_M03_CTRL_SW_C01_M03_SENS,12,13,0.036931818181818184,1,0.0029411764705882353,l_SW_C01_M03_CTRL_SW_C01_M03_SENS,76,8,5.846153846153846,l_SW_BB_C08_B_SW_C08_M01_ACT;l_SW_C01_M01_SENS_SW_C01_M02_ACT,M_ROR,1200,1276
l_SW_C02_CC_SW_C02_M01_ACT;l_SW_C02_M01_SENS_SW_C02_M02_ACT,4,4,0.011363636363636364,0,0.0,l_SW_C02_CC_SW_C02_M01_ACT,4,2,1.0,,M_ROR,1200,1204
l_SW_C02_CC_SW_C02_M03_SENS,3,3,0.008522727272727272,0,0.0,l_SW_C02_CC_SW_C02_M03_SENS,12,6,4.0,,M_ROR,1200,1212
l_SW_C02_M01_ACT_SW_C02_M01_CTRL,7,7,0.019886363636363636,0,0.0,l_SW_C02_M01_ACT_SW_C02_M01_CTRL,44,8,6.285714285714286,,M_ROR,1200,1244
l_SW_C02_M01_CTRL_SW_C02_M01_SENS,9,9,0.02556818181818182,0,0.0,l_SW_C02_M01_CTRL_SW_C02_M01_SENS,64,8,7.111111111111111,,M_ROR,1200,1264
l_SW_C02_M01_SENS_SW_C02_M02_ACT,1,1,0.002840909090909091,0,0.0,l_SW_C02_M01_SENS_SW_C02_M02_ACT,0,0,0.0,,M_ROR,1200,1200
l_SW_C02_M02_ACT_SW_C02_M02_CTRL,5,5,0.014204545454545454,0,0.0,l_SW_C02_M02_ACT_SW_C02_M02_CTRL,32,8,6.4,,M_ROR,1200,1232
l_SW_C02_M02_CTRL_SW_C02_M02_SENS,9,9,0.02556818181818182,0,0.0,l_SW_C02_M02_CTRL_SW_C02_M02_SENS,64,8,7.111111111111111,,M_ROR,1200,1264
l_SW_C02_M02_SENS_SW_C02_M03_ACT,1,1,0.002840909090909091,0,0.0,l_SW_C02_M02_SENS_SW_C02_M03_ACT,0,0,0.0,,M_ROR,1200,1200
l_SW_C02_M03_ACT_SW_C02_M03_CTRL,5,5,0.014204545454545454,0,0.0,l_SW_C02_M03_ACT_SW_C02_M03_CTRL,32,8,6.4,,M_ROR,1200,1232
l_SW_C02_M03_CTRL_SW_C02_M03_SENS,11,11,0.03125,0,0.0,l_SW_C02_M03_CTRL_SW_C02_M03_SENS,76,8,6.909090909090909,,M_ROR,1200,1276
l_SW_C03_CC_SW_C03_M01_ACT;l_SW_C03_M01_SENS_SW_C03_M02_ACT,4,4,0.011363636363636364,0,0.0,l_SW_C03_CC_SW_C03_M01_ACT,4,2,1.0,,M_ROR,1200,1204
l_SW_C03_CC_SW_C03_M03_SENS,3,3,0.008522727272727272,0,0.0,l_SW_C03_CC_SW_C03_M03_SENS,12,6,4.0,,M_ROR,1200,1212
l_SW_C03_M01_ACT_SW_C03_M01_CTRL,7,7,0.019886363636363636,0,0.0,l_SW_C03_M01_ACT_SW_C03_M01_CTRL,44,8,6.285714285714286,,M_ROR,1200,1244
l_SW_C03_M01_CTRL_SW_C03_M01_SENS,9,9,0.02556818181818182,0,0.0,l_SW_C03_M01_CTRL_SW_C03_M01_SENS,64,8,7.111111111111111,,M_ROR,1200,1264
l_SW_C03_M01_SENS_SW_C03_M02_ACT,1,1,0.002840909090909091,0,0.0,l_SW_C03_M01_SENS_SW_C03_M02_ACT,0,0,0.0,,M_ROR,1200,1200
l_SW_C03_M02_ACT_SW_C03_M02_CTRL,5,5,0.014204545454545454,0,0.0,l_SW_C03_M02_ACT_SW_C03_M02_CTRL,32,8,6.4,,M_ROR,1200,1232
l_SW_C03_M02_CTRL_SW_C03_M02_SENS,9,9,0.02556818181818182,0,0.0,l_SW_C03_M02_CTRL_SW_C03_M02_SENS,64,8,7.111111111111111,,M_ROR,1200,1264
l_SW_C03_M02_SENS_SW_C03_M03_ACT,1,1,0.002840909090909091,0,0.0,l_SW_C03_M02_SENS_SW_C03_M03_ACT,0,0,0.0,,M_ROR,1200,1200
l_SW_C03_M03_ACT_SW_C03_M03_CTRL,5,5,0.014204545454545454,0,0.0,l_SW_C03_M03_ACT_SW_C03_M03_CTRL,32,8,6.4,,M_ROR,1200,1232
l_SW_C03_M03_CTRL_SW_C03_M03_SENS,11,11,0.03125,0,0.0,l_SW_C03_M03_CTRL_SW_C03_M03_SENS,76,8,6.909090909090909,,M_ROR,1200,1276
l_SW_C04_CC_SW_C04_M01_ACT;l_SW_C04_M01_SENS_SW_C04_M02_ACT,4,4,0.011363636363636364,0,0.0,l_SW_C04_CC_SW_C04_M01_ACT,4,2,1.0,,M_ROR,1200,1204
l_SW_C04_CC_SW_C04_M03_SENS,3,3,0.008522727272727272,0,0.0,l_SW_C04_CC_SW_C04_M03_SENS,12,6,4.0,,M_ROR,1200,1212
l_SW_C04_M01_ACT_SW_C04_M01_CTRL,7,7,0.019886363636363636,0,0.0,l_SW_C04_M01_ACT_SW_C04_M01_CTRL,44,8,6.285714285714286,,M_ROR,1200,1244
l_SW_C04_M01_CTRL_SW_C04_M01_SENS,9,9,0.02556818181818182,0,0.0,l_SW_C04_M01_CTRL_SW_C04_M01_SENS,64,8,7.111111111111111,,M_ROR,1200,1264
l_SW_C04_M01_SENS_SW_C04_M02_ACT,1,1,0.002840909090909091,0,0.0,l_SW_C04_M01_SENS_SW_C04_M02_ACT,0,0,0.0,,M_ROR,1200,1200
l_SW_C04_M02_ACT_SW_C04_M02_CTRL,5,5,0.014204545454545454,0,0.0,l_SW_C04_M02_ACT_SW_C04_M02_CTRL,32,8,6.4,,M_ROR,1200,1232
l_SW_C04_M02_CTRL_SW_C04_M02_SENS,9,9,0.02556818181818182,0,0.0,l_SW_C04_M02_CTRL_SW_C04_M02_SENS,64,8,7.111111111111111,,M_ROR,1200,1264
l_SW_C04_M02_SENS_SW_C04_M03_ACT,1,1,0.002840909090909091,0,0.0,l_SW_C04_M02_SENS_SW_C04_M03_ACT,0,0,0.0,,M_ROR,1200,1200
l_SW_C04_M03_ACT_SW_C04_M03_CTRL,5,5,0.014204545454545454,0,0.0,l_SW_C04_M03_ACT_SW_C04_M03_CTRL,32,8,6.4,,M_ROR,1200,1232
l_SW_C04_M03_CTRL_SW_C04_M03_SENS,11,11,0.03125,0,0.0,l_SW_C04_M03_CTRL_SW_C04_M03_SENS,76,8,6.909090909090909,,M_ROR,1200,1276
l_SW_C05_CC_SW_C05_M01_ACT;l_SW_C05_M01_SENS_SW_C05_M02_ACT,4,4,0.011363636363636364,0,0.0,l_SW_C05_CC_SW_C05_M01_ACT,4,2,1.0,,M_ROR,1200,1204
l_SW_C05_CC_SW_C05_M03_SENS,3,3,0.008522727272727272,0,0.0,l_SW_C05_CC_SW_C05_M03_SENS,12,6,4.0,,M_ROR,1200,1212
l_SW_C05_M01_ACT_SW_C05_M01_CTRL,7,7,0.019886363636363636,0,0.0,l_SW_C05_M01_ACT_SW_C05_M01_CTRL,44,8,6.285714285714286,,M_ROR,1200,1244
l_SW_C05_M01_CTRL_SW_C05_M01_SENS,9,9,0.02556818181818182,0,0.0,l_SW_C05_M01_CTRL_SW_C05_M01_SENS,64,8,7.111111111111111,,M_ROR,1200,1264
l_SW_C05_M01_SENS_SW_C05_M02_ACT,1,1,0.002840909090909091,0,0.0,l_SW_C05_M01_SENS_SW_C05_M02_ACT,0,0,0.0,,M_ROR,1200,1200
l_SW_C05_M02_ACT_SW_C05_M02_CTRL,5,5,0.014204545454545454,0,0.0,l_SW_C05_M02_ACT_SW_C05_M02_CTRL,32,8,6.4,,M_ROR,1200,1232
l_SW_C05_M02_CTRL_SW_C05_M02_SENS,9,9,0.02556818181818182,0,0.0,l_SW_C05_M02_CTRL_SW_C05_M02_SENS,64,8,7.111111111111111,,M_ROR,1200,1264
l_SW_C05_M02_SENS_SW_C05_M03_ACT,1,1,0.002840909090909091,0,0.0,l_SW_C05_M02_SENS_SW_C05_M03_ACT,0,0,0.0,,M_ROR,1200,1200
l_SW_C05_M03_ACT_SW_C05_M03_CTRL,5,5,0.014204545454545454,0,0.0,l_SW_C05_M03_ACT_SW_C05_M03_CTRL,32,8,6.4,,M_ROR,1200,1232
l_SW_C05_M03_CTRL_SW_C05_M03_SENS,11,11,0.03125,0,0.0,l_SW_C05_M03_CTRL_SW_C05_M03_SENS,76,8,6.909090909090909,,M_ROR,1200,1276
l_SW_C06_CC_SW_C06_M01_ACT;l_SW_C06_M01_SENS_SW_C06_M02_ACT,4,4,0.011363636363636364,0,0.0,l_SW_C06_CC_SW_C06_M01_ACT,4,2,1.0,,M_ROR,1200,1204
l_SW_C06_CC_SW_C06_M03_SENS,3,3,0.008522727272727272,0,0.0,l_SW_C06_CC_SW_C06_M03_SENS,12,6,4.0,,M_ROR,1200,1212
l_SW_C06_M01_ACT_SW_C06_M01_CTRL,7,7,0.019886363636363636,0,0.0,l_SW_C06_M01_ACT_SW_C06_M01_CTRL,44,8,6.285714285714286,,M_ROR,1200,1244
l_SW_C06_M01_CTRL_SW_C06_M01_SENS,9,9,0.02556818181818182,0,0.0,l_SW_C06_M01_CTRL_SW_C06_M01_SENS,64,8,7.111111111111111,,M_ROR,1200,1264
l_SW_C06_M01_SENS_SW_C06_M02_ACT,1,1,0.002840909090909091,0,0.0,l_SW_C06_M01_SENS_SW_C06_M02_ACT,0,0,0.0,,M_ROR,1200,1200
l_SW_C06_M02_ACT_SW_C06_M02_CTRL,5,5,0.014204545454545454,0,0.0,l_SW_C06_M02_ACT_SW_C06_M02_CTRL,32,8,6.4,,M_ROR,1200,1232
l_SW_C06_M02_CTRL_SW_C06_M02_SENS,9,9,0.02556818181818182,0,0.0,l_SW_C06_M02_CTRL_SW_C06_M02_SENS,64,8,7.111111111111111,,M_ROR,1200,1264
l_SW_C06_M02_SENS_SW_C06_M03_ACT,1,1,0.002840909090909091,0,0.0,l_SW_C06_M02_SENS_SW_C06_M03_ACT,0,0,0.0,,M_ROR,1200,1200
l_SW_C06_M03_ACT_SW_C06_M03_CTRL,5,5,0.014204545454545454,0,0.0,l_SW_C06_M03_ACT_SW_C06_M03_CTRL,32,8,6.4,,M_ROR,1200,1232
l_SW_C06_M03_CTRL_SW_C06_M03_SENS,11,11,0.03125,0,0.0,l_SW_C06_M03_CTRL_SW_C06_M03_SENS,76,8,6.909090909090909,,M_ROR,1200,1276
l_SW_C07_CC_SW_C07_M01_ACT;l_SW_C07_M01_SENS_SW_C07_M02_ACT,4,4,0.011363636363636364,0,0.0,l_SW_C07_CC_SW_C07_M01_ACT,4,2,1.0,,M_ROR,1200,1204
l_SW_C07_CC_SW_C07_M03_SENS,3,3,0.008522727272727272,0,0.0,l_SW_C07_CC_SW_C07_M03_SENS,12,6,4.0,,M_ROR,1200,1212
l_SW_C07_M01_ACT_SW_C07_M01_CTRL,7,7,0.019886363636363636,0,0.0,l_SW_C07_M01_ACT_SW_C07_M01_CTRL,44,8,6.285714285714286,,M_ROR,1200,1244
l_SW_C07_M01_CTRL_SW_C07_M01_SENS,9,9,0.02556818181818182,0,0.0,l_SW_C07_M01_CTRL_SW_C07_M01_SENS,64,8,7.111111111111111,,M_ROR,1200,1264
l_SW_C07_M01_SENS_SW_C07_M02_ACT,1,1,0.002840909090909091,0,0.0,l_SW_C07_M01_SENS_SW_C07_M02_ACT,0,0,0.0,,M_ROR,1200,1200
l_SW_C07_M02_ACT_SW_C07_M02_CTRL,5,5,0.014204545454545454,0,0.0,l_SW_C07_M02_ACT_SW_C07_M02_CTRL,32,8,6.4,,M_ROR,1200,1232
l_SW_C07_M02_CTRL_SW_C07_M02_SENS,9,9,0.02556818181818182,0,0.0,l_SW_C07_M02_CTRL_SW_C07_M02_SENS,64,8,7.111111111111111,,M_ROR,1200,1264
l_SW_C07_M02_SENS_SW_C07_M03_ACT,1,1,0.002840909090909091,0,0.0,l_SW_C07_M02_SENS_SW_C07_M03_ACT,0,0,0.0,,M_ROR,1200,1200
l_SW_C07_M03_ACT_SW_C07_M03_CTRL,5,5,0.014204545454545454,0,0.0,l_SW_C07_M03_ACT_SW_C07_M03_CTRL,32,8,6.4,,M_ROR,1200,1232
l_SW_C07_M03_CTRL_SW_C07_M03_SENS,11,11,0.03125,0,0.0,l_SW_C07_M03_CTRL_SW_C07_M03_SENS,76,8,6.909090909090909,,M_ROR,1200,1276
l_SW_C08_CC_SW_C08_M01_ACT;l_SW_C08_M01_SENS_SW_C08_M02_ACT,3,3,0.008522727272727272,0,0.0,l_SW_C08_CC_SW_C08_M01_ACT,4,2,1.3333333333333333,l_SW_BB_C08_B_SW_C08_M01_ACT,M_ROR,1200,1204
l_SW_C08_CC_SW_C08_M03_SENS,3,3,0.008522727272727272,0,0.0,l_SW_C08_CC_SW_C08_M03_SENS,12,6,4.0,,M_ROR,1200,1212
l_SW_C08_M01_ACT_SW_C08_M01_CTRL,7,7,0.019886363636363636,0,0.0,l_SW_C08_M01_ACT_SW_C08_M01_CTRL,44,8,6.285714285714286,,M_ROR,1200,1244
l_SW_C08_M01_CTRL_SW_C08_M01_SENS,9,9,0.02556818181818182,0,0.0,l_SW_C08_M01_CTRL_SW_C08_M01_SENS,64,8,7.111111111111111,,M_ROR,1200,1264
l_SW_C08_M01_SENS_SW_C08_M02_ACT,1,1,0.002840909090909091,0,0.0,l_SW_C08_M01_SENS_SW_C08_M02_ACT,0,0,0.0,,M_ROR,1200,1200
l_SW_C08_M02_ACT_SW_C08_M02_CTRL,5,5,0.014204545454545454,0,0.0,l_SW_C08_M02_ACT_SW_C08_M02_CTRL,32,8,6.4,,M_ROR,1200,1232
l_SW_C08_M02_CTRL_SW_C08_M02_SENS,9,9,0.02556818181818182,0,0.0,l_SW_C08_M02_CTRL_SW_C08_M02_SENS,64,8,7.111111111111111,,M_ROR,1200,1264
l_SW_C08_M02_SENS_SW_C08_M03_ACT,1,1,0.002840909090909091,0,0.0,l_SW_C08_M02_SENS_SW_C08_M03_ACT,0,0,0.0,,M_ROR,1200,1200
l_SW_C08_M03_ACT_SW_C08_M03_CTRL,5,5,0.014204545454545454,0,0.0,l_SW_C08_M03_ACT_SW_C08_M03_CTRL,32,8,6.4,,M_ROR,1200,1232
l_SW_C08_M03_CTRL_SW_C08_M03_SENS,11,11,0.03125,0,0.0,l_SW_C08_M03_CTRL_SW_C08_M03_SENS,76,8,6.909090909090909,,M_ROR,1200,1276
l_SW_C01_CC_SW_C01_M01_ACT,10,10,0.010775862068965518,0,0.0,l_SW_C01_CC_SW_C01_M01_ACT,1924,204,192.4,,L_RING,3872,5796
l_SW_C01_CC_SW_C16_M04_SENS,2,2,0.0021551724137931034,0,0.0,l_SW_C01_CC_SW_C16_M04_SENS,364,182,182.0,,L_RING,3872,4236
l_SW_C01_M01_ACT_SW_C01_M01_CTRL,14,14,0.015086206896551725,0,0.0,l_SW_C01_M01_ACT_SW_C01_M01_CTRL,2748,206,196.28571428571428,,L_RING,3872,6620
l_SW_C01_M01_CTRL_SW_C01_M01_SENS,16,16,0.017241379310344827,0,0.0,l_SW_C01_M01_CTRL_SW_C01_M01_SENS,3164,206,197.75,,L_RING,3872,7036
l_SW_C01_M01_SENS_SW_C01_M02_ACT,8,8,0.008620689655172414,0,0.0,l_SW_C01_M01_SENS_SW_C01_M02_ACT,1516,198,189.5,,L_RING,3872,5388
l_SW_C01_M02_ACT_SW_C01_M02_CTRL,12,12,0.01293103448275862,0,0.0,l_SW_C01_M02_ACT_SW_C01_M02_CTRL,2340,206,195.0,,L_RING,3872,6212
l_SW_C01_M02_CTRL_SW_C01_M02_SENS,14,14,0.015086206896551725,0,0.0,l_SW_C01_M02_CTRL_SW_C01_M02_SENS,2768,206,197.71428571428572,,L_RING,3872,6640
l_SW_C01_M02_SENS_SW_C01_M03_ACT,6,6,0.00646551724137931,0,0.0,l_SW_C01_M02_SENS_SW_C01_M03_ACT,1120,192,186.66666666666666,,L_RING,3872,4992
l_SW_C01_M03_ACT_SW_C01_M03_CTRL,10,10,0.010775862068965518,0,0.0,l_SW_C01_M03_ACT_SW_C01_M03_CTRL,1944,206,194.4,,L_RING,3872,5816
l_SW_C01_M03_CTRL_SW_C01_M03_SENS,12,12,0.01293103448275862,0,0.0,l_SW_C01_M03_CTRL_SW_C01_M03_SENS,2384,206,198.66666666666666,,L_RING,3872,6256
l_SW_C01_M03_SENS_SW_C01_M04_ACT,4,4,0.004310344827586207,0,0.0,l_SW_C01_M03_SENS_SW_C01_M04_ACT,736,186,184.0,,L_RING,3872,4608
l_SW_C01_M04_ACT_SW_C01_M04_CTRL,8,8,0.008620689655172414,0,0.0,l_SW_C01_M04_ACT_SW_C01_M04_CTRL,1560,206,195.0,,L_RING,3872,5432
l_SW_C01_M04_CTRL_SW_C01_M04_SENS,10,10,0.010775862068965518,0,0.0,l_SW_C01_M04_CTRL_SW_C01_M04_SENS,2012,206,201.2,,L_RING,3872,5884
l_SW_C01_M04_SENS_SW_C02_CC,2,2,0.0021551724137931034,0,0.0,l_SW_C01_M04_SENS_SW_C02_CC,364,182,182.0,,L_RING,3872,4236
l_SW_C02_CC_SW_C02_M01_ACT,10,10,0.010775862068965518,0,0.0,l_SW_C02_CC_SW_C02_M01_ACT,1924,204,192.4,,L_RING,3872,5796
l_SW_C02_M01_ACT_SW_C02_M01_CTRL,14,14,0.015086206896551725,0,0.0,l_SW_C02_M01_ACT_SW_C02_M01_CTRL,2748,206,196.28571428571428,,L_RING,3872,6620
l_SW_C02_M01_CTRL_SW_C02_M01_SENS,16,16,0.017241379310344827,0,0.0,l_SW_C02_M01_CTRL_SW_C02_M01_SENS,3164,206,197.75,,L_RING,3872,7036
l_SW_C02_M01_SENS_SW_C02_M02_ACT,8,8,0.008620689655172414,0,0.0,l_SW_C02_M01_SENS_SW_C02_M02_ACT,1516,198,189.5,,L_RING,3872,5388
l_SW_C02_M02_ACT_SW_C02_M02_CTRL,12,12,0.01293103448275862,0,0.0,l_SW_C02_M02_ACT_SW_C02_M02_CTRL,2340,206,195.0,,L_RING,3872,6212
l_SW_C02_M02_CTRL_SW_C02_M02_SENS,14,14,0.015086206896551725,0,0.0,l_SW_C02_M02_CTRL_SW_C02_M02_SENS,2768,206,197.71428571428572,,L_RING,3872,6640
l_SW_C02_M02_SENS_SW_C02_M03_ACT,6,6,0.00646551724137931,0,0.0,l_SW_C02_M02_SENS_SW_C02_M03_ACT,1120,192,186.66666666666666,,L_RING,3872,4992
l_SW_C02_M03_ACT_SW_C02_M03_CTRL,10,10,0.010775862068965518,0,0.0,l_SW_C02_M03_ACT_SW_C02_M03_CTRL,1944,206,194.4,,L_RING,3872,5816
l_SW_C02_M03_CTRL_SW_C02_M03_SENS,12,12,0.01293103448275862,0,0.0,l_SW_C02_M03_CTRL_SW_C02_M03_SENS,2384,206,198.66666666666666,,L_RING,3872,6256
l_SW_C02_M03_SENS_SW_C02_M04_ACT,4,4,0.004310344827586207,0,0.0,l_SW_C02_M03_SENS_SW_C02_M04_ACT,736,186,184.0,,L_RING,3872,4608
l_SW_C02_M04_ACT_SW_C02_M04_CTRL,8,8,0.008620689655172414,0,0.0,l_SW_C02_M04_ACT_SW_C02_M04_CTRL,1560,206,195.0,,L_RING,3872,5432
l_SW_C02_M04_CTRL_SW_C02_M04_SENS,10,10,0.010775862068965518,0,0.0,l_SW_C02_M04_CTRL_SW_C02_M04_SENS,2012,206,201.2,,L_RING,3872,5884
l_SW_C02_M04_SENS_SW_C03_CC,2,2,0.0021551724137931034,0,0.0,l_SW_C02_M04_SENS_SW_C03_CC,364,182,182.0,,L_RING,3872,4236
l_SW_C03_CC_SW_C03_M01_ACT,10,10,0.010775862068965518,0,0.0,l_SW_C03_CC_SW_C03_M01_ACT,1924,204,192.4,,L_RING,3872,5796
l_SW_C03_M01_ACT_SW_C03_M01_CTRL,14,14,0.015086206896551725,0,0.0,l_SW_C03_M01_ACT_SW_C03_M01_CTRL,2748,206,196.28571428571428,,L_RING,3872,6620
l_SW_C03_M01_CTRL_SW_C03_M01_SENS,16,16,0.017241379310344827,0,0.0,l_SW_C03_M01_CTRL_SW_C03_M01_SENS,3164,206,197.75,,L_RING,3872,7036
l_SW_C03_M01_SENS_SW_C03_M02_ACT,8,8,0.008620689655172414,0,0.0,l_SW_C03_M01_SENS_SW_C03_M02_ACT,1516,198,189.5,,L_RING,3872,5388
l_SW_C03_M02_ACT_SW_C03_M02_CTRL,12,12,0.01293103448275862,0,0.0,l_SW_C03_M02_ACT_SW_C03_M02_CTRL,2340,206,195.0,,L_RING,3872,6212
l_SW_C03_M02_CTRL_SW_C03_M02_SENS,14,14,0.015086206896551725,0,0.0,l_SW_C03_M02_CTRL_SW_C03_M02_SENS,2768,206,197.71428571428572,,L_RING,3872,6640
l_SW_C03_M02_SENS_SW_C03_M03_ACT,6,6,0.00646551724137931,0,0.0,l_SW_C03_M02_SENS_SW_C03_M03_ACT,1120,192,186.66666666666666,,L_RING,3872,4992
l_SW_C03_M03_ACT_SW_C03_M03_CTRL,10,10,0.010775862068965518,0,0.0,l_SW_C03_M03_ACT_SW_C03_M03_CTRL,1944,206,194.4,,L_RING,3872,5816
l_SW_C03_M03_CTRL_SW_C03_M03_SENS,12,12,0.01293103448275862,0,0.0,l_SW_C03_M03_CTRL_SW_C03_M03_SENS,2384,206,198.66666666666666,,L_RING,3872,6256
l_SW_C03_M03_SENS_SW_C03_M04_ACT,4,4,0.004310344827586207,0,0.0,l_SW_C03_M03_SENS_SW_C03_M04_ACT,736,186,184.0,,L_RING,3872,4608
l_SW_C03_M04_ACT_SW_C03_M04_CTRL,8,8,0.008620689655172414,0,0.0,l_SW_C03_M04_ACT_SW_C03_M04_CTRL,1560,206,195.0,,L_RING,3872,5432
l_SW_C03_M04_CTRL_SW_C03_M04_SENS,10,10,0.010775862068965518,0,0.0,l_SW_C03_M04_CTRL_SW_C03_M04_SENS,2012,206,201.2,,L_RING,3872,5884
l_SW_C03_M04_SENS_SW_C04_CC,2,2,0.0021551724137931034,0,0.0,l_SW_C03_M04_SENS_SW_C04_CC,364,182,182.0,,L_RING,3872,4236
l_SW_C04_CC_SW_C04_M01_ACT,10,10,0.010775862068965518,0,0.0,l_SW_C04_CC_SW_C04_M01_ACT,1924,204,192.4,,L_RING,3872,5796
l_SW_C04_M01_ACT_SW_C04_M01_CTRL,14,14,0.015086206896551725,0,0.0,l_SW_C04_M01_ACT_SW_C04_M01_CTRL,2748,206,196.28571428571428,,L_RING,3872,6620
l_SW_C04_M01_CTRL_SW_C04_M01_SENS,16,16,0.017241379310344827,0,0.0,l_SW_C04_M01_CTRL_SW_C04_M01_SENS,3164,206,197.75,,L_RING,3872,7036
l_SW_C04_M01_SENS_SW_C04_M02_ACT,8,8,0.008620689655172414,0,0.0,l_SW_C04_M01_SENS_SW_C04_M02_ACT,1516,198,189.5,,L_RING,3872,5388
l_SW_C04_M02_ACT_SW_C04_M02_CTRL,12,12,0.01293103448275862,0,0.0,l_SW_C04_M02_ACT_SW_C04_M02_CTRL,2340,206,195.0,,L_RING,3872,6212
l_SW_C04_M02_CTRL_SW_C04_M02_SENS,14,14,0.015086206896551725,0,0.0,l_SW_C04_M02_CTRL_SW_C04_M02_SENS,2768,206,197.71428571428572,,L_RING,3872,6640
l_SW_C04_M02_SENS_SW_C04_M03_ACT,6,6,0.00646551724137931,0,0.0,l_SW_C04_M02_SENS_SW_C04_M03_ACT,1120,192,186.66666666666666,,L_RING,3872,4992
l_SW_C04_M03_ACT_SW_C04_M03_CTRL,10,10,0.010775862068965518,0,0.0,l_SW_C04_M03_ACT_SW_C04_M03_CTRL,1944,206,194.4,,L_RING,3872,5816
l_SW_C04_M03_CTRL_SW_C04_M03_SENS,12,12,0.01293103448275862,0,0.0,l_SW_C04_M03_CTRL_SW_C04_M03_SENS,2384,206,198.66666666666666,,L_RING,3872,6256
l_SW_C04_M03_SENS_SW_C04_M04_ACT,4,4,0.004310344827586207,0,0.0,l_SW_C04_M03_SENS_SW_C04_M04_ACT,736,186,184.0,,L_RING,3872,4608
l_SW_C04_M04_ACT_SW_C04_M04_CTRL,8,8,0.008620689655172414,0,0.0,l_SW_C04_M04_ACT_SW_C04_M04_CTRL,1560,206,195.0,,L_RING,3872,5432
l_SW_C04_M04_CTRL_SW_C04_M04_SENS,10,10,0.010775862068965518,0,0.0,l_SW_C04_M04_CTRL_SW_C04_M04_SENS,2012,206,201.2,,L_RING,3872,5884
l_SW_C04_M04_SENS_SW_C05_CC,2,2,0.0021551724137931034,0,0.0,l_SW_C04_M04_SENS_SW_C05_CC,364,182,182.0,,L_RING,3872,4236
l_SW_C05_CC_SW_C05_M01_ACT,10,10,0.010775862068965518,0,0.0,l_SW_C05_CC_SW_C05_M01_ACT,1924,204,192.4,,L_RING,3872,5796
l_SW_C05_M01_ACT_SW_C05_M01_CTRL,14,14,0.015086206896551725,0,0.0,l_SW_C05_M01_ACT_SW_C05_M01_CTRL,2748,206,196.28571428571428,,L_RING,3872,6620
l_SW_C05_M01_CTRL_SW_C05_M01_SENS,16,16,0.017241379310344827,0,0.0,l_SW_C05_M01_CTRL_SW_C05_M01_SENS,3164,206,197.75,,L_RING,3872,7036
l_SW_C05_M01_SENS_SW_C05_M02_ACT,8,8,0.008620689655172414,0,0.0,l_SW_C05_M01_SENS_SW_C05_M02_ACT,1516,198,189.5,,L_RING,3872,5388
l_SW_C05_M02_ACT_SW_C05_M02_CTRL,12,12,0.01293103448275862,0,0.0,l_SW_C05_M02_ACT_SW_C05_M02_CTRL,2340,206,195.0,,L_RING,3872,6212
l_SW_C05_M02_CTRL_SW_C05_M02_SENS,14,14,0.015086206896551725,0,0.0,l_SW_C05_M02_CTRL_SW_C05_M02_SENS,2768,206,197.71428571428572,,L_RING,3872,6640
l_SW_C05_M02_SENS_SW_C05_M03_ACT,6,6,0.00646551724137931,0,0.0,l_SW_C05_M02_SENS_SW_C05_M03_ACT,1120,192,186.66666666666666,,L_RING,3872,4992
l_SW_C05_M03_ACT_SW_C05_M03_CTRL,10,10,0.010775862068965518,0,0.0,l_SW_C05_M03_ACT_SW_C05_M03_CTRL,1944,206,194.4,,L_RING,3872,5816
l_SW_C05_M03_CTRL_SW_C05_M03_SENS,12,12,0.01293103448275862,0,0.0,l_SW_C05_M03_CTRL_SW_C05_M03_SENS,2384,206,198.66666666666666,,L_RING,3872,6256
l_SW_C05_M03_SENS_SW_C05_M04_ACT,4,4,0.004310344827586207,0,0.0,l_SW_C05_M03_SENS_SW_C05_M04_ACT,736,186,184.0,,L_RING,3872,4608
l_SW_C05_M04_ACT_SW_C05_M04_CTRL,8,8,0.008620689655172414,0,0.0,l_SW_C05_M04_ACT_SW_C05_M04_CTRL,1560,206,195.0,,L_RING,3872,5432
l_SW_C05_M04_CTRL_SW_C05_M04_SENS,10,10,0.010775862068965518,0,0.0,l_SW_C05_M04_CTRL_SW_C05_M04_SENS,2012,206,201.2,,L_RING,3872,5884
l_SW_C05_M04_SENS_SW_C06_CC,2,2,0.0021551724137931034,0,0.0,l_SW_C05_M04_SENS_SW_C06_CC,364,182,182.0,,L_RING,3872,4236
l_SW_C06_CC_SW_C06_M01_ACT,10,10,0.010775862068965518,0,0.0,l_SW_C06_CC_SW_C06_M01_ACT,1924,204,192.4,,L_RING,3872,5796
l_SW_C06_M01_ACT_SW_C06_M01_CTRL,14,14,0.015086206896551725,0,0.0,l_SW_C06_M01_ACT_SW_C06_M01_CTRL,2748,206,196.28571428571428,,L_RING,3872,6620
l_SW_C06_M01_CTRL_SW_C06_M01_SENS,16,16,0.017241379310344827,0,0.0,l_SW_C06_M01_CTRL_SW_C06_M01_SENS,3164,206,197.75,,L_RING,3872,7036
l_SW_C06_M01_SENS_SW_C06_M02_ACT,8,8,0.008620689655172414,0,0.0,l_SW_C06_M01_SENS_SW_C06_M02_ACT,1516,198,189.5,,L_RING,3872,5388
l_SW_C06_M02_ACT_SW_C06_M02_CTRL,12,12,0.01293103448275862,0,0.0,l_SW_C06_M02_ACT_SW_C06_M02_CTRL,2340,206,195.0,,L_RING,3872,6212
l_SW_C06_M02_CTRL_SW_C06_M02_SENS,14,14,0.015086206896551725,0,0.0,l_SW_C06_M02_CTRL_SW_C06_M02_SENS,2768,206,197.71428571428572,,L_RING,3872,6640
l_SW_C06_M02_SENS_SW_C06_M03_ACT,6,6,0.00646551724137931,0,0.0,l_SW_C06_M02_SENS_SW_C06_M03_ACT,1120,192,186.66666666666666,,L_RING,3872,4992
l_SW_C06_M03_ACT_SW_C06_M03_CTRL,10,10,0.010775862068965518,0,0.0,l_SW_C06_M03_ACT_SW_C06_M03_CTRL,1944,206,194.4,,L_RING,3872,5816
l_SW_C06_M03_CTRL_SW_C06_M03_SENS,12,12,0.01293103448275862,0,0.0,l_SW_C06_M03_CTRL_SW_C06_M03_SENS,2384,206,198.66666666666666,,L_RING,3872,6256
l_SW_C06_M03_SENS_SW_C06_M04_ACT,4,4,0.004310344827586207,0,0.0,l_SW_C06_M03_SENS_SW_C06_M04_ACT,736,186,184.0,,L_RING,3872,4608
l_SW_C06_M04_ACT_SW_C06_M04_CTRL,8,8,0.008620689655172414,0,0.0,l_SW_C06_M04_ACT_SW_C06_M04_CTRL,1560,206,195.0,,L_RING,3872,5432
l_SW_C06_M04_CTRL_SW_C06_M04_SENS,10,10,0.010775862068965518,0,0.0,l_SW_C06_M04_CTRL_SW_C06_M04_SENS,2012,206,201.2,,L_RING,3872,5884
l_SW_C06_M04_SENS_SW_C07_CC,2,2,0.0021551724137931034,0,0.0,l_SW_C06_M04_SENS_SW_C07_CC,364,182,182.0,,L_RING,3872,4236
l_SW_C07_CC_SW_C07_M01_ACT,10,10,0.010775862068965518,0,0.0,l_SW_C07_CC_SW_C07_M01_ACT,1924,204,192.4,,L_RING,3872,5796
l_SW_C07_M01_ACT_SW_C07_M01_CTRL,14,14,0.015086206896551725,0,0.0,l_SW_C07_M01_ACT_SW_C07_M01_CTRL,2748,206,196.28571428571428,,L_RING,3872,6620
l_SW_C07_M01_CTRL_SW_C07_M01_SENS,16,16,0.017241379310344827,0,0.0,l_SW_C07_M01_CTRL_SW_C07_M01_SENS,3164,206,197.75,,L_RING,3872,7036
l_SW_C07_M01_SENS_SW_C07_M02_ACT,8,8,0.008620689655172414,0,0.0,l_SW_C07_M01_SENS_SW_C07_M02_ACT,1516,198,189.5,,L_RING,3872,5388
l_SW_C07_M02_ACT_SW_C07_M02_CTRL,12,12,0.01293103448275862,0,0.0,l_SW_C07_M02_ACT_SW_C07_M02_CTRL,2340,206,195.0,,L_RING,3872,6212
l_SW_C07_M02_CTRL_SW_C07_M02_SENS,14,14,0.015086206896551725,0,0.0,l_SW_C07_M02_CTRL_SW_C07_M02_SENS,2768,206,197.71428571428572,,L_RING,3872,6640
l_SW_C07_M02_SENS_SW_C07_M03_ACT,6,6,0.00646551724137931,0,0.0,l_SW_C07_M02_SENS_SW_C07_M03_ACT,1120,192,186.66666666666666,,L_RING,3872,4992
l_SW_C07_M03_ACT_SW_C07_M03_CTRL,10,10,0.010775862068965518,0,0.0,l_SW_C07_M03_ACT_SW_C07_M03_CTRL,1944,206,194.4,,L_RING,3872,5816
l_SW_C07_M03_CTRL_SW_C07_M03_SENS,12,12,0.01293103448275862,0,0.0,l_SW_C07_M03_CTRL_SW_C07_M03_SENS,2384,206,198.66666666666666,,L_RING,3872,6256
l_SW_C07_M03_SENS_SW_C07_M04_ACT,4,4,0.004310344827586207,0,0.0,l_SW_C07_M03_SENS_SW_C07_M04_ACT,736,186,184.0,,L_RING,3872,4608
l_SW_C07_M04_ACT_SW_C07_M04_CTRL,8,8,0.008620689655172414,0,0.0,l_SW_C07_M04_ACT_SW_C07_M04_CTRL,1560,206,195.0,,L_RING,3872,5432
l_SW_C07_M04_CTRL_SW_C07_M04_SENS,10,10,0.010775862068965518,0,0.0,l_SW_C07_M04_CTRL_SW_C07_M04_SENS,2012,206,201.2,,L_RING,3872,5884
l_SW_C07_M04_SENS_SW_C08_CC,2,2,0.0021551724137931034,0,0.0,l_SW_C07_M04_SENS_SW_C08_CC,364,182,182.0,,L_RING,3872,4236
l_SW_C08_CC_SW_C08_M01_ACT,10,10,0.010775862068965518,0,0.0,l_SW_C08_CC_SW_C08_M01_ACT,1924,204,192.4,,L_RING,3872,5796
l_SW_C08_M01_ACT_SW_C08_M01_CTRL,14,14,0.015086206896551725,0,0.0,l_SW_C08_M01_ACT_SW_C08_M01_CTRL,2748,206,196.28571428571428,,L_RING,3872,6620
l_SW_C08_M01_CTRL_SW_C08_M01_SENS,16,16,0.017241379310344827,0,0.0,l_SW_C08_M01_CTRL_SW_C08_M01_SENS,3164,206,197.75,,L_RING,3872,7036
l_SW_C08_M01_SENS_SW_C08_M02_ACT,8,8,0.008620689655172414,0,0.0,l_SW_C08_M01_SENS_SW_C08_M02_ACT,1516,198,189.5,,L_RING,3872,5388
l_SW_C08_M02_ACT_SW_C08_M02_CTRL,12,12,0.01293103448275862,0,0.0,l_SW_C08_M02_ACT_SW_C08_M02_CTRL,2340,206,195.0,,L_RING,3872,6212
l_SW_C08_M02_CTRL_SW_C08_M02_SENS,14,14,0.015086206896551725,0,0.0,l_SW_C08_M02_CTRL_SW_C08_M02_SENS,2768,206,197.71428571428572,,L_RING,3872,6640
l_SW_C08_M02_SENS_SW_C08_M03_ACT,6,6,0.00646551724137931,0,0.0,l_SW_C08_M02_SENS_SW_C08_M03_ACT,1120,192,186.66666666666666,,L_RING,3872,4992
l_SW_C08_M03_ACT_SW_C08_M03_CTRL,10,10,0.010775862068965518,0,0.0,l_SW_C08_M03_ACT_SW_C08_M03_CTRL,1944,206,194.4,,L_RING,3872,5816
l_SW_C08_M03_CTRL_SW_C08_M03_SENS,12,12,0.01293103448275862,0,0.0,l_SW_C08_M03_CTRL_SW_C08_M03_SENS,2384,206,198.66666666666666,,L_RING,3872,6256
l_SW_C08_M03_SENS_SW_C08_M04_ACT,4,4,0.004310344827586207,0,0.0,l_SW_C08_M03_SENS_SW_C08_M04_ACT,736,186,184.0,,L_RING,3872,4608
l_SW_C08_M04_ACT_SW_C08_M04_CTRL,8,8,0.008620689655172414,0,0.0,l_SW_C08_M04_ACT_SW_C08_M04_CTRL,1560,206,195.0,,L_RING,3872,5432
l_SW_C08_M04_CTRL_SW_C08_M04_SENS,10,10,0.010775862068965518,0,0.0,l_SW_C08_M04_CTRL_SW_C08_M04_SENS,2012,206,201.2,,L_RING,3872,5884
l_SW_C08_M04_SENS_SW_C09_CC,2,2,0.0021551724137931034,0,0.0,l_SW_C08_M04_SENS_SW_C09_CC,364,182,182.0,,L_RING,3872,4236
l_SW_C09_CC_SW_C09_M01_ACT,10,10,0.010775862068965518,0,0.0,l_SW_C09_CC_SW_C09_M01_ACT,1924,204,192.4,,L_RING,3872,5796
l_SW_C09_M01_ACT_SW_C09_M01_CTRL,14,14,0.015086206896551725,0,0.0,l_SW_C09_M01_ACT_SW_C09_M01_CTRL,2748,206,196.28571428571428,,L_RING,3872,6620
l_SW_C09_M01_CTRL_SW_C09_M01_SENS,16,16,0.017241379310344827,0,0.0,l_SW_C09_M01_CTRL_SW_C09_M01_SENS,3164,206,197.75,,L_RING,3872,7036
l_SW_C09_M01_SENS_SW_C09_M02_ACT,8,8,0.008620689655172414,0,0.0,l_SW_C09_M01_SENS_SW_C09_M02_ACT,1516,198,189.5,,L_RING,3872,5388
l_SW_C09_M02_ACT_SW_C09_M02_CTRL,12,12,0.01293103448275862,0,0.0,l_SW_C09_M02_ACT_SW_C09_M02_CTRL,2340,206,195.0,,L_RING,3872,6212
l_SW_C09_M02_CTRL_SW_C09_M02_SENS,14,14,0.015086206896551725,0,0.0,l_SW_C09_M02_CTRL_SW_C09_M02_SENS,2768,206,197.71428571428572,,L_RING,3872,6640
l_SW_C09_M02_SENS_SW_C09_M03_ACT,6,6,0.00646551724137931,0,0.0,l_SW_C09_M02_SENS_SW_C09_M03_ACT,1120,192,186.66666666666666,,L_RING,3872,4992
l_SW_C09_M03_ACT_SW_C09_M03_CTRL,10,10,0.010775862068965518,0,0.0,l_SW_C09_M03_ACT_SW_C09_M03_CTRL,1944,206,194.4,,L_RING,3872,5816
l_SW_C09_M03_CTRL_SW_C09_M03_SENS,12,12,0.01293103448275862,0,0.0,l_SW_C09_M03_CTRL_SW_C09_M03_SENS,2384,206,198.66666666666666,,L_RING,3872,6256
l_SW_C09_M03_SENS_SW_C09_M04_ACT,4,4,0.004310344827586207,0,0.0,l_SW_C09_M03_SENS_SW_C09_M04_ACT,736,186,184.0,,L_RING,3872,4608
l_SW_C09_M04_ACT_SW_C09_M04_CTRL,8,8,0.008620689655172414,0,0.0,l_SW_C09_M04_ACT_SW_C09_M04_CTRL,1560,206,195.0,,L_RING,3872,5432
l_SW_C09_M04_CTRL_SW_C09_M04_SENS,10,10,0.010775862068965518,0,0.0,l_SW_C09_M04_CTRL_SW_C09_M04_SENS,2012,206,201.2,,L_RING,3872,5884
l_SW_C09_M04_SENS_SW_C10_CC,2,2,0.0021551724137931034,0,0.0,l_SW_C09_M04_SENS_SW_C10_CC,364,182,182.0,,L_RING,3872,4236
l_SW_C10_CC_SW_C10_M01_ACT,10,10,0.010775862068965518,0,0.0,l_SW_C10_CC_SW_C10_M01_ACT,1924,204,192.4,,L_RING,3872,5796
l_SW_C10_M01_ACT_SW_C10_M01_CTRL,14,14,0.015086206896551725,0,0.0,l_SW_C10_M01_ACT_SW_C10_M01_CTRL,2748,206,196.28571428571428,,L_RING,3872,6620
l_SW_C10_M01_CTRL_SW_C10_M01_SENS,16,16,0.017241379310344827,0,0.0,l_SW_C10_M01_CTRL_SW_C10_M01_SENS,3164,206,197.75,,L_RING,3872,7036
l_SW_C10_M01_SENS_SW_C10_M02_ACT,8,8,0.008620689655172414,0,0.0,l_SW_C10_M01_SENS_SW_C10_M02_ACT,1516,198,189.5,,L_RING,3872,5388
l_SW_C10_M02_ACT_SW_C10_M02_CTRL,12,12,0.01293103448275862,0,0.0,l_SW_C10_M02_ACT_SW_C10_M02_CTRL,2340,206,195.0,,L_RING,3872,6212
l_SW_C10_M02_CTRL_SW_C10_M02_SENS,14,14,0.015086206896551725,0,0.0,l_SW_C10_M02_CTRL_SW_C10_M02_SENS,2768,206,197.71428571428572,,L_RING,3872,6640
l_SW_C10_M02_SENS_SW_C10_M03_ACT,6,6,0.00646551724137931,0,0.0,l_SW_C10_M02_SENS_SW_C10_M03_ACT,1120,192,186.66666666666666,,L_RING,3872,4992
l_SW_C10_M03_ACT_SW_C10_M03_CTRL,10,10,0.010775862068965518,0,0.0,l_SW_C10_M03_ACT_SW_C10_M03_CTRL,1944,206,194.4,,L_RING,3872,5816
l_SW_C10_M03_CTRL_SW_C10_M03_SENS,12,12,0.01293103448275862,0,0.0,l_SW_C10_M03_CTRL_SW_C10_M03_SENS,2384,206,198.66666666666666,,L_RING,3872,6256
l_SW_C10_M03_SENS_SW_C10_M04_ACT,4,4,0.004310344827586207,0,0.0,l_SW_C10_M03_SENS_SW_C10_M04_ACT,736,186,184.0,,L_RING,3872,4608
l_SW_C10_M04_ACT_SW_C10_M04_CTRL,8,8,0.008620689655172414,0,0.0,l_SW_C10_M04_ACT_SW_C10_M04_CTRL,1560,206,195.0,,L_RING,3872,5432
l_SW_C10_M04_CTRL_SW_C10_M04_SENS,10,10,0.010775862068965518,0,0.0,l_SW_C10_M04_CTRL_SW_C10_M04_SENS,2012,206,201.2,,L_RING,3872,5884
l_SW_C10_M04_SENS_SW_C11_CC,2,2,0.0021551724137931034,0,0.0,l_SW_C10_M04_SENS_SW_C11_CC,364,182,182.0,,L_RING,3872,4236
l_SW_C11_CC_SW_C11_M01_ACT,10,10,0.010775862068965518,0,0.0,l_SW_C11_CC_SW_C11_M01_ACT,1924,204,192.4,,L_RING,3872,5796
l_SW_C11_M01_ACT_SW_C11_M01_CTRL,14,14,0.015086206896551725,0,0.0,l_SW_C11_M01_ACT_SW_C11_M01_CTRL,2748,206,196.28571428571428,,L_RING,3872,6620
l_SW_C11_M01_CTRL_SW_C11_M01_SENS,16,16,0.017241379310344827,0,0.0,l_SW_C11_M01_CTRL_SW_C11_M01_SENS,3164,206,197.75,,L_RING,3872,7036
l_SW_C11_M01_SENS_SW_C11_M02_ACT,8,8,0.008620689655172414,0,0.0,l_SW_C11_M01_SENS_SW_C11_M02_ACT,1516,198,189.5,,L_RING,3872,5388
l_SW_C11_M02_ACT_SW_C11_M02_CTRL,12,12,0.01293103448275862,0,0.0,l_SW_C11_M02_ACT_SW_C11_M02_CTRL,2340,206,195.0,,L_RING,3872,6212
l_SW_C11_M02_CTRL_SW_C11_M02_SENS,14,14,0.015086206896551725,0,0.0,l_SW_C11_M02_CTRL_SW_C11_M02_SENS,2768,206,197.71428571428572,,L_RING,3872,6640
l_SW_C11_M02_SENS_SW_C11_M03_ACT,6,6,0.00646551724137931,0,0.0,l_SW_C11_M02_SENS_SW_C11_M03_ACT,1120,192,186.66666666666666,,L_RING,3872,4992
l_SW_C11_M03_ACT_SW_C11_M03_CTRL,10,10,0.010775862068965518,0,0.0,l_SW_C11_M03_ACT_SW_C11_M03_CTRL,1944,206,194.4,,L_RING,3872,5816
l_SW_C11_M03_CTRL_SW_C11_M03_SENS,12,12,0.01293103448275862,0,0.0,l_SW_C11_M03_CTRL_SW_C11_M03_SENS,2384,206,198.66666666666666,,L_RING,3872,6256
l_SW_C11_M03_SENS_SW_C11_M04_ACT,4,4,0.004310344827586207,0,0.0,l_SW_C11_M03_SENS_SW_C11_M04_ACT,736,186,184.0,,L_RING,3872,4608
l_SW_C11_M04_ACT_SW_C11_M04_CTRL,8,8,0.008620689655172414,0,0.0,l_SW_C11_M04_ACT_SW_C11_M04_CTRL,1560,206,195.0,,L_RING,3872,5432
l_SW_C11_M04_CTRL_SW_C11_M04_SENS,10,10,0.010775862068965518,0,0.0,l_SW_C11_M04_CTRL_SW_C11_M04_SENS,2012,206,201.2,,L_RING,3872,5884
l_SW_C11_M04_SENS_SW_C12_CC,2,2,0.0021551724137931034,0,0.0,l_SW_C11_M04_SENS_SW_C12_CC,364,182,182.0,,L_RING,3872,4236
l_SW_C12_CC_SW_C12_M01_ACT,10,10,0.010775862068965518,0,0.0,l_SW_C12_CC_SW_C12_M01_ACT,1924,204,192.4,,L_RING,3872,5796
l_SW_C12_M01_ACT_SW_C12_M01_CTRL,14,14,0.015086206896551725,0,0.0,l_SW_C12_M01_ACT_SW_C12_M01_CTRL,2748,206,196.28571428571428,,L_RING,3872,6620
l_SW_C12_M01_CTRL_SW_C12_M01_SENS,16,16,0.017241379310344827,0,0.0,l_SW_C12_M01_CTRL_SW_C12_M01_SENS,3164,206,197.75,,L_RING,3872,7036
l_SW_C12_M01_SENS_SW_C12_M02_ACT,8,8,0.008620689655172414,0,0.0,l_SW_C12_M01_SENS_SW_C12_M02_ACT,1516,198,189.5,,L_RING,3872,5388
l_SW_C12_M02_ACT_SW_C12_M02_CTRL,12,12,0.01293103448275862,0,0.0,l_SW_C12_M02_ACT_SW_C12_M02_CTRL,2340,206,195.0,,L_RING,3872,6212
l_SW_C12_M02_CTRL_SW_C12_M02_SENS,14,14,0.015086206896551725,0,0.0,l_SW_C12_M02_CTRL_SW_C12_M02_SENS,2768,206,197.71428571428572,,L_RING,3872,6640
l_SW_C12_M02_SENS_SW_C12_M03_ACT,6,6,0.00646551724137931,0,0.0,l_SW_C12_M02_SENS_SW_C12_M03_ACT,1120,192,186.66666666666666,,L_RING,3872,4992
l_SW_C12_M03_ACT_SW_C12_M03_CTRL,10,10,0.010775862068965518,0,0.0,l_SW_C12_M03_ACT_SW_C12_M03_CTRL,1944,206,194.4,,L_RING,3872,5816
l_SW_C12_M03_CTRL_SW_C12_M03_SENS,12,12,0.01293103448275862,0,0.0,l_SW_C12_M03_CTRL_SW_C12_M03_SENS,2384,206,198.66666666666666,,L_RING,3872,6256
l_SW_C12_M03_SENS_SW_C12_M04_ACT,4,4,0.004310344827586207,0,0.0,l_SW_C12_M03_SENS_SW_C12_M04_ACT,736,186,184.0,,L_RING,3872,4608
l_SW_C12_M04_ACT_SW_C12_M04_CTRL,8,8,0.008620689655172414,0,0.0,l_SW_C12_M04_ACT_SW_C12_M04_CTRL,1560,206,195.0,,L_RING,3872,5432
l_SW_C12_M04_CTRL_SW_C12_M04_SENS,10,10,0.010775862068965518,0,0.0,l_SW_C12_M04_CTRL_SW_C12_M04_SENS,2012,206,201.2,,L_RING,3872,5884
l_SW_C12_M04_SENS_SW_C13_CC,2,2,0.0021551724137931034,0,0.0,l_SW_C12_M04_SENS_SW_C13_CC,364,182,182.0,,L_RING,3872,4236
l_SW_C13_CC_SW_C13_M01_ACT,10,10,0.010775862068965518,0,0.0,l_SW_C13_CC_SW_C13_M01_ACT,1924,204,192.4,,L_RING,3872,5796
l_SW_C13_M01_ACT_SW_C13_M01_CTRL,14,14,0.015086206896551725,0,0.0,l_SW_C13_M01_ACT_SW_C13_M01_CTRL,2748,206,196.28571428571428,,L_RING,3872,6620
l_SW_C13_M01_CTRL_SW_C13_M01_SENS,16,16,0.017241379310344827,0,0.0,l_SW_C13_M01_CTRL_SW_C13_M01_SENS,3164,206,197.75,,L_RING,3872,7036
l_SW_C13_M01_SENS_SW_C13_M02_ACT,8,8,0.008620689655172414,0,0.0,l_SW_C13_M01_SENS_SW_C13_M02_ACT,1516,198,189.5,,L_RING,3872,5388
l_SW_C13_M02_ACT_SW_C13_M02_CTRL,12,12,0.01293103448275862,0,0.0,l_SW_C13_M02_ACT_SW_C13_M02_CTRL,2340,206,195.0,,L_RING,3872,6212
l_SW_C13_M02_CTRL_SW_C13_M02_SENS,14,14,0.015086206896551725,0,0.0,l_SW_C13_M02_CTRL_SW_C13_M02_SENS,2768,206,197.71428571428572,,L_RING,3872,6640
l_SW_C13_M02_SENS_SW_C13_M03_ACT,6,6,0.00646551724137931,0,0.0,l_SW_C13_M02_SENS_SW_C13_M03_ACT,1120,192,186.66666666666666,,L_RING,3872,4992
l_SW_C13_M03_ACT_SW_C13_M03_CTRL,10,10,0.010775862068965518,0,0.0,l_SW_C13_M03_ACT_SW_C13_M03_CTRL,1944,206,194.4,,L_RING,3872,5816
l_SW_C13_M03_CTRL_SW_C13_M03_SENS,12,12,0.01293103448275862,0,0.0,l_SW_C13_M03_CTRL_SW_C13_M03_SENS,2384,206,198.66666666666666,,L_RING,3872,6256
l_SW_C13_M03_SENS_SW_C13_M04_ACT,4,4,0.004310344827586207,0,0.0,l_SW_C13_M03_SENS_SW_C13_M04_ACT,736,186,184.0,,L_RING,3872,4608
l_SW_C13_M04_ACT_SW_C13_M04_CTRL,8,8,0.008620689655172414,0,0.0,l_SW_C13_M04_ACT_SW_C13_M04_CTRL,1560,206,195.0,,L_RING,3872,5432
l_SW_C13_M04_CTRL_SW_C13_M04_SENS,10,10,0.010775862068965518,0,0.0,l_SW_C13_M04_CTRL_SW_C13_M04_SENS,2012,206,201.2,,L_RING,3872,5884
l_SW_C13_M04_SENS_SW_C14_CC,2,2,0.0021551724137931034,0,0.0,l_SW_C13_M04_SENS_SW_C14_CC,364,182,182.0,,L_RING,3872,4236
l_SW_C14_CC_SW_C14_M01_ACT,10,10,0.010775862068965518,0,0.0,l_SW_C14_CC_SW_C14_M01_ACT,1924,204,192.4,,L_RING,3872,5796
l_SW_C14_M01_ACT_SW_C14_M01_CTRL,14,14,0.015086206896551725,0,0.0,l_SW_C14_M01_ACT_SW_C14_M01_CTRL,2748,206,196.28571428571428,,L_RING,3872,6620
l_SW_C14_M01_CTRL_SW_C14_M01_SENS,16,16,0.017241379310344827,0,0.0,l_SW_C14_M01_CTRL_SW_C14_M01_SENS,3164,206,197.75,,L_RING,3872,7036
l_SW_C14_M01_SENS_SW_C14_M02_ACT,8,8,0.008620689655172414,0,0.0,l_SW_C14_M01_SENS_SW_C14_M02_ACT,1516,198,189.5,,L_RING,3872,5388
l_SW_C14_M02_ACT_SW_C14_M02_CTRL,12,12,0.01293103448275862,0,0.0,l_SW_C14_M02_ACT_SW_C14_M02_CTRL,2340,206,195.0,,L_RING,3872,6212
l_SW_C14_M02_CTRL_SW_C14_M02_SENS,14,14,0.015086206896551725,0,0.0,l_SW_C14_M02_CTRL_SW_C14_M02_SENS,2768,206,197.71428571428572,,L_RING,3872,6640
l_SW_C14_M02_SENS_SW_C14_M03_ACT,6,6,0.00646551724137931,0,0.0,l_SW_C14_M02_SENS_SW_C14_M03_ACT,1120,192,186.66666666666666,,L_RING,3872,4992
l_SW_C14_M03_ACT_SW_C14_M03_CTRL,10,10,0.010775862068965518,0,0.0,l_SW_C14_M03_ACT_SW_C14_M03_CTRL,1944,206,194.4,,L_RING,3872,5816
l_SW_C14_M03_CTRL_SW_C14_M03_SENS,12,12,0.01293103448275862,0,0.0,l_SW_C14_M03_CTRL_SW_C14_M03_SENS,2384,206,198.66666666666666,,L_RING,3872,6256
l_SW_C14_M03_SENS_SW_C14_M04_ACT,4,4,0.004310344827586207,0,0.0,l_SW_C14_M03_SENS_SW_C14_M04_ACT,736,186,184.0,,L_RING,3872,4608
l_SW_C14_M04_ACT_SW_C14_M04_CTRL,8,8,0.008620689655172414,0,0.0,l_SW_C14_M04_ACT_SW_C14_M04_CTRL,1560,206,195.0,,L_RING,3872,5432
l_SW_C14_M04_CTRL_SW_C14_M04_SENS,10,10,0.010775862068965518,0,0.0,l_SW_C14_M04_CTRL_SW_C14_M04_SENS,2012,206,201.2,,L_RING,3872,5884
l_SW_C14_M04_SENS_SW_C15_CC,2,2,0.0021551724137931034,0,0.0,l_SW_C14_M04_SENS_SW_C15_CC,364,182,182.0,,L_RING,3872,4236
l_SW_C15_CC_SW_C15_M01_ACT,10,10,0.010775862068965518,0,0.0,l_SW_C15_CC_SW_C15_M01_ACT,1924,204,192.4,,L_RING,3872,5796
l_SW_C15_M01_ACT_SW_C15_M01_CTRL,14,14,0.015086206896551725,0,0.0,l_SW_C15_M01_ACT_SW_C15_M01_CTRL,2748,206,196.28571428571428,,L_RING,3872,6620
l_SW_C15_M01_CTRL_SW_C15_M01_SENS,16,16,0.017241379310344827,0,0.0,l_SW_C15_M01_CTRL_SW_C15_M01_SENS,3164,206,197.75,,L_RING,3872,7036
l_SW_C15_M01_SENS_SW_C15_M02_ACT,8,8,0.008620689655172414,0,0.0,l_SW_C15_M01_SENS_SW_C15_M02_ACT,1516,198,189.5,,L_RING,3872,5388
l_SW_C15_M02_ACT_SW_C15_M02_CTRL,12,12,0.01293103448275862,0,0.0,l_SW_C15_M02_ACT_SW_C15_M02_CTRL,2340,206,195.0,,L_RING,3872,6212
l_SW_C15_M02_CTRL_SW_C15_M02_SENS,14,14,0.015086206896551725,0,0.0,l_SW_C15_M02_CTRL_SW_C15_M02_SENS,2768,206,197.71428571428572,,L_RING,3872,6640
l_SW_C15_M02_SENS_SW_C15_M03_ACT,6,6,0.00646551724137931,0,0.0,l_SW_C15_M02_SENS_SW_C15_M03_ACT,1120,192,186.66666666666666,,L_RING,3872,4992
l_SW_C15_M03_ACT_SW_C15_M03_CTRL,10,10,0.010775862068965518,0,0.0,l_SW_C15_M03_ACT_SW_C15_M03_CTRL,1944,206,194.4,,L_RING,3872,5816
l_SW_C15_M03_CTRL_SW_C15_M03_SENS,12,12,0.01293103448275862,0,0.0,l_SW_C15_M03_CTRL_SW_C15_M03_SENS,2384,206,198.66666666666666,,L_RING,3872,6256
l_SW_C15_M03_SENS_SW_C15_M04_ACT,4,4,0.004310344827586207,0,0.0,l_SW_C15_M03_SENS_SW_C15_M04_ACT,736,186,184.0,,L_RING,3872,4608
l_SW_C15_M04_ACT_SW_C15_M04_CTRL,8,8,0.008620689655172414,0,0.0,l_SW_C15_M04_ACT_SW_C15_M04_CTRL,1560,206,195.0,,L_RING,3872,5432
l_SW_C15_M04_CTRL_SW_C15_M04_SENS,10,10,0.010775862068965518,0,0.0,l_SW_C15_M04_CTRL_SW_C15_M04_SENS,2012,206,201.2,,L_RING,3872,5884
l_SW_C15_M04_SENS_SW_C16_CC,2,2,0.0021551724137931034,0,0.0,l_SW_C15_M04_SENS_SW_C16_CC,364,182,182.0,,L_RING,3872,4236
l_SW_C16_CC_SW_C16_M01_ACT,10,10,0.010775862068965518,0,0.0,l_SW_C16_CC_SW_C16_M01_ACT,1924,204,192.4,,L_RING,3872,5796
l_SW_C16_M01_ACT_SW_C16_M01_CTRL,14,14,0.015086206896551725,0,0.0,l_SW_C16_M01_ACT_SW_C16_M01_CTRL,2748,206,196.28571428571428,,L_RING,3872,6620
l_SW_C16_M01_CTRL_SW_C16_M01_SENS,16,16,0.017241379310344827,0,0.0,l_SW_C16_M01_CTRL_SW_C16_M01_SENS,3164,206,197.75,,L_RING,3872,7036
l_SW_C16_M01_SENS_SW_C16_M02_ACT,8,8,0.008620689655172414,0,0.0,l_SW_C16_M01_SENS_SW_C16_M02_ACT,1516,198,189.5,,L_RING,3872,5388
l_SW_C16_M02_ACT_SW_C16_M02_CTRL,12,12,0.01293103448275862,0,0.0,l_SW_C16_M02_ACT_SW_C16_M02_CTRL,2340,206,195.0,,L_RING,3872,6212
l_SW_C16_M02_CTRL_SW_C16_M02_SENS,14,14,0.015086206896551725,0,0.0,l_SW_C16_M02_CTRL_SW_C16_M02_SENS,2768,206,197.71428571428572,,L_RING,3872,6640
l_SW_C16_M02_SENS_SW_C16_M03_ACT,6,6,0.00646551724137931,0,0.0,l_SW_C16_M02_SENS_SW_C16_M03_ACT,1120,192,186.66666666666666,,L_RING,3872,4992
l_SW_C16_M03_ACT_SW_C16_M03_CTRL,10,10,0.010775862068965518,0,0.0,l_SW_C16_M03_ACT_SW_C16_M03_CTRL,1944,206,194.4,,L_RING,3872,5816
l_SW_C16_M03_CTRL_SW_C16_M03_SENS,12,12,0.01293103448275862,0,0.0,l_SW_C16_M03_CTRL_SW_C16_M03_SENS,2384,206,198.66666666666666,,L_RING,3872,6256
l_SW_C16_M03_SENS_SW_C16_M04_ACT,4,4,0.004310344827586207,0,0.0,l_SW_C16_M03_SENS_SW_C16_M04_ACT,736,186,184.0,,L_RING,3872,4608
l_SW_C16_M04_ACT_SW_C16_M04_CTRL,8,8,0.008620689655172414,0,0.0,l_SW_C16_M04_ACT_SW_C16_M04_CTRL,1560,206,195.0,,L_RING,3872,5432
l_SW_C16_M04_CTRL_SW_C16_M04_SENS,10,10,0.010775862068965518,0,0.0,l_SW_C16_M04_CTRL_SW_C16_M04_SENS,2012,206,201.2,,L_RING,3872,5884
l_SW_C01_CC_SW_C01_CORE_A;l_SW_C01_CORE_A_SW_FACTORY_CORE_A,10,10,0.010775862068965518,0,0.0,l_SW_C01_CC_SW_C01_CORE_A,0,0,0.0,,L_REDSTAR,3776,3776
l_SW_C01_CC_SW_C01_CORE_B;l_SW_C01_CORE_B_SW_FACTORY_CORE_A,2,2,0.0021551724137931034,0,0.0,l_SW_C01_CC_SW_C01_CORE_B,0,0,0.0,,L_REDSTAR,3776,3776
l_SW_C01_CORE_A_SW_C01_M01_ACT;l_SW_C01_CORE_A_SW_FACTORY_CORE_A,4,6,0.00646551724137931,2,0.0021645021645021645,l_SW_C01_CORE_A_SW_C01_M01_ACT,0,0,0.0,l_SW_C01_CORE_A_SW_FACTORY_CORE_B;l_SW_C01_CORE_B_SW_C01_M01_ACT;l_SW_C02_CORE_B_SW_FACTORY_CORE_B;l_SW_C16_CC_SW_C16_CORE_B;l_SW_C16_CORE_B_SW_FACTORY_CORE_B,L_REDSTAR,3776,3776
l_SW_C01_CORE_A_SW_C01_M01_ACT;l_SW_C01_CORE_A_SW_C01_M01_CTRL;l_SW_C01_CORE_A_SW_FACTORY_CORE_A,6,8,0.008620689655172414,2,0.0021691973969631237,l_SW_C01_CORE_A_SW_C01_M01_CTRL,0,0,0.0,l_SW_C01_CORE_A_SW_FACTORY_CORE_B;l_SW_C01_CORE_B_SW_C01_M01_ACT;l_SW_C02_CORE_B_SW_FACTORY_CORE_B;l_SW_C16_CC_SW_C16_CORE_B;l_SW_C16_CORE_B_SW_FACTORY_CORE_B,L_REDSTAR,3776,3776
l_SW_C01_CORE_A_SW_C01_M02_ACT;l_SW_C01_CORE_A_SW_FACTORY_CORE_A,4,6,0.00646551724137931,2,0.0021645021645021645,l_SW_C01_CORE_A_SW_C01_M02_ACT,0,0,0.0,l_SW_C01_CORE_A_SW_FACTORY_CORE_B;l_SW_C01_CORE_B_SW_C01_M02_ACT;l_SW_C02_CORE_B_SW_FACTORY_CORE_B;l_SW_C16_CC_SW_C16_CORE_B;l_SW_C16_CORE_B_SW_FACTORY_CORE_B,L_REDSTAR,3776,3776
l_SW_C01_CORE_A_SW_C01_M02_ACT;l_SW_C01_CORE_A_SW_C01_M02_CTRL;l_SW_C01_CORE_A_SW_FACTORY_CORE_A,6,8,0.008620689655172414,2,0.0021691973969631237,l_SW_C01_CORE_A_SW_C01_M02_CTRL,0,0,0.0,l_SW_C01_CORE_A_SW_FACTORY_CORE_B;l_SW_C01_CORE_B_SW_C01_M02_ACT;l_SW_C02_CORE_B_SW_FACTORY_CORE_B;l_SW_C16_CC_SW_C16_CORE_B;l_SW_C16_CORE_B_SW_FACTORY_CORE_B,L_REDSTAR,3776,3776
l_SW_C01_CORE_A_SW_C01_M03_ACT;l_SW_C01_CORE_A_SW_FACTORY_CORE_A,4,6,0.00646551724137931,2,0.0021645021645021645,l_SW_C01_CORE_A_SW_C01_M03_ACT,0,0,0.0,l_SW_C01_CORE_A_SW_FACTORY_CORE_B;l_SW_C01_CORE_B_SW_C01_M03_ACT;l_SW_C02_CORE_B_SW_FACTORY_CORE_B;l_SW_C16_CC_SW_C16_CORE_B;l_SW_C16_CORE_B_SW_FACTORY_CORE_B,L_REDSTAR,3776,3776
l_SW_C01_CORE_A_SW_C01_M03_ACT;l_SW_C01_CORE_A_SW_C01_M03_CTRL;l_SW_C01_CORE_A_SW_FACTORY_CORE_A,6,8,0.008620689655172414,2,0.0021691973969631237,l_SW_C01_CORE_A_SW_C01_M03_CTRL,0,0,0.0,l_SW_C01_CORE_A_SW_FACTORY_CORE_B;l_SW_C01_CORE_B_SW_C01_M03_ACT;l_SW_C02_CORE_B_SW_FACTORY_CORE_B;l_SW_C16_CC_SW_C16_CORE_B;l_SW_C16_CORE_B_SW_FACTORY_CORE_B,L_REDSTAR,3776,3776
l_SW_C01_CORE_A_SW_C01_M04_ACT;l_SW_C01_CORE_A_SW_FACTORY_CORE_A,4,6,0.00646551724137931,2,0.0021645021645021645,l_SW_C01_CORE_A_SW_C01_M04_ACT,0,0,0.0,l_SW_C01_CORE_A_SW_FACTORY_CORE_B;l_SW_C01_CORE_B_SW_C01_M04_ACT;l_SW_C02_CORE_B_SW_FACTORY_CORE_B;l_SW_C16_CC_SW_C16_CORE_B;l_SW_C16_CORE_B_SW_FACTORY_CORE_B,L_REDSTAR,3776,3776
l_SW_C01_CORE_A_SW_C01_M04_ACT;l_SW_C01_CORE_A_SW_C01_M04_CTRL;l_SW_C01_CORE_A_SW_FACTORY_CORE_A,6,8,0.008620689655172414,2,0.0021691973969631237,l_SW_C01_CORE_A_SW_C01_M04_CTRL,0,0,0.0,l_SW_C01_CORE_A_SW_FACTORY_CORE_B;l_SW_C01_CORE_B_SW_C01_M04_ACT;l_SW_C02_CORE_B_SW_FACTORY_CORE_B;l_SW_C16_CC_SW_C16_CORE_B;l_SW_C16_CORE_B_SW_FACTORY_CORE_B,L_REDSTAR,3776,3776
l_SW_C01_CC_SW_C01_CORE_B;l_SW_C01_CORE_A_SW_FACTORY_CORE_A;l_SW_C01_CORE_B_SW_FACTORY_CORE_A,2,8,0.008620689655172414,6,0.0064794816414686825,l_SW_C01_CORE_A_SW_FACTORY_CORE_A,0,0,0.0,l_SW_C01_CORE_A_SW_FACTORY_CORE_B;l_SW_C02_CORE_A_SW_FACTORY_CORE_B;l_SW_C02_CORE_B_SW_FACTORY_CORE_B;l_SW_C16_CC_SW_C16_CORE_B;l_SW_C16_CORE_A_SW_FACTORY_CORE_B;l_SW_C16_CORE_B_SW_FACTORY_CORE_A,L_REDSTAR,3776,3776
l_SW_C01_CORE_B_SW_C01_M01_CTRL;l_SW_C01_CORE_B_SW_C01_M01_SENS,8,8,0.008620689655172414,0,0.0,l_SW_C01_CORE_B_SW_C01_M01_CTRL,0,0,0.0,l_SW_C01_CORE_A_SW_C01_M01_SENS,L_REDSTAR,3776,3776
l_SW_C01_CORE_B_SW_C01_M01_CTRL;l_SW_C01_CORE_B_SW_C01_M01_SENS,8,8,0.008620689655172414,0,0.0,l_SW_C01_CORE_B_SW_C01_M01_SENS,0,0,0.0,l_SW_C01_CORE_A_SW_C01_M01_SENS,L_REDSTAR,3776,3776
l_SW_C01_CORE_B_SW_C01_M02_CTRL;l_SW_C01_CORE_B_SW_C01_M02_SENS,8,8,0.008620689655172414,0,0.0,l_SW_C01_CORE_B_SW_C01_M02_CTRL,0,0,0.0,l_SW_C01_CORE_A_SW_C01_M02_SENS,L_REDSTAR,3776,3776
l_SW_C01_CORE_B_SW_C01_M02_CTRL;l_SW_C01_CORE_B_SW_C01_M02_SENS,8,8,0.008620689655172414,0,0.0,l_SW_C01_CORE_B_SW_C01_M02_SENS,0,0,0.0,l_SW_C01_CORE_A_SW_C01_M02_SENS,L_REDSTAR,3776,3776
l_SW_C01_CORE_B_SW_C01_M03_CTRL;l_SW_C01_CORE_B_SW_C01_M03_SENS,8,8,0.008620689655172414,0,0.0,l_SW_C01_CORE_B_SW_C01_M03_CTRL,0,0,0.0,l_SW_C01_CORE_A_SW_C01_M03_SENS,L_REDSTAR,3776,3776
l_SW_C01_CORE_B_SW_C01_M03_CTRL;l_SW_C01_CORE_B_SW_C01_M03_SENS,8,8,0.008620689655172414,0,0.0,l_SW_C01_CORE_B_SW_C01_M03_SENS,0,0,0.0,l_SW_C01_CORE_A_SW_C01_M03_SENS,L_REDSTAR,3776,3776
l_SW_C01_CORE_B_SW_C01_M04_CTRL;l_SW_C01_CORE_B_SW_C01_M04_SENS,8,8,0.008620689655172414,0,0.0,l_SW_C01_CORE_B_SW_C01_M04_CTRL,0,0,0.0,l_SW_C01_CORE_A_SW_C01_M04_SENS,L_REDSTAR,3776,3776
l_SW_C01_CORE_B_SW_C01_M04_CTRL;l_SW_C01_CORE_B_SW_C01_M04_SENS,8,8,0.008620689655172414,0,0.0,l_SW_C01_CORE_B_SW_C01_M04_SENS,0,0,0.0,l_SW_C01_CORE_A_SW_C01_M04_SENS,L_REDSTAR,3776,3776
l_SW_C01_CORE_B_SW_FACTORY_CORE_A,2,6,0.00646551724137931,4,0.004319654427645789,l_SW_C01_CORE_B_SW_FACTORY_CORE_A,0,0,0.0,l_SW_C01_CORE_B_SW_FACTORY_CORE_B;l_SW_C02_CORE_A_SW_FACTORY_CORE_B;l_SW_C16_CC_SW_C16_CORE_B;l_SW_C16_CORE_A_SW_FACTORY_CORE_B;l_SW_C16_CORE_B_SW_FACTORY_CORE_A,L_REDSTAR,3776,3776
l_SW_C02_CC_SW_C02_CORE_A;l_SW_C02_CORE_A_SW_FACTORY_CORE_A,10,10,0.010775862068965518,0,0.0,l_SW_C02_CC_SW_C02_CORE_A,0,0,0.0,,L_REDSTAR,3776,3776
l_SW_C02_CC_SW_C02_CORE_B;l_SW_C02_CORE_B_SW_FACTORY_CORE_A,2,2,0.0021551724137931034,0,0.0,l_SW_C02_CC_SW_C02_CORE_B,0,0,0.0,,L_REDSTAR,3776,3776
l_SW_C02_CORE_A_SW_C02_M01_ACT;l_SW_C02_CORE_A_SW_FACTORY_CORE_A,4,6,0.00646551724137931,2,0.0021645021645021645,l_SW_C02_CORE_A_SW_C02_M01_ACT,0,0,0.0,l_SW_C01_CORE_B_SW_FACTORY_CORE_B;l_SW_C02_CORE_A_SW_FACTORY_CORE_B;l_SW_C02_CORE_B_SW_C02_M01_ACT;l_SW_C03_CORE_B_SW_FACTORY_CORE_B,L_REDSTAR,3776,3776
l_SW_C02_CORE_A_SW_C02_M01_ACT;l_SW_C02_CORE_A_SW_C02_M01_CTRL;l_SW_C02_CORE_A_SW_FACTORY_CORE_A,6,8,0.008620689655172414,2,0.0021691973969631237,l_SW_C02_CORE_A_SW_C02_M01_CTRL,0,0,0.0,l_SW_C01_CORE_B_SW_FACTORY_CORE_B;l_SW_C02_CORE_A_SW_FACTORY_CORE_B;l_SW_C02_CORE_B_SW_C02_M01_ACT;l_SW_C03_CORE_B_SW_FACTORY_CORE_B,L_REDSTAR,3776,3776
l_SW_C02_CORE_A_SW_C02_M02_ACT;l_SW_C02_CORE_A_SW_FACTORY_CORE_A,4,6,0.00646551724137931,2,0.0021645021645021645,l_SW_C02_CORE_A_SW_C02_M02_ACT,0,0,0.0,l_SW_C01_CORE_B_SW_FACTORY_CORE_B;l_SW_C02_CORE_A_SW_FACTORY_CORE_B;l_SW_C02_CORE_B_SW_C02_M02_ACT;l_SW_C03_CORE_B_SW_FACTORY_CORE_B,L_REDSTAR,3776,3776
l_SW_C02_CORE_A_SW_C02_M02_ACT;l_SW_C02_CORE_A_SW_C02_M02_CTRL;l_SW_C02_CORE_A_SW_FACTORY_CORE_A,6,8,0.008620689655172414,2,0.0021691973969631237,l_SW_C02_CORE_A_SW_C02_M02_CTRL,0,0,0.0,l_SW_C01_CORE_B_SW_FACTORY_CORE_B;l_SW_C02_CORE_A_SW_FACTORY_CORE_B;l_SW_C02_CORE_B_SW_C02_M02_ACT;l_SW_C03_CORE_B_SW_FACTORY_CORE_B,L_REDSTAR,3776,3776
l_SW_C02_CORE_A_SW_C02_M03_ACT;l_SW_C02_CORE_A_SW_FACTORY_CORE_A,4,6,0.00646551724137931,2,0.0021645021645021645,l_SW_C02_CORE_A_SW_C02_M03_ACT,0,0,0.0,l_SW_C01_CORE_B_SW_FACTORY_CORE_B;l_SW_C02_CORE_A_SW_FACTORY_CORE_B;l_SW_C02_CORE_B_SW_C02_M03_ACT;l_SW_C03_CORE_B_SW_FACTORY_CORE_B,L_REDSTAR,3776,3776
l_SW_C02_CORE_A_SW_C02_M03_ACT;l_SW_C02_CORE_A_SW_C02_M03_CTRL;l_SW_C02_CORE_A_SW_FACTORY_CORE_A,6,8,0.008620689655172414,2,0.0021691973969631237,l_SW_C02_CORE_A_SW_C02_M03_CTRL,0,0,0.0,l_SW_C01_CORE_B_SW_FACTORY_CORE_B;l_SW_C02_CORE_A_SW_FACTORY_CORE_B;l_SW_C02_CORE_B_SW_C02_M03_ACT;l_SW_C03_CORE_B_SW_FACTORY_CORE_B,L_REDSTAR,3776,3776
l_SW_C02_CORE_A_SW_C02_M04_ACT;l_SW_C02_CORE_A_SW_FACTORY_CORE_A,4,6,0.00646551724137931,2,0.0021645021645021645,l_SW_C02_CORE_A_SW_C02_M04_ACT,0,0,0.0,l_SW_C01_CORE_B_SW_FACTORY_CORE_B;l_SW_C02_CORE_A_SW_FACTORY_CORE_B;l_SW_C02_CORE_B_SW_C02_M04_ACT;l_SW_C03_CORE_B_SW_FACTORY_CORE_B,L_REDSTAR,3776,3776
l_SW_C02_CORE_A_SW_C02_M04_ACT;l_SW_C02_CORE_A_SW_C02_M04_CTRL;l_SW_C02_CORE_A_SW_FACTORY_CORE_A,6,8,0.008620689655172414,2,0.0021691973969631237,l_SW_C02_CORE_A_SW_C02_M04_CTRL,0,0,0.0,l_SW_C01_CORE_B_SW_FACTORY_CORE_B;l_SW_C02_CORE_A_SW_FACTORY_CORE_B;l_SW_C02_CORE_B_SW_C02_M04_ACT;l_SW_C03_CORE_B_SW_FACTORY_CORE_B,L_REDSTAR,3776,3776
l_SW_C02_CC_SW_C02_CORE_B;l_SW_C02_CORE_A_SW_FACTORY_CORE_A;l_SW_C02_CORE_B_SW_FACTORY_CORE_A,2,9,0.009698275862068966,7,0.00755939524838013,l_SW_C02_CORE_A_SW_FACTORY_CORE_A,0,0,0.0,l_SW_C01_CORE_A_SW_FACTORY_CORE_B;l_SW_C01_CORE_B_SW_FACTORY_CORE_B;l_SW_C02_CORE_A_SW_FACTORY_CORE_B;l_SW_C03_CORE_A_SW_FACTORY_CORE_B;l_SW_C03_CORE_B_SW_FACTORY_CORE_B;l_SW_C16_CC_SW_C16_CORE_B;l_SW_C16_CORE_B_SW_FACTORY_CORE_A,L_REDSTAR,3776,3776
l_SW_C02_CORE_B_SW_C02_M01_CTRL;l_SW_C02_CORE_B_SW_C02_M01_SENS,8,8,0.008620689655172414,0,0.0,l_SW_C02_CORE_B_SW_C02_M01_CTRL,0,0,0.0,l_SW_C02_CORE_A_SW_C02_M01_SENS,L_REDSTAR,3776,3776
l_SW_C02_CORE_B_SW_C02_M01_CTRL;l_SW_C02_CORE_B_SW_C02_M01_SENS,8,8,0.008620689655172414,0,0.0,l_SW_C02_CORE_B_SW_C02_M01_SENS,0,0,0.0,l_SW_C02_CORE_A_SW_C02_M01_SENS,L_REDSTAR,3776,3776
l_SW_C02_CORE_B_SW_C02_M02_CTRL;l_SW_C02_CORE_B_SW_C02_M02_SENS,8,8,0.008620689655172414,0,0.0,l_SW_C02_CORE_B_SW_C02_M02_CTRL,0,0,0.0,l_SW_C02_CORE_A_SW_C02_M02_SENS,L_REDSTAR,3776,3776
l_SW_C02_CORE_B_SW_C02_M02_CTRL;l_SW_C02_CORE_B_SW_C02_M02_SENS,8,8,0.008620689655172414,0,0.0,l_SW_C02_CORE_B_SW_C02_M02_SENS,0,0,0.0,l_SW_C02_CORE_A_SW_C02_M02_SENS,L_REDSTAR,3776,3776
l_SW_C02_CORE_B_SW_C02_M03_CTRL;l_SW_C02_CORE_B_SW_C02_M03_SENS,8,8,0.008620689655172414,0,0.0,l_SW_C02_CORE_B_SW_C02_M03_CTRL,0,0,0.0,l_SW_C02_CORE_A_SW_C02_M03_SENS,L_REDSTAR,3776,3776
l_SW_C02_CORE_B_SW_C02_M03_CTRL;l_SW_C02_CORE_B_SW_C02_M03_SENS,8,8,0.008620689655172414,0,0.0,l_SW_C02_CORE_B_SW_C02_M03_SENS,0,0,0.0,l_SW_C02_CORE_A_SW_C02_M03_SENS,L_REDSTAR,3776,3776
l_SW_C02_CORE_B_SW_C02_M04_CTRL;l_SW_C02_CORE_B_SW_C02_M04_SENS,8,8,0.008620689655172414,0,0.0,l_SW_C02_CORE_B_SW_C02_M04_CTRL,0,0,0.0,l_SW_C02_CORE_A_SW_C02_M04_SENS,L_REDSTAR,3776,3776
l_SW_C02_CORE_B_SW_C02_M04_CTRL;l_SW_C02_CORE_B_SW_C02_M04_SENS,8,8,0.008620689655172414,0,0.0,l_SW_C02_CORE_B_SW_C02_M04_SENS,0,0,0.0,l_SW_C02_CORE_A_SW_C02_M04_SENS,L_REDSTAR,3776,3776
l_SW_C02_CORE_B_SW_FACTORY_CORE_A,2,7,0.007543103448275862,5,0.005399568034557235,l_SW_C02_CORE_B_SW_FACTORY_CORE_A,0,0,0.0,l_SW_C01_CORE_A_SW_FACTORY_CORE_B;l_SW_C02_CORE_B_SW_FACTORY_CORE_B;l_SW_C03_CORE_A_SW_FACTORY_CORE_B;l_SW_C16_CC_SW_C16_CORE_B;l_SW_C16_CORE_B_SW_FACTORY_CORE_A,L_REDSTAR,3776,3776
l_SW_C03_CC_SW_C03_CORE_A;l_SW_C03_CORE_A_SW_FACTORY_CORE_A,10,10,0.010775862068965518,0,0.0,l_SW_C03_CC_SW_C03_CORE_A,0,0,0.0,,L_REDSTAR,3776,3776
l_SW_C03_CC_SW_C03_CORE_B;l_SW_C03_CORE_B_SW_FACTORY_CORE_A,2,2,0.0021551724137931034,0,0.0,l_SW_C03_CC_SW_C03_CORE_B,0,0,0.0,,L_REDSTAR,3776,3776
l_SW_C03_CORE_A_SW_C03_M01_ACT;l_SW_C03_CORE_A_SW_FACTORY_CORE_A,4,6,0.00646551724137931,2,0.0021645021645021645,l_SW_C03_CORE_A_SW_C03_M01_ACT,0,0,0.0,l_SW_C02_CORE_B_SW_FACTORY_CORE_B;l_SW_C03_CORE_A_SW_FACTORY_CORE_B;l_SW_C03_CORE_B_SW_C03_M01_ACT;l_SW_C04_CORE_B_SW_FACTORY_CORE_B,L_REDSTAR,3776,3776
l_SW_C03_CORE_A_SW_C03_M01_ACT;l_SW_C03_CORE_A_SW_C03_M01_CTRL;l_SW_C03_CORE_A_SW_FACTORY_CORE_A,6,8,0.008620689655172414,2,0.0021691973969631237,l_SW_C03_CORE_A_SW_C03_M01_CTRL,0,0,0.0,l_SW_C02_CORE_B_SW_FACTORY_CORE_B;l_SW_C03_CORE_A_SW_FACTORY_CORE_B;l_SW_C03_CORE_B_SW_C03_M01_ACT;l_SW_C04_CORE_B_SW_FACTORY_CORE_B,L_REDSTAR,3776,3776
l_SW_C03_CORE_A_SW_C03_M02_ACT;l_SW_C03_CORE_A_SW_FACTORY_CORE_A,4,6,0.00646551724137931,2,0.0021645021645021645,l_SW_C03_CORE_A_SW_C03_M02_ACT,0,0,0.0,l_SW_C02_CORE_B_SW_FACTORY_CORE_B;l_SW_C03_CORE_A_SW_FACTORY_CORE_B;l_SW_C03_CORE_B_SW_C03_M02_ACT;l_SW_C04_CORE_B_SW_FACTORY_CORE_B,L_REDSTAR,3776,3776
l_SW_C03_CORE_A_SW_C03_M02_ACT;l_SW_C03_CORE_A_SW_C03_M02_CTRL;l_SW_C03_CORE_A_SW_FACTORY_CORE_A,6,8,0.008620689655172414,2,0.0021691973969631237,l_SW_C03_CORE_A_SW_C03_M02_CTRL,0,0,0.0,l_SW_C02_CORE_B_SW_FACTORY_CORE_B;l_SW_C03_CORE_A_SW_FACTORY_CORE_B;l_SW_C03_CORE_B_SW_C03_M02_ACT;l_SW_C04_CORE_B_SW_FACTORY_CORE_B,L_REDSTAR,3776,3776
l_SW_C03_CORE_A_SW_C03_M03_ACT;l_SW_C03_CORE_A_SW_FACTORY_CORE_A,4,6,0.00646551724137931,2,0.0021645021645021645,l_SW_C03_CORE_A_SW_C03_M03_ACT,0,0,0.0,l_SW_C02_CORE_B_SW_FACTORY_CORE_B;l_SW_C03_CORE_A_SW_FACTORY_CORE_B;l_SW_C03_CORE_B_SW_C03_M03_ACT;l_SW_C04_CORE_B_SW_FACTORY_CORE_B,L_REDSTAR,3776,3776
l_SW_C03_CORE_A_SW_C03_M03_ACT;l_SW_C03_CORE_A_SW_C03_M03_CTRL;l_SW_C03_CORE_A_SW_FACTORY_CORE_A,6,8,0.008620689655172414,2,0.0021691973969631237,l_SW_C03_CORE_A_SW_C03_M03_CTRL,0,0,0.0,l_SW_C02_CORE_B_SW_FACTORY_CORE_B;l_SW_C03_CORE_A_SW_FACTORY_CORE_B;l_SW_C03_CORE_B_SW_C03_M03_ACT;l_SW_C04_CORE_B_SW_FACTORY_CORE_B,L_REDSTAR,3776,3776
l_SW_C03_CORE_A_SW_C03_M04_ACT;l_SW_C03_CORE_A_SW_FACTORY_CORE_A,4,6,0.00646551724137931,2,0.0021645021645021645,l_SW_C03_CORE_A_SW_C03_M04_ACT,0,0,0.0,l_SW_C02_CORE_B_SW_FACTORY_CORE_B;l_SW_C03_CORE_A_SW_FACTORY_CORE_B;l_SW_C03_CORE_B_SW_C03_M04_ACT;l_SW_C04_CORE_B_SW_FACTORY_CORE_B,L_REDSTAR,3776,3776
l_SW_C03_CORE_A_SW_C03_M04_ACT;l_SW_C03_CORE_A_SW_C03_M04_CTRL;l_SW_C03_CORE_A_SW_FACTORY_CORE_A,6,8,0.008620689655172414,2,0.0021691973969631237,l_SW_C03_CORE_A_SW_C03_M04_CTRL,0,0,0.0,l_SW_C02_CORE_B_SW_FACTORY_CORE_B;l_SW_C03_CORE_A_SW_FACTORY_CORE_B;l_SW_C03_CORE_B_SW_C03_M04_ACT;l_SW_C04_CORE_B_SW_FACTORY_CORE_B,L_REDSTAR,3776,3776
l_SW_C03_CC_SW_C03_CORE_B;l_SW_C03_CORE_A_SW_FACTORY_CORE_A;l_SW_C03_CORE_B_SW_FACTORY_CORE_A,2,9,0.009698275862068966,7,0.00755939524838013,l_SW_C03_CORE_A_SW_FACTORY_CORE_A,0,0,0.0,l_SW_C02_CORE_A_SW_FACTORY_CORE_B;l_SW_C02_CORE_B_SW_FACTORY_CORE_B;l_SW_C03_CORE_A_SW_FACTORY_CORE_B;l_SW_C04_CORE_A_SW_FACTORY_CORE_B;l_SW_C04_CORE_B_SW_FACTORY_CORE_B;l_SW_C16_CC_SW_C16_CORE_B;l_SW_C16_CORE_B_SW_FACTORY_CORE_A,L_REDSTAR,3776,3776
l_SW_C03_CORE_B_SW_C03_M01_CTRL;l_SW_C03_CORE_B_SW_C03_M01_SENS,8,8,0.008620689655172414,0,0.0,l_SW_C03_CORE_B_SW_C03_M01_CTRL,0,0,0.0,l_SW_C03_CORE_A_SW_C03_M01_SENS,L_REDSTAR,3776,3776
l_SW_C03_CORE_B_SW_C03_M01_CTRL;l_SW_C03_CORE_B_SW_C03_M01_SENS,8,8,0.008620689655172414,0,0.0,l_SW_C03_CORE_B_SW_C03_M01_SENS,0,0,0.0,l_SW_C03_CORE_A_SW_C03_M01_SENS,L_REDSTAR,3776,3776
l_SW_C03_CORE_B_SW_C03_M02_CTRL;l_SW_C03_CORE_B_SW_C03_M02_SENS,8,8,0.008620689655172414,0,0.0,l_SW_C03_CORE_B_SW_C03_M02_CTRL,0,0,0.0,l_SW_C03_CORE_A_SW_C03_M02_SENS,L_REDSTAR,3776,3776
l_SW_C03_CORE_B_SW_C03_M02_CTRL;l_SW_C03_CORE_B_SW_C03_M02_SENS,8,8,0.008620689655172414,0,0.0,l_SW_C03_CORE_B_SW_C03_M02_SENS,0,0,0.0,l_SW_C03_CORE_A_SW_C03_M02_SENS,L_REDSTAR,3776,3776
l_SW_C03_CORE_B_SW_C03_M03_CTRL;l_SW_C03_CORE_B_SW_C03_M03_SENS,8,8,0.008620689655172414,0,0.0,l_SW_C03_CORE_B_SW_C03_M03_CTRL,0,0,0.0,l_SW_C03_CORE_A_SW_C03_M03_SENS,L_REDSTAR,3776,3776
l_SW_C03_CORE_B_SW_C03_M03_CTRL;l_SW_C03_CORE_B_SW_C03_M03_SENS,8,8,0.008620689655172414,0,0.0,l_SW_C03_CORE_B_SW_C03_M03_SENS,0,0,0.0,l_SW_C03_CORE_A_SW_C03_M03_SENS,L_REDSTAR,3776,3776
l_SW_C03_CORE_B_SW_C03_M04_CTRL;l_SW_C03_CORE_B_SW_C03_M04_SENS,8,8,0.008620689655172414,0,0.0,l_SW_C03_CORE_B_SW_C03_M04_CTRL,0,0,0.0,l_SW_C03_CORE_A_SW_C03_M04_SENS,L_REDSTAR,3776,3776
l_SW_C03_CORE_B_SW_C03_M04_CTRL;l_SW_C03_CORE_B_SW_C03_M04_SENS,8,8,0.008620689655172414,0,0.0,l_SW_C03_CORE_B_SW_C03_M04_SENS,0,0,0.0,l_SW_C03_CORE_A_SW_C03_M04_SENS,L_REDSTAR,3776,3776
l_SW_C03_CORE_B_SW_FACTORY_CORE_A,2,7,0.007543103448275862,5,0.005399568034557235,l_SW_C03_CORE_B_SW_FACTORY_CORE_A,0,0,0.0,l_SW_C02_CORE_A_SW_FACTORY_CORE_B;l_SW_C03_CORE_B_SW_FACTORY_CORE_B;l_SW_C04_CORE_A_SW_FACTORY_CORE_B;l_SW_C16_CC_SW_C16_CORE_B;l_SW_C16_CORE_B_SW_FACTORY_CORE_A,L_REDSTAR,3776,3776
l_SW_C04_CC_SW_C04_CORE_A;l_SW_C04_CORE_A_SW_FACTORY_CORE_A,10,10,0.010775862068965518,0,0.0,l_SW_C04_CC_SW_C04_CORE_A,0,0,0.0,,L_REDSTAR,3776,3776
l_SW_C04_CC_SW_C04_CORE_B;l_SW_C04_CORE_B_SW_FACTORY_CORE_A,2,2,0.0021551724137931034,0,0.0,l_SW_C04_CC_SW_C04_CORE_B,0,0,0.0,,L_REDSTAR,3776,3776
l_SW_C04_CORE_A_SW_C04_M01_ACT;l_SW_C04_CORE_A_SW_FACTORY_CORE_A,4,6,0.00646551724137931,2,0.0021645021645021645,l_SW_C04_CORE_A_SW_C04_M01_ACT,0,0,0.0,l_SW_C03_CORE_B_SW_FACTORY_CORE_B;l_SW_C04_CORE_A_SW_FACTORY_CORE_B;l_SW_C04_CORE_B_SW_C04_M01_ACT;l_SW_C05_CORE_B_SW_FACTORY_CORE_B,L_REDSTAR,3776,3776
l_SW_C04_CORE_A_SW_C04_M01_ACT;l_SW_C04_CORE_A_SW_C04_M01_CTRL;l_SW_C04_CORE_A_SW_FACTORY_CORE_A,6,8,0.008620689655172414,2,0.0021691973969631237,l_SW_C04_CORE_A_SW_C04_M01_CTRL,0,0,0.0,l_SW_C03_CORE_B_SW_FACTORY_CORE_B;l_SW_C04_CORE_A_SW_FACTORY_CORE_B;l_SW_C04_CORE_B_SW_C04_M01_ACT;l_SW_C05_CORE_B_SW_FACTORY_CORE_B,L_REDSTAR,3776,3776
l_SW_C04_CORE_A_SW_C04_M02_ACT;l_SW_C04_CORE_A_SW_FACTORY_CORE_A,4,6,0.00646551724137931,2,0.0021645021645021645,l_SW_C04_CORE_A_SW_C04_M02_ACT,0,0,0.0,l_SW_C03_CORE_B_SW_FACTORY_CORE_B;l_SW_C04_CORE_A_SW_FACTORY_CORE_B;l_SW_C04_CORE_B_SW_C04_M02_ACT;l_SW_C05_CORE_B_SW_FACTORY_CORE_B,L_REDSTAR,3776,3776
l_SW_C04_CORE_A_SW_C04_M02_ACT;l_SW_C04_CORE_A_SW_C04_M02_CTRL;l_SW_C04_CORE_A_SW_FACTORY_CORE_A,6,8,0.008620689655172414,2,0.0021691973969631237,l_SW_C04_CORE_A_SW_C04_M02_CTRL,0,0,0.0,l_SW_C03_CORE_B_SW_FACTORY_CORE_B;l_SW_C04_CORE_A_SW_FACTORY_CORE_B;l_SW_C04_CORE_B_SW_C04_M02_ACT;l_SW_C05_CORE_B_SW_FACTORY_CORE_B,L_REDSTAR,3776,3776
l_SW_C04_CORE_A_SW_C04_M03_ACT;l_SW_C04_CORE_A_SW_FACTORY_CORE_A,4,6,0.00646551724137931,2,0.0021645021645021645,l_SW_C04_CORE_A_SW_C04_M03_ACT,0,0,0.0,l_SW_C03_CORE_B_SW_FACTORY_CORE_B;l_SW_C04_CORE_A_SW_FACTORY_CORE_B;l_SW_C04_CORE_B_SW_C04_M03_ACT;l_SW_C05_CORE_B_SW_FACTORY_CORE_B,L_REDSTAR,3776,3776
l_SW_C04_CORE_A_SW_C04_M03_ACT;l_SW_C04_CORE_A_SW_C04_M03_CTRL;l_SW_C04_CORE_A_SW_FACTORY_CORE_A,6,8,0.008620689655172414,2,0.0021691973969631237,l_SW_C04_CORE_A_SW_C04_M03_CTRL,0,0,0.0,l_SW_C03_CORE_B_SW_FACTORY_CORE_B;l_SW_C04_CORE_A_SW_FACTORY_CORE_B;l_SW_C04_CORE_B_SW_C04_M03_ACT;l_SW_C05_CORE_B_SW_FACTORY_CORE_B,L_REDSTAR,3776,3776
l_SW_C04_CORE_A_SW_C04_M04_ACT;l_SW_C04_CORE_A_SW_FACTORY_CORE_A,4,6,0.00646551724137931,2,0.0021645021645021645,l_SW_C04_CORE_A_SW_C04_M04_ACT,0,0,0.0,l_SW_C03_CORE_B_SW_FACTORY_CORE_B;l_SW_C04_CORE_A_SW_FACTORY_CORE_B;l_SW_C04_CORE_B_SW_C04_M04_ACT;l_SW_C05_CORE_B_SW_FACTORY_CORE_B,L_REDSTAR,3776,3776
l_SW_C04_CORE_A_SW_C04_M04_ACT;l_SW_C04_CORE_A_SW_C04_M04_CTRL;l_SW_C04_CORE_A_SW_FACTORY_CORE_A,6,8,0.008620689655172414,2,0.0021691973969631237,l_SW_C04_CORE_A_SW_C04_M04_CTRL,0,0,0.0,l_SW_C03_CORE_B_SW_FACTORY_CORE_B;l_SW_C04_CORE_A_SW_FACTORY_CORE_B;l_SW_C04_CORE_B_SW_C04_M04_ACT;l_SW_C05_CORE_B_SW_FACTORY_CORE_B,L_REDSTAR,3776,3776
l_SW_C04_CC_SW_C04_CORE_B;l_SW_C04_CORE_A_SW_FACTORY_CORE_A;l_SW_C04_CORE_B_SW_FACTORY_CORE_A,2,9,0.009698275862068966,7,0.00755939524838013,l_SW_C04_CORE_A_SW_FACTORY_CORE_A,0,0,0.0,l_SW_C03_CORE_A_SW_FACTORY_CORE_B;l_SW_C03_CORE_B_SW_FACTORY_CORE_B;l_SW_C04_CORE_A_SW_FACTORY_CORE_B;l_SW_C05_CORE_A_SW_FACTORY_CORE_B;l_SW_C05_CORE_B_SW_FACTORY_CORE_B;l_SW_C16_CC_SW_C16_CORE_B;l_SW_C16_CORE_B_SW_FACTORY_CORE_A,L_REDSTAR,3776,3776
l_SW_C04_CORE_B_SW_C04_M01_CTRL;l_SW_C04_CORE_B_SW_C04_M01_SENS,8,8,0.008620689655172414,0,0.0,l_SW_C04_CORE_B_SW_C04_M01_CTRL,0,0,0.0,l_SW_C04_CORE_A_SW_C04_M01_SENS,L_REDSTAR,3776,3776
l_SW_C04_CORE_B_SW_C04_M01_CTRL;l_SW_C04_CORE_B_SW_C04_M01_SENS,8,8,0.008620689655172414,0,0.0,l_SW_C04_CORE_B_SW_C04_M01_SENS,0,0,0.0,l_SW_C04_CORE_A_SW_C04_M01_SENS,L_REDSTAR,3776,3776
l_SW_C04_CORE_B_SW_C04_M02_CTRL;l_SW_C04_CORE_B_SW_C04_M02_SENS,8,8,0.008620689655172414,0,0.0,l_SW_C04_CORE_B_SW_C04_M02_CTRL,0,0,0.0,l_SW_C04_CORE_A_SW_C04_M02_SENS,L_REDSTAR,3776,3776
l_SW_C04_CORE_B_SW_C04_M02_CTRL;l_SW_C04_CORE_B_SW_C04_M02_SENS,8,8,0.008620689655172414,0,0.0,l_SW_C04_CORE_B_SW_C04_M02_SENS,0,0,0.0,l_SW_C04_CORE_A_SW_C04_M02_SENS,L_REDSTAR,3776,3776
l_SW_C04_CORE_B_SW_C04_M03_CTRL;l_SW_C04_CORE_B_SW_C04_M03_SENS,8,8,0.008620689655172414,0,0.0,l_SW_C04_CORE_B_SW_C04_M03_CTRL,0,0,0.0,l_SW_C04_CORE_A_SW_C04_M03_SENS,L_REDSTAR,3776,3776
l_SW_C04_CORE_B_SW_C04_M03_CTRL;l_SW_C04_CORE_B_SW_C04_M03_SENS,8,8,0.008620689655172414,0,0.0,l_SW_C04_CORE_B_SW_C04_M03_SENS,0,0,0.0,l_SW_C04_CORE_A_SW_C04_M03_SENS,L_REDSTAR,3776,3776
l_SW_C04_CORE_B_SW_C04_M04_CTRL;l_SW_C04_CORE_B_SW_C04_M04_SENS,8,8,0.008620689655172414,0,0.0,l_SW_C04_CORE_B_SW_C04_M04_CTRL,0,0,0.0,l_SW_C04_CORE_A_SW_C04_M04_SENS,L_REDSTAR,3776,3776
l_SW_C04_CORE_B_SW_C04_M04_CTRL;l_SW_C04_CORE_B_SW_C04_M04_SENS,8,8,0.008620689655172414,0,0.0,l_SW_C04_CORE_B_SW_C04_M04_SENS,0,0,0.0,l_SW_C04_CORE_A_SW_C04_M04_SENS,L_REDSTAR,3776,3776
l_SW_C04_CORE_B_SW_FACTORY_CORE_A,2,7,0.007543103448275862,5,0.005399568034557235,l_SW_C04_CORE_B_SW_FACTORY_CORE_A,0,0,0.0,l_SW_C03_CORE_A_SW_FACTORY_CORE_B;l_SW_C04_CORE_B_SW_FACTORY_CORE_B;l_SW_C05_CORE_A_SW_FACTORY_CORE_B;l_SW_C16_CC_SW_C16_CORE_B;l_SW_C16_CORE_B_SW_FACTORY_CORE_A,L_REDSTAR,3776,3776
l_SW_C05_CC_SW_C05_CORE_A;l_SW_C05_CORE_A_SW_FACTORY_CORE_A,10,10,0.010775862068965518,0,0.0,l_SW_C05_CC_SW_C05_CORE_A,0,0,0.0,,L_REDSTAR,3776,3776
l_SW_C05_CC_SW_C05_CORE_B;l_SW_C05_CORE_B_SW_FACTORY_CORE_A,2,2,0.0021551724137931034,0,0.0,l_SW_C05_CC_SW_C05_CORE_B,0,0,0.0,,L_REDSTAR,3776,3776
l_SW_C05_CORE_A_SW_C05_M01_ACT;l_SW_C05_CORE_A_SW_FACTORY_CORE_A,4,6,0.00646551724137931,2,0.0021645021645021645,l_SW_C05_CORE_A_SW_C05_M01_ACT,0,0,0.0,l_SW_C04_CORE_B_SW_FACTORY_CORE_B;l_SW_C05_CORE_A_SW_FACTORY_CORE_B;l_SW_C05_CORE_B_SW_C05_M01_ACT;l_SW_C06_CORE_B_SW_FACTORY_CORE_B,L_REDSTAR,3776,3776
l_SW_C05_CORE_A_SW_C05_M01_ACT;l_SW_C05_CORE_A_SW_C05_M01_CTRL;l_SW_C05_CORE_A_SW_FACTORY_CORE_A,6,8,0.008620689655172414,2,0.0021691973969631237,l_SW_C05_CORE_A_SW_C05_M01_CTRL,0,0,0.0,l_SW_C04_CORE_B_SW_FACTORY_CORE_B;l_SW_C05_CORE_A_SW_FACTORY_CORE_B;l_SW_C05_CORE_B_SW_C05_M01_ACT;l_SW_C06_CORE_B_SW_FACTORY_CORE_B,L_REDSTAR,3776,3776
l_SW_C05_CORE_A_SW_C05_M02_ACT;l_SW_C05_CORE_A_SW_FACTORY_CORE_A,4,6,0.00646551724137931,2,0.0021645021645021645,l_SW_C05_CORE_A_SW_C05_M02_ACT,0,0,0.0,l_SW_C04_CORE_B_SW_FACTORY_CORE_B;l_SW_C05_CORE_A_SW_FACTORY_CORE_B;l_SW_C05_CORE_B_SW_C05_M02_ACT;l_SW_C06_CORE_B_SW_FACTORY_CORE_B,L_REDSTAR,3776,3776
l_SW_C05_CORE_A_SW_C05_M02_ACT;l_SW_C05_CORE_A_SW_C05_M02_CTRL;l_SW_C05_CORE_A_SW_FACTORY_CORE_A,6,8,0.008620689655172414,2,0.0021691973969631237,l_SW_C05_CORE_A_SW_C05_M02_CTRL,0,0,0.0,l_SW_C04_CORE_B_SW_FACTORY_CORE_B;l_SW_C05_CORE_A_SW_FACTORY_CORE_B;l_SW_C05_CORE_B_SW_C05_M02_ACT;l_SW_C06_CORE_B_SW_FACTORY_CORE_B,L_REDSTAR,3776,3776
l_SW_C05_CORE_A_SW_C05_M03_ACT;l_SW_C05_CORE_A_SW_FACTORY_CORE_A,4,6,0.00646551724137931,2,0.0021645021645021645,l_SW_C05_CORE_A_SW_C05_M03_ACT,0,0,0.0,l_SW_C04_CORE_B_SW_FACTORY_CORE_B;l_SW_C05_CORE_A_SW_FACTORY_CORE_B;l_SW_C05_CORE_B_SW_C05_M03_ACT;l_SW_C06_CORE_B_SW_FACTORY_CORE_B,L_REDSTAR,3776,3776
l_SW_C05_CORE_A_SW_C05_M03_ACT;l_SW_C05_CORE_A_SW_C05_M03_CTRL;l_SW_C05_CORE_A_SW_FACTORY_CORE_A,6,8,0.008620689655172414,2,0.0021691973969631237,l_SW_C05_CORE_A_SW_C05_M03_CTRL,0,0,0.0,l_SW_C04_CORE_B_SW_FACTORY_CORE_B;l_SW_C05_CORE_A_SW_FACTORY_CORE_B;l_SW_C05_CORE_B_SW_C05_M03_ACT;l_SW_C06_CORE_B_SW_FACTORY_CORE_B,L_REDSTAR,3776,3776
l_SW_C05_CORE_A_SW_C05_M04_ACT;l_SW_C05_CORE_A_SW_FACTORY_CORE_A,4,6,0.00646551724137931,2,0.0021645021645021645,l_SW_C05_CORE_A_SW_C05_M04_ACT,0,0,0.0,l_SW_C04_CORE_B_SW_FACTORY_CORE_B;l_SW_C05_CORE_A_SW_FACTORY_CORE_B;l_SW_C05_CORE_B_SW_C05_M04_ACT;l_SW_C06_CORE_B_SW_FACTORY_CORE_B,L_REDSTAR,3776,3776
l_SW_C05_CORE_A_SW_C05_M04_ACT;l_SW_C05_CORE_A_SW_C05_M04_CTRL;l_SW_C05_CORE_A_SW_FACTORY_CORE_A,6,8,0.008620689655172414,2,0.0021691973969631237,l_SW_C05_CORE_A_SW_C05_M04_CTRL,0,0,0.0,l_SW_C04_CORE_B_SW_FACTORY_CORE_B;l_SW_C05_CORE_A_SW_FACTORY_CORE_B;l_SW_C05_CORE_B_SW_C05_M04_ACT;l_SW_C06_CORE_B_SW_FACTORY_CORE_B,L_REDSTAR,3776,3776
l_SW_C05_CC_SW_C05_CORE_B;l_SW_C05_CORE_A_SW_FACTORY_CORE_A;l_SW_C05_CORE_B_SW_FACTORY_CORE_A,2,9,0.009698275862068966,7,0.00755939524838013,l_SW_C05_CORE_A_SW_FACTORY_CORE_A,0,0,0.0,l_SW_C04_CORE_A_SW_FACTORY_CORE_B;l_SW_C04_CORE_B_SW_FACTORY_CORE_B;l_SW_C05_CORE_A_SW_FACTORY_CORE_B;l_SW_C06_CORE_A_SW_FACTORY_CORE_B;l_SW_C06_CORE_B_SW_FACTORY_CORE_B;l_SW_C16_CC_SW_C16_CORE_B;l_SW_C16_CORE_B_SW_FACTORY_CORE_A,L_REDSTAR,3776,3776
l_SW_C05_CORE_B_SW_C05_M01_CTRL;l_SW_C05_CORE_B_SW_C05_M01_SENS,8,8,0.008620689655172414,0,0.0,l_SW_C05_CORE_B_SW_C05_M01_CTRL,0,0,0.0,l_SW_C05_CORE_A_SW_C05_M01_SENS,L_REDSTAR,3776,3776
l_SW_C05_CORE_B_SW_C05_M01_CTRL;l_SW_C05_CORE_B_SW_C05_M01_SENS,8,8,0.008620689655172414,0,0.0,l_SW_C05_CORE_B_SW_C05_M01_SENS,0,0,0.0,l_SW_C05_CORE_A_SW_C05_M01_SENS,L_REDSTAR,3776,3776
l_SW_C05_CORE_B_SW_C05_M02_CTRL;l_SW_C05_CORE_B_SW_C05_M02_SENS,8,8,0.008620689655172414,0,0.0,l_SW_C05_CORE_B_SW_C05_M02_CTRL,0,0,0.0,l_SW_C05_CORE_A_SW_C05_M02_SENS,L_REDSTAR,3776,3776
l_SW_C05_CORE_B_SW_C05_M02_CTRL;l_SW_C05_CORE_B_SW_C05_M02_SENS,8,8,0.008620689655172414,0,0.0,l_SW_C05_CORE_B_SW_C05_M02_SENS,0,0,0.0,l_SW_C05_CORE_A_SW_C05_M02_SENS,L_REDSTAR,3776,3776
l_SW_C05_CORE_B_SW_C05_M03_CTRL;l_SW_C05_CORE_B_SW_C05_M03_SENS,8,8,0.008620689655172414,0,0.0,l_SW_C05_CORE_B_SW_C05_M03_CTRL,0,0,0.0,l_SW_C05_CORE_A_SW_C05_M03_SENS,L_REDSTAR,3776,3776
l_SW_C05_CORE_B_SW_C05_M03_CTRL;l_SW_C05_CORE_B_SW_C05_M03_SENS,8,8,0.008620689655172414,0,0.0,l_SW_C05_CORE_B_SW_C05_M03_SENS,0,0,0.0,l_SW_C05_CORE_A_SW_C05_M03_SENS,L_REDSTAR,3776,3776
l_SW_C05_CORE_B_SW_C05_M04_CTRL;l_SW_C05_CORE_B_SW_C05_M04_SENS,8,8,0.008620689655172414,0,0.0,l_SW_C05_CORE_B_SW_C05_M04_CTRL,0,0,0.0,l_SW_C05_CORE_A_SW_C05_M04_SENS,L_REDSTAR,3776,3776
l_SW_C05_CORE_B_SW_C05_M04_CTRL;l_SW_C05_CORE_B_SW_C05_M04_SENS,8,8,0.008620689655172414,0,0.0,l_SW_C05_CORE_B_SW_C05_M04_SENS,0,0,0.0,l_SW_C05_CORE_A_SW_C05_M04_SENS,L_REDSTAR,3776,3776
l_SW_C05_CORE_B_SW_FACTORY_CORE_A,2,7,0.007543103448275862,5,0.005399568034557235,l_SW_C05_CORE_B_SW_FACTORY_CORE_A,0,0,0.0,l_SW_C04_CORE_A_SW_FACTORY_CORE_B;l_SW_C05_CORE_B_SW_FACTORY_CORE_B;l_SW_C06_CORE_A_SW_FACTORY_CORE_B;l_SW_C16_CC_SW_C16_CORE_B;l_SW_C16_CORE_B_SW_FACTORY_CORE_A,L_REDSTAR,3776,3776
l_SW_C06_CC_SW_C06_CORE_A;l_SW_C06_CORE_A_SW_FACTORY_CORE_A,10,10,0.010775862068965518,0,0.0,l_SW_C06_CC_SW_C06_CORE_A,0,0,0.0,,L_REDSTAR,3776,3776
l_SW_C06_CC_SW_C06_CORE_B;l_SW_C06_CORE_B_SW_FACTORY_CORE_A,2,2,0.0021551724137931034,0,0.0,l_SW_C06_CC_SW_C06_CORE_B,0,0,0.0,,L_REDSTAR,3776,3776
l_SW_C06_CORE_A_SW_C06_M01_ACT;l_SW_C06_CORE_A_SW_FACTORY_CORE_A,4,6,0.00646551724137931,2,0.0021645021645021645,l_SW_C06_CORE_A_SW_C06_M01_ACT,0,0,0.0,l_SW_C05_CORE_B_SW_FACTORY_CORE_B;l_SW_C06_CORE_A_SW_FACTORY_CORE_B;l_SW_C06_CORE_B_SW_C06_M01_ACT;l_SW_C07_CORE_B_SW_FACTORY_CORE_B,L_REDSTAR,3776,3776
l_SW_C06_CORE_A_SW_C06_M01_ACT;l_SW_C06_CORE_A_SW_C06_M01_CTRL;l_SW_C06_CORE_A_SW_FACTORY_CORE_A,6,8,0.008620689655172414,2,0.0021691973969631237,l_SW_C06_CORE_A_SW_C06_M01_CTRL,0,0,0.0,l_SW_C05_CORE_B_SW_FACTORY_CORE_B;l_SW_C06_CORE_A_SW_FACTORY_CORE_B;l_SW_C06_CORE_B_SW_C06_M01_ACT;l_SW_C07_CORE_B_SW_FACTORY_CORE_B,L_REDSTAR,3776,3776
l_SW_C06_CORE_A_SW_C06_M02_ACT;l_SW_C06_CORE_A_SW_FACTORY_CORE_A,4,6,0.00646551724137931,2,0.0021645021645021645,l_SW_C06_CORE_A_SW_C06_M02_ACT,0,0,0.0,l_SW_C05_CORE_B_SW_FACTORY_CORE_B;l_SW_C06_CORE_A_SW_FACTORY_CORE_B;l_SW_C06_CORE_B_SW_C06_M02_ACT;l_SW_C07_CORE_B_SW_FACTORY_CORE_B,L_REDSTAR,3776,3776
l_SW_C06_CORE_A_SW_C06_M02_ACT;l_SW_C06_CORE_A_SW_C06_M02_CTRL;l_SW_C06_CORE_A_SW_FACTORY_CORE_A,6,8,0.008620689655172414,2,0.0021691973969631237,l_SW_C06_CORE_A_SW_C06_M02_CTRL,0,0,0.0,l_SW_C05_CORE_B_SW_FACTORY_CORE_B;l_SW_C06_CORE_A_SW_FACTORY_CORE_B;l_SW_C06_CORE_B_SW_C06_M02_ACT;l_SW_C07_CORE_B_SW_FACTORY_CORE_B,L_REDSTAR,3776,3776
l_SW_C06_CORE_A_SW_C06_M03_ACT;l_SW_C06_CORE_A_SW_FACTORY_CORE_A,4,6,0.00646551724137931,2,0.0021645021645021645,l_SW_C06_CORE_A_SW_C06_M03_ACT,0,0,0.0,l_SW_C05_CORE_B_SW_FACTORY_CORE_B;l_SW_C06_CORE_A_SW_FACTORY_CORE_B;l_SW_C06_CORE_B_SW_C06_M03_ACT;l_SW_C07_CORE_B_SW_FACTORY_CORE_B,L_REDSTAR,3776,3776
l_SW_C06_CORE_A_SW_C06_M03_ACT;l_SW_C06_CORE_A_SW_C06_M03_CTRL;l_SW_C06_CORE_A_SW_FACTORY_CORE_A,6,8,0.008620689655172414,2,0.0021691973969631237,l_SW_C06_CORE_A_SW_C06_M03_CTRL,0,0,0.0,l_SW_C05_CORE_B_SW_FACTORY_CORE_B;l_SW_C06_CORE_A_SW_FACTORY_CORE_B;l_SW_C06_CORE_B_SW_C06_M03_ACT;l_SW_C07_CORE_B_SW_FACTORY_CORE_B,L_REDSTAR,3776,3776
l_SW_C06_CORE_A_SW_C06_M04_ACT;l_SW_C06_CORE_A_SW_FACTORY_CORE_A,4,6,0.00646551724137931,2,0.0021645021645021645,l_SW_C06_CORE_A_SW_C06_M04_ACT,0,0,0.0,l_SW_C05_CORE_B_SW_FACTORY_CORE_B;l_SW_C06_CORE_A_SW_FACTORY_CORE_B;l_SW_C06_CORE_B_SW_C06_M04_ACT;l_SW_C07_CORE_B_SW_FACTORY_CORE_B,L_REDSTAR,3776,3776
l_SW_C06_CORE_A_SW_C06_M04_ACT;l_SW_C06_CORE_A_SW_C06_M04_CTRL;l_SW_C06_CORE_A_SW_FACTORY_CORE_A,6,8,0.008620689655172414,2,0.0021691973969631237,l_SW_C06_CORE_A_SW_C06_M04_CTRL,0,0,0.0,l_SW_C05_CORE_B_SW_FACTORY_CORE_B;l_SW_C06_CORE_A_SW_FACTORY_CORE_B;l_SW_C06_CORE_B_SW_C06_M04_ACT;l_SW_C07_CORE_B_SW_FACTORY_CORE_B,L_REDSTAR,3776,3776
l_SW_C06_CORE_A_SW_FACTORY_CORE_A,2,8,0.008620689655172414,6,0.0064794816414686825,l_SW_C06_CORE_A_SW_FACTORY_CORE_A,0,0,0.0,l_SW_C05_CORE_A_SW_FACTORY_CORE_B;l_SW_C05_CORE_B_SW_FACTORY_CORE_B;l_SW_C06_CORE_A_SW_FACTORY_CORE_B;l_SW_C07_CORE_B_SW_FACTORY_CORE_B;l_SW_C16_CC_SW_C16_CORE_B;l_SW_C16_CORE_B_SW_FACTORY_CORE_A,L_REDSTAR,3776,3776
l_SW_C06_CORE_B_SW_C06_M01_CTRL;l_SW_C06_CORE_B_SW_C06_M01_SENS,8,8,0.008620689655172414,0,0.0,l_SW_C06_CORE_B_SW_C06_M01_CTRL,0,0,0.0,l_SW_C06_CORE_A_SW_C06_M01_SENS,L_REDSTAR,3776,3776
l_SW_C06_CORE_B_SW_C06_M01_CTRL;l_SW_C06_CORE_B_SW_C06_M01_SENS,8,8,0.008620689655172414,0,0.0,l_SW_C06_CORE_B_SW_C06_M01_SENS,0,0,0.0,l_SW_C06_CORE_A_SW_C06_M01_SENS,L_REDSTAR,3776,3776
l_SW_C06_CORE_B_SW_C06_M02_CTRL;l_SW_C06_CORE_B_SW_C06_M02_SENS,8,8,0.008620689655172414,0,0.0,l_SW_C06_CORE_B_SW_C06_M02_CTRL,0,0,0.0,l_SW_C06_CORE_A_SW_C06_M02_SENS,L_REDSTAR,3776,3776
l_SW_C06_CORE_B_SW_C06_M02_CTRL;l_SW_C06_CORE_B_SW_C06_M02_SENS,8,8,0.008620689655172414,0,0.0,l_SW_C06_CORE_B_SW_C06_M02_SENS,0,0,0.0,l_SW_C06_CORE_A_SW_C06_M02_SENS,L_REDSTAR,3776,3776
l_SW_C06_CORE_B_SW_C06_M03_CTRL;l_SW_C06_CORE_B_SW_C06_M03_SENS,8,8,0.008620689655172414,0,0.0,l_SW_C06_CORE_B_SW_C06_M03_CTRL,0,0,0.0,l_SW_C06_CORE_A_SW_C06_M03_SENS,L_REDSTAR,3776,3776
l_SW_C06_CORE_B_SW_C06_M03_CTRL;l_SW_C06_CORE_B_SW_C06_M03_SENS,8,8,0.008620689655172414,0,0.0,l_SW_C06_CORE_B_SW_C06_M03_SENS,0,0,0.0,l_SW_C06_CORE_A_SW_C06_M03_SENS,L_REDSTAR,3776,3776
l_SW_C06_CORE_B_SW_C06_M04_CTRL;l_SW_C06_CORE_B_SW_C06_M04_SENS,8,8,0.008620689655172414,0,0.0,l_SW_C06_CORE_B_SW_C06_M04_CTRL,0,0,0.0,l_SW_C06_CORE_A_SW_C06_M04_SENS,L_REDSTAR,3776,3776
l_SW_C06_CORE_B_SW_C06_M04_CTRL;l_SW_C06_CORE_B_SW_C06_M04_SENS,8,8,0.008620689655172414,0,0.0,l_SW_C06_CORE_B_SW_C06_M04_SENS,0,0,0.0,l_SW_C06_CORE_A_SW_C06_M04_SENS,L_REDSTAR,3776,3776
l_SW_C06_CORE_B_SW_FACTORY_CORE_A,2,7,0.007543103448275862,5,0.005399568034557235,l_SW_C06_CORE_B_SW_FACTORY_CORE_A,0,0,0.0,l_SW_C05_CORE_A_SW_FACTORY_CORE_B;l_SW_C06_CORE_B_SW_FACTORY_CORE_B;l_SW_C16_CC_SW_C16_CORE_B;l_SW_C16_CORE_B_SW_FACTORY_CORE_A,L_REDSTAR,3776,3776
l_SW_C07_CC_SW_C07_CORE_A;l_SW_C07_CORE_A_SW_FACTORY_CORE_A,10,10,0.010775862068965518,0,0.0,l_SW_C07_CC_SW_C07_CORE_A,0,0,0.0,,L_REDSTAR,3776,3776
l_SW_C07_CC_SW_C07_CORE_B;l_SW_C07_CORE_B_SW_FACTORY_CORE_A,2,2,0.0021551724137931034,0,0.0,l_SW_C07_CC_SW_C07_CORE_B,0,0,0.0,,L_REDSTAR,3776,3776
l_SW_C07_CORE_A_SW_C07_M01_ACT;l_SW_C07_CORE_A_SW_FACTORY_CORE_A;l_SW_C08_CORE_B_SW_FACTORY_CORE_A,4,6,0.00646551724137931,2,0.0021645021645021645,l_SW_C07_CORE_A_SW_C07_M01_ACT,0,0,0.0,l_SW_C06_CORE_B_SW_FACTORY_CORE_B;l_SW_C07_CORE_A_SW_FACTORY_CORE_B;l_SW_C07_CORE_B_SW_C07_M01_ACT;l_SW_C08_CORE_B_SW_FACTORY_CORE_B,L_REDSTAR,3776,3776
l_SW_C07_CORE_A_SW_C07_M01_ACT;l_SW_C07_CORE_A_SW_C07_M01_CTRL;l_SW_C07_CORE_A_SW_FACTORY_CORE_A;l_SW_C08_CORE_B_SW_FACTORY_CORE_A,6,8,0.008620689655172414,2,0.0021691973969631237,l_SW_C07_CORE_A_SW_C07_M01_CTRL,0,0,0.0,l_SW_C06_CORE_B_SW_FACTORY_CORE_B;l_SW_C07_CORE_A_SW_FACTORY_CORE_B;l_SW_C07_CORE_B_SW_C07_M01_ACT;l_SW_C08_CORE_B_SW_FACTORY_CORE_B,L_REDSTAR,3776,3776
l_SW_C07_CORE_A_SW_C07_M02_ACT;l_SW_C07_CORE_A_SW_FACTORY_CORE_A;l_SW_C08_CORE_B_SW_FACTORY_CORE_A,4,6,0.00646551724137931,2,0.0021645021645021645,l_SW_C07_CORE_A_SW_C07_M02_ACT,0,0,0.0,l_SW_C06_CORE_B_SW_FACTORY_CORE_B;l_SW_C07_CORE_A_SW_FACTORY_CORE_B;l_SW_C07_CORE_B_SW_C07_M02_ACT;l_SW_C08_CORE_B_SW_FACTORY_CORE_B,L_REDSTAR,3776,3776
l_SW_C07_CORE_A_SW_C07_M02_ACT;l_SW_C07_CORE_A_SW_C07_M02_CTRL;l_SW_C07_CORE_A_SW_FACTORY_CORE_A;l_SW_C08_CORE_B_SW_FACTORY_CORE_A,6,8,0.008620689655172414,2,0.0021691973969631237,l_SW_C07_CORE_A_SW_C07_M02_CTRL,0,0,0.0,l_SW_C06_CORE_B_SW_FACTORY_CORE_B;l_SW_C07_CORE_A_SW_FACTORY_CORE_B;l_SW_C07_CORE_B_SW_C07_M02_ACT;l_SW_C08_CORE_B_SW_FACTORY_CORE_B,L_REDSTAR,3776,3776
l_SW_C07_CORE_A_SW_C07_M03_ACT;l_SW_C07_CORE_A_SW_FACTORY_CORE_A;l_SW_C08_CORE_B_SW_FACTORY_CORE_A,4,6,0.00646551724137931,2,0.0021645021645021645,l_SW_C07_CORE_A_SW_C07_M03_ACT,0,0,0.0,l_SW_C06_CORE_B_SW_FACTORY_CORE_B;l_SW_C07_CORE_A_SW_FACTORY_CORE_B;l_SW_C07_CORE_B_SW_C07_M03_ACT;l_SW_C08_CORE_B_SW_FACTORY_CORE_B,L_REDSTAR,3776,3776
l_SW_C07_CORE_A_SW_C07_M03_ACT;l_SW_C07_CORE_A_SW_C07_M03_CTRL;l_SW_C07_CORE_A_SW_FACTORY_CORE_A;l_SW_C08_CORE_B_SW_FACTORY_CORE_A,6,8,0.008620689655172414,2,0.0021691973969631237,l_SW_C07_CORE_A_SW_C07_M03_CTRL,0,0,0.0,l_SW_C06_CORE_B_SW_FACTORY_CORE_B;l_SW_C07_CORE_A_SW_FACTORY_CORE_B;l_SW_C07_CORE_B_SW_C07_M03_ACT;l_SW_C08_CORE_B_SW_FACTORY_CORE_B,L_REDSTAR,3776,3776
l_SW_C07_CORE_A_SW_C07_M04_ACT;l_SW_C07_CORE_A_SW_FACTORY_CORE_A;l_SW_C08_CORE_B_SW_FACTORY_CORE_A,4,6,0.00646551724137931,2,0.0021645021645021645,l_SW_C07_CORE_A_SW_C07_M04_ACT,0,0,0.0,l_SW_C06_CORE_B_SW_FACTORY_CORE_B;l_SW_C07_CORE_A_SW_FACTORY_CORE_B;l_SW_C07_CORE_B_SW_C07_M04_ACT;l_SW_C08_CORE_B_SW_FACTORY_CORE_B,L_REDSTAR,3776,3776
l_SW_C07_CORE_A_SW_C07_M04_ACT;l_SW_C07_CORE_A_SW_C07_M04_CTRL;l_SW_C07_CORE_A_SW_FACTORY_CORE_A;l_SW_C08_CORE_B_SW_FACTORY_CORE_A,6,8,0.008620689655172414,2,0.0021691973969631237,l_SW_C07_CORE_A_SW_C07_M04_CTRL,0,0,0.0,l_SW_C06_CORE_B_SW_FACTORY_CORE_B;l_SW_C07_CORE_A_SW_FACTORY_CORE_B;l_SW_C07_CORE_B_SW_C07_M04_ACT;l_SW_C08_CORE_B_SW_FACTORY_CORE_B,L_REDSTAR,3776,3776
l_SW_C07_CORE_A_SW_FACTORY_CORE_A,2,7,0.007543103448275862,5,0.005399568034557235,l_SW_C07_CORE_A_SW_FACTORY_CORE_A,0,0,0.0,l_SW_C06_CORE_B_SW_FACTORY_CORE_B;l_SW_C07_CORE_A_SW_FACTORY_CORE_B;l_SW_C08_CORE_B_SW_FACTORY_CORE_B;l_SW_C16_CC_SW_C16_CORE_B;l_SW_C16_CORE_B_SW_FACTORY_CORE_A,L_REDSTAR,3776,3776
l_SW_C07_CORE_B_SW_C07_M01_CTRL;l_SW_C07_CORE_B_SW_C07_M01_SENS,8,8,0.008620689655172414,0,0.0,l_SW_C07_CORE_B_SW_C07_M01_CTRL,0,0,0.0,l_SW_C07_CORE_A_SW_C07_M01_SENS,L_REDSTAR,3776,3776
l_SW_C07_CORE_B_SW_C07_M01_CTRL;l_SW_C07_CORE_B_SW_C07_M01_SENS,8,8,0.008620689655172414,0,0.0,l_SW_C07_CORE_B_SW_C07_M01_SENS,0,0,0.0,l_SW_C07_CORE_A_SW_C07_M01_SENS,L_REDSTAR,3776,3776
l_SW_C07_CORE_B_SW_C07_M02_CTRL;l_SW_C07_CORE_B_SW_C07_M02_SENS,8,8,0.008620689655172414,0,0.0,l_SW_C07_CORE_B_SW_C07_M02_CTRL,0,0,0.0,l_SW_C07_CORE_A_SW_C07_M02_SENS,L_REDSTAR,3776,3776
l_SW_C07_CORE_B_SW_C07_M02_CTRL;l_SW_C07_CORE_B_SW_C07_M02_SENS,8,8,0.008620689655172414,0,0.0,l_SW_C07_CORE_B_SW_C07_M02_SENS,0,0,0.0,l_SW_C07_CORE_A_SW_C07_M02_SENS,L_REDSTAR,3776,3776
l_SW_C07_CORE_B_SW_C07_M03_CTRL;l_SW_C07_CORE_B_SW_C07_M03_SENS,8,8,0.008620689655172414,0,0.0,l_SW_C07_CORE_B_SW_C07_M03_CTRL,0,0,0.0,l_SW_C07_CORE_A_SW_C07_M03_SENS,L_REDSTAR,3776,3776
l_SW_C07_CORE_B_SW_C07_M03_CTRL;l_SW_C07_CORE_B_SW_C07_M03_SENS,8,8,0.008620689655172414,0,0.0,l_SW_C07_CORE_B_SW_C07_M03_SENS,0,0,0.0,l_SW_C07_CORE_A_SW_C07_M03_SENS,L_REDSTAR,3776,3776
l_SW_C07_CORE_B_SW_C07_M04_CTRL;l_SW_C07_CORE_B_SW_C07_M04_SENS,8,8,0.008620689655172414,0,0.0,l_SW_C07_CORE_B_SW_C07_M04_CTRL,0,0,0.0,l_SW_C07_CORE_A_SW_C07_M04_SENS,L_REDSTAR,3776,3776
l_SW_C07_CORE_B_SW_C07_M04_CTRL;l_SW_C07_CORE_B_SW_C07_M04_SENS,8,8,0.008620689655172414,0,0.0,l_SW_C07_CORE_B_SW_C07_M04_SENS,0,0,0.0,l_SW_C07_CORE_A_SW_C07_M04_SENS,L_REDSTAR,3776,3776
l_SW_C07_CC_SW_C07_CORE_B;l_SW_C07_CORE_B_SW_FACTORY_CORE_A,2,7,0.007543103448275862,5,0.005399568034557235,l_SW_C07_CORE_B_SW_FACTORY_CORE_A,0,0,0.0,l_SW_C16_CC_SW_C16_CORE_B;l_SW_C16_CORE_B_SW_FACTORY_CORE_A,L_REDSTAR,3776,3776
l_SW_C08_CC_SW_C08_CORE_A;l_SW_C08_CORE_A_SW_FACTORY_CORE_A,11,11,0.011853448275862068,0,0.0,l_SW_C08_CC_SW_C08_CORE_A,0,0,0.0,,L_REDSTAR,3776,3776
l_SW_C08_CC_SW_C08_CORE_B;l_SW_C08_CORE_B_SW_FACTORY_CORE_A,1,1,0.0010775862068965517,0,0.0,l_SW_C08_CC_SW_C08_CORE_B,0,0,0.0,,L_REDSTAR,3776,3776
l_SW_C08_CORE_A_SW_C08_M01_ACT,4,6,0.00646551724137931,2,0.0021645021645021645,l_SW_C08_CORE_A_SW_C08_M01_ACT,0,0,0.0,l_SW_C07_CORE_B_SW_FACTORY_CORE_B;l_SW_C08_CORE_A_SW_FACTORY_CORE_B;l_SW_C08_CORE_B_SW_C08_M01_ACT;l_SW_C09_CORE_B_SW_FACTORY_CORE_B,L_REDSTAR,3776,3776
l_SW_C08_CORE_A_SW_C08_M01_ACT;l_SW_C08_CORE_A_SW_C08_M01_CTRL,6,8,0.008620689655172414,2,0.0021691973969631237,l_SW_C08_CORE_A_SW_C08_M01_CTRL,0,0,0.0,l_SW_C07_CORE_B_SW_FACTORY_CORE_B;l_SW_C08_CORE_A_SW_FACTORY_CORE_B;l_SW_C08_CORE_B_SW_C08_M01_ACT;l_SW_C09_CORE_B_SW_FACTORY_CORE_B,L_REDSTAR,3776,3776
l_SW_C08_CORE_A_SW_C08_M02_ACT,4,6,0.00646551724137931,2,0.0021645021645021645,l_SW_C08_CORE_A_SW_C08_M02_ACT,0,0,0.0,l_SW_C07_CORE_B_SW_FACTORY_CORE_B;l_SW_C08_CORE_A_SW_FACTORY_CORE_B;l_SW_C08_CORE_B_SW_C08_M02_ACT;l_SW_C09_CORE_A_SW_FACTORY_CORE_B,L_REDSTAR,3776,3776
l_SW_C08_CORE_A_SW_C08_M02_ACT;l_SW_C08_CORE_A_SW_C08_M02_CTRL,6,8,0.008620689655172414,2,0.0021691973969631237,l_SW_C08_CORE_A_SW_C08_M02_CTRL,0,0,0.0,l_SW_C07_CORE_B_SW_FACTORY_CORE_B;l_SW_C08_CORE_A_SW_FACTORY_CORE_B;l_SW_C08_CORE_B_SW_C08_M02_ACT;l_SW_C09_CORE_A_SW_FACTORY_CORE_B,L_REDSTAR,3776,3776
l_SW_C08_CORE_A_SW_C08_M03_ACT,4,6,0.00646551724137931,2,0.0021645021645021645,l_SW_C08_CORE_A_SW_C08_M03_ACT,0,0,0.0,l_SW_C07_CORE_B_SW_FACTORY_CORE_B;l_SW_C08_CORE_A_SW_FACTORY_CORE_B;l_SW_C08_CORE_B_SW_C08_M03_ACT;l_SW_C09_CORE_A_SW_FACTORY_CORE_B,L_REDSTAR,3776,3776
l_SW_C08_CORE_A_SW_C08_M03_ACT;l_SW_C08_CORE_A_SW_C08_M03_CTRL,6,8,0.008620689655172414,2,0.0021691973969631237,l_SW_C08_CORE_A_SW_C08_M03_CTRL,0,0,0.0,l_SW_C07_CORE_B_SW_FACTORY_CORE_B;l_SW_C08_CORE_A_SW_FACTORY_CORE_B;l_SW_C08_CORE_B_SW_C08_M03_ACT;l_SW_C09_CORE_A_SW_FACTORY_CORE_B,L_REDSTAR,3776,3776
l_SW_C08_CORE_A_SW_C08_M04_ACT,4,6,0.00646551724137931,2,0.0021645021645021645,l_SW_C08_CORE_A_SW_C08_M04_ACT,0,0,0.0,l_SW_C07_CORE_B_SW_FACTORY_CORE_B;l_SW_C08_CORE_A_SW_FACTORY_CORE_B;l_SW_C08_CORE_B_SW_C08_M04_ACT;l_SW_C09_CORE_A_SW_FACTORY_CORE_B,L_REDSTAR,3776,3776
l_SW_C08_CORE_A_SW_C08_M04_ACT;l_SW_C08_CORE_A_SW_C08_M04_CTRL,6,8,0.008620689655172414,2,0.0021691973969631237,l_SW_C08_CORE_A_SW_C08_M04_CTRL,0,0,0.0,l_SW_C07_CORE_B_SW_FACTORY_CORE_B;l_SW_C08_CORE_A_SW_FACTORY_CORE_B;l_SW_C08_CORE_B_SW_C08_M04_ACT;l_SW_C09_CORE_A_SW_FACTORY_CORE_B,L_REDSTAR,3776,3776
l_SW_C08_CORE_A_SW_FACTORY_CORE_A,3,6,0.00646551724137931,3,0.003243243243243243,l_SW_C08_CORE_A_SW_FACTORY_CORE_A,0,0,0.0,l_SW_C07_CORE_B_SW_FACTORY_CORE_B;l_SW_C08_CORE_A_SW_FACTORY_CORE_B;l_SW_C09_CORE_A_SW_FACTORY_CORE_B;l_SW_C16_CC_SW_C16_CORE_B;l_SW_C16_CORE_B_SW_FACTORY_CORE_A,L_REDSTAR,3776,3776
l_SW_C08_CORE_B_SW_C08_M01_CTRL;l_SW_C08_CORE_B_SW_C08_M01_SENS,8,8,0.008620689655172414,0,0.0,l_SW_C08_CORE_B_SW_C08_M01_CTRL,0,0,0.0,l_SW_C08_CORE_A_SW_C08_M01_SENS,L_REDSTAR,3776,3776
l_SW_C08_CORE_B_SW_C08_M01_CTRL;l_SW_C08_CORE_B_SW_C08_M01_SENS,8,8,0.008620689655172414,0,0.0,l_SW_C08_CORE_B_SW_C08_M01_SENS,0,0,0.0,l_SW_C08_CORE_A_SW_C08_M01_SENS,L_REDSTAR,3776,3776
l_SW_C08_CORE_B_SW_C08_M02_CTRL;l_SW_C08_CORE_B_SW_C08_M02_SENS,8,8,0.008620689655172414,0,0.0,l_SW_C08_CORE_B_SW_C08_M02_CTRL,0,0,0.0,l_SW_C08_CORE_A_SW_C08_M02_SENS,L_REDSTAR,3776,3776
l_SW_C08_CORE_B_SW_C08_M02_CTRL;l_SW_C08_CORE_B_SW_C08_M02_SENS,8,8,0.008620689655172414,0,0.0,l_SW_C08_CORE_B_SW_C08_M02_SENS,0,0,0.0,l_SW_C08_CORE_A_SW_C08_M02_SENS,L_REDSTAR,3776,3776
l_SW_C08_CORE_B_SW_C08_M03_CTRL;l_SW_C08_CORE_B_SW_C08_M03_SENS,8,8,0.008620689655172414,0,0.0,l_SW_C08_CORE_B_SW_C08_M03_CTRL,0,0,0.0,l_SW_C08_CORE_A_SW_C08_M03_SENS,L_REDSTAR,3776,3776
l_SW_C08_CORE_B_SW_C08_M03_CTRL;l_SW_C08_CORE_B_SW_C08_M03_SENS,8,8,0.008620689655172414,0,0.0,l_SW_C08_CORE_B_SW_C08_M03_SENS,0,0,0.0,l_SW_C08_CORE_A_SW_C08_M03_SENS,L_REDSTAR,3776,3776
l_SW_C08_CORE_B_SW_C08_M04_CTRL;l_SW_C08_CORE_B_SW_C08_M04_SENS,8,8,0.008620689655172414,0,0.0,l_SW_C08_CORE_B_SW_C08_M04_CTRL,0,0,0.0,l_SW_C08_CORE_A_SW_C08_M04_SENS,L_REDSTAR,3776,3776
l_SW_C08_CORE_B_SW_C08_M04_CTRL;l_SW_C08_CORE_B_SW_C08_M04_SENS,8,8,0.008620689655172414,0,0.0,l_SW_C08_CORE_B_SW_C08_M04_SENS,0,0,0.0,l_SW_C08_CORE_A_SW_C08_M04_SENS,L_REDSTAR,3776,3776
l_SW_C08_CC_SW_C08_CORE_B;l_SW_C08_CORE_B_SW_FACTORY_CORE_A,1,4,0.004310344827586207,3,0.003236245954692557,l_SW_C08_CORE_B_SW_FACTORY_CORE_A,0,0,0.0,l_SW_C16_CC_SW_C16_CORE_B;l_SW_C16_CORE_B_SW_FACTORY_CORE_A,L_REDSTAR,3776,3776
l_SW_C09_CC_SW_C09_CORE_A;l_SW_C09_CORE_A_SW_FACTORY_CORE_A,11,11,0.011853448275862068,0,0.0,l_SW_C09_CC_SW_C09_CORE_A,0,0,0.0,,L_REDSTAR,3776,3776
l_SW_C09_CC_SW_C09_CORE_B;l_SW_C09_CORE_B_SW_FACTORY_CORE_A,1,1,0.0010775862068965517,0,0.0,l_SW_C09_CC_SW_C09_CORE_B,0,0,0.0,,L_REDSTAR,3776,3776
l_SW_C09_CORE_A_SW_C09_M01_ACT,4,6,0.00646551724137931,2,0.0021645021645021645,l_SW_C09_CORE_A_SW_C09_M01_ACT,0,0,0.0,l_SW_C08_CORE_B_SW_FACTORY_CORE_B;l_SW_C09_CORE_A_SW_FACTORY_CORE_B;l_SW_C09_CORE_B_SW_C09_M01_ACT;l_SW_C10_CORE_B_SW_FACTORY_CORE_B,L_REDSTAR,3776,3776
l_SW_C09_CORE_A_SW_C09_M01_ACT;l_SW_C09_CORE_A_SW_C09_M01_CTRL,6,8,0.008620689655172414,2,0.0021691973969631237,l_SW_C09_CORE_A_SW_C09_M01_CTRL,0,0,0.0,l_SW_C08_CORE_B_SW_FACTORY_CORE_B;l_SW_C09_CORE_A_SW_FACTORY_CORE_B;l_SW_C09_CORE_B_SW_C09_M01_ACT;l_SW_C10_CORE_B_SW_FACTORY_CORE_B,L_REDSTAR,3776,3776
l_SW_C09_CORE_A_SW_C09_M02_ACT,4,6,0.00646551724137931,2,0.0021645021645021645,l_SW_C09_CORE_A_SW_C09_M02_ACT,0,0,0.0,l_SW_C08_CORE_A_SW_FACTORY_CORE_B;l_SW_C09_CORE_A_SW_FACTORY_CORE_B;l_SW_C09_CORE_B_SW_C09_M02_ACT;l_SW_C10_CORE_B_SW_FACTORY_CORE_B,L_REDSTAR,3776,3776
l_SW_C09_CORE_A_SW_C09_M02_ACT;l_SW_C09_CORE_A_SW_C09_M02_CTRL,6,8,0.008620689655172414,2,0.0021691973969631237,l_SW_C09_CORE_A_SW_C09_M02_CTRL,0,0,0.0,l_SW_C08_CORE_A_SW_FACTORY_CORE_B;l_SW_C09_CORE_A_SW_FACTORY_CORE_B;l_SW_C09_CORE_B_SW_C09_M02_ACT;l_SW_C10_CORE_B_SW_FACTORY_CORE_B,L_REDSTAR,3776,3776
l_SW_C09_CORE_A_SW_C09_M03_ACT,4,6,0.00646551724137931,2,0.0021645021645021645,l_SW_C09_CORE_A_SW_C09_M03_ACT,0,0,0.0,l_SW_C08_CORE_A_SW_FACTORY_CORE_B;l_SW_C09_CORE_A_SW_FACTORY_CORE_B;l_SW_C09_CORE_B_SW_C09_M03_ACT;l_SW_C10_CORE_B_SW_FACTORY_CORE_B,L_REDSTAR,3776,3776
l_SW_C09_CORE_A_SW_C09_M03_ACT;l_SW_C09_CORE_A_SW_C09_M03_CTRL,6,8,0.008620689655172414,2,0.0021691973969631237,l_SW_C09_CORE_A_SW_C09_M03_CTRL,0,0,0.0,l_SW_C08_CORE_A_SW_FACTORY_CORE_B;l_SW_C09_CORE_A_SW_FACTORY_CORE_B;l_SW_C09_CORE_B_SW_C09_M03_ACT;l_SW_C10_CORE_B_SW_FACTORY_CORE_B,L_REDSTAR,3776,3776
l_SW_C09_CORE_A_SW_C09_M04_ACT,4,6,0.00646551724137931,2,0.0021645021645021645,l_SW_C09_CORE_A_SW_C09_M04_ACT,0,0,0.0,l_SW_C08_CORE_A_SW_FACTORY_CORE_B;l_SW_C09_CORE_A_SW_FACTORY_CORE_B;l_SW_C09_CORE_B_SW_C09_M04_ACT;l_SW_C10_CORE_B_SW_FACTORY_CORE_B,L_REDSTAR,3776,3776
l_SW_C09_CORE_A_SW_C09_M04_ACT;l_SW_C09_CORE_A_SW_C09_M04_CTRL,6,8,0.008620689655172414,2,0.0021691973969631237,l_SW_C09_CORE_A_SW_C09_M04_CTRL,0,0,0.0,l_SW_C08_CORE_A_SW_FACTORY_CORE_B;l_SW_C09_CORE_A_SW_FACTORY_CORE_B;l_SW_C09_CORE_B_SW_C09_M04_ACT;l_SW_C10_CORE_B_SW_FACTORY_CORE_B,L_REDSTAR,3776,3776
l_SW_C09_CORE_A_SW_FACTORY_CORE_A,3,7,0.007543103448275862,4,0.004324324324324324,l_SW_C09_CORE_A_SW_FACTORY_CORE_A,0,0,0.0,l_SW_C08_CORE_A_SW_FACTORY_CORE_B;l_SW_C09_CORE_A_SW_FACTORY_CORE_B;l_SW_C10_CORE_A_SW_FACTORY_CORE_B;l_SW_C10_CORE_B_SW_FACTORY_CORE_B;l_SW_C16_CC_SW_C16_CORE_B;l_SW_C16_CORE_B_SW_FACTORY_CORE_A,L_REDSTAR,3776,3776
l_SW_C09_CORE_B_SW_C09_M01_CTRL;l_SW_C09_CORE_B_SW_C09_M01_SENS,8,8,0.008620689655172414,0,0.0,l_SW_C09_CORE_B_SW_C09_M01_CTRL,0,0,0.0,l_SW_C09_CORE_A_SW_C09_M01_SENS,L_REDSTAR,3776,3776
l_SW_C09_CORE_B_SW_C09_M01_CTRL;l_SW_C09_CORE_B_SW_C09_M01_SENS,8,8,0.008620689655172414,0,0.0,l_SW_C09_CORE_B_SW_C09_M01_SENS,0,0,0.0,l_SW_C09_CORE_A_SW_C09_M01_SENS,L_REDSTAR,3776,3776
l_SW_C09_CORE_B_SW_C09_M02_CTRL;l_SW_C09_CORE_B_SW_C09_M02_SENS,8,8,0.008620689655172414,0,0.0,l_SW_C09_CORE_B_SW_C09_M02_CTRL,0,0,0.0,l_SW_C09_CORE_A_SW_C09_M02_SENS,L_REDSTAR,3776,3776
l_SW_C09_CORE_B_SW_C09_M02_CTRL;l_SW_C09_CORE_B_SW_C09_M02_SENS,8,8,0.008620689655172414,0,0.0,l_SW_C09_CORE_B_SW_C09_M02_SENS,0,0,0.0,l_SW_C09_CORE_A_SW_C09_M02_SENS,L_REDSTAR,3776,3776
l_SW_C09_CORE_B_SW_C09_M03_CTRL;l_SW_C09_CORE_B_SW_C09_M03_SENS,8,8,0.008620689655172414,0,0.0,l_SW_C09_CORE_B_SW_C09_M03_CTRL,0,0,0.0,l_SW_C09_CORE_A_SW_C09_M03_SENS,L_REDSTAR,3776,3776
l_SW_C09_CORE_B_SW_C09_M03_CTRL;l_SW_C09_CORE_B_SW_C09_M03_SENS,8,8,0.008620689655172414,0,0.0,l_SW_C09_CORE_B_SW_C09_M03_SENS,0,0,0.0,l_SW_C09_CORE_A_SW_C09_M03_SENS,L_REDSTAR,3776,3776
l_SW_C09_CORE_B_SW_C09_M04_CTRL;l_SW_C09_CORE_B_SW_C09_M04_SENS,8,8,0.008620689655172414,0,0.0,l_SW_C09_CORE_B_SW_C09_M04_CTRL,0,0,0.0,l_SW_C09_CORE_A_SW_C09_M04_SENS,L_REDSTAR,3776,3776
l_SW_C09_CORE_B_SW_C09_M04_CTRL;l_SW_C09_CORE_B_SW_C09_M04_SENS,8,8,0.008620689655172414,0,0.0,l_SW_C09_CORE_B_SW_C09_M04_SENS,0,0,0.0,l_SW_C09_CORE_A_SW_C09_M04_SENS,L_REDSTAR,3776,3776
l_SW_C09_CORE_B_SW_FACTORY_CORE_A,1,4,0.004310344827586207,3,0.003236245954692557,l_SW_C09_CORE_B_SW_FACTORY_CORE_A,0,0,0.0,l_SW_C09_CORE_B_SW_FACTORY_CORE_B;l_SW_C10_CORE_A_SW_FACTORY_CORE_B;l_SW_C16_CC_SW_C16_CORE_B;l_SW_C16_CORE_B_SW_FACTORY_CORE_A,L_REDSTAR,3776,3776
l_SW_C10_CC_SW_C10_CORE_A;l_SW_C10_CORE_A_SW_FACTORY_CORE_A,10,10,0.010775862068965518,0,0.0,l_SW_C10_CC_SW_C10_CORE_A,0,0,0.0,,L_REDSTAR,3776,3776
l_SW_C10_CC_SW_C10_CORE_B;l_SW_C10_CORE_B_SW_FACTORY_CORE_A,2,2,0.0021551724137931034,0,0.0,l_SW_C10_CC_SW_C10_CORE_B,0,0,0.0,,L_REDSTAR,3776,3776
l_SW_C09_CORE_B_SW_FACTORY_CORE_A;l_SW_C10_CORE_A_SW_C10_M01_ACT;l_SW_C10_CORE_A_SW_FACTORY_CORE_A,4,6,0.00646551724137931,2,0.0021645021645021645,l_SW_C10_CORE_A_SW_C10_M01_ACT,0,0,0.0,l_SW_C09_CORE_B_SW_FACTORY_CORE_B;l_SW_C10_CORE_A_SW_FACTORY_CORE_B;l_SW_C10_CORE_B_SW_C10_M01_ACT;l_SW_C11_CORE_B_SW_FACTORY_CORE_B,L_REDSTAR,3776,3776
l_SW_C09_CORE_B_SW_FACTORY_CORE_A;l_SW_C10_CORE_A_SW_C10_M01_ACT;l_SW_C10_CORE_A_SW_C10_M01_CTRL;l_SW_C10_CORE_A_SW_FACTORY_CORE_A,6,8,0.008620689655172414,2,0.0021691973969631237,l_SW_C10_CORE_A_SW_C10_M01_CTRL,0,0,0.0,l_SW_C09_CORE_B_SW_FACTORY_CORE_B;l_SW_C10_CORE_A_SW_FACTORY_CORE_B;l_SW_C10_CORE_B_SW_C10_M01_ACT;l_SW_C11_CORE_B_SW_FACTORY_CORE_B,L_REDSTAR,3776,3776
l_SW_C09_CORE_B_SW_FACTORY_CORE_A;l_SW_C10_CORE_A_SW_C10_M02_ACT;l_SW_C10_CORE_A_SW_FACTORY_CORE_A,4,6,0.00646551724137931,2,0.0021645021645021645,l_SW_C10_CORE_A_SW_C10_M02_ACT,0,0,0.0,l_SW_C09_CORE_B_SW_FACTORY_CORE_B;l_SW_C10_CORE_A_SW_FACTORY_CORE_B;l_SW_C10_CORE_B_SW_C10_M02_ACT;l_SW_C11_CORE_B_SW_FACTORY_CORE_B,L_REDSTAR,3776,3776
l_SW_C09_CORE_B_SW_FACTORY_CORE_A;l_SW_C10_CORE_A_SW_C10_M02_ACT;l_SW_C10_CORE_A_SW_C10_M02_CTRL;l_SW_C10_CORE_A_SW_FACTORY_CORE_A,6,8,0.008620689655172414,2,0.0021691973969631237,l_SW_C10_CORE_A_SW_C10_M02_CTRL,0,0,0.0,l_SW_C09_CORE_B_SW_FACTORY_CORE_B;l_SW_C10_CORE_A_SW_FACTORY_CORE_B;l_SW_C10_CORE_B_SW_C10_M02_ACT;l_SW_C11_CORE_B_SW_FACTORY_CORE_B,L_REDSTAR,3776,3776
l_SW_C09_CORE_B_SW_FACTORY_CORE_A;l_SW_C10_CORE_A_SW_C10_M03_ACT;l_SW_C10_CORE_A_SW_FACTORY_CORE_A,4,6,0.00646551724137931,2,0.0021645021645021645,l_SW_C10_CORE_A_SW_C10_M03_ACT,0,0,0.0,l_SW_C09_CORE_B_SW_FACTORY_CORE_B;l_SW_C10_CORE_A_SW_FACTORY_CORE_B;l_SW_C10_CORE_B_SW_C10_M03_ACT;l_SW_C11_CORE_B_SW_FACTORY_CORE_B,L_REDSTAR,3776,3776
l_SW_C09_CORE_B_SW_FACTORY_CORE_A;l_SW_C10_CORE_A_SW_C10_M03_ACT;l_SW_C10_CORE_A_SW_C10_M03_CTRL;l_SW_C10_CORE_A_SW_FACTORY_CORE_A,6,8,0.008620689655172414,2,0.0021691973969631237,l_SW_C10_CORE_A_SW_C10_M03_CTRL,0,0,0.0,l_SW_C09_CORE_B_SW_FACTORY_CORE_B;l_SW_C10_CORE_A_SW_FACTORY_CORE_B;l_SW_C10_CORE_B_SW_C10_M03_ACT;l_SW_C11_CORE_B_SW_FACTORY_CORE_B,L_REDSTAR,3776,3776
l_SW_C09_CORE_B_SW_FACTORY_CORE_A;l_SW_C10_CORE_A_SW_C10_M04_ACT;l_SW_C10_CORE_A_SW_FACTORY_CORE_A,4,6,0.00646551724137931,2,0.0021645021645021645,l_SW_C10_CORE_A_SW_C10_M04_ACT,0,0,0.0,l_SW_C09_CORE_B_SW_FACTORY_CORE_B;l_SW_C10_CORE_A_SW_FACTORY_CORE_B;l_SW_C10_CORE_B_SW_C10_M04_ACT;l_SW_C11_CORE_B_SW_FACTORY_CORE_B,L_REDSTAR,3776,3776
l_SW_C09_CORE_B_SW_FACTORY_CORE_A;l_SW_C10_CORE_A_SW_C10_M04_ACT;l_SW_C10_CORE_A_SW_C10_M04_CTRL;l_SW_C10_CORE_A_SW_FACTORY_CORE_A,6,8,0.008620689655172414,2,0.0021691973969631237,l_SW_C10_CORE_A_SW_C10_M04_CTRL,0,0,0.0,l_SW_C09_CORE_B_SW_FACTORY_CORE_B;l_SW_C10_CORE_A_SW_FACTORY_CORE_B;l_SW_C10_CORE_B_SW_C10_M04_ACT;l_SW_C11_CORE_B_SW_FACTORY_CORE_B,L_REDSTAR,3776,3776
l_SW_C09_CORE_B_SW_FACTORY_CORE_A;l_SW_C10_CC_SW_C10_CORE_B;l_SW_C10_CORE_A_SW_FACTORY_CORE_A;l_SW_C10_CORE_B_SW_FACTORY_CORE_A,2,7,0.007543103448275862,5,0.005399568034557235,l_SW_C10_CORE_A_SW_FACTORY_CORE_A,0,0,0.0,l_SW_C09_CORE_A_SW_FACTORY_CORE_B;l_SW_C09_CORE_B_SW_FACTORY_CORE_B;l_SW_C10_CORE_A_SW_FACTORY_CORE_B;l_SW_C11_CORE_A_SW_FACTORY_CORE_B;l_SW_C11_CORE_B_SW_FACTORY_CORE_B;l_SW_C16_CC_SW_C16_CORE_B;l_SW_C16_CORE_B_SW_FACTORY_CORE_A,L_REDSTAR,3776,3776
l_SW_C10_CORE_B_SW_C10_M01_CTRL;l_SW_C10_CORE_B_SW_C10_M01_SENS,8,8,0.008620689655172414,0,0.0,l_SW_C10_CORE_B_SW_C10_M01_CTRL,0,0,0.0,l_SW_C10_CORE_A_SW_C10_M01_SENS,L_REDSTAR,3776,3776
l_SW_C10_CORE_B_SW_C10_M01_CTRL;l_SW_C10_CORE_B_SW_C10_M01_SENS,8,8,0.008620689655172414,0,0.0,l_SW_C10_CORE_B_SW_C10_M01_SENS,0,0,0.0,l_SW_C10_CORE_A_SW_C10_M01_SENS,L_REDSTAR,3776,3776
l_SW_C10_CORE_B_SW_C10_M02_CTRL;l_SW_C10_CORE_B_SW_C10_M02_SENS,8,8,0.008620689655172414,0,0.0,l_SW_C10_CORE_B_SW_C10_M02_CTRL,0,0,0.0,l_SW_C10_CORE_A_SW_C10_M02_SENS,L_REDSTAR,3776,3776
l_SW_C10_CORE_B_SW_C10_M02_CTRL;l_SW_C10_CORE_B_SW_C10_M02_SENS,8,8,0.008620689655172414,0,0.0,l_SW_C10_CORE_B_SW_C10_M02_SENS,0,0,0.0,l_SW_C10_CORE_A_SW_C10_M02_SENS,L_REDSTAR,3776,3776
l_SW_C10_CORE_B_SW_C10_M03_CTRL;l_SW_C10_CORE_B_SW_C10_M03_SENS,8,8,0.008620689655172414,0,0.0,l_SW_C10_CORE_B_SW_C10_M03_CTRL,0,0,0.0,l_SW_C10_CORE_A_SW_C10_M03_SENS,L_REDSTAR,3776,3776
l_SW_C10_CORE_B_SW_C10_M03_CTRL;l_SW_C10_CORE_B_SW_C10_M03_SENS,8,8,0.008620689655172414,0,0.0,l_SW_C10_CORE_B_SW_C10_M03_SENS,0,0,0.0,l_SW_C10_CORE_A_SW_C10_M03_SENS,L_REDSTAR,3776,3776
l_SW_C10_CORE_B_SW_C10_M04_CTRL;l_SW_C10_CORE_B_SW_C10_M04_SENS,8,8,0.008620689655172414,0,0.0,l_SW_C10_CORE_B_SW_C10_M04_CTRL,0,0,0.0,l_SW_C10_CORE_A_SW_C10_M04_SENS,L_REDSTAR,3776,3776
l_SW_C10_CORE_B_SW_C10_M04_CTRL;l_SW_C10_CORE_B_SW_C10_M04_SENS,8,8,0.008620689655172414,0,0.0,l_SW_C10_CORE_B_SW_C10_M04_SENS,0,0,0.0,l_SW_C10_CORE_A_SW_C10_M04_SENS,L_REDSTAR,3776,3776
l_SW_C10_CORE_B_SW_FACTORY_CORE_A,2,5,0.005387931034482759,3,0.0032397408207343412,l_SW_C10_CORE_B_SW_FACTORY_CORE_A,0,0,0.0,l_SW_C09_CORE_A_SW_FACTORY_CORE_B;l_SW_C10_CORE_B_SW_FACTORY_CORE_B;l_SW_C11_CORE_A_SW_FACTORY_CORE_B;l_SW_C16_CC_SW_C16_CORE_B;l_SW_C16_CORE_B_SW_FACTORY_CORE_A,L_REDSTAR,3776,3776
l_SW_C11_CC_SW_C11_CORE_A;l_SW_C11_CORE_A_SW_FACTORY_CORE_A,10,10,0.010775862068965518,0,0.0,l_SW_C11_CC_SW_C11_CORE_A,0,0,0.0,,L_REDSTAR,3776,3776
l_SW_C11_CC_SW_C11_CORE_B;l_SW_C11_CORE_B_SW_FACTORY_CORE_A,2,2,0.0021551724137931034,0,0.0,l_SW_C11_CC_SW_C11_CORE_B,0,0,0.0,,L_REDSTAR,3776,3776
l_SW_C11_CORE_A_SW_C11_M01_ACT;l_SW_C11_CORE_A_SW_FACTORY_CORE_A,4,6,0.00646551724137931,2,0.0021645021645021645,l_SW_C11_CORE_A_SW_C11_M01_ACT,0,0,0.0,l_SW_C10_CORE_B_SW_FACTORY_CORE_B;l_SW_C11_CORE_A_SW_FACTORY_CORE_B;l_SW_C11_CORE_B_SW_C11_M01_ACT;l_SW_C12_CORE_B_SW_FACTORY_CORE_B,L_REDSTAR,3776,3776
l_SW_C11_CORE_A_SW_C11_M01_ACT;l_SW_C11_CORE_A_SW_C11_M01_CTRL;l_SW_C11_CORE_A_SW_FACTORY_CORE_A,6,8,0.008620689655172414,2,0.0021691973969631237,l_SW_C11_CORE_A_SW_C11_M01_CTRL,0,0,0.0,l_SW_C10_CORE_B_SW_FACTORY_CORE_B;l_SW_C11_CORE_A_SW_FACTORY_CORE_B;l_SW_C11_CORE_B_SW_C11_M01_ACT;l_SW_C12_CORE_B_SW_FACTORY_CORE_B,L_REDSTAR,3776,3776
l_SW_C11_CORE_A_SW_C11_M02_ACT;l_SW_C11_CORE_A_SW_FACTORY_CORE_A,4,6,0.00646551724137931,2,0.0021645021645021645,l_SW_C11_CORE_A_SW_C11_M02_ACT,0,0,0.0,l_SW_C10_CORE_B_SW_FACTORY_CORE_B;l_SW_C11_CORE_A_SW_FACTORY_CORE_B;l_SW_C11_CORE_B_SW_C11_M02_ACT;l_SW_C12_CORE_B_SW_FACTORY_CORE_B,L_REDSTAR,3776,3776
l_SW_C11_CORE_A_SW_C11_M02_ACT;l_SW_C11_CORE_A_SW_C11_M02_CTRL;l_SW_C11_CORE_A_SW_FACTORY_CORE_A,6,8,0.008620689655172414,2,0.0021691973969631237,l_SW_C11_CORE_A_SW_C11_M02_CTRL,0,0,0.0,l_SW_C10_CORE_B_SW_FACTORY_CORE_B;l_SW_C11_CORE_A_SW_FACTORY_CORE_B;l_SW_C11_CORE_B_SW_C11_M02_ACT;l_SW_C12_CORE_B_SW_FACTORY_CORE_B,L_REDSTAR,3776,3776
l_SW_C11_CORE_A_SW_C11_M03_ACT;l_SW_C11_CORE_A_SW_FACTORY_CORE_A,4,6,0.00646551724137931,2,0.0021645021645021645,l_SW_C11_CORE_A_SW_C11_M03_ACT,0,0,0.0,l_SW_C10_CORE_B_SW_FACTORY_CORE_B;l_SW_C11_CORE_A_SW_FACTORY_CORE_B;l_SW_C11_CORE_B_SW_C11_M03_ACT;l_SW_C12_CORE_B_SW_FACTORY_CORE_B,L_REDSTAR,3776,3776
l_SW_C11_CORE_A_SW_C11_M03_ACT;l_SW_C11_CORE_A_SW_C11_M03_CTRL;l_SW_C11_CORE_A_SW_FACTORY_CORE_A,6,8,0.008620689655172414,2,0.0021691973969631237,l_SW_C11_CORE_A_SW_C11_M03_CTRL,0,0,0.0,l_SW_C10_CORE_B_SW_FACTORY_CORE_B;l_SW_C11_CORE_A_SW_FACTORY_CORE_B;l_SW_C11_CORE_B_SW_C11_M03_ACT;l_SW_C12_CORE_B_SW_FACTORY_CORE_B,L_REDSTAR,3776,3776
l_SW_C11_CORE_A_SW_C11_M04_ACT;l_SW_C11_CORE_A_SW_FACTORY_CORE_A,4,6,0.00646551724137931,2,0.0021645021645021645,l_SW_C11_CORE_A_SW_C11_M04_ACT,0,0,0.0,l_SW_C10_CORE_B_SW_FACTORY_CORE_B;l_SW_C11_CORE_A_SW_FACTORY_CORE_B;l_SW_C11_CORE_B_SW_C11_M04_ACT;l_SW_C12_CORE_B_SW_FACTORY_CORE_B,L_REDSTAR,3776,3776
l_SW_C11_CORE_A_SW_C11_M04_ACT;l_SW_C11_CORE_A_SW_C11_M04_CTRL;l_SW_C11_CORE_A_SW_FACTORY_CORE_A,6,8,0.008620689655172414,2,0.0021691973969631237,l_SW_C11_CORE_A_SW_C11_M04_CTRL,0,0,0.0,l_SW_C10_CORE_B_SW_FACTORY_CORE_B;l_SW_C11_CORE_A_SW_FACTORY_CORE_B;l_SW_C11_CORE_B_SW_C11_M04_ACT;l_SW_C12_CORE_B_SW_FACTORY_CORE_B,L_REDSTAR,3776,3776
l_SW_C11_CC_SW_C11_CORE_B;l_SW_C11_CORE_A_SW_FACTORY_CORE_A;l_SW_C11_CORE_B_SW_FACTORY_CORE_A,2,7,0.007543103448275862,5,0.005399568034557235,l_SW_C11_CORE_A_SW_FACTORY_CORE_A,0,0,0.0,l_SW_C10_CORE_A_SW_FACTORY_CORE_B;l_SW_C10_CORE_B_SW_FACTORY_CORE_B;l_SW_C11_CORE_A_SW_FACTORY_CORE_B;l_SW_C12_CORE_A_SW_FACTORY_CORE_B;l_SW_C12_CORE_B_SW_FACTORY_CORE_B;l_SW_C16_CC_SW_C16_CORE_B;l_SW_C16_CORE_B_SW_FACTORY_CORE_A,L_REDSTAR,3776,3776
l_SW_C11_CORE_B_SW_C11_M01_CTRL;l_SW_C11_CORE_B_SW_C11_M01_SENS,8,8,0.008620689655172414,0,0.0,l_SW_C11_CORE_B_SW_C11_M01_CTRL,0,0,0.0,l_SW_C11_CORE_A_SW_C11_M01_SENS,L_REDSTAR,3776,3776
l_SW_C11_CORE_B_SW_C11_M01_CTRL;l_SW_C11_CORE_B_SW_C11_M01_SENS,8,8,0.008620689655172414,0,0.0,l_SW_C11_CORE_B_SW_C11_M01_SENS,0,0,0.0,l_SW_C11_CORE_A_SW_C11_M01_SENS,L_REDSTAR,3776,3776
l_SW_C11_CORE_B_SW_C11_M02_CTRL;l_SW_C11_CORE_B_SW_C11_M02_SENS,8,8,0.008620689655172414,0,0.0,l_SW_C11_CORE_B_SW_C11_M02_CTRL,0,0,0.0,l_SW_C11_CORE_A_SW_C11_M02_SENS,L_REDSTAR,3776,3776
l_SW_C11_CORE_B_SW_C11_M02_CTRL;l_SW_C11_CORE_B_SW_C11_M02_SENS,8,8,0.008620689655172414,0,0.0,l_SW_C11_CORE_B_SW_C11_M02_SENS,0,0,0.0,l_SW_C11_CORE_A_SW_C11_M02_SENS,L_REDSTAR,3776,3776
l_SW_C11_CORE_B_SW_C11_M03_CTRL;l_SW_C11_CORE_B_SW_C11_M03_SENS,8,8,0.008620689655172414,0,0.0,l_SW_C11_CORE_B_SW_C11_M03_CTRL,0,0,0.0,l_SW_C11_CORE_A_SW_C11_M03_SENS,L_REDSTAR,3776,3776
l_SW_C11_CORE_B_SW_C11_M03_CTRL;l_SW_C11_CORE_B_SW_C11_M03_SENS,8,8,0.008620689655172414,0,0.0,l_SW_C11_CORE_B_SW_C11_M03_SENS,0,0,0.0,l_SW_C11_CORE_A_SW_C11_M03_SENS,L_REDSTAR,3776,3776
l_SW_C11_CORE_B_SW_C11_M04_CTRL;l_SW_C11_CORE_B_SW_C11_M04_SENS,8,8,0.008620689655172414,0,0.0,l_SW_C11_CORE_B_SW_C11_M04_CTRL,0,0,0.0,l_SW_C11_CORE_A_SW_C11_M04_SENS,L_REDSTAR,3776,3776
l_SW_C11_CORE_B_SW_C11_M04_CTRL;l_SW_C11_CORE_B_SW_C11_M04_SENS,8,8,0.008620689655172414,0,0.0,l_SW_C11_CORE_B_SW_C11_M04_SENS,0,0,0.0,l_SW_C11_CORE_A_SW_C11_M04_SENS,L_REDSTAR,3776,3776
l_SW_C11_CORE_B_SW_FACTORY_CORE_A,2,5,0.005387931034482759,3,0.0032397408207343412,l_SW_C11_CORE_B_SW_FACTORY_CORE_A,0,0,0.0,l_SW_C10_CORE_A_SW_FACTORY_CORE_B;l_SW_C11_CORE_B_SW_FACTORY_CORE_B;l_SW_C12_CORE_A_SW_FACTORY_CORE_B;l_SW_C16_CC_SW_C16_CORE_B;l_SW_C16_CORE_B_SW_FACTORY_CORE_A,L_REDSTAR,3776,3776
l_SW_C12_CC_SW_C12_CORE_A;l_SW_C12_CORE_A_SW_FACTORY_CORE_A,10,10,0.010775862068965518,0,0.0,l_SW_C12_CC_SW_C12_CORE_A,0,0,0.0,,L_REDSTAR,3776,3776
l_SW_C12_CC_SW_C12_CORE_B;l_SW_C12_CORE_B_SW_FACTORY_CORE_A,2,2,0.0021551724137931034,0,0.0,l_SW_C12_CC_SW_C12_CORE_B,0,0,0.0,,L_REDSTAR,3776,3776
l_SW_C12_CORE_A_SW_C12_M01_ACT;l_SW_C12_CORE_A_SW_FACTORY_CORE_A,4,6,0.00646551724137931,2,0.0021645021645021645,l_SW_C12_CORE_A_SW_C12_M01_ACT,0,0,0.0,l_SW_C11_CORE_B_SW_FACTORY_CORE_B;l_SW_C12_CORE_A_SW_FACTORY_CORE_B;l_SW_C12_CORE_B_SW_C12_M01_ACT;l_SW_C13_CORE_B_SW_FACTORY_CORE_B,L_REDSTAR,3776,3776
l_SW_C12_CORE_A_SW_C12_M01_ACT;l_SW_C12_CORE_A_SW_C12_M01_CTRL;l_SW_C12_CORE_A_SW_FACTORY_CORE_A,6,8,0.008620689655172414,2,0.0021691973969631237,l_SW_C12_CORE_A_SW_C12_M01_CTRL,0,0,0.0,l_SW_C11_CORE_B_SW_FACTORY_CORE_B;l_SW_C12_CORE_A_SW_FACTORY_CORE_B;l_SW_C12_CORE_B_SW_C12_M01_ACT;l_SW_C13_CORE_B_SW_FACTORY_CORE_B,L_REDSTAR,3776,3776
l_SW_C12_CORE_A_SW_C12_M02_ACT;l_SW_C12_CORE_A_SW_FACTORY_CORE_A,4,6,0.00646551724137931,2,0.0021645021645021645,l_SW_C12_CORE_A_SW_C12_M02_ACT,0,0,0.0,l_SW_C11_CORE_B_SW_FACTORY_CORE_B;l_SW_C12_CORE_A_SW_FACTORY_CORE_B;l_SW_C12_CORE_B_SW_C12_M02_ACT;l_SW_C13_CORE_B_SW_FACTORY_CORE_B,L_REDSTAR,3776,3776
l_SW_C12_CORE_A_SW_C12_M02_ACT;l_SW_C12_CORE_A_SW_C12_M02_CTRL;l_SW_C12_CORE_A_SW_FACTORY_CORE_A,6,8,0.008620689655172414,2,0.0021691973969631237,l_SW_C12_CORE_A_SW_C12_M02_CTRL,0,0,0.0,l_SW_C11_CORE_B_SW_FACTORY_CORE_B;l_SW_C12_CORE_A_SW_FACTORY_CORE_B;l_SW_C12_CORE_B_SW_C12_M02_ACT;l_SW_C13_CORE_B_SW_FACTORY_CORE_B,L_REDSTAR,3776,3776
l_SW_C12_CORE_A_SW_C12_M03_ACT;l_SW_C12_CORE_A_SW_FACTORY_CORE_A,4,6,0.00646551724137931,2,0.0021645021645021645,l_SW_C12_CORE_A_SW_C12_M03_ACT,0,0,0.0,l_SW_C11_CORE_B_SW_FACTORY_CORE_B;l_SW_C12_CORE_A_SW_FACTORY_CORE_B;l_SW_C12_CORE_B_SW_C12_M03_ACT;l_SW_C13_CORE_B_SW_FACTORY_CORE_B,L_REDSTAR,3776,3776
l_SW_C12_CORE_A_SW_C12_M03_ACT;l_SW_C12_CORE_A_SW_C12_M03_CTRL;l_SW_C12_CORE_A_SW_FACTORY_CORE_A,6,8,0.008620689655172414,2,0.0021691973969631237,l_SW_C12_CORE_A_SW_C12_M03_CTRL,0,0,0.0,l_SW_C11_CORE_B_SW_FACTORY_CORE_B;l_SW_C12_CORE_A_SW_FACTORY_CORE_B;l_SW_C12_CORE_B_SW_C12_M03_ACT;l_SW_C13_CORE_B_SW_FACTORY_CORE_B,L_REDSTAR,3776,3776
l_SW_C12_CORE_A_SW_C12_M04_ACT;l_SW_C12_CORE_A_SW_FACTORY_CORE_A,4,6,0.00646551724137931,2,0.0021645021645021645,l_SW_C12_CORE_A_SW_C12_M04_ACT,0,0,0.0,l_SW_C11_CORE_B_SW_FACTORY_CORE_B;l_SW_C12_CORE_A_SW_FACTORY_CORE_B;l_SW_C12_CORE_B_SW_C12_M04_ACT;l_SW_C13_CORE_B_SW_FACTORY_CORE_B,L_REDSTAR,3776,3776
l_SW_C12_CORE_A_SW_C12_M04_ACT;l_SW_C12_CORE_A_SW_C12_M04_CTRL;l_SW_C12_CORE_A_SW_FACTORY_CORE_A,6,8,0.008620689655172414,2,0.0021691973969631237,l_SW_C12_CORE_A_SW_C12_M04_CTRL,0,0,0.0,l_SW_C11_CORE_B_SW_FACTORY_CORE_B;l_SW_C12_CORE_A_SW_FACTORY_CORE_B;l_SW_C12_CORE_B_SW_C12_M04_ACT;l_SW_C13_CORE_B_SW_FACTORY_CORE_B,L_REDSTAR,3776,3776
l_SW_C12_CC_SW_C12_CORE_B;l_SW_C12_CORE_A_SW_FACTORY_CORE_A;l_SW_C12_CORE_B_SW_FACTORY_CORE_A,2,7,0.007543103448275862,5,0.005399568034557235,l_SW_C12_CORE_A_SW_FACTORY_CORE_A,0,0,0.0,l_SW_C11_CORE_A_SW_FACTORY_CORE_B;l_SW_C11_CORE_B_SW_FACTORY_CORE_B;l_SW_C12_CORE_A_SW_FACTORY_CORE_B;l_SW_C13_CORE_A_SW_FACTORY_CORE_B;l_SW_C13_CORE_B_SW_FACTORY_CORE_B;l_SW_C16_CC_SW_C16_CORE_B;l_SW_C16_CORE_B_SW_FACTORY_CORE_A,L_REDSTAR,3776,3776
l_SW_C12_CORE_B_SW_C12_M01_CTRL;l_SW_C12_CORE_B_SW_C12_M01_SENS,8,8,0.008620689655172414,0,0.0,l_SW_C12_CORE_B_SW_C12_M01_CTRL,0,0,0.0,l_SW_C12_CORE_A_SW_C12_M01_SENS,L_REDSTAR,3776,3776
l_SW_C12_CORE_B_SW_C12_M01_CTRL;l_SW_C12_CORE_B_SW_C12_M01_SENS,8,8,0.008620689655172414,0,0.0,l_SW_C12_CORE_B_SW_C12_M01_SENS,0,0,0.0,l_SW_C12_CORE_A_SW_C12_M01_SENS,L_REDSTAR,3776,3776
l_SW_C12_CORE_B_SW_C12_M02_CTRL;l_SW_C12_CORE_B_SW_C12_M02_SENS,8,8,0.008620689655172414,0,0.0,l_SW_C12_CORE_B_SW_C12_M02_CTRL,0,0,0.0,l_SW_C12_CORE_A_SW_C12_M02_SENS,L_REDSTAR,3776,3776
l_SW_C12_CORE_B_SW_C12_M02_CTRL;l_SW_C12_CORE_B_SW_C12_M02_SENS,8,8,0.008620689655172414,0,0.0,l_SW_C12_CORE_B_SW_C12_M02_SENS,0,0,0.0,l_SW_C12_CORE_A_SW_C12_M02_SENS,L_REDSTAR,3776,3776
l_SW_C12_CORE_B_SW_C12_M03_CTRL;l_SW_C12_CORE_B_SW_C12_M03_SENS,8,8,0.008620689655172414,0,0.0,l_SW_C12_CORE_B_SW_C12_M03_CTRL,0,0,0.0,l_SW_C12_CORE_A_SW_C12_M03_SENS,L_REDSTAR,3776,3776
l_SW_C12_CORE_B_SW_C12_M03_CTRL;l_SW_C12_CORE_B_SW_C12_M03_SENS,8,8,0.008620689655172414,0,0.0,l_SW_C12_CORE_B_SW_C12_M03_SENS,0,0,0.0,l_SW_C12_CORE_A_SW_C12_M03_SENS,L_REDSTAR,3776,3776
l_SW_C12_CORE_B_SW_C12_M04_CTRL;l_SW_C12_CORE_B_SW_C12_M04_SENS,8,8,0.008620689655172414,0,0.0,l_SW_C12_CORE_B_SW_C12_M04_CTRL,0,0,0.0,l_SW_C12_CORE_A_SW_C12_M04_SENS,L_REDSTAR,3776,3776
l_SW_C12_CORE_B_SW_C12_M04_CTRL;l_SW_C12_CORE_B_SW_C12_M04_SENS,8,8,0.008620689655172414,0,0.0,l_SW_C12_CORE_B_SW_C12_M04_SENS,0,0,0.0,l_SW_C12_CORE_A_SW_C12_M04_SENS,L_REDSTAR,3776,3776
l_SW_C12_CORE_B_SW_FACTORY_CORE_A,2,5,0.005387931034482759,3,0.0032397408207343412,l_SW_C12_CORE_B_SW_FACTORY_CORE_A,0,0,0.0,l_SW_C11_CORE_A_SW_FACTORY_CORE_B;l_SW_C12_CORE_B_SW_FACTORY_CORE_B;l_SW_C13_CORE_A_SW_FACTORY_CORE_B;l_SW_C16_CC_SW_C16_CORE_B;l_SW_C16_CORE_B_SW_FACTORY_CORE_A,L_REDSTAR,3776,3776
l_SW_C13_CC_SW_C13_CORE_A;l_SW_C13_CORE_A_SW_FACTORY_CORE_A,10,10,0.010775862068965518,0,0.0,l_SW_C13_CC_SW_C13_CORE_A,0,0,0.0,,L_REDSTAR,3776,3776
l_SW_C13_CC_SW_C13_CORE_B;l_SW_C13_CORE_B_SW_FACTORY_CORE_A,2,2,0.0021551724137931034,0,0.0,l_SW_C13_CC_SW_C13_CORE_B,0,0,0.0,,L_REDSTAR,3776,3776
l_SW_C13_CORE_A_SW_C13_M01_ACT;l_SW_C13_CORE_A_SW_FACTORY_CORE_A,4,6,0.00646551724137931,2,0.0021645021645021645,l_SW_C13_CORE_A_SW_C13_M01_ACT,0,0,0.0,l_SW_C12_CORE_B_SW_FACTORY_CORE_B;l_SW_C13_CORE_A_SW_FACTORY_CORE_B;l_SW_C13_CORE_B_SW_C13_M01_ACT;l_SW_C14_CORE_B_SW_FACTORY_CORE_B,L_REDSTAR,3776,3776
l_SW_C13_CORE_A_SW_C13_M01_ACT;l_SW_C13_CORE_A_SW_C13_M01_CTRL;l_SW_C13_CORE_A_SW_FACTORY_CORE_A,6,8,0.008620689655172414,2,0.0021691973969631237,l_SW_C13_CORE_A_SW_C13_M01_CTRL,0,0,0.0,l_SW_C12_CORE_B_SW_FACTORY_CORE_B;l_SW_C13_CORE_A_SW_FACTORY_CORE_B;l_SW_C13_CORE_B_SW_C13_M01_ACT;l_SW_C14_CORE_B_SW_FACTORY_CORE_B,L_REDSTAR,3776,3776
l_SW_C13_CORE_A_SW_C13_M02_ACT;l_SW_C13_CORE_A_SW_FACTORY_CORE_A,4,6,0.00646551724137931,2,0.0021645021645021645,l_SW_C13_CORE_A_SW_C13_M02_ACT,0,0,0.0,l_SW_C12_CORE_B_SW_FACTORY_CORE_B;l_SW_C13_CORE_A_SW_FACTORY_CORE_B;l_SW_C13_CORE_B_SW_C13_M02_ACT;l_SW_C14_CORE_B_SW_FACTORY_CORE_B,L_REDSTAR,3776,3776
l_SW_C13_CORE_A_SW_C13_M02_ACT;l_SW_C13_CORE_A_SW_C13_M02_CTRL;l_SW_C13_CORE_A_SW_FACTORY_CORE_A,6,8,0.008620689655172414,2,0.0021691973969631237,l_SW_C13_CORE_A_SW_C13_M02_CTRL,0,0,0.0,l_SW_C12_CORE_B_SW_FACTORY_CORE_B;l_SW_C13_CORE_A_SW_FACTORY_CORE_B;l_SW_C13_CORE_B_SW_C13_M02_ACT;l_SW_C14_CORE_B_SW_FACTORY_CORE_B,L_REDSTAR,3776,3776
l_SW_C13_CORE_A_SW_C13_M03_ACT;l_SW_C13_CORE_A_SW_FACTORY_CORE_A,4,6,0.00646551724137931,2,0.0021645021645021645,l_SW_C13_CORE_A_SW_C13_M03_ACT,0,0,0.0,l_SW_C12_CORE_B_SW_FACTORY_CORE_B;l_SW_C13_CORE_A_SW_FACTORY_CORE_B;l_SW_C13_CORE_B_SW_C13_M03_ACT;l_SW_C14_CORE_B_SW_FACTORY_CORE_B,L_REDSTAR,3776,3776
l_SW_C13_CORE_A_SW_C13_M03_ACT;l_SW_C13_CORE_A_SW_C13_M03_CTRL;l_SW_C13_CORE_A_SW_FACTORY_CORE_A,6,8,0.008620689655172414,2,0.0021691973969631237,l_SW_C13_CORE_A_SW_C13_M03_CTRL,0,0,0.0,l_SW_C12_CORE_B_SW_FACTORY_CORE_B;l_SW_C13_CORE_A_SW_FACTORY_CORE_B;l_SW_C13_CORE_B_SW_C13_M03_ACT;l_SW_C14_CORE_B_SW_FACTORY_CORE_B,L_REDSTAR,3776,3776
l_SW_C13_CORE_A_SW_C13_M04_ACT;l_SW_C13_CORE_A_SW_FACTORY_CORE_A,4,6,0.00646551724137931,2,0.0021645021645021645,l_SW_C13_CORE_A_SW_C13_M04_ACT,0,0,0.0,l_SW_C12_CORE_B_SW_FACTORY_CORE_B;l_SW_C13_CORE_A_SW_FACTORY_CORE_B;l_SW_C13_CORE_B_SW_C13_M04_ACT;l_SW_C14_CORE_B_SW_FACTORY_CORE_B,L_REDSTAR,3776,3776
l_SW_C13_CORE_A_SW_C13_M04_ACT;l_SW_C13_CORE_A_SW_C13_M04_CTRL;l_SW_C13_CORE_A_SW_FACTORY_CORE_A,6,8,0.008620689655172414,2,0.0021691973969631237,l_SW_C13_CORE_A_SW_C13_M04_CTRL,0,0,0.0,l_SW_C12_CORE_B_SW_FACTORY_CORE_B;l_SW_C13_CORE_A_SW_FACTORY_CORE_B;l_SW_C13_CORE_B_SW_C13_M04_ACT;l_SW_C14_CORE_B_SW_FACTORY_CORE_B,L_REDSTAR,3776,3776
l_SW_C13_CC_SW_C13_CORE_B;l_SW_C13_CORE_A_SW_FACTORY_CORE_A;l_SW_C13_CORE_B_SW_FACTORY_CORE_A,2,7,0.007543103448275862,5,0.005399568034557235,l_SW_C13_CORE_A_SW_FACTORY_CORE_A,0,0,0.0,l_SW_C12_CORE_A_SW_FACTORY_CORE_B;l_SW_C12_CORE_B_SW_FACTORY_CORE_B;l_SW_C13_CORE_A_SW_FACTORY_CORE_B;l_SW_C14_CORE_A_SW_FACTORY_CORE_B;l_SW_C14_CORE_B_SW_FACTORY_CORE_B;l_SW_C16_CC_SW_C16_CORE_B;l_SW_C16_CORE_B_SW_FACTORY_CORE_A,L_REDSTAR,3776,3776
l_SW_C13_CORE_B_SW_C13_M01_CTRL;l_SW_C13_CORE_B_SW_C13_M01_SENS,8,8,0.008620689655172414,0,0.0,l_SW_C13_CORE_B_SW_C13_M01_CTRL,0,0,0.0,l_SW_C13_CORE_A_SW_C13_M01_SENS,L_REDSTAR,3776,3776
l_SW_C13_CORE_B_SW_C13_M01_CTRL;l_SW_C13_CORE_B_SW_C13_M01_SENS,8,8,0.008620689655172414,0,0.0,l_SW_C13_CORE_B_SW_C13_M01_SENS,0,0,0.0,l_SW_C13_CORE_A_SW_C13_M01_SENS,L_REDSTAR,3776,3776
l_SW_C13_CORE_B_SW_C13_M02_CTRL;l_SW_C13_CORE_B_SW_C13_M02_SENS,8,8,0.008620689655172414,0,0.0,l_SW_C13_CORE_B_SW_C13_M02_CTRL,0,0,0.0,l_SW_C13_CORE_A_SW_C13_M02_SENS,L_REDSTAR,3776,3776
l_SW_C13_CORE_B_SW_C13_M02_CTRL;l_SW_C13_CORE_B_SW_C13_M02_SENS,8,8,0.008620689655172414,0,0.0,l_SW_C13_CORE_B_SW_C13_M02_SENS,0,0,0.0,l_SW_C13_CORE_A_SW_C13_M02_SENS,L_REDSTAR,3776,3776
l_SW_C13_CORE_B_SW_C13_M03_CTRL;l_SW_C13_CORE_B_SW_C13_M03_SENS,8,8,0.008620689655172414,0,0.0,l_SW_C13_CORE_B_SW_C13_M03_CTRL,0,0,0.0,l_SW_C13_CORE_A_SW_C13_M03_SENS,L_REDSTAR,3776,3776
l_SW_C13_CORE_B_SW_C13_M03_CTRL;l_SW_C13_CORE_B_SW_C13_M03_SENS,8,8,0.008620689655172414,0,0.0,l_SW_C13_CORE_B_SW_C13_M03_SENS,0,0,0.0,l_SW_C13_CORE_A_SW_C13_M03_SENS,L_REDSTAR,3776,3776
l_SW_C13_CORE_B_SW_C13_M04_CTRL;l_SW_C13_CORE_B_SW_C13_M04_SENS,8,8,0.008620689655172414,0,0.0,l_SW_C13_CORE_B_SW_C13_M04_CTRL,0,0,0.0,l_SW_C13_CORE_A_SW_C13_M04_SENS,L_REDSTAR,3776,3776
l_SW_C13_CORE_B_SW_C13_M04_CTRL;l_SW_C13_CORE_B_SW_C13_M04_SENS,8,8,0.008620689655172414,0,0.0,l_SW_C13_CORE_B_SW_C13_M04_SENS,0,0,0.0,l_SW_C13_CORE_A_SW_C13_M04_SENS,L_REDSTAR,3776,3776
l_SW_C13_CORE_B_SW_FACTORY_CORE_A,2,5,0.005387931034482759,3,0.0032397408207343412,l_SW_C13_CORE_B_SW_FACTORY_CORE_A,0,0,0.0,l_SW_C12_CORE_A_SW_FACTORY_CORE_B;l_SW_C13_CORE_B_SW_FACTORY_CORE_B;l_SW_C14_CORE_A_SW_FACTORY_CORE_B;l_SW_C16_CC_SW_C16_CORE_B;l_SW_C16_CORE_B_SW_FACTORY_CORE_A,L_REDSTAR,3776,3776
l_SW_C14_CC_SW_C14_CORE_A;l_SW_C14_CORE_A_SW_FACTORY_CORE_A,10,10,0.010775862068965518,0,0.0,l_SW_C14_CC_SW_C14_CORE_A,0,0,0.0,,L_REDSTAR,3776,3776
l_SW_C14_CC_SW_C14_CORE_B;l_SW_C14_CORE_B_SW_FACTORY_CORE_A,2,2,0.0021551724137931034,0,0.0,l_SW_C14_CC_SW_C14_CORE_B,0,0,0.0,,L_REDSTAR,3776,3776
l_SW_C14_CORE_A_SW_C14_M01_ACT;l_SW_C14_CORE_A_SW_FACTORY_CORE_A;l_SW_C15_CORE_B_SW_FACTORY_CORE_A,4,6,0.00646551724137931,2,0.0021645021645021645,l_SW_C14_CORE_A_SW_C14_M01_ACT,0,0,0.0,l_SW_C13_CORE_B_SW_FACTORY_CORE_B;l_SW_C14_CORE_A_SW_FACTORY_CORE_B;l_SW_C14_CORE_B_SW_C14_M01_ACT;l_SW_C15_CORE_B_SW_FACTORY_CORE_B,L_REDSTAR,3776,3776
l_SW_C14_CORE_A_SW_C14_M01_ACT;l_SW_C14_CORE_A_SW_C14_M01_CTRL;l_SW_C14_CORE_A_SW_FACTORY_CORE_A;l_SW_C15_CORE_B_SW_FACTORY_CORE_A,6,8,0.008620689655172414,2,0.0021691973969631237,l_SW_C14_CORE_A_SW_C14_M01_CTRL,0,0,0.0,l_SW_C13_CORE_B_SW_FACTORY_CORE_B;l_SW_C14_CORE_A_SW_FACTORY_CORE_B;l_SW_C14_CORE_B_SW_C14_M01_ACT;l_SW_C15_CORE_B_SW_FACTORY_CORE_B,L_REDSTAR,3776,3776
l_SW_C14_CORE_A_SW_C14_M02_ACT;l_SW_C14_CORE_A_SW_FACTORY_CORE_A;l_SW_C15_CORE_B_SW_FACTORY_CORE_A,4,6,0.00646551724137931,2,0.0021645021645021645,l_SW_C14_CORE_A_SW_C14_M02_ACT,0,0,0.0,l_SW_C13_CORE_B_SW_FACTORY_CORE_B;l_SW_C14_CORE_A_SW_FACTORY_CORE_B;l_SW_C14_CORE_B_SW_C14_M02_ACT;l_SW_C15_CORE_B_SW_FACTORY_CORE_B,L_REDSTAR,3776,3776
l_SW_C14_CORE_A_SW_C14_M02_ACT;l_SW_C14_CORE_A_SW_C14_M02_CTRL;l_SW_C14_CORE_A_SW_FACTORY_CORE_A;l_SW_C15_CORE_B_SW_FACTORY_CORE_A,6,8,0.008620689655172414,2,0.0021691973969631237,l_SW_C14_CORE_A_SW_C14_M02_CTRL,0,0,0.0,l_SW_C13_CORE_B_SW_FACTORY_CORE_B;l_SW_C14_CORE_A_SW_FACTORY_CORE_B;l_SW_C14_CORE_B_SW_C14_M02_ACT;l_SW_C15_CORE_B_SW_FACTORY_CORE_B,L_REDSTAR,3776,3776
l_SW_C14_CORE_A_SW_C14_M03_ACT;l_SW_C14_CORE_A_SW_FACTORY_CORE_A;l_SW_C15_CORE_B_SW_FACTORY_CORE_A,4,6,0.00646551724137931,2,0.0021645021645021645,l_SW_C14_CORE_A_SW_C14_M03_ACT,0,0,0.0,l_SW_C13_CORE_B_SW_FACTORY_CORE_B;l_SW_C14_CORE_A_SW_FACTORY_CORE_B;l_SW_C14_CORE_B_SW_C14_M03_ACT;l_SW_C15_CORE_B_SW_FACTORY_CORE_B,L_REDSTAR,3776,3776
l_SW_C14_CORE_A_SW_C14_M03_ACT;l_SW_C14_CORE_A_SW_C14_M03_CTRL;l_SW_C14_CORE_A_SW_FACTORY_CORE_A;l_SW_C15_CORE_B_SW_FACTORY_CORE_A,6,8,0.008620689655172414,2,0.0021691973969631237,l_SW_C14_CORE_A_SW_C14_M03_CTRL,0,0,0.0,l_SW_C13_CORE_B_SW_FACTORY_CORE_B;l_SW_C14_CORE_A_SW_FACTORY_CORE_B;l_SW_C14_CORE_B_SW_C14_M03_ACT;l_SW_C15_CORE_B_SW_FACTORY_CORE_B,L_REDSTAR,3776,3776
l_SW_C14_CORE_A_SW_C14_M04_ACT;l_SW_C14_CORE_A_SW_FACTORY_CORE_A;l_SW_C15_CORE_B_SW_FACTORY_CORE_A,4,6,0.00646551724137931,2,0.0021645021645021645,l_SW_C14_CORE_A_SW_C14_M04_ACT,0,0,0.0,l_SW_C13_CORE_B_SW_FACTORY_CORE_B;l_SW_C14_CORE_A_SW_FACTORY_CORE_B;l_SW_C14_CORE_B_SW_C14_M04_ACT;l_SW_C15_CORE_B_SW_FACTORY_CORE_B,L_REDSTAR,3776,3776
l_SW_C14_CORE_A_SW_C14_M04_ACT;l_SW_C14_CORE_A_SW_C14_M04_CTRL;l_SW_C14_CORE_A_SW_FACTORY_CORE_A;l_SW_C15_CORE_B_SW_FACTORY_CORE_A,6,8,0.008620689655172414,2,0.0021691973969631237,l_SW_C14_CORE_A_SW_C14_M04_CTRL,0,0,0.0,l_SW_C13_CORE_B_SW_FACTORY_CORE_B;l_SW_C14_CORE_A_SW_FACTORY_CORE_B;l_SW_C14_CORE_B_SW_C14_M04_ACT;l_SW_C15_CORE_B_SW_FACTORY_CORE_B,L_REDSTAR,3776,3776
l_SW_C14_CC_SW_C14_CORE_B;l_SW_C14_CORE_A_SW_FACTORY_CORE_A;l_SW_C14_CORE_B_SW_FACTORY_CORE_A,2,7,0.007543103448275862,5,0.005399568034557235,l_SW_C14_CORE_A_SW_FACTORY_CORE_A,0,0,0.0,l_SW_C13_CORE_A_SW_FACTORY_CORE_B;l_SW_C13_CORE_B_SW_FACTORY_CORE_B;l_SW_C14_CORE_A_SW_FACTORY_CORE_B;l_SW_C15_CORE_A_SW_FACTORY_CORE_B;l_SW_C15_CORE_B_SW_FACTORY_CORE_B;l_SW_C16_CC_SW_C16_CORE_B;l_SW_C16_CORE_B_SW_FACTORY_CORE_A,L_REDSTAR,3776,3776
l_SW_C14_CORE_B_SW_C14_M01_CTRL;l_SW_C14_CORE_B_SW_C14_M01_SENS,8,8,0.008620689655172414,0,0.0,l_SW_C14_CORE_B_SW_C14_M01_CTRL,0,0,0.0,l_SW_C14_CORE_A_SW_C14_M01_SENS,L_REDSTAR,3776,3776
l_SW_C14_CORE_B_SW_C14_M01_CTRL;l_SW_C14_CORE_B_SW_C14_M01_SENS,8,8,0.008620689655172414,0,0.0,l_SW_C14_CORE_B_SW_C14_M01_SENS,0,0,0.0,l_SW_C14_CORE_A_SW_C14_M01_SENS,L_REDSTAR,3776,3776
l_SW_C14_CORE_B_SW_C14_M02_CTRL;l_SW_C14_CORE_B_SW_C14_M02_SENS,8,8,0.008620689655172414,0,0.0,l_SW_C14_CORE_B_SW_C14_M02_CTRL,0,0,0.0,l_SW_C14_CORE_A_SW_C14_M02_SENS,L_REDSTAR,3776,3776
l_SW_C14_CORE_B_SW_C14_M02_CTRL;l_SW_C14_CORE_B_SW_C14_M02_SENS,8,8,0.008620689655172414,0,0.0,l_SW_C14_CORE_B_SW_C14_M02_SENS,0,0,0.0,l_SW_C14_CORE_A_SW_C14_M02_SENS,L_REDSTAR,3776,3776
l_SW_C14_CORE_B_SW_C14_M03_CTRL;l_SW_C14_CORE_B_SW_C14_M03_SENS,8,8,0.008620689655172414,0,0.0,l_SW_C14_CORE_B_SW_C14_M03_CTRL,0,0,0.0,l_SW_C14_CORE_A_SW_C14_M03_SENS,L_REDSTAR,3776,3776
l_SW_C14_CORE_B_SW_C14_M03_CTRL;l_SW_C14_CORE_B_SW_C14_M03_SENS,8,8,0.008620689655172414,0,0.0,l_SW_C14_CORE_B_SW_C14_M03_SENS,0,0,0.0,l_SW_C14_CORE_A_SW_C14_M03_SENS,L_REDSTAR,3776,3776
l_SW_C14_CORE_B_SW_C14_M04_CTRL;l_SW_C14_CORE_B_SW_C14_M04_SENS,8,8,0.008620689655172414,0,0.0,l_SW_C14_CORE_B_SW_C14_M04_CTRL,0,0,0.0,l_SW_C14_CORE_A_SW_C14_M04_SENS,L_REDSTAR,3776,3776
l_SW_C14_CORE_B_SW_C14_M04_CTRL;l_SW_C14_CORE_B_SW_C14_M04_SENS,8,8,0.008620689655172414,0,0.0,l_SW_C14_CORE_B_SW_C14_M04_SENS,0,0,0.0,l_SW_C14_CORE_A_SW_C14_M04_SENS,L_REDSTAR,3776,3776
l_SW_C14_CORE_B_SW_FACTORY_CORE_A,2,5,0.005387931034482759,3,0.0032397408207343412,l_SW_C14_CORE_B_SW_FACTORY_CORE_A,0,0,0.0,l_SW_C13_CORE_A_SW_FACTORY_CORE_B;l_SW_C14_CORE_B_SW_FACTORY_CORE_B;l_SW_C15_CORE_A_SW_FACTORY_CORE_B;l_SW_C16_CC_SW_C16_CORE_B;l_SW_C16_CORE_B_SW_FACTORY_CORE_A,L_REDSTAR,3776,3776
l_SW_C15_CC_SW_C15_CORE_A;l_SW_C15_CORE_A_SW_FACTORY_CORE_A,11,11,0.011853448275862068,0,0.0,l_SW_C15_CC_SW_C15_CORE_A,0,0,0.0,,L_REDSTAR,3776,3776
l_SW_C15_CC_SW_C15_CORE_B;l_SW_C15_CORE_B_SW_FACTORY_CORE_A,1,1,0.0010775862068965517,0,0.0,l_SW_C15_CC_SW_C15_CORE_B,0,0,0.0,,L_REDSTAR,3776,3776
l_SW_C15_CORE_A_SW_C15_M01_ACT,4,6,0.00646551724137931,2,0.0021645021645021645,l_SW_C15_CORE_A_SW_C15_M01_ACT,0,0,0.0,l_SW_C14_CORE_B_SW_FACTORY_CORE_B;l_SW_C15_CORE_A_SW_FACTORY_CORE_B;l_SW_C15_CORE_B_SW_C15_M01_ACT;l_SW_C16_CC_SW_C16_CORE_B;l_SW_C16_CORE_B_SW_FACTORY_CORE_B,L_REDSTAR,3776,3776
l_SW_C15_CORE_A_SW_C15_M01_ACT;l_SW_C15_CORE_A_SW_C15_M01_CTRL,6,8,0.008620689655172414,2,0.0021691973969631237,l_SW_C15_CORE_A_SW_C15_M01_CTRL,0,0,0.0,l_SW_C14_CORE_B_SW_FACTORY_CORE_B;l_SW_C15_CORE_A_SW_FACTORY_CORE_B;l_SW_C15_CORE_B_SW_C15_M01_ACT;l_SW_C16_CC_SW_C16_CORE_B;l_SW_C16_CORE_B_SW_FACTORY_CORE_B,L_REDSTAR,3776,3776
l_SW_C15_CORE_A_SW_C15_M02_ACT,4,6,0.00646551724137931,2,0.0021645021645021645,l_SW_C15_CORE_A_SW_C15_M02_ACT,0,0,0.0,l_SW_C14_CORE_B_SW_FACTORY_CORE_B;l_SW_C15_CORE_A_SW_FACTORY_CORE_B;l_SW_C15_CORE_B_SW_C15_M02_ACT;l_SW_C16_CC_SW_C16_CORE_B;l_SW_C16_CORE_B_SW_FACTORY_CORE_B,L_REDSTAR,3776,3776
l_SW_C15_CORE_A_SW_C15_M02_ACT;l_SW_C15_CORE_A_SW_C15_M02_CTRL,6,8,0.008620689655172414,2,0.0021691973969631237,l_SW_C15_CORE_A_SW_C15_M02_CTRL,0,0,0.0,l_SW_C14_CORE_B_SW_FACTORY_CORE_B;l_SW_C15_CORE_A_SW_FACTORY_CORE_B;l_SW_C15_CORE_B_SW_C15_M02_ACT;l_SW_C16_CC_SW_C16_CORE_B;l_SW_C16_CORE_B_SW_FACTORY_CORE_B,L_REDSTAR,3776,3776
l_SW_C15_CORE_A_SW_C15_M03_ACT,4,6,0.00646551724137931,2,0.0021645021645021645,l_SW_C15_CORE_A_SW_C15_M03_ACT,0,0,0.0,l_SW_C14_CORE_B_SW_FACTORY_CORE_B;l_SW_C15_CORE_A_SW_FACTORY_CORE_B;l_SW_C15_CORE_B_SW_C15_M03_ACT;l_SW_C16_CC_SW_C16_CORE_B;l_SW_C16_CORE_B_SW_FACTORY_CORE_B,L_REDSTAR,3776,3776
l_SW_C15_CORE_A_SW_C15_M03_ACT;l_SW_C15_CORE_A_SW_C15_M03_CTRL,6,8,0.008620689655172414,2,0.0021691973969631237,l_SW_C15_CORE_A_SW_C15_M03_CTRL,0,0,0.0,l_SW_C14_CORE_B_SW_FACTORY_CORE_B;l_SW_C15_CORE_A_SW_FACTORY_CORE_B;l_SW_C15_CORE_B_SW_C15_M03_ACT;l_SW_C16_CC_SW_C16_CORE_B;l_SW_C16_CORE_B_SW_FACTORY_CORE_B,L_REDSTAR,3776,3776
l_SW_C15_CORE_A_SW_C15_M04_ACT,4,6,0.00646551724137931,2,0.0021645021645021645,l_SW_C15_CORE_A_SW_C15_M04_ACT,0,0,0.0,l_SW_C14_CORE_B_SW_FACTORY_CORE_B;l_SW_C15_CORE_A_SW_FACTORY_CORE_B;l_SW_C15_CORE_B_SW_C15_M04_ACT;l_SW_C16_CC_SW_C16_CORE_B;l_SW_C16_CORE_B_SW_FACTORY_CORE_B,L_REDSTAR,3776,3776
l_SW_C15_CORE_A_SW_C15_M04_ACT;l_SW_C15_CORE_A_SW_C15_M04_CTRL,6,8,0.008620689655172414,2,0.0021691973969631237,l_SW_C15_CORE_A_SW_C15_M04_CTRL,0,0,0.0,l_SW_C14_CORE_B_SW_FACTORY_CORE_B;l_SW_C15_CORE_A_SW_FACTORY_CORE_B;l_SW_C15_CORE_B_SW_C15_M04_ACT;l_SW_C16_CC_SW_C16_CORE_B;l_SW_C16_CORE_B_SW_FACTORY_CORE_B,L_REDSTAR,3776,3776
l_SW_C15_CC_SW_C15_CORE_B;l_SW_C15_CORE_A_SW_FACTORY_CORE_A;l_SW_C15_CORE_B_SW_FACTORY_CORE_A,3,5,0.005387931034482759,2,0.002162162162162162,l_SW_C15_CORE_A_SW_FACTORY_CORE_A,0,0,0.0,l_SW_C14_CORE_A_SW_FACTORY_CORE_B;l_SW_C14_CORE_B_SW_FACTORY_CORE_B;l_SW_C15_CORE_A_SW_FACTORY_CORE_B;l_SW_C16_CC_SW_C16_CORE_B;l_SW_C16_CORE_A_SW_FACTORY_CORE_B;l_SW_C16_CORE_B_SW_FACTORY_CORE_A,L_REDSTAR,3776,3776
l_SW_C15_CORE_B_SW_C15_M01_CTRL;l_SW_C15_CORE_B_SW_C15_M01_SENS,8,8,0.008620689655172414,0,0.0,l_SW_C15_CORE_B_SW_C15_M01_CTRL,0,0,0.0,l_SW_C15_CORE_A_SW_C15_M01_SENS,L_REDSTAR,3776,3776
l_SW_C15_CORE_B_SW_C15_M01_CTRL;l_SW_C15_CORE_B_SW_C15_M01_SENS,8,8,0.008620689655172414,0,0.0,l_SW_C15_CORE_B_SW_C15_M01_SENS,0,0,0.0,l_SW_C15_CORE_A_SW_C15_M01_SENS,L_REDSTAR,3776,3776
l_SW_C15_CORE_B_SW_C15_M02_CTRL;l_SW_C15_CORE_B_SW_C15_M02_SENS,8,8,0.008620689655172414,0,0.0,l_SW_C15_CORE_B_SW_C15_M02_CTRL,0,0,0.0,l_SW_C15_CORE_A_SW_C15_M02_SENS,L_REDSTAR,3776,3776
l_SW_C15_CORE_B_SW_C15_M02_CTRL;l_SW_C15_CORE_B_SW_C15_M02_SENS,8,8,0.008620689655172414,0,0.0,l_SW_C15_CORE_B_SW_C15_M02_SENS,0,0,0.0,l_SW_C15_CORE_A_SW_C15_M02_SENS,L_REDSTAR,3776,3776
l_SW_C15_CORE_B_SW_C15_M03_CTRL;l_SW_C15_CORE_B_SW_C15_M03_SENS,8,8,0.008620689655172414,0,0.0,l_SW_C15_CORE_B_SW_C15_M03_CTRL,0,0,0.0,l_SW_C15_CORE_A_SW_C15_M03_SENS,L_REDSTAR,3776,3776
l_SW_C15_CORE_B_SW_C15_M03_CTRL;l_SW_C15_CORE_B_SW_C15_M03_SENS,8,8,0.008620689655172414,0,0.0,l_SW_C15_CORE_B_SW_C15_M03_SENS,0,0,0.0,l_SW_C15_CORE_A_SW_C15_M03_SENS,L_REDSTAR,3776,3776
l_SW_C15_CORE_B_SW_C15_M04_CTRL;l_SW_C15_CORE_B_SW_C15_M04_SENS,8,8,0.008620689655172414,0,0.0,l_SW_C15_CORE_B_SW_C15_M04_CTRL,0,0,0.0,l_SW_C15_CORE_A_SW_C15_M04_SENS,L_REDSTAR,3776,3776
l_SW_C15_CORE_B_SW_C15_M04_CTRL;l_SW_C15_CORE_B_SW_C15_M04_SENS,8,8,0.008620689655172414,0,0.0,l_SW_C15_CORE_B_SW_C15_M04_SENS,0,0,0.0,l_SW_C15_CORE_A_SW_C15_M04_SENS,L_REDSTAR,3776,3776
l_SW_C15_CORE_B_SW_FACTORY_CORE_A,1,3,0.003232758620689655,2,0.002157497303128371,l_SW_C15_CORE_B_SW_FACTORY_CORE_A,0,0,0.0,l_SW_C14_CORE_A_SW_FACTORY_CORE_B;l_SW_C15_CORE_B_SW_FACTORY_CORE_B;l_SW_C16_CC_SW_C16_CORE_B;l_SW_C16_CORE_A_SW_FACTORY_CORE_B;l_SW_C16_CORE_B_SW_FACTORY_CORE_A,L_REDSTAR,3776,3776
l_SW_C16_CC_SW_C16_CORE_A;l_SW_C16_CORE_A_SW_FACTORY_CORE_A,12,12,0.01293103448275862,0,0.0,l_SW_C16_CC_SW_C16_CORE_A,0,0,0.0,l_SW_C16_CC_SW_C16_CORE_B;l_SW_C16_CORE_B_SW_FACTORY_CORE_A,L_REDSTAR,3776,3776
l_SW_C16_CORE_A_SW_C16_M01_ACT,4,6,0.00646551724137931,2,0.0021645021645021645,l_SW_C16_CORE_A_SW_C16_M01_ACT,0,0,0.0,l_SW_C01_CORE_B_SW_FACTORY_CORE_B;l_SW_C15_CORE_B_SW_FACTORY_CORE_B;l_SW_C16_CORE_A_SW_FACTORY_CORE_B;l_SW_C16_CORE_B_SW_C16_M01_ACT,L_REDSTAR,3776,3776
l_SW_C16_CORE_A_SW_C16_M01_ACT;l_SW_C16_CORE_A_SW_C16_M01_CTRL,6,8,0.008620689655172414,2,0.0021691973969631237,l_SW_C16_CORE_A_SW_C16_M01_CTRL,0,0,0.0,l_SW_C01_CORE_B_SW_FACTORY_CORE_B;l_SW_C15_CORE_B_SW_FACTORY_CORE_B;l_SW_C16_CC_SW_C16_CORE_B;l_SW_C16_CORE_A_SW_FACTORY_CORE_B;l_SW_C16_CORE_B_SW_C16_M01_ACT,L_REDSTAR,3776,3776
l_SW_C16_CORE_A_SW_C16_M02_ACT,4,6,0.00646551724137931,2,0.0021645021645021645,l_SW_C16_CORE_A_SW_C16_M02_ACT,0,0,0.0,l_SW_C01_CORE_B_SW_FACTORY_CORE_B;l_SW_C15_CORE_B_SW_FACTORY_CORE_B;l_SW_C16_CORE_A_SW_FACTORY_CORE_B;l_SW_C16_CORE_B_SW_C16_M02_ACT,L_REDSTAR,3776,3776
l_SW_C16_CORE_A_SW_C16_M02_ACT;l_SW_C16_CORE_A_SW_C16_M02_CTRL,6,8,0.008620689655172414,2,0.0021691973969631237,l_SW_C16_CORE_A_SW_C16_M02_CTRL,0,0,0.0,l_SW_C01_CORE_B_SW_FACTORY_CORE_B;l_SW_C15_CORE_B_SW_FACTORY_CORE_B;l_SW_C16_CC_SW_C16_CORE_B;l_SW_C16_CORE_A_SW_FACTORY_CORE_B;l_SW_C16_CORE_B_SW_C16_M02_ACT,L_REDSTAR,3776,3776
l_SW_C16_CORE_A_SW_C16_M03_ACT,4,6,0.00646551724137931,2,0.0021645021645021645,l_SW_C16_CORE_A_SW_C16_M03_ACT,0,0,0.0,l_SW_C01_CORE_B_SW_FACTORY_CORE_B;l_SW_C15_CORE_B_SW_FACTORY_CORE_B;l_SW_C16_CORE_A_SW_FACTORY_CORE_B;l_SW_C16_CORE_B_SW_C16_M03_ACT,L_REDSTAR,3776,3776
l_SW_C16_CORE_A_SW_C16_M03_ACT;l_SW_C16_CORE_A_SW_C16_M03_CTRL,6,8,0.008620689655172414,2,0.0021691973969631237,l_SW_C16_CORE_A_SW_C16_M03_CTRL,0,0,0.0,l_SW_C01_CORE_B_SW_FACTORY_CORE_B;l_SW_C15_CORE_B_SW_FACTORY_CORE_B;l_SW_C16_CC_SW_C16_CORE_B;l_SW_C16_CORE_A_SW_FACTORY_CORE_B;l_SW_C16_CORE_B_SW_C16_M03_ACT,L_REDSTAR,3776,3776
l_SW_C16_CORE_A_SW_C16_M04_ACT,4,6,0.00646551724137931,2,0.0021645021645021645,l_SW_C16_CORE_A_SW_C16_M04_ACT,0,0,0.0,l_SW_C01_CORE_B_SW_FACTORY_CORE_B;l_SW_C15_CORE_B_SW_FACTORY_CORE_B;l_SW_C16_CORE_A_SW_FACTORY_CORE_B;l_SW_C16_CORE_B_SW_C16_M04_ACT,L_REDSTAR,3776,3776
l_SW_C16_CORE_A_SW_C16_M04_ACT;l_SW_C16_CORE_A_SW_C16_M04_CTRL,6,8,0.008620689655172414,2,0.0021691973969631237,l_SW_C16_CORE_A_SW_C16_M04_CTRL,0,0,0.0,l_SW_C01_CORE_B_SW_FACTORY_CORE_B;l_SW_C15_CORE_B_SW_FACTORY_CORE_B;l_SW_C16_CC_SW_C16_CORE_B;l_SW_C16_CORE_A_SW_FACTORY_CORE_B;l_SW_C16_CORE_B_SW_C16_M04_ACT,L_REDSTAR,3776,3776
l_SW_C16_CORE_A_SW_FACTORY_CORE_A,4,4,0.004310344827586207,0,0.0,l_SW_C16_CORE_A_SW_FACTORY_CORE_A,0,0,0.0,l_SW_C01_CORE_A_SW_FACTORY_CORE_B;l_SW_C01_CORE_B_SW_FACTORY_CORE_B;l_SW_C15_CORE_A_SW_FACTORY_CORE_B;l_SW_C16_CORE_A_SW_FACTORY_CORE_B,L_REDSTAR,3776,3776
l_SW_C16_CORE_B_SW_C16_M01_CTRL;l_SW_C16_CORE_B_SW_C16_M01_SENS,8,8,0.008620689655172414,0,0.0,l_SW_C16_CORE_B_SW_C16_M01_CTRL,0,0,0.0,l_SW_C16_CORE_A_SW_C16_M01_SENS,L_REDSTAR,3776,3776
l_SW_C16_CORE_B_SW_C16_M01_CTRL;l_SW_C16_CORE_B_SW_C16_M01_SENS,8,8,0.008620689655172414,0,0.0,l_SW_C16_CORE_B_SW_C16_M01_SENS,0,0,0.0,l_SW_C16_CORE_A_SW_C16_M01_SENS,L_REDSTAR,3776,3776
l_SW_C16_CORE_B_SW_C16_M02_CTRL;l_SW_C16_CORE_B_SW_C16_M02_SENS,8,8,0.008620689655172414,0,0.0,l_SW_C16_CORE_B_SW_C16_M02_CTRL,0,0,0.0,l_SW_C16_CORE_A_SW_C16_M02_SENS,L_REDSTAR,3776,3776
l_SW_C16_CORE_B_SW_C16_M02_CTRL;l_SW_C16_CORE_B_SW_C16_M02_SENS,8,8,0.008620689655172414,0,0.0,l_SW_C16_CORE_B_SW_C16_M02_SENS,0,0,0.0,l_SW_C16_CORE_A_SW_C16_M02_SENS,L_REDSTAR,3776,3776
l_SW_C16_CORE_B_SW_C16_M03_CTRL;l_SW_C16_CORE_B_SW_C16_M03_SENS,8,8,0.008620689655172414,0,0.0,l_SW_C16_CORE_B_SW_C16_M03_CTRL,0,0,0.0,l_SW_C16_CORE_A_SW_C16_M03_SENS,L_REDSTAR,3776,3776
l_SW_C16_CORE_B_SW_C16_M03_CTRL;l_SW_C16_CORE_B_SW_C16_M03_SENS,8,8,0.008620689655172414,0,0.0,l_SW_C16_CORE_B_SW_C16_M03_SENS,0,0,0.0,l_SW_C16_CORE_A_SW_C16_M03_SENS,L_REDSTAR,3776,3776
l_SW_C16_CORE_B_SW_C16_M04_CTRL;l_SW_C16_CORE_B_SW_C16_M04_SENS,8,8,0.008620689655172414,0,0.0,l_SW_C16_CORE_B_SW_C16_M04_CTRL,0,0,0.0,l_SW_C16_CORE_A_SW_C16_M04_SENS,L_REDSTAR,3776,3776
l_SW_C16_CORE_B_SW_C16_M04_CTRL;l_SW_C16_CORE_B_SW_C16_M04_SENS,8,8,0.008620689655172414,0,0.0,l_SW_C16_CORE_B_SW_C16_M04_SENS,0,0,0.0,l_SW_C16_CORE_A_SW_C16_M04_SENS,L_REDSTAR,3776,3776
l_SW_BB_C01_A_SW_BB_C01_B,1,1,0.0010775862068965517,0,0.0,l_SW_BB_C01_A_SW_BB_C01_B,0,0,0.0,,L_ROR,3200,3200
l_SW_BB_C01_A_SW_BB_C16_B;l_SW_BB_C16_A_SW_BB_C16_B,2,2,0.0021551724137931034,0,0.0,l_SW_BB_C01_A_SW_BB_C16_B,56,28,28.0,,L_ROR,3200,3256
l_SW_BB_C01_A_SW_C01_CC,3,3,0.003232758620689655,0,0.0,l_SW_BB_C01_A_SW_C01_CC,4,2,1.3333333333333333,l_SW_BB_C16_B_SW_C16_M01_ACT,L_ROR,3200,3204
l_SW_BB_C01_A_SW_BB_C01_B;l_SW_BB_C01_B_SW_BB_C02_A;l_SW_BB_C01_B_SW_C01_M01_ACT,2,2,0.0021551724137931034,0,0.0,l_SW_BB_C01_B_SW_BB_C02_A,56,28,28.0,,L_ROR,3200,3256
l_SW_BB_C01_B_SW_C01_M01_ACT,1,1,0.0010775862068965517,0,0.0,l_SW_BB_C01_B_SW_C01_M01_ACT,0,0,0.0,,L_ROR,3200,3200
l_SW_BB_C01_B_SW_C01_M01_ACT;l_SW_BB_C02_A_SW_BB_C02_B,1,2,0.0021551724137931034,1,0.0010787486515641855,l_SW_BB_C02_A_SW_BB_C02_B,0,0,0.0,,L_ROR,3200,3200
l_SW_BB_C02_A_SW_C02_CC,3,3,0.003232758620689655,0,0.0,l_SW_BB_C02_A_SW_C02_CC,4,2,1.3333333333333333,,L_ROR,3200,3204
l_SW_BB_C02_A_SW_BB_C02_B;l_SW_BB_C02_B_SW_BB_C03_A;l_SW_BB_C02_B_SW_C02_M01_ACT,2,2,0.0021551724137931034,0,0.0,l_SW_BB_C02_B_SW_BB_C03_A,56,28,28.0,,L_ROR,3200,3256
l_SW_BB_C02_B_SW_C02_M01_ACT,1,1,0.0010775862068965517,0,0.0,l_SW_BB_C02_B_SW_C02_M01_ACT,0,0,0.0,,L_ROR,3200,3200
l_SW_BB_C02_B_SW_C02_M01_ACT;l_SW_BB_C03_A_SW_BB_C03_B,1,2,0.0021551724137931034,1,0.0010787486515641855,l_SW_BB_C03_A_SW_BB_C03_B,0,0,0.0,,L_ROR,3200,3200
l_SW_BB_C03_A_SW_C03_CC,3,3,0.003232758620689655,0,0.0,l_SW_BB_C03_A_SW_C03_CC,4,2,1.3333333333333333,,L_ROR,3200,3204
l_SW_BB_C03_A_SW_BB_C03_B;l_SW_BB_C03_B_SW_BB_C04_A;l_SW_BB_C03_B_SW_C03_M01_ACT,2,2,0.0021551724137931034,0,0.0,l_SW_BB_C03_B_SW_BB_C04_A,56,28,28.0,,L_ROR,3200,3256
l_SW_BB_C03_B_SW_C03_M01_ACT,1,1,0.0010775862068965517,0,0.0,l_SW_BB_C03_B_SW_C03_M01_ACT,0,0,0.0,,L_ROR,3200,3200
l_SW_BB_C03_B_SW_C03_M01_ACT;l_SW_BB_C04_A_SW_BB_C04_B,1,2,0.0021551724137931034,1,0.0010787486515641855,l_SW_BB_C04_A_SW_BB_C04_B,0,0,0.0,,L_ROR,3200,3200
l_SW_BB_C04_A_SW_C04_CC,3,3,0.003232758620689655,0,0.0,l_SW_BB_C04_A_SW_C04_CC,4,2,1.3333333333333333,,L_ROR,3200,3204
l_SW_BB_C04_A_SW_BB_C04_B;l_SW_BB_C04_B_SW_BB_C05_A;l_SW_BB_C04_B_SW_C04_M01_ACT,2,2,0.0021551724137931034,0,0.0,l_SW_BB_C04_B_SW_BB_C05_A,56,28,28.0,,L_ROR,3200,3256
l_SW_BB_C04_B_SW_C04_M01_ACT,1,1,0.0010775862068965517,0,0.0,l_SW_BB_C04_B_SW_C04_M01_ACT,0,0,0.0,,L_ROR,3200,3200
l_SW_BB_C04_B_SW_C04_M01_ACT;l_SW_BB_C05_A_SW_BB_C05_B,1,2,0.0021551724137931034,1,0.0010787486515641855,l_SW_BB_C05_A_SW_BB_C05_B,0,0,0.0,,L_ROR,3200,3200
l_SW_BB_C05_A_SW_C05_CC,3,3,0.003232758620689655,0,0.0,l_SW_BB_C05_A_SW_C05_CC,4,2,1.3333333333333333,,L_ROR,3200,3204
l_SW_BB_C05_A_SW_BB_C05_B;l_SW_BB_C05_B_SW_BB_C06_A;l_SW_BB_C05_B_SW_C05_M01_ACT,2,2,0.0021551724137931034,0,0.0,l_SW_BB_C05_B_SW_BB_C06_A,56,28,28.0,,L_ROR,3200,3256
l_SW_BB_C05_B_SW_C05_M01_ACT,1,1,0.0010775862068965517,0,0.0,l_SW_BB_C05_B_SW_C05_M01_ACT,0,0,0.0,,L_ROR,3200,3200
l_SW_BB_C05_B_SW_C05_M01_ACT;l_SW_BB_C06_A_SW_BB_C06_B,1,2,0.0021551724137931034,1,0.0010787486515641855,l_SW_BB_C06_A_SW_BB_C06_B,0,0,0.0,,L_ROR,3200,3200
l_SW_BB_C06_A_SW_C06_CC,3,3,0.003232758620689655,0,0.0,l_SW_BB_C06_A_SW_C06_CC,4,2,1.3333333333333333,,L_ROR,3200,3204
l_SW_BB_C06_A_SW_BB_C06_B;l_SW_BB_C06_B_SW_BB_C07_A;l_SW_BB_C06_B_SW_C06_M01_ACT,2,2,0.0021551724137931034,0,0.0,l_SW_BB_C06_B_SW_BB_C07_A,56,28,28.0,,L_ROR,3200,3256
l_SW_BB_C06_B_SW_C06_M01_ACT,1,1,0.0010775862068965517,0,0.0,l_SW_BB_C06_B_SW_C06_M01_ACT,0,0,0.0,,L_ROR,3200,3200
l_SW_BB_C06_B_SW_C06_M01_ACT;l_SW_BB_C07_A_SW_BB_C07_B,1,2,0.0021551724137931034,1,0.0010787486515641855,l_SW_BB_C07_A_SW_BB_C07_B,0,0,0.0,,L_ROR,3200,3200
l_SW_BB_C07_A_SW_C07_CC,3,3,0.003232758620689655,0,0.0,l_SW_BB_C07_A_SW_C07_CC,4,2,1.3333333333333333,,L_ROR,3200,3204
l_SW_BB_C07_A_SW_BB_C07_B;l_SW_BB_C07_B_SW_BB_C08_A;l_SW_BB_C07_B_SW_C07_M01_ACT,2,2,0.0021551724137931034,0,0.0,l_SW_BB_C07_B_SW_BB_C08_A,56,28,28.0,,L_ROR,3200,3256
l_SW_BB_C07_B_SW_C07_M01_ACT,1,1,0.0010775862068965517,0,0.0,l_SW_BB_C07_B_SW_C07_M01_ACT,0,0,0.0,,L_ROR,3200,3200
l_SW_BB_C07_B_SW_C07_M01_ACT;l_SW_BB_C08_A_SW_BB_C08_B,1,2,0.0021551724137931034,1,0.0010787486515641855,l_SW_BB_C08_A_SW_BB_C08_B,0,0,0.0,,L_ROR,3200,3200
l_SW_BB_C08_A_SW_C08_CC,3,3,0.003232758620689655,0,0.0,l_SW_BB_C08_A_SW_C08_CC,4,2,1.3333333333333333,,L_ROR,3200,3204
l_SW_BB_C08_A_SW_BB_C08_B;l_SW_BB_C08_B_SW_BB_C09_A;l_SW_BB_C08_B_SW_C08_M01_ACT,2,2,0.0021551724137931034,0,0.0,l_SW_BB_C08_B_SW_BB_C09_A,56,28,28.0,,L_ROR,3200,3256
l_SW_BB_C08_B_SW_C08_M01_ACT,1,1,0.0010775862068965517,0,0.0,l_SW_BB_C08_B_SW_C08_M01_ACT,0,0,0.0,,L_ROR,3200,3200
l_SW_BB_C08_B_SW_C08_M01_ACT;l_SW_BB_C09_A_SW_BB_C09_B,1,2,0.0021551724137931034,1,0.0010787486515641855,l_SW_BB_C09_A_SW_BB_C09_B,0,0,0.0,,L_ROR,3200,3200
l_SW_BB_C09_A_SW_C09_CC,3,3,0.003232758620689655,0,0.0,l_SW_BB_C09_A_SW_C09_CC,4,2,1.3333333333333333,,L_ROR,3200,3204
l_SW_BB_C09_A_SW_BB_C09_B;l_SW_BB_C09_B_SW_BB_C10_A;l_SW_BB_C09_B_SW_C09_M01_ACT,2,2,0.0021551724137931034,0,0.0,l_SW_BB_C09_B_SW_BB_C10_A,56,28,28.0,,L_ROR,3200,3256
l_SW_BB_C09_B_SW_C09_M01_ACT,1,1,0.0010775862068965517,0,0.0,l_SW_BB_C09_B_SW_C09_M01_ACT,0,0,0.0,,L_ROR,3200,3200
l_SW_BB_C09_B_SW_C09_M01_ACT;l_SW_BB_C10_A_SW_BB_C10_B,1,2,0.0021551724137931034,1,0.0010787486515641855,l_SW_BB_C10_A_SW_BB_C10_B,0,0,0.0,,L_ROR,3200,3200
l_SW_BB_C10_A_SW_C10_CC,3,3,0.003232758620689655,0,0.0,l_SW_BB_C10_A_SW_C10_CC,4,2,1.3333333333333333,,L_ROR,3200,3204
l_SW_BB_C10_A_SW_BB_C10_B;l_SW_BB_C10_B_SW_BB_C11_A;l_SW_BB_C10_B_SW_C10_M01_ACT,2,2,0.0021551724137931034,0,0.0,l_SW_BB_C10_B_SW_BB_C11_A,56,28,28.0,,L_ROR,3200,3256
l_SW_BB_C10_B_SW_C10_M01_ACT,1,1,0.0010775862068965517,0,0.0,l_SW_BB_C10_B_SW_C10_M01_ACT,0,0,0.0,,L_ROR,3200,3200
l_SW_BB_C10_B_SW_C10_M01_ACT;l_SW_BB_C11_A_SW_BB_C11_B,1,2,0.0021551724137931034,1,0.0010787486515641855,l_SW_BB_C11_A_SW_BB_C11_B,0,0,0.0,,L_ROR,3200,3200
l_SW_BB_C11_A_SW_C11_CC,3,3,0.003232758620689655,0,0.0,l_SW_BB_C11_A_SW_C11_CC,4,2,1.3333333333333333,,L_ROR,3200,3204
l_SW_BB_C11_A_SW_BB_C11_B;l_SW_BB_C11_B_SW_BB_C12_A;l_SW_BB_C11_B_SW_C11_M01_ACT,2,2,0.0021551724137931034,0,0.0,l_SW_BB_C11_B_SW_BB_C12_A,56,28,28.0,,L_ROR,3200,3256
l_SW_BB_C11_B_SW_C11_M01_ACT,1,1,0.0010775862068965517,0,0.0,l_SW_BB_C11_B_SW_C11_M01_ACT,0,0,0.0,,L_ROR,3200,3200
l_SW_BB_C11_B_SW_C11_M01_ACT;l_SW_BB_C12_A_SW_BB_C12_B,1,2,0.0021551724137931034,1,0.0010787486515641855,l_SW_BB_C12_A_SW_BB_C12_B,0,0,0.0,,L_ROR,3200,3200
l_SW_BB_C12_A_SW_C12_CC,3,3,0.003232758620689655,0,0.0,l_SW_BB_C12_A_SW_C12_CC,4,2,1.3333333333333333,,L_ROR,3200,3204
l_SW_BB_C12_A_SW_BB_C12_B;l_SW_BB_C12_B_SW_BB_C13_A;l_SW_BB_C12_B_SW_C12_M01_ACT,2,2,0.0021551724137931034,0,0.0,l_SW_BB_C12_B_SW_BB_C13_A,56,28,28.0,,L_ROR,3200,3256
l_SW_BB_C12_B_SW_C12_M01_ACT,1,1,0.0010775862068965517,0,0.0,l_SW_BB_C12_B_SW_C12_M01_ACT,0,0,0.0,,L_ROR,3200,3200
l_SW_BB_C12_B_SW_C12_M01_ACT;l_SW_BB_C13_A_SW_BB_C13_B,1,2,0.0021551724137931034,1,0.0010787486515641855,l_SW_BB_C13_A_SW_BB_C13_B,0,0,0.0,,L_ROR,3200,3200
l_SW_BB_C13_A_SW_C13_CC,3,3,0.003232758620689655,0,0.0,l_SW_BB_C13_A_SW_C13_CC,4,2,1.3333333333333333,,L_ROR,3200,3204
l_SW_BB_C13_A_SW_BB_C13_B;l_SW_BB_C13_B_SW_BB_C14_A;l_SW_BB_C13_B_SW_C13_M01_ACT,2,2,0.0021551724137931034,0,0.0,l_SW_BB_C13_B_SW_BB_C14_A,56,28,28.0,,L_ROR,3200,3256
l_SW_BB_C13_B_SW_C13_M01_ACT,1,1,0.0010775862068965517,0,0.0,l_SW_BB_C13_B_SW_C13_M01_ACT,0,0,0.0,,L_ROR,3200,3200
l_SW_BB_C13_B_SW_C13_M01_ACT;l_SW_BB_C14_A_SW_BB_C14_B,1,2,0.0021551724137931034,1,0.0010787486515641855,l_SW_BB_C14_A_SW_BB_C14_B,0,0,0.0,,L_ROR,3200,3200
l_SW_BB_C14_A_SW_C14_CC,3,3,0.003232758620689655,0,0.0,l_SW_BB_C14_A_SW_C14_CC,4,2,1.3333333333333333,,L_ROR,3200,3204
l_SW_BB_C14_A_SW_BB_C14_B;l_SW_BB_C14_B_SW_BB_C15_A;l_SW_BB_C14_B_SW_C14_M01_ACT,2,2,0.0021551724137931034,0,0.0,l_SW_BB_C14_B_SW_BB_C15_A,56,28,28.0,,L_ROR,3200,3256
l_SW_BB_C14_B_SW_C14_M01_ACT,1,1,0.0010775862068965517,0,0.0,l_SW_BB_C14_B_SW_C14_M01_ACT,0,0,0.0,,L_ROR,3200,3200
l_SW_BB_C14_B_SW_C14_M01_ACT;l_SW_BB_C15_A_SW_BB_C15_B,1,2,0.0021551724137931034,1,0.0010787486515641855,l_SW_BB_C15_A_SW_BB_C15_B,0,0,0.0,,L_ROR,3200,3200
l_SW_BB_C15_A_SW_C15_CC,3,3,0.003232758620689655,0,0.0,l_SW_BB_C15_A_SW_C15_CC,4,2,1.3333333333333333,,L_ROR,3200,3204
l_SW_BB_C15_A_SW_BB_C15_B;l_SW_BB_C15_B_SW_BB_C16_A;l_SW_BB_C15_B_SW_C15_M01_ACT,2,2,0.0021551724137931034,0,0.0,l_SW_BB_C15_B_SW_BB_C16_A,56,28,28.0,,L_ROR,3200,3256
l_SW_BB_C15_B_SW_C15_M01_ACT,1,1,0.0010775862068965517,0,0.0,l_SW_BB_C15_B_SW_C15_M01_ACT,0,0,0.0,,L_ROR,3200,3200
l_SW_BB_C15_B_SW_C15_M01_ACT;l_SW_BB_C16_A_SW_BB_C16_B,2,3,0.003232758620689655,1,0.0010799136069114472,l_SW_BB_C16_A_SW_BB_C16_B,0,0,0.0,l_SW_BB_C16_B_SW_C16_M01_ACT,L_ROR,3200,3200
l_SW_BB_C16_A_SW_C16_CC,4,4,0.004310344827586207,0,0.0,l_SW_BB_C16_A_SW_C16_CC,4,2,1.0,l_SW_BB_C16_B_SW_C16_M01_ACT,L_ROR,3200,3204
l_SW_C01_CC_SW_C01_M01_ACT,5,5,0.005387931034482759,0,0.0,l_SW_C01_CC_SW_C01_M01_ACT,8,2,1.6,,L_ROR,3200,3208
l_SW_C01_CC_SW_C01_M04_SENS,4,4,0.004310344827586207,0,0.0,l_SW_C01_CC_SW_C01_M04_SENS,24,9,6.0,l_SW_C01_M02_SENS_SW_C01_M03_ACT,L_ROR,3200,3224
l_SW_C01_M01_ACT_SW_C01_M01_CTRL,8,8,0.008620689655172414,0,0.0,l_SW_C01_M01_ACT_SW_C01_M01_CTRL,68,11,8.5,l_SW_C01_M02_SENS_SW_C01_M03_ACT,L_ROR,3200,3268
l_SW_C01_M01_CTRL_SW_C01_M01_SENS,10,11,0.011853448275862068,1,0.0010893246187363835,l_SW_C01_M01_CTRL_SW_C01_M01_SENS,94,11,8.545454545454545,l_SW_BB_C16_B_SW_C16_M01_ACT;l_SW_C01_M02_SENS_SW_C01_M03_ACT,L_ROR,3200,3294
l_SW_C01_M01_SENS_SW_C01_M02_ACT,2,2,0.0021551724137931034,0,0.0,l_SW_C01_M01_SENS_SW_C01_M02_ACT,6,3,3.0,l_SW_C01_M02_SENS_SW_C01_M03_ACT,L_ROR,3200,3206
l_SW_C01_M02_ACT_SW_C01_M02_CTRL,6,6,0.00646551724137931,0,0.0,l_SW_C01_M02_ACT_SW_C01_M02_CTRL,50,11,8.333333333333334,l_SW_C01_M02_SENS_SW_C01_M03_ACT,L_ROR,3200,3250
l_SW_C01_M02_CTRL_SW_C01_M02_SENS,8,8,0.008620689655172414,0,0.0,l_SW_C01_M02_CTRL_SW_C01_M02_SENS,88,11,11.0,l_SW_C01_M02_SENS_SW_C01_M03_ACT,L_ROR,3200,3288
l_SW_C01_M03_ACT_SW_C01_M03_CTRL,4,4,0.004310344827586207,0,0.0,l_SW_C01_M03_ACT_SW_C01_M03_CTRL,44,11,11.0,l_SW_C01_M02_SENS_SW_C01_M03_ACT,L_ROR,3200,3244
l_SW_C01_M03_CTRL_SW_C01_M03_SENS,10,10,0.010775862068965518,0,0.0,l_SW_C01_M03_CTRL_SW_C01_M03_SENS,94,11,9.4,l_SW_C01_M02_SENS_SW_C01_M03_ACT,L_ROR,3200,3294
l_SW_C01_M03_SENS_SW_C01_M04_ACT,2,2,0.0021551724137931034,0,0.0,l_SW_C01_M03_SENS_SW_C01_M04_ACT,6,3,3.0,l_SW_C01_M02_SENS_SW_C01_M03_ACT,L_ROR,3200,3206
l_SW_C01_M04_ACT_SW_C01_M04_CTRL,6,7,0.007543103448275862,1,0.0010845986984815619,l_SW_C01_M04_ACT_SW_C01_M04_CTRL,50,11,7.142857142857143,l_SW_BB_C16_B_SW_C16_M01_ACT;l_SW_C01_M02_SENS_SW_C01_M03_ACT,L_ROR,3200,3250
l_SW_C01_M04_CTRL_SW_C01_M04_SENS,12,13,0.014008620689655173,1,0.001091703056768559,l_SW_C01_M04_CTRL_SW_C01_M04_SENS,112,11,8.615384615384615,l_SW_BB_C16_B_SW_C16_M01_ACT;l_SW_C01_M02_SENS_SW_C01_M03_ACT,L_ROR,3200,3312
l_SW_C02_CC_SW_C02_M01_ACT,5,5,0.005387931034482759,0,0.0,l_SW_C02_CC_SW_C02_M01_ACT,8,2,1.6,,L_ROR,3200,3208
l_SW_C02_CC_SW_C02_M04_SENS,4,4,0.004310344827586207,0,0.0,l_SW_C02_CC_SW_C02_M04_SENS,24,9,6.0,l_SW_C02_M02_SENS_SW_C02_M03_ACT,L_ROR,3200,3224
l_SW_C02_M01_ACT_SW_C02_M01_CTRL,8,8,0.008620689655172414,0,0.0,l_SW_C02_M01_ACT_SW_C02_M01_CTRL,68,11,8.5,l_SW_C02_M02_SENS_SW_C02_M03_ACT,L_ROR,3200,3268
l_SW_C02_M01_CTRL_SW_C02_M01_SENS,10,10,0.010775862068965518,0,0.0,l_SW_C02_M01_CTRL_SW_C02_M01_SENS,94,11,9.4,l_SW_C02_M02_SENS_SW_C02_M03_ACT,L_ROR,3200,3294
l_SW_C02_M01_SENS_SW_C02_M02_ACT,2,2,0.0021551724137931034,0,0.0,l_SW_C02_M01_SENS_SW_C02_M02_ACT,6,3,3.0,l_SW_C02_M02_SENS_SW_C02_M03_ACT,L_ROR,3200,3206
l_SW_C02_M02_ACT_SW_C02_M02_CTRL,6,6,0.00646551724137931,0,0.0,l_SW_C02_M02_ACT_SW_C02_M02_CTRL,50,11,8.333333333333334,l_SW_C02_M02_SENS_SW_C02_M03_ACT,L_ROR,3200,3250
l_SW_C02_M02_CTRL_SW_C02_M02_SENS,8,8,0.008620689655172414,0,0.0,l_SW_C02_M02_CTRL_SW_C02_M02_SENS,88,11,11.0,l_SW_C02_M02_SENS_SW_C02_M03_ACT,L_ROR,3200,3288
l_SW_C02_M03_ACT_SW_C02_M03_CTRL,4,4,0.004310344827586207,0,0.0,l_SW_C02_M03_ACT_SW_C02_M03_CTRL,44,11,11.0,l_SW_C02_M02_SENS_SW_C02_M03_ACT,L_ROR,3200,3244
l_SW_C02_M03_CTRL_SW_C02_M03_SENS,10,10,0.010775862068965518,0,0.0,l_SW_C02_M03_CTRL_SW_C02_M03_SENS,94,11,9.4,l_SW_C02_M02_SENS_SW_C02_M03_ACT,L_ROR,3200,3294
l_SW_C02_M03_SENS_SW_C02_M04_ACT,2,2,0.0021551724137931034,0,0.0,l_SW_C02_M03_SENS_SW_C02_M04_ACT,6,3,3.0,l_SW_C02_M02_SENS_SW_C02_M03_ACT,L_ROR,3200,3206
l_SW_C02_M04_ACT_SW_C02_M04_CTRL,6,6,0.00646551724137931,0,0.0,l_SW_C02_M04_ACT_SW_C02_M04_CTRL,50,11,8.333333333333334,l_SW_C02_M02_SENS_SW_C02_M03_ACT,L_ROR,3200,3250
l_SW_C02_M04_CTRL_SW_C02_M04_SENS,12,12,0.01293103448275862,0,0.0,l_SW_C02_M04_CTRL_SW_C02_M04_SENS,112,11,9.333333333333334,l_SW_C02_M02_SENS_SW_C02_M03_ACT,L_ROR,3200,3312
l_SW_C03_CC_SW_C03_M01_ACT,5,5,0.005387931034482759,0,0.0,l_SW_C03_CC_SW_C03_M01_ACT,8,2,1.6,,L_ROR,3200,3208
l_SW_C03_CC_SW_C03_M04_SENS,4,4,0.004310344827586207,0,0.0,l_SW_C03_CC_SW_C03_M04_SENS,24,9,6.0,l_SW_C03_M02_SENS_SW_C03_M03_ACT,L_ROR,3200,3224
l_SW_C03_M01_ACT_SW_C03_M01_CTRL,8,8,0.008620689655172414,0,0.0,l_SW_C03_M01_ACT_SW_C03_M01_CTRL,68,11,8.5,l_SW_C03_M02_SENS_SW_C03_M03_ACT,L_ROR,3200,3268
l_SW_C03_M01_CTRL_SW_C03_M01_SENS,10,10,0.010775862068965518,0,0.0,l_SW_C03_M01_CTRL_SW_C03_M01_SENS,94,11,9.4,l_SW_C03_M02_SENS_SW_C03_M03_ACT,L_ROR,3200,3294
l_SW_C03_M01_SENS_SW_C03_M02_ACT,2,2,0.0021551724137931034,0,0.0,l_SW_C03_M01_SENS_SW_C03_M02_ACT,6,3,3.0,l_SW_C03_M02_SENS_SW_C03_M03_ACT,L_ROR,3200,3206
l_SW_C03_M02_ACT_SW_C03_M02_CTRL,6,6,0.00646551724137931,0,0.0,l_SW_C03_M02_ACT_SW_C03_M02_CTRL,50,11,8.333333333333334,l_SW_C03_M02_SENS_SW_C03_M03_ACT,L_ROR,3200,3250
l_SW_C03_M02_CTRL_SW_C03_M02_SENS,8,8,0.008620689655172414,0,0.0,l_SW_C03_M02_CTRL_SW_C03_M02_SENS,88,11,11.0,l_SW_C03_M02_SENS_SW_C03_M03_ACT,L_ROR,3200,3288
l_SW_C03_M03_ACT_SW_C03_M03_CTRL,4,4,0.004310344827586207,0,0.0,l_SW_C03_M03_ACT_SW_C03_M03_CTRL,44,11,11.0,l_SW_C03_M02_SENS_SW_C03_M03_ACT,L_ROR,3200,3244
l_SW_C03_M03_CTRL_SW_C03_M03_SENS,10,10,0.010775862068965518,0,0.0,l_SW_C03_M03_CTRL_SW_C03_M03_SENS,94,11,9.4,l_SW_C03_M02_SENS_SW_C03_M03_ACT,L_ROR,3200,3294
l_SW_C03_M03_SENS_SW_C03_M04_ACT,2,2,0.0021551724137931034,0,0.0,l_SW_C03_M03_SENS_SW_C03_M04_ACT,6,3,3.0,l_SW_C03_M02_SENS_SW_C03_M03_ACT,L_ROR,3200,3206
l_SW_C03_M04_ACT_SW_C03_M04_CTRL,6,6,0.00646551724137931,0,0.0,l_SW_C03_M04_ACT_SW_C03_M04_CTRL,50,11,8.333333333333334,l_SW_C03_M02_SENS_SW_C03_M03_ACT,L_ROR,3200,3250
l_SW_C03_M04_CTRL_SW_C03_M04_SENS,12,12,0.01293103448275862,0,0.0,l_SW_C03_M04_CTRL_SW_C03_M04_SENS,112,11,9.333333333333334,l_SW_C03_M02_SENS_SW_C03_M03_ACT,L_ROR,3200,3312
l_SW_C04_CC_SW_C04_M01_ACT,5,5,0.005387931034482759,0,0.0,l_SW_C04_CC_SW_C04_M01_ACT,8,2,1.6,,L_ROR,3200,3208
l_SW_C04_CC_SW_C04_M04_SENS,4,4,0.004310344827586207,0,0.0,l_SW_C04_CC_SW_C04_M04_SENS,24,9,6.0,l_SW_C04_M02_SENS_SW_C04_M03_ACT,L_ROR,3200,3224
l_SW_C04_M01_ACT_SW_C04_M01_CTRL,8,8,0.008620689655172414,0,0.0,l_SW_C04_M01_ACT_SW_C04_M01_CTRL,68,11,8.5,l_SW_C04_M02_SENS_SW_C04_M03_ACT,L_ROR,3200,3268
l_SW_C04_M01_CTRL_SW_C04_M01_SENS,10,10,0.010775862068965518,0,0.0,l_SW_C04_M01_CTRL_SW_C04_M01_SENS,94,11,9.4,l_SW_C04_M02_SENS_SW_C04_M03_ACT,L_ROR,3200,3294
l_SW_C04_M01_SENS_SW_C04_M02_ACT,2,2,0.0021551724137931034,0,0.0,l_SW_C04_M01_SENS_SW_C04_M02_ACT,6,3,3.0,l_SW_C04_M02_SENS_SW_C04_M03_ACT,L_ROR,3200,3206
l_SW_C04_M02_ACT_SW_C04_M02_CTRL,6,6,0.00646551724137931,0,0.0,l_SW_C04_M02_ACT_SW_C04_M02_CTRL,50,11,8.333333333333334,l_SW_C04_M02_SENS_SW_C04_M03_ACT,L_ROR,3200,3250
l_SW_C04_M02_CTRL_SW_C04_M02_SENS,8,8,0.008620689655172414,0,0.0,l_SW_C04_M02_CTRL_SW_C04_M02_SENS,88,11,11.0,l_SW_C04_M02_SENS_SW_C04_M03_ACT,L_ROR,3200,3288
l_SW_C04_M03_ACT_SW_C04_M03_CTRL,4,4,0.004310344827586207,0,0.0,l_SW_C04_M03_ACT_SW_C04_M03_CTRL,44,11,11.0,l_SW_C04_M02_SENS_SW_C04_M03_ACT,L_ROR,3200,3244
l_SW_C04_M03_CTRL_SW_C04_M03_SENS,10,10,0.010775862068965518,0,0.0,l_SW_C04_M03_CTRL_SW_C04_M03_SENS,94,11,9.4,l_SW_C04_M02_SENS_SW_C04_M03_ACT,L_ROR,3200,3294
l_SW_C04_M03_SENS_SW_C04_M04_ACT,2,2,0.0021551724137931034,0,0.0,l_SW_C04_M03_SENS_SW_C04_M04_ACT,6,3,3.0,l_SW_C04_M02_SENS_SW_C04_M03_ACT,L_ROR,3200,3206
l_SW_C04_M04_ACT_SW_C04_M04_CTRL,6,6,0.00646551724137931,0,0.0,l_SW_C04_M04_ACT_SW_C04_M04_CTRL,50,11,8.333333333333334,l_SW_C04_M02_SENS_SW_C04_M03_ACT,L_ROR,3200,3250
l_SW_C04_M04_CTRL_SW_C04_M04_SENS,12,12,0.01293103448275862,0,0.0,l_SW_C04_M04_CTRL_SW_C04_M04_SENS,112,11,9.333333333333334,l_SW_C04_M02_SENS_SW_C04_M03_ACT,L_ROR,3200,3312
l_SW_C05_CC_SW_C05_M01_ACT,5,5,0.005387931034482759,0,0.0,l_SW_C05_CC_SW_C05_M01_ACT,8,2,1.6,,L_ROR,3200,3208
l_SW_C05_CC_SW_C05_M04_SENS,4,4,0.004310344827586207,0,0.0,l_SW_C05_CC_SW_C05_M04_SENS,24,9,6.0,l_SW_C05_M02_SENS_SW_C05_M03_ACT,L_ROR,3200,3224
l_SW_C05_M01_ACT_SW_C05_M01_CTRL,8,8,0.008620689655172414,0,0.0,l_SW_C05_M01_ACT_SW_C05_M01_CTRL,68,11,8.5,l_SW_C05_M02_SENS_SW_C05_M03_ACT,L_ROR,3200,3268
l_SW_C05_M01_CTRL_SW_C05_M01_SENS,10,10,0.010775862068965518,0,0.0,l_SW_C05_M01_CTRL_SW_C05_M01_SENS,94,11,9.4,l_SW_C05_M02_SENS_SW_C05_M03_ACT,L_ROR,3200,3294
l_SW_C05_M01_SENS_SW_C05_M02_ACT,2,2,0.0021551724137931034,0,0.0,l_SW_C05_M01_SENS_SW_C05_M02_ACT,6,3,3.0,l_SW_C05_M02_SENS_SW_C05_M03_ACT,L_ROR,3200,3206
l_SW_C05_M02_ACT_SW_C05_M02_CTRL,6,6,0.00646551724137931,0,0.0,l_SW_C05_M02_ACT_SW_C05_M02_CTRL,50,11,8.333333333333334,l_SW_C05_M02_SENS_SW_C05_M03_ACT,L_ROR,3200,3250
l_SW_C05_M02_CTRL_SW_C05_M02_SENS,8,8,0.008620689655172414,0,0.0,l_SW_C05_M02_CTRL_SW_C05_M02_SENS,88,11,11.0,l_SW_C05_M02_SENS_SW_C05_M03_ACT,L_ROR,3200,3288
l_SW_C05_M03_ACT_SW_C05_M03_CTRL,4,4,0.004310344827586207,0,0.0,l_SW_C05_M03_ACT_SW_C05_M03_CTRL,44,11,11.0,l_SW_C05_M02_SENS_SW_C05_M03_ACT,L_ROR,3200,3244
l_SW_C05_M03_CTRL_SW_C05_M03_SENS,10,10,0.010775862068965518,0,0.0,l_SW_C05_M03_CTRL_SW_C05_M03_SENS,94,11,9.4,l_SW_C05_M02_SENS_SW_C05_M03_ACT,L_ROR,3200,3294
l_SW_C05_M03_SENS_SW_C05_M04_ACT,2,2,0.0021551724137931034,0,0.0,l_SW_C05_M03_SENS_SW_C05_M04_ACT,6,3,3.0,l_SW_C05_M02_SENS_SW_C05_M03_ACT,L_ROR,3200,3206
l_SW_C05_M04_ACT_SW_C05_M04_CTRL,6,6,0.00646551724137931,0,0.0,l_SW_C05_M04_ACT_SW_C05_M04_CTRL,50,11,8.333333333333334,l_SW_C05_M02_SENS_SW_C05_M03_ACT,L_ROR,3200,3250
l_SW_C05_M04_CTRL_SW_C05_M04_SENS,12,12,0.01293103448275862,0,0.0,l_SW_C05_M04_CTRL_SW_C05_M04_SENS,112,11,9.333333333333334,l_SW_C05_M02_SENS_SW_C05_M03_ACT,L_ROR,3200,3312
l_SW_C06_CC_SW_C06_M01_ACT,5,5,0.005387931034482759,0,0.0,l_SW_C06_CC_SW_C06_M01_ACT,8,2,1.6,,L_ROR,3200,3208
l_SW_C06_CC_SW_C06_M04_SENS,4,4,0.004310344827586207,0,0.0,l_SW_C06_CC_SW_C06_M04_SENS,24,9,6.0,l_SW_C06_M02_SENS_SW_C06_M03_ACT,L_ROR,3200,3224
l_SW_C06_M01_ACT_SW_C06_M01_CTRL,8,8,0.008620689655172414,0,0.0,l_SW_C06_M01_ACT_SW_C06_M01_CTRL,68,11,8.5,l_SW_C06_M02_SENS_SW_C06_M03_ACT,L_ROR,3200,3268
l_SW_C06_M01_CTRL_SW_C06_M01_SENS,10,10,0.010775862068965518,0,0.0,l_SW_C06_M01_CTRL_SW_C06_M01_SENS,94,11,9.4,l_SW_C06_M02_SENS_SW_C06_M03_ACT,L_ROR,3200,3294
l_SW_C06_M01_SENS_SW_C06_M02_ACT,2,2,0.0021551724137931034,0,0.0,l_SW_C06_M01_SENS_SW_C06_M02_ACT,6,3,3.0,l_SW_C06_M02_SENS_SW_C06_M03_ACT,L_ROR,3200,3206
l_SW_C06_M02_ACT_SW_C06_M02_CTRL,6,6,0.00646551724137931,0,0.0,l_SW_C06_M02_ACT_SW_C06_M02_CTRL,50,11,8.333333333333334,l_SW_C06_M02_SENS_SW_C06_M03_ACT,L_ROR,3200,3250
l_SW_C06_M02_CTRL_SW_C06_M02_SENS,8,8,0.008620689655172414,0,0.0,l_SW_C06_M02_CTRL_SW_C06_M02_SENS,88,11,11.0,l_SW_C06_M02_SENS_SW_C06_M03_ACT,L_ROR,3200,3288
l_SW_C06_M03_ACT_SW_C06_M03_CTRL,4,4,0.004310344827586207,0,0.0,l_SW_C06_M03_ACT_SW_C06_M03_CTRL,44,11,11.0,l_SW_C06_M02_SENS_SW_C06_M03_ACT,L_ROR,3200,3244
l_SW_C06_M03_CTRL_SW_C06_M03_SENS,10,10,0.010775862068965518,0,0.0,l_SW_C06_M03_CTRL_SW_C06_M03_SENS,94,11,9.4,l_SW_C06_M02_SENS_SW_C06_M03_ACT,L_ROR,3200,3294
l_SW_C06_M03_SENS_SW_C06_M04_ACT,2,2,0.0021551724137931034,0,0.0,l_SW_C06_M03_SENS_SW_C06_M04_ACT,6,3,3.0,l_SW_C06_M02_SENS_SW_C06_M03_ACT,L_ROR,3200,3206
l_SW_C06_M04_ACT_SW_C06_M04_CTRL,6,6,0.00646551724137931,0,0.0,l_SW_C06_M04_ACT_SW_C06_M04_CTRL,50,11,8.333333333333334,l_SW_C06_M02_SENS_SW_C06_M03_ACT,L_ROR,3200,3250
l_SW_C06_M04_CTRL_SW_C06_M04_SENS,12,12,0.01293103448275862,0,0.0,l_SW_C06_M04_CTRL_SW_C06_M04_SENS,112,11,9.333333333333334,l_SW_C06_M02_SENS_SW_C06_M03_ACT,L_ROR,3200,3312
l_SW_C07_CC_SW_C07_M01_ACT,5,5,0.005387931034482759,0,0.0,l_SW_C07_CC_SW_C07_M01_ACT,8,2,1.6,,L_ROR,3200,3208
l_SW_C07_CC_SW_C07_M04_SENS,4,4,0.004310344827586207,0,0.0,l_SW_C07_CC_SW_C07_M04_SENS,24,9,6.0,l_SW_C07_M02_SENS_SW_C07_M03_ACT,L_ROR,3200,3224
l_SW_C07_M01_ACT_SW_C07_M01_CTRL,8,8,0.008620689655172414,0,0.0,l_SW_C07_M01_ACT_SW_C07_M01_CTRL,68,11,8.5,l_SW_C07_M02_SENS_SW_C07_M03_ACT,L_ROR,3200,3268
l_SW_C07_M01_CTRL_SW_C07_M01_SENS,10,10,0.010775862068965518,0,0.0,l_SW_C07_M01_CTRL_SW_C07_M01_SENS,94,11,9.4,l_SW_C07_M02_SENS_SW_C07_M03_ACT,L_ROR,3200,3294
l_SW_C07_M01_SENS_SW_C07_M02_ACT,2,2,0.0021551724137931034,0,0.0,l_SW_C07_M01_SENS_SW_C07_M02_ACT,6,3,3.0,l_SW_C07_M02_SENS_SW_C07_M03_ACT,L_ROR,3200,3206
l_SW_C07_M02_ACT_SW_C07_M02_CTRL,6,6,0.00646551724137931,0,0.0,l_SW_C07_M02_ACT_SW_C07_M02_CTRL,50,11,8.333333333333334,l_SW_C07_M02_SENS_SW_C07_M03_ACT,L_ROR,3200,3250
l_SW_C07_M02_CTRL_SW_C07_M02_SENS,8,8,0.008620689655172414,0,0.0,l_SW_C07_M02_CTRL_SW_C07_M02_SENS,88,11,11.0,l_SW_C07_M02_SENS_SW_C07_M03_ACT,L_ROR,3200,3288
l_SW_C07_M03_ACT_SW_C07_M03_CTRL,4,4,0.004310344827586207,0,0.0,l_SW_C07_M03_ACT_SW_C07_M03_CTRL,44,11,11.0,l_SW_C07_M02_SENS_SW_C07_M03_ACT,L_ROR,3200,3244
l_SW_C07_M03_CTRL_SW_C07_M03_SENS,10,10,0.010775862068965518,0,0.0,l_SW_C07_M03_CTRL_SW_C07_M03_SENS,94,11,9.4,l_SW_C07_M02_SENS_SW_C07_M03_ACT,L_ROR,3200,3294
l_SW_C07_M03_SENS_SW_C07_M04_ACT,2,2,0.0021551724137931034,0,0.0,l_SW_C07_M03_SENS_SW_C07_M04_ACT,6,3,3.0,l_SW_C07_M02_SENS_SW_C07_M03_ACT,L_ROR,3200,3206
l_SW_C07_M04_ACT_SW_C07_M04_CTRL,6,6,0.00646551724137931,0,0.0,l_SW_C07_M04_ACT_SW_C07_M04_CTRL,50,11,8.333333333333334,l_SW_C07_M02_SENS_SW_C07_M03_ACT,L_ROR,3200,3250
l_SW_C07_M04_CTRL_SW_C07_M04_SENS,12,12,0.01293103448275862,0,0.0,l_SW_C07_M04_CTRL_SW_C07_M04_SENS,112,11,9.333333333333334,l_SW_C07_M02_SENS_SW_C07_M03_ACT,L_ROR,3200,3312
l_SW_C08_CC_SW_C08_M01_ACT,5,5,0.005387931034482759,0,0.0,l_SW_C08_CC_SW_C08_M01_ACT,8,2,1.6,,L_ROR,3200,3208
l_SW_C08_CC_SW_C08_M04_SENS,4,4,0.004310344827586207,0,0.0,l_SW_C08_CC_SW_C08_M04_SENS,24,9,6.0,l_SW_C08_M02_SENS_SW_C08_M03_ACT,L_ROR,3200,3224
l_SW_C08_M01_ACT_SW_C08_M01_CTRL,8,8,0.008620689655172414,0,0.0,l_SW_C08_M01_ACT_SW_C08_M01_CTRL,68,11,8.5,l_SW_C08_M02_SENS_SW_C08_M03_ACT,L_ROR,3200,3268
l_SW_C08_M01_CTRL_SW_C08_M01_SENS,10,10,0.010775862068965518,0,0.0,l_SW_C08_M01_CTRL_SW_C08_M01_SENS,94,11,9.4,l_SW_C08_M02_SENS_SW_C08_M03_ACT,L_ROR,3200,3294
l_SW_C08_M01_SENS_SW_C08_M02_ACT,2,2,0.0021551724137931034,0,0.0,l_SW_C08_M01_SENS_SW_C08_M02_ACT,6,3,3.0,l_SW_C08_M02_SENS_SW_C08_M03_ACT,L_ROR,3200,3206
l_SW_C08_M02_ACT_SW_C08_M02_CTRL,6,6,0.00646551724137931,0,0.0,l_SW_C08_M02_ACT_SW_C08_M02_CTRL,50,11,8.333333333333334,l_SW_C08_M02_SENS_SW_C08_M03_ACT,L_ROR,3200,3250
l_SW_C08_M02_CTRL_SW_C08_M02_SENS,8,8,0.008620689655172414,0,0.0,l_SW_C08_M02_CTRL_SW_C08_M02_SENS,88,11,11.0,l_SW_C08_M02_SENS_SW_C08_M03_ACT,L_ROR,3200,3288
l_SW_C08_M03_ACT_SW_C08_M03_CTRL,4,4,0.004310344827586207,0,0.0,l_SW_C08_M03_ACT_SW_C08_M03_CTRL,44,11,11.0,l_SW_C08_M02_SENS_SW_C08_M03_ACT,L_ROR,3200,3244
l_SW_C08_M03_CTRL_SW_C08_M03_SENS,10,10,0.010775862068965518,0,0.0,l_SW_C08_M03_CTRL_SW_C08_M03_SENS,94,11,9.4,l_SW_C08_M02_SENS_SW_C08_M03_ACT,L_ROR,3200,3294
l_SW_C08_M03_SENS_SW_C08_M04_ACT,2,2,0.0021551724137931034,0,0.0,l_SW_C08_M03_SENS_SW_C08_M04_ACT,6,3,3.0,l_SW_C08_M02_SENS_SW_C08_M03_ACT,L_ROR,3200,3206
l_SW_C08_M04_ACT_SW_C08_M04_CTRL,6,6,0.00646551724137931,0,0.0,l_SW_C08_M04_ACT_SW_C08_M04_CTRL,50,11,8.333333333333334,l_SW_C08_M02_SENS_SW_C08_M03_ACT,L_ROR,3200,3250
l_SW_C08_M04_CTRL_SW_C08_M04_SENS,12,12,0.01293103448275862,0,0.0,l_SW_C08_M04_CTRL_SW_C08_M04_SENS,112,11,9.333333333333334,l_SW_C08_M02_SENS_SW_C08_M03_ACT,L_ROR,3200,3312
l_SW_C09_CC_SW_C09_M01_ACT,5,5,0.005387931034482759,0,0.0,l_SW_C09_CC_SW_C09_M01_ACT,8,2,1.6,,L_ROR,3200,3208
l_SW_C09_CC_SW_C09_M04_SENS,4,4,0.004310344827586207,0,0.0,l_SW_C09_CC_SW_C09_M04_SENS,24,9,6.0,l_SW_C09_M02_SENS_SW_C09_M03_ACT,L_ROR,3200,3224
l_SW_C09_M01_ACT_SW_C09_M01_CTRL,8,8,0.008620689655172414,0,0.0,l_SW_C09_M01_ACT_SW_C09_M01_CTRL,68,11,8.5,l_SW_C09_M02_SENS_SW_C09_M03_ACT,L_ROR,3200,3268
l_SW_C09_M01_CTRL_SW_C09_M01_SENS,10,10,0.010775862068965518,0,0.0,l_SW_C09_M01_CTRL_SW_C09_M01_SENS,94,11,9.4,l_SW_C09_M02_SENS_SW_C09_M03_ACT,L_ROR,3200,3294
l_SW_C09_M01_SENS_SW_C09_M02_ACT,2,2,0.0021551724137931034,0,0.0,l_SW_C09_M01_SENS_SW_C09_M02_ACT,6,3,3.0,l_SW_C09_M02_SENS_SW_C09_M03_ACT,L_ROR,3200,3206
l_SW_C09_M02_ACT_SW_C09_M02_CTRL,6,6,0.00646551724137931,0,0.0,l_SW_C09_M02_ACT_SW_C09_M02_CTRL,50,11,8.333333333333334,l_SW_C09_M02_SENS_SW_C09_M03_ACT,L_ROR,3200,3250
l_SW_C09_M02_CTRL_SW_C09_M02_SENS,8,8,0.008620689655172414,0,0.0,l_SW_C09_M02_CTRL_SW_C09_M02_SENS,88,11,11.0,l_SW_C09_M02_SENS_SW_C09_M03_ACT,L_ROR,3200,3288
l_SW_C09_M03_ACT_SW_C09_M03_CTRL,4,4,0.004310344827586207,0,0.0,l_SW_C09_M03_ACT_SW_C09_M03_CTRL,44,11,11.0,l_SW_C09_M02_SENS_SW_C09_M03_ACT,L_ROR,3200,3244
l_SW_C09_M03_CTRL_SW_C09_M03_SENS,10,10,0.010775862068965518,0,0.0,l_SW_C09_M03_CTRL_SW_C09_M03_SENS,94,11,9.4,l_SW_C09_M02_SENS_SW_C09_M03_ACT,L_ROR,3200,3294
l_SW_C09_M03_SENS_SW_C09_M04_ACT,2,2,0.0021551724137931034,0,0.0,l_SW_C09_M03_SENS_SW_C09_M04_ACT,6,3,3.0,l_SW_C09_M02_SENS_SW_C09_M03_ACT,L_ROR,3200,3206
l_SW_C09_M04_ACT_SW_C09_M04_CTRL,6,6,0.00646551724137931,0,0.0,l_SW_C09_M04_ACT_SW_C09_M04_CTRL,50,11,8.333333333333334,l_SW_C09_M02_SENS_SW_C09_M03_ACT,L_ROR,3200,3250
l_SW_C09_M04_CTRL_SW_C09_M04_SENS,12,12,0.01293103448275862,0,0.0,l_SW_C09_M04_CTRL_SW_C09_M04_SENS,112,11,9.333333333333334,l_SW_C09_M02_SENS_SW_C09_M03_ACT,L_ROR,3200,3312
l_SW_C10_CC_SW_C10_M01_ACT,5,5,0.005387931034482759,0,0.0,l_SW_C10_CC_SW_C10_M01_ACT,8,2,1.6,,L_ROR,3200,3208
l_SW_C10_CC_SW_C10_M04_SENS,4,4,0.004310344827586207,0,0.0,l_SW_C10_CC_SW_C10_M04_SENS,24,9,6.0,l_SW_C10_M02_SENS_SW_C10_M03_ACT,L_ROR,3200,3224
l_SW_C10_M01_ACT_SW_C10_M01_CTRL,8,8,0.008620689655172414,0,0.0,l_SW_C10_M01_ACT_SW_C10_M01_CTRL,68,11,8.5,l_SW_C10_M02_SENS_SW_C10_M03_ACT,L_ROR,3200,3268
l_SW_C10_M01_CTRL_SW_C10_M01_SENS,10,10,0.010775862068965518,0,0.0,l_SW_C10_M01_CTRL_SW_C10_M01_SENS,94,11,9.4,l_SW_C10_M02_SENS_SW_C10_M03_ACT,L_ROR,3200,3294
l_SW_C10_M01_SENS_SW_C10_M02_ACT,2,2,0.0021551724137931034,0,0.0,l_SW_C10_M01_SENS_SW_C10_M02_ACT,6,3,3.0,l_SW_C10_M02_SENS_SW_C10_M03_ACT,L_ROR,3200,3206
l_SW_C10_M02_ACT_SW_C10_M02_CTRL,6,6,0.00646551724137931,0,0.0,l_SW_C10_M02_ACT_SW_C10_M02_CTRL,50,11,8.333333333333334,l_SW_C10_M02_SENS_SW_C10_M03_ACT,L_ROR,3200,3250
l_SW_C10_M02_CTRL_SW_C10_M02_SENS,8,8,0.008620689655172414,0,0.0,l_SW_C10_M02_CTRL_SW_C10_M02_SENS,88,11,11.0,l_SW_C10_M02_SENS_SW_C10_M03_ACT,L_ROR,3200,3288
l_SW_C10_M03_ACT_SW_C10_M03_CTRL,4,4,0.004310344827586207,0,0.0,l_SW_C10_M03_ACT_SW_C10_M03_CTRL,44,11,11.0,l_SW_C10_M02_SENS_SW_C10_M03_ACT,L_ROR,3200,3244
l_SW_C10_M03_CTRL_SW_C10_M03_SENS,10,10,0.010775862068965518,0,0.0,l_SW_C10_M03_CTRL_SW_C10_M03_SENS,94,11,9.4,l_SW_C10_M02_SENS_SW_C10_M03_ACT,L_ROR,3200,3294
l_SW_C10_M03_SENS_SW_C10_M04_ACT,2,2,0.0021551724137931034,0,0.0,l_SW_C10_M03_SENS_SW_C10_M04_ACT,6,3,3.0,l_SW_C10_M02_SENS_SW_C10_M03_ACT,L_ROR,3200,3206
l_SW_C10_M04_ACT_SW_C10_M04_CTRL,6,6,0.00646551724137931,0,0.0,l_SW_C10_M04_ACT_SW_C10_M04_CTRL,50,11,8.333333333333334,l_SW_C10_M02_SENS_SW_C10_M03_ACT,L_ROR,3200,3250
l_SW_C10_M04_CTRL_SW_C10_M04_SENS,12,12,0.01293103448275862,0,0.0,l_SW_C10_M04_CTRL_SW_C10_M04_SENS,112,11,9.333333333333334,l_SW_C10_M02_SENS_SW_C10_M03_ACT,L_ROR,3200,3312
l_SW_C11_CC_SW_C11_M01_ACT,5,5,0.005387931034482759,0,0.0,l_SW_C11_CC_SW_C11_M01_ACT,8,2,1.6,,L_ROR,3200,3208
l_SW_C11_CC_SW_C11_M04_SENS,4,4,0.004310344827586207,0,0.0,l_SW_C11_CC_SW_C11_M04_SENS,24,9,6.0,l_SW_C11_M02_SENS_SW_C11_M03_ACT,L_ROR,3200,3224
l_SW_C11_M01_ACT_SW_C11_M01_CTRL,8,8,0.008620689655172414,0,0.0,l_SW_C11_M01_ACT_SW_C11_M01_CTRL,68,11,8.5,l_SW_C11_M02_SENS_SW_C11_M03_ACT,L_ROR,3200,3268
l_SW_C11_M01_CTRL_SW_C11_M01_SENS,10,10,0.010775862068965518,0,0.0,l_SW_C11_M01_CTRL_SW_C11_M01_SENS,94,11,9.4,l_SW_C11_M02_SENS_SW_C11_M03_ACT,L_ROR,3200,3294
l_SW_C11_M01_SENS_SW_C11_M02_ACT,2,2,0.0021551724137931034,0,0.0,l_SW_C11_M01_SENS_SW_C11_M02_ACT,6,3,3.0,l_SW_C11_M02_SENS_SW_C11_M03_ACT,L_ROR,3200,3206
l_SW_C11_M02_ACT_SW_C11_M02_CTRL,6,6,0.00646551724137931,0,0.0,l_SW_C11_M02_ACT_SW_C11_M02_CTRL,50,11,8.333333333333334,l_SW_C11_M02_SENS_SW_C11_M03_ACT,L_ROR,3200,3250
l_SW_C11_M02_CTRL_SW_C11_M02_SENS,8,8,0.008620689655172414,0,0.0,l_SW_C11_M02_CTRL_SW_C11_M02_SENS,88,11,11.0,l_SW_C11_M02_SENS_SW_C11_M03_ACT,L_ROR,3200,3288
l_SW_C11_M03_ACT_SW_C11_M03_CTRL,4,4,0.004310344827586207,0,0.0,l_SW_C11_M03_ACT_SW_C11_M03_CTRL,44,11,11.0,l_SW_C11_M02_SENS_SW_C11_M03_ACT,L_ROR,3200,3244
l_SW_C11_M03_CTRL_SW_C11_M03_SENS,10,10,0.010775862068965518,0,0.0,l_SW_C11_M03_CTRL_SW_C11_M03_SENS,94,11,9.4,l_SW_C11_M02_SENS_SW_C11_M03_ACT,L_ROR,3200,3294
l_SW_C11_M03_SENS_SW_C11_M04_ACT,2,2,0.0021551724137931034,0,0.0,l_SW_C11_M03_SENS_SW_C11_M04_ACT,6,3,3.0,l_SW_C11_M02_SENS_SW_C11_M03_ACT,L_ROR,3200,3206
l_SW_C11_M04_ACT_SW_C11_M04_CTRL,6,6,0.00646551724137931,0,0.0,l_SW_C11_M04_ACT_SW_C11_M04_CTRL,50,11,8.333333333333334,l_SW_C11_M02_SENS_SW_C11_M03_ACT,L_ROR,3200,3250
l_SW_C11_M04_CTRL_SW_C11_M04_SENS,12,12,0.01293103448275862,0,0.0,l_SW_C11_M04_CTRL_SW_C11_M04_SENS,112,11,9.333333333333334,l_SW_C11_M02_SENS_SW_C11_M03_ACT,L_ROR,3200,3312
l_SW_C12_CC_SW_C12_M01_ACT,5,5,0.005387931034482759,0,0.0,l_SW_C12_CC_SW_C12_M01_ACT,8,2,1.6,,L_ROR,3200,3208
l_SW_C12_CC_SW_C12_M04_SENS,4,4,0.004310344827586207,0,0.0,l_SW_C12_CC_SW_C12_M04_SENS,24,9,6.0,l_SW_C12_M02_SENS_SW_C12_M03_ACT,L_ROR,3200,3224
l_SW_C12_M01_ACT_SW_C12_M01_CTRL,8,8,0.008620689655172414,0,0.0,l_SW_C12_M01_ACT_SW_C12_M01_CTRL,68,11,8.5,l_SW_C12_M02_SENS_SW_C12_M03_ACT,L_ROR,3200,3268
l_SW_C12_M01_CTRL_SW_C12_M01_SENS,10,10,0.010775862068965518,0,0.0,l_SW_C12_M01_CTRL_SW_C12_M01_SENS,94,11,9.4,l_SW_C12_M02_SENS_SW_C12_M03_ACT,L_ROR,3200,3294
l_SW_C12_M01_SENS_SW_C12_M02_ACT,2,2,0.0021551724137931034,0,0.0,l_SW_C12_M01_SENS_SW_C12_M02_ACT,6,3,3.0,l_SW_C12_M02_SENS_SW_C12_M03_ACT,L_ROR,3200,3206
l_SW_C12_M02_ACT_SW_C12_M02_CTRL,6,6,0.00646551724137931,0,0.0,l_SW_C12_M02_ACT_SW_C12_M02_CTRL,50,11,8.333333333333334,l_SW_C12_M02_SENS_SW_C12_M03_ACT,L_ROR,3200,3250
l_SW_C12_M02_CTRL_SW_C12_M02_SENS,8,8,0.008620689655172414,0,0.0,l_SW_C12_M02_CTRL_SW_C12_M02_SENS,88,11,11.0,l_SW_C12_M02_SENS_SW_C12_M03_ACT,L_ROR,3200,3288
l_SW_C12_M03_ACT_SW_C12_M03_CTRL,4,4,0.004310344827586207,0,0.0,l_SW_C12_M03_ACT_SW_C12_M03_CTRL,44,11,11.0,l_SW_C12_M02_SENS_SW_C12_M03_ACT,L_ROR,3200,3244
l_SW_C12_M03_CTRL_SW_C12_M03_SENS,10,10,0.010775862068965518,0,0.0,l_SW_C12_M03_CTRL_SW_C12_M03_SENS,94,11,9.4,l_SW_C12_M02_SENS_SW_C12_M03_ACT,L_ROR,3200,3294
l_SW_C12_M03_SENS_SW_C12_M04_ACT,2,2,0.0021551724137931034,0,0.0,l_SW_C12_M03_SENS_SW_C12_M04_ACT,6,3,3.0,l_SW_C12_M02_SENS_SW_C12_M03_ACT,L_ROR,3200,3206
l_SW_C12_M04_ACT_SW_C12_M04_CTRL,6,6,0.00646551724137931,0,0.0,l_SW_C12_M04_ACT_SW_C12_M04_CTRL,50,11,8.333333333333334,l_SW_C12_M02_SENS_SW_C12_M03_ACT,L_ROR,3200,3250
l_SW_C12_M04_CTRL_SW_C12_M04_SENS,12,12,0.01293103448275862,0,0.0,l_SW_C12_M04_CTRL_SW_C12_M04_SENS,112,11,9.333333333333334,l_SW_C12_M02_SENS_SW_C12_M03_ACT,L_ROR,3200,3312
l_SW_C13_CC_SW_C13_M01_ACT,5,5,0.005387931034482759,0,0.0,l_SW_C13_CC_SW_C13_M01_ACT,8,2,1.6,,L_ROR,3200,3208
l_SW_C13_CC_SW_C13_M04_SENS,4,4,0.004310344827586207,0,0.0,l_SW_C13_CC_SW_C13_M04_SENS,24,9,6.0,l_SW_C13_M02_SENS_SW_C13_M03_ACT,L_ROR,3200,3224
l_SW_C13_M01_ACT_SW_C13_M01_CTRL,8,8,0.008620689655172414,0,0.0,l_SW_C13_M01_ACT_SW_C13_M01_CTRL,68,11,8.5,l_SW_C13_M02_SENS_SW_C13_M03_ACT,L_ROR,3200,3268
l_SW_C13_M01_CTRL_SW_C13_M01_SENS,10,10,0.010775862068965518,0,0.0,l_SW_C13_M01_CTRL_SW_C13_M01_SENS,94,11,9.4,l_SW_C13_M02_SENS_SW_C13_M03_ACT,L_ROR,3200,3294
l_SW_C13_M01_SENS_SW_C13_M02_ACT,2,2,0.0021551724137931034,0,0.0,l_SW_C13_M01_SENS_SW_C13_M02_ACT,6,3,3.0,l_SW_C13_M02_SENS_SW_C13_M03_ACT,L_ROR,3200,3206
l_SW_C13_M02_ACT_SW_C13_M02_CTRL,6,6,0.00646551724137931,0,0.0,l_SW_C13_M02_ACT_SW_C13_M02_CTRL,50,11,8.333333333333334,l_SW_C13_M02_SENS_SW_C13_M03_ACT,L_ROR,3200,3250
l_SW_C13_M02_CTRL_SW_C13_M02_SENS,8,8,0.008620689655172414,0,0.0,l_SW_C13_M02_CTRL_SW_C13_M02_SENS,88,11,11.0,l_SW_C13_M02_SENS_SW_C13_M03_ACT,L_ROR,3200,3288
l_SW_C13_M03_ACT_SW_C13_M03_CTRL,4,4,0.004310344827586207,0,0.0,l_SW_C13_M03_ACT_SW_C13_M03_CTRL,44,11,11.0,l_SW_C13_M02_SENS_SW_C13_M03_ACT,L_ROR,3200,3244
l_SW_C13_M03_CTRL_SW_C13_M03_SENS,10,10,0.010775862068965518,0,0.0,l_SW_C13_M03_CTRL_SW_C13_M03_SENS,94,11,9.4,l_SW_C13_M02_SENS_SW_C13_M03_ACT,L_ROR,3200,3294
l_SW_C13_M03_SENS_SW_C13_M04_ACT,2,2,0.0021551724137931034,0,0.0,l_SW_C13_M03_SENS_SW_C13_M04_ACT,6,3,3.0,l_SW_C13_M02_SENS_SW_C13_M03_ACT,L_ROR,3200,3206
l_SW_C13_M04_ACT_SW_C13_M04_CTRL,6,6,0.00646551724137931,0,0.0,l_SW_C13_M04_ACT_SW_C13_M04_CTRL,50,11,8.333333333333334,l_SW_C13_M02_SENS_SW_C13_M03_ACT,L_ROR,3200,3250
l_SW_C13_M04_CTRL_SW_C13_M04_SENS,12,12,0.01293103448275862,0,0.0,l_SW_C13_M04_CTRL_SW_C13_M04_SENS,112,11,9.333333333333334,l_SW_C13_M02_SENS_SW_C13_M03_ACT,L_ROR,3200,3312
l_SW_C14_CC_SW_C14_M01_ACT,5,5,0.005387931034482759,0,0.0,l_SW_C14_CC_SW_C14_M01_ACT,8,2,1.6,,L_ROR,3200,3208
l_SW_C14_CC_SW_C14_M04_SENS,4,4,0.004310344827586207,0,0.0,l_SW_C14_CC_SW_C14_M04_SENS,24,9,6.0,l_SW_C14_M02_SENS_SW_C14_M03_ACT,L_ROR,3200,3224
l_SW_C14_M01_ACT_SW_C14_M01_CTRL,8,8,0.008620689655172414,0,0.0,l_SW_C14_M01_ACT_SW_C14_M01_CTRL,68,11,8.5,l_SW_C14_M02_SENS_SW_C14_M03_ACT,L_ROR,3200,3268
l_SW_C14_M01_CTRL_SW_C14_M01_SENS,10,10,0.010775862068965518,0,0.0,l_SW_C14_M01_CTRL_SW_C14_M01_SENS,94,11,9.4,l_SW_C14_M02_SENS_SW_C14_M03_ACT,L_ROR,3200,3294
l_SW_C14_M01_SENS_SW_C14_M02_ACT,2,2,0.0021551724137931034,0,0.0,l_SW_C14_M01_SENS_SW_C14_M02_ACT,6,3,3.0,l_SW_C14_M02_SENS_SW_C14_M03_ACT,L_ROR,3200,3206
l_SW_C14_M02_ACT_SW_C14_M02_CTRL,6,6,0.00646551724137931,0,0.0,l_SW_C14_M02_ACT_SW_C14_M02_CTRL,50,11,8.333333333333334,l_SW_C14_M02_SENS_SW_C14_M03_ACT,L_ROR,3200,3250
l_SW_C14_M02_CTRL_SW_C14_M02_SENS,8,8,0.008620689655172414,0,0.0,l_SW_C14_M02_CTRL_SW_C14_M02_SENS,88,11,11.0,l_SW_C14_M02_SENS_SW_C14_M03_ACT,L_ROR,3200,3288
l_SW_C14_M03_ACT_SW_C14_M03_CTRL,4,4,0.004310344827586207,0,0.0,l_SW_C14_M03_ACT_SW_C14_M03_CTRL,44,11,11.0,l_SW_C14_M02_SENS_SW_C14_M03_ACT,L_ROR,3200,3244
l_SW_C14_M03_CTRL_SW_C14_M03_SENS,10,10,0.010775862068965518,0,0.0,l_SW_C14_M03_CTRL_SW_C14_M03_SENS,94,11,9.4,l_SW_C14_M02_SENS_SW_C14_M03_ACT,L_ROR,3200,3294
l_SW_C14_M03_SENS_SW_C14_M04_ACT,2,2,0.0021551724137931034,0,0.0,l_SW_C14_M03_SENS_SW_C14_M04_ACT,6,3,3.0,l_SW_C14_M02_SENS_SW_C14_M03_ACT,L_ROR,3200,3206
l_SW_C14_M04_ACT_SW_C14_M04_CTRL,6,6,0.00646551724137931,0,0.0,l_SW_C14_M04_ACT_SW_C14_M04_CTRL,50,11,8.333333333333334,l_SW_C14_M02_SENS_SW_C14_M03_ACT,L_ROR,3200,3250
l_SW_C14_M04_CTRL_SW_C14_M04_SENS,12,12,0.01293103448275862,0,0.0,l_SW_C14_M04_CTRL_SW_C14_M04_SENS,112,11,9.333333333333334,l_SW_C14_M02_SENS_SW_C14_M03_ACT,L_ROR,3200,3312
l_SW_C15_CC_SW_C15_M01_ACT,5,5,0.005387931034482759,0,0.0,l_SW_C15_CC_SW_C15_M01_ACT,8,2,1.6,,L_ROR,3200,3208
l_SW_C15_CC_SW_C15_M04_SENS,4,4,0.004310344827586207,0,0.0,l_SW_C15_CC_SW_C15_M04_SENS,24,9,6.0,l_SW_C15_M02_SENS_SW_C15_M03_ACT,L_ROR,3200,3224
l_SW_C15_M01_ACT_SW_C15_M01_CTRL,8,8,0.008620689655172414,0,0.0,l_SW_C15_M01_ACT_SW_C15_M01_CTRL,68,11,8.5,l_SW_C15_M02_SENS_SW_C15_M03_ACT,L_ROR,3200,3268
l_SW_C15_M01_CTRL_SW_C15_M01_SENS,10,10,0.010775862068965518,0,0.0,l_SW_C15_M01_CTRL_SW_C15_M01_SENS,94,11,9.4,l_SW_C15_M02_SENS_SW_C15_M03_ACT,L_ROR,3200,3294
l_SW_C15_M01_SENS_SW_C15_M02_ACT,2,2,0.0021551724137931034,0,0.0,l_SW_C15_M01_SENS_SW_C15_M02_ACT,6,3,3.0,l_SW_C15_M02_SENS_SW_C15_M03_ACT,L_ROR,3200,3206
l_SW_C15_M02_ACT_SW_C15_M02_CTRL,6,6,0.00646551724137931,0,0.0,l_SW_C15_M02_ACT_SW_C15_M02_CTRL,50,11,8.333333333333334,l_SW_C15_M02_SENS_SW_C15_M03_ACT,L_ROR,3200,3250
l_SW_C15_M02_CTRL_SW_C15_M02_SENS,8,8,0.008620689655172414,0,0.0,l_SW_C15_M02_CTRL_SW_C15_M02_SENS,88,11,11.0,l_SW_C15_M02_SENS_SW_C15_M03_ACT,L_ROR,3200,3288
l_SW_C15_M03_ACT_SW_C15_M03_CTRL,4,4,0.004310344827586207,0,0.0,l_SW_C15_M03_ACT_SW_C15_M03_CTRL,44,11,11.0,l_SW_C15_M02_SENS_SW_C15_M03_ACT,L_ROR,3200,3244
l_SW_C15_M03_CTRL_SW_C15_M03_SENS,10,10,0.010775862068965518,0,0.0,l_SW_C15_M03_CTRL_SW_C15_M03_SENS,94,11,9.4,l_SW_C15_M02_SENS_SW_C15_M03_ACT,L_ROR,3200,3294
l_SW_C15_M03_SENS_SW_C15_M04_ACT,2,2,0.0021551724137931034,0,0.0,l_SW_C15_M03_SENS_SW_C15_M04_ACT,6,3,3.0,l_SW_C15_M02_SENS_SW_C15_M03_ACT,L_ROR,3200,3206
l_SW_C15_M04_ACT_SW_C15_M04_CTRL,6,6,0.00646551724137931,0,0.0,l_SW_C15_M04_ACT_SW_C15_M04_CTRL,50,11,8.333333333333334,l_SW_C15_M02_SENS_SW_C15_M03_ACT,L_ROR,3200,3250
l_SW_C15_M04_CTRL_SW_C15_M04_SENS,12,12,0.01293103448275862,0,0.0,l_SW_C15_M04_CTRL_SW_C15_M04_SENS,112,11,9.333333333333334,l_SW_C15_M02_SENS_SW_C15_M03_ACT,L_ROR,3200,3312
l_SW_C16_CC_SW_C16_M01_ACT,4,4,0.004310344827586207,0,0.0,l_SW_C16_CC_SW_C16_M01_ACT,8,2,2.0,l_SW_BB_C16_B_SW_C16_M01_ACT,L_ROR,3200,3208
l_SW_C16_CC_SW_C16_M04_SENS,4,4,0.004310344827586207,0,0.0,l_SW_C16_CC_SW_C16_M04_SENS,24,9,6.0,l_SW_C16_M02_SENS_SW_C16_M03_ACT,L_ROR,3200,3224
l_SW_C16_M01_ACT_SW_C16_M01_CTRL,8,8,0.008620689655172414,0,0.0,l_SW_C16_M01_ACT_SW_C16_M01_CTRL,68,11,8.5,l_SW_C16_M02_SENS_SW_C16_M03_ACT,L_ROR,3200,3268
l_SW_C16_M01_CTRL_SW_C16_M01_SENS,10,10,0.010775862068965518,0,0.0,l_SW_C16_M01_CTRL_SW_C16_M01_SENS,94,11,9.4,l_SW_C16_M02_SENS_SW_C16_M03_ACT,L_ROR,3200,3294
l_SW_C16_M01_SENS_SW_C16_M02_ACT,2,2,0.0021551724137931034,0,0.0,l_SW_C16_M01_SENS_SW_C16_M02_ACT,6,3,3.0,l_SW_C16_M02_SENS_SW_C16_M03_ACT,L_ROR,3200,3206
l_SW_C16_M02_ACT_SW_C16_M02_CTRL,6,6,0.00646551724137931,0,0.0,l_SW_C16_M02_ACT_SW_C16_M02_CTRL,50,11,8.333333333333334,l_SW_C16_M02_SENS_SW_C16_M03_ACT,L_ROR,3200,3250
l_SW_C16_M02_CTRL_SW_C16_M02_SENS,8,8,0.008620689655172414,0,0.0,l_SW_C16_M02_CTRL_SW_C16_M02_SENS,88,11,11.0,l_SW_C16_M02_SENS_SW_C16_M03_ACT,L_ROR,3200,3288
l_SW_C16_M03_ACT_SW_C16_M03_CTRL,4,4,0.004310344827586207,0,0.0,l_SW_C16_M03_ACT_SW_C16_M03_CTRL,44,11,11.0,l_SW_C16_M02_SENS_SW_C16_M03_ACT,L_ROR,3200,3244
l_SW_C16_M03_CTRL_SW_C16_M03_SENS,10,10,0.010775862068965518,0,0.0,l_SW_C16_M03_CTRL_SW_C16_M03_SENS,94,11,9.4,l_SW_C16_M02_SENS_SW_C16_M03_ACT,L_ROR,3200,3294
l_SW_C16_M03_SENS_SW_C16_M04_ACT,2,2,0.0021551724137931034,0,0.0,l_SW_C16_M03_SENS_SW_C16_M04_ACT,6,3,3.0,l_SW_C16_M02_SENS_SW_C16_M03_ACT,L_ROR,3200,3206
l_SW_C16_M04_ACT_SW_C16_M04_CTRL,6,6,0.00646551724137931,0,0.0,l_SW_C16_M04_ACT_SW_C16_M04_CTRL,50,11,8.333333333333334,l_SW_C16_M02_SENS_SW_C16_M03_ACT,L_ROR,3200,3250
l_SW_C16_M04_CTRL_SW_C16_M04_SENS,12,12,0.01293103448275862,0,0.0,l_SW_C16_M04_CTRL_SW_C16_M04_SENS,112,11,9.333333333333334,l_SW_C16_M02_SENS_SW_C16_M03_ACT,L_ROR,3200,3312
